MtlsdModel(
  (unet): UNet(
    (l_conv): ModuleList(
      (0): ConvPass(
        (conv_pass): Sequential(
          (0): Conv3d(1, 12, kernel_size=(3, 3, 3), stride=(1, 1, 1))
          (1): ReLU()
          (2): Conv3d(12, 12, kernel_size=(3, 3, 3), stride=(1, 1, 1))
          (3): ReLU()
        )
      )
      (1): ConvPass(
        (conv_pass): Sequential(
          (0): Conv3d(12, 60, kernel_size=(3, 3, 3), stride=(1, 1, 1))
          (1): ReLU()
          (2): Conv3d(60, 60, kernel_size=(3, 3, 3), stride=(1, 1, 1))
          (3): ReLU()
        )
      )
      (2): ConvPass(
        (conv_pass): Sequential(
          (0): Conv3d(60, 300, kernel_size=(3, 3, 3), stride=(1, 1, 1))
          (1): ReLU()
          (2): Conv3d(300, 300, kernel_size=(3, 3, 3), stride=(1, 1, 1))
          (3): ReLU()
        )
      )
      (3): ConvPass(
        (conv_pass): Sequential(
          (0): Conv3d(300, 1500, kernel_size=(3, 3, 3), stride=(1, 1, 1))
          (1): ReLU()
          (2): Conv3d(1500, 1500, kernel_size=(3, 3, 3), stride=(1, 1, 1))
          (3): ReLU()
        )
      )
    )
    (l_down): ModuleList(
      (0): Downsample(
        (down): MaxPool3d(kernel_size=[2, 2, 2], stride=[2, 2, 2], padding=0, dilation=1, ceil_mode=False)
      )
      (1): Downsample(
        (down): MaxPool3d(kernel_size=[2, 2, 2], stride=[2, 2, 2], padding=0, dilation=1, ceil_mode=False)
      )
      (2): Downsample(
        (down): MaxPool3d(kernel_size=[3, 3, 3], stride=[3, 3, 3], padding=0, dilation=1, ceil_mode=False)
      )
    )
    (r_up): ModuleList(
      (0): ModuleList(
        (0): Upsample(
          (up): ConvTranspose3d(60, 60, kernel_size=(2, 2, 2), stride=(2, 2, 2))
        )
        (1): Upsample(
          (up): ConvTranspose3d(300, 300, kernel_size=(2, 2, 2), stride=(2, 2, 2))
        )
        (2): Upsample(
          (up): ConvTranspose3d(1500, 1500, kernel_size=(3, 3, 3), stride=(3, 3, 3))
        )
      )
    )
    (r_conv): ModuleList(
      (0): ModuleList(
        (0): ConvPass(
          (conv_pass): Sequential(
            (0): Conv3d(72, 12, kernel_size=(3, 3, 3), stride=(1, 1, 1))
            (1): ReLU()
            (2): Conv3d(12, 12, kernel_size=(3, 3, 3), stride=(1, 1, 1))
            (3): ReLU()
          )
        )
        (1): ConvPass(
          (conv_pass): Sequential(
            (0): Conv3d(360, 60, kernel_size=(3, 3, 3), stride=(1, 1, 1))
            (1): ReLU()
            (2): Conv3d(60, 60, kernel_size=(3, 3, 3), stride=(1, 1, 1))
            (3): ReLU()
          )
        )
        (2): ConvPass(
          (conv_pass): Sequential(
            (0): Conv3d(1800, 300, kernel_size=(3, 3, 3), stride=(1, 1, 1))
            (1): ReLU()
            (2): Conv3d(300, 300, kernel_size=(3, 3, 3), stride=(1, 1, 1))
            (3): ReLU()
          )
        )
      )
    )
  )
  (lsd_head): ConvPass(
    (conv_pass): Sequential(
      (0): Conv3d(12, 10, kernel_size=(1, 1, 1), stride=(1, 1, 1))
      (1): Sigmoid()
    )
  )
  (aff_head): ConvPass(
    (conv_pass): Sequential(
      (0): Conv3d(12, 3, kernel_size=(1, 1, 1), stride=(1, 1, 1))
      (1): Sigmoid()
    )
  )
)
Model Parameters: 155.160M
Saving outputs to /media/samia/DATA/ark/lsd_outputs/MTLSD/3d/run-aclsd-together/model_checkpoint_300000/octo-s0-subroi_z1568-3136_y7840-9408_x10976-12544_difficultsoma.zarr
Recording block-done for octoS0SubroiZ15683136Y78409408X1097612544Difficultsoma_pred_affs/14 with read ROI [80:1648, 80:1648, 80:1648] (1568, 1568, 1568) and write ROI [576:1152, 576:1152, 576:1152] (576, 576, 576)
Recorded block-done for octoS0SubroiZ15683136Y78409408X1097612544Difficultsoma_pred_affs/14 with read ROI [80:1648, 80:1648, 80:1648] (1568, 1568, 1568) and write ROI [576:1152, 576:1152, 576:1152] (576, 576, 576)
Recording block-done for octoS0SubroiZ15683136Y78409408X1097612544Difficultsoma_pred_affs/290 with read ROI [80:1648, 80:1648, 4688:6256] (1568, 1568, 1568) and write ROI [576:1152, 576:1152, 5184:5760] (576, 576, 576)
Recorded block-done for octoS0SubroiZ15683136Y78409408X1097612544Difficultsoma_pred_affs/290 with read ROI [80:1648, 80:1648, 4688:6256] (1568, 1568, 1568) and write ROI [576:1152, 576:1152, 5184:5760] (576, 576, 576)
Recording block-done for octoS0SubroiZ15683136Y78409408X1097612544Difficultsoma_pred_affs/368 with read ROI [80:1648, 80:1648, 5264:6832] (1568, 1568, 1568) and write ROI [576:1152, 576:1152, 5760:6336] (576, 576, 576)
Recorded block-done for octoS0SubroiZ15683136Y78409408X1097612544Difficultsoma_pred_affs/368 with read ROI [80:1648, 80:1648, 5264:6832] (1568, 1568, 1568) and write ROI [576:1152, 576:1152, 5760:6336] (576, 576, 576)
Recording block-done for octoS0SubroiZ15683136Y78409408X1097612544Difficultsoma_pred_affs/1775 with read ROI [80:1648, 80:1648, 10448:12016] (1568, 1568, 1568) and write ROI [576:1152, 576:1152, 10944:11520] (576, 576, 576)
Recorded block-done for octoS0SubroiZ15683136Y78409408X1097612544Difficultsoma_pred_affs/1775 with read ROI [80:1648, 80:1648, 10448:12016] (1568, 1568, 1568) and write ROI [576:1152, 576:1152, 10944:11520] (576, 576, 576)
Recording block-done for octoS0SubroiZ15683136Y78409408X1097612544Difficultsoma_pred_affs/973 with read ROI [80:1648, 80:1648, 8144:9712] (1568, 1568, 1568) and write ROI [576:1152, 576:1152, 8640:9216] (576, 576, 576)
Recorded block-done for octoS0SubroiZ15683136Y78409408X1097612544Difficultsoma_pred_affs/973 with read ROI [80:1648, 80:1648, 8144:9712] (1568, 1568, 1568) and write ROI [576:1152, 576:1152, 8640:9216] (576, 576, 576)
Recording block-done for octoS0SubroiZ15683136Y78409408X1097612544Difficultsoma_pred_affs/687 with read ROI [80:1648, 656:2224, 6416:7984] (1568, 1568, 1568) and write ROI [576:1152, 1152:1728, 6912:7488] (576, 576, 576)
Recorded block-done for octoS0SubroiZ15683136Y78409408X1097612544Difficultsoma_pred_affs/687 with read ROI [80:1648, 656:2224, 6416:7984] (1568, 1568, 1568) and write ROI [576:1152, 1152:1728, 6912:7488] (576, 576, 576)
Recording block-done for octoS0SubroiZ15683136Y78409408X1097612544Difficultsoma_pred_affs/567 with read ROI [80:1648, 656:2224, 5840:7408] (1568, 1568, 1568) and write ROI [576:1152, 1152:1728, 6336:6912] (576, 576, 576)
Recorded block-done for octoS0SubroiZ15683136Y78409408X1097612544Difficultsoma_pred_affs/567 with read ROI [80:1648, 656:2224, 5840:7408] (1568, 1568, 1568) and write ROI [576:1152, 1152:1728, 6336:6912] (576, 576, 576)
Recording block-done for octoS0SubroiZ15683136Y78409408X1097612544Difficultsoma_pred_affs/976 with read ROI [80:1648, 656:2224, 7568:9136] (1568, 1568, 1568) and write ROI [576:1152, 1152:1728, 8064:8640] (576, 576, 576)
Recorded block-done for octoS0SubroiZ15683136Y78409408X1097612544Difficultsoma_pred_affs/976 with read ROI [80:1648, 656:2224, 7568:9136] (1568, 1568, 1568) and write ROI [576:1152, 1152:1728, 8064:8640] (576, 576, 576)
Recording block-done for octoS0SubroiZ15683136Y78409408X1097612544Difficultsoma_pred_affs/1147 with read ROI [80:1648, 656:2224, 8144:9712] (1568, 1568, 1568) and write ROI [576:1152, 1152:1728, 8640:9216] (576, 576, 576)
Recorded block-done for octoS0SubroiZ15683136Y78409408X1097612544Difficultsoma_pred_affs/1147 with read ROI [80:1648, 656:2224, 8144:9712] (1568, 1568, 1568) and write ROI [576:1152, 1152:1728, 8640:9216] (576, 576, 576)
Recording block-done for octoS0SubroiZ15683136Y78409408X1097612544Difficultsoma_pred_affs/1551 with read ROI [80:1648, 1232:2800, 8720:10288] (1568, 1568, 1568) and write ROI [576:1152, 1728:2304, 9216:9792] (576, 576, 576)
Recorded block-done for octoS0SubroiZ15683136Y78409408X1097612544Difficultsoma_pred_affs/1551 with read ROI [80:1648, 1232:2800, 8720:10288] (1568, 1568, 1568) and write ROI [576:1152, 1728:2304, 9216:9792] (576, 576, 576)
Recording block-done for octoS0SubroiZ15683136Y78409408X1097612544Difficultsoma_pred_affs/1782 with read ROI [80:1648, 1232:2800, 9296:10864] (1568, 1568, 1568) and write ROI [576:1152, 1728:2304, 9792:10368] (576, 576, 576)
Recorded block-done for octoS0SubroiZ15683136Y78409408X1097612544Difficultsoma_pred_affs/1782 with read ROI [80:1648, 1232:2800, 9296:10864] (1568, 1568, 1568) and write ROI [576:1152, 1728:2304, 9792:10368] (576, 576, 576)
Recording block-done for octoS0SubroiZ15683136Y78409408X1097612544Difficultsoma_pred_affs/2035 with read ROI [80:1648, 1232:2800, 9872:11440] (1568, 1568, 1568) and write ROI [576:1152, 1728:2304, 10368:10944] (576, 576, 576)
Recorded block-done for octoS0SubroiZ15683136Y78409408X1097612544Difficultsoma_pred_affs/2035 with read ROI [80:1648, 1232:2800, 9872:11440] (1568, 1568, 1568) and write ROI [576:1152, 1728:2304, 10368:10944] (576, 576, 576)
Recording block-done for octoS0SubroiZ15683136Y78409408X1097612544Difficultsoma_pred_affs/136 with read ROI [80:1648, 1808:3376, 1232:2800] (1568, 1568, 1568) and write ROI [576:1152, 2304:2880, 1728:2304] (576, 576, 576)
Recorded block-done for octoS0SubroiZ15683136Y78409408X1097612544Difficultsoma_pred_affs/136 with read ROI [80:1648, 1808:3376, 1232:2800] (1568, 1568, 1568) and write ROI [576:1152, 2304:2880, 1728:2304] (576, 576, 576)
Recording block-done for octoS0SubroiZ15683136Y78409408X1097612544Difficultsoma_pred_affs/380 with read ROI [80:1648, 1808:3376, 3536:5104] (1568, 1568, 1568) and write ROI [576:1152, 2304:2880, 4032:4608] (576, 576, 576)
Recorded block-done for octoS0SubroiZ15683136Y78409408X1097612544Difficultsoma_pred_affs/380 with read ROI [80:1648, 1808:3376, 3536:5104] (1568, 1568, 1568) and write ROI [576:1152, 2304:2880, 4032:4608] (576, 576, 576)
Recording block-done for octoS0SubroiZ15683136Y78409408X1097612544Difficultsoma_pred_affs/187 with read ROI [80:1648, 2384:3952, 1232:2800] (1568, 1568, 1568) and write ROI [576:1152, 2880:3456, 1728:2304] (576, 576, 576)
Recorded block-done for octoS0SubroiZ15683136Y78409408X1097612544Difficultsoma_pred_affs/187 with read ROI [80:1648, 2384:3952, 1232:2800] (1568, 1568, 1568) and write ROI [576:1152, 2880:3456, 1728:2304] (576, 576, 576)
Recording block-done for octoS0SubroiZ15683136Y78409408X1097612544Difficultsoma_pred_affs/308 with read ROI [80:1648, 2384:3952, 2384:3952] (1568, 1568, 1568) and write ROI [576:1152, 2880:3456, 2880:3456] (576, 576, 576)
Recorded block-done for octoS0SubroiZ15683136Y78409408X1097612544Difficultsoma_pred_affs/308 with read ROI [80:1648, 2384:3952, 2384:3952] (1568, 1568, 1568) and write ROI [576:1152, 2880:3456, 2880:3456] (576, 576, 576)
Recording block-done for octoS0SubroiZ15683136Y78409408X1097612544Difficultsoma_pred_affs/702 with read ROI [80:1648, 2384:3952, 4688:6256] (1568, 1568, 1568) and write ROI [576:1152, 2880:3456, 5184:5760] (576, 576, 576)
Recorded block-done for octoS0SubroiZ15683136Y78409408X1097612544Difficultsoma_pred_affs/702 with read ROI [80:1648, 2384:3952, 4688:6256] (1568, 1568, 1568) and write ROI [576:1152, 2880:3456, 5184:5760] (576, 576, 576)
Recording block-done for octoS0SubroiZ15683136Y78409408X1097612544Difficultsoma_pred_affs/386 with read ROI [80:1648, 2384:3952, 2960:4528] (1568, 1568, 1568) and write ROI [576:1152, 2880:3456, 3456:4032] (576, 576, 576)
Recorded block-done for octoS0SubroiZ15683136Y78409408X1097612544Difficultsoma_pred_affs/386 with read ROI [80:1648, 2384:3952, 2960:4528] (1568, 1568, 1568) and write ROI [576:1152, 2880:3456, 3456:4032] (576, 576, 576)
Recording block-done for octoS0SubroiZ15683136Y78409408X1097612544Difficultsoma_pred_affs/1162 with read ROI [80:1648, 2384:3952, 6416:7984] (1568, 1568, 1568) and write ROI [576:1152, 2880:3456, 6912:7488] (576, 576, 576)
Recorded block-done for octoS0SubroiZ15683136Y78409408X1097612544Difficultsoma_pred_affs/1162 with read ROI [80:1648, 2384:3952, 6416:7984] (1568, 1568, 1568) and write ROI [576:1152, 2880:3456, 6912:7488] (576, 576, 576)
Recording block-done for octoS0SubroiZ15683136Y78409408X1097612544Difficultsoma_pred_affs/709 with read ROI [80:1648, 2960:4528, 4112:5680] (1568, 1568, 1568) and write ROI [576:1152, 3456:4032, 4608:5184] (576, 576, 576)
Recorded block-done for octoS0SubroiZ15683136Y78409408X1097612544Difficultsoma_pred_affs/709 with read ROI [80:1648, 2960:4528, 4112:5680] (1568, 1568, 1568) and write ROI [576:1152, 3456:4032, 4608:5184] (576, 576, 576)
Recording block-done for octoS0SubroiZ15683136Y78409408X1097612544Difficultsoma_pred_affs/1359 with read ROI [80:1648, 2960:4528, 6416:7984] (1568, 1568, 1568) and write ROI [576:1152, 3456:4032, 6912:7488] (576, 576, 576)
Recorded block-done for octoS0SubroiZ15683136Y78409408X1097612544Difficultsoma_pred_affs/1359 with read ROI [80:1648, 2960:4528, 6416:7984] (1568, 1568, 1568) and write ROI [576:1152, 3456:4032, 6912:7488] (576, 576, 576)
Recording block-done for octoS0SubroiZ15683136Y78409408X1097612544Difficultsoma_pred_affs/2629 with read ROI [80:1648, 2960:4528, 9296:10864] (1568, 1568, 1568) and write ROI [576:1152, 3456:4032, 9792:10368] (576, 576, 576)
Recorded block-done for octoS0SubroiZ15683136Y78409408X1097612544Difficultsoma_pred_affs/2629 with read ROI [80:1648, 2960:4528, 9296:10864] (1568, 1568, 1568) and write ROI [576:1152, 3456:4032, 9792:10368] (576, 576, 576)
Recording block-done for octoS0SubroiZ15683136Y78409408X1097612544Difficultsoma_pred_affs/202 with read ROI [80:1648, 3536:5104, 80:1648] (1568, 1568, 1568) and write ROI [576:1152, 4032:4608, 576:1152] (576, 576, 576)
Recorded block-done for octoS0SubroiZ15683136Y78409408X1097612544Difficultsoma_pred_affs/202 with read ROI [80:1648, 3536:5104, 80:1648] (1568, 1568, 1568) and write ROI [576:1152, 4032:4608, 576:1152] (576, 576, 576)
Recording block-done for octoS0SubroiZ15683136Y78409408X1097612544Difficultsoma_pred_affs/2637 with read ROI [80:1648, 3536:5104, 8720:10288] (1568, 1568, 1568) and write ROI [576:1152, 4032:4608, 9216:9792] (576, 576, 576)
Recorded block-done for octoS0SubroiZ15683136Y78409408X1097612544Difficultsoma_pred_affs/2637 with read ROI [80:1648, 3536:5104, 8720:10288] (1568, 1568, 1568) and write ROI [576:1152, 4032:4608, 9216:9792] (576, 576, 576)
Recording block-done for octoS0SubroiZ15683136Y78409408X1097612544Difficultsoma_pred_affs/266 with read ROI [80:1648, 4112:5680, 80:1648] (1568, 1568, 1568) and write ROI [576:1152, 4608:5184, 576:1152] (576, 576, 576)
Recorded block-done for octoS0SubroiZ15683136Y78409408X1097612544Difficultsoma_pred_affs/266 with read ROI [80:1648, 4112:5680, 80:1648] (1568, 1568, 1568) and write ROI [576:1152, 4608:5184, 576:1152] (576, 576, 576)
Recording block-done for octoS0SubroiZ15683136Y78409408X1097612544Difficultsoma_pred_affs/3313 with read ROI [80:1648, 3536:5104, 9872:11440] (1568, 1568, 1568) and write ROI [576:1152, 4032:4608, 10368:10944] (576, 576, 576)
Recorded block-done for octoS0SubroiZ15683136Y78409408X1097612544Difficultsoma_pred_affs/3313 with read ROI [80:1648, 3536:5104, 9872:11440] (1568, 1568, 1568) and write ROI [576:1152, 4032:4608, 10368:10944] (576, 576, 576)
Recording block-done for octoS0SubroiZ15683136Y78409408X1097612544Difficultsoma_pred_affs/2061 with read ROI [80:1648, 3536:5104, 7568:9136] (1568, 1568, 1568) and write ROI [576:1152, 4032:4608, 8064:8640] (576, 576, 576)
Recorded block-done for octoS0SubroiZ15683136Y78409408X1097612544Difficultsoma_pred_affs/2061 with read ROI [80:1648, 3536:5104, 7568:9136] (1568, 1568, 1568) and write ROI [576:1152, 4032:4608, 8064:8640] (576, 576, 576)
Recording block-done for octoS0SubroiZ15683136Y78409408X1097612544Difficultsoma_pred_affs/616 with read ROI [80:1648, 4688:6256, 1808:3376] (1568, 1568, 1568) and write ROI [576:1152, 5184:5760, 2304:2880] (576, 576, 576)
Recorded block-done for octoS0SubroiZ15683136Y78409408X1097612544Difficultsoma_pred_affs/616 with read ROI [80:1648, 4688:6256, 1808:3376] (1568, 1568, 1568) and write ROI [576:1152, 5184:5760, 2304:2880] (576, 576, 576)
Recording block-done for octoS0SubroiZ15683136Y78409408X1097612544Difficultsoma_pred_affs/3710 with read ROI [80:1648, 4688:6256, 9296:10864] (1568, 1568, 1568) and write ROI [576:1152, 5184:5760, 9792:10368] (576, 576, 576)
Recorded block-done for octoS0SubroiZ15683136Y78409408X1097612544Difficultsoma_pred_affs/3710 with read ROI [80:1648, 4688:6256, 9296:10864] (1568, 1568, 1568) and write ROI [576:1152, 5184:5760, 9792:10368] (576, 576, 576)
Recording block-done for octoS0SubroiZ15683136Y78409408X1097612544Difficultsoma_pred_affs/1196 with read ROI [80:1648, 4688:6256, 4112:5680] (1568, 1568, 1568) and write ROI [576:1152, 5184:5760, 4608:5184] (576, 576, 576)
Recorded block-done for octoS0SubroiZ15683136Y78409408X1097612544Difficultsoma_pred_affs/1196 with read ROI [80:1648, 4688:6256, 4112:5680] (1568, 1568, 1568) and write ROI [576:1152, 5184:5760, 4608:5184] (576, 576, 576)
Recording block-done for octoS0SubroiZ15683136Y78409408X1097612544Difficultsoma_pred_affs/522 with read ROI [80:1648, 5264:6832, 656:2224] (1568, 1568, 1568) and write ROI [576:1152, 5760:6336, 1152:1728] (576, 576, 576)
Recorded block-done for octoS0SubroiZ15683136Y78409408X1097612544Difficultsoma_pred_affs/522 with read ROI [80:1648, 5264:6832, 656:2224] (1568, 1568, 1568) and write ROI [576:1152, 5760:6336, 1152:1728] (576, 576, 576)
Recording block-done for octoS0SubroiZ15683136Y78409408X1097612544Difficultsoma_pred_affs/1207 with read ROI [80:1648, 5264:6832, 3536:5104] (1568, 1568, 1568) and write ROI [576:1152, 5760:6336, 4032:4608] (576, 576, 576)
Recorded block-done for octoS0SubroiZ15683136Y78409408X1097612544Difficultsoma_pred_affs/1207 with read ROI [80:1648, 5264:6832, 3536:5104] (1568, 1568, 1568) and write ROI [576:1152, 5760:6336, 4032:4608] (576, 576, 576)
Recording block-done for octoS0SubroiZ15683136Y78409408X1097612544Difficultsoma_pred_affs/2367 with read ROI [80:1648, 5264:6832, 6416:7984] (1568, 1568, 1568) and write ROI [576:1152, 5760:6336, 6912:7488] (576, 576, 576)
Recorded block-done for octoS0SubroiZ15683136Y78409408X1097612544Difficultsoma_pred_affs/2367 with read ROI [80:1648, 5264:6832, 6416:7984] (1568, 1568, 1568) and write ROI [576:1152, 5760:6336, 6912:7488] (576, 576, 576)
Recording block-done for octoS0SubroiZ15683136Y78409408X1097612544Difficultsoma_pred_affs/5027 with read ROI [80:1648, 5264:6832, 10448:12016] (1568, 1568, 1568) and write ROI [576:1152, 5760:6336, 10944:11520] (576, 576, 576)
Recorded block-done for octoS0SubroiZ15683136Y78409408X1097612544Difficultsoma_pred_affs/5027 with read ROI [80:1648, 5264:6832, 10448:12016] (1568, 1568, 1568) and write ROI [576:1152, 5760:6336, 10944:11520] (576, 576, 576)
Recording block-done for octoS0SubroiZ15683136Y78409408X1097612544Difficultsoma_pred_affs/2992 with read ROI [80:1648, 5264:6832, 7568:9136] (1568, 1568, 1568) and write ROI [576:1152, 5760:6336, 8064:8640] (576, 576, 576)
Recorded block-done for octoS0SubroiZ15683136Y78409408X1097612544Difficultsoma_pred_affs/2992 with read ROI [80:1648, 5264:6832, 7568:9136] (1568, 1568, 1568) and write ROI [576:1152, 5760:6336, 8064:8640] (576, 576, 576)
Recording block-done for octoS0SubroiZ15683136Y78409408X1097612544Difficultsoma_pred_affs/639 with read ROI [80:1648, 5840:7408, 656:2224] (1568, 1568, 1568) and write ROI [576:1152, 6336:6912, 1152:1728] (576, 576, 576)
Recorded block-done for octoS0SubroiZ15683136Y78409408X1097612544Difficultsoma_pred_affs/639 with read ROI [80:1648, 5840:7408, 656:2224] (1568, 1568, 1568) and write ROI [576:1152, 6336:6912, 1152:1728] (576, 576, 576)
Recording block-done for octoS0SubroiZ15683136Y78409408X1097612544Difficultsoma_pred_affs/2379 with read ROI [80:1648, 5840:7408, 5840:7408] (1568, 1568, 1568) and write ROI [576:1152, 6336:6912, 6336:6912] (576, 576, 576)
Recorded block-done for octoS0SubroiZ15683136Y78409408X1097612544Difficultsoma_pred_affs/2379 with read ROI [80:1648, 5840:7408, 5840:7408] (1568, 1568, 1568) and write ROI [576:1152, 6336:6912, 6336:6912] (576, 576, 576)
Recording block-done for octoS0SubroiZ15683136Y78409408X1097612544Difficultsoma_pred_affs/5535 with read ROI [80:1648, 5840:7408, 10448:12016] (1568, 1568, 1568) and write ROI [576:1152, 6336:6912, 10944:11520] (576, 576, 576)
Recorded block-done for octoS0SubroiZ15683136Y78409408X1097612544Difficultsoma_pred_affs/5535 with read ROI [80:1648, 5840:7408, 10448:12016] (1568, 1568, 1568) and write ROI [576:1152, 6336:6912, 10944:11520] (576, 576, 576)
Recording block-done for octoS0SubroiZ15683136Y78409408X1097612544Difficultsoma_pred_affs/1061 with read ROI [80:1648, 6416:7984, 1808:3376] (1568, 1568, 1568) and write ROI [576:1152, 6912:7488, 2304:2880] (576, 576, 576)
Recorded block-done for octoS0SubroiZ15683136Y78409408X1097612544Difficultsoma_pred_affs/1061 with read ROI [80:1648, 6416:7984, 1808:3376] (1568, 1568, 1568) and write ROI [576:1152, 6912:7488, 2304:2880] (576, 576, 576)
Recording block-done for octoS0SubroiZ15683136Y78409408X1097612544Difficultsoma_pred_affs/908 with read ROI [80:1648, 6416:7984, 1232:2800] (1568, 1568, 1568) and write ROI [576:1152, 6912:7488, 1728:2304] (576, 576, 576)
Recorded block-done for octoS0SubroiZ15683136Y78409408X1097612544Difficultsoma_pred_affs/908 with read ROI [80:1648, 6416:7984, 1232:2800] (1568, 1568, 1568) and write ROI [576:1152, 6912:7488, 1728:2304] (576, 576, 576)
Recording block-done for octoS0SubroiZ15683136Y78409408X1097612544Difficultsoma_pred_affs/2116 with read ROI [80:1648, 6416:7984, 4688:6256] (1568, 1568, 1568) and write ROI [576:1152, 6912:7488, 5184:5760] (576, 576, 576)
Recorded block-done for octoS0SubroiZ15683136Y78409408X1097612544Difficultsoma_pred_affs/2116 with read ROI [80:1648, 6416:7984, 4688:6256] (1568, 1568, 1568) and write ROI [576:1152, 6912:7488, 5184:5760] (576, 576, 576)
Recording block-done for octoS0SubroiZ15683136Y78409408X1097612544Difficultsoma_pred_affs/3368 with read ROI [80:1648, 6416:7984, 6992:8560] (1568, 1568, 1568) and write ROI [576:1152, 6912:7488, 7488:8064] (576, 576, 576)
Recorded block-done for octoS0SubroiZ15683136Y78409408X1097612544Difficultsoma_pred_affs/3368 with read ROI [80:1648, 6416:7984, 6992:8560] (1568, 1568, 1568) and write ROI [576:1152, 6912:7488, 7488:8064] (576, 576, 576)
Recording block-done for octoS0SubroiZ15683136Y78409408X1097612544Difficultsoma_pred_affs/1436 with read ROI [80:1648, 6992:8560, 2384:3952] (1568, 1568, 1568) and write ROI [576:1152, 7488:8064, 2880:3456] (576, 576, 576)
Recorded block-done for octoS0SubroiZ15683136Y78409408X1097612544Difficultsoma_pred_affs/1436 with read ROI [80:1648, 6992:8560, 2384:3952] (1568, 1568, 1568) and write ROI [576:1152, 7488:8064, 2880:3456] (576, 576, 576)
Recording block-done for octoS0SubroiZ15683136Y78409408X1097612544Difficultsoma_pred_affs/3031 with read ROI [80:1648, 6992:8560, 5840:7408] (1568, 1568, 1568) and write ROI [576:1152, 7488:8064, 6336:6912] (576, 576, 576)
Recorded block-done for octoS0SubroiZ15683136Y78409408X1097612544Difficultsoma_pred_affs/3031 with read ROI [80:1648, 6992:8560, 5840:7408] (1568, 1568, 1568) and write ROI [576:1152, 7488:8064, 6336:6912] (576, 576, 576)
Recording block-done for octoS0SubroiZ15683136Y78409408X1097612544Difficultsoma_pred_affs/5066 with read ROI [80:1648, 6992:8560, 8720:10288] (1568, 1568, 1568) and write ROI [576:1152, 7488:8064, 9216:9792] (576, 576, 576)
Recorded block-done for octoS0SubroiZ15683136Y78409408X1097612544Difficultsoma_pred_affs/5066 with read ROI [80:1648, 6992:8560, 8720:10288] (1568, 1568, 1568) and write ROI [576:1152, 7488:8064, 9216:9792] (576, 576, 576)
Recording block-done for octoS0SubroiZ15683136Y78409408X1097612544Difficultsoma_pred_affs/6651 with read ROI [80:1648, 6992:8560, 10448:12016] (1568, 1568, 1568) and write ROI [576:1152, 7488:8064, 10944:11520] (576, 576, 576)
Recorded block-done for octoS0SubroiZ15683136Y78409408X1097612544Difficultsoma_pred_affs/6651 with read ROI [80:1648, 6992:8560, 10448:12016] (1568, 1568, 1568) and write ROI [576:1152, 7488:8064, 10944:11520] (576, 576, 576)
Recording block-done for octoS0SubroiZ15683136Y78409408X1097612544Difficultsoma_pred_affs/3775 with read ROI [80:1648, 7568:9136, 6416:7984] (1568, 1568, 1568) and write ROI [576:1152, 8064:8640, 6912:7488] (576, 576, 576)
Recorded block-done for octoS0SubroiZ15683136Y78409408X1097612544Difficultsoma_pred_affs/3775 with read ROI [80:1648, 7568:9136, 6416:7984] (1568, 1568, 1568) and write ROI [576:1152, 8064:8640, 6912:7488] (576, 576, 576)
Recording block-done for octoS0SubroiZ15683136Y78409408X1097612544Difficultsoma_pred_affs/1467 with read ROI [80:1648, 8144:9712, 1232:2800] (1568, 1568, 1568) and write ROI [576:1152, 8640:9216, 1728:2304] (576, 576, 576)
Recorded block-done for octoS0SubroiZ15683136Y78409408X1097612544Difficultsoma_pred_affs/1467 with read ROI [80:1648, 8144:9712, 1232:2800] (1568, 1568, 1568) and write ROI [576:1152, 8640:9216, 1728:2304] (576, 576, 576)
Recording block-done for octoS0SubroiZ15683136Y78409408X1097612544Difficultsoma_pred_affs/4181 with read ROI [80:1648, 7568:9136, 6992:8560] (1568, 1568, 1568) and write ROI [576:1152, 8064:8640, 7488:8064] (576, 576, 576)
Recorded block-done for octoS0SubroiZ15683136Y78409408X1097612544Difficultsoma_pred_affs/4181 with read ROI [80:1648, 7568:9136, 6992:8560] (1568, 1568, 1568) and write ROI [576:1152, 8064:8640, 7488:8064] (576, 576, 576)
Recording block-done for octoS0SubroiZ15683136Y78409408X1097612544Difficultsoma_pred_affs/1908 with read ROI [80:1648, 8144:9712, 2384:3952] (1568, 1568, 1568) and write ROI [576:1152, 8640:9216, 2880:3456] (576, 576, 576)
Recorded block-done for octoS0SubroiZ15683136Y78409408X1097612544Difficultsoma_pred_affs/1908 with read ROI [80:1648, 8144:9712, 2384:3952] (1568, 1568, 1568) and write ROI [576:1152, 8640:9216, 2880:3456] (576, 576, 576)
Recording block-done for octoS0SubroiZ15683136Y78409408X1097612544Difficultsoma_pred_affs/6682 with read ROI [80:1648, 8144:9712, 9296:10864] (1568, 1568, 1568) and write ROI [576:1152, 8640:9216, 9792:10368] (576, 576, 576)
Recorded block-done for octoS0SubroiZ15683136Y78409408X1097612544Difficultsoma_pred_affs/6682 with read ROI [80:1648, 8144:9712, 9296:10864] (1568, 1568, 1568) and write ROI [576:1152, 8640:9216, 9792:10368] (576, 576, 576)
Recording block-done for octoS0SubroiZ15683136Y78409408X1097612544Difficultsoma_pred_affs/5593 with read ROI [80:1648, 8144:9712, 8144:9712] (1568, 1568, 1568) and write ROI [576:1152, 8640:9216, 8640:9216] (576, 576, 576)
Recorded block-done for octoS0SubroiZ15683136Y78409408X1097612544Difficultsoma_pred_affs/5593 with read ROI [80:1648, 8144:9712, 8144:9712] (1568, 1568, 1568) and write ROI [576:1152, 8640:9216, 8640:9216] (576, 576, 576)
Recording block-done for octoS0SubroiZ15683136Y78409408X1097612544Difficultsoma_pred_affs/3808 with read ROI [80:1648, 8720:10288, 5264:6832] (1568, 1568, 1568) and write ROI [576:1152, 9216:9792, 5760:6336] (576, 576, 576)
Recorded block-done for octoS0SubroiZ15683136Y78409408X1097612544Difficultsoma_pred_affs/3808 with read ROI [80:1648, 8720:10288, 5264:6832] (1568, 1568, 1568) and write ROI [576:1152, 9216:9792, 5760:6336] (576, 576, 576)
Recording block-done for octoS0SubroiZ15683136Y78409408X1097612544Difficultsoma_pred_affs/5114 with read ROI [80:1648, 8720:10288, 6992:8560] (1568, 1568, 1568) and write ROI [576:1152, 9216:9792, 7488:8064] (576, 576, 576)
Recorded block-done for octoS0SubroiZ15683136Y78409408X1097612544Difficultsoma_pred_affs/5114 with read ROI [80:1648, 8720:10288, 6992:8560] (1568, 1568, 1568) and write ROI [576:1152, 9216:9792, 7488:8064] (576, 576, 576)
Recording block-done for octoS0SubroiZ15683136Y78409408X1097612544Difficultsoma_pred_affs/3448 with read ROI [80:1648, 9296:10864, 4112:5680] (1568, 1568, 1568) and write ROI [576:1152, 9792:10368, 4608:5184] (576, 576, 576)
Recorded block-done for octoS0SubroiZ15683136Y78409408X1097612544Difficultsoma_pred_affs/3448 with read ROI [80:1648, 9296:10864, 4112:5680] (1568, 1568, 1568) and write ROI [576:1152, 9792:10368, 4608:5184] (576, 576, 576)
Recording block-done for octoS0SubroiZ15683136Y78409408X1097612544Difficultsoma_pred_affs/3826 with read ROI [80:1648, 9296:10864, 4688:6256] (1568, 1568, 1568) and write ROI [576:1152, 9792:10368, 5184:5760] (576, 576, 576)
Recorded block-done for octoS0SubroiZ15683136Y78409408X1097612544Difficultsoma_pred_affs/3826 with read ROI [80:1648, 9296:10864, 4688:6256] (1568, 1568, 1568) and write ROI [576:1152, 9792:10368, 5184:5760] (576, 576, 576)
Recording block-done for octoS0SubroiZ15683136Y78409408X1097612544Difficultsoma_pred_affs/7312 with read ROI [80:1648, 9296:10864, 8720:10288] (1568, 1568, 1568) and write ROI [576:1152, 9792:10368, 9216:9792] (576, 576, 576)
Recorded block-done for octoS0SubroiZ15683136Y78409408X1097612544Difficultsoma_pred_affs/7312 with read ROI [80:1648, 9296:10864, 8720:10288] (1568, 1568, 1568) and write ROI [576:1152, 9792:10368, 9216:9792] (576, 576, 576)
Recording block-done for octoS0SubroiZ15683136Y78409408X1097612544Difficultsoma_pred_affs/1962 with read ROI [80:1648, 9872:11440, 656:2224] (1568, 1568, 1568) and write ROI [576:1152, 10368:10944, 1152:1728] (576, 576, 576)
Recorded block-done for octoS0SubroiZ15683136Y78409408X1097612544Difficultsoma_pred_affs/1962 with read ROI [80:1648, 9872:11440, 656:2224] (1568, 1568, 1568) and write ROI [576:1152, 10368:10944, 1152:1728] (576, 576, 576)
Recording block-done for octoS0SubroiZ15683136Y78409408X1097612544Difficultsoma_pred_affs/8627 with read ROI [80:1648, 9872:11440, 9296:10864] (1568, 1568, 1568) and write ROI [576:1152, 10368:10944, 9792:10368] (576, 576, 576)
Recorded block-done for octoS0SubroiZ15683136Y78409408X1097612544Difficultsoma_pred_affs/8627 with read ROI [80:1648, 9872:11440, 9296:10864] (1568, 1568, 1568) and write ROI [576:1152, 10368:10944, 9792:10368] (576, 576, 576)
Recording block-done for octoS0SubroiZ15683136Y78409408X1097612544Difficultsoma_pred_affs/6175 with read ROI [80:1648, 9872:11440, 6992:8560] (1568, 1568, 1568) and write ROI [576:1152, 10368:10944, 7488:8064] (576, 576, 576)
Recorded block-done for octoS0SubroiZ15683136Y78409408X1097612544Difficultsoma_pred_affs/6175 with read ROI [80:1648, 9872:11440, 6992:8560] (1568, 1568, 1568) and write ROI [576:1152, 10368:10944, 7488:8064] (576, 576, 576)
Recording block-done for octoS0SubroiZ15683136Y78409408X1097612544Difficultsoma_pred_affs/2235 with read ROI [80:1648, 10448:12016, 656:2224] (1568, 1568, 1568) and write ROI [576:1152, 10944:11520, 1152:1728] (576, 576, 576)
Recorded block-done for octoS0SubroiZ15683136Y78409408X1097612544Difficultsoma_pred_affs/2235 with read ROI [80:1648, 10448:12016, 656:2224] (1568, 1568, 1568) and write ROI [576:1152, 10944:11520, 1152:1728] (576, 576, 576)
Recording block-done for octoS0SubroiZ15683136Y78409408X1097612544Difficultsoma_pred_affs/3865 with read ROI [80:1648, 10448:12016, 3536:5104] (1568, 1568, 1568) and write ROI [576:1152, 10944:11520, 4032:4608] (576, 576, 576)
Recorded block-done for octoS0SubroiZ15683136Y78409408X1097612544Difficultsoma_pred_affs/3865 with read ROI [80:1648, 10448:12016, 3536:5104] (1568, 1568, 1568) and write ROI [576:1152, 10944:11520, 4032:4608] (576, 576, 576)
Recording block-done for octoS0SubroiZ15683136Y78409408X1097612544Difficultsoma_pred_affs/10871 with read ROI [80:1648, 10448:12016, 10448:12016] (1568, 1568, 1568) and write ROI [576:1152, 10944:11520, 10944:11520] (576, 576, 576)
Recorded block-done for octoS0SubroiZ15683136Y78409408X1097612544Difficultsoma_pred_affs/10871 with read ROI [80:1648, 10448:12016, 10448:12016] (1568, 1568, 1568) and write ROI [576:1152, 10944:11520, 10944:11520] (576, 576, 576)
Recording block-done for octoS0SubroiZ15683136Y78409408X1097612544Difficultsoma_pred_affs/64 with read ROI [656:2224, 80:1648, 1232:2800] (1568, 1568, 1568) and write ROI [1152:1728, 576:1152, 1728:2304] (576, 576, 576)
Recorded block-done for octoS0SubroiZ15683136Y78409408X1097612544Difficultsoma_pred_affs/64 with read ROI [656:2224, 80:1648, 1232:2800] (1568, 1568, 1568) and write ROI [1152:1728, 576:1152, 1728:2304] (576, 576, 576)
Recording block-done for octoS0SubroiZ15683136Y78409408X1097612544Difficultsoma_pred_affs/132 with read ROI [656:2224, 656:2224, 1808:3376] (1568, 1568, 1568) and write ROI [1152:1728, 1152:1728, 2304:2880] (576, 576, 576)
Recorded block-done for octoS0SubroiZ15683136Y78409408X1097612544Difficultsoma_pred_affs/132 with read ROI [656:2224, 656:2224, 1808:3376] (1568, 1568, 1568) and write ROI [1152:1728, 1152:1728, 2304:2880] (576, 576, 576)
Recording block-done for octoS0SubroiZ15683136Y78409408X1097612544Difficultsoma_pred_affs/1779 with read ROI [656:2224, 80:1648, 9872:11440] (1568, 1568, 1568) and write ROI [1152:1728, 576:1152, 10368:10944] (576, 576, 576)
Recorded block-done for octoS0SubroiZ15683136Y78409408X1097612544Difficultsoma_pred_affs/1779 with read ROI [656:2224, 80:1648, 9872:11440] (1568, 1568, 1568) and write ROI [1152:1728, 576:1152, 10368:10944] (576, 576, 576)
Recording block-done for octoS0SubroiZ15683136Y78409408X1097612544Difficultsoma_pred_affs/177 with read ROI [656:2224, 656:2224, 2384:3952] (1568, 1568, 1568) and write ROI [1152:1728, 1152:1728, 2880:3456] (576, 576, 576)
Recorded block-done for octoS0SubroiZ15683136Y78409408X1097612544Difficultsoma_pred_affs/177 with read ROI [656:2224, 656:2224, 2384:3952] (1568, 1568, 1568) and write ROI [1152:1728, 1152:1728, 2880:3456] (576, 576, 576)
Recording block-done for octoS0SubroiZ15683136Y78409408X1097612544Difficultsoma_pred_affs/298 with read ROI [656:2224, 656:2224, 3536:5104] (1568, 1568, 1568) and write ROI [1152:1728, 1152:1728, 4032:4608] (576, 576, 576)
Recorded block-done for octoS0SubroiZ15683136Y78409408X1097612544Difficultsoma_pred_affs/298 with read ROI [656:2224, 656:2224, 3536:5104] (1568, 1568, 1568) and write ROI [1152:1728, 1152:1728, 4032:4608] (576, 576, 576)
Recording block-done for octoS0SubroiZ15683136Y78409408X1097612544Difficultsoma_pred_affs/572 with read ROI [656:2224, 656:2224, 5264:6832] (1568, 1568, 1568) and write ROI [1152:1728, 1152:1728, 5760:6336] (576, 576, 576)
Recorded block-done for octoS0SubroiZ15683136Y78409408X1097612544Difficultsoma_pred_affs/572 with read ROI [656:2224, 656:2224, 5264:6832] (1568, 1568, 1568) and write ROI [1152:1728, 1152:1728, 5760:6336] (576, 576, 576)
Recording block-done for octoS0SubroiZ15683136Y78409408X1097612544Difficultsoma_pred_affs/182 with read ROI [656:2224, 1232:2800, 1808:3376] (1568, 1568, 1568) and write ROI [1152:1728, 1728:2304, 2304:2880] (576, 576, 576)
Recorded block-done for octoS0SubroiZ15683136Y78409408X1097612544Difficultsoma_pred_affs/182 with read ROI [656:2224, 1232:2800, 1808:3376] (1568, 1568, 1568) and write ROI [1152:1728, 1728:2304, 2304:2880] (576, 576, 576)
Recording block-done for octoS0SubroiZ15683136Y78409408X1097612544Difficultsoma_pred_affs/1347 with read ROI [656:2224, 1232:2800, 7568:9136] (1568, 1568, 1568) and write ROI [1152:1728, 1728:2304, 8064:8640] (576, 576, 576)
Recorded block-done for octoS0SubroiZ15683136Y78409408X1097612544Difficultsoma_pred_affs/1347 with read ROI [656:2224, 1232:2800, 7568:9136] (1568, 1568, 1568) and write ROI [1152:1728, 1728:2304, 8064:8640] (576, 576, 576)
Recording block-done for octoS0SubroiZ15683136Y78409408X1097612544Difficultsoma_pred_affs/2041 with read ROI [656:2224, 1232:2800, 9296:10864] (1568, 1568, 1568) and write ROI [1152:1728, 1728:2304, 9792:10368] (576, 576, 576)
Recorded block-done for octoS0SubroiZ15683136Y78409408X1097612544Difficultsoma_pred_affs/2041 with read ROI [656:2224, 1232:2800, 9296:10864] (1568, 1568, 1568) and write ROI [1152:1728, 1728:2304, 9792:10368] (576, 576, 576)
Recording block-done for octoS0SubroiZ15683136Y78409408X1097612544Difficultsoma_pred_affs/2317 with read ROI [656:2224, 1232:2800, 9872:11440] (1568, 1568, 1568) and write ROI [1152:1728, 1728:2304, 10368:10944] (576, 576, 576)
Recorded block-done for octoS0SubroiZ15683136Y78409408X1097612544Difficultsoma_pred_affs/2317 with read ROI [656:2224, 1232:2800, 9872:11440] (1568, 1568, 1568) and write ROI [1152:1728, 1728:2304, 10368:10944] (576, 576, 576)
Recording block-done for octoS0SubroiZ15683136Y78409408X1097612544Difficultsoma_pred_affs/243 with read ROI [656:2224, 1808:3376, 1808:3376] (1568, 1568, 1568) and write ROI [1152:1728, 2304:2880, 2304:2880] (576, 576, 576)
Recorded block-done for octoS0SubroiZ15683136Y78409408X1097612544Difficultsoma_pred_affs/243 with read ROI [656:2224, 1808:3376, 1808:3376] (1568, 1568, 1568) and write ROI [1152:1728, 2304:2880, 2304:2880] (576, 576, 576)
Recording block-done for octoS0SubroiZ15683136Y78409408X1097612544Difficultsoma_pred_affs/387 with read ROI [656:2224, 1808:3376, 2960:4528] (1568, 1568, 1568) and write ROI [1152:1728, 2304:2880, 3456:4032] (576, 576, 576)
Recorded block-done for octoS0SubroiZ15683136Y78409408X1097612544Difficultsoma_pred_affs/387 with read ROI [656:2224, 1808:3376, 2960:4528] (1568, 1568, 1568) and write ROI [1152:1728, 2304:2880, 3456:4032] (576, 576, 576)
Recording block-done for octoS0SubroiZ15683136Y78409408X1097612544Difficultsoma_pred_affs/394 with read ROI [656:2224, 2384:3952, 2384:3952] (1568, 1568, 1568) and write ROI [1152:1728, 2880:3456, 2880:3456] (576, 576, 576)
Recorded block-done for octoS0SubroiZ15683136Y78409408X1097612544Difficultsoma_pred_affs/394 with read ROI [656:2224, 2384:3952, 2384:3952] (1568, 1568, 1568) and write ROI [1152:1728, 2880:3456, 2880:3456] (576, 576, 576)
Recording block-done for octoS0SubroiZ15683136Y78409408X1097612544Difficultsoma_pred_affs/1794 with read ROI [656:2224, 1808:3376, 8144:9712] (1568, 1568, 1568) and write ROI [1152:1728, 2304:2880, 8640:9216] (576, 576, 576)
Recorded block-done for octoS0SubroiZ15683136Y78409408X1097612544Difficultsoma_pred_affs/1794 with read ROI [656:2224, 1808:3376, 8144:9712] (1568, 1568, 1568) and write ROI [1152:1728, 2304:2880, 8640:9216] (576, 576, 576)
Recording block-done for octoS0SubroiZ15683136Y78409408X1097612544Difficultsoma_pred_affs/710 with read ROI [656:2224, 2384:3952, 4112:5680] (1568, 1568, 1568) and write ROI [1152:1728, 2880:3456, 4608:5184] (576, 576, 576)
Recorded block-done for octoS0SubroiZ15683136Y78409408X1097612544Difficultsoma_pred_affs/710 with read ROI [656:2224, 2384:3952, 4112:5680] (1568, 1568, 1568) and write ROI [1152:1728, 2880:3456, 4608:5184] (576, 576, 576)
Recording block-done for octoS0SubroiZ15683136Y78409408X1097612544Difficultsoma_pred_affs/324 with read ROI [656:2224, 2960:4528, 1232:2800] (1568, 1568, 1568) and write ROI [1152:1728, 3456:4032, 1728:2304] (576, 576, 576)
Recorded block-done for octoS0SubroiZ15683136Y78409408X1097612544Difficultsoma_pred_affs/324 with read ROI [656:2224, 2960:4528, 1232:2800] (1568, 1568, 1568) and write ROI [1152:1728, 3456:4032, 1728:2304] (576, 576, 576)
Recording block-done for octoS0SubroiZ15683136Y78409408X1097612544Difficultsoma_pred_affs/1578 with read ROI [656:2224, 2960:4528, 6416:7984] (1568, 1568, 1568) and write ROI [1152:1728, 3456:4032, 6912:7488] (576, 576, 576)
Recorded block-done for octoS0SubroiZ15683136Y78409408X1097612544Difficultsoma_pred_affs/1578 with read ROI [656:2224, 2960:4528, 6416:7984] (1568, 1568, 1568) and write ROI [1152:1728, 3456:4032, 6912:7488] (576, 576, 576)
Recording block-done for octoS0SubroiZ15683136Y78409408X1097612544Difficultsoma_pred_affs/718 with read ROI [656:2224, 2960:4528, 3536:5104] (1568, 1568, 1568) and write ROI [1152:1728, 3456:4032, 4032:4608] (576, 576, 576)
Recorded block-done for octoS0SubroiZ15683136Y78409408X1097612544Difficultsoma_pred_affs/718 with read ROI [656:2224, 2960:4528, 3536:5104] (1568, 1568, 1568) and write ROI [1152:1728, 3456:4032, 4032:4608] (576, 576, 576)
Recording block-done for octoS0SubroiZ15683136Y78409408X1097612544Difficultsoma_pred_affs/502 with read ROI [656:2224, 3536:5104, 1808:3376] (1568, 1568, 1568) and write ROI [1152:1728, 4032:4608, 2304:2880] (576, 576, 576)
Recorded block-done for octoS0SubroiZ15683136Y78409408X1097612544Difficultsoma_pred_affs/502 with read ROI [656:2224, 3536:5104, 1808:3376] (1568, 1568, 1568) and write ROI [1152:1728, 4032:4608, 2304:2880] (576, 576, 576)
Recording block-done for octoS0SubroiZ15683136Y78409408X1097612544Difficultsoma_pred_affs/2338 with read ROI [656:2224, 2960:4528, 8144:9712] (1568, 1568, 1568) and write ROI [1152:1728, 3456:4032, 8640:9216] (576, 576, 576)
Recorded block-done for octoS0SubroiZ15683136Y78409408X1097612544Difficultsoma_pred_affs/2338 with read ROI [656:2224, 2960:4528, 8144:9712] (1568, 1568, 1568) and write ROI [1152:1728, 3456:4032, 8640:9216] (576, 576, 576)
Recording block-done for octoS0SubroiZ15683136Y78409408X1097612544Difficultsoma_pred_affs/1587 with read ROI [656:2224, 3536:5104, 5840:7408] (1568, 1568, 1568) and write ROI [1152:1728, 4032:4608, 6336:6912] (576, 576, 576)
Recorded block-done for octoS0SubroiZ15683136Y78409408X1097612544Difficultsoma_pred_affs/1587 with read ROI [656:2224, 3536:5104, 5840:7408] (1568, 1568, 1568) and write ROI [1152:1728, 4032:4608, 6336:6912] (576, 576, 576)
Recording block-done for octoS0SubroiZ15683136Y78409408X1097612544Difficultsoma_pred_affs/3323 with read ROI [656:2224, 3536:5104, 9296:10864] (1568, 1568, 1568) and write ROI [1152:1728, 4032:4608, 9792:10368] (576, 576, 576)
Recorded block-done for octoS0SubroiZ15683136Y78409408X1097612544Difficultsoma_pred_affs/3323 with read ROI [656:2224, 3536:5104, 9296:10864] (1568, 1568, 1568) and write ROI [1152:1728, 4032:4608, 9792:10368] (576, 576, 576)
Recording block-done for octoS0SubroiZ15683136Y78409408X1097612544Difficultsoma_pred_affs/1387 with read ROI [656:2224, 4112:5680, 4688:6256] (1568, 1568, 1568) and write ROI [1152:1728, 4608:5184, 5184:5760] (576, 576, 576)
Recorded block-done for octoS0SubroiZ15683136Y78409408X1097612544Difficultsoma_pred_affs/1387 with read ROI [656:2224, 4112:5680, 4688:6256] (1568, 1568, 1568) and write ROI [1152:1728, 4608:5184, 5184:5760] (576, 576, 576)
Recording block-done for octoS0SubroiZ15683136Y78409408X1097612544Difficultsoma_pred_affs/3711 with read ROI [656:2224, 4112:5680, 9296:10864] (1568, 1568, 1568) and write ROI [1152:1728, 4608:5184, 9792:10368] (576, 576, 576)
Recorded block-done for octoS0SubroiZ15683136Y78409408X1097612544Difficultsoma_pred_affs/3711 with read ROI [656:2224, 4112:5680, 9296:10864] (1568, 1568, 1568) and write ROI [1152:1728, 4608:5184, 9792:10368] (576, 576, 576)
Recording block-done for octoS0SubroiZ15683136Y78409408X1097612544Difficultsoma_pred_affs/2657 with read ROI [656:2224, 4112:5680, 7568:9136] (1568, 1568, 1568) and write ROI [1152:1728, 4608:5184, 8064:8640] (576, 576, 576)
Recorded block-done for octoS0SubroiZ15683136Y78409408X1097612544Difficultsoma_pred_affs/2657 with read ROI [656:2224, 4112:5680, 7568:9136] (1568, 1568, 1568) and write ROI [1152:1728, 4608:5184, 8064:8640] (576, 576, 576)
Recording block-done for octoS0SubroiZ15683136Y78409408X1097612544Difficultsoma_pred_affs/2357 with read ROI [656:2224, 4112:5680, 6992:8560] (1568, 1568, 1568) and write ROI [1152:1728, 4608:5184, 7488:8064] (576, 576, 576)
Recorded block-done for octoS0SubroiZ15683136Y78409408X1097612544Difficultsoma_pred_affs/2357 with read ROI [656:2224, 4112:5680, 6992:8560] (1568, 1568, 1568) and write ROI [1152:1728, 4608:5184, 7488:8064] (576, 576, 576)
Recording block-done for octoS0SubroiZ15683136Y78409408X1097612544Difficultsoma_pred_affs/640 with read ROI [656:2224, 5264:6832, 656:2224] (1568, 1568, 1568) and write ROI [1152:1728, 5760:6336, 1152:1728] (576, 576, 576)
Recorded block-done for octoS0SubroiZ15683136Y78409408X1097612544Difficultsoma_pred_affs/640 with read ROI [656:2224, 5264:6832, 656:2224] (1568, 1568, 1568) and write ROI [1152:1728, 5760:6336, 1152:1728] (576, 576, 576)
Recording block-done for octoS0SubroiZ15683136Y78409408X1097612544Difficultsoma_pred_affs/1037 with read ROI [656:2224, 4688:6256, 2960:4528] (1568, 1568, 1568) and write ROI [1152:1728, 5184:5760, 3456:4032] (576, 576, 576)
Recorded block-done for octoS0SubroiZ15683136Y78409408X1097612544Difficultsoma_pred_affs/1037 with read ROI [656:2224, 4688:6256, 2960:4528] (1568, 1568, 1568) and write ROI [1152:1728, 5184:5760, 3456:4032] (576, 576, 576)
Recording block-done for octoS0SubroiZ15683136Y78409408X1097612544Difficultsoma_pred_affs/2680 with read ROI [656:2224, 5264:6832, 6416:7984] (1568, 1568, 1568) and write ROI [1152:1728, 5760:6336, 6912:7488] (576, 576, 576)
Recorded block-done for octoS0SubroiZ15683136Y78409408X1097612544Difficultsoma_pred_affs/2680 with read ROI [656:2224, 5264:6832, 6416:7984] (1568, 1568, 1568) and write ROI [1152:1728, 5760:6336, 6912:7488] (576, 576, 576)
Recording block-done for octoS0SubroiZ15683136Y78409408X1097612544Difficultsoma_pred_affs/1220 with read ROI [656:2224, 5264:6832, 2960:4528] (1568, 1568, 1568) and write ROI [1152:1728, 5760:6336, 3456:4032] (576, 576, 576)
Recorded block-done for octoS0SubroiZ15683136Y78409408X1097612544Difficultsoma_pred_affs/1220 with read ROI [656:2224, 5264:6832, 2960:4528] (1568, 1568, 1568) and write ROI [1152:1728, 5760:6336, 3456:4032] (576, 576, 576)
Recording block-done for octoS0SubroiZ15683136Y78409408X1097612544Difficultsoma_pred_affs/4140 with read ROI [656:2224, 5264:6832, 8720:10288] (1568, 1568, 1568) and write ROI [1152:1728, 5760:6336, 9216:9792] (576, 576, 576)
Recorded block-done for octoS0SubroiZ15683136Y78409408X1097612544Difficultsoma_pred_affs/4140 with read ROI [656:2224, 5264:6832, 8720:10288] (1568, 1568, 1568) and write ROI [1152:1728, 5760:6336, 9216:9792] (576, 576, 576)
Recording block-done for octoS0SubroiZ15683136Y78409408X1097612544Difficultsoma_pred_affs/1062 with read ROI [656:2224, 5840:7408, 1808:3376] (1568, 1568, 1568) and write ROI [1152:1728, 6336:6912, 2304:2880] (576, 576, 576)
Recorded block-done for octoS0SubroiZ15683136Y78409408X1097612544Difficultsoma_pred_affs/1062 with read ROI [656:2224, 5840:7408, 1808:3376] (1568, 1568, 1568) and write ROI [1152:1728, 6336:6912, 2304:2880] (576, 576, 576)
Recording block-done for octoS0SubroiZ15683136Y78409408X1097612544Difficultsoma_pred_affs/6077 with read ROI [656:2224, 5840:7408, 10448:12016] (1568, 1568, 1568) and write ROI [1152:1728, 6336:6912, 10944:11520] (576, 576, 576)
Recorded block-done for octoS0SubroiZ15683136Y78409408X1097612544Difficultsoma_pred_affs/6077 with read ROI [656:2224, 5840:7408, 10448:12016] (1568, 1568, 1568) and write ROI [1152:1728, 6336:6912, 10944:11520] (576, 576, 576)
Recording block-done for octoS0SubroiZ15683136Y78409408X1097612544Difficultsoma_pred_affs/5053 with read ROI [656:2224, 5840:7408, 9296:10864] (1568, 1568, 1568) and write ROI [1152:1728, 6336:6912, 9792:10368] (576, 576, 576)
Recorded block-done for octoS0SubroiZ15683136Y78409408X1097612544Difficultsoma_pred_affs/5053 with read ROI [656:2224, 5840:7408, 9296:10864] (1568, 1568, 1568) and write ROI [1152:1728, 6336:6912, 9792:10368] (576, 576, 576)
Recording block-done for octoS0SubroiZ15683136Y78409408X1097612544Difficultsoma_pred_affs/5549 with read ROI [656:2224, 5840:7408, 9872:11440] (1568, 1568, 1568) and write ROI [1152:1728, 6336:6912, 10368:10944] (576, 576, 576)
Recorded block-done for octoS0SubroiZ15683136Y78409408X1097612544Difficultsoma_pred_affs/5549 with read ROI [656:2224, 5840:7408, 9872:11440] (1568, 1568, 1568) and write ROI [1152:1728, 6336:6912, 10368:10944] (576, 576, 576)
Recording block-done for octoS0SubroiZ15683136Y78409408X1097612544Difficultsoma_pred_affs/3018 with read ROI [656:2224, 5840:7408, 6416:7984] (1568, 1568, 1568) and write ROI [1152:1728, 6336:6912, 6912:7488] (576, 576, 576)
Recorded block-done for octoS0SubroiZ15683136Y78409408X1097612544Difficultsoma_pred_affs/3018 with read ROI [656:2224, 5840:7408, 6416:7984] (1568, 1568, 1568) and write ROI [1152:1728, 6336:6912, 6912:7488] (576, 576, 576)
Recording block-done for octoS0SubroiZ15683136Y78409408X1097612544Difficultsoma_pred_affs/3383 with read ROI [656:2224, 6416:7984, 6416:7984] (1568, 1568, 1568) and write ROI [1152:1728, 6912:7488, 6912:7488] (576, 576, 576)
Recorded block-done for octoS0SubroiZ15683136Y78409408X1097612544Difficultsoma_pred_affs/3383 with read ROI [656:2224, 6416:7984, 6416:7984] (1568, 1568, 1568) and write ROI [1152:1728, 6912:7488, 6912:7488] (576, 576, 576)
Recording block-done for octoS0SubroiZ15683136Y78409408X1097612544Difficultsoma_pred_affs/6652 with read ROI [656:2224, 6416:7984, 10448:12016] (1568, 1568, 1568) and write ROI [1152:1728, 6912:7488, 10944:11520] (576, 576, 576)
Recorded block-done for octoS0SubroiZ15683136Y78409408X1097612544Difficultsoma_pred_affs/6652 with read ROI [656:2224, 6416:7984, 10448:12016] (1568, 1568, 1568) and write ROI [1152:1728, 6912:7488, 10944:11520] (576, 576, 576)
Recording block-done for octoS0SubroiZ15683136Y78409408X1097612544Difficultsoma_pred_affs/1091 with read ROI [656:2224, 6992:8560, 656:2224] (1568, 1568, 1568) and write ROI [1152:1728, 7488:8064, 1152:1728] (576, 576, 576)
Recorded block-done for octoS0SubroiZ15683136Y78409408X1097612544Difficultsoma_pred_affs/1091 with read ROI [656:2224, 6992:8560, 656:2224] (1568, 1568, 1568) and write ROI [1152:1728, 7488:8064, 1152:1728] (576, 576, 576)
Recording block-done for octoS0SubroiZ15683136Y78409408X1097612544Difficultsoma_pred_affs/1662 with read ROI [656:2224, 6992:8560, 2384:3952] (1568, 1568, 1568) and write ROI [1152:1728, 7488:8064, 2880:3456] (576, 576, 576)
Recorded block-done for octoS0SubroiZ15683136Y78409408X1097612544Difficultsoma_pred_affs/1662 with read ROI [656:2224, 6992:8560, 2384:3952] (1568, 1568, 1568) and write ROI [1152:1728, 7488:8064, 2880:3456] (576, 576, 576)
Recording block-done for octoS0SubroiZ15683136Y78409408X1097612544Difficultsoma_pred_affs/1909 with read ROI [656:2224, 7568:9136, 2384:3952] (1568, 1568, 1568) and write ROI [1152:1728, 8064:8640, 2880:3456] (576, 576, 576)
Recorded block-done for octoS0SubroiZ15683136Y78409408X1097612544Difficultsoma_pred_affs/1909 with read ROI [656:2224, 7568:9136, 2384:3952] (1568, 1568, 1568) and write ROI [1152:1728, 8064:8640, 2880:3456] (576, 576, 576)
Recording block-done for octoS0SubroiZ15683136Y78409408X1097612544Difficultsoma_pred_affs/5082 with read ROI [656:2224, 6992:8560, 8144:9712] (1568, 1568, 1568) and write ROI [1152:1728, 7488:8064, 8640:9216] (576, 576, 576)
Recorded block-done for octoS0SubroiZ15683136Y78409408X1097612544Difficultsoma_pred_affs/5082 with read ROI [656:2224, 6992:8560, 8144:9712] (1568, 1568, 1568) and write ROI [1152:1728, 7488:8064, 8640:9216] (576, 576, 576)
Recording block-done for octoS0SubroiZ15683136Y78409408X1097612544Difficultsoma_pred_affs/6122 with read ROI [656:2224, 7568:9136, 8720:10288] (1568, 1568, 1568) and write ROI [1152:1728, 8064:8640, 9216:9792] (576, 576, 576)
Recorded block-done for octoS0SubroiZ15683136Y78409408X1097612544Difficultsoma_pred_affs/6122 with read ROI [656:2224, 7568:9136, 8720:10288] (1568, 1568, 1568) and write ROI [1152:1728, 8064:8640, 9216:9792] (576, 576, 576)
Recording block-done for octoS0SubroiZ15683136Y78409408X1097612544Difficultsoma_pred_affs/1926 with read ROI [656:2224, 8144:9712, 1808:3376] (1568, 1568, 1568) and write ROI [1152:1728, 8640:9216, 2304:2880] (576, 576, 576)
Recorded block-done for octoS0SubroiZ15683136Y78409408X1097612544Difficultsoma_pred_affs/1926 with read ROI [656:2224, 8144:9712, 1808:3376] (1568, 1568, 1568) and write ROI [1152:1728, 8640:9216, 2304:2880] (576, 576, 576)
Recording block-done for octoS0SubroiZ15683136Y78409408X1097612544Difficultsoma_pred_affs/3809 with read ROI [656:2224, 8144:9712, 5264:6832] (1568, 1568, 1568) and write ROI [1152:1728, 8640:9216, 5760:6336] (576, 576, 576)
Recorded block-done for octoS0SubroiZ15683136Y78409408X1097612544Difficultsoma_pred_affs/3809 with read ROI [656:2224, 8144:9712, 5264:6832] (1568, 1568, 1568) and write ROI [1152:1728, 8640:9216, 5760:6336] (576, 576, 576)
Recording block-done for octoS0SubroiZ15683136Y78409408X1097612544Difficultsoma_pred_affs/4215 with read ROI [656:2224, 8144:9712, 5840:7408] (1568, 1568, 1568) and write ROI [1152:1728, 8640:9216, 6336:6912] (576, 576, 576)
Recorded block-done for octoS0SubroiZ15683136Y78409408X1097612544Difficultsoma_pred_affs/4215 with read ROI [656:2224, 8144:9712, 5840:7408] (1568, 1568, 1568) and write ROI [1152:1728, 8640:9216, 6336:6912] (576, 576, 576)
Recording block-done for octoS0SubroiZ15683136Y78409408X1097612544Difficultsoma_pred_affs/1944 with read ROI [656:2224, 8720:10288, 1232:2800] (1568, 1568, 1568) and write ROI [1152:1728, 9216:9792, 1728:2304] (576, 576, 576)
Recorded block-done for octoS0SubroiZ15683136Y78409408X1097612544Difficultsoma_pred_affs/1944 with read ROI [656:2224, 8720:10288, 1232:2800] (1568, 1568, 1568) and write ROI [1152:1728, 9216:9792, 1728:2304] (576, 576, 576)
Recording block-done for octoS0SubroiZ15683136Y78409408X1097612544Difficultsoma_pred_affs/6700 with read ROI [656:2224, 8144:9712, 8720:10288] (1568, 1568, 1568) and write ROI [1152:1728, 8640:9216, 9216:9792] (576, 576, 576)
Recorded block-done for octoS0SubroiZ15683136Y78409408X1097612544Difficultsoma_pred_affs/6700 with read ROI [656:2224, 8144:9712, 8720:10288] (1568, 1568, 1568) and write ROI [1152:1728, 8640:9216, 9216:9792] (576, 576, 576)
Recording block-done for octoS0SubroiZ15683136Y78409408X1097612544Difficultsoma_pred_affs/3827 with read ROI [656:2224, 8720:10288, 4688:6256] (1568, 1568, 1568) and write ROI [1152:1728, 9216:9792, 5184:5760] (576, 576, 576)
Recorded block-done for octoS0SubroiZ15683136Y78409408X1097612544Difficultsoma_pred_affs/3827 with read ROI [656:2224, 8720:10288, 4688:6256] (1568, 1568, 1568) and write ROI [1152:1728, 9216:9792, 5184:5760] (576, 576, 576)
Recording block-done for octoS0SubroiZ15683136Y78409408X1097612544Difficultsoma_pred_affs/7313 with read ROI [656:2224, 8720:10288, 8720:10288] (1568, 1568, 1568) and write ROI [1152:1728, 9216:9792, 9216:9792] (576, 576, 576)
Recorded block-done for octoS0SubroiZ15683136Y78409408X1097612544Difficultsoma_pred_affs/7313 with read ROI [656:2224, 8720:10288, 8720:10288] (1568, 1568, 1568) and write ROI [1152:1728, 9216:9792, 9216:9792] (576, 576, 576)
Recording block-done for octoS0SubroiZ15683136Y78409408X1097612544Difficultsoma_pred_affs/9312 with read ROI [656:2224, 8720:10288, 10448:12016] (1568, 1568, 1568) and write ROI [1152:1728, 9216:9792, 10944:11520] (576, 576, 576)
Recorded block-done for octoS0SubroiZ15683136Y78409408X1097612544Difficultsoma_pred_affs/9312 with read ROI [656:2224, 8720:10288, 10448:12016] (1568, 1568, 1568) and write ROI [1152:1728, 9216:9792, 10944:11520] (576, 576, 576)
Recording block-done for octoS0SubroiZ15683136Y78409408X1097612544Difficultsoma_pred_affs/1732 with read ROI [656:2224, 9296:10864, 80:1648] (1568, 1568, 1568) and write ROI [1152:1728, 9792:10368, 576:1152] (576, 576, 576)
Recorded block-done for octoS0SubroiZ15683136Y78409408X1097612544Difficultsoma_pred_affs/1732 with read ROI [656:2224, 9296:10864, 80:1648] (1568, 1568, 1568) and write ROI [1152:1728, 9792:10368, 576:1152] (576, 576, 576)
Recording block-done for octoS0SubroiZ15683136Y78409408X1097612544Difficultsoma_pred_affs/6157 with read ROI [656:2224, 8720:10288, 7568:9136] (1568, 1568, 1568) and write ROI [1152:1728, 9216:9792, 8064:8640] (576, 576, 576)
Recorded block-done for octoS0SubroiZ15683136Y78409408X1097612544Difficultsoma_pred_affs/6157 with read ROI [656:2224, 8720:10288, 7568:9136] (1568, 1568, 1568) and write ROI [1152:1728, 9216:9792, 8064:8640] (576, 576, 576)
Recording block-done for octoS0SubroiZ15683136Y78409408X1097612544Difficultsoma_pred_affs/7332 with read ROI [656:2224, 9296:10864, 8144:9712] (1568, 1568, 1568) and write ROI [1152:1728, 9792:10368, 8640:9216] (576, 576, 576)
Recorded block-done for octoS0SubroiZ15683136Y78409408X1097612544Difficultsoma_pred_affs/7332 with read ROI [656:2224, 9296:10864, 8144:9712] (1568, 1568, 1568) and write ROI [1152:1728, 9792:10368, 8640:9216] (576, 576, 576)
Recording block-done for octoS0SubroiZ15683136Y78409408X1097612544Difficultsoma_pred_affs/2236 with read ROI [656:2224, 9872:11440, 656:2224] (1568, 1568, 1568) and write ROI [1152:1728, 10368:10944, 1152:1728] (576, 576, 576)
Recorded block-done for octoS0SubroiZ15683136Y78409408X1097612544Difficultsoma_pred_affs/2236 with read ROI [656:2224, 9872:11440, 656:2224] (1568, 1568, 1568) and write ROI [1152:1728, 10368:10944, 1152:1728] (576, 576, 576)
Recording block-done for octoS0SubroiZ15683136Y78409408X1097612544Difficultsoma_pred_affs/3137 with read ROI [656:2224, 9872:11440, 2384:3952] (1568, 1568, 1568) and write ROI [1152:1728, 10368:10944, 2880:3456] (576, 576, 576)
Recorded block-done for octoS0SubroiZ15683136Y78409408X1097612544Difficultsoma_pred_affs/3137 with read ROI [656:2224, 9872:11440, 2384:3952] (1568, 1568, 1568) and write ROI [1152:1728, 10368:10944, 2880:3456] (576, 576, 576)
Recording block-done for octoS0SubroiZ15683136Y78409408X1097612544Difficultsoma_pred_affs/2812 with read ROI [656:2224, 9872:11440, 1808:3376] (1568, 1568, 1568) and write ROI [1152:1728, 10368:10944, 2304:2880] (576, 576, 576)
Recorded block-done for octoS0SubroiZ15683136Y78409408X1097612544Difficultsoma_pred_affs/2812 with read ROI [656:2224, 9872:11440, 1808:3376] (1568, 1568, 1568) and write ROI [1152:1728, 10368:10944, 2304:2880] (576, 576, 576)
Recording block-done for octoS0SubroiZ15683136Y78409408X1097612544Difficultsoma_pred_affs/6196 with read ROI [656:2224, 9872:11440, 6416:7984] (1568, 1568, 1568) and write ROI [1152:1728, 10368:10944, 6912:7488] (576, 576, 576)
Recorded block-done for octoS0SubroiZ15683136Y78409408X1097612544Difficultsoma_pred_affs/6196 with read ROI [656:2224, 9872:11440, 6416:7984] (1568, 1568, 1568) and write ROI [1152:1728, 10368:10944, 6912:7488] (576, 576, 576)
Recording block-done for octoS0SubroiZ15683136Y78409408X1097612544Difficultsoma_pred_affs/5193 with read ROI [656:2224, 10448:12016, 4688:6256] (1568, 1568, 1568) and write ROI [1152:1728, 10944:11520, 5184:5760] (576, 576, 576)
Recorded block-done for octoS0SubroiZ15683136Y78409408X1097612544Difficultsoma_pred_affs/5193 with read ROI [656:2224, 10448:12016, 4688:6256] (1568, 1568, 1568) and write ROI [1152:1728, 10944:11520, 5184:5760] (576, 576, 576)
Recording block-done for octoS0SubroiZ15683136Y78409408X1097612544Difficultsoma_pred_affs/3887 with read ROI [656:2224, 10448:12016, 2960:4528] (1568, 1568, 1568) and write ROI [1152:1728, 10944:11520, 3456:4032] (576, 576, 576)
Recorded block-done for octoS0SubroiZ15683136Y78409408X1097612544Difficultsoma_pred_affs/3887 with read ROI [656:2224, 10448:12016, 2960:4528] (1568, 1568, 1568) and write ROI [1152:1728, 10944:11520, 3456:4032] (576, 576, 576)
Recording block-done for octoS0SubroiZ15683136Y78409408X1097612544Difficultsoma_pred_affs/5689 with read ROI [656:2224, 10448:12016, 5264:6832] (1568, 1568, 1568) and write ROI [1152:1728, 10944:11520, 5760:6336] (576, 576, 576)
Recorded block-done for octoS0SubroiZ15683136Y78409408X1097612544Difficultsoma_pred_affs/5689 with read ROI [656:2224, 10448:12016, 5264:6832] (1568, 1568, 1568) and write ROI [1152:1728, 10944:11520, 5760:6336] (576, 576, 576)
Recording block-done for octoS0SubroiZ15683136Y78409408X1097612544Difficultsoma_pred_affs/11713 with read ROI [656:2224, 10448:12016, 10448:12016] (1568, 1568, 1568) and write ROI [1152:1728, 10944:11520, 10944:11520] (576, 576, 576)
Recorded block-done for octoS0SubroiZ15683136Y78409408X1097612544Difficultsoma_pred_affs/11713 with read ROI [656:2224, 10448:12016, 10448:12016] (1568, 1568, 1568) and write ROI [1152:1728, 10944:11520, 10944:11520] (576, 576, 576)
Recording block-done for octoS0SubroiZ15683136Y78409408X1097612544Difficultsoma_pred_affs/178 with read ROI [1232:2800, 80:1648, 2384:3952] (1568, 1568, 1568) and write ROI [1728:2304, 576:1152, 2880:3456] (576, 576, 576)
Recorded block-done for octoS0SubroiZ15683136Y78409408X1097612544Difficultsoma_pred_affs/178 with read ROI [1232:2800, 80:1648, 2384:3952] (1568, 1568, 1568) and write ROI [1728:2304, 576:1152, 2880:3456] (576, 576, 576)
Recording block-done for octoS0SubroiZ15683136Y78409408X1097612544Difficultsoma_pred_affs/74 with read ROI [1232:2800, 656:2224, 80:1648] (1568, 1568, 1568) and write ROI [1728:2304, 1152:1728, 576:1152] (576, 576, 576)
Recorded block-done for octoS0SubroiZ15683136Y78409408X1097612544Difficultsoma_pred_affs/74 with read ROI [1232:2800, 656:2224, 80:1648] (1568, 1568, 1568) and write ROI [1728:2304, 1152:1728, 576:1152] (576, 576, 576)
Recording block-done for octoS0SubroiZ15683136Y78409408X1097612544Difficultsoma_pred_affs/2313 with read ROI [1232:2800, 80:1648, 10448:12016] (1568, 1568, 1568) and write ROI [1728:2304, 576:1152, 10944:11520] (576, 576, 576)
Recorded block-done for octoS0SubroiZ15683136Y78409408X1097612544Difficultsoma_pred_affs/2313 with read ROI [1232:2800, 80:1648, 10448:12016] (1568, 1568, 1568) and write ROI [1728:2304, 576:1152, 10944:11520] (576, 576, 576)
Recording block-done for octoS0SubroiZ15683136Y78409408X1097612544Difficultsoma_pred_affs/233 with read ROI [1232:2800, 80:1648, 2960:4528] (1568, 1568, 1568) and write ROI [1728:2304, 576:1152, 3456:4032] (576, 576, 576)
Recorded block-done for octoS0SubroiZ15683136Y78409408X1097612544Difficultsoma_pred_affs/233 with read ROI [1232:2800, 80:1648, 2960:4528] (1568, 1568, 1568) and write ROI [1728:2304, 576:1152, 3456:4032] (576, 576, 576)
Recording block-done for octoS0SubroiZ15683136Y78409408X1097612544Difficultsoma_pred_affs/304 with read ROI [1232:2800, 656:2224, 2960:4528] (1568, 1568, 1568) and write ROI [1728:2304, 1152:1728, 3456:4032] (576, 576, 576)
Recorded block-done for octoS0SubroiZ15683136Y78409408X1097612544Difficultsoma_pred_affs/304 with read ROI [1232:2800, 656:2224, 2960:4528] (1568, 1568, 1568) and write ROI [1728:2304, 1152:1728, 3456:4032] (576, 576, 576)
Recording block-done for octoS0SubroiZ15683136Y78409408X1097612544Difficultsoma_pred_affs/310 with read ROI [1232:2800, 1232:2800, 2384:3952] (1568, 1568, 1568) and write ROI [1728:2304, 1728:2304, 2880:3456] (576, 576, 576)
Recorded block-done for octoS0SubroiZ15683136Y78409408X1097612544Difficultsoma_pred_affs/310 with read ROI [1232:2800, 1232:2800, 2384:3952] (1568, 1568, 1568) and write ROI [1728:2304, 1728:2304, 2880:3456] (576, 576, 576)
Recording block-done for octoS0SubroiZ15683136Y78409408X1097612544Difficultsoma_pred_affs/244 with read ROI [1232:2800, 1232:2800, 1808:3376] (1568, 1568, 1568) and write ROI [1728:2304, 1728:2304, 2304:2880] (576, 576, 576)
Recorded block-done for octoS0SubroiZ15683136Y78409408X1097612544Difficultsoma_pred_affs/244 with read ROI [1232:2800, 1232:2800, 1808:3376] (1568, 1568, 1568) and write ROI [1728:2304, 1728:2304, 2304:2880] (576, 576, 576)
Recording block-done for octoS0SubroiZ15683136Y78409408X1097612544Difficultsoma_pred_affs/698 with read ROI [1232:2800, 656:2224, 5264:6832] (1568, 1568, 1568) and write ROI [1728:2304, 1152:1728, 5760:6336] (576, 576, 576)
Recorded block-done for octoS0SubroiZ15683136Y78409408X1097612544Difficultsoma_pred_affs/698 with read ROI [1232:2800, 656:2224, 5264:6832] (1568, 1568, 1568) and write ROI [1728:2304, 1152:1728, 5760:6336] (576, 576, 576)
Recording block-done for octoS0SubroiZ15683136Y78409408X1097612544Difficultsoma_pred_affs/1789 with read ROI [1232:2800, 656:2224, 8720:10288] (1568, 1568, 1568) and write ROI [1728:2304, 1152:1728, 9216:9792] (576, 576, 576)
Recorded block-done for octoS0SubroiZ15683136Y78409408X1097612544Difficultsoma_pred_affs/1789 with read ROI [1232:2800, 656:2224, 8720:10288] (1568, 1568, 1568) and write ROI [1728:2304, 1152:1728, 9216:9792] (576, 576, 576)
Recording block-done for octoS0SubroiZ15683136Y78409408X1097612544Difficultsoma_pred_affs/704 with read ROI [1232:2800, 1232:2800, 4688:6256] (1568, 1568, 1568) and write ROI [1728:2304, 1728:2304, 5184:5760] (576, 576, 576)
Recorded block-done for octoS0SubroiZ15683136Y78409408X1097612544Difficultsoma_pred_affs/704 with read ROI [1232:2800, 1232:2800, 4688:6256] (1568, 1568, 1568) and write ROI [1728:2304, 1728:2304, 5184:5760] (576, 576, 576)
Recording block-done for octoS0SubroiZ15683136Y78409408X1097612544Difficultsoma_pred_affs/151 with read ROI [1232:2800, 1808:3376, 80:1648] (1568, 1568, 1568) and write ROI [1728:2304, 2304:2880, 576:1152] (576, 576, 576)
Recorded block-done for octoS0SubroiZ15683136Y78409408X1097612544Difficultsoma_pred_affs/151 with read ROI [1232:2800, 1808:3376, 80:1648] (1568, 1568, 1568) and write ROI [1728:2304, 2304:2880, 576:1152] (576, 576, 576)
Recording block-done for octoS0SubroiZ15683136Y78409408X1097612544Difficultsoma_pred_affs/317 with read ROI [1232:2800, 1808:3376, 1808:3376] (1568, 1568, 1568) and write ROI [1728:2304, 2304:2880, 2304:2880] (576, 576, 576)
Recorded block-done for octoS0SubroiZ15683136Y78409408X1097612544Difficultsoma_pred_affs/317 with read ROI [1232:2800, 1808:3376, 1808:3376] (1568, 1568, 1568) and write ROI [1728:2304, 2304:2880, 2304:2880] (576, 576, 576)
Recording block-done for octoS0SubroiZ15683136Y78409408X1097612544Difficultsoma_pred_affs/1171 with read ROI [1232:2800, 1808:3376, 5840:7408] (1568, 1568, 1568) and write ROI [1728:2304, 2304:2880, 6336:6912] (576, 576, 576)
Recorded block-done for octoS0SubroiZ15683136Y78409408X1097612544Difficultsoma_pred_affs/1171 with read ROI [1232:2800, 1808:3376, 5840:7408] (1568, 1568, 1568) and write ROI [1728:2304, 2304:2880, 6336:6912] (576, 576, 576)
Recording block-done for octoS0SubroiZ15683136Y78409408X1097612544Difficultsoma_pred_affs/855 with read ROI [1232:2800, 2384:3952, 4112:5680] (1568, 1568, 1568) and write ROI [1728:2304, 2880:3456, 4608:5184] (576, 576, 576)
Recorded block-done for octoS0SubroiZ15683136Y78409408X1097612544Difficultsoma_pred_affs/855 with read ROI [1232:2800, 2384:3952, 4112:5680] (1568, 1568, 1568) and write ROI [1728:2304, 2880:3456, 4608:5184] (576, 576, 576)
Recording block-done for octoS0SubroiZ15683136Y78409408X1097612544Difficultsoma_pred_affs/1579 with read ROI [1232:2800, 2384:3952, 6416:7984] (1568, 1568, 1568) and write ROI [1728:2304, 2880:3456, 6912:7488] (576, 576, 576)
Recorded block-done for octoS0SubroiZ15683136Y78409408X1097612544Difficultsoma_pred_affs/1579 with read ROI [1232:2800, 2384:3952, 6416:7984] (1568, 1568, 1568) and write ROI [1728:2304, 2880:3456, 6912:7488] (576, 576, 576)
Recording block-done for octoS0SubroiZ15683136Y78409408X1097612544Difficultsoma_pred_affs/3324 with read ROI [1232:2800, 2960:4528, 9296:10864] (1568, 1568, 1568) and write ROI [1728:2304, 3456:4032, 9792:10368] (576, 576, 576)
Recorded block-done for octoS0SubroiZ15683136Y78409408X1097612544Difficultsoma_pred_affs/3324 with read ROI [1232:2800, 2960:4528, 9296:10864] (1568, 1568, 1568) and write ROI [1728:2304, 3456:4032, 9792:10368] (576, 576, 576)
Recording block-done for octoS0SubroiZ15683136Y78409408X1097612544Difficultsoma_pred_affs/2063 with read ROI [1232:2800, 2384:3952, 7568:9136] (1568, 1568, 1568) and write ROI [1728:2304, 2880:3456, 8064:8640] (576, 576, 576)
Recorded block-done for octoS0SubroiZ15683136Y78409408X1097612544Difficultsoma_pred_affs/2063 with read ROI [1232:2800, 2384:3952, 7568:9136] (1568, 1568, 1568) and write ROI [1728:2304, 2880:3456, 8064:8640] (576, 576, 576)
Recording block-done for octoS0SubroiZ15683136Y78409408X1097612544Difficultsoma_pred_affs/1188 with read ROI [1232:2800, 2960:4528, 4688:6256] (1568, 1568, 1568) and write ROI [1728:2304, 3456:4032, 5184:5760] (576, 576, 576)
Recorded block-done for octoS0SubroiZ15683136Y78409408X1097612544Difficultsoma_pred_affs/1188 with read ROI [1232:2800, 2960:4528, 4688:6256] (1568, 1568, 1568) and write ROI [1728:2304, 3456:4032, 5184:5760] (576, 576, 576)
Recording block-done for octoS0SubroiZ15683136Y78409408X1097612544Difficultsoma_pred_affs/4108 with read ROI [1232:2800, 2960:4528, 10448:12016] (1568, 1568, 1568) and write ROI [1728:2304, 3456:4032, 10944:11520] (576, 576, 576)
Recorded block-done for octoS0SubroiZ15683136Y78409408X1097612544Difficultsoma_pred_affs/4108 with read ROI [1232:2800, 2960:4528, 10448:12016] (1568, 1568, 1568) and write ROI [1728:2304, 3456:4032, 10944:11520] (576, 576, 576)
Recording block-done for octoS0SubroiZ15683136Y78409408X1097612544Difficultsoma_pred_affs/268 with read ROI [1232:2800, 2960:4528, 80:1648] (1568, 1568, 1568) and write ROI [1728:2304, 3456:4032, 576:1152] (576, 576, 576)
Recorded block-done for octoS0SubroiZ15683136Y78409408X1097612544Difficultsoma_pred_affs/268 with read ROI [1232:2800, 2960:4528, 80:1648] (1568, 1568, 1568) and write ROI [1728:2304, 3456:4032, 576:1152] (576, 576, 576)
Recording block-done for octoS0SubroiZ15683136Y78409408X1097612544Difficultsoma_pred_affs/1829 with read ROI [1232:2800, 3536:5104, 5840:7408] (1568, 1568, 1568) and write ROI [1728:2304, 4032:4608, 6336:6912] (576, 576, 576)
Recorded block-done for octoS0SubroiZ15683136Y78409408X1097612544Difficultsoma_pred_affs/1829 with read ROI [1232:2800, 3536:5104, 5840:7408] (1568, 1568, 1568) and write ROI [1728:2304, 4032:4608, 6336:6912] (576, 576, 576)
Recording block-done for octoS0SubroiZ15683136Y78409408X1097612544Difficultsoma_pred_affs/3334 with read ROI [1232:2800, 3536:5104, 8720:10288] (1568, 1568, 1568) and write ROI [1728:2304, 4032:4608, 9216:9792] (576, 576, 576)
Recorded block-done for octoS0SubroiZ15683136Y78409408X1097612544Difficultsoma_pred_affs/3334 with read ROI [1232:2800, 3536:5104, 8720:10288] (1568, 1568, 1568) and write ROI [1728:2304, 4032:4608, 9216:9792] (576, 576, 576)
Recording block-done for octoS0SubroiZ15683136Y78409408X1097612544Difficultsoma_pred_affs/2669 with read ROI [1232:2800, 4112:5680, 6992:8560] (1568, 1568, 1568) and write ROI [1728:2304, 4608:5184, 7488:8064] (576, 576, 576)
Recorded block-done for octoS0SubroiZ15683136Y78409408X1097612544Difficultsoma_pred_affs/2669 with read ROI [1232:2800, 4112:5680, 6992:8560] (1568, 1568, 1568) and write ROI [1728:2304, 4608:5184, 7488:8064] (576, 576, 576)
Recording block-done for octoS0SubroiZ15683136Y78409408X1097612544Difficultsoma_pred_affs/874 with read ROI [1232:2800, 3536:5104, 2960:4528] (1568, 1568, 1568) and write ROI [1728:2304, 4032:4608, 3456:4032] (576, 576, 576)
Recorded block-done for octoS0SubroiZ15683136Y78409408X1097612544Difficultsoma_pred_affs/874 with read ROI [1232:2800, 3536:5104, 2960:4528] (1568, 1568, 1568) and write ROI [1728:2304, 4032:4608, 3456:4032] (576, 576, 576)
Recording block-done for octoS0SubroiZ15683136Y78409408X1097612544Difficultsoma_pred_affs/4141 with read ROI [1232:2800, 4688:6256, 8720:10288] (1568, 1568, 1568) and write ROI [1728:2304, 5184:5760, 9216:9792] (576, 576, 576)
Recorded block-done for octoS0SubroiZ15683136Y78409408X1097612544Difficultsoma_pred_affs/4141 with read ROI [1232:2800, 4688:6256, 8720:10288] (1568, 1568, 1568) and write ROI [1728:2304, 5184:5760, 9216:9792] (576, 576, 576)
Recording block-done for octoS0SubroiZ15683136Y78409408X1097612544Difficultsoma_pred_affs/1852 with read ROI [1232:2800, 4688:6256, 4688:6256] (1568, 1568, 1568) and write ROI [1728:2304, 5184:5760, 5184:5760] (576, 576, 576)
Recorded block-done for octoS0SubroiZ15683136Y78409408X1097612544Difficultsoma_pred_affs/1852 with read ROI [1232:2800, 4688:6256, 4688:6256] (1568, 1568, 1568) and write ROI [1728:2304, 5184:5760, 5184:5760] (576, 576, 576)
Recording block-done for octoS0SubroiZ15683136Y78409408X1097612544Difficultsoma_pred_affs/536 with read ROI [1232:2800, 4688:6256, 80:1648] (1568, 1568, 1568) and write ROI [1728:2304, 5184:5760, 576:1152] (576, 576, 576)
Recorded block-done for octoS0SubroiZ15683136Y78409408X1097612544Difficultsoma_pred_affs/536 with read ROI [1232:2800, 4688:6256, 80:1648] (1568, 1568, 1568) and write ROI [1728:2304, 5184:5760, 576:1152] (576, 576, 576)
Recording block-done for octoS0SubroiZ15683136Y78409408X1097612544Difficultsoma_pred_affs/910 with read ROI [1232:2800, 5264:6832, 1232:2800] (1568, 1568, 1568) and write ROI [1728:2304, 5760:6336, 1728:2304] (576, 576, 576)
Recorded block-done for octoS0SubroiZ15683136Y78409408X1097612544Difficultsoma_pred_affs/910 with read ROI [1232:2800, 5264:6832, 1232:2800] (1568, 1568, 1568) and write ROI [1728:2304, 5760:6336, 1728:2304] (576, 576, 576)
Recording block-done for octoS0SubroiZ15683136Y78409408X1097612544Difficultsoma_pred_affs/654 with read ROI [1232:2800, 5264:6832, 80:1648] (1568, 1568, 1568) and write ROI [1728:2304, 5760:6336, 576:1152] (576, 576, 576)
Recorded block-done for octoS0SubroiZ15683136Y78409408X1097612544Difficultsoma_pred_affs/654 with read ROI [1232:2800, 5264:6832, 80:1648] (1568, 1568, 1568) and write ROI [1728:2304, 5760:6336, 576:1152] (576, 576, 576)
Recording block-done for octoS0SubroiZ15683136Y78409408X1097612544Difficultsoma_pred_affs/1865 with read ROI [1232:2800, 5264:6832, 4112:5680] (1568, 1568, 1568) and write ROI [1728:2304, 5760:6336, 4608:5184] (576, 576, 576)
Recorded block-done for octoS0SubroiZ15683136Y78409408X1097612544Difficultsoma_pred_affs/1865 with read ROI [1232:2800, 5264:6832, 4112:5680] (1568, 1568, 1568) and write ROI [1728:2304, 5760:6336, 4608:5184] (576, 576, 576)
Recording block-done for octoS0SubroiZ15683136Y78409408X1097612544Difficultsoma_pred_affs/3370 with read ROI [1232:2800, 5264:6832, 6992:8560] (1568, 1568, 1568) and write ROI [1728:2304, 5760:6336, 7488:8064] (576, 576, 576)
Recorded block-done for octoS0SubroiZ15683136Y78409408X1097612544Difficultsoma_pred_affs/3370 with read ROI [1232:2800, 5264:6832, 6992:8560] (1568, 1568, 1568) and write ROI [1728:2304, 5760:6336, 7488:8064] (576, 576, 576)
Recording block-done for octoS0SubroiZ15683136Y78409408X1097612544Difficultsoma_pred_affs/1248 with read ROI [1232:2800, 5840:7408, 1808:3376] (1568, 1568, 1568) and write ROI [1728:2304, 6336:6912, 2304:2880] (576, 576, 576)
Recorded block-done for octoS0SubroiZ15683136Y78409408X1097612544Difficultsoma_pred_affs/1248 with read ROI [1232:2800, 5840:7408, 1808:3376] (1568, 1568, 1568) and write ROI [1728:2304, 6336:6912, 2304:2880] (576, 576, 576)
Recording block-done for octoS0SubroiZ15683136Y78409408X1097612544Difficultsoma_pred_affs/5054 with read ROI [1232:2800, 5264:6832, 9296:10864] (1568, 1568, 1568) and write ROI [1728:2304, 5760:6336, 9792:10368] (576, 576, 576)
Recorded block-done for octoS0SubroiZ15683136Y78409408X1097612544Difficultsoma_pred_affs/5054 with read ROI [1232:2800, 5264:6832, 9296:10864] (1568, 1568, 1568) and write ROI [1728:2304, 5760:6336, 9792:10368] (576, 576, 576)
Recording block-done for octoS0SubroiZ15683136Y78409408X1097612544Difficultsoma_pred_affs/924 with read ROI [1232:2800, 5840:7408, 656:2224] (1568, 1568, 1568) and write ROI [1728:2304, 6336:6912, 1152:1728] (576, 576, 576)
Recorded block-done for octoS0SubroiZ15683136Y78409408X1097612544Difficultsoma_pred_affs/924 with read ROI [1232:2800, 5840:7408, 656:2224] (1568, 1568, 1568) and write ROI [1728:2304, 6336:6912, 1152:1728] (576, 576, 576)
Recording block-done for octoS0SubroiZ15683136Y78409408X1097612544Difficultsoma_pred_affs/4603 with read ROI [1232:2800, 5840:7408, 8144:9712] (1568, 1568, 1568) and write ROI [1728:2304, 6336:6912, 8640:9216] (576, 576, 576)
Recorded block-done for octoS0SubroiZ15683136Y78409408X1097612544Difficultsoma_pred_affs/4603 with read ROI [1232:2800, 5840:7408, 8144:9712] (1568, 1568, 1568) and write ROI [1728:2304, 6336:6912, 8640:9216] (576, 576, 576)
Recording block-done for octoS0SubroiZ15683136Y78409408X1097612544Difficultsoma_pred_affs/1263 with read ROI [1232:2800, 6416:7984, 1232:2800] (1568, 1568, 1568) and write ROI [1728:2304, 6912:7488, 1728:2304] (576, 576, 576)
Recorded block-done for octoS0SubroiZ15683136Y78409408X1097612544Difficultsoma_pred_affs/1263 with read ROI [1232:2800, 6416:7984, 1232:2800] (1568, 1568, 1568) and write ROI [1728:2304, 6912:7488, 1728:2304] (576, 576, 576)
Recording block-done for octoS0SubroiZ15683136Y78409408X1097612544Difficultsoma_pred_affs/3777 with read ROI [1232:2800, 6416:7984, 6416:7984] (1568, 1568, 1568) and write ROI [1728:2304, 6912:7488, 6912:7488] (576, 576, 576)
Recorded block-done for octoS0SubroiZ15683136Y78409408X1097612544Difficultsoma_pred_affs/3777 with read ROI [1232:2800, 6416:7984, 6416:7984] (1568, 1568, 1568) and write ROI [1728:2304, 6912:7488, 6912:7488] (576, 576, 576)
Recording block-done for octoS0SubroiZ15683136Y78409408X1097612544Difficultsoma_pred_affs/1894 with read ROI [1232:2800, 6416:7984, 2960:4528] (1568, 1568, 1568) and write ROI [1728:2304, 6912:7488, 3456:4032] (576, 576, 576)
Recorded block-done for octoS0SubroiZ15683136Y78409408X1097612544Difficultsoma_pred_affs/1894 with read ROI [1232:2800, 6416:7984, 2960:4528] (1568, 1568, 1568) and write ROI [1728:2304, 6912:7488, 3456:4032] (576, 576, 576)
Recording block-done for octoS0SubroiZ15683136Y78409408X1097612544Difficultsoma_pred_affs/4618 with read ROI [1232:2800, 6416:7984, 7568:9136] (1568, 1568, 1568) and write ROI [1728:2304, 6912:7488, 8064:8640] (576, 576, 576)
Recorded block-done for octoS0SubroiZ15683136Y78409408X1097612544Difficultsoma_pred_affs/4618 with read ROI [1232:2800, 6416:7984, 7568:9136] (1568, 1568, 1568) and write ROI [1728:2304, 6912:7488, 8064:8640] (576, 576, 576)
Recording block-done for octoS0SubroiZ15683136Y78409408X1097612544Difficultsoma_pred_affs/2163 with read ROI [1232:2800, 6992:8560, 2960:4528] (1568, 1568, 1568) and write ROI [1728:2304, 7488:8064, 3456:4032] (576, 576, 576)
Recorded block-done for octoS0SubroiZ15683136Y78409408X1097612544Difficultsoma_pred_affs/2163 with read ROI [1232:2800, 6992:8560, 2960:4528] (1568, 1568, 1568) and write ROI [1728:2304, 7488:8064, 3456:4032] (576, 576, 576)
Recording block-done for octoS0SubroiZ15683136Y78409408X1097612544Difficultsoma_pred_affs/3793 with read ROI [1232:2800, 6992:8560, 5840:7408] (1568, 1568, 1568) and write ROI [1728:2304, 7488:8064, 6336:6912] (576, 576, 576)
Recorded block-done for octoS0SubroiZ15683136Y78409408X1097612544Difficultsoma_pred_affs/3793 with read ROI [1232:2800, 6992:8560, 5840:7408] (1568, 1568, 1568) and write ROI [1728:2304, 7488:8064, 6336:6912] (576, 576, 576)
Recording block-done for octoS0SubroiZ15683136Y78409408X1097612544Difficultsoma_pred_affs/6684 with read ROI [1232:2800, 6992:8560, 9296:10864] (1568, 1568, 1568) and write ROI [1728:2304, 7488:8064, 9792:10368] (576, 576, 576)
Recorded block-done for octoS0SubroiZ15683136Y78409408X1097612544Difficultsoma_pred_affs/6684 with read ROI [1232:2800, 6992:8560, 9296:10864] (1568, 1568, 1568) and write ROI [1728:2304, 7488:8064, 9792:10368] (576, 576, 576)
Recording block-done for octoS0SubroiZ15683136Y78409408X1097612544Difficultsoma_pred_affs/2180 with read ROI [1232:2800, 7568:9136, 2384:3952] (1568, 1568, 1568) and write ROI [1728:2304, 8064:8640, 2880:3456] (576, 576, 576)
Recorded block-done for octoS0SubroiZ15683136Y78409408X1097612544Difficultsoma_pred_affs/2180 with read ROI [1232:2800, 7568:9136, 2384:3952] (1568, 1568, 1568) and write ROI [1728:2304, 8064:8640, 2880:3456] (576, 576, 576)
Recording block-done for octoS0SubroiZ15683136Y78409408X1097612544Difficultsoma_pred_affs/7926 with read ROI [1232:2800, 7568:9136, 9872:11440] (1568, 1568, 1568) and write ROI [1728:2304, 8064:8640, 10368:10944] (576, 576, 576)
Recorded block-done for octoS0SubroiZ15683136Y78409408X1097612544Difficultsoma_pred_affs/7926 with read ROI [1232:2800, 7568:9136, 9872:11440] (1568, 1568, 1568) and write ROI [1728:2304, 8064:8640, 10368:10944] (576, 576, 576)
Recording block-done for octoS0SubroiZ15683136Y78409408X1097612544Difficultsoma_pred_affs/5612 with read ROI [1232:2800, 7568:9136, 7568:9136] (1568, 1568, 1568) and write ROI [1728:2304, 8064:8640, 8064:8640] (576, 576, 576)
Recorded block-done for octoS0SubroiZ15683136Y78409408X1097612544Difficultsoma_pred_affs/5612 with read ROI [1232:2800, 7568:9136, 7568:9136] (1568, 1568, 1568) and write ROI [1728:2304, 8064:8640, 8064:8640] (576, 576, 576)
Recording block-done for octoS0SubroiZ15683136Y78409408X1097612544Difficultsoma_pred_affs/2474 with read ROI [1232:2800, 8144:9712, 2384:3952] (1568, 1568, 1568) and write ROI [1728:2304, 8640:9216, 2880:3456] (576, 576, 576)
Recorded block-done for octoS0SubroiZ15683136Y78409408X1097612544Difficultsoma_pred_affs/2474 with read ROI [1232:2800, 8144:9712, 2384:3952] (1568, 1568, 1568) and write ROI [1728:2304, 8640:9216, 2880:3456] (576, 576, 576)
Recording block-done for octoS0SubroiZ15683136Y78409408X1097612544Difficultsoma_pred_affs/3450 with read ROI [1232:2800, 8144:9712, 4112:5680] (1568, 1568, 1568) and write ROI [1728:2304, 8640:9216, 4608:5184] (576, 576, 576)
Recorded block-done for octoS0SubroiZ15683136Y78409408X1097612544Difficultsoma_pred_affs/3450 with read ROI [1232:2800, 8144:9712, 4112:5680] (1568, 1568, 1568) and write ROI [1728:2304, 8640:9216, 4608:5184] (576, 576, 576)
Recording block-done for octoS0SubroiZ15683136Y78409408X1097612544Difficultsoma_pred_affs/2217 with read ROI [1232:2800, 8720:10288, 1232:2800] (1568, 1568, 1568) and write ROI [1728:2304, 9216:9792, 1728:2304] (576, 576, 576)
Recorded block-done for octoS0SubroiZ15683136Y78409408X1097612544Difficultsoma_pred_affs/2217 with read ROI [1232:2800, 8720:10288, 1232:2800] (1568, 1568, 1568) and write ROI [1728:2304, 9216:9792, 1728:2304] (576, 576, 576)
Recording block-done for octoS0SubroiZ15683136Y78409408X1097612544Difficultsoma_pred_affs/5153 with read ROI [1232:2800, 8720:10288, 5840:7408] (1568, 1568, 1568) and write ROI [1728:2304, 9216:9792, 6336:6912] (576, 576, 576)
Recorded block-done for octoS0SubroiZ15683136Y78409408X1097612544Difficultsoma_pred_affs/5153 with read ROI [1232:2800, 8720:10288, 5840:7408] (1568, 1568, 1568) and write ROI [1728:2304, 9216:9792, 6336:6912] (576, 576, 576)
Recording block-done for octoS0SubroiZ15683136Y78409408X1097612544Difficultsoma_pred_affs/3469 with read ROI [1232:2800, 8720:10288, 3536:5104] (1568, 1568, 1568) and write ROI [1728:2304, 9216:9792, 4032:4608] (576, 576, 576)
Recorded block-done for octoS0SubroiZ15683136Y78409408X1097612544Difficultsoma_pred_affs/3469 with read ROI [1232:2800, 8720:10288, 3536:5104] (1568, 1568, 1568) and write ROI [1728:2304, 9216:9792, 4032:4608] (576, 576, 576)
Recording block-done for octoS0SubroiZ15683136Y78409408X1097612544Difficultsoma_pred_affs/6719 with read ROI [1232:2800, 8144:9712, 8144:9712] (1568, 1568, 1568) and write ROI [1728:2304, 8640:9216, 8640:9216] (576, 576, 576)
Recorded block-done for octoS0SubroiZ15683136Y78409408X1097612544Difficultsoma_pred_affs/6719 with read ROI [1232:2800, 8144:9712, 8144:9712] (1568, 1568, 1568) and write ROI [1728:2304, 8640:9216, 8640:9216] (576, 576, 576)
Recording block-done for octoS0SubroiZ15683136Y78409408X1097612544Difficultsoma_pred_affs/7963 with read ROI [1232:2800, 8720:10288, 8720:10288] (1568, 1568, 1568) and write ROI [1728:2304, 9216:9792, 9216:9792] (576, 576, 576)
Recorded block-done for octoS0SubroiZ15683136Y78409408X1097612544Difficultsoma_pred_affs/7963 with read ROI [1232:2800, 8720:10288, 8720:10288] (1568, 1568, 1568) and write ROI [1728:2304, 9216:9792, 9216:9792] (576, 576, 576)
Recording block-done for octoS0SubroiZ15683136Y78409408X1097612544Difficultsoma_pred_affs/10073 with read ROI [1232:2800, 8720:10288, 10448:12016] (1568, 1568, 1568) and write ROI [1728:2304, 9216:9792, 10944:11520] (576, 576, 576)
Recorded block-done for octoS0SubroiZ15683136Y78409408X1097612544Difficultsoma_pred_affs/10073 with read ROI [1232:2800, 8720:10288, 10448:12016] (1568, 1568, 1568) and write ROI [1728:2304, 9216:9792, 10944:11520] (576, 576, 576)
Recording block-done for octoS0SubroiZ15683136Y78409408X1097612544Difficultsoma_pred_affs/4708 with read ROI [1232:2800, 9296:10864, 4688:6256] (1568, 1568, 1568) and write ROI [1728:2304, 9792:10368, 5184:5760] (576, 576, 576)
Recorded block-done for octoS0SubroiZ15683136Y78409408X1097612544Difficultsoma_pred_affs/4708 with read ROI [1232:2800, 9296:10864, 4688:6256] (1568, 1568, 1568) and write ROI [1728:2304, 9792:10368, 5184:5760] (576, 576, 576)
Recording block-done for octoS0SubroiZ15683136Y78409408X1097612544Difficultsoma_pred_affs/3867 with read ROI [1232:2800, 9296:10864, 3536:5104] (1568, 1568, 1568) and write ROI [1728:2304, 9792:10368, 4032:4608] (576, 576, 576)
Recorded block-done for octoS0SubroiZ15683136Y78409408X1097612544Difficultsoma_pred_affs/3867 with read ROI [1232:2800, 9296:10864, 3536:5104] (1568, 1568, 1568) and write ROI [1728:2304, 9792:10368, 4032:4608] (576, 576, 576)
Recording block-done for octoS0SubroiZ15683136Y78409408X1097612544Difficultsoma_pred_affs/2834 with read ROI [1232:2800, 9872:11440, 1232:2800] (1568, 1568, 1568) and write ROI [1728:2304, 10368:10944, 1728:2304] (576, 576, 576)
Recorded block-done for octoS0SubroiZ15683136Y78409408X1097612544Difficultsoma_pred_affs/2834 with read ROI [1232:2800, 9872:11440, 1232:2800] (1568, 1568, 1568) and write ROI [1728:2304, 10368:10944, 1728:2304] (576, 576, 576)
Recording block-done for octoS0SubroiZ15683136Y78409408X1097612544Difficultsoma_pred_affs/3888 with read ROI [1232:2800, 9872:11440, 2960:4528] (1568, 1568, 1568) and write ROI [1728:2304, 10368:10944, 3456:4032] (576, 576, 576)
Recorded block-done for octoS0SubroiZ15683136Y78409408X1097612544Difficultsoma_pred_affs/3888 with read ROI [1232:2800, 9872:11440, 2960:4528] (1568, 1568, 1568) and write ROI [1728:2304, 10368:10944, 3456:4032] (576, 576, 576)
Recording block-done for octoS0SubroiZ15683136Y78409408X1097612544Difficultsoma_pred_affs/4294 with read ROI [1232:2800, 9872:11440, 3536:5104] (1568, 1568, 1568) and write ROI [1728:2304, 10368:10944, 4032:4608] (576, 576, 576)
Recorded block-done for octoS0SubroiZ15683136Y78409408X1097612544Difficultsoma_pred_affs/4294 with read ROI [1232:2800, 9872:11440, 3536:5104] (1568, 1568, 1568) and write ROI [1728:2304, 10368:10944, 4032:4608] (576, 576, 576)
Recording block-done for octoS0SubroiZ15683136Y78409408X1097612544Difficultsoma_pred_affs/8670 with read ROI [1232:2800, 9872:11440, 8144:9712] (1568, 1568, 1568) and write ROI [1728:2304, 10368:10944, 8640:9216] (576, 576, 576)
Recorded block-done for octoS0SubroiZ15683136Y78409408X1097612544Difficultsoma_pred_affs/8670 with read ROI [1232:2800, 9872:11440, 8144:9712] (1568, 1568, 1568) and write ROI [1728:2304, 10368:10944, 8640:9216] (576, 576, 576)
Recording block-done for octoS0SubroiZ15683136Y78409408X1097612544Difficultsoma_pred_affs/2556 with read ROI [1232:2800, 10448:12016, 80:1648] (1568, 1568, 1568) and write ROI [1728:2304, 10944:11520, 576:1152] (576, 576, 576)
Recorded block-done for octoS0SubroiZ15683136Y78409408X1097612544Difficultsoma_pred_affs/2556 with read ROI [1232:2800, 10448:12016, 80:1648] (1568, 1568, 1568) and write ROI [1728:2304, 10944:11520, 576:1152] (576, 576, 576)
Recording block-done for octoS0SubroiZ15683136Y78409408X1097612544Difficultsoma_pred_affs/6240 with read ROI [1232:2800, 10448:12016, 5264:6832] (1568, 1568, 1568) and write ROI [1728:2304, 10944:11520, 5760:6336] (576, 576, 576)
Recorded block-done for octoS0SubroiZ15683136Y78409408X1097612544Difficultsoma_pred_affs/6240 with read ROI [1232:2800, 10448:12016, 5264:6832] (1568, 1568, 1568) and write ROI [1728:2304, 10944:11520, 5760:6336] (576, 576, 576)
Recording block-done for octoS0SubroiZ15683136Y78409408X1097612544Difficultsoma_pred_affs/9395 with read ROI [1232:2800, 10448:12016, 8144:9712] (1568, 1568, 1568) and write ROI [1728:2304, 10944:11520, 8640:9216] (576, 576, 576)
Recorded block-done for octoS0SubroiZ15683136Y78409408X1097612544Difficultsoma_pred_affs/9395 with read ROI [1232:2800, 10448:12016, 8144:9712] (1568, 1568, 1568) and write ROI [1728:2304, 10944:11520, 8640:9216] (576, 576, 576)
Recording block-done for octoS0SubroiZ15683136Y78409408X1097612544Difficultsoma_pred_affs/8692 with read ROI [1232:2800, 10448:12016, 7568:9136] (1568, 1568, 1568) and write ROI [1728:2304, 10944:11520, 8064:8640] (576, 576, 576)
Recorded block-done for octoS0SubroiZ15683136Y78409408X1097612544Difficultsoma_pred_affs/8692 with read ROI [1232:2800, 10448:12016, 7568:9136] (1568, 1568, 1568) and write ROI [1728:2304, 10944:11520, 8064:8640] (576, 576, 576)
Recording block-done for octoS0SubroiZ15683136Y78409408X1097612544Difficultsoma_pred_affs/109 with read ROI [1808:3376, 656:2224, 80:1648] (1568, 1568, 1568) and write ROI [2304:2880, 1152:1728, 576:1152] (576, 576, 576)
Recorded block-done for octoS0SubroiZ15683136Y78409408X1097612544Difficultsoma_pred_affs/109 with read ROI [1808:3376, 656:2224, 80:1648] (1568, 1568, 1568) and write ROI [2304:2880, 1152:1728, 576:1152] (576, 576, 576)
Recording block-done for octoS0SubroiZ15683136Y78409408X1097612544Difficultsoma_pred_affs/2319 with read ROI [1808:3376, 80:1648, 9872:11440] (1568, 1568, 1568) and write ROI [2304:2880, 576:1152, 10368:10944] (576, 576, 576)
Recorded block-done for octoS0SubroiZ15683136Y78409408X1097612544Difficultsoma_pred_affs/2319 with read ROI [1808:3376, 80:1648, 9872:11440] (1568, 1568, 1568) and write ROI [2304:2880, 576:1152, 10368:10944] (576, 576, 576)
Recording block-done for octoS0SubroiZ15683136Y78409408X1097612544Difficultsoma_pred_affs/988 with read ROI [1808:3376, 80:1648, 6416:7984] (1568, 1568, 1568) and write ROI [2304:2880, 576:1152, 6912:7488] (576, 576, 576)
Recorded block-done for octoS0SubroiZ15683136Y78409408X1097612544Difficultsoma_pred_affs/988 with read ROI [1808:3376, 80:1648, 6416:7984] (1568, 1568, 1568) and write ROI [2304:2880, 576:1152, 6912:7488] (576, 576, 576)
Recording block-done for octoS0SubroiZ15683136Y78409408X1097612544Difficultsoma_pred_affs/305 with read ROI [1808:3376, 80:1648, 2960:4528] (1568, 1568, 1568) and write ROI [2304:2880, 576:1152, 3456:4032] (576, 576, 576)
Recorded block-done for octoS0SubroiZ15683136Y78409408X1097612544Difficultsoma_pred_affs/305 with read ROI [1808:3376, 80:1648, 2960:4528] (1568, 1568, 1568) and write ROI [2304:2880, 576:1152, 3456:4032] (576, 576, 576)
Recording block-done for octoS0SubroiZ15683136Y78409408X1097612544Difficultsoma_pred_affs/396 with read ROI [1808:3376, 1232:2800, 2384:3952] (1568, 1568, 1568) and write ROI [2304:2880, 1728:2304, 2880:3456] (576, 576, 576)
Recorded block-done for octoS0SubroiZ15683136Y78409408X1097612544Difficultsoma_pred_affs/396 with read ROI [1808:3376, 1232:2800, 2384:3952] (1568, 1568, 1568) and write ROI [2304:2880, 1728:2304, 2880:3456] (576, 576, 576)
Recording block-done for octoS0SubroiZ15683136Y78409408X1097612544Difficultsoma_pred_affs/592 with read ROI [1808:3376, 1232:2800, 3536:5104] (1568, 1568, 1568) and write ROI [2304:2880, 1728:2304, 4032:4608] (576, 576, 576)
Recorded block-done for octoS0SubroiZ15683136Y78409408X1097612544Difficultsoma_pred_affs/592 with read ROI [1808:3376, 1232:2800, 3536:5104] (1568, 1568, 1568) and write ROI [2304:2880, 1728:2304, 4032:4608] (576, 576, 576)
Recording block-done for octoS0SubroiZ15683136Y78409408X1097612544Difficultsoma_pred_affs/1796 with read ROI [1808:3376, 656:2224, 8144:9712] (1568, 1568, 1568) and write ROI [2304:2880, 1152:1728, 8640:9216] (576, 576, 576)
Recorded block-done for octoS0SubroiZ15683136Y78409408X1097612544Difficultsoma_pred_affs/1796 with read ROI [1808:3376, 656:2224, 8144:9712] (1568, 1568, 1568) and write ROI [2304:2880, 1152:1728, 8640:9216] (576, 576, 576)
Recording block-done for octoS0SubroiZ15683136Y78409408X1097612544Difficultsoma_pred_affs/480 with read ROI [1808:3376, 656:2224, 3536:5104] (1568, 1568, 1568) and write ROI [2304:2880, 1152:1728, 4032:4608] (576, 576, 576)
Recorded block-done for octoS0SubroiZ15683136Y78409408X1097612544Difficultsoma_pred_affs/480 with read ROI [1808:3376, 656:2224, 3536:5104] (1568, 1568, 1568) and write ROI [2304:2880, 1152:1728, 4032:4608] (576, 576, 576)
Recording block-done for octoS0SubroiZ15683136Y78409408X1097612544Difficultsoma_pred_affs/2332 with read ROI [1808:3376, 1232:2800, 8720:10288] (1568, 1568, 1568) and write ROI [2304:2880, 1728:2304, 9216:9792] (576, 576, 576)
Recorded block-done for octoS0SubroiZ15683136Y78409408X1097612544Difficultsoma_pred_affs/2332 with read ROI [1808:3376, 1232:2800, 8720:10288] (1568, 1568, 1568) and write ROI [2304:2880, 1728:2304, 9216:9792] (576, 576, 576)
Recording block-done for octoS0SubroiZ15683136Y78409408X1097612544Difficultsoma_pred_affs/3308 with read ROI [1808:3376, 1232:2800, 10448:12016] (1568, 1568, 1568) and write ROI [2304:2880, 1728:2304, 10944:11520] (576, 576, 576)
Recorded block-done for octoS0SubroiZ15683136Y78409408X1097612544Difficultsoma_pred_affs/3308 with read ROI [1808:3376, 1232:2800, 10448:12016] (1568, 1568, 1568) and write ROI [2304:2880, 1728:2304, 10944:11520] (576, 576, 576)
Recording block-done for octoS0SubroiZ15683136Y78409408X1097612544Difficultsoma_pred_affs/1811 with read ROI [1808:3376, 1808:3376, 6992:8560] (1568, 1568, 1568) and write ROI [2304:2880, 2304:2880, 7488:8064] (576, 576, 576)
Recorded block-done for octoS0SubroiZ15683136Y78409408X1097612544Difficultsoma_pred_affs/1811 with read ROI [1808:3376, 1808:3376, 6992:8560] (1568, 1568, 1568) and write ROI [2304:2880, 2304:2880, 7488:8064] (576, 576, 576)
Recording block-done for octoS0SubroiZ15683136Y78409408X1097612544Difficultsoma_pred_affs/2640 with read ROI [1808:3376, 1808:3376, 8720:10288] (1568, 1568, 1568) and write ROI [2304:2880, 2304:2880, 9216:9792] (576, 576, 576)
Recorded block-done for octoS0SubroiZ15683136Y78409408X1097612544Difficultsoma_pred_affs/2640 with read ROI [1808:3376, 1808:3376, 8720:10288] (1568, 1568, 1568) and write ROI [2304:2880, 2304:2880, 9216:9792] (576, 576, 576)
Recording block-done for octoS0SubroiZ15683136Y78409408X1097612544Difficultsoma_pred_affs/2064 with read ROI [1808:3376, 1808:3376, 7568:9136] (1568, 1568, 1568) and write ROI [2304:2880, 2304:2880, 8064:8640] (576, 576, 576)
Recorded block-done for octoS0SubroiZ15683136Y78409408X1097612544Difficultsoma_pred_affs/2064 with read ROI [1808:3376, 1808:3376, 7568:9136] (1568, 1568, 1568) and write ROI [2304:2880, 2304:2880, 8064:8640] (576, 576, 576)
Recording block-done for octoS0SubroiZ15683136Y78409408X1097612544Difficultsoma_pred_affs/609 with read ROI [1808:3376, 2384:3952, 2384:3952] (1568, 1568, 1568) and write ROI [2304:2880, 2880:3456, 2880:3456] (576, 576, 576)
Recorded block-done for octoS0SubroiZ15683136Y78409408X1097612544Difficultsoma_pred_affs/609 with read ROI [1808:3376, 2384:3952, 2384:3952] (1568, 1568, 1568) and write ROI [2304:2880, 2880:3456, 2880:3456] (576, 576, 576)
Recording block-done for octoS0SubroiZ15683136Y78409408X1097612544Difficultsoma_pred_affs/1189 with read ROI [1808:3376, 2384:3952, 4688:6256] (1568, 1568, 1568) and write ROI [2304:2880, 2880:3456, 5184:5760] (576, 576, 576)
Recorded block-done for octoS0SubroiZ15683136Y78409408X1097612544Difficultsoma_pred_affs/1189 with read ROI [1808:3376, 2384:3952, 4688:6256] (1568, 1568, 1568) and write ROI [2304:2880, 2880:3456, 5184:5760] (576, 576, 576)
Recording block-done for octoS0SubroiZ15683136Y78409408X1097612544Difficultsoma_pred_affs/4109 with read ROI [1808:3376, 2384:3952, 10448:12016] (1568, 1568, 1568) and write ROI [2304:2880, 2880:3456, 10944:11520] (576, 576, 576)
Recorded block-done for octoS0SubroiZ15683136Y78409408X1097612544Difficultsoma_pred_affs/4109 with read ROI [1808:3376, 2384:3952, 10448:12016] (1568, 1568, 1568) and write ROI [2304:2880, 2880:3456, 10944:11520] (576, 576, 576)
Recording block-done for octoS0SubroiZ15683136Y78409408X1097612544Difficultsoma_pred_affs/345 with read ROI [1808:3376, 2960:4528, 80:1648] (1568, 1568, 1568) and write ROI [2304:2880, 3456:4032, 576:1152] (576, 576, 576)
Recorded block-done for octoS0SubroiZ15683136Y78409408X1097612544Difficultsoma_pred_affs/345 with read ROI [1808:3376, 2960:4528, 80:1648] (1568, 1568, 1568) and write ROI [2304:2880, 3456:4032, 576:1152] (576, 576, 576)
Recording block-done for octoS0SubroiZ15683136Y78409408X1097612544Difficultsoma_pred_affs/2649 with read ROI [1808:3376, 2384:3952, 8144:9712] (1568, 1568, 1568) and write ROI [2304:2880, 2880:3456, 8640:9216] (576, 576, 576)
Recorded block-done for octoS0SubroiZ15683136Y78409408X1097612544Difficultsoma_pred_affs/2649 with read ROI [1808:3376, 2384:3952, 8144:9712] (1568, 1568, 1568) and write ROI [2304:2880, 2880:3456, 8640:9216] (576, 576, 576)
Recording block-done for octoS0SubroiZ15683136Y78409408X1097612544Difficultsoma_pred_affs/3713 with read ROI [1808:3376, 2960:4528, 9296:10864] (1568, 1568, 1568) and write ROI [2304:2880, 3456:4032, 9792:10368] (576, 576, 576)
Recorded block-done for octoS0SubroiZ15683136Y78409408X1097612544Difficultsoma_pred_affs/3713 with read ROI [1808:3376, 2960:4528, 9296:10864] (1568, 1568, 1568) and write ROI [2304:2880, 3456:4032, 9792:10368] (576, 576, 576)
Recording block-done for octoS0SubroiZ15683136Y78409408X1097612544Difficultsoma_pred_affs/4554 with read ROI [1808:3376, 2960:4528, 10448:12016] (1568, 1568, 1568) and write ROI [2304:2880, 3456:4032, 10944:11520] (576, 576, 576)
Recorded block-done for octoS0SubroiZ15683136Y78409408X1097612544Difficultsoma_pred_affs/4554 with read ROI [1808:3376, 2960:4528, 10448:12016] (1568, 1568, 1568) and write ROI [2304:2880, 3456:4032, 10944:11520] (576, 576, 576)
Recording block-done for octoS0SubroiZ15683136Y78409408X1097612544Difficultsoma_pred_affs/1400 with read ROI [1808:3376, 3536:5104, 4112:5680] (1568, 1568, 1568) and write ROI [2304:2880, 4032:4608, 4608:5184] (576, 576, 576)
Recorded block-done for octoS0SubroiZ15683136Y78409408X1097612544Difficultsoma_pred_affs/1400 with read ROI [1808:3376, 3536:5104, 4112:5680] (1568, 1568, 1568) and write ROI [2304:2880, 4032:4608, 4608:5184] (576, 576, 576)
Recording block-done for octoS0SubroiZ15683136Y78409408X1097612544Difficultsoma_pred_affs/898 with read ROI [1808:3376, 4112:5680, 1808:3376] (1568, 1568, 1568) and write ROI [2304:2880, 4608:5184, 2304:2880] (576, 576, 576)
Recorded block-done for octoS0SubroiZ15683136Y78409408X1097612544Difficultsoma_pred_affs/898 with read ROI [1808:3376, 4112:5680, 1808:3376] (1568, 1568, 1568) and write ROI [2304:2880, 4608:5184, 2304:2880] (576, 576, 576)
Recording block-done for octoS0SubroiZ15683136Y78409408X1097612544Difficultsoma_pred_affs/1051 with read ROI [1808:3376, 4112:5680, 2384:3952] (1568, 1568, 1568) and write ROI [2304:2880, 4608:5184, 2880:3456] (576, 576, 576)
Recorded block-done for octoS0SubroiZ15683136Y78409408X1097612544Difficultsoma_pred_affs/1051 with read ROI [1808:3376, 4112:5680, 2384:3952] (1568, 1568, 1568) and write ROI [2304:2880, 4608:5184, 2880:3456] (576, 576, 576)
Recording block-done for octoS0SubroiZ15683136Y78409408X1097612544Difficultsoma_pred_affs/1412 with read ROI [1808:3376, 4112:5680, 3536:5104] (1568, 1568, 1568) and write ROI [2304:2880, 4608:5184, 4032:4608] (576, 576, 576)
Recorded block-done for octoS0SubroiZ15683136Y78409408X1097612544Difficultsoma_pred_affs/1412 with read ROI [1808:3376, 4112:5680, 3536:5104] (1568, 1568, 1568) and write ROI [2304:2880, 4608:5184, 4032:4608] (576, 576, 576)
Recording block-done for octoS0SubroiZ15683136Y78409408X1097612544Difficultsoma_pred_affs/3007 with read ROI [1808:3376, 4112:5680, 6992:8560] (1568, 1568, 1568) and write ROI [2304:2880, 4608:5184, 7488:8064] (576, 576, 576)
Recorded block-done for octoS0SubroiZ15683136Y78409408X1097612544Difficultsoma_pred_affs/3007 with read ROI [1808:3376, 4112:5680, 6992:8560] (1568, 1568, 1568) and write ROI [2304:2880, 4608:5184, 7488:8064] (576, 576, 576)
Recording block-done for octoS0SubroiZ15683136Y78409408X1097612544Difficultsoma_pred_affs/3358 with read ROI [1808:3376, 4112:5680, 7568:9136] (1568, 1568, 1568) and write ROI [2304:2880, 4608:5184, 8064:8640] (576, 576, 576)
Recorded block-done for octoS0SubroiZ15683136Y78409408X1097612544Difficultsoma_pred_affs/3358 with read ROI [1808:3376, 4112:5680, 7568:9136] (1568, 1568, 1568) and write ROI [2304:2880, 4608:5184, 8064:8640] (576, 576, 576)
Recording block-done for octoS0SubroiZ15683136Y78409408X1097612544Difficultsoma_pred_affs/1064 with read ROI [1808:3376, 4688:6256, 1808:3376] (1568, 1568, 1568) and write ROI [2304:2880, 5184:5760, 2304:2880] (576, 576, 576)
Recorded block-done for octoS0SubroiZ15683136Y78409408X1097612544Difficultsoma_pred_affs/1064 with read ROI [1808:3376, 4688:6256, 1808:3376] (1568, 1568, 1568) and write ROI [2304:2880, 5184:5760, 2304:2880] (576, 576, 576)
Recording block-done for octoS0SubroiZ15683136Y78409408X1097612544Difficultsoma_pred_affs/2695 with read ROI [1808:3376, 4688:6256, 5840:7408] (1568, 1568, 1568) and write ROI [2304:2880, 5184:5760, 6336:6912] (576, 576, 576)
Recorded block-done for octoS0SubroiZ15683136Y78409408X1097612544Difficultsoma_pred_affs/2695 with read ROI [1808:3376, 4688:6256, 5840:7408] (1568, 1568, 1568) and write ROI [2304:2880, 5184:5760, 6336:6912] (576, 576, 576)
Recording block-done for octoS0SubroiZ15683136Y78409408X1097612544Difficultsoma_pred_affs/1249 with read ROI [1808:3376, 5264:6832, 1808:3376] (1568, 1568, 1568) and write ROI [2304:2880, 5760:6336, 2304:2880] (576, 576, 576)
Recorded block-done for octoS0SubroiZ15683136Y78409408X1097612544Difficultsoma_pred_affs/1249 with read ROI [1808:3376, 5264:6832, 1808:3376] (1568, 1568, 1568) and write ROI [2304:2880, 5760:6336, 2304:2880] (576, 576, 576)
Recording block-done for octoS0SubroiZ15683136Y78409408X1097612544Difficultsoma_pred_affs/2709 with read ROI [1808:3376, 5264:6832, 5264:6832] (1568, 1568, 1568) and write ROI [2304:2880, 5760:6336, 5760:6336] (576, 576, 576)
Recorded block-done for octoS0SubroiZ15683136Y78409408X1097612544Difficultsoma_pred_affs/2709 with read ROI [1808:3376, 5264:6832, 5264:6832] (1568, 1568, 1568) and write ROI [2304:2880, 5760:6336, 5760:6336] (576, 576, 576)
Recording block-done for octoS0SubroiZ15683136Y78409408X1097612544Difficultsoma_pred_affs/3034 with read ROI [1808:3376, 5264:6832, 5840:7408] (1568, 1568, 1568) and write ROI [2304:2880, 5760:6336, 6336:6912] (576, 576, 576)
Recorded block-done for octoS0SubroiZ15683136Y78409408X1097612544Difficultsoma_pred_affs/3034 with read ROI [1808:3376, 5264:6832, 5840:7408] (1568, 1568, 1568) and write ROI [2304:2880, 5760:6336, 6336:6912] (576, 576, 576)
Recording block-done for octoS0SubroiZ15683136Y78409408X1097612544Difficultsoma_pred_affs/5565 with read ROI [1808:3376, 5264:6832, 9296:10864] (1568, 1568, 1568) and write ROI [2304:2880, 5760:6336, 9792:10368] (576, 576, 576)
Recorded block-done for octoS0SubroiZ15683136Y78409408X1097612544Difficultsoma_pred_affs/5565 with read ROI [1808:3376, 5264:6832, 9296:10864] (1568, 1568, 1568) and write ROI [2304:2880, 5760:6336, 9792:10368] (576, 576, 576)
Recording block-done for octoS0SubroiZ15683136Y78409408X1097612544Difficultsoma_pred_affs/4169 with read ROI [1808:3376, 5264:6832, 7568:9136] (1568, 1568, 1568) and write ROI [2304:2880, 5760:6336, 8064:8640] (576, 576, 576)
Recorded block-done for octoS0SubroiZ15683136Y78409408X1097612544Difficultsoma_pred_affs/4169 with read ROI [1808:3376, 5264:6832, 7568:9136] (1568, 1568, 1568) and write ROI [2304:2880, 5760:6336, 8064:8640] (576, 576, 576)
Recording block-done for octoS0SubroiZ15683136Y78409408X1097612544Difficultsoma_pred_affs/2724 with read ROI [1808:3376, 5840:7408, 4688:6256] (1568, 1568, 1568) and write ROI [2304:2880, 6336:6912, 5184:5760] (576, 576, 576)
Recorded block-done for octoS0SubroiZ15683136Y78409408X1097612544Difficultsoma_pred_affs/2724 with read ROI [1808:3376, 5840:7408, 4688:6256] (1568, 1568, 1568) and write ROI [2304:2880, 6336:6912, 5184:5760] (576, 576, 576)
Recording block-done for octoS0SubroiZ15683136Y78409408X1097612544Difficultsoma_pred_affs/6108 with read ROI [1808:3376, 5840:7408, 9296:10864] (1568, 1568, 1568) and write ROI [2304:2880, 6336:6912, 9792:10368] (576, 576, 576)
Recorded block-done for octoS0SubroiZ15683136Y78409408X1097612544Difficultsoma_pred_affs/6108 with read ROI [1808:3376, 5840:7408, 9296:10864] (1568, 1568, 1568) and write ROI [2304:2880, 6336:6912, 9792:10368] (576, 576, 576)
Recording block-done for octoS0SubroiZ15683136Y78409408X1097612544Difficultsoma_pred_affs/5580 with read ROI [1808:3376, 5840:7408, 8720:10288] (1568, 1568, 1568) and write ROI [2304:2880, 6336:6912, 9216:9792] (576, 576, 576)
Recorded block-done for octoS0SubroiZ15683136Y78409408X1097612544Difficultsoma_pred_affs/5580 with read ROI [1808:3376, 5840:7408, 8720:10288] (1568, 1568, 1568) and write ROI [2304:2880, 6336:6912, 9216:9792] (576, 576, 576)
Recording block-done for octoS0SubroiZ15683136Y78409408X1097612544Difficultsoma_pred_affs/1470 with read ROI [1808:3376, 6416:7984, 1232:2800] (1568, 1568, 1568) and write ROI [2304:2880, 6912:7488, 1728:2304] (576, 576, 576)
Recorded block-done for octoS0SubroiZ15683136Y78409408X1097612544Difficultsoma_pred_affs/1470 with read ROI [1808:3376, 6416:7984, 1232:2800] (1568, 1568, 1568) and write ROI [2304:2880, 6912:7488, 1728:2304] (576, 576, 576)
Recording block-done for octoS0SubroiZ15683136Y78409408X1097612544Difficultsoma_pred_affs/5596 with read ROI [1808:3376, 6416:7984, 8144:9712] (1568, 1568, 1568) and write ROI [2304:2880, 6912:7488, 8640:9216] (576, 576, 576)
Recorded block-done for octoS0SubroiZ15683136Y78409408X1097612544Difficultsoma_pred_affs/5596 with read ROI [1808:3376, 6416:7984, 8144:9712] (1568, 1568, 1568) and write ROI [2304:2880, 6912:7488, 8640:9216] (576, 576, 576)
Recording block-done for octoS0SubroiZ15683136Y78409408X1097612544Difficultsoma_pred_affs/2181 with read ROI [1808:3376, 6992:8560, 2384:3952] (1568, 1568, 1568) and write ROI [2304:2880, 7488:8064, 2880:3456] (576, 576, 576)
Recorded block-done for octoS0SubroiZ15683136Y78409408X1097612544Difficultsoma_pred_affs/2181 with read ROI [1808:3376, 6992:8560, 2384:3952] (1568, 1568, 1568) and write ROI [2304:2880, 7488:8064, 2880:3456] (576, 576, 576)
Recording block-done for octoS0SubroiZ15683136Y78409408X1097612544Difficultsoma_pred_affs/2457 with read ROI [1808:3376, 6992:8560, 2960:4528] (1568, 1568, 1568) and write ROI [2304:2880, 7488:8064, 3456:4032] (576, 576, 576)
Recorded block-done for octoS0SubroiZ15683136Y78409408X1097612544Difficultsoma_pred_affs/2457 with read ROI [1808:3376, 6992:8560, 2960:4528] (1568, 1568, 1568) and write ROI [2304:2880, 7488:8064, 3456:4032] (576, 576, 576)
Recording block-done for octoS0SubroiZ15683136Y78409408X1097612544Difficultsoma_pred_affs/5135 with read ROI [1808:3376, 7568:9136, 6416:7984] (1568, 1568, 1568) and write ROI [2304:2880, 8064:8640, 6912:7488] (576, 576, 576)
Recorded block-done for octoS0SubroiZ15683136Y78409408X1097612544Difficultsoma_pred_affs/5135 with read ROI [1808:3376, 7568:9136, 6416:7984] (1568, 1568, 1568) and write ROI [2304:2880, 8064:8640, 6912:7488] (576, 576, 576)
Recording block-done for octoS0SubroiZ15683136Y78409408X1097612544Difficultsoma_pred_affs/3100 with read ROI [1808:3376, 7568:9136, 3536:5104] (1568, 1568, 1568) and write ROI [2304:2880, 8064:8640, 4032:4608] (576, 576, 576)
Recorded block-done for octoS0SubroiZ15683136Y78409408X1097612544Difficultsoma_pred_affs/3100 with read ROI [1808:3376, 7568:9136, 3536:5104] (1568, 1568, 1568) and write ROI [2304:2880, 8064:8640, 4032:4608] (576, 576, 576)
Recording block-done for octoS0SubroiZ15683136Y78409408X1097612544Difficultsoma_pred_affs/4689 with read ROI [1808:3376, 8144:9712, 5264:6832] (1568, 1568, 1568) and write ROI [2304:2880, 8640:9216, 5760:6336] (576, 576, 576)
Recorded block-done for octoS0SubroiZ15683136Y78409408X1097612544Difficultsoma_pred_affs/4689 with read ROI [1808:3376, 8144:9712, 5264:6832] (1568, 1568, 1568) and write ROI [2304:2880, 8640:9216, 5760:6336] (576, 576, 576)
Recording block-done for octoS0SubroiZ15683136Y78409408X1097612544Difficultsoma_pred_affs/3139 with read ROI [1808:3376, 8720:10288, 2384:3952] (1568, 1568, 1568) and write ROI [2304:2880, 9216:9792, 2880:3456] (576, 576, 576)
Recorded block-done for octoS0SubroiZ15683136Y78409408X1097612544Difficultsoma_pred_affs/3139 with read ROI [1808:3376, 8720:10288, 2384:3952] (1568, 1568, 1568) and write ROI [2304:2880, 9216:9792, 2880:3456] (576, 576, 576)
Recording block-done for octoS0SubroiZ15683136Y78409408X1097612544Difficultsoma_pred_affs/6178 with read ROI [1808:3376, 8144:9712, 6992:8560] (1568, 1568, 1568) and write ROI [2304:2880, 8640:9216, 7488:8064] (576, 576, 576)
Recorded block-done for octoS0SubroiZ15683136Y78409408X1097612544Difficultsoma_pred_affs/6178 with read ROI [1808:3376, 8144:9712, 6992:8560] (1568, 1568, 1568) and write ROI [2304:2880, 8640:9216, 7488:8064] (576, 576, 576)
Recording block-done for octoS0SubroiZ15683136Y78409408X1097612544Difficultsoma_pred_affs/4709 with read ROI [1808:3376, 8720:10288, 4688:6256] (1568, 1568, 1568) and write ROI [2304:2880, 9216:9792, 5184:5760] (576, 576, 576)
Recorded block-done for octoS0SubroiZ15683136Y78409408X1097612544Difficultsoma_pred_affs/4709 with read ROI [1808:3376, 8720:10288, 4688:6256] (1568, 1568, 1568) and write ROI [2304:2880, 9216:9792, 5184:5760] (576, 576, 576)
Recording block-done for octoS0SubroiZ15683136Y78409408X1097612544Difficultsoma_pred_affs/6759 with read ROI [1808:3376, 8720:10288, 6992:8560] (1568, 1568, 1568) and write ROI [2304:2880, 9216:9792, 7488:8064] (576, 576, 576)
Recorded block-done for octoS0SubroiZ15683136Y78409408X1097612544Difficultsoma_pred_affs/6759 with read ROI [1808:3376, 8720:10288, 6992:8560] (1568, 1568, 1568) and write ROI [2304:2880, 9216:9792, 7488:8064] (576, 576, 576)
Recording block-done for octoS0SubroiZ15683136Y78409408X1097612544Difficultsoma_pred_affs/2835 with read ROI [1808:3376, 9296:10864, 1232:2800] (1568, 1568, 1568) and write ROI [2304:2880, 9792:10368, 1728:2304] (576, 576, 576)
Recorded block-done for octoS0SubroiZ15683136Y78409408X1097612544Difficultsoma_pred_affs/2835 with read ROI [1808:3376, 9296:10864, 1232:2800] (1568, 1568, 1568) and write ROI [2304:2880, 9792:10368, 1728:2304] (576, 576, 576)
Recording block-done for octoS0SubroiZ15683136Y78409408X1097612544Difficultsoma_pred_affs/4730 with read ROI [1808:3376, 9296:10864, 4112:5680] (1568, 1568, 1568) and write ROI [2304:2880, 9792:10368, 4608:5184] (576, 576, 576)
Recorded block-done for octoS0SubroiZ15683136Y78409408X1097612544Difficultsoma_pred_affs/4730 with read ROI [1808:3376, 9296:10864, 4112:5680] (1568, 1568, 1568) and write ROI [2304:2880, 9792:10368, 4608:5184] (576, 576, 576)
Recording block-done for octoS0SubroiZ15683136Y78409408X1097612544Difficultsoma_pred_affs/6780 with read ROI [1808:3376, 9296:10864, 6416:7984] (1568, 1568, 1568) and write ROI [2304:2880, 9792:10368, 6912:7488] (576, 576, 576)
Recorded block-done for octoS0SubroiZ15683136Y78409408X1097612544Difficultsoma_pred_affs/6780 with read ROI [1808:3376, 9296:10864, 6416:7984] (1568, 1568, 1568) and write ROI [2304:2880, 9792:10368, 6912:7488] (576, 576, 576)
Recording block-done for octoS0SubroiZ15683136Y78409408X1097612544Difficultsoma_pred_affs/10895 with read ROI [1808:3376, 9296:10864, 9872:11440] (1568, 1568, 1568) and write ROI [2304:2880, 9792:10368, 10368:10944] (576, 576, 576)
Recorded block-done for octoS0SubroiZ15683136Y78409408X1097612544Difficultsoma_pred_affs/10895 with read ROI [1808:3376, 9296:10864, 9872:11440] (1568, 1568, 1568) and write ROI [2304:2880, 9792:10368, 10368:10944] (576, 576, 576)
Recording block-done for octoS0SubroiZ15683136Y78409408X1097612544Difficultsoma_pred_affs/10917 with read ROI [1808:3376, 9872:11440, 9296:10864] (1568, 1568, 1568) and write ROI [2304:2880, 10368:10944, 9792:10368] (576, 576, 576)
Recorded block-done for octoS0SubroiZ15683136Y78409408X1097612544Difficultsoma_pred_affs/10917 with read ROI [1808:3376, 9872:11440, 9296:10864] (1568, 1568, 1568) and write ROI [2304:2880, 10368:10944, 9792:10368] (576, 576, 576)
Recording block-done for octoS0SubroiZ15683136Y78409408X1097612544Difficultsoma_pred_affs/7397 with read ROI [1808:3376, 9872:11440, 6416:7984] (1568, 1568, 1568) and write ROI [2304:2880, 10368:10944, 6912:7488] (576, 576, 576)
Recorded block-done for octoS0SubroiZ15683136Y78409408X1097612544Difficultsoma_pred_affs/7397 with read ROI [1808:3376, 9872:11440, 6416:7984] (1568, 1568, 1568) and write ROI [2304:2880, 10368:10944, 6912:7488] (576, 576, 576)
Recording block-done for octoS0SubroiZ15683136Y78409408X1097612544Difficultsoma_pred_affs/4317 with read ROI [1808:3376, 9872:11440, 2960:4528] (1568, 1568, 1568) and write ROI [2304:2880, 10368:10944, 3456:4032] (576, 576, 576)
Recorded block-done for octoS0SubroiZ15683136Y78409408X1097612544Difficultsoma_pred_affs/4317 with read ROI [1808:3376, 9872:11440, 2960:4528] (1568, 1568, 1568) and write ROI [2304:2880, 10368:10944, 3456:4032] (576, 576, 576)
Recording block-done for octoS0SubroiZ15683136Y78409408X1097612544Difficultsoma_pred_affs/3934 with read ROI [1808:3376, 10448:12016, 1808:3376] (1568, 1568, 1568) and write ROI [2304:2880, 10944:11520, 2304:2880] (576, 576, 576)
Recorded block-done for octoS0SubroiZ15683136Y78409408X1097612544Difficultsoma_pred_affs/3934 with read ROI [1808:3376, 10448:12016, 1808:3376] (1568, 1568, 1568) and write ROI [2304:2880, 10944:11520, 2304:2880] (576, 576, 576)
Recording block-done for octoS0SubroiZ15683136Y78409408X1097612544Difficultsoma_pred_affs/8693 with read ROI [1808:3376, 9872:11440, 7568:9136] (1568, 1568, 1568) and write ROI [2304:2880, 10368:10944, 8064:8640] (576, 576, 576)
Recorded block-done for octoS0SubroiZ15683136Y78409408X1097612544Difficultsoma_pred_affs/8693 with read ROI [1808:3376, 9872:11440, 7568:9136] (1568, 1568, 1568) and write ROI [2304:2880, 10368:10944, 8064:8640] (576, 576, 576)
Recording block-done for octoS0SubroiZ15683136Y78409408X1097612544Difficultsoma_pred_affs/10160 with read ROI [1808:3376, 10448:12016, 8144:9712] (1568, 1568, 1568) and write ROI [2304:2880, 10944:11520, 8640:9216] (576, 576, 576)
Recorded block-done for octoS0SubroiZ15683136Y78409408X1097612544Difficultsoma_pred_affs/10160 with read ROI [1808:3376, 10448:12016, 8144:9712] (1568, 1568, 1568) and write ROI [2304:2880, 10944:11520, 8640:9216] (576, 576, 576)
Recording block-done for octoS0SubroiZ15683136Y78409408X1097612544Difficultsoma_pred_affs/586 with read ROI [2384:3952, 80:1648, 4112:5680] (1568, 1568, 1568) and write ROI [2880:3456, 576:1152, 4608:5184] (576, 576, 576)
Recorded block-done for octoS0SubroiZ15683136Y78409408X1097612544Difficultsoma_pred_affs/586 with read ROI [2384:3952, 80:1648, 4112:5680] (1568, 1568, 1568) and write ROI [2880:3456, 576:1152, 4608:5184] (576, 576, 576)
Recording block-done for octoS0SubroiZ15683136Y78409408X1097612544Difficultsoma_pred_affs/390 with read ROI [2384:3952, 80:1648, 2960:4528] (1568, 1568, 1568) and write ROI [2880:3456, 576:1152, 3456:4032] (576, 576, 576)
Recorded block-done for octoS0SubroiZ15683136Y78409408X1097612544Difficultsoma_pred_affs/390 with read ROI [2384:3952, 80:1648, 2960:4528] (1568, 1568, 1568) and write ROI [2880:3456, 576:1152, 3456:4032] (576, 576, 576)
Recording block-done for octoS0SubroiZ15683136Y78409408X1097612544Difficultsoma_pred_affs/488 with read ROI [2384:3952, 656:2224, 2960:4528] (1568, 1568, 1568) and write ROI [2880:3456, 1152:1728, 3456:4032] (576, 576, 576)
Recorded block-done for octoS0SubroiZ15683136Y78409408X1097612544Difficultsoma_pred_affs/488 with read ROI [2384:3952, 656:2224, 2960:4528] (1568, 1568, 1568) and write ROI [2880:3456, 1152:1728, 3456:4032] (576, 576, 576)
Recording block-done for octoS0SubroiZ15683136Y78409408X1097612544Difficultsoma_pred_affs/849 with read ROI [2384:3952, 656:2224, 4688:6256] (1568, 1568, 1568) and write ROI [2880:3456, 1152:1728, 5184:5760] (576, 576, 576)
Recorded block-done for octoS0SubroiZ15683136Y78409408X1097612544Difficultsoma_pred_affs/849 with read ROI [2384:3952, 656:2224, 4688:6256] (1568, 1568, 1568) and write ROI [2880:3456, 1152:1728, 5184:5760] (576, 576, 576)
Recording block-done for octoS0SubroiZ15683136Y78409408X1097612544Difficultsoma_pred_affs/1002 with read ROI [2384:3952, 656:2224, 5264:6832] (1568, 1568, 1568) and write ROI [2880:3456, 1152:1728, 5760:6336] (576, 576, 576)
Recorded block-done for octoS0SubroiZ15683136Y78409408X1097612544Difficultsoma_pred_affs/1002 with read ROI [2384:3952, 656:2224, 5264:6832] (1568, 1568, 1568) and write ROI [2880:3456, 1152:1728, 5760:6336] (576, 576, 576)
Recording block-done for octoS0SubroiZ15683136Y78409408X1097612544Difficultsoma_pred_affs/1010 with read ROI [2384:3952, 1232:2800, 4688:6256] (1568, 1568, 1568) and write ROI [2880:3456, 1728:2304, 5184:5760] (576, 576, 576)
Recorded block-done for octoS0SubroiZ15683136Y78409408X1097612544Difficultsoma_pred_affs/1010 with read ROI [2384:3952, 1232:2800, 4688:6256] (1568, 1568, 1568) and write ROI [2880:3456, 1728:2304, 5184:5760] (576, 576, 576)
Recording block-done for octoS0SubroiZ15683136Y78409408X1097612544Difficultsoma_pred_affs/3309 with read ROI [2384:3952, 656:2224, 10448:12016] (1568, 1568, 1568) and write ROI [2880:3456, 1152:1728, 10944:11520] (576, 576, 576)
Recorded block-done for octoS0SubroiZ15683136Y78409408X1097612544Difficultsoma_pred_affs/3309 with read ROI [2384:3952, 656:2224, 10448:12016] (1568, 1568, 1568) and write ROI [2880:3456, 1152:1728, 10944:11520] (576, 576, 576)
Recording block-done for octoS0SubroiZ15683136Y78409408X1097612544Difficultsoma_pred_affs/261 with read ROI [2384:3952, 1232:2800, 656:2224] (1568, 1568, 1568) and write ROI [2880:3456, 1728:2304, 1152:1728] (576, 576, 576)
Recorded block-done for octoS0SubroiZ15683136Y78409408X1097612544Difficultsoma_pred_affs/261 with read ROI [2384:3952, 1232:2800, 656:2224] (1568, 1568, 1568) and write ROI [2880:3456, 1728:2304, 1152:1728] (576, 576, 576)
Recording block-done for octoS0SubroiZ15683136Y78409408X1097612544Difficultsoma_pred_affs/2341 with read ROI [2384:3952, 1232:2800, 8144:9712] (1568, 1568, 1568) and write ROI [2880:3456, 1728:2304, 8640:9216] (576, 576, 576)
Recorded block-done for octoS0SubroiZ15683136Y78409408X1097612544Difficultsoma_pred_affs/2341 with read ROI [2384:3952, 1232:2800, 8144:9712] (1568, 1568, 1568) and write ROI [2880:3456, 1728:2304, 8640:9216] (576, 576, 576)
Recording block-done for octoS0SubroiZ15683136Y78409408X1097612544Difficultsoma_pred_affs/601 with read ROI [2384:3952, 1232:2800, 2960:4528] (1568, 1568, 1568) and write ROI [2880:3456, 1728:2304, 3456:4032] (576, 576, 576)
Recorded block-done for octoS0SubroiZ15683136Y78409408X1097612544Difficultsoma_pred_affs/601 with read ROI [2384:3952, 1232:2800, 2960:4528] (1568, 1568, 1568) and write ROI [2880:3456, 1728:2304, 3456:4032] (576, 576, 576)
Recording block-done for octoS0SubroiZ15683136Y78409408X1097612544Difficultsoma_pred_affs/730 with read ROI [2384:3952, 1808:3376, 2960:4528] (1568, 1568, 1568) and write ROI [2880:3456, 2304:2880, 3456:4032] (576, 576, 576)
Recorded block-done for octoS0SubroiZ15683136Y78409408X1097612544Difficultsoma_pred_affs/730 with read ROI [2384:3952, 1808:3376, 2960:4528] (1568, 1568, 1568) and write ROI [2880:3456, 2304:2880, 3456:4032] (576, 576, 576)
Recording block-done for octoS0SubroiZ15683136Y78409408X1097612544Difficultsoma_pred_affs/1380 with read ROI [2384:3952, 1808:3376, 5264:6832] (1568, 1568, 1568) and write ROI [2880:3456, 2304:2880, 5760:6336] (576, 576, 576)
Recorded block-done for octoS0SubroiZ15683136Y78409408X1097612544Difficultsoma_pred_affs/1380 with read ROI [2384:3952, 1808:3376, 5264:6832] (1568, 1568, 1568) and write ROI [2880:3456, 2304:2880, 5760:6336] (576, 576, 576)
Recording block-done for octoS0SubroiZ15683136Y78409408X1097612544Difficultsoma_pred_affs/2350 with read ROI [2384:3952, 1808:3376, 7568:9136] (1568, 1568, 1568) and write ROI [2880:3456, 2304:2880, 8064:8640] (576, 576, 576)
Recorded block-done for octoS0SubroiZ15683136Y78409408X1097612544Difficultsoma_pred_affs/2350 with read ROI [2384:3952, 1808:3376, 7568:9136] (1568, 1568, 1568) and write ROI [2880:3456, 2304:2880, 8064:8640] (576, 576, 576)
Recording block-done for octoS0SubroiZ15683136Y78409408X1097612544Difficultsoma_pred_affs/515 with read ROI [2384:3952, 2384:3952, 1232:2800] (1568, 1568, 1568) and write ROI [2880:3456, 2880:3456, 1728:2304] (576, 576, 576)
Recorded block-done for octoS0SubroiZ15683136Y78409408X1097612544Difficultsoma_pred_affs/515 with read ROI [2384:3952, 2384:3952, 1232:2800] (1568, 1568, 1568) and write ROI [2880:3456, 2880:3456, 1728:2304] (576, 576, 576)
Recording block-done for octoS0SubroiZ15683136Y78409408X1097612544Difficultsoma_pred_affs/876 with read ROI [2384:3952, 2384:3952, 2960:4528] (1568, 1568, 1568) and write ROI [2880:3456, 2880:3456, 3456:4032] (576, 576, 576)
Recorded block-done for octoS0SubroiZ15683136Y78409408X1097612544Difficultsoma_pred_affs/876 with read ROI [2384:3952, 2384:3952, 2960:4528] (1568, 1568, 1568) and write ROI [2880:3456, 2880:3456, 3456:4032] (576, 576, 576)
Recording block-done for octoS0SubroiZ15683136Y78409408X1097612544Difficultsoma_pred_affs/2360 with read ROI [2384:3952, 2384:3952, 6992:8560] (1568, 1568, 1568) and write ROI [2880:3456, 2880:3456, 7488:8064] (576, 576, 576)
Recorded block-done for octoS0SubroiZ15683136Y78409408X1097612544Difficultsoma_pred_affs/2360 with read ROI [2384:3952, 2384:3952, 6992:8560] (1568, 1568, 1568) and write ROI [2880:3456, 2880:3456, 7488:8064] (576, 576, 576)
Recording block-done for octoS0SubroiZ15683136Y78409408X1097612544Difficultsoma_pred_affs/5031 with read ROI [2384:3952, 2960:4528, 10448:12016] (1568, 1568, 1568) and write ROI [2880:3456, 3456:4032, 10944:11520] (576, 576, 576)
Recorded block-done for octoS0SubroiZ15683136Y78409408X1097612544Difficultsoma_pred_affs/5031 with read ROI [2384:3952, 2960:4528, 10448:12016] (1568, 1568, 1568) and write ROI [2880:3456, 3456:4032, 10944:11520] (576, 576, 576)
Recording block-done for octoS0SubroiZ15683136Y78409408X1097612544Difficultsoma_pred_affs/1611 with read ROI [2384:3952, 2960:4528, 4688:6256] (1568, 1568, 1568) and write ROI [2880:3456, 3456:4032, 5184:5760] (576, 576, 576)
Recorded block-done for octoS0SubroiZ15683136Y78409408X1097612544Difficultsoma_pred_affs/1611 with read ROI [2384:3952, 2960:4528, 4688:6256] (1568, 1568, 1568) and write ROI [2880:3456, 3456:4032, 5184:5760] (576, 576, 576)
Recording block-done for octoS0SubroiZ15683136Y78409408X1097612544Difficultsoma_pred_affs/1211 with read ROI [2384:3952, 2960:4528, 3536:5104] (1568, 1568, 1568) and write ROI [2880:3456, 3456:4032, 4032:4608] (576, 576, 576)
Recorded block-done for octoS0SubroiZ15683136Y78409408X1097612544Difficultsoma_pred_affs/1211 with read ROI [2384:3952, 2960:4528, 3536:5104] (1568, 1568, 1568) and write ROI [2880:3456, 3456:4032, 4032:4608] (576, 576, 576)
Recording block-done for octoS0SubroiZ15683136Y78409408X1097612544Difficultsoma_pred_affs/2671 with read ROI [2384:3952, 2960:4528, 6992:8560] (1568, 1568, 1568) and write ROI [2880:3456, 3456:4032, 7488:8064] (576, 576, 576)
Recorded block-done for octoS0SubroiZ15683136Y78409408X1097612544Difficultsoma_pred_affs/2671 with read ROI [2384:3952, 2960:4528, 6992:8560] (1568, 1568, 1568) and write ROI [2880:3456, 3456:4032, 7488:8064] (576, 576, 576)
Recording block-done for octoS0SubroiZ15683136Y78409408X1097612544Difficultsoma_pred_affs/1223 with read ROI [2384:3952, 3536:5104, 2960:4528] (1568, 1568, 1568) and write ROI [2880:3456, 4032:4608, 3456:4032] (576, 576, 576)
Recorded block-done for octoS0SubroiZ15683136Y78409408X1097612544Difficultsoma_pred_affs/1223 with read ROI [2384:3952, 3536:5104, 2960:4528] (1568, 1568, 1568) and write ROI [2880:3456, 4032:4608, 3456:4032] (576, 576, 576)
Recording block-done for octoS0SubroiZ15683136Y78409408X1097612544Difficultsoma_pred_affs/1854 with read ROI [2384:3952, 3536:5104, 4688:6256] (1568, 1568, 1568) and write ROI [2880:3456, 4032:4608, 5184:5760] (576, 576, 576)
Recorded block-done for octoS0SubroiZ15683136Y78409408X1097612544Difficultsoma_pred_affs/1854 with read ROI [2384:3952, 3536:5104, 4688:6256] (1568, 1568, 1568) and write ROI [2880:3456, 4032:4608, 5184:5760] (576, 576, 576)
Recording block-done for octoS0SubroiZ15683136Y78409408X1097612544Difficultsoma_pred_affs/2696 with read ROI [2384:3952, 4112:5680, 5840:7408] (1568, 1568, 1568) and write ROI [2880:3456, 4608:5184, 6336:6912] (576, 576, 576)
Recorded block-done for octoS0SubroiZ15683136Y78409408X1097612544Difficultsoma_pred_affs/2696 with read ROI [2384:3952, 4112:5680, 5840:7408] (1568, 1568, 1568) and write ROI [2880:3456, 4608:5184, 6336:6912] (576, 576, 576)
Recording block-done for octoS0SubroiZ15683136Y78409408X1097612544Difficultsoma_pred_affs/4578 with read ROI [2384:3952, 3536:5104, 9296:10864] (1568, 1568, 1568) and write ROI [2880:3456, 4032:4608, 9792:10368] (576, 576, 576)
Recorded block-done for octoS0SubroiZ15683136Y78409408X1097612544Difficultsoma_pred_affs/4578 with read ROI [2384:3952, 3536:5104, 9296:10864] (1568, 1568, 1568) and write ROI [2880:3456, 4032:4608, 9792:10368] (576, 576, 576)
Recording block-done for octoS0SubroiZ15683136Y78409408X1097612544Difficultsoma_pred_affs/4591 with read ROI [2384:3952, 4112:5680, 8720:10288] (1568, 1568, 1568) and write ROI [2880:3456, 4608:5184, 9216:9792] (576, 576, 576)
Recorded block-done for octoS0SubroiZ15683136Y78409408X1097612544Difficultsoma_pred_affs/4591 with read ROI [2384:3952, 4112:5680, 8720:10288] (1568, 1568, 1568) and write ROI [2880:3456, 4608:5184, 9216:9792] (576, 576, 576)
Recording block-done for octoS0SubroiZ15683136Y78409408X1097612544Difficultsoma_pred_affs/6080 with read ROI [2384:3952, 4112:5680, 10448:12016] (1568, 1568, 1568) and write ROI [2880:3456, 4608:5184, 10944:11520] (576, 576, 576)
Recorded block-done for octoS0SubroiZ15683136Y78409408X1097612544Difficultsoma_pred_affs/6080 with read ROI [2384:3952, 4112:5680, 10448:12016] (1568, 1568, 1568) and write ROI [2880:3456, 4608:5184, 10944:11520] (576, 576, 576)
Recording block-done for octoS0SubroiZ15683136Y78409408X1097612544Difficultsoma_pred_affs/3372 with read ROI [2384:3952, 4112:5680, 6992:8560] (1568, 1568, 1568) and write ROI [2880:3456, 4608:5184, 7488:8064] (576, 576, 576)
Recorded block-done for octoS0SubroiZ15683136Y78409408X1097612544Difficultsoma_pred_affs/3372 with read ROI [2384:3952, 4112:5680, 6992:8560] (1568, 1568, 1568) and write ROI [2880:3456, 4608:5184, 7488:8064] (576, 576, 576)
Recording block-done for octoS0SubroiZ15683136Y78409408X1097612544Difficultsoma_pred_affs/941 with read ROI [2384:3952, 5264:6832, 80:1648] (1568, 1568, 1568) and write ROI [2880:3456, 5760:6336, 576:1152] (576, 576, 576)
Recorded block-done for octoS0SubroiZ15683136Y78409408X1097612544Difficultsoma_pred_affs/941 with read ROI [2384:3952, 5264:6832, 80:1648] (1568, 1568, 1568) and write ROI [2880:3456, 5760:6336, 576:1152] (576, 576, 576)
Recording block-done for octoS0SubroiZ15683136Y78409408X1097612544Difficultsoma_pred_affs/1455 with read ROI [2384:3952, 5264:6832, 1808:3376] (1568, 1568, 1568) and write ROI [2880:3456, 5760:6336, 2304:2880] (576, 576, 576)
Recorded block-done for octoS0SubroiZ15683136Y78409408X1097612544Difficultsoma_pred_affs/1455 with read ROI [2384:3952, 5264:6832, 1808:3376] (1568, 1568, 1568) and write ROI [2880:3456, 5760:6336, 2304:2880] (576, 576, 576)
Recording block-done for octoS0SubroiZ15683136Y78409408X1097612544Difficultsoma_pred_affs/5566 with read ROI [2384:3952, 4688:6256, 9296:10864] (1568, 1568, 1568) and write ROI [2880:3456, 5184:5760, 9792:10368] (576, 576, 576)
Recorded block-done for octoS0SubroiZ15683136Y78409408X1097612544Difficultsoma_pred_affs/5566 with read ROI [2384:3952, 4688:6256, 9296:10864] (1568, 1568, 1568) and write ROI [2880:3456, 5184:5760, 9792:10368] (576, 576, 576)
Recording block-done for octoS0SubroiZ15683136Y78409408X1097612544Difficultsoma_pred_affs/2410 with read ROI [2384:3952, 4688:6256, 4688:6256] (1568, 1568, 1568) and write ROI [2880:3456, 5184:5760, 5184:5760] (576, 576, 576)
Recorded block-done for octoS0SubroiZ15683136Y78409408X1097612544Difficultsoma_pred_affs/2410 with read ROI [2384:3952, 4688:6256, 4688:6256] (1568, 1568, 1568) and write ROI [2880:3456, 5184:5760, 5184:5760] (576, 576, 576)
Recording block-done for octoS0SubroiZ15683136Y78409408X1097612544Difficultsoma_pred_affs/3764 with read ROI [2384:3952, 4688:6256, 6992:8560] (1568, 1568, 1568) and write ROI [2880:3456, 5184:5760, 7488:8064] (576, 576, 576)
Recorded block-done for octoS0SubroiZ15683136Y78409408X1097612544Difficultsoma_pred_affs/3764 with read ROI [2384:3952, 4688:6256, 6992:8560] (1568, 1568, 1568) and write ROI [2880:3456, 5184:5760, 7488:8064] (576, 576, 576)
Recording block-done for octoS0SubroiZ15683136Y78409408X1097612544Difficultsoma_pred_affs/3779 with read ROI [2384:3952, 5264:6832, 6416:7984] (1568, 1568, 1568) and write ROI [2880:3456, 5760:6336, 6912:7488] (576, 576, 576)
Recorded block-done for octoS0SubroiZ15683136Y78409408X1097612544Difficultsoma_pred_affs/3779 with read ROI [2384:3952, 5264:6832, 6416:7984] (1568, 1568, 1568) and write ROI [2880:3456, 5760:6336, 6912:7488] (576, 576, 576)
Recording block-done for octoS0SubroiZ15683136Y78409408X1097612544Difficultsoma_pred_affs/3066 with read ROI [2384:3952, 5840:7408, 4688:6256] (1568, 1568, 1568) and write ROI [2880:3456, 6336:6912, 5184:5760] (576, 576, 576)
Recorded block-done for octoS0SubroiZ15683136Y78409408X1097612544Difficultsoma_pred_affs/3066 with read ROI [2384:3952, 5840:7408, 4688:6256] (1568, 1568, 1568) and write ROI [2880:3456, 6336:6912, 5184:5760] (576, 576, 576)
Recording block-done for octoS0SubroiZ15683136Y78409408X1097612544Difficultsoma_pred_affs/6670 with read ROI [2384:3952, 5264:6832, 9872:11440] (1568, 1568, 1568) and write ROI [2880:3456, 5760:6336, 10368:10944] (576, 576, 576)
Recorded block-done for octoS0SubroiZ15683136Y78409408X1097612544Difficultsoma_pred_affs/6670 with read ROI [2384:3952, 5264:6832, 9872:11440] (1568, 1568, 1568) and write ROI [2880:3456, 5760:6336, 10368:10944] (576, 576, 576)
Recording block-done for octoS0SubroiZ15683136Y78409408X1097612544Difficultsoma_pred_affs/1681 with read ROI [2384:3952, 5840:7408, 1808:3376] (1568, 1568, 1568) and write ROI [2880:3456, 6336:6912, 2304:2880] (576, 576, 576)
Recorded block-done for octoS0SubroiZ15683136Y78409408X1097612544Difficultsoma_pred_affs/1681 with read ROI [2384:3952, 5840:7408, 1808:3376] (1568, 1568, 1568) and write ROI [2880:3456, 6336:6912, 2304:2880] (576, 576, 576)
Recording block-done for octoS0SubroiZ15683136Y78409408X1097612544Difficultsoma_pred_affs/1912 with read ROI [2384:3952, 5840:7408, 2384:3952] (1568, 1568, 1568) and write ROI [2880:3456, 6336:6912, 2880:3456] (576, 576, 576)
Recorded block-done for octoS0SubroiZ15683136Y78409408X1097612544Difficultsoma_pred_affs/1912 with read ROI [2384:3952, 5840:7408, 2384:3952] (1568, 1568, 1568) and write ROI [2880:3456, 6336:6912, 2880:3456] (576, 576, 576)
Recording block-done for octoS0SubroiZ15683136Y78409408X1097612544Difficultsoma_pred_affs/2182 with read ROI [2384:3952, 6416:7984, 2384:3952] (1568, 1568, 1568) and write ROI [2880:3456, 6912:7488, 2880:3456] (576, 576, 576)
Recorded block-done for octoS0SubroiZ15683136Y78409408X1097612544Difficultsoma_pred_affs/2182 with read ROI [2384:3952, 6416:7984, 2384:3952] (1568, 1568, 1568) and write ROI [2880:3456, 6912:7488, 2880:3456] (576, 576, 576)
Recording block-done for octoS0SubroiZ15683136Y78409408X1097612544Difficultsoma_pred_affs/2758 with read ROI [2384:3952, 6416:7984, 3536:5104] (1568, 1568, 1568) and write ROI [2880:3456, 6912:7488, 4032:4608] (576, 576, 576)
Recorded block-done for octoS0SubroiZ15683136Y78409408X1097612544Difficultsoma_pred_affs/2758 with read ROI [2384:3952, 6416:7984, 3536:5104] (1568, 1568, 1568) and write ROI [2880:3456, 6912:7488, 4032:4608] (576, 576, 576)
Recording block-done for octoS0SubroiZ15683136Y78409408X1097612544Difficultsoma_pred_affs/5614 with read ROI [2384:3952, 6416:7984, 7568:9136] (1568, 1568, 1568) and write ROI [2880:3456, 6912:7488, 8064:8640] (576, 576, 576)
Recorded block-done for octoS0SubroiZ15683136Y78409408X1097612544Difficultsoma_pred_affs/5614 with read ROI [2384:3952, 6416:7984, 7568:9136] (1568, 1568, 1568) and write ROI [2880:3456, 6912:7488, 8064:8640] (576, 576, 576)
Recording block-done for octoS0SubroiZ15683136Y78409408X1097612544Difficultsoma_pred_affs/5118 with read ROI [2384:3952, 6416:7984, 6992:8560] (1568, 1568, 1568) and write ROI [2880:3456, 6912:7488, 7488:8064] (576, 576, 576)
Recorded block-done for octoS0SubroiZ15683136Y78409408X1097612544Difficultsoma_pred_affs/5118 with read ROI [2384:3952, 6416:7984, 6992:8560] (1568, 1568, 1568) and write ROI [2880:3456, 6912:7488, 7488:8064] (576, 576, 576)
Recording block-done for octoS0SubroiZ15683136Y78409408X1097612544Difficultsoma_pred_affs/3101 with read ROI [2384:3952, 6992:8560, 3536:5104] (1568, 1568, 1568) and write ROI [2880:3456, 7488:8064, 4032:4608] (576, 576, 576)
Recorded block-done for octoS0SubroiZ15683136Y78409408X1097612544Difficultsoma_pred_affs/3101 with read ROI [2384:3952, 6992:8560, 3536:5104] (1568, 1568, 1568) and write ROI [2880:3456, 7488:8064, 4032:4608] (576, 576, 576)
Recording block-done for octoS0SubroiZ15683136Y78409408X1097612544Difficultsoma_pred_affs/9315 with read ROI [2384:3952, 6992:8560, 10448:12016] (1568, 1568, 1568) and write ROI [2880:3456, 7488:8064, 10944:11520] (576, 576, 576)
Recorded block-done for octoS0SubroiZ15683136Y78409408X1097612544Difficultsoma_pred_affs/9315 with read ROI [2384:3952, 6992:8560, 10448:12016] (1568, 1568, 1568) and write ROI [2880:3456, 7488:8064, 10944:11520] (576, 576, 576)
Recording block-done for octoS0SubroiZ15683136Y78409408X1097612544Difficultsoma_pred_affs/3849 with read ROI [2384:3952, 7568:9136, 4112:5680] (1568, 1568, 1568) and write ROI [2880:3456, 8064:8640, 4608:5184] (576, 576, 576)
Recorded block-done for octoS0SubroiZ15683136Y78409408X1097612544Difficultsoma_pred_affs/3849 with read ROI [2384:3952, 7568:9136, 4112:5680] (1568, 1568, 1568) and write ROI [2880:3456, 8064:8640, 4608:5184] (576, 576, 576)
Recording block-done for octoS0SubroiZ15683136Y78409408X1097612544Difficultsoma_pred_affs/3120 with read ROI [2384:3952, 7568:9136, 2960:4528] (1568, 1568, 1568) and write ROI [2880:3456, 8064:8640, 3456:4032] (576, 576, 576)
Recorded block-done for octoS0SubroiZ15683136Y78409408X1097612544Difficultsoma_pred_affs/3120 with read ROI [2384:3952, 7568:9136, 2960:4528] (1568, 1568, 1568) and write ROI [2880:3456, 8064:8640, 3456:4032] (576, 576, 576)
Recording block-done for octoS0SubroiZ15683136Y78409408X1097612544Difficultsoma_pred_affs/9334 with read ROI [2384:3952, 7568:9136, 9872:11440] (1568, 1568, 1568) and write ROI [2880:3456, 8064:8640, 10368:10944] (576, 576, 576)
Recorded block-done for octoS0SubroiZ15683136Y78409408X1097612544Difficultsoma_pred_affs/9334 with read ROI [2384:3952, 7568:9136, 9872:11440] (1568, 1568, 1568) and write ROI [2880:3456, 8064:8640, 10368:10944] (576, 576, 576)
Recording block-done for octoS0SubroiZ15683136Y78409408X1097612544Difficultsoma_pred_affs/10075 with read ROI [2384:3952, 7568:9136, 10448:12016] (1568, 1568, 1568) and write ROI [2880:3456, 8064:8640, 10944:11520] (576, 576, 576)
Recorded block-done for octoS0SubroiZ15683136Y78409408X1097612544Difficultsoma_pred_affs/10075 with read ROI [2384:3952, 7568:9136, 10448:12016] (1568, 1568, 1568) and write ROI [2880:3456, 8064:8640, 10944:11520] (576, 576, 576)
Recording block-done for octoS0SubroiZ15683136Y78409408X1097612544Difficultsoma_pred_affs/2260 with read ROI [2384:3952, 8720:10288, 80:1648] (1568, 1568, 1568) and write ROI [2880:3456, 9216:9792, 576:1152] (576, 576, 576)
Recorded block-done for octoS0SubroiZ15683136Y78409408X1097612544Difficultsoma_pred_affs/2260 with read ROI [2384:3952, 8720:10288, 80:1648] (1568, 1568, 1568) and write ROI [2880:3456, 9216:9792, 576:1152] (576, 576, 576)
Recording block-done for octoS0SubroiZ15683136Y78409408X1097612544Difficultsoma_pred_affs/2836 with read ROI [2384:3952, 8720:10288, 1232:2800] (1568, 1568, 1568) and write ROI [2880:3456, 9216:9792, 1728:2304] (576, 576, 576)
Recorded block-done for octoS0SubroiZ15683136Y78409408X1097612544Difficultsoma_pred_affs/2836 with read ROI [2384:3952, 8720:10288, 1232:2800] (1568, 1568, 1568) and write ROI [2880:3456, 9216:9792, 1728:2304] (576, 576, 576)
Recording block-done for octoS0SubroiZ15683136Y78409408X1097612544Difficultsoma_pred_affs/4710 with read ROI [2384:3952, 8144:9712, 4688:6256] (1568, 1568, 1568) and write ROI [2880:3456, 8640:9216, 5184:5760] (576, 576, 576)
Recorded block-done for octoS0SubroiZ15683136Y78409408X1097612544Difficultsoma_pred_affs/4710 with read ROI [2384:3952, 8144:9712, 4688:6256] (1568, 1568, 1568) and write ROI [2880:3456, 8640:9216, 5184:5760] (576, 576, 576)
Recording block-done for octoS0SubroiZ15683136Y78409408X1097612544Difficultsoma_pred_affs/10095 with read ROI [2384:3952, 8144:9712, 9872:11440] (1568, 1568, 1568) and write ROI [2880:3456, 8640:9216, 10368:10944] (576, 576, 576)
Recorded block-done for octoS0SubroiZ15683136Y78409408X1097612544Difficultsoma_pred_affs/10095 with read ROI [2384:3952, 8144:9712, 9872:11440] (1568, 1568, 1568) and write ROI [2880:3456, 8640:9216, 10368:10944] (576, 576, 576)
Recording block-done for octoS0SubroiZ15683136Y78409408X1097612544Difficultsoma_pred_affs/4731 with read ROI [2384:3952, 8720:10288, 4112:5680] (1568, 1568, 1568) and write ROI [2880:3456, 9216:9792, 4608:5184] (576, 576, 576)
Recorded block-done for octoS0SubroiZ15683136Y78409408X1097612544Difficultsoma_pred_affs/4731 with read ROI [2384:3952, 8720:10288, 4112:5680] (1568, 1568, 1568) and write ROI [2880:3456, 9216:9792, 4608:5184] (576, 576, 576)
Recording block-done for octoS0SubroiZ15683136Y78409408X1097612544Difficultsoma_pred_affs/6781 with read ROI [2384:3952, 8720:10288, 6416:7984] (1568, 1568, 1568) and write ROI [2880:3456, 9216:9792, 6912:7488] (576, 576, 576)
Recorded block-done for octoS0SubroiZ15683136Y78409408X1097612544Difficultsoma_pred_affs/6781 with read ROI [2384:3952, 8720:10288, 6416:7984] (1568, 1568, 1568) and write ROI [2880:3456, 9216:9792, 6912:7488] (576, 576, 576)
Recording block-done for octoS0SubroiZ15683136Y78409408X1097612544Difficultsoma_pred_affs/8006 with read ROI [2384:3952, 8720:10288, 7568:9136] (1568, 1568, 1568) and write ROI [2880:3456, 9216:9792, 8064:8640] (576, 576, 576)
Recorded block-done for octoS0SubroiZ15683136Y78409408X1097612544Difficultsoma_pred_affs/8006 with read ROI [2384:3952, 8720:10288, 7568:9136] (1568, 1568, 1568) and write ROI [2880:3456, 9216:9792, 8064:8640] (576, 576, 576)
Recording block-done for octoS0SubroiZ15683136Y78409408X1097612544Difficultsoma_pred_affs/10896 with read ROI [2384:3952, 8720:10288, 9872:11440] (1568, 1568, 1568) and write ROI [2880:3456, 9216:9792, 10368:10944] (576, 576, 576)
Recorded block-done for octoS0SubroiZ15683136Y78409408X1097612544Difficultsoma_pred_affs/10896 with read ROI [2384:3952, 8720:10288, 9872:11440] (1568, 1568, 1568) and write ROI [2880:3456, 9216:9792, 10368:10944] (576, 576, 576)
Recording block-done for octoS0SubroiZ15683136Y78409408X1097612544Difficultsoma_pred_affs/5218 with read ROI [2384:3952, 9296:10864, 4112:5680] (1568, 1568, 1568) and write ROI [2880:3456, 9792:10368, 4608:5184] (576, 576, 576)
Recorded block-done for octoS0SubroiZ15683136Y78409408X1097612544Difficultsoma_pred_affs/5218 with read ROI [2384:3952, 9296:10864, 4112:5680] (1568, 1568, 1568) and write ROI [2880:3456, 9792:10368, 4608:5184] (576, 576, 576)
Recording block-done for octoS0SubroiZ15683136Y78409408X1097612544Difficultsoma_pred_affs/8694 with read ROI [2384:3952, 9296:10864, 7568:9136] (1568, 1568, 1568) and write ROI [2880:3456, 9792:10368, 8064:8640] (576, 576, 576)
Recorded block-done for octoS0SubroiZ15683136Y78409408X1097612544Difficultsoma_pred_affs/8694 with read ROI [2384:3952, 9296:10864, 7568:9136] (1568, 1568, 1568) and write ROI [2880:3456, 9792:10368, 8064:8640] (576, 576, 576)
Recording block-done for octoS0SubroiZ15683136Y78409408X1097612544Difficultsoma_pred_affs/11738 with read ROI [2384:3952, 9296:10864, 9872:11440] (1568, 1568, 1568) and write ROI [2880:3456, 9792:10368, 10368:10944] (576, 576, 576)
Recorded block-done for octoS0SubroiZ15683136Y78409408X1097612544Difficultsoma_pred_affs/11738 with read ROI [2384:3952, 9296:10864, 9872:11440] (1568, 1568, 1568) and write ROI [2880:3456, 9792:10368, 10368:10944] (576, 576, 576)
Recording block-done for octoS0SubroiZ15683136Y78409408X1097612544Difficultsoma_pred_affs/3557 with read ROI [2384:3952, 9872:11440, 1232:2800] (1568, 1568, 1568) and write ROI [2880:3456, 10368:10944, 1728:2304] (576, 576, 576)
Recorded block-done for octoS0SubroiZ15683136Y78409408X1097612544Difficultsoma_pred_affs/3557 with read ROI [2384:3952, 9872:11440, 1232:2800] (1568, 1568, 1568) and write ROI [2880:3456, 10368:10944, 1728:2304] (576, 576, 576)
Recording block-done for octoS0SubroiZ15683136Y78409408X1097612544Difficultsoma_pred_affs/4341 with read ROI [2384:3952, 9872:11440, 2384:3952] (1568, 1568, 1568) and write ROI [2880:3456, 10368:10944, 2880:3456] (576, 576, 576)
Recorded block-done for octoS0SubroiZ15683136Y78409408X1097612544Difficultsoma_pred_affs/4341 with read ROI [2384:3952, 9872:11440, 2384:3952] (1568, 1568, 1568) and write ROI [2880:3456, 10368:10944, 2880:3456] (576, 576, 576)
Recording block-done for octoS0SubroiZ15683136Y78409408X1097612544Difficultsoma_pred_affs/8051 with read ROI [2384:3952, 9872:11440, 6416:7984] (1568, 1568, 1568) and write ROI [2880:3456, 10368:10944, 6912:7488] (576, 576, 576)
Recorded block-done for octoS0SubroiZ15683136Y78409408X1097612544Difficultsoma_pred_affs/8051 with read ROI [2384:3952, 9872:11440, 6416:7984] (1568, 1568, 1568) and write ROI [2880:3456, 10368:10944, 6912:7488] (576, 576, 576)
Recording block-done for octoS0SubroiZ15683136Y78409408X1097612544Difficultsoma_pred_affs/12622 with read ROI [2384:3952, 9872:11440, 9872:11440] (1568, 1568, 1568) and write ROI [2880:3456, 10368:10944, 10368:10944] (576, 576, 576)
Recorded block-done for octoS0SubroiZ15683136Y78409408X1097612544Difficultsoma_pred_affs/12622 with read ROI [2384:3952, 9872:11440, 9872:11440] (1568, 1568, 1568) and write ROI [2880:3456, 10368:10944, 10368:10944] (576, 576, 576)
Recording block-done for octoS0SubroiZ15683136Y78409408X1097612544Difficultsoma_pred_affs/14495 with read ROI [2384:3952, 10448:12016, 10448:12016] (1568, 1568, 1568) and write ROI [2880:3456, 10944:11520, 10944:11520] (576, 576, 576)
Recorded block-done for octoS0SubroiZ15683136Y78409408X1097612544Difficultsoma_pred_affs/14495 with read ROI [2384:3952, 10448:12016, 10448:12016] (1568, 1568, 1568) and write ROI [2880:3456, 10944:11520, 10944:11520] (576, 576, 576)
Recording block-done for octoS0SubroiZ15683136Y78409408X1097612544Difficultsoma_pred_affs/10965 with read ROI [2384:3952, 10448:12016, 8144:9712] (1568, 1568, 1568) and write ROI [2880:3456, 10944:11520, 8640:9216] (576, 576, 576)
Recorded block-done for octoS0SubroiZ15683136Y78409408X1097612544Difficultsoma_pred_affs/10965 with read ROI [2384:3952, 10448:12016, 8144:9712] (1568, 1568, 1568) and write ROI [2880:3456, 10944:11520, 8640:9216] (576, 576, 576)
Recording block-done for octoS0SubroiZ15683136Y78409408X1097612544Difficultsoma_pred_affs/254 with read ROI [2960:4528, 80:1648, 1232:2800] (1568, 1568, 1568) and write ROI [3456:4032, 576:1152, 1728:2304] (576, 576, 576)
Recorded block-done for octoS0SubroiZ15683136Y78409408X1097612544Difficultsoma_pred_affs/254 with read ROI [2960:4528, 80:1648, 1232:2800] (1568, 1568, 1568) and write ROI [3456:4032, 576:1152, 1728:2304] (576, 576, 576)
Recording block-done for octoS0SubroiZ15683136Y78409408X1097612544Difficultsoma_pred_affs/850 with read ROI [2960:4528, 80:1648, 4688:6256] (1568, 1568, 1568) and write ROI [3456:4032, 576:1152, 5184:5760] (576, 576, 576)
Recorded block-done for octoS0SubroiZ15683136Y78409408X1097612544Difficultsoma_pred_affs/850 with read ROI [2960:4528, 80:1648, 4688:6256] (1568, 1568, 1568) and write ROI [3456:4032, 576:1152, 5184:5760] (576, 576, 576)
Recording block-done for octoS0SubroiZ15683136Y78409408X1097612544Difficultsoma_pred_affs/406 with read ROI [2960:4528, 656:2224, 1808:3376] (1568, 1568, 1568) and write ROI [3456:4032, 1152:1728, 2304:2880] (576, 576, 576)
Recorded block-done for octoS0SubroiZ15683136Y78409408X1097612544Difficultsoma_pred_affs/406 with read ROI [2960:4528, 656:2224, 1808:3376] (1568, 1568, 1568) and write ROI [3456:4032, 1152:1728, 2304:2880] (576, 576, 576)
Recording block-done for octoS0SubroiZ15683136Y78409408X1097612544Difficultsoma_pred_affs/1574 with read ROI [2960:4528, 80:1648, 6992:8560] (1568, 1568, 1568) and write ROI [3456:4032, 576:1152, 7488:8064] (576, 576, 576)
Recorded block-done for octoS0SubroiZ15683136Y78409408X1097612544Difficultsoma_pred_affs/1574 with read ROI [2960:4528, 80:1648, 6992:8560] (1568, 1568, 1568) and write ROI [3456:4032, 576:1152, 7488:8064] (576, 576, 576)
Recording block-done for octoS0SubroiZ15683136Y78409408X1097612544Difficultsoma_pred_affs/1805 with read ROI [2960:4528, 80:1648, 7568:9136] (1568, 1568, 1568) and write ROI [3456:4032, 576:1152, 8064:8640] (576, 576, 576)
Recorded block-done for octoS0SubroiZ15683136Y78409408X1097612544Difficultsoma_pred_affs/1805 with read ROI [2960:4528, 80:1648, 7568:9136] (1568, 1568, 1568) and write ROI [3456:4032, 576:1152, 8064:8640] (576, 576, 576)
Recording block-done for octoS0SubroiZ15683136Y78409408X1097612544Difficultsoma_pred_affs/1372 with read ROI [2960:4528, 656:2224, 5840:7408] (1568, 1568, 1568) and write ROI [3456:4032, 1152:1728, 6336:6912] (576, 576, 576)
Recorded block-done for octoS0SubroiZ15683136Y78409408X1097612544Difficultsoma_pred_affs/1372 with read ROI [2960:4528, 656:2224, 5840:7408] (1568, 1568, 1568) and write ROI [3456:4032, 1152:1728, 6336:6912] (576, 576, 576)
Recording block-done for octoS0SubroiZ15683136Y78409408X1097612544Difficultsoma_pred_affs/2642 with read ROI [2960:4528, 656:2224, 8720:10288] (1568, 1568, 1568) and write ROI [3456:4032, 1152:1728, 9216:9792] (576, 576, 576)
Recorded block-done for octoS0SubroiZ15683136Y78409408X1097612544Difficultsoma_pred_affs/2642 with read ROI [2960:4528, 656:2224, 8720:10288] (1568, 1568, 1568) and write ROI [3456:4032, 1152:1728, 9216:9792] (576, 576, 576)
Recording block-done for octoS0SubroiZ15683136Y78409408X1097612544Difficultsoma_pred_affs/1381 with read ROI [2960:4528, 1232:2800, 5264:6832] (1568, 1568, 1568) and write ROI [3456:4032, 1728:2304, 5760:6336] (576, 576, 576)
Recorded block-done for octoS0SubroiZ15683136Y78409408X1097612544Difficultsoma_pred_affs/1381 with read ROI [2960:4528, 1232:2800, 5264:6832] (1568, 1568, 1568) and write ROI [3456:4032, 1728:2304, 5760:6336] (576, 576, 576)
Recording block-done for octoS0SubroiZ15683136Y78409408X1097612544Difficultsoma_pred_affs/1822 with read ROI [2960:4528, 1232:2800, 6416:7984] (1568, 1568, 1568) and write ROI [3456:4032, 1728:2304, 6912:7488] (576, 576, 576)
Recorded block-done for octoS0SubroiZ15683136Y78409408X1097612544Difficultsoma_pred_affs/1822 with read ROI [2960:4528, 1232:2800, 6416:7984] (1568, 1568, 1568) and write ROI [3456:4032, 1728:2304, 6912:7488] (576, 576, 576)
Recording block-done for octoS0SubroiZ15683136Y78409408X1097612544Difficultsoma_pred_affs/731 with read ROI [2960:4528, 1232:2800, 2960:4528] (1568, 1568, 1568) and write ROI [3456:4032, 1728:2304, 3456:4032] (576, 576, 576)
Recorded block-done for octoS0SubroiZ15683136Y78409408X1097612544Difficultsoma_pred_affs/731 with read ROI [2960:4528, 1232:2800, 2960:4528] (1568, 1568, 1568) and write ROI [3456:4032, 1728:2304, 3456:4032] (576, 576, 576)
Recording block-done for octoS0SubroiZ15683136Y78409408X1097612544Difficultsoma_pred_affs/4111 with read ROI [2960:4528, 1232:2800, 10448:12016] (1568, 1568, 1568) and write ROI [3456:4032, 1728:2304, 10944:11520] (576, 576, 576)
Recorded block-done for octoS0SubroiZ15683136Y78409408X1097612544Difficultsoma_pred_affs/4111 with read ROI [2960:4528, 1232:2800, 10448:12016] (1568, 1568, 1568) and write ROI [3456:4032, 1728:2304, 10944:11520] (576, 576, 576)
Recording block-done for octoS0SubroiZ15683136Y78409408X1097612544Difficultsoma_pred_affs/621 with read ROI [2960:4528, 1808:3376, 1808:3376] (1568, 1568, 1568) and write ROI [3456:4032, 2304:2880, 2304:2880] (576, 576, 576)
Recorded block-done for octoS0SubroiZ15683136Y78409408X1097612544Difficultsoma_pred_affs/621 with read ROI [2960:4528, 1808:3376, 1808:3376] (1568, 1568, 1568) and write ROI [3456:4032, 2304:2880, 2304:2880] (576, 576, 576)
Recording block-done for octoS0SubroiZ15683136Y78409408X1097612544Difficultsoma_pred_affs/2085 with read ROI [2960:4528, 1808:3376, 6416:7984] (1568, 1568, 1568) and write ROI [3456:4032, 2304:2880, 6912:7488] (576, 576, 576)
Recorded block-done for octoS0SubroiZ15683136Y78409408X1097612544Difficultsoma_pred_affs/2085 with read ROI [2960:4528, 1808:3376, 6416:7984] (1568, 1568, 1568) and write ROI [3456:4032, 2304:2880, 6912:7488] (576, 576, 576)
Recording block-done for octoS0SubroiZ15683136Y78409408X1097612544Difficultsoma_pred_affs/1832 with read ROI [2960:4528, 1808:3376, 5840:7408] (1568, 1568, 1568) and write ROI [3456:4032, 2304:2880, 6336:6912] (576, 576, 576)
Recorded block-done for octoS0SubroiZ15683136Y78409408X1097612544Difficultsoma_pred_affs/1832 with read ROI [2960:4528, 1808:3376, 5840:7408] (1568, 1568, 1568) and write ROI [3456:4032, 2304:2880, 6336:6912] (576, 576, 576)
Recording block-done for octoS0SubroiZ15683136Y78409408X1097612544Difficultsoma_pred_affs/4121 with read ROI [2960:4528, 1808:3376, 9872:11440] (1568, 1568, 1568) and write ROI [3456:4032, 2304:2880, 10368:10944] (576, 576, 576)
Recorded block-done for octoS0SubroiZ15683136Y78409408X1097612544Difficultsoma_pred_affs/4121 with read ROI [2960:4528, 1808:3376, 9872:11440] (1568, 1568, 1568) and write ROI [3456:4032, 2304:2880, 10368:10944] (576, 576, 576)
Recording block-done for octoS0SubroiZ15683136Y78409408X1097612544Difficultsoma_pred_affs/752 with read ROI [2960:4528, 2384:3952, 1808:3376] (1568, 1568, 1568) and write ROI [3456:4032, 2880:3456, 2304:2880] (576, 576, 576)
Recorded block-done for octoS0SubroiZ15683136Y78409408X1097612544Difficultsoma_pred_affs/752 with read ROI [2960:4528, 2384:3952, 1808:3376] (1568, 1568, 1568) and write ROI [3456:4032, 2880:3456, 2304:2880] (576, 576, 576)
Recording block-done for octoS0SubroiZ15683136Y78409408X1097612544Difficultsoma_pred_affs/3348 with read ROI [2960:4528, 2384:3952, 8144:9712] (1568, 1568, 1568) and write ROI [3456:4032, 2880:3456, 8640:9216] (576, 576, 576)
Recorded block-done for octoS0SubroiZ15683136Y78409408X1097612544Difficultsoma_pred_affs/3348 with read ROI [2960:4528, 2384:3952, 8144:9712] (1568, 1568, 1568) and write ROI [3456:4032, 2880:3456, 8640:9216] (576, 576, 576)
Recording block-done for octoS0SubroiZ15683136Y78409408X1097612544Difficultsoma_pred_affs/2672 with read ROI [2960:4528, 2384:3952, 6992:8560] (1568, 1568, 1568) and write ROI [3456:4032, 2880:3456, 7488:8064] (576, 576, 576)
Recorded block-done for octoS0SubroiZ15683136Y78409408X1097612544Difficultsoma_pred_affs/2672 with read ROI [2960:4528, 2384:3952, 6992:8560] (1568, 1568, 1568) and write ROI [3456:4032, 2880:3456, 7488:8064] (576, 576, 576)
Recording block-done for octoS0SubroiZ15683136Y78409408X1097612544Difficultsoma_pred_affs/539 with read ROI [2960:4528, 2960:4528, 80:1648] (1568, 1568, 1568) and write ROI [3456:4032, 3456:4032, 576:1152] (576, 576, 576)
Recorded block-done for octoS0SubroiZ15683136Y78409408X1097612544Difficultsoma_pred_affs/539 with read ROI [2960:4528, 2960:4528, 80:1648] (1568, 1568, 1568) and write ROI [3456:4032, 3456:4032, 576:1152] (576, 576, 576)
Recording block-done for octoS0SubroiZ15683136Y78409408X1097612544Difficultsoma_pred_affs/657 with read ROI [2960:4528, 3536:5104, 80:1648] (1568, 1568, 1568) and write ROI [3456:4032, 4032:4608, 576:1152] (576, 576, 576)
Recorded block-done for octoS0SubroiZ15683136Y78409408X1097612544Difficultsoma_pred_affs/657 with read ROI [2960:4528, 3536:5104, 80:1648] (1568, 1568, 1568) and write ROI [3456:4032, 4032:4608, 576:1152] (576, 576, 576)
Recording block-done for octoS0SubroiZ15683136Y78409408X1097612544Difficultsoma_pred_affs/1414 with read ROI [2960:4528, 2960:4528, 3536:5104] (1568, 1568, 1568) and write ROI [3456:4032, 3456:4032, 4032:4608] (576, 576, 576)
Recorded block-done for octoS0SubroiZ15683136Y78409408X1097612544Difficultsoma_pred_affs/1414 with read ROI [2960:4528, 2960:4528, 3536:5104] (1568, 1568, 1568) and write ROI [3456:4032, 3456:4032, 4032:4608] (576, 576, 576)
Recording block-done for octoS0SubroiZ15683136Y78409408X1097612544Difficultsoma_pred_affs/1441 with read ROI [2960:4528, 4112:5680, 2384:3952] (1568, 1568, 1568) and write ROI [3456:4032, 4608:5184, 2880:3456] (576, 576, 576)
Recorded block-done for octoS0SubroiZ15683136Y78409408X1097612544Difficultsoma_pred_affs/1441 with read ROI [2960:4528, 4112:5680, 2384:3952] (1568, 1568, 1568) and write ROI [3456:4032, 4608:5184, 2880:3456] (576, 576, 576)
Recording block-done for octoS0SubroiZ15683136Y78409408X1097612544Difficultsoma_pred_affs/927 with read ROI [2960:4528, 4112:5680, 656:2224] (1568, 1568, 1568) and write ROI [3456:4032, 4608:5184, 1152:1728] (576, 576, 576)
Recorded block-done for octoS0SubroiZ15683136Y78409408X1097612544Difficultsoma_pred_affs/927 with read ROI [2960:4528, 4112:5680, 656:2224] (1568, 1568, 1568) and write ROI [3456:4032, 4608:5184, 1152:1728] (576, 576, 576)
Recording block-done for octoS0SubroiZ15683136Y78409408X1097612544Difficultsoma_pred_affs/3360 with read ROI [2960:4528, 2960:4528, 7568:9136] (1568, 1568, 1568) and write ROI [3456:4032, 3456:4032, 8064:8640] (576, 576, 576)
Recorded block-done for octoS0SubroiZ15683136Y78409408X1097612544Difficultsoma_pred_affs/3360 with read ROI [2960:4528, 2960:4528, 7568:9136] (1568, 1568, 1568) and write ROI [3456:4032, 3456:4032, 8064:8640] (576, 576, 576)
Recording block-done for octoS0SubroiZ15683136Y78409408X1097612544Difficultsoma_pred_affs/6656 with read ROI [2960:4528, 4112:5680, 10448:12016] (1568, 1568, 1568) and write ROI [3456:4032, 4608:5184, 10944:11520] (576, 576, 576)
Recorded block-done for octoS0SubroiZ15683136Y78409408X1097612544Difficultsoma_pred_affs/6656 with read ROI [2960:4528, 4112:5680, 10448:12016] (1568, 1568, 1568) and write ROI [3456:4032, 4608:5184, 10944:11520] (576, 576, 576)
Recording block-done for octoS0SubroiZ15683136Y78409408X1097612544Difficultsoma_pred_affs/1882 with read ROI [2960:4528, 4112:5680, 3536:5104] (1568, 1568, 1568) and write ROI [3456:4032, 4608:5184, 4032:4608] (576, 576, 576)
Recorded block-done for octoS0SubroiZ15683136Y78409408X1097612544Difficultsoma_pred_affs/1882 with read ROI [2960:4528, 4112:5680, 3536:5104] (1568, 1568, 1568) and write ROI [3456:4032, 4608:5184, 4032:4608] (576, 576, 576)
Recording block-done for octoS0SubroiZ15683136Y78409408X1097612544Difficultsoma_pred_affs/1266 with read ROI [2960:4528, 4688:6256, 1232:2800] (1568, 1568, 1568) and write ROI [3456:4032, 5184:5760, 1728:2304] (576, 576, 576)
Recorded block-done for octoS0SubroiZ15683136Y78409408X1097612544Difficultsoma_pred_affs/1266 with read ROI [2960:4528, 4688:6256, 1232:2800] (1568, 1568, 1568) and write ROI [3456:4032, 5184:5760, 1728:2304] (576, 576, 576)
Recording block-done for octoS0SubroiZ15683136Y78409408X1097612544Difficultsoma_pred_affs/1666 with read ROI [2960:4528, 4688:6256, 2384:3952] (1568, 1568, 1568) and write ROI [3456:4032, 5184:5760, 2880:3456] (576, 576, 576)
Recorded block-done for octoS0SubroiZ15683136Y78409408X1097612544Difficultsoma_pred_affs/1666 with read ROI [2960:4528, 4688:6256, 2384:3952] (1568, 1568, 1568) and write ROI [3456:4032, 5184:5760, 2880:3456] (576, 576, 576)
Recording block-done for octoS0SubroiZ15683136Y78409408X1097612544Difficultsoma_pred_affs/7266 with read ROI [2960:4528, 4688:6256, 10448:12016] (1568, 1568, 1568) and write ROI [3456:4032, 5184:5760, 10944:11520] (576, 576, 576)
Recorded block-done for octoS0SubroiZ15683136Y78409408X1097612544Difficultsoma_pred_affs/7266 with read ROI [2960:4528, 4688:6256, 10448:12016] (1568, 1568, 1568) and write ROI [3456:4032, 5184:5760, 10944:11520] (576, 576, 576)
Recording block-done for octoS0SubroiZ15683136Y78409408X1097612544Difficultsoma_pred_affs/1682 with read ROI [2960:4528, 5264:6832, 1808:3376] (1568, 1568, 1568) and write ROI [3456:4032, 5760:6336, 2304:2880] (576, 576, 576)
Recorded block-done for octoS0SubroiZ15683136Y78409408X1097612544Difficultsoma_pred_affs/1682 with read ROI [2960:4528, 5264:6832, 1808:3376] (1568, 1568, 1568) and write ROI [3456:4032, 5760:6336, 2304:2880] (576, 576, 576)
Recording block-done for octoS0SubroiZ15683136Y78409408X1097612544Difficultsoma_pred_affs/1489 with read ROI [2960:4528, 5840:7408, 656:2224] (1568, 1568, 1568) and write ROI [3456:4032, 6336:6912, 1152:1728] (576, 576, 576)
Recorded block-done for octoS0SubroiZ15683136Y78409408X1097612544Difficultsoma_pred_affs/1489 with read ROI [2960:4528, 5840:7408, 656:2224] (1568, 1568, 1568) and write ROI [3456:4032, 6336:6912, 1152:1728] (576, 576, 576)
Recording block-done for octoS0SubroiZ15683136Y78409408X1097612544Difficultsoma_pred_affs/2183 with read ROI [2960:4528, 5840:7408, 2384:3952] (1568, 1568, 1568) and write ROI [3456:4032, 6336:6912, 2880:3456] (576, 576, 576)
Recorded block-done for octoS0SubroiZ15683136Y78409408X1097612544Difficultsoma_pred_affs/2183 with read ROI [2960:4528, 5840:7408, 2384:3952] (1568, 1568, 1568) and write ROI [3456:4032, 6336:6912, 2880:3456] (576, 576, 576)
Recording block-done for octoS0SubroiZ15683136Y78409408X1097612544Difficultsoma_pred_affs/1699 with read ROI [2960:4528, 5840:7408, 1232:2800] (1568, 1568, 1568) and write ROI [3456:4032, 6336:6912, 1728:2304] (576, 576, 576)
Recorded block-done for octoS0SubroiZ15683136Y78409408X1097612544Difficultsoma_pred_affs/1699 with read ROI [2960:4528, 5840:7408, 1232:2800] (1568, 1568, 1568) and write ROI [3456:4032, 6336:6912, 1728:2304] (576, 576, 576)
Recording block-done for octoS0SubroiZ15683136Y78409408X1097612544Difficultsoma_pred_affs/2166 with read ROI [2960:4528, 5264:6832, 2960:4528] (1568, 1568, 1568) and write ROI [3456:4032, 5760:6336, 3456:4032] (576, 576, 576)
Recorded block-done for octoS0SubroiZ15683136Y78409408X1097612544Difficultsoma_pred_affs/2166 with read ROI [2960:4528, 5264:6832, 2960:4528] (1568, 1568, 1568) and write ROI [3456:4032, 5760:6336, 3456:4032] (576, 576, 576)
Recording block-done for octoS0SubroiZ15683136Y78409408X1097612544Difficultsoma_pred_affs/3813 with read ROI [2960:4528, 5840:7408, 5264:6832] (1568, 1568, 1568) and write ROI [3456:4032, 6336:6912, 5760:6336] (576, 576, 576)
Recorded block-done for octoS0SubroiZ15683136Y78409408X1097612544Difficultsoma_pred_affs/3813 with read ROI [2960:4528, 5840:7408, 5264:6832] (1568, 1568, 1568) and write ROI [3456:4032, 6336:6912, 5760:6336] (576, 576, 576)
Recording block-done for octoS0SubroiZ15683136Y78409408X1097612544Difficultsoma_pred_affs/2477 with read ROI [2960:4528, 6416:7984, 2384:3952] (1568, 1568, 1568) and write ROI [3456:4032, 6912:7488, 2880:3456] (576, 576, 576)
Recorded block-done for octoS0SubroiZ15683136Y78409408X1097612544Difficultsoma_pred_affs/2477 with read ROI [2960:4528, 6416:7984, 2384:3952] (1568, 1568, 1568) and write ROI [3456:4032, 6912:7488, 2880:3456] (576, 576, 576)
Recording block-done for octoS0SubroiZ15683136Y78409408X1097612544Difficultsoma_pred_affs/4237 with read ROI [2960:4528, 6416:7984, 5264:6832] (1568, 1568, 1568) and write ROI [3456:4032, 6912:7488, 5760:6336] (576, 576, 576)
Recorded block-done for octoS0SubroiZ15683136Y78409408X1097612544Difficultsoma_pred_affs/4237 with read ROI [2960:4528, 6416:7984, 5264:6832] (1568, 1568, 1568) and write ROI [3456:4032, 6912:7488, 5760:6336] (576, 576, 576)
Recording block-done for octoS0SubroiZ15683136Y78409408X1097612544Difficultsoma_pred_affs/2777 with read ROI [2960:4528, 6416:7984, 2960:4528] (1568, 1568, 1568) and write ROI [3456:4032, 6912:7488, 3456:4032] (576, 576, 576)
Recorded block-done for octoS0SubroiZ15683136Y78409408X1097612544Difficultsoma_pred_affs/2777 with read ROI [2960:4528, 6416:7984, 2960:4528] (1568, 1568, 1568) and write ROI [3456:4032, 6912:7488, 3456:4032] (576, 576, 576)
Recording block-done for octoS0SubroiZ15683136Y78409408X1097612544Difficultsoma_pred_affs/3102 with read ROI [2960:4528, 6416:7984, 3536:5104] (1568, 1568, 1568) and write ROI [3456:4032, 6912:7488, 4032:4608] (576, 576, 576)
Recorded block-done for octoS0SubroiZ15683136Y78409408X1097612544Difficultsoma_pred_affs/3102 with read ROI [2960:4528, 6416:7984, 3536:5104] (1568, 1568, 1568) and write ROI [3456:4032, 6912:7488, 4032:4608] (576, 576, 576)
Recording block-done for octoS0SubroiZ15683136Y78409408X1097612544Difficultsoma_pred_affs/2796 with read ROI [2960:4528, 6992:8560, 2384:3952] (1568, 1568, 1568) and write ROI [3456:4032, 7488:8064, 2880:3456] (576, 576, 576)
Recorded block-done for octoS0SubroiZ15683136Y78409408X1097612544Difficultsoma_pred_affs/2796 with read ROI [2960:4528, 6992:8560, 2384:3952] (1568, 1568, 1568) and write ROI [3456:4032, 7488:8064, 2880:3456] (576, 576, 576)
Recording block-done for octoS0SubroiZ15683136Y78409408X1097612544Difficultsoma_pred_affs/1987 with read ROI [2960:4528, 7568:9136, 80:1648] (1568, 1568, 1568) and write ROI [3456:4032, 8064:8640, 576:1152] (576, 576, 576)
Recorded block-done for octoS0SubroiZ15683136Y78409408X1097612544Difficultsoma_pred_affs/1987 with read ROI [2960:4528, 7568:9136, 80:1648] (1568, 1568, 1568) and write ROI [3456:4032, 8064:8640, 576:1152] (576, 576, 576)
Recording block-done for octoS0SubroiZ15683136Y78409408X1097612544Difficultsoma_pred_affs/2240 with read ROI [2960:4528, 7568:9136, 656:2224] (1568, 1568, 1568) and write ROI [3456:4032, 8064:8640, 1152:1728] (576, 576, 576)
Recorded block-done for octoS0SubroiZ15683136Y78409408X1097612544Difficultsoma_pred_affs/2240 with read ROI [2960:4528, 7568:9136, 656:2224] (1568, 1568, 1568) and write ROI [3456:4032, 8064:8640, 1152:1728] (576, 576, 576)
Recording block-done for octoS0SubroiZ15683136Y78409408X1097612544Difficultsoma_pred_affs/6200 with read ROI [2960:4528, 7568:9136, 6416:7984] (1568, 1568, 1568) and write ROI [3456:4032, 8064:8640, 6912:7488] (576, 576, 576)
Recorded block-done for octoS0SubroiZ15683136Y78409408X1097612544Difficultsoma_pred_affs/6200 with read ROI [2960:4528, 7568:9136, 6416:7984] (1568, 1568, 1568) and write ROI [3456:4032, 8064:8640, 6912:7488] (576, 576, 576)
Recording block-done for octoS0SubroiZ15683136Y78409408X1097612544Difficultsoma_pred_affs/7336 with read ROI [2960:4528, 6992:8560, 8144:9712] (1568, 1568, 1568) and write ROI [3456:4032, 7488:8064, 8640:9216] (576, 576, 576)
Recorded block-done for octoS0SubroiZ15683136Y78409408X1097612544Difficultsoma_pred_affs/7336 with read ROI [2960:4528, 6992:8560, 8144:9712] (1568, 1568, 1568) and write ROI [3456:4032, 7488:8064, 8640:9216] (576, 576, 576)
Recording block-done for octoS0SubroiZ15683136Y78409408X1097612544Difficultsoma_pred_affs/3513 with read ROI [2960:4528, 8144:9712, 2384:3952] (1568, 1568, 1568) and write ROI [3456:4032, 8640:9216, 2880:3456] (576, 576, 576)
Recorded block-done for octoS0SubroiZ15683136Y78409408X1097612544Difficultsoma_pred_affs/3513 with read ROI [2960:4528, 8144:9712, 2384:3952] (1568, 1568, 1568) and write ROI [3456:4032, 8640:9216, 2880:3456] (576, 576, 576)
Recording block-done for octoS0SubroiZ15683136Y78409408X1097612544Difficultsoma_pred_affs/6804 with read ROI [2960:4528, 8720:10288, 5840:7408] (1568, 1568, 1568) and write ROI [3456:4032, 9216:9792, 6336:6912] (576, 576, 576)
Recorded block-done for octoS0SubroiZ15683136Y78409408X1097612544Difficultsoma_pred_affs/6804 with read ROI [2960:4528, 8720:10288, 5840:7408] (1568, 1568, 1568) and write ROI [3456:4032, 9216:9792, 6336:6912] (576, 576, 576)
Recording block-done for octoS0SubroiZ15683136Y78409408X1097612544Difficultsoma_pred_affs/4319 with read ROI [2960:4528, 8720:10288, 2960:4528] (1568, 1568, 1568) and write ROI [3456:4032, 9216:9792, 3456:4032] (576, 576, 576)
Recorded block-done for octoS0SubroiZ15683136Y78409408X1097612544Difficultsoma_pred_affs/4319 with read ROI [2960:4528, 8720:10288, 2960:4528] (1568, 1568, 1568) and write ROI [3456:4032, 9216:9792, 3456:4032] (576, 576, 576)
Recording block-done for octoS0SubroiZ15683136Y78409408X1097612544Difficultsoma_pred_affs/12600 with read ROI [2960:4528, 8720:10288, 10448:12016] (1568, 1568, 1568) and write ROI [3456:4032, 9216:9792, 10944:11520] (576, 576, 576)
Recorded block-done for octoS0SubroiZ15683136Y78409408X1097612544Difficultsoma_pred_affs/12600 with read ROI [2960:4528, 8720:10288, 10448:12016] (1568, 1568, 1568) and write ROI [3456:4032, 9216:9792, 10944:11520] (576, 576, 576)
Recording block-done for octoS0SubroiZ15683136Y78409408X1097612544Difficultsoma_pred_affs/6266 with read ROI [2960:4528, 9296:10864, 4688:6256] (1568, 1568, 1568) and write ROI [3456:4032, 9792:10368, 5184:5760] (576, 576, 576)
Recorded block-done for octoS0SubroiZ15683136Y78409408X1097612544Difficultsoma_pred_affs/6266 with read ROI [2960:4528, 9296:10864, 4688:6256] (1568, 1568, 1568) and write ROI [3456:4032, 9792:10368, 5184:5760] (576, 576, 576)
Recording block-done for octoS0SubroiZ15683136Y78409408X1097612544Difficultsoma_pred_affs/13526 with read ROI [2960:4528, 9296:10864, 10448:12016] (1568, 1568, 1568) and write ROI [3456:4032, 9792:10368, 10944:11520] (576, 576, 576)
Recorded block-done for octoS0SubroiZ15683136Y78409408X1097612544Difficultsoma_pred_affs/13526 with read ROI [2960:4528, 9296:10864, 10448:12016] (1568, 1568, 1568) and write ROI [3456:4032, 9792:10368, 10944:11520] (576, 576, 576)
Recording block-done for octoS0SubroiZ15683136Y78409408X1097612544Difficultsoma_pred_affs/10162 with read ROI [2960:4528, 9296:10864, 8144:9712] (1568, 1568, 1568) and write ROI [3456:4032, 9792:10368, 8640:9216] (576, 576, 576)
Recorded block-done for octoS0SubroiZ15683136Y78409408X1097612544Difficultsoma_pred_affs/10162 with read ROI [2960:4528, 9296:10864, 8144:9712] (1568, 1568, 1568) and write ROI [3456:4032, 9792:10368, 8640:9216] (576, 576, 576)
Recording block-done for octoS0SubroiZ15683136Y78409408X1097612544Difficultsoma_pred_affs/12647 with read ROI [2960:4528, 9872:11440, 9296:10864] (1568, 1568, 1568) and write ROI [3456:4032, 10368:10944, 9792:10368] (576, 576, 576)
Recorded block-done for octoS0SubroiZ15683136Y78409408X1097612544Difficultsoma_pred_affs/12647 with read ROI [2960:4528, 9872:11440, 9296:10864] (1568, 1568, 1568) and write ROI [3456:4032, 10368:10944, 9792:10368] (576, 576, 576)
Recording block-done for octoS0SubroiZ15683136Y78409408X1097612544Difficultsoma_pred_affs/9445 with read ROI [2960:4528, 9872:11440, 6992:8560] (1568, 1568, 1568) and write ROI [3456:4032, 10368:10944, 7488:8064] (576, 576, 576)
Recorded block-done for octoS0SubroiZ15683136Y78409408X1097612544Difficultsoma_pred_affs/9445 with read ROI [2960:4528, 9872:11440, 6992:8560] (1568, 1568, 1568) and write ROI [3456:4032, 10368:10944, 7488:8064] (576, 576, 576)
Recording block-done for octoS0SubroiZ15683136Y78409408X1097612544Difficultsoma_pred_affs/4391 with read ROI [2960:4528, 10448:12016, 1232:2800] (1568, 1568, 1568) and write ROI [3456:4032, 10944:11520, 1728:2304] (576, 576, 576)
Recorded block-done for octoS0SubroiZ15683136Y78409408X1097612544Difficultsoma_pred_affs/4391 with read ROI [2960:4528, 10448:12016, 1232:2800] (1568, 1568, 1568) and write ROI [3456:4032, 10944:11520, 1728:2304] (576, 576, 576)
Recording block-done for octoS0SubroiZ15683136Y78409408X1097612544Difficultsoma_pred_affs/6876 with read ROI [2960:4528, 10448:12016, 4112:5680] (1568, 1568, 1568) and write ROI [3456:4032, 10944:11520, 4608:5184] (576, 576, 576)
Recorded block-done for octoS0SubroiZ15683136Y78409408X1097612544Difficultsoma_pred_affs/6876 with read ROI [2960:4528, 10448:12016, 4112:5680] (1568, 1568, 1568) and write ROI [3456:4032, 10944:11520, 4608:5184] (576, 576, 576)
Recording block-done for octoS0SubroiZ15683136Y78409408X1097612544Difficultsoma_pred_affs/6315 with read ROI [2960:4528, 10448:12016, 3536:5104] (1568, 1568, 1568) and write ROI [3456:4032, 10944:11520, 4032:4608] (576, 576, 576)
Recorded block-done for octoS0SubroiZ15683136Y78409408X1097612544Difficultsoma_pred_affs/6315 with read ROI [2960:4528, 10448:12016, 3536:5104] (1568, 1568, 1568) and write ROI [3456:4032, 10944:11520, 4032:4608] (576, 576, 576)
Recording block-done for octoS0SubroiZ15683136Y78409408X1097612544Difficultsoma_pred_affs/13575 with read ROI [2960:4528, 10448:12016, 9296:10864] (1568, 1568, 1568) and write ROI [3456:4032, 10944:11520, 9792:10368] (576, 576, 576)
Recorded block-done for octoS0SubroiZ15683136Y78409408X1097612544Difficultsoma_pred_affs/13575 with read ROI [2960:4528, 10448:12016, 9296:10864] (1568, 1568, 1568) and write ROI [3456:4032, 10944:11520, 9792:10368] (576, 576, 576)
Recording block-done for octoS0SubroiZ15683136Y78409408X1097612544Difficultsoma_pred_affs/208 with read ROI [3536:5104, 80:1648, 80:1648] (1568, 1568, 1568) and write ROI [4032:4608, 576:1152, 576:1152] (576, 576, 576)
Recorded block-done for octoS0SubroiZ15683136Y78409408X1097612544Difficultsoma_pred_affs/208 with read ROI [3536:5104, 80:1648, 80:1648] (1568, 1568, 1568) and write ROI [4032:4608, 576:1152, 576:1152] (576, 576, 576)
Recording block-done for octoS0SubroiZ15683136Y78409408X1097612544Difficultsoma_pred_affs/1021 with read ROI [3536:5104, 656:2224, 4112:5680] (1568, 1568, 1568) and write ROI [4032:4608, 1152:1728, 4608:5184] (576, 576, 576)
Recorded block-done for octoS0SubroiZ15683136Y78409408X1097612544Difficultsoma_pred_affs/1021 with read ROI [3536:5104, 656:2224, 4112:5680] (1568, 1568, 1568) and write ROI [4032:4608, 1152:1728, 4608:5184] (576, 576, 576)
Recording block-done for octoS0SubroiZ15683136Y78409408X1097612544Difficultsoma_pred_affs/1192 with read ROI [3536:5104, 656:2224, 4688:6256] (1568, 1568, 1568) and write ROI [4032:4608, 1152:1728, 5184:5760] (576, 576, 576)
Recorded block-done for octoS0SubroiZ15683136Y78409408X1097612544Difficultsoma_pred_affs/1192 with read ROI [3536:5104, 656:2224, 4688:6256] (1568, 1568, 1568) and write ROI [4032:4608, 1152:1728, 5184:5760] (576, 576, 576)
Recording block-done for octoS0SubroiZ15683136Y78409408X1097612544Difficultsoma_pred_affs/2343 with read ROI [3536:5104, 80:1648, 8144:9712] (1568, 1568, 1568) and write ROI [4032:4608, 576:1152, 8640:9216] (576, 576, 576)
Recorded block-done for octoS0SubroiZ15683136Y78409408X1097612544Difficultsoma_pred_affs/2343 with read ROI [3536:5104, 80:1648, 8144:9712] (1568, 1568, 1568) and write ROI [4032:4608, 576:1152, 8640:9216] (576, 576, 576)
Recording block-done for octoS0SubroiZ15683136Y78409408X1097612544Difficultsoma_pred_affs/1382 with read ROI [3536:5104, 656:2224, 5264:6832] (1568, 1568, 1568) and write ROI [4032:4608, 1152:1728, 5760:6336] (576, 576, 576)
Recorded block-done for octoS0SubroiZ15683136Y78409408X1097612544Difficultsoma_pred_affs/1382 with read ROI [3536:5104, 656:2224, 5264:6832] (1568, 1568, 1568) and write ROI [4032:4608, 1152:1728, 5760:6336] (576, 576, 576)
Recording block-done for octoS0SubroiZ15683136Y78409408X1097612544Difficultsoma_pred_affs/2652 with read ROI [3536:5104, 656:2224, 8144:9712] (1568, 1568, 1568) and write ROI [4032:4608, 1152:1728, 8640:9216] (576, 576, 576)
Recorded block-done for octoS0SubroiZ15683136Y78409408X1097612544Difficultsoma_pred_affs/2652 with read ROI [3536:5104, 656:2224, 8144:9712] (1568, 1568, 1568) and write ROI [4032:4608, 1152:1728, 8640:9216] (576, 576, 576)
Recording block-done for octoS0SubroiZ15683136Y78409408X1097612544Difficultsoma_pred_affs/1602 with read ROI [3536:5104, 1232:2800, 5264:6832] (1568, 1568, 1568) and write ROI [4032:4608, 1728:2304, 5760:6336] (576, 576, 576)
Recorded block-done for octoS0SubroiZ15683136Y78409408X1097612544Difficultsoma_pred_affs/1602 with read ROI [3536:5104, 1232:2800, 5264:6832] (1568, 1568, 1568) and write ROI [4032:4608, 1728:2304, 5760:6336] (576, 576, 576)
Recording block-done for octoS0SubroiZ15683136Y78409408X1097612544Difficultsoma_pred_affs/2362 with read ROI [3536:5104, 1232:2800, 6992:8560] (1568, 1568, 1568) and write ROI [4032:4608, 1728:2304, 7488:8064] (576, 576, 576)
Recorded block-done for octoS0SubroiZ15683136Y78409408X1097612544Difficultsoma_pred_affs/2362 with read ROI [3536:5104, 1232:2800, 6992:8560] (1568, 1568, 1568) and write ROI [4032:4608, 1728:2304, 7488:8064] (576, 576, 576)
Recording block-done for octoS0SubroiZ15683136Y78409408X1097612544Difficultsoma_pred_affs/2987 with read ROI [3536:5104, 1232:2800, 8144:9712] (1568, 1568, 1568) and write ROI [4032:4608, 1728:2304, 8640:9216] (576, 576, 576)
Recorded block-done for octoS0SubroiZ15683136Y78409408X1097612544Difficultsoma_pred_affs/2987 with read ROI [3536:5104, 1232:2800, 8144:9712] (1568, 1568, 1568) and write ROI [4032:4608, 1728:2304, 8640:9216] (576, 576, 576)
Recording block-done for octoS0SubroiZ15683136Y78409408X1097612544Difficultsoma_pred_affs/1844 with read ROI [3536:5104, 1808:3376, 5264:6832] (1568, 1568, 1568) and write ROI [4032:4608, 2304:2880, 5760:6336] (576, 576, 576)
Recorded block-done for octoS0SubroiZ15683136Y78409408X1097612544Difficultsoma_pred_affs/1844 with read ROI [3536:5104, 1808:3376, 5264:6832] (1568, 1568, 1568) and write ROI [4032:4608, 2304:2880, 5760:6336] (576, 576, 576)
Recording block-done for octoS0SubroiZ15683136Y78409408X1097612544Difficultsoma_pred_affs/2097 with read ROI [3536:5104, 1808:3376, 5840:7408] (1568, 1568, 1568) and write ROI [4032:4608, 2304:2880, 6336:6912] (576, 576, 576)
Recorded block-done for octoS0SubroiZ15683136Y78409408X1097612544Difficultsoma_pred_affs/2097 with read ROI [3536:5104, 1808:3376, 5840:7408] (1568, 1568, 1568) and write ROI [4032:4608, 2304:2880, 6336:6912] (576, 576, 576)
Recording block-done for octoS0SubroiZ15683136Y78409408X1097612544Difficultsoma_pred_affs/645 with read ROI [3536:5104, 2384:3952, 656:2224] (1568, 1568, 1568) and write ROI [4032:4608, 2880:3456, 1152:1728] (576, 576, 576)
Recorded block-done for octoS0SubroiZ15683136Y78409408X1097612544Difficultsoma_pred_affs/645 with read ROI [3536:5104, 2384:3952, 656:2224] (1568, 1568, 1568) and write ROI [4032:4608, 2880:3456, 1152:1728] (576, 576, 576)
Recording block-done for octoS0SubroiZ15683136Y78409408X1097612544Difficultsoma_pred_affs/901 with read ROI [3536:5104, 2384:3952, 1808:3376] (1568, 1568, 1568) and write ROI [4032:4608, 2880:3456, 2304:2880] (576, 576, 576)
Recorded block-done for octoS0SubroiZ15683136Y78409408X1097612544Difficultsoma_pred_affs/901 with read ROI [3536:5104, 2384:3952, 1808:3376] (1568, 1568, 1568) and write ROI [4032:4608, 2880:3456, 2304:2880] (576, 576, 576)
Recording block-done for octoS0SubroiZ15683136Y78409408X1097612544Difficultsoma_pred_affs/1054 with read ROI [3536:5104, 2384:3952, 2384:3952] (1568, 1568, 1568) and write ROI [4032:4608, 2880:3456, 2880:3456] (576, 576, 576)
Recorded block-done for octoS0SubroiZ15683136Y78409408X1097612544Difficultsoma_pred_affs/1054 with read ROI [3536:5104, 2384:3952, 2384:3952] (1568, 1568, 1568) and write ROI [4032:4608, 2880:3456, 2880:3456] (576, 576, 576)
Recording block-done for octoS0SubroiZ15683136Y78409408X1097612544Difficultsoma_pred_affs/3361 with read ROI [3536:5104, 2384:3952, 7568:9136] (1568, 1568, 1568) and write ROI [4032:4608, 2880:3456, 8064:8640] (576, 576, 576)
Recorded block-done for octoS0SubroiZ15683136Y78409408X1097612544Difficultsoma_pred_affs/3361 with read ROI [3536:5104, 2384:3952, 7568:9136] (1568, 1568, 1568) and write ROI [4032:4608, 2880:3456, 8064:8640] (576, 576, 576)
Recording block-done for octoS0SubroiZ15683136Y78409408X1097612544Difficultsoma_pred_affs/1428 with read ROI [3536:5104, 2960:4528, 2960:4528] (1568, 1568, 1568) and write ROI [4032:4608, 3456:4032, 3456:4032] (576, 576, 576)
Recorded block-done for octoS0SubroiZ15683136Y78409408X1097612544Difficultsoma_pred_affs/1428 with read ROI [3536:5104, 2960:4528, 2960:4528] (1568, 1568, 1568) and write ROI [4032:4608, 3456:4032, 3456:4032] (576, 576, 576)
Recording block-done for octoS0SubroiZ15683136Y78409408X1097612544Difficultsoma_pred_affs/1638 with read ROI [3536:5104, 2960:4528, 3536:5104] (1568, 1568, 1568) and write ROI [4032:4608, 3456:4032, 4032:4608] (576, 576, 576)
Recorded block-done for octoS0SubroiZ15683136Y78409408X1097612544Difficultsoma_pred_affs/1638 with read ROI [3536:5104, 2960:4528, 3536:5104] (1568, 1568, 1568) and write ROI [4032:4608, 3456:4032, 4032:4608] (576, 576, 576)
Recording block-done for octoS0SubroiZ15683136Y78409408X1097612544Difficultsoma_pred_affs/3388 with read ROI [3536:5104, 3536:5104, 6416:7984] (1568, 1568, 1568) and write ROI [4032:4608, 4032:4608, 6912:7488] (576, 576, 576)
Recorded block-done for octoS0SubroiZ15683136Y78409408X1097612544Difficultsoma_pred_affs/3388 with read ROI [3536:5104, 3536:5104, 6416:7984] (1568, 1568, 1568) and write ROI [4032:4608, 4032:4608, 6912:7488] (576, 576, 576)
Recording block-done for octoS0SubroiZ15683136Y78409408X1097612544Difficultsoma_pred_affs/1652 with read ROI [3536:5104, 3536:5104, 2960:4528] (1568, 1568, 1568) and write ROI [4032:4608, 4032:4608, 3456:4032] (576, 576, 576)
Recorded block-done for octoS0SubroiZ15683136Y78409408X1097612544Difficultsoma_pred_affs/1652 with read ROI [3536:5104, 3536:5104, 2960:4528] (1568, 1568, 1568) and write ROI [4032:4608, 4032:4608, 3456:4032] (576, 576, 576)
Recording block-done for octoS0SubroiZ15683136Y78409408X1097612544Difficultsoma_pred_affs/7267 with read ROI [3536:5104, 4112:5680, 10448:12016] (1568, 1568, 1568) and write ROI [4032:4608, 4608:5184, 10944:11520] (576, 576, 576)
Recorded block-done for octoS0SubroiZ15683136Y78409408X1097612544Difficultsoma_pred_affs/7267 with read ROI [3536:5104, 4112:5680, 10448:12016] (1568, 1568, 1568) and write ROI [4032:4608, 4608:5184, 10944:11520] (576, 576, 576)
Recording block-done for octoS0SubroiZ15683136Y78409408X1097612544Difficultsoma_pred_affs/6111 with read ROI [3536:5104, 4112:5680, 9296:10864] (1568, 1568, 1568) and write ROI [4032:4608, 4608:5184, 9792:10368] (576, 576, 576)
Recorded block-done for octoS0SubroiZ15683136Y78409408X1097612544Difficultsoma_pred_affs/6111 with read ROI [3536:5104, 4112:5680, 9296:10864] (1568, 1568, 1568) and write ROI [4032:4608, 4608:5184, 9792:10368] (576, 576, 576)
Recording block-done for octoS0SubroiZ15683136Y78409408X1097612544Difficultsoma_pred_affs/1914 with read ROI [3536:5104, 4688:6256, 2384:3952] (1568, 1568, 1568) and write ROI [4032:4608, 5184:5760, 2880:3456] (576, 576, 576)
Recorded block-done for octoS0SubroiZ15683136Y78409408X1097612544Difficultsoma_pred_affs/1914 with read ROI [3536:5104, 4688:6256, 2384:3952] (1568, 1568, 1568) and write ROI [4032:4608, 5184:5760, 2880:3456] (576, 576, 576)
Recording block-done for octoS0SubroiZ15683136Y78409408X1097612544Difficultsoma_pred_affs/3797 with read ROI [3536:5104, 4688:6256, 5840:7408] (1568, 1568, 1568) and write ROI [4032:4608, 5184:5760, 6336:6912] (576, 576, 576)
Recorded block-done for octoS0SubroiZ15683136Y78409408X1097612544Difficultsoma_pred_affs/3797 with read ROI [3536:5104, 4688:6256, 5840:7408] (1568, 1568, 1568) and write ROI [4032:4608, 5184:5760, 6336:6912] (576, 576, 576)
Recording block-done for octoS0SubroiZ15683136Y78409408X1097612544Difficultsoma_pred_affs/4187 with read ROI [3536:5104, 4112:5680, 6992:8560] (1568, 1568, 1568) and write ROI [4032:4608, 4608:5184, 7488:8064] (576, 576, 576)
Recorded block-done for octoS0SubroiZ15683136Y78409408X1097612544Difficultsoma_pred_affs/4187 with read ROI [3536:5104, 4112:5680, 6992:8560] (1568, 1568, 1568) and write ROI [4032:4608, 4608:5184, 7488:8064] (576, 576, 576)
Recording block-done for octoS0SubroiZ15683136Y78409408X1097612544Difficultsoma_pred_affs/1931 with read ROI [3536:5104, 5264:6832, 1808:3376] (1568, 1568, 1568) and write ROI [4032:4608, 5760:6336, 2304:2880] (576, 576, 576)
Recorded block-done for octoS0SubroiZ15683136Y78409408X1097612544Difficultsoma_pred_affs/1931 with read ROI [3536:5104, 5264:6832, 1808:3376] (1568, 1568, 1568) and write ROI [4032:4608, 5760:6336, 2304:2880] (576, 576, 576)
Recording block-done for octoS0SubroiZ15683136Y78409408X1097612544Difficultsoma_pred_affs/2184 with read ROI [3536:5104, 5264:6832, 2384:3952] (1568, 1568, 1568) and write ROI [4032:4608, 5760:6336, 2880:3456] (576, 576, 576)
Recorded block-done for octoS0SubroiZ15683136Y78409408X1097612544Difficultsoma_pred_affs/2184 with read ROI [3536:5104, 5264:6832, 2384:3952] (1568, 1568, 1568) and write ROI [4032:4608, 5760:6336, 2880:3456] (576, 576, 576)
Recording block-done for octoS0SubroiZ15683136Y78409408X1097612544Difficultsoma_pred_affs/3436 with read ROI [3536:5104, 5264:6832, 4688:6256] (1568, 1568, 1568) and write ROI [4032:4608, 5760:6336, 5184:5760] (576, 576, 576)
Recorded block-done for octoS0SubroiZ15683136Y78409408X1097612544Difficultsoma_pred_affs/3436 with read ROI [3536:5104, 5264:6832, 4688:6256] (1568, 1568, 1568) and write ROI [4032:4608, 5760:6336, 5184:5760] (576, 576, 576)
Recording block-done for octoS0SubroiZ15683136Y78409408X1097612544Difficultsoma_pred_affs/4655 with read ROI [3536:5104, 5264:6832, 6416:7984] (1568, 1568, 1568) and write ROI [4032:4608, 5760:6336, 6912:7488] (576, 576, 576)
Recorded block-done for octoS0SubroiZ15683136Y78409408X1097612544Difficultsoma_pred_affs/4655 with read ROI [3536:5104, 5264:6832, 6416:7984] (1568, 1568, 1568) and write ROI [4032:4608, 5760:6336, 6912:7488] (576, 576, 576)
Recording block-done for octoS0SubroiZ15683136Y78409408X1097612544Difficultsoma_pred_affs/1949 with read ROI [3536:5104, 5840:7408, 1232:2800] (1568, 1568, 1568) and write ROI [4032:4608, 6336:6912, 1728:2304] (576, 576, 576)
Recorded block-done for octoS0SubroiZ15683136Y78409408X1097612544Difficultsoma_pred_affs/1949 with read ROI [3536:5104, 5840:7408, 1232:2800] (1568, 1568, 1568) and write ROI [4032:4608, 6336:6912, 1728:2304] (576, 576, 576)
Recording block-done for octoS0SubroiZ15683136Y78409408X1097612544Difficultsoma_pred_affs/3832 with read ROI [3536:5104, 5840:7408, 4688:6256] (1568, 1568, 1568) and write ROI [4032:4608, 6336:6912, 5184:5760] (576, 576, 576)
Recorded block-done for octoS0SubroiZ15683136Y78409408X1097612544Difficultsoma_pred_affs/3832 with read ROI [3536:5104, 5840:7408, 4688:6256] (1568, 1568, 1568) and write ROI [4032:4608, 6336:6912, 5184:5760] (576, 576, 576)
Recording block-done for octoS0SubroiZ15683136Y78409408X1097612544Difficultsoma_pred_affs/4257 with read ROI [3536:5104, 6416:7984, 4688:6256] (1568, 1568, 1568) and write ROI [4032:4608, 6912:7488, 5184:5760] (576, 576, 576)
Recorded block-done for octoS0SubroiZ15683136Y78409408X1097612544Difficultsoma_pred_affs/4257 with read ROI [3536:5104, 6416:7984, 4688:6256] (1568, 1568, 1568) and write ROI [4032:4608, 6912:7488, 5184:5760] (576, 576, 576)
Recording block-done for octoS0SubroiZ15683136Y78409408X1097612544Difficultsoma_pred_affs/8633 with read ROI [3536:5104, 6416:7984, 9296:10864] (1568, 1568, 1568) and write ROI [4032:4608, 6912:7488, 9792:10368] (576, 576, 576)
Recorded block-done for octoS0SubroiZ15683136Y78409408X1097612544Difficultsoma_pred_affs/8633 with read ROI [3536:5104, 6416:7984, 9296:10864] (1568, 1568, 1568) and write ROI [4032:4608, 6912:7488, 9792:10368] (576, 576, 576)
Recording block-done for octoS0SubroiZ15683136Y78409408X1097612544Difficultsoma_pred_affs/6723 with read ROI [3536:5104, 5840:7408, 8144:9712] (1568, 1568, 1568) and write ROI [4032:4608, 6336:6912, 8640:9216] (576, 576, 576)
Recorded block-done for octoS0SubroiZ15683136Y78409408X1097612544Difficultsoma_pred_affs/6723 with read ROI [3536:5104, 5840:7408, 8144:9712] (1568, 1568, 1568) and write ROI [4032:4608, 6336:6912, 8640:9216] (576, 576, 576)
Recording block-done for octoS0SubroiZ15683136Y78409408X1097612544Difficultsoma_pred_affs/9336 with read ROI [3536:5104, 6416:7984, 9872:11440] (1568, 1568, 1568) and write ROI [4032:4608, 6912:7488, 10368:10944] (576, 576, 576)
Recorded block-done for octoS0SubroiZ15683136Y78409408X1097612544Difficultsoma_pred_affs/9336 with read ROI [3536:5104, 6416:7984, 9872:11440] (1568, 1568, 1568) and write ROI [4032:4608, 6912:7488, 10368:10944] (576, 576, 576)
Recording block-done for octoS0SubroiZ15683136Y78409408X1097612544Difficultsoma_pred_affs/7337 with read ROI [3536:5104, 6416:7984, 8144:9712] (1568, 1568, 1568) and write ROI [4032:4608, 6912:7488, 8640:9216] (576, 576, 576)
Recorded block-done for octoS0SubroiZ15683136Y78409408X1097612544Difficultsoma_pred_affs/7337 with read ROI [3536:5104, 6416:7984, 8144:9712] (1568, 1568, 1568) and write ROI [4032:4608, 6912:7488, 8640:9216] (576, 576, 576)
Recording block-done for octoS0SubroiZ15683136Y78409408X1097612544Difficultsoma_pred_affs/3163 with read ROI [3536:5104, 7568:9136, 1808:3376] (1568, 1568, 1568) and write ROI [4032:4608, 8064:8640, 2304:2880] (576, 576, 576)
Recorded block-done for octoS0SubroiZ15683136Y78409408X1097612544Difficultsoma_pred_affs/3163 with read ROI [3536:5104, 7568:9136, 1808:3376] (1568, 1568, 1568) and write ROI [4032:4608, 8064:8640, 2304:2880] (576, 576, 576)
Recording block-done for octoS0SubroiZ15683136Y78409408X1097612544Difficultsoma_pred_affs/2538 with read ROI [3536:5104, 7568:9136, 656:2224] (1568, 1568, 1568) and write ROI [4032:4608, 8064:8640, 1152:1728] (576, 576, 576)
Recorded block-done for octoS0SubroiZ15683136Y78409408X1097612544Difficultsoma_pred_affs/2538 with read ROI [3536:5104, 7568:9136, 656:2224] (1568, 1568, 1568) and write ROI [4032:4608, 8064:8640, 1152:1728] (576, 576, 576)
Recording block-done for octoS0SubroiZ15683136Y78409408X1097612544Difficultsoma_pred_affs/3514 with read ROI [3536:5104, 7568:9136, 2384:3952] (1568, 1568, 1568) and write ROI [4032:4608, 8064:8640, 2880:3456] (576, 576, 576)
Recorded block-done for octoS0SubroiZ15683136Y78409408X1097612544Difficultsoma_pred_affs/3514 with read ROI [3536:5104, 7568:9136, 2384:3952] (1568, 1568, 1568) and write ROI [4032:4608, 8064:8640, 2880:3456] (576, 576, 576)
Recording block-done for octoS0SubroiZ15683136Y78409408X1097612544Difficultsoma_pred_affs/7987 with read ROI [3536:5104, 6992:8560, 8144:9712] (1568, 1568, 1568) and write ROI [4032:4608, 7488:8064, 8640:9216] (576, 576, 576)
Recorded block-done for octoS0SubroiZ15683136Y78409408X1097612544Difficultsoma_pred_affs/7987 with read ROI [3536:5104, 6992:8560, 8144:9712] (1568, 1568, 1568) and write ROI [4032:4608, 7488:8064, 8640:9216] (576, 576, 576)
Recording block-done for octoS0SubroiZ15683136Y78409408X1097612544Difficultsoma_pred_affs/5220 with read ROI [3536:5104, 8144:9712, 4112:5680] (1568, 1568, 1568) and write ROI [4032:4608, 8640:9216, 4608:5184] (576, 576, 576)
Recorded block-done for octoS0SubroiZ15683136Y78409408X1097612544Difficultsoma_pred_affs/5220 with read ROI [3536:5104, 8144:9712, 4112:5680] (1568, 1568, 1568) and write ROI [4032:4608, 8640:9216, 4608:5184] (576, 576, 576)
Recording block-done for octoS0SubroiZ15683136Y78409408X1097612544Difficultsoma_pred_affs/3892 with read ROI [3536:5104, 7568:9136, 2960:4528] (1568, 1568, 1568) and write ROI [4032:4608, 8064:8640, 3456:4032] (576, 576, 576)
Recorded block-done for octoS0SubroiZ15683136Y78409408X1097612544Difficultsoma_pred_affs/3892 with read ROI [3536:5104, 7568:9136, 2960:4528] (1568, 1568, 1568) and write ROI [4032:4608, 8064:8640, 3456:4032] (576, 576, 576)
Recording block-done for octoS0SubroiZ15683136Y78409408X1097612544Difficultsoma_pred_affs/3208 with read ROI [3536:5104, 8720:10288, 656:2224] (1568, 1568, 1568) and write ROI [4032:4608, 9216:9792, 1152:1728] (576, 576, 576)
Recorded block-done for octoS0SubroiZ15683136Y78409408X1097612544Difficultsoma_pred_affs/3208 with read ROI [3536:5104, 8720:10288, 656:2224] (1568, 1568, 1568) and write ROI [4032:4608, 9216:9792, 1152:1728] (576, 576, 576)
Recording block-done for octoS0SubroiZ15683136Y78409408X1097612544Difficultsoma_pred_affs/9399 with read ROI [3536:5104, 8144:9712, 8144:9712] (1568, 1568, 1568) and write ROI [4032:4608, 8640:9216, 8640:9216] (576, 576, 576)
Recorded block-done for octoS0SubroiZ15683136Y78409408X1097612544Difficultsoma_pred_affs/9399 with read ROI [3536:5104, 8144:9712, 8144:9712] (1568, 1568, 1568) and write ROI [4032:4608, 8640:9216, 8640:9216] (576, 576, 576)
Recording block-done for octoS0SubroiZ15683136Y78409408X1097612544Difficultsoma_pred_affs/8077 with read ROI [3536:5104, 9296:10864, 5840:7408] (1568, 1568, 1568) and write ROI [4032:4608, 9792:10368, 6336:6912] (576, 576, 576)
Recorded block-done for octoS0SubroiZ15683136Y78409408X1097612544Difficultsoma_pred_affs/8077 with read ROI [3536:5104, 9296:10864, 5840:7408] (1568, 1568, 1568) and write ROI [4032:4608, 9792:10368, 6336:6912] (576, 576, 576)
Recording block-done for octoS0SubroiZ15683136Y78409408X1097612544Difficultsoma_pred_affs/3608 with read ROI [3536:5104, 9872:11440, 80:1648] (1568, 1568, 1568) and write ROI [4032:4608, 10368:10944, 576:1152] (576, 576, 576)
Recorded block-done for octoS0SubroiZ15683136Y78409408X1097612544Difficultsoma_pred_affs/3608 with read ROI [3536:5104, 9872:11440, 80:1648] (1568, 1568, 1568) and write ROI [4032:4608, 10368:10944, 576:1152] (576, 576, 576)
Recording block-done for octoS0SubroiZ15683136Y78409408X1097612544Difficultsoma_pred_affs/5788 with read ROI [3536:5104, 9872:11440, 2960:4528] (1568, 1568, 1568) and write ROI [4032:4608, 10368:10944, 3456:4032] (576, 576, 576)
Recorded block-done for octoS0SubroiZ15683136Y78409408X1097612544Difficultsoma_pred_affs/5788 with read ROI [3536:5104, 9872:11440, 2960:4528] (1568, 1568, 1568) and write ROI [4032:4608, 10368:10944, 3456:4032] (576, 576, 576)
Recording block-done for octoS0SubroiZ15683136Y78409408X1097612544Difficultsoma_pred_affs/5318 with read ROI [3536:5104, 10448:12016, 1808:3376] (1568, 1568, 1568) and write ROI [4032:4608, 10944:11520, 2304:2880] (576, 576, 576)
Recorded block-done for octoS0SubroiZ15683136Y78409408X1097612544Difficultsoma_pred_affs/5318 with read ROI [3536:5104, 10448:12016, 1808:3376] (1568, 1568, 1568) and write ROI [4032:4608, 10944:11520, 2304:2880] (576, 576, 576)
Recording block-done for octoS0SubroiZ15683136Y78409408X1097612544Difficultsoma_pred_affs/5814 with read ROI [3536:5104, 10448:12016, 2384:3952] (1568, 1568, 1568) and write ROI [4032:4608, 10944:11520, 2880:3456] (576, 576, 576)
Recorded block-done for octoS0SubroiZ15683136Y78409408X1097612544Difficultsoma_pred_affs/5814 with read ROI [3536:5104, 10448:12016, 2384:3952] (1568, 1568, 1568) and write ROI [4032:4608, 10944:11520, 2880:3456] (576, 576, 576)
Recording block-done for octoS0SubroiZ15683136Y78409408X1097612544Difficultsoma_pred_affs/11838 with read ROI [3536:5104, 10448:12016, 7568:9136] (1568, 1568, 1568) and write ROI [4032:4608, 10944:11520, 8064:8640] (576, 576, 576)
Recorded block-done for octoS0SubroiZ15683136Y78409408X1097612544Difficultsoma_pred_affs/11838 with read ROI [3536:5104, 10448:12016, 7568:9136] (1568, 1568, 1568) and write ROI [4032:4608, 10944:11520, 8064:8640] (576, 576, 576)
Recording block-done for octoS0SubroiZ15683136Y78409408X1097612544Difficultsoma_pred_affs/12699 with read ROI [3536:5104, 10448:12016, 8144:9712] (1568, 1568, 1568) and write ROI [4032:4608, 10944:11520, 8640:9216] (576, 576, 576)
Recorded block-done for octoS0SubroiZ15683136Y78409408X1097612544Difficultsoma_pred_affs/12699 with read ROI [3536:5104, 10448:12016, 8144:9712] (1568, 1568, 1568) and write ROI [4032:4608, 10944:11520, 8640:9216] (576, 576, 576)
Recording block-done for octoS0SubroiZ15683136Y78409408X1097612544Difficultsoma_pred_affs/613 with read ROI [4112:5680, 80:1648, 2384:3952] (1568, 1568, 1568) and write ROI [4608:5184, 576:1152, 2880:3456] (576, 576, 576)
Recorded block-done for octoS0SubroiZ15683136Y78409408X1097612544Difficultsoma_pred_affs/613 with read ROI [4112:5680, 80:1648, 2384:3952] (1568, 1568, 1568) and write ROI [4608:5184, 576:1152, 2880:3456] (576, 576, 576)
Recording block-done for octoS0SubroiZ15683136Y78409408X1097612544Difficultsoma_pred_affs/339 with read ROI [4112:5680, 80:1648, 656:2224] (1568, 1568, 1568) and write ROI [4608:5184, 576:1152, 1152:1728] (576, 576, 576)
Recorded block-done for octoS0SubroiZ15683136Y78409408X1097612544Difficultsoma_pred_affs/339 with read ROI [4112:5680, 80:1648, 656:2224] (1568, 1568, 1568) and write ROI [4608:5184, 576:1152, 1152:1728] (576, 576, 576)
Recording block-done for octoS0SubroiZ15683136Y78409408X1097612544Difficultsoma_pred_affs/1383 with read ROI [4112:5680, 80:1648, 5264:6832] (1568, 1568, 1568) and write ROI [4608:5184, 576:1152, 5760:6336] (576, 576, 576)
Recorded block-done for octoS0SubroiZ15683136Y78409408X1097612544Difficultsoma_pred_affs/1383 with read ROI [4112:5680, 80:1648, 5264:6832] (1568, 1568, 1568) and write ROI [4608:5184, 576:1152, 5760:6336] (576, 576, 576)
Recording block-done for octoS0SubroiZ15683136Y78409408X1097612544Difficultsoma_pred_affs/1393 with read ROI [4112:5680, 656:2224, 4688:6256] (1568, 1568, 1568) and write ROI [4608:5184, 1152:1728, 5184:5760] (576, 576, 576)
Recorded block-done for octoS0SubroiZ15683136Y78409408X1097612544Difficultsoma_pred_affs/1393 with read ROI [4112:5680, 656:2224, 4688:6256] (1568, 1568, 1568) and write ROI [4608:5184, 1152:1728, 5184:5760] (576, 576, 576)
Recording block-done for octoS0SubroiZ15683136Y78409408X1097612544Difficultsoma_pred_affs/1203 with read ROI [4112:5680, 656:2224, 4112:5680] (1568, 1568, 1568) and write ROI [4608:5184, 1152:1728, 4608:5184] (576, 576, 576)
Recorded block-done for octoS0SubroiZ15683136Y78409408X1097612544Difficultsoma_pred_affs/1203 with read ROI [4112:5680, 656:2224, 4112:5680] (1568, 1568, 1568) and write ROI [4608:5184, 1152:1728, 4608:5184] (576, 576, 576)
Recording block-done for octoS0SubroiZ15683136Y78409408X1097612544Difficultsoma_pred_affs/2087 with read ROI [4112:5680, 656:2224, 6416:7984] (1568, 1568, 1568) and write ROI [4608:5184, 1152:1728, 6912:7488] (576, 576, 576)
Recorded block-done for octoS0SubroiZ15683136Y78409408X1097612544Difficultsoma_pred_affs/2087 with read ROI [4112:5680, 656:2224, 6416:7984] (1568, 1568, 1568) and write ROI [4608:5184, 1152:1728, 6912:7488] (576, 576, 576)
Recording block-done for octoS0SubroiZ15683136Y78409408X1097612544Difficultsoma_pred_affs/2363 with read ROI [4112:5680, 656:2224, 6992:8560] (1568, 1568, 1568) and write ROI [4608:5184, 1152:1728, 7488:8064] (576, 576, 576)
Recorded block-done for octoS0SubroiZ15683136Y78409408X1097612544Difficultsoma_pred_affs/2363 with read ROI [4112:5680, 656:2224, 6992:8560] (1568, 1568, 1568) and write ROI [4608:5184, 1152:1728, 7488:8064] (576, 576, 576)
Recording block-done for octoS0SubroiZ15683136Y78409408X1097612544Difficultsoma_pred_affs/3728 with read ROI [4112:5680, 1232:2800, 8720:10288] (1568, 1568, 1568) and write ROI [4608:5184, 1728:2304, 9216:9792] (576, 576, 576)
Recorded block-done for octoS0SubroiZ15683136Y78409408X1097612544Difficultsoma_pred_affs/3728 with read ROI [4112:5680, 1232:2800, 8720:10288] (1568, 1568, 1568) and write ROI [4608:5184, 1728:2304, 9216:9792] (576, 576, 576)
Recording block-done for octoS0SubroiZ15683136Y78409408X1097612544Difficultsoma_pred_affs/4569 with read ROI [4112:5680, 1232:2800, 9872:11440] (1568, 1568, 1568) and write ROI [4608:5184, 1728:2304, 10368:10944] (576, 576, 576)
Recorded block-done for octoS0SubroiZ15683136Y78409408X1097612544Difficultsoma_pred_affs/4569 with read ROI [4112:5680, 1232:2800, 9872:11440] (1568, 1568, 1568) and write ROI [4608:5184, 1728:2304, 10368:10944] (576, 576, 576)
Recording block-done for octoS0SubroiZ15683136Y78409408X1097612544Difficultsoma_pred_affs/3350 with read ROI [4112:5680, 1232:2800, 8144:9712] (1568, 1568, 1568) and write ROI [4608:5184, 1728:2304, 8640:9216] (576, 576, 576)
Recorded block-done for octoS0SubroiZ15683136Y78409408X1097612544Difficultsoma_pred_affs/3350 with read ROI [4112:5680, 1232:2800, 8144:9712] (1568, 1568, 1568) and write ROI [4608:5184, 1728:2304, 8640:9216] (576, 576, 576)
Recording block-done for octoS0SubroiZ15683136Y78409408X1097612544Difficultsoma_pred_affs/2674 with read ROI [4112:5680, 1232:2800, 6992:8560] (1568, 1568, 1568) and write ROI [4608:5184, 1728:2304, 7488:8064] (576, 576, 576)
Recorded block-done for octoS0SubroiZ15683136Y78409408X1097612544Difficultsoma_pred_affs/2674 with read ROI [4112:5680, 1232:2800, 6992:8560] (1568, 1568, 1568) and write ROI [4608:5184, 1728:2304, 7488:8064] (576, 576, 576)
Recording block-done for octoS0SubroiZ15683136Y78409408X1097612544Difficultsoma_pred_affs/646 with read ROI [4112:5680, 1808:3376, 656:2224] (1568, 1568, 1568) and write ROI [4608:5184, 2304:2880, 1152:1728] (576, 576, 576)
Recorded block-done for octoS0SubroiZ15683136Y78409408X1097612544Difficultsoma_pred_affs/646 with read ROI [4112:5680, 1808:3376, 656:2224] (1568, 1568, 1568) and write ROI [4608:5184, 2304:2880, 1152:1728] (576, 576, 576)
Recording block-done for octoS0SubroiZ15683136Y78409408X1097612544Difficultsoma_pred_affs/915 with read ROI [4112:5680, 2384:3952, 1232:2800] (1568, 1568, 1568) and write ROI [4608:5184, 2880:3456, 1728:2304] (576, 576, 576)
Recorded block-done for octoS0SubroiZ15683136Y78409408X1097612544Difficultsoma_pred_affs/915 with read ROI [4112:5680, 2384:3952, 1232:2800] (1568, 1568, 1568) and write ROI [4608:5184, 2880:3456, 1728:2304] (576, 576, 576)
Recording block-done for octoS0SubroiZ15683136Y78409408X1097612544Difficultsoma_pred_affs/659 with read ROI [4112:5680, 2384:3952, 80:1648] (1568, 1568, 1568) and write ROI [4608:5184, 2880:3456, 576:1152] (576, 576, 576)
Recorded block-done for octoS0SubroiZ15683136Y78409408X1097612544Difficultsoma_pred_affs/659 with read ROI [4112:5680, 2384:3952, 80:1648] (1568, 1568, 1568) and write ROI [4608:5184, 2880:3456, 576:1152] (576, 576, 576)
Recording block-done for octoS0SubroiZ15683136Y78409408X1097612544Difficultsoma_pred_affs/1068 with read ROI [4112:5680, 2384:3952, 1808:3376] (1568, 1568, 1568) and write ROI [4608:5184, 2880:3456, 2304:2880] (576, 576, 576)
Recorded block-done for octoS0SubroiZ15683136Y78409408X1097612544Difficultsoma_pred_affs/1068 with read ROI [4112:5680, 2384:3952, 1808:3376] (1568, 1568, 1568) and write ROI [4608:5184, 2880:3456, 2304:2880] (576, 576, 576)
Recording block-done for octoS0SubroiZ15683136Y78409408X1097612544Difficultsoma_pred_affs/4581 with read ROI [4112:5680, 1808:3376, 9296:10864] (1568, 1568, 1568) and write ROI [4608:5184, 2304:2880, 9792:10368] (576, 576, 576)
Recorded block-done for octoS0SubroiZ15683136Y78409408X1097612544Difficultsoma_pred_affs/4581 with read ROI [4112:5680, 1808:3376, 9296:10864] (1568, 1568, 1568) and write ROI [4608:5184, 2304:2880, 9792:10368] (576, 576, 576)
Recording block-done for octoS0SubroiZ15683136Y78409408X1097612544Difficultsoma_pred_affs/2399 with read ROI [4112:5680, 2384:3952, 5264:6832] (1568, 1568, 1568) and write ROI [4608:5184, 2880:3456, 5760:6336] (576, 576, 576)
Recorded block-done for octoS0SubroiZ15683136Y78409408X1097612544Difficultsoma_pred_affs/2399 with read ROI [4112:5680, 2384:3952, 5264:6832] (1568, 1568, 1568) and write ROI [4608:5184, 2880:3456, 5760:6336] (576, 576, 576)
Recording block-done for octoS0SubroiZ15683136Y78409408X1097612544Difficultsoma_pred_affs/3375 with read ROI [4112:5680, 2384:3952, 6992:8560] (1568, 1568, 1568) and write ROI [4608:5184, 2880:3456, 7488:8064] (576, 576, 576)
Recorded block-done for octoS0SubroiZ15683136Y78409408X1097612544Difficultsoma_pred_affs/3375 with read ROI [4112:5680, 2384:3952, 6992:8560] (1568, 1568, 1568) and write ROI [4608:5184, 2880:3456, 7488:8064] (576, 576, 576)
Recording block-done for octoS0SubroiZ15683136Y78409408X1097612544Difficultsoma_pred_affs/2137 with read ROI [4112:5680, 2960:4528, 4112:5680] (1568, 1568, 1568) and write ROI [4608:5184, 3456:4032, 4608:5184] (576, 576, 576)
Recorded block-done for octoS0SubroiZ15683136Y78409408X1097612544Difficultsoma_pred_affs/2137 with read ROI [4112:5680, 2960:4528, 4112:5680] (1568, 1568, 1568) and write ROI [4608:5184, 3456:4032, 4608:5184] (576, 576, 576)
Recording block-done for octoS0SubroiZ15683136Y78409408X1097612544Difficultsoma_pred_affs/1443 with read ROI [4112:5680, 2960:4528, 2384:3952] (1568, 1568, 1568) and write ROI [4608:5184, 3456:4032, 2880:3456] (576, 576, 576)
Recorded block-done for octoS0SubroiZ15683136Y78409408X1097612544Difficultsoma_pred_affs/1443 with read ROI [4112:5680, 2960:4528, 2384:3952] (1568, 1568, 1568) and write ROI [4608:5184, 3456:4032, 2880:3456] (576, 576, 576)
Recording block-done for octoS0SubroiZ15683136Y78409408X1097612544Difficultsoma_pred_affs/1253 with read ROI [4112:5680, 2960:4528, 1808:3376] (1568, 1568, 1568) and write ROI [4608:5184, 3456:4032, 2304:2880] (576, 576, 576)
Recorded block-done for octoS0SubroiZ15683136Y78409408X1097612544Difficultsoma_pred_affs/1253 with read ROI [4112:5680, 2960:4528, 1808:3376] (1568, 1568, 1568) and write ROI [4608:5184, 3456:4032, 2304:2880] (576, 576, 576)
Recording block-done for octoS0SubroiZ15683136Y78409408X1097612544Difficultsoma_pred_affs/6658 with read ROI [4112:5680, 2960:4528, 10448:12016] (1568, 1568, 1568) and write ROI [4608:5184, 3456:4032, 10944:11520] (576, 576, 576)
Recorded block-done for octoS0SubroiZ15683136Y78409408X1097612544Difficultsoma_pred_affs/6658 with read ROI [4112:5680, 2960:4528, 10448:12016] (1568, 1568, 1568) and write ROI [4608:5184, 3456:4032, 10944:11520] (576, 576, 576)
Recording block-done for octoS0SubroiZ15683136Y78409408X1097612544Difficultsoma_pred_affs/2728 with read ROI [4112:5680, 3536:5104, 4688:6256] (1568, 1568, 1568) and write ROI [4608:5184, 4032:4608, 5184:5760] (576, 576, 576)
Recorded block-done for octoS0SubroiZ15683136Y78409408X1097612544Difficultsoma_pred_affs/2728 with read ROI [4112:5680, 3536:5104, 4688:6256] (1568, 1568, 1568) and write ROI [4608:5184, 4032:4608, 5184:5760] (576, 576, 576)
Recording block-done for octoS0SubroiZ15683136Y78409408X1097612544Difficultsoma_pred_affs/6112 with read ROI [4112:5680, 3536:5104, 9296:10864] (1568, 1568, 1568) and write ROI [4608:5184, 4032:4608, 9792:10368] (576, 576, 576)
Recorded block-done for octoS0SubroiZ15683136Y78409408X1097612544Difficultsoma_pred_affs/6112 with read ROI [4112:5680, 3536:5104, 9296:10864] (1568, 1568, 1568) and write ROI [4608:5184, 4032:4608, 9792:10368] (576, 576, 576)
Recording block-done for octoS0SubroiZ15683136Y78409408X1097612544Difficultsoma_pred_affs/1113 with read ROI [4112:5680, 4112:5680, 80:1648] (1568, 1568, 1568) and write ROI [4608:5184, 4608:5184, 576:1152] (576, 576, 576)
Recorded block-done for octoS0SubroiZ15683136Y78409408X1097612544Difficultsoma_pred_affs/1113 with read ROI [4112:5680, 4112:5680, 80:1648] (1568, 1568, 1568) and write ROI [4608:5184, 4608:5184, 576:1152] (576, 576, 576)
Recording block-done for octoS0SubroiZ15683136Y78409408X1097612544Difficultsoma_pred_affs/4188 with read ROI [4112:5680, 3536:5104, 6992:8560] (1568, 1568, 1568) and write ROI [4608:5184, 4032:4608, 7488:8064] (576, 576, 576)
Recorded block-done for octoS0SubroiZ15683136Y78409408X1097612544Difficultsoma_pred_affs/4188 with read ROI [4112:5680, 3536:5104, 6992:8560] (1568, 1568, 1568) and write ROI [4608:5184, 4032:4608, 7488:8064] (576, 576, 576)
Recording block-done for octoS0SubroiZ15683136Y78409408X1097612544Difficultsoma_pred_affs/6689 with read ROI [4112:5680, 4112:5680, 9296:10864] (1568, 1568, 1568) and write ROI [4608:5184, 4608:5184, 9792:10368] (576, 576, 576)
Recorded block-done for octoS0SubroiZ15683136Y78409408X1097612544Difficultsoma_pred_affs/6689 with read ROI [4112:5680, 4112:5680, 9296:10864] (1568, 1568, 1568) and write ROI [4608:5184, 4608:5184, 9792:10368] (576, 576, 576)
Recording block-done for octoS0SubroiZ15683136Y78409408X1097612544Difficultsoma_pred_affs/5600 with read ROI [4112:5680, 4112:5680, 8144:9712] (1568, 1568, 1568) and write ROI [4608:5184, 4608:5184, 8640:9216] (576, 576, 576)
Recorded block-done for octoS0SubroiZ15683136Y78409408X1097612544Difficultsoma_pred_affs/5600 with read ROI [4112:5680, 4112:5680, 8144:9712] (1568, 1568, 1568) and write ROI [4608:5184, 4608:5184, 8640:9216] (576, 576, 576)
Recording block-done for octoS0SubroiZ15683136Y78409408X1097612544Difficultsoma_pred_affs/3815 with read ROI [4112:5680, 4688:6256, 5264:6832] (1568, 1568, 1568) and write ROI [4608:5184, 5184:5760, 5760:6336] (576, 576, 576)
Recorded block-done for octoS0SubroiZ15683136Y78409408X1097612544Difficultsoma_pred_affs/3815 with read ROI [4112:5680, 4688:6256, 5264:6832] (1568, 1568, 1568) and write ROI [4608:5184, 5184:5760, 5760:6336] (576, 576, 576)
Recording block-done for octoS0SubroiZ15683136Y78409408X1097612544Difficultsoma_pred_affs/6706 with read ROI [4112:5680, 4688:6256, 8720:10288] (1568, 1568, 1568) and write ROI [4608:5184, 5184:5760, 9216:9792] (576, 576, 576)
Recorded block-done for octoS0SubroiZ15683136Y78409408X1097612544Difficultsoma_pred_affs/6706 with read ROI [4112:5680, 4688:6256, 8720:10288] (1568, 1568, 1568) and write ROI [4608:5184, 5184:5760, 9216:9792] (576, 576, 576)
Recording block-done for octoS0SubroiZ15683136Y78409408X1097612544Difficultsoma_pred_affs/1719 with read ROI [4112:5680, 5264:6832, 656:2224] (1568, 1568, 1568) and write ROI [4608:5184, 5760:6336, 1152:1728] (576, 576, 576)
Recorded block-done for octoS0SubroiZ15683136Y78409408X1097612544Difficultsoma_pred_affs/1719 with read ROI [4112:5680, 5264:6832, 656:2224] (1568, 1568, 1568) and write ROI [4608:5184, 5760:6336, 1152:1728] (576, 576, 576)
Recording block-done for octoS0SubroiZ15683136Y78409408X1097612544Difficultsoma_pred_affs/1509 with read ROI [4112:5680, 5264:6832, 80:1648] (1568, 1568, 1568) and write ROI [4608:5184, 5760:6336, 576:1152] (576, 576, 576)
Recorded block-done for octoS0SubroiZ15683136Y78409408X1097612544Difficultsoma_pred_affs/1509 with read ROI [4112:5680, 5264:6832, 80:1648] (1568, 1568, 1568) and write ROI [4608:5184, 5760:6336, 576:1152] (576, 576, 576)
Recording block-done for octoS0SubroiZ15683136Y78409408X1097612544Difficultsoma_pred_affs/2203 with read ROI [4112:5680, 5264:6832, 1808:3376] (1568, 1568, 1568) and write ROI [4608:5184, 5760:6336, 2304:2880] (576, 576, 576)
Recorded block-done for octoS0SubroiZ15683136Y78409408X1097612544Difficultsoma_pred_affs/2203 with read ROI [4112:5680, 5264:6832, 1808:3376] (1568, 1568, 1568) and write ROI [4608:5184, 5760:6336, 2304:2880] (576, 576, 576)
Recording block-done for octoS0SubroiZ15683136Y78409408X1097612544Difficultsoma_pred_affs/6724 with read ROI [4112:5680, 5264:6832, 8144:9712] (1568, 1568, 1568) and write ROI [4608:5184, 5760:6336, 8640:9216] (576, 576, 576)
Recorded block-done for octoS0SubroiZ15683136Y78409408X1097612544Difficultsoma_pred_affs/6724 with read ROI [4112:5680, 5264:6832, 8144:9712] (1568, 1568, 1568) and write ROI [4608:5184, 5760:6336, 8640:9216] (576, 576, 576)
Recording block-done for octoS0SubroiZ15683136Y78409408X1097612544Difficultsoma_pred_affs/1969 with read ROI [4112:5680, 5840:7408, 656:2224] (1568, 1568, 1568) and write ROI [4608:5184, 6336:6912, 1152:1728] (576, 576, 576)
Recorded block-done for octoS0SubroiZ15683136Y78409408X1097612544Difficultsoma_pred_affs/1969 with read ROI [4112:5680, 5840:7408, 656:2224] (1568, 1568, 1568) and write ROI [4608:5184, 6336:6912, 1152:1728] (576, 576, 576)
Recording block-done for octoS0SubroiZ15683136Y78409408X1097612544Difficultsoma_pred_affs/4258 with read ROI [4112:5680, 5840:7408, 4688:6256] (1568, 1568, 1568) and write ROI [4608:5184, 6336:6912, 5184:5760] (576, 576, 576)
Recorded block-done for octoS0SubroiZ15683136Y78409408X1097612544Difficultsoma_pred_affs/4258 with read ROI [4112:5680, 5840:7408, 4688:6256] (1568, 1568, 1568) and write ROI [4608:5184, 6336:6912, 5184:5760] (576, 576, 576)
Recording block-done for octoS0SubroiZ15683136Y78409408X1097612544Difficultsoma_pred_affs/5158 with read ROI [4112:5680, 5840:7408, 5840:7408] (1568, 1568, 1568) and write ROI [4608:5184, 6336:6912, 6336:6912] (576, 576, 576)
Recorded block-done for octoS0SubroiZ15683136Y78409408X1097612544Difficultsoma_pred_affs/5158 with read ROI [4112:5680, 5840:7408, 5840:7408] (1568, 1568, 1568) and write ROI [4608:5184, 6336:6912, 6336:6912] (576, 576, 576)
Recording block-done for octoS0SubroiZ15683136Y78409408X1097612544Difficultsoma_pred_affs/3474 with read ROI [4112:5680, 5840:7408, 3536:5104] (1568, 1568, 1568) and write ROI [4608:5184, 6336:6912, 4032:4608] (576, 576, 576)
Recorded block-done for octoS0SubroiZ15683136Y78409408X1097612544Difficultsoma_pred_affs/3474 with read ROI [4112:5680, 5840:7408, 3536:5104] (1568, 1568, 1568) and write ROI [4608:5184, 6336:6912, 4032:4608] (576, 576, 576)
Recording block-done for octoS0SubroiZ15683136Y78409408X1097612544Difficultsoma_pred_affs/3494 with read ROI [4112:5680, 6416:7984, 2960:4528] (1568, 1568, 1568) and write ROI [4608:5184, 6912:7488, 3456:4032] (576, 576, 576)
Recorded block-done for octoS0SubroiZ15683136Y78409408X1097612544Difficultsoma_pred_affs/3494 with read ROI [4112:5680, 6416:7984, 2960:4528] (1568, 1568, 1568) and write ROI [4608:5184, 6912:7488, 3456:4032] (576, 576, 576)
Recording block-done for octoS0SubroiZ15683136Y78409408X1097612544Difficultsoma_pred_affs/6202 with read ROI [4112:5680, 6416:7984, 6416:7984] (1568, 1568, 1568) and write ROI [4608:5184, 6912:7488, 6912:7488] (576, 576, 576)
Recorded block-done for octoS0SubroiZ15683136Y78409408X1097612544Difficultsoma_pred_affs/6202 with read ROI [4112:5680, 6416:7984, 6416:7984] (1568, 1568, 1568) and write ROI [4608:5184, 6912:7488, 6912:7488] (576, 576, 576)
Recording block-done for octoS0SubroiZ15683136Y78409408X1097612544Difficultsoma_pred_affs/3872 with read ROI [4112:5680, 6416:7984, 3536:5104] (1568, 1568, 1568) and write ROI [4608:5184, 6912:7488, 4032:4608] (576, 576, 576)
Recorded block-done for octoS0SubroiZ15683136Y78409408X1097612544Difficultsoma_pred_affs/3872 with read ROI [4112:5680, 6416:7984, 3536:5104] (1568, 1568, 1568) and write ROI [4608:5184, 6912:7488, 4032:4608] (576, 576, 576)
Recording block-done for octoS0SubroiZ15683136Y78409408X1097612544Difficultsoma_pred_affs/6784 with read ROI [4112:5680, 6992:8560, 6416:7984] (1568, 1568, 1568) and write ROI [4608:5184, 7488:8064, 6912:7488] (576, 576, 576)
Recorded block-done for octoS0SubroiZ15683136Y78409408X1097612544Difficultsoma_pred_affs/6784 with read ROI [4112:5680, 6992:8560, 6416:7984] (1568, 1568, 1568) and write ROI [4608:5184, 7488:8064, 6912:7488] (576, 576, 576)
Recording block-done for octoS0SubroiZ15683136Y78409408X1097612544Difficultsoma_pred_affs/11719 with read ROI [4112:5680, 6992:8560, 10448:12016] (1568, 1568, 1568) and write ROI [4608:5184, 7488:8064, 10944:11520] (576, 576, 576)
Recorded block-done for octoS0SubroiZ15683136Y78409408X1097612544Difficultsoma_pred_affs/11719 with read ROI [4112:5680, 6992:8560, 10448:12016] (1568, 1568, 1568) and write ROI [4608:5184, 7488:8064, 10944:11520] (576, 576, 576)
Recording block-done for octoS0SubroiZ15683136Y78409408X1097612544Difficultsoma_pred_affs/2561 with read ROI [4112:5680, 7568:9136, 80:1648] (1568, 1568, 1568) and write ROI [4608:5184, 8064:8640, 576:1152] (576, 576, 576)
Recorded block-done for octoS0SubroiZ15683136Y78409408X1097612544Difficultsoma_pred_affs/2561 with read ROI [4112:5680, 7568:9136, 80:1648] (1568, 1568, 1568) and write ROI [4608:5184, 8064:8640, 576:1152] (576, 576, 576)
Recording block-done for octoS0SubroiZ15683136Y78409408X1097612544Difficultsoma_pred_affs/8675 with read ROI [4112:5680, 6992:8560, 8144:9712] (1568, 1568, 1568) and write ROI [4608:5184, 7488:8064, 8640:9216] (576, 576, 576)
Recorded block-done for octoS0SubroiZ15683136Y78409408X1097612544Difficultsoma_pred_affs/8675 with read ROI [4112:5680, 6992:8560, 8144:9712] (1568, 1568, 1568) and write ROI [4608:5184, 7488:8064, 8640:9216] (576, 576, 576)
Recording block-done for octoS0SubroiZ15683136Y78409408X1097612544Difficultsoma_pred_affs/2884 with read ROI [4112:5680, 8144:9712, 80:1648] (1568, 1568, 1568) and write ROI [4608:5184, 8640:9216, 576:1152] (576, 576, 576)
Recorded block-done for octoS0SubroiZ15683136Y78409408X1097612544Difficultsoma_pred_affs/2884 with read ROI [4112:5680, 8144:9712, 80:1648] (1568, 1568, 1568) and write ROI [4608:5184, 8640:9216, 576:1152] (576, 576, 576)
Recording block-done for octoS0SubroiZ15683136Y78409408X1097612544Difficultsoma_pred_affs/8031 with read ROI [4112:5680, 7568:9136, 6992:8560] (1568, 1568, 1568) and write ROI [4608:5184, 8064:8640, 7488:8064] (576, 576, 576)
Recorded block-done for octoS0SubroiZ15683136Y78409408X1097612544Difficultsoma_pred_affs/8031 with read ROI [4112:5680, 7568:9136, 6992:8560] (1568, 1568, 1568) and write ROI [4608:5184, 8064:8640, 7488:8064] (576, 576, 576)
Recording block-done for octoS0SubroiZ15683136Y78409408X1097612544Difficultsoma_pred_affs/8054 with read ROI [4112:5680, 8144:9712, 6416:7984] (1568, 1568, 1568) and write ROI [4608:5184, 8640:9216, 6912:7488] (576, 576, 576)
Recorded block-done for octoS0SubroiZ15683136Y78409408X1097612544Difficultsoma_pred_affs/8054 with read ROI [4112:5680, 8144:9712, 6416:7984] (1568, 1568, 1568) and write ROI [4608:5184, 8640:9216, 6912:7488] (576, 576, 576)
Recording block-done for octoS0SubroiZ15683136Y78409408X1097612544Difficultsoma_pred_affs/7448 with read ROI [4112:5680, 8720:10288, 5264:6832] (1568, 1568, 1568) and write ROI [4608:5184, 9216:9792, 5760:6336] (576, 576, 576)
Recorded block-done for octoS0SubroiZ15683136Y78409408X1097612544Difficultsoma_pred_affs/7448 with read ROI [4112:5680, 8720:10288, 5264:6832] (1568, 1568, 1568) and write ROI [4608:5184, 9216:9792, 5760:6336] (576, 576, 576)
Recording block-done for octoS0SubroiZ15683136Y78409408X1097612544Difficultsoma_pred_affs/8078 with read ROI [4112:5680, 8720:10288, 5840:7408] (1568, 1568, 1568) and write ROI [4608:5184, 9216:9792, 6336:6912] (576, 576, 576)
Recorded block-done for octoS0SubroiZ15683136Y78409408X1097612544Difficultsoma_pred_affs/8078 with read ROI [4112:5680, 8720:10288, 5840:7408] (1568, 1568, 1568) and write ROI [4608:5184, 9216:9792, 6336:6912] (576, 576, 576)
Recording block-done for octoS0SubroiZ15683136Y78409408X1097612544Difficultsoma_pred_affs/9423 with read ROI [4112:5680, 8144:9712, 7568:9136] (1568, 1568, 1568) and write ROI [4608:5184, 8640:9216, 8064:8640] (576, 576, 576)
Recorded block-done for octoS0SubroiZ15683136Y78409408X1097612544Difficultsoma_pred_affs/9423 with read ROI [4112:5680, 8144:9712, 7568:9136] (1568, 1568, 1568) and write ROI [4608:5184, 8640:9216, 8064:8640] (576, 576, 576)
Recording block-done for octoS0SubroiZ15683136Y78409408X1097612544Difficultsoma_pred_affs/10968 with read ROI [4112:5680, 8720:10288, 8144:9712] (1568, 1568, 1568) and write ROI [4608:5184, 9216:9792, 8640:9216] (576, 576, 576)
Recorded block-done for octoS0SubroiZ15683136Y78409408X1097612544Difficultsoma_pred_affs/10968 with read ROI [4112:5680, 8720:10288, 8144:9712] (1568, 1568, 1568) and write ROI [4608:5184, 9216:9792, 8640:9216] (576, 576, 576)
Recording block-done for octoS0SubroiZ15683136Y78409408X1097612544Difficultsoma_pred_affs/9447 with read ROI [4112:5680, 8720:10288, 6992:8560] (1568, 1568, 1568) and write ROI [4608:5184, 9216:9792, 7488:8064] (576, 576, 576)
Recorded block-done for octoS0SubroiZ15683136Y78409408X1097612544Difficultsoma_pred_affs/9447 with read ROI [4112:5680, 8720:10288, 6992:8560] (1568, 1568, 1568) and write ROI [4608:5184, 9216:9792, 7488:8064] (576, 576, 576)
Recording block-done for octoS0SubroiZ15683136Y78409408X1097612544Difficultsoma_pred_affs/9472 with read ROI [4112:5680, 9296:10864, 6416:7984] (1568, 1568, 1568) and write ROI [4608:5184, 9792:10368, 6912:7488] (576, 576, 576)
Recorded block-done for octoS0SubroiZ15683136Y78409408X1097612544Difficultsoma_pred_affs/9472 with read ROI [4112:5680, 9296:10864, 6416:7984] (1568, 1568, 1568) and write ROI [4608:5184, 9792:10368, 6912:7488] (576, 576, 576)
Recording block-done for octoS0SubroiZ15683136Y78409408X1097612544Difficultsoma_pred_affs/4013 with read ROI [4112:5680, 9872:11440, 80:1648] (1568, 1568, 1568) and write ROI [4608:5184, 10368:10944, 576:1152] (576, 576, 576)
Recorded block-done for octoS0SubroiZ15683136Y78409408X1097612544Difficultsoma_pred_affs/4013 with read ROI [4112:5680, 9872:11440, 80:1648] (1568, 1568, 1568) and write ROI [4608:5184, 10368:10944, 576:1152] (576, 576, 576)
Recording block-done for octoS0SubroiZ15683136Y78409408X1097612544Difficultsoma_pred_affs/5815 with read ROI [4112:5680, 9872:11440, 2384:3952] (1568, 1568, 1568) and write ROI [4608:5184, 10368:10944, 2880:3456] (576, 576, 576)
Recorded block-done for octoS0SubroiZ15683136Y78409408X1097612544Difficultsoma_pred_affs/5815 with read ROI [4112:5680, 9872:11440, 2384:3952] (1568, 1568, 1568) and write ROI [4608:5184, 10368:10944, 2880:3456] (576, 576, 576)
Recording block-done for octoS0SubroiZ15683136Y78409408X1097612544Difficultsoma_pred_affs/10213 with read ROI [4112:5680, 9296:10864, 6992:8560] (1568, 1568, 1568) and write ROI [4608:5184, 9792:10368, 7488:8064] (576, 576, 576)
Recorded block-done for octoS0SubroiZ15683136Y78409408X1097612544Difficultsoma_pred_affs/10213 with read ROI [4112:5680, 9296:10864, 6992:8560] (1568, 1568, 1568) and write ROI [4608:5184, 9792:10368, 7488:8064] (576, 576, 576)
Recording block-done for octoS0SubroiZ15683136Y78409408X1097612544Difficultsoma_pred_affs/10993 with read ROI [4112:5680, 9296:10864, 7568:9136] (1568, 1568, 1568) and write ROI [4608:5184, 9792:10368, 8064:8640] (576, 576, 576)
Recorded block-done for octoS0SubroiZ15683136Y78409408X1097612544Difficultsoma_pred_affs/10993 with read ROI [4112:5680, 9296:10864, 7568:9136] (1568, 1568, 1568) and write ROI [4608:5184, 9792:10368, 8064:8640] (576, 576, 576)
Recording block-done for octoS0SubroiZ15683136Y78409408X1097612544Difficultsoma_pred_affs/5346 with read ROI [4112:5680, 10448:12016, 1232:2800] (1568, 1568, 1568) and write ROI [4608:5184, 10944:11520, 1728:2304] (576, 576, 576)
Recorded block-done for octoS0SubroiZ15683136Y78409408X1097612544Difficultsoma_pred_affs/5346 with read ROI [4112:5680, 10448:12016, 1232:2800] (1568, 1568, 1568) and write ROI [4608:5184, 10944:11520, 1728:2304] (576, 576, 576)
Recording block-done for octoS0SubroiZ15683136Y78409408X1097612544Difficultsoma_pred_affs/9525 with read ROI [4112:5680, 10448:12016, 5264:6832] (1568, 1568, 1568) and write ROI [4608:5184, 10944:11520, 5760:6336] (576, 576, 576)
Recorded block-done for octoS0SubroiZ15683136Y78409408X1097612544Difficultsoma_pred_affs/9525 with read ROI [4112:5680, 10448:12016, 5264:6832] (1568, 1568, 1568) and write ROI [4608:5184, 10944:11520, 5760:6336] (576, 576, 576)
Recording block-done for octoS0SubroiZ15683136Y78409408X1097612544Difficultsoma_pred_affs/10266 with read ROI [4112:5680, 10448:12016, 5840:7408] (1568, 1568, 1568) and write ROI [4608:5184, 10944:11520, 6336:6912] (576, 576, 576)
Recorded block-done for octoS0SubroiZ15683136Y78409408X1097612544Difficultsoma_pred_affs/10266 with read ROI [4112:5680, 10448:12016, 5840:7408] (1568, 1568, 1568) and write ROI [4608:5184, 10944:11520, 6336:6912] (576, 576, 576)
Recording block-done for octoS0SubroiZ15683136Y78409408X1097612544Difficultsoma_pred_affs/8822 with read ROI [4112:5680, 10448:12016, 4688:6256] (1568, 1568, 1568) and write ROI [4608:5184, 10944:11520, 5184:5760] (576, 576, 576)
Recorded block-done for octoS0SubroiZ15683136Y78409408X1097612544Difficultsoma_pred_affs/8822 with read ROI [4112:5680, 10448:12016, 4688:6256] (1568, 1568, 1568) and write ROI [4608:5184, 10944:11520, 5184:5760] (576, 576, 576)
Recording block-done for octoS0SubroiZ15683136Y78409408X1097612544Difficultsoma_pred_affs/11866 with read ROI [4112:5680, 10448:12016, 6992:8560] (1568, 1568, 1568) and write ROI [4608:5184, 10944:11520, 7488:8064] (576, 576, 576)
Recorded block-done for octoS0SubroiZ15683136Y78409408X1097612544Difficultsoma_pred_affs/11866 with read ROI [4112:5680, 10448:12016, 6992:8560] (1568, 1568, 1568) and write ROI [4608:5184, 10944:11520, 7488:8064] (576, 576, 576)
Recording block-done for octoS0SubroiZ15683136Y78409408X1097612544Difficultsoma_pred_affs/530 with read ROI [4688:6256, 656:2224, 656:2224] (1568, 1568, 1568) and write ROI [5184:5760, 1152:1728, 1152:1728] (576, 576, 576)
Recorded block-done for octoS0SubroiZ15683136Y78409408X1097612544Difficultsoma_pred_affs/530 with read ROI [4688:6256, 656:2224, 656:2224] (1568, 1568, 1568) and write ROI [5184:5760, 1152:1728, 1152:1728] (576, 576, 576)
Recording block-done for octoS0SubroiZ15683136Y78409408X1097612544Difficultsoma_pred_affs/3718 with read ROI [4688:6256, 80:1648, 9296:10864] (1568, 1568, 1568) and write ROI [5184:5760, 576:1152, 9792:10368] (576, 576, 576)
Recorded block-done for octoS0SubroiZ15683136Y78409408X1097612544Difficultsoma_pred_affs/3718 with read ROI [4688:6256, 80:1648, 9296:10864] (1568, 1568, 1568) and write ROI [5184:5760, 576:1152, 9792:10368] (576, 576, 576)
Recording block-done for octoS0SubroiZ15683136Y78409408X1097612544Difficultsoma_pred_affs/3340 with read ROI [4688:6256, 80:1648, 8720:10288] (1568, 1568, 1568) and write ROI [5184:5760, 576:1152, 9216:9792] (576, 576, 576)
Recorded block-done for octoS0SubroiZ15683136Y78409408X1097612544Difficultsoma_pred_affs/3340 with read ROI [4688:6256, 80:1648, 8720:10288] (1568, 1568, 1568) and write ROI [5184:5760, 576:1152, 9216:9792] (576, 576, 576)
Recording block-done for octoS0SubroiZ15683136Y78409408X1097612544Difficultsoma_pred_affs/1033 with read ROI [4688:6256, 80:1648, 3536:5104] (1568, 1568, 1568) and write ROI [5184:5760, 576:1152, 4032:4608] (576, 576, 576)
Recorded block-done for octoS0SubroiZ15683136Y78409408X1097612544Difficultsoma_pred_affs/1033 with read ROI [4688:6256, 80:1648, 3536:5104] (1568, 1568, 1568) and write ROI [5184:5760, 576:1152, 4032:4608] (576, 576, 576)
Recording block-done for octoS0SubroiZ15683136Y78409408X1097612544Difficultsoma_pred_affs/1615 with read ROI [4688:6256, 656:2224, 4688:6256] (1568, 1568, 1568) and write ROI [5184:5760, 1152:1728, 5184:5760] (576, 576, 576)
Recorded block-done for octoS0SubroiZ15683136Y78409408X1097612544Difficultsoma_pred_affs/1615 with read ROI [4688:6256, 656:2224, 4688:6256] (1568, 1568, 1568) and write ROI [5184:5760, 1152:1728, 5184:5760] (576, 576, 576)
Recording block-done for octoS0SubroiZ15683136Y78409408X1097612544Difficultsoma_pred_affs/2375 with read ROI [4688:6256, 656:2224, 6416:7984] (1568, 1568, 1568) and write ROI [5184:5760, 1152:1728, 6912:7488] (576, 576, 576)
Recorded block-done for octoS0SubroiZ15683136Y78409408X1097612544Difficultsoma_pred_affs/2375 with read ROI [4688:6256, 656:2224, 6416:7984] (1568, 1568, 1568) and write ROI [5184:5760, 1152:1728, 6912:7488] (576, 576, 576)
Recording block-done for octoS0SubroiZ15683136Y78409408X1097612544Difficultsoma_pred_affs/2111 with read ROI [4688:6256, 1232:2800, 5264:6832] (1568, 1568, 1568) and write ROI [5184:5760, 1728:2304, 5760:6336] (576, 576, 576)
Recorded block-done for octoS0SubroiZ15683136Y78409408X1097612544Difficultsoma_pred_affs/2111 with read ROI [4688:6256, 1232:2800, 5264:6832] (1568, 1568, 1568) and write ROI [5184:5760, 1728:2304, 5760:6336] (576, 576, 576)
Recording block-done for octoS0SubroiZ15683136Y78409408X1097612544Difficultsoma_pred_affs/4570 with read ROI [4688:6256, 656:2224, 9872:11440] (1568, 1568, 1568) and write ROI [5184:5760, 1152:1728, 10368:10944] (576, 576, 576)
Recorded block-done for octoS0SubroiZ15683136Y78409408X1097612544Difficultsoma_pred_affs/4570 with read ROI [4688:6256, 656:2224, 9872:11440] (1568, 1568, 1568) and write ROI [5184:5760, 1152:1728, 10368:10944] (576, 576, 576)
Recording block-done for octoS0SubroiZ15683136Y78409408X1097612544Difficultsoma_pred_affs/3363 with read ROI [4688:6256, 1232:2800, 7568:9136] (1568, 1568, 1568) and write ROI [5184:5760, 1728:2304, 8064:8640] (576, 576, 576)
Recorded block-done for octoS0SubroiZ15683136Y78409408X1097612544Difficultsoma_pred_affs/3363 with read ROI [4688:6256, 1232:2800, 7568:9136] (1568, 1568, 1568) and write ROI [5184:5760, 1728:2304, 8064:8640] (576, 576, 576)
Recording block-done for octoS0SubroiZ15683136Y78409408X1097612544Difficultsoma_pred_affs/4582 with read ROI [4688:6256, 1232:2800, 9296:10864] (1568, 1568, 1568) and write ROI [5184:5760, 1728:2304, 9792:10368] (576, 576, 576)
Recorded block-done for octoS0SubroiZ15683136Y78409408X1097612544Difficultsoma_pred_affs/4582 with read ROI [4688:6256, 1232:2800, 9296:10864] (1568, 1568, 1568) and write ROI [5184:5760, 1728:2304, 9792:10368] (576, 576, 576)
Recording block-done for octoS0SubroiZ15683136Y78409408X1097612544Difficultsoma_pred_affs/5047 with read ROI [4688:6256, 1232:2800, 9872:11440] (1568, 1568, 1568) and write ROI [5184:5760, 1728:2304, 10368:10944] (576, 576, 576)
Recorded block-done for octoS0SubroiZ15683136Y78409408X1097612544Difficultsoma_pred_affs/5047 with read ROI [4688:6256, 1232:2800, 9872:11440] (1568, 1568, 1568) and write ROI [5184:5760, 1728:2304, 10368:10944] (576, 576, 576)
Recording block-done for octoS0SubroiZ15683136Y78409408X1097612544Difficultsoma_pred_affs/916 with read ROI [4688:6256, 1808:3376, 1232:2800] (1568, 1568, 1568) and write ROI [5184:5760, 2304:2880, 1728:2304] (576, 576, 576)
Recorded block-done for octoS0SubroiZ15683136Y78409408X1097612544Difficultsoma_pred_affs/916 with read ROI [4688:6256, 1808:3376, 1232:2800] (1568, 1568, 1568) and write ROI [5184:5760, 2304:2880, 1728:2304] (576, 576, 576)
Recording block-done for octoS0SubroiZ15683136Y78409408X1097612544Difficultsoma_pred_affs/794 with read ROI [4688:6256, 2384:3952, 80:1648] (1568, 1568, 1568) and write ROI [5184:5760, 2880:3456, 576:1152] (576, 576, 576)
Recorded block-done for octoS0SubroiZ15683136Y78409408X1097612544Difficultsoma_pred_affs/794 with read ROI [4688:6256, 2384:3952, 80:1648] (1568, 1568, 1568) and write ROI [5184:5760, 2880:3456, 576:1152] (576, 576, 576)
Recording block-done for octoS0SubroiZ15683136Y78409408X1097612544Difficultsoma_pred_affs/4160 with read ROI [4688:6256, 1808:3376, 8144:9712] (1568, 1568, 1568) and write ROI [5184:5760, 2304:2880, 8640:9216] (576, 576, 576)
Recorded block-done for octoS0SubroiZ15683136Y78409408X1097612544Difficultsoma_pred_affs/4160 with read ROI [4688:6256, 1808:3376, 8144:9712] (1568, 1568, 1568) and write ROI [5184:5760, 2304:2880, 8640:9216] (576, 576, 576)
Recording block-done for octoS0SubroiZ15683136Y78409408X1097612544Difficultsoma_pred_affs/1640 with read ROI [4688:6256, 1808:3376, 3536:5104] (1568, 1568, 1568) and write ROI [5184:5760, 2304:2880, 4032:4608] (576, 576, 576)
Recorded block-done for octoS0SubroiZ15683136Y78409408X1097612544Difficultsoma_pred_affs/1640 with read ROI [4688:6256, 1808:3376, 3536:5104] (1568, 1568, 1568) and write ROI [5184:5760, 2304:2880, 4032:4608] (576, 576, 576)
Recording block-done for octoS0SubroiZ15683136Y78409408X1097612544Difficultsoma_pred_affs/1885 with read ROI [4688:6256, 2384:3952, 3536:5104] (1568, 1568, 1568) and write ROI [5184:5760, 2880:3456, 4032:4608] (576, 576, 576)
Recorded block-done for octoS0SubroiZ15683136Y78409408X1097612544Difficultsoma_pred_affs/1885 with read ROI [4688:6256, 2384:3952, 3536:5104] (1568, 1568, 1568) and write ROI [5184:5760, 2880:3456, 4032:4608] (576, 576, 576)
Recording block-done for octoS0SubroiZ15683136Y78409408X1097612544Difficultsoma_pred_affs/945 with read ROI [4688:6256, 2960:4528, 80:1648] (1568, 1568, 1568) and write ROI [5184:5760, 3456:4032, 576:1152] (576, 576, 576)
Recorded block-done for octoS0SubroiZ15683136Y78409408X1097612544Difficultsoma_pred_affs/945 with read ROI [4688:6256, 2960:4528, 80:1648] (1568, 1568, 1568) and write ROI [5184:5760, 3456:4032, 576:1152] (576, 576, 576)
Recording block-done for octoS0SubroiZ15683136Y78409408X1097612544Difficultsoma_pred_affs/4174 with read ROI [4688:6256, 2384:3952, 7568:9136] (1568, 1568, 1568) and write ROI [5184:5760, 2880:3456, 8064:8640] (576, 576, 576)
Recorded block-done for octoS0SubroiZ15683136Y78409408X1097612544Difficultsoma_pred_affs/4174 with read ROI [4688:6256, 2384:3952, 7568:9136] (1568, 1568, 1568) and write ROI [5184:5760, 2880:3456, 8064:8640] (576, 576, 576)
Recording block-done for octoS0SubroiZ15683136Y78409408X1097612544Difficultsoma_pred_affs/2429 with read ROI [4688:6256, 2960:4528, 4112:5680] (1568, 1568, 1568) and write ROI [5184:5760, 3456:4032, 4608:5184] (576, 576, 576)
Recorded block-done for octoS0SubroiZ15683136Y78409408X1097612544Difficultsoma_pred_affs/2429 with read ROI [4688:6256, 2960:4528, 4112:5680] (1568, 1568, 1568) and write ROI [5184:5760, 3456:4032, 4608:5184] (576, 576, 576)
Recording block-done for octoS0SubroiZ15683136Y78409408X1097612544Difficultsoma_pred_affs/3054 with read ROI [4688:6256, 2960:4528, 5264:6832] (1568, 1568, 1568) and write ROI [5184:5760, 3456:4032, 5760:6336] (576, 576, 576)
Recorded block-done for octoS0SubroiZ15683136Y78409408X1097612544Difficultsoma_pred_affs/3054 with read ROI [4688:6256, 2960:4528, 5264:6832] (1568, 1568, 1568) and write ROI [5184:5760, 3456:4032, 5760:6336] (576, 576, 576)
Recording block-done for octoS0SubroiZ15683136Y78409408X1097612544Difficultsoma_pred_affs/6129 with read ROI [4688:6256, 3536:5104, 8720:10288] (1568, 1568, 1568) and write ROI [5184:5760, 4032:4608, 9216:9792] (576, 576, 576)
Recorded block-done for octoS0SubroiZ15683136Y78409408X1097612544Difficultsoma_pred_affs/6129 with read ROI [4688:6256, 3536:5104, 8720:10288] (1568, 1568, 1568) and write ROI [5184:5760, 4032:4608, 9216:9792] (576, 576, 576)
Recording block-done for octoS0SubroiZ15683136Y78409408X1097612544Difficultsoma_pred_affs/3421 with read ROI [4688:6256, 3536:5104, 5264:6832] (1568, 1568, 1568) and write ROI [5184:5760, 4032:4608, 5760:6336] (576, 576, 576)
Recorded block-done for octoS0SubroiZ15683136Y78409408X1097612544Difficultsoma_pred_affs/3421 with read ROI [4688:6256, 3536:5104, 5264:6832] (1568, 1568, 1568) and write ROI [5184:5760, 4032:4608, 5760:6336] (576, 576, 576)
Recording block-done for octoS0SubroiZ15683136Y78409408X1097612544Difficultsoma_pred_affs/4205 with read ROI [4688:6256, 3536:5104, 6416:7984] (1568, 1568, 1568) and write ROI [5184:5760, 4032:4608, 6912:7488] (576, 576, 576)
Recorded block-done for octoS0SubroiZ15683136Y78409408X1097612544Difficultsoma_pred_affs/4205 with read ROI [4688:6256, 3536:5104, 6416:7984] (1568, 1568, 1568) and write ROI [5184:5760, 4032:4608, 6912:7488] (576, 576, 576)
Recording block-done for octoS0SubroiZ15683136Y78409408X1097612544Difficultsoma_pred_affs/2445 with read ROI [4688:6256, 3536:5104, 3536:5104] (1568, 1568, 1568) and write ROI [5184:5760, 4032:4608, 4032:4608] (576, 576, 576)
Recorded block-done for octoS0SubroiZ15683136Y78409408X1097612544Difficultsoma_pred_affs/2445 with read ROI [4688:6256, 3536:5104, 3536:5104] (1568, 1568, 1568) and write ROI [5184:5760, 4032:4608, 4032:4608] (576, 576, 576)
Recording block-done for octoS0SubroiZ15683136Y78409408X1097612544Difficultsoma_pred_affs/5601 with read ROI [4688:6256, 3536:5104, 8144:9712] (1568, 1568, 1568) and write ROI [5184:5760, 4032:4608, 8640:9216] (576, 576, 576)
Recorded block-done for octoS0SubroiZ15683136Y78409408X1097612544Difficultsoma_pred_affs/5601 with read ROI [4688:6256, 3536:5104, 8144:9712] (1568, 1568, 1568) and write ROI [5184:5760, 4032:4608, 8640:9216] (576, 576, 576)
Recording block-done for octoS0SubroiZ15683136Y78409408X1097612544Difficultsoma_pred_affs/3816 with read ROI [4688:6256, 4112:5680, 5264:6832] (1568, 1568, 1568) and write ROI [5184:5760, 4608:5184, 5760:6336] (576, 576, 576)
Recorded block-done for octoS0SubroiZ15683136Y78409408X1097612544Difficultsoma_pred_affs/3816 with read ROI [4688:6256, 4112:5680, 5264:6832] (1568, 1568, 1568) and write ROI [5184:5760, 4608:5184, 5760:6336] (576, 576, 576)
Recording block-done for octoS0SubroiZ15683136Y78409408X1097612544Difficultsoma_pred_affs/1510 with read ROI [4688:6256, 4688:6256, 80:1648] (1568, 1568, 1568) and write ROI [5184:5760, 5184:5760, 576:1152] (576, 576, 576)
Recorded block-done for octoS0SubroiZ15683136Y78409408X1097612544Difficultsoma_pred_affs/1510 with read ROI [4688:6256, 4688:6256, 80:1648] (1568, 1568, 1568) and write ROI [5184:5760, 5184:5760, 576:1152] (576, 576, 576)
Recording block-done for octoS0SubroiZ15683136Y78409408X1097612544Difficultsoma_pred_affs/2480 with read ROI [4688:6256, 4688:6256, 2384:3952] (1568, 1568, 1568) and write ROI [5184:5760, 5184:5760, 2880:3456] (576, 576, 576)
Recorded block-done for octoS0SubroiZ15683136Y78409408X1097612544Difficultsoma_pred_affs/2480 with read ROI [4688:6256, 4688:6256, 2384:3952] (1568, 1568, 1568) and write ROI [5184:5760, 5184:5760, 2880:3456] (576, 576, 576)
Recording block-done for octoS0SubroiZ15683136Y78409408X1097612544Difficultsoma_pred_affs/3105 with read ROI [4688:6256, 4688:6256, 3536:5104] (1568, 1568, 1568) and write ROI [5184:5760, 5184:5760, 4032:4608] (576, 576, 576)
Recorded block-done for octoS0SubroiZ15683136Y78409408X1097612544Difficultsoma_pred_affs/3105 with read ROI [4688:6256, 4688:6256, 3536:5104] (1568, 1568, 1568) and write ROI [5184:5760, 5184:5760, 4032:4608] (576, 576, 576)
Recording block-done for octoS0SubroiZ15683136Y78409408X1097612544Difficultsoma_pred_affs/5636 with read ROI [4688:6256, 4688:6256, 6992:8560] (1568, 1568, 1568) and write ROI [5184:5760, 5184:5760, 7488:8064] (576, 576, 576)
Recorded block-done for octoS0SubroiZ15683136Y78409408X1097612544Difficultsoma_pred_affs/5636 with read ROI [4688:6256, 4688:6256, 6992:8560] (1568, 1568, 1568) and write ROI [5184:5760, 5184:5760, 7488:8064] (576, 576, 576)
Recording block-done for octoS0SubroiZ15683136Y78409408X1097612544Difficultsoma_pred_affs/6725 with read ROI [4688:6256, 4688:6256, 8144:9712] (1568, 1568, 1568) and write ROI [5184:5760, 5184:5760, 8640:9216] (576, 576, 576)
Recorded block-done for octoS0SubroiZ15683136Y78409408X1097612544Difficultsoma_pred_affs/6725 with read ROI [4688:6256, 4688:6256, 8144:9712] (1568, 1568, 1568) and write ROI [5184:5760, 5184:5760, 8640:9216] (576, 576, 576)
Recording block-done for octoS0SubroiZ15683136Y78409408X1097612544Difficultsoma_pred_affs/5159 with read ROI [4688:6256, 5264:6832, 5840:7408] (1568, 1568, 1568) and write ROI [5184:5760, 5760:6336, 6336:6912] (576, 576, 576)
Recorded block-done for octoS0SubroiZ15683136Y78409408X1097612544Difficultsoma_pred_affs/5159 with read ROI [4688:6256, 5264:6832, 5840:7408] (1568, 1568, 1568) and write ROI [5184:5760, 5760:6336, 6336:6912] (576, 576, 576)
Recording block-done for octoS0SubroiZ15683136Y78409408X1097612544Difficultsoma_pred_affs/9338 with read ROI [4688:6256, 5264:6832, 9872:11440] (1568, 1568, 1568) and write ROI [5184:5760, 5760:6336, 10368:10944] (576, 576, 576)
Recorded block-done for octoS0SubroiZ15683136Y78409408X1097612544Difficultsoma_pred_affs/9338 with read ROI [4688:6256, 5264:6832, 9872:11440] (1568, 1568, 1568) and write ROI [5184:5760, 5760:6336, 10368:10944] (576, 576, 576)
Recording block-done for octoS0SubroiZ15683136Y78409408X1097612544Difficultsoma_pred_affs/3144 with read ROI [4688:6256, 5840:7408, 2384:3952] (1568, 1568, 1568) and write ROI [5184:5760, 6336:6912, 2880:3456] (576, 576, 576)
Recorded block-done for octoS0SubroiZ15683136Y78409408X1097612544Difficultsoma_pred_affs/3144 with read ROI [4688:6256, 5840:7408, 2384:3952] (1568, 1568, 1568) and write ROI [5184:5760, 6336:6912, 2880:3456] (576, 576, 576)
Recording block-done for octoS0SubroiZ15683136Y78409408X1097612544Difficultsoma_pred_affs/4714 with read ROI [4688:6256, 5840:7408, 4688:6256] (1568, 1568, 1568) and write ROI [5184:5760, 6336:6912, 5184:5760] (576, 576, 576)
Recorded block-done for octoS0SubroiZ15683136Y78409408X1097612544Difficultsoma_pred_affs/4714 with read ROI [4688:6256, 5840:7408, 4688:6256] (1568, 1568, 1568) and write ROI [5184:5760, 6336:6912, 5184:5760] (576, 576, 576)
Recording block-done for octoS0SubroiZ15683136Y78409408X1097612544Difficultsoma_pred_affs/9358 with read ROI [4688:6256, 5840:7408, 9296:10864] (1568, 1568, 1568) and write ROI [5184:5760, 6336:6912, 9792:10368] (576, 576, 576)
Recorded block-done for octoS0SubroiZ15683136Y78409408X1097612544Difficultsoma_pred_affs/9358 with read ROI [4688:6256, 5840:7408, 9296:10864] (1568, 1568, 1568) and write ROI [5184:5760, 6336:6912, 9792:10368] (576, 576, 576)
Recording block-done for octoS0SubroiZ15683136Y78409408X1097612544Difficultsoma_pred_affs/2840 with read ROI [4688:6256, 6416:7984, 1232:2800] (1568, 1568, 1568) and write ROI [5184:5760, 6912:7488, 1728:2304] (576, 576, 576)
Recorded block-done for octoS0SubroiZ15683136Y78409408X1097612544Difficultsoma_pred_affs/2840 with read ROI [4688:6256, 6416:7984, 1232:2800] (1568, 1568, 1568) and write ROI [5184:5760, 6912:7488, 1728:2304] (576, 576, 576)
Recording block-done for octoS0SubroiZ15683136Y78409408X1097612544Difficultsoma_pred_affs/6224 with read ROI [4688:6256, 6416:7984, 5840:7408] (1568, 1568, 1568) and write ROI [5184:5760, 6912:7488, 6336:6912] (576, 576, 576)
Recorded block-done for octoS0SubroiZ15683136Y78409408X1097612544Difficultsoma_pred_affs/6224 with read ROI [4688:6256, 6416:7984, 5840:7408] (1568, 1568, 1568) and write ROI [5184:5760, 6912:7488, 6336:6912] (576, 576, 576)
Recording block-done for octoS0SubroiZ15683136Y78409408X1097612544Difficultsoma_pred_affs/9379 with read ROI [4688:6256, 6416:7984, 8720:10288] (1568, 1568, 1568) and write ROI [5184:5760, 6912:7488, 9216:9792] (576, 576, 576)
Recorded block-done for octoS0SubroiZ15683136Y78409408X1097612544Difficultsoma_pred_affs/9379 with read ROI [4688:6256, 6416:7984, 8720:10288] (1568, 1568, 1568) and write ROI [5184:5760, 6912:7488, 9216:9792] (576, 576, 576)
Recording block-done for octoS0SubroiZ15683136Y78409408X1097612544Difficultsoma_pred_affs/2562 with read ROI [4688:6256, 6992:8560, 80:1648] (1568, 1568, 1568) and write ROI [5184:5760, 7488:8064, 576:1152] (576, 576, 576)
Recorded block-done for octoS0SubroiZ15683136Y78409408X1097612544Difficultsoma_pred_affs/2562 with read ROI [4688:6256, 6992:8560, 80:1648] (1568, 1568, 1568) and write ROI [5184:5760, 7488:8064, 576:1152] (576, 576, 576)
Recording block-done for octoS0SubroiZ15683136Y78409408X1097612544Difficultsoma_pred_affs/4345 with read ROI [4688:6256, 7568:9136, 2384:3952] (1568, 1568, 1568) and write ROI [5184:5760, 8064:8640, 2880:3456] (576, 576, 576)
Recorded block-done for octoS0SubroiZ15683136Y78409408X1097612544Difficultsoma_pred_affs/4345 with read ROI [4688:6256, 7568:9136, 2384:3952] (1568, 1568, 1568) and write ROI [5184:5760, 8064:8640, 2880:3456] (576, 576, 576)
Recording block-done for octoS0SubroiZ15683136Y78409408X1097612544Difficultsoma_pred_affs/7425 with read ROI [4688:6256, 7568:9136, 5840:7408] (1568, 1568, 1568) and write ROI [5184:5760, 8064:8640, 6336:6912] (576, 576, 576)
Recorded block-done for octoS0SubroiZ15683136Y78409408X1097612544Difficultsoma_pred_affs/7425 with read ROI [4688:6256, 7568:9136, 5840:7408] (1568, 1568, 1568) and write ROI [5184:5760, 8064:8640, 6336:6912] (576, 576, 576)
Recording block-done for octoS0SubroiZ15683136Y78409408X1097612544Difficultsoma_pred_affs/8055 with read ROI [4688:6256, 7568:9136, 6416:7984] (1568, 1568, 1568) and write ROI [5184:5760, 8064:8640, 6912:7488] (576, 576, 576)
Recorded block-done for octoS0SubroiZ15683136Y78409408X1097612544Difficultsoma_pred_affs/8055 with read ROI [4688:6256, 7568:9136, 6416:7984] (1568, 1568, 1568) and write ROI [5184:5760, 8064:8640, 6912:7488] (576, 576, 576)
Recording block-done for octoS0SubroiZ15683136Y78409408X1097612544Difficultsoma_pred_affs/13529 with read ROI [4688:6256, 7568:9136, 10448:12016] (1568, 1568, 1568) and write ROI [5184:5760, 8064:8640, 10944:11520] (576, 576, 576)
Recorded block-done for octoS0SubroiZ15683136Y78409408X1097612544Difficultsoma_pred_affs/13529 with read ROI [4688:6256, 7568:9136, 10448:12016] (1568, 1568, 1568) and write ROI [5184:5760, 8064:8640, 10944:11520] (576, 576, 576)
Recording block-done for octoS0SubroiZ15683136Y78409408X1097612544Difficultsoma_pred_affs/8721 with read ROI [4688:6256, 7568:9136, 6992:8560] (1568, 1568, 1568) and write ROI [5184:5760, 8064:8640, 7488:8064] (576, 576, 576)
Recorded block-done for octoS0SubroiZ15683136Y78409408X1097612544Difficultsoma_pred_affs/8721 with read ROI [4688:6256, 7568:9136, 6992:8560] (1568, 1568, 1568) and write ROI [5184:5760, 8064:8640, 7488:8064] (576, 576, 576)
Recording block-done for octoS0SubroiZ15683136Y78409408X1097612544Difficultsoma_pred_affs/9424 with read ROI [4688:6256, 7568:9136, 7568:9136] (1568, 1568, 1568) and write ROI [5184:5760, 8064:8640, 8064:8640] (576, 576, 576)
Recorded block-done for octoS0SubroiZ15683136Y78409408X1097612544Difficultsoma_pred_affs/9424 with read ROI [4688:6256, 7568:9136, 7568:9136] (1568, 1568, 1568) and write ROI [5184:5760, 8064:8640, 8064:8640] (576, 576, 576)
Recording block-done for octoS0SubroiZ15683136Y78409408X1097612544Difficultsoma_pred_affs/5294 with read ROI [4688:6256, 8720:10288, 2384:3952] (1568, 1568, 1568) and write ROI [5184:5760, 9216:9792, 2880:3456] (576, 576, 576)
Recorded block-done for octoS0SubroiZ15683136Y78409408X1097612544Difficultsoma_pred_affs/5294 with read ROI [4688:6256, 8720:10288, 2384:3952] (1568, 1568, 1568) and write ROI [5184:5760, 9216:9792, 2880:3456] (576, 576, 576)
Recording block-done for octoS0SubroiZ15683136Y78409408X1097612544Difficultsoma_pred_affs/9448 with read ROI [4688:6256, 8144:9712, 6992:8560] (1568, 1568, 1568) and write ROI [5184:5760, 8640:9216, 7488:8064] (576, 576, 576)
Recorded block-done for octoS0SubroiZ15683136Y78409408X1097612544Difficultsoma_pred_affs/9448 with read ROI [4688:6256, 8144:9712, 6992:8560] (1568, 1568, 1568) and write ROI [5184:5760, 8640:9216, 7488:8064] (576, 576, 576)
Recording block-done for octoS0SubroiZ15683136Y78409408X1097612544Difficultsoma_pred_affs/10189 with read ROI [4688:6256, 8144:9712, 7568:9136] (1568, 1568, 1568) and write ROI [5184:5760, 8640:9216, 8064:8640] (576, 576, 576)
Recorded block-done for octoS0SubroiZ15683136Y78409408X1097612544Difficultsoma_pred_affs/10189 with read ROI [4688:6256, 8144:9712, 7568:9136] (1568, 1568, 1568) and write ROI [5184:5760, 8640:9216, 8064:8640] (576, 576, 576)
Recording block-done for octoS0SubroiZ15683136Y78409408X1097612544Difficultsoma_pred_affs/12675 with read ROI [4688:6256, 8720:10288, 8720:10288] (1568, 1568, 1568) and write ROI [5184:5760, 9216:9792, 9216:9792] (576, 576, 576)
Recorded block-done for octoS0SubroiZ15683136Y78409408X1097612544Difficultsoma_pred_affs/12675 with read ROI [4688:6256, 8720:10288, 8720:10288] (1568, 1568, 1568) and write ROI [5184:5760, 9216:9792, 9216:9792] (576, 576, 576)
Recording block-done for octoS0SubroiZ15683136Y78409408X1097612544Difficultsoma_pred_affs/13578 with read ROI [4688:6256, 8720:10288, 9296:10864] (1568, 1568, 1568) and write ROI [5184:5760, 9216:9792, 9792:10368] (576, 576, 576)
Recorded block-done for octoS0SubroiZ15683136Y78409408X1097612544Difficultsoma_pred_affs/13578 with read ROI [4688:6256, 8720:10288, 9296:10864] (1568, 1568, 1568) and write ROI [5184:5760, 9216:9792, 9792:10368] (576, 576, 576)
Recording block-done for octoS0SubroiZ15683136Y78409408X1097612544Difficultsoma_pred_affs/8130 with read ROI [4688:6256, 9296:10864, 4688:6256] (1568, 1568, 1568) and write ROI [5184:5760, 9792:10368, 5184:5760] (576, 576, 576)
Recorded block-done for octoS0SubroiZ15683136Y78409408X1097612544Difficultsoma_pred_affs/8130 with read ROI [4688:6256, 9296:10864, 4688:6256] (1568, 1568, 1568) and write ROI [5184:5760, 9792:10368, 5184:5760] (576, 576, 576)
Recording block-done for octoS0SubroiZ15683136Y78409408X1097612544Difficultsoma_pred_affs/10240 with read ROI [4688:6256, 9296:10864, 6416:7984] (1568, 1568, 1568) and write ROI [5184:5760, 9792:10368, 6912:7488] (576, 576, 576)
Recorded block-done for octoS0SubroiZ15683136Y78409408X1097612544Difficultsoma_pred_affs/10240 with read ROI [4688:6256, 9296:10864, 6416:7984] (1568, 1568, 1568) and write ROI [5184:5760, 9792:10368, 6912:7488] (576, 576, 576)
Recording block-done for octoS0SubroiZ15683136Y78409408X1097612544Difficultsoma_pred_affs/5347 with read ROI [4688:6256, 9872:11440, 1232:2800] (1568, 1568, 1568) and write ROI [5184:5760, 10368:10944, 1728:2304] (576, 576, 576)
Recorded block-done for octoS0SubroiZ15683136Y78409408X1097612544Difficultsoma_pred_affs/5347 with read ROI [4688:6256, 9872:11440, 1232:2800] (1568, 1568, 1568) and write ROI [5184:5760, 10368:10944, 1728:2304] (576, 576, 576)
Recording block-done for octoS0SubroiZ15683136Y78409408X1097612544Difficultsoma_pred_affs/4882 with read ROI [4688:6256, 9872:11440, 656:2224] (1568, 1568, 1568) and write ROI [5184:5760, 10368:10944, 1152:1728] (576, 576, 576)
Recorded block-done for octoS0SubroiZ15683136Y78409408X1097612544Difficultsoma_pred_affs/4882 with read ROI [4688:6256, 9872:11440, 656:2224] (1568, 1568, 1568) and write ROI [5184:5760, 10368:10944, 1152:1728] (576, 576, 576)
Recording block-done for octoS0SubroiZ15683136Y78409408X1097612544Difficultsoma_pred_affs/11047 with read ROI [4688:6256, 9872:11440, 6416:7984] (1568, 1568, 1568) and write ROI [5184:5760, 10368:10944, 6912:7488] (576, 576, 576)
Recorded block-done for octoS0SubroiZ15683136Y78409408X1097612544Difficultsoma_pred_affs/11047 with read ROI [4688:6256, 9872:11440, 6416:7984] (1568, 1568, 1568) and write ROI [5184:5760, 10368:10944, 6912:7488] (576, 576, 576)
Recording block-done for octoS0SubroiZ15683136Y78409408X1097612544Difficultsoma_pred_affs/16602 with read ROI [4688:6256, 9872:11440, 9872:11440] (1568, 1568, 1568) and write ROI [5184:5760, 10368:10944, 10368:10944] (576, 576, 576)
Recorded block-done for octoS0SubroiZ15683136Y78409408X1097612544Difficultsoma_pred_affs/16602 with read ROI [4688:6256, 9872:11440, 9872:11440] (1568, 1568, 1568) and write ROI [5184:5760, 10368:10944, 10368:10944] (576, 576, 576)
Recording block-done for octoS0SubroiZ15683136Y78409408X1097612544Difficultsoma_pred_affs/12728 with read ROI [4688:6256, 9872:11440, 7568:9136] (1568, 1568, 1568) and write ROI [5184:5760, 10368:10944, 8064:8640] (576, 576, 576)
Recorded block-done for octoS0SubroiZ15683136Y78409408X1097612544Difficultsoma_pred_affs/12728 with read ROI [4688:6256, 9872:11440, 7568:9136] (1568, 1568, 1568) and write ROI [5184:5760, 10368:10944, 8064:8640] (576, 576, 576)
Recording block-done for octoS0SubroiZ15683136Y78409408X1097612544Difficultsoma_pred_affs/17711 with read ROI [4688:6256, 10448:12016, 9872:11440] (1568, 1568, 1568) and write ROI [5184:5760, 10944:11520, 10368:10944] (576, 576, 576)
Recorded block-done for octoS0SubroiZ15683136Y78409408X1097612544Difficultsoma_pred_affs/17711 with read ROI [4688:6256, 10448:12016, 9872:11440] (1568, 1568, 1568) and write ROI [5184:5760, 10944:11520, 10368:10944] (576, 576, 576)
Recording block-done for octoS0SubroiZ15683136Y78409408X1097612544Difficultsoma_pred_affs/8185 with read ROI [4688:6256, 10448:12016, 3536:5104] (1568, 1568, 1568) and write ROI [5184:5760, 10944:11520, 4032:4608] (576, 576, 576)
Recorded block-done for octoS0SubroiZ15683136Y78409408X1097612544Difficultsoma_pred_affs/8185 with read ROI [4688:6256, 10448:12016, 3536:5104] (1568, 1568, 1568) and write ROI [5184:5760, 10944:11520, 4032:4608] (576, 576, 576)
Recording block-done for octoS0SubroiZ15683136Y78409408X1097612544Difficultsoma_pred_affs/7555 with read ROI [4688:6256, 10448:12016, 2960:4528] (1568, 1568, 1568) and write ROI [5184:5760, 10944:11520, 3456:4032] (576, 576, 576)
Recorded block-done for octoS0SubroiZ15683136Y78409408X1097612544Difficultsoma_pred_affs/7555 with read ROI [4688:6256, 10448:12016, 2960:4528] (1568, 1568, 1568) and write ROI [5184:5760, 10944:11520, 3456:4032] (576, 576, 576)
Recording block-done for octoS0SubroiZ15683136Y78409408X1097612544Difficultsoma_pred_affs/756 with read ROI [5264:6832, 80:1648, 1808:3376] (1568, 1568, 1568) and write ROI [5760:6336, 576:1152, 2304:2880] (576, 576, 576)
Recorded block-done for octoS0SubroiZ15683136Y78409408X1097612544Difficultsoma_pred_affs/756 with read ROI [5264:6832, 80:1648, 1808:3376] (1568, 1568, 1568) and write ROI [5760:6336, 576:1152, 2304:2880] (576, 576, 576)
Recording block-done for octoS0SubroiZ15683136Y78409408X1097612544Difficultsoma_pred_affs/648 with read ROI [5264:6832, 656:2224, 656:2224] (1568, 1568, 1568) and write ROI [5760:6336, 1152:1728, 1152:1728] (576, 576, 576)
Recorded block-done for octoS0SubroiZ15683136Y78409408X1097612544Difficultsoma_pred_affs/648 with read ROI [5264:6832, 656:2224, 656:2224] (1568, 1568, 1568) and write ROI [5760:6336, 1152:1728, 1152:1728] (576, 576, 576)
Recording block-done for octoS0SubroiZ15683136Y78409408X1097612544Difficultsoma_pred_affs/768 with read ROI [5264:6832, 656:2224, 1232:2800] (1568, 1568, 1568) and write ROI [5760:6336, 1152:1728, 1728:2304] (576, 576, 576)
Recorded block-done for octoS0SubroiZ15683136Y78409408X1097612544Difficultsoma_pred_affs/768 with read ROI [5264:6832, 656:2224, 1232:2800] (1568, 1568, 1568) and write ROI [5760:6336, 1152:1728, 1728:2304] (576, 576, 576)
Recording block-done for octoS0SubroiZ15683136Y78409408X1097612544Difficultsoma_pred_affs/904 with read ROI [5264:6832, 656:2224, 1808:3376] (1568, 1568, 1568) and write ROI [5760:6336, 1152:1728, 2304:2880] (576, 576, 576)
Recorded block-done for octoS0SubroiZ15683136Y78409408X1097612544Difficultsoma_pred_affs/904 with read ROI [5264:6832, 656:2224, 1808:3376] (1568, 1568, 1568) and write ROI [5760:6336, 1152:1728, 2304:2880] (576, 576, 576)
Recording block-done for octoS0SubroiZ15683136Y78409408X1097612544Difficultsoma_pred_affs/1616 with read ROI [5264:6832, 80:1648, 4688:6256] (1568, 1568, 1568) and write ROI [5760:6336, 576:1152, 5184:5760] (576, 576, 576)
Recorded block-done for octoS0SubroiZ15683136Y78409408X1097612544Difficultsoma_pred_affs/1616 with read ROI [5264:6832, 80:1648, 4688:6256] (1568, 1568, 1568) and write ROI [5760:6336, 576:1152, 5184:5760] (576, 576, 576)
Recording block-done for octoS0SubroiZ15683136Y78409408X1097612544Difficultsoma_pred_affs/1859 with read ROI [5264:6832, 656:2224, 4688:6256] (1568, 1568, 1568) and write ROI [5760:6336, 1152:1728, 5184:5760] (576, 576, 576)
Recorded block-done for octoS0SubroiZ15683136Y78409408X1097612544Difficultsoma_pred_affs/1859 with read ROI [5264:6832, 656:2224, 4688:6256] (1568, 1568, 1568) and write ROI [5760:6336, 1152:1728, 5184:5760] (576, 576, 576)
Recording block-done for octoS0SubroiZ15683136Y78409408X1097612544Difficultsoma_pred_affs/4583 with read ROI [5264:6832, 656:2224, 9296:10864] (1568, 1568, 1568) and write ROI [5760:6336, 1152:1728, 9792:10368] (576, 576, 576)
Recorded block-done for octoS0SubroiZ15683136Y78409408X1097612544Difficultsoma_pred_affs/4583 with read ROI [5264:6832, 656:2224, 9296:10864] (1568, 1568, 1568) and write ROI [5760:6336, 1152:1728, 9792:10368] (576, 576, 576)
Recording block-done for octoS0SubroiZ15683136Y78409408X1097612544Difficultsoma_pred_affs/5544 with read ROI [5264:6832, 656:2224, 10448:12016] (1568, 1568, 1568) and write ROI [5760:6336, 1152:1728, 10944:11520] (576, 576, 576)
Recorded block-done for octoS0SubroiZ15683136Y78409408X1097612544Difficultsoma_pred_affs/5544 with read ROI [5264:6832, 656:2224, 10448:12016] (1568, 1568, 1568) and write ROI [5760:6336, 1152:1728, 10944:11520] (576, 576, 576)
Recording block-done for octoS0SubroiZ15683136Y78409408X1097612544Difficultsoma_pred_affs/3364 with read ROI [5264:6832, 656:2224, 7568:9136] (1568, 1568, 1568) and write ROI [5760:6336, 1152:1728, 8064:8640] (576, 576, 576)
Recorded block-done for octoS0SubroiZ15683136Y78409408X1097612544Difficultsoma_pred_affs/3364 with read ROI [5264:6832, 656:2224, 7568:9136] (1568, 1568, 1568) and write ROI [5760:6336, 1152:1728, 8064:8640] (576, 576, 576)
Recording block-done for octoS0SubroiZ15683136Y78409408X1097612544Difficultsoma_pred_affs/3742 with read ROI [5264:6832, 656:2224, 8144:9712] (1568, 1568, 1568) and write ROI [5760:6336, 1152:1728, 8640:9216] (576, 576, 576)
Recorded block-done for octoS0SubroiZ15683136Y78409408X1097612544Difficultsoma_pred_affs/3742 with read ROI [5264:6832, 656:2224, 8144:9712] (1568, 1568, 1568) and write ROI [5760:6336, 1152:1728, 8640:9216] (576, 576, 576)
Recording block-done for octoS0SubroiZ15683136Y78409408X1097612544Difficultsoma_pred_affs/5061 with read ROI [5264:6832, 1232:2800, 9296:10864] (1568, 1568, 1568) and write ROI [5760:6336, 1728:2304, 9792:10368] (576, 576, 576)
Recorded block-done for octoS0SubroiZ15683136Y78409408X1097612544Difficultsoma_pred_affs/5061 with read ROI [5264:6832, 1232:2800, 9296:10864] (1568, 1568, 1568) and write ROI [5760:6336, 1728:2304, 9792:10368] (576, 576, 576)
Recording block-done for octoS0SubroiZ15683136Y78409408X1097612544Difficultsoma_pred_affs/5571 with read ROI [5264:6832, 1808:3376, 9296:10864] (1568, 1568, 1568) and write ROI [5760:6336, 2304:2880, 9792:10368] (576, 576, 576)
Recorded block-done for octoS0SubroiZ15683136Y78409408X1097612544Difficultsoma_pred_affs/5571 with read ROI [5264:6832, 1808:3376, 9296:10864] (1568, 1568, 1568) and write ROI [5760:6336, 2304:2880, 9792:10368] (576, 576, 576)
Recording block-done for octoS0SubroiZ15683136Y78409408X1097612544Difficultsoma_pred_affs/3769 with read ROI [5264:6832, 1808:3376, 6992:8560] (1568, 1568, 1568) and write ROI [5760:6336, 2304:2880, 7488:8064] (576, 576, 576)
Recorded block-done for octoS0SubroiZ15683136Y78409408X1097612544Difficultsoma_pred_affs/3769 with read ROI [5264:6832, 1808:3376, 6992:8560] (1568, 1568, 1568) and write ROI [5760:6336, 2304:2880, 7488:8064] (576, 576, 576)
Recording block-done for octoS0SubroiZ15683136Y78409408X1097612544Difficultsoma_pred_affs/1886 with read ROI [5264:6832, 1808:3376, 3536:5104] (1568, 1568, 1568) and write ROI [5760:6336, 2304:2880, 4032:4608] (576, 576, 576)
Recorded block-done for octoS0SubroiZ15683136Y78409408X1097612544Difficultsoma_pred_affs/1886 with read ROI [5264:6832, 1808:3376, 3536:5104] (1568, 1568, 1568) and write ROI [5760:6336, 2304:2880, 4032:4608] (576, 576, 576)
Recording block-done for octoS0SubroiZ15683136Y78409408X1097612544Difficultsoma_pred_affs/3784 with read ROI [5264:6832, 2384:3952, 6416:7984] (1568, 1568, 1568) and write ROI [5760:6336, 2880:3456, 6912:7488] (576, 576, 576)
Recorded block-done for octoS0SubroiZ15683136Y78409408X1097612544Difficultsoma_pred_affs/3784 with read ROI [5264:6832, 2384:3952, 6416:7984] (1568, 1568, 1568) and write ROI [5760:6336, 2880:3456, 6912:7488] (576, 576, 576)
Recording block-done for octoS0SubroiZ15683136Y78409408X1097612544Difficultsoma_pred_affs/1901 with read ROI [5264:6832, 2384:3952, 2960:4528] (1568, 1568, 1568) and write ROI [5760:6336, 2880:3456, 3456:4032] (576, 576, 576)
Recorded block-done for octoS0SubroiZ15683136Y78409408X1097612544Difficultsoma_pred_affs/1901 with read ROI [5264:6832, 2384:3952, 2960:4528] (1568, 1568, 1568) and write ROI [5760:6336, 2880:3456, 3456:4032] (576, 576, 576)
Recording block-done for octoS0SubroiZ15683136Y78409408X1097612544Difficultsoma_pred_affs/1115 with read ROI [5264:6832, 2960:4528, 80:1648] (1568, 1568, 1568) and write ROI [5760:6336, 3456:4032, 576:1152] (576, 576, 576)
Recorded block-done for octoS0SubroiZ15683136Y78409408X1097612544Difficultsoma_pred_affs/1115 with read ROI [5264:6832, 2960:4528, 80:1648] (1568, 1568, 1568) and write ROI [5760:6336, 3456:4032, 576:1152] (576, 576, 576)
Recording block-done for octoS0SubroiZ15683136Y78409408X1097612544Difficultsoma_pred_affs/4190 with read ROI [5264:6832, 2384:3952, 6992:8560] (1568, 1568, 1568) and write ROI [5760:6336, 2880:3456, 7488:8064] (576, 576, 576)
Recorded block-done for octoS0SubroiZ15683136Y78409408X1097612544Difficultsoma_pred_affs/4190 with read ROI [5264:6832, 2384:3952, 6992:8560] (1568, 1568, 1568) and write ROI [5760:6336, 2880:3456, 7488:8064] (576, 576, 576)
Recording block-done for octoS0SubroiZ15683136Y78409408X1097612544Difficultsoma_pred_affs/1476 with read ROI [5264:6832, 2960:4528, 1232:2800] (1568, 1568, 1568) and write ROI [5760:6336, 3456:4032, 1728:2304] (576, 576, 576)
Recorded block-done for octoS0SubroiZ15683136Y78409408X1097612544Difficultsoma_pred_affs/1476 with read ROI [5264:6832, 2960:4528, 1232:2800] (1568, 1568, 1568) and write ROI [5760:6336, 3456:4032, 1728:2304] (576, 576, 576)
Recording block-done for octoS0SubroiZ15683136Y78409408X1097612544Difficultsoma_pred_affs/6130 with read ROI [5264:6832, 2960:4528, 8720:10288] (1568, 1568, 1568) and write ROI [5760:6336, 3456:4032, 9216:9792] (576, 576, 576)
Recorded block-done for octoS0SubroiZ15683136Y78409408X1097612544Difficultsoma_pred_affs/6130 with read ROI [5264:6832, 2960:4528, 8720:10288] (1568, 1568, 1568) and write ROI [5760:6336, 3456:4032, 9216:9792] (576, 576, 576)
Recording block-done for octoS0SubroiZ15683136Y78409408X1097612544Difficultsoma_pred_affs/3088 with read ROI [5264:6832, 3536:5104, 4112:5680] (1568, 1568, 1568) and write ROI [5760:6336, 4032:4608, 4608:5184] (576, 576, 576)
Recorded block-done for octoS0SubroiZ15683136Y78409408X1097612544Difficultsoma_pred_affs/3088 with read ROI [5264:6832, 3536:5104, 4112:5680] (1568, 1568, 1568) and write ROI [5760:6336, 4032:4608, 4608:5184] (576, 576, 576)
Recording block-done for octoS0SubroiZ15683136Y78409408X1097612544Difficultsoma_pred_affs/4658 with read ROI [5264:6832, 3536:5104, 6416:7984] (1568, 1568, 1568) and write ROI [5760:6336, 4032:4608, 6912:7488] (576, 576, 576)
Recorded block-done for octoS0SubroiZ15683136Y78409408X1097612544Difficultsoma_pred_affs/4658 with read ROI [5264:6832, 3536:5104, 6416:7984] (1568, 1568, 1568) and write ROI [5760:6336, 4032:4608, 6912:7488] (576, 576, 576)
Recording block-done for octoS0SubroiZ15683136Y78409408X1097612544Difficultsoma_pred_affs/1511 with read ROI [5264:6832, 4112:5680, 80:1648] (1568, 1568, 1568) and write ROI [5760:6336, 4608:5184, 576:1152] (576, 576, 576)
Recorded block-done for octoS0SubroiZ15683136Y78409408X1097612544Difficultsoma_pred_affs/1511 with read ROI [5264:6832, 4112:5680, 80:1648] (1568, 1568, 1568) and write ROI [5760:6336, 4608:5184, 576:1152] (576, 576, 576)
Recording block-done for octoS0SubroiZ15683136Y78409408X1097612544Difficultsoma_pred_affs/3457 with read ROI [5264:6832, 4112:5680, 4112:5680] (1568, 1568, 1568) and write ROI [5760:6336, 4608:5184, 4608:5184] (576, 576, 576)
Recorded block-done for octoS0SubroiZ15683136Y78409408X1097612544Difficultsoma_pred_affs/3457 with read ROI [5264:6832, 4112:5680, 4112:5680] (1568, 1568, 1568) and write ROI [5760:6336, 4608:5184, 4608:5184] (576, 576, 576)
Recording block-done for octoS0SubroiZ15683136Y78409408X1097612544Difficultsoma_pred_affs/5141 with read ROI [5264:6832, 4112:5680, 6416:7984] (1568, 1568, 1568) and write ROI [5760:6336, 4608:5184, 6912:7488] (576, 576, 576)
Recorded block-done for octoS0SubroiZ15683136Y78409408X1097612544Difficultsoma_pred_affs/5141 with read ROI [5264:6832, 4112:5680, 6416:7984] (1568, 1568, 1568) and write ROI [5760:6336, 4608:5184, 6912:7488] (576, 576, 576)
Recording block-done for octoS0SubroiZ15683136Y78409408X1097612544Difficultsoma_pred_affs/9320 with read ROI [5264:6832, 4112:5680, 10448:12016] (1568, 1568, 1568) and write ROI [5760:6336, 4608:5184, 10944:11520] (576, 576, 576)
Recorded block-done for octoS0SubroiZ15683136Y78409408X1097612544Difficultsoma_pred_affs/9320 with read ROI [5264:6832, 4112:5680, 10448:12016] (1568, 1568, 1568) and write ROI [5760:6336, 4608:5184, 10944:11520] (576, 576, 576)
Recording block-done for octoS0SubroiZ15683136Y78409408X1097612544Difficultsoma_pred_affs/5656 with read ROI [5264:6832, 4688:6256, 6416:7984] (1568, 1568, 1568) and write ROI [5760:6336, 5184:5760, 6912:7488] (576, 576, 576)
Recorded block-done for octoS0SubroiZ15683136Y78409408X1097612544Difficultsoma_pred_affs/5656 with read ROI [5264:6832, 4688:6256, 6416:7984] (1568, 1568, 1568) and write ROI [5760:6336, 5184:5760, 6912:7488] (576, 576, 576)
Recording block-done for octoS0SubroiZ15683136Y78409408X1097612544Difficultsoma_pred_affs/1971 with read ROI [5264:6832, 4688:6256, 656:2224] (1568, 1568, 1568) and write ROI [5760:6336, 5184:5760, 1152:1728] (576, 576, 576)
Recorded block-done for octoS0SubroiZ15683136Y78409408X1097612544Difficultsoma_pred_affs/1971 with read ROI [5264:6832, 4688:6256, 656:2224] (1568, 1568, 1568) and write ROI [5760:6336, 5184:5760, 1152:1728] (576, 576, 576)
Recording block-done for octoS0SubroiZ15683136Y78409408X1097612544Difficultsoma_pred_affs/2500 with read ROI [5264:6832, 4688:6256, 1808:3376] (1568, 1568, 1568) and write ROI [5760:6336, 5184:5760, 2304:2880] (576, 576, 576)
Recorded block-done for octoS0SubroiZ15683136Y78409408X1097612544Difficultsoma_pred_affs/2500 with read ROI [5264:6832, 4688:6256, 1808:3376] (1568, 1568, 1568) and write ROI [5760:6336, 5184:5760, 2304:2880] (576, 576, 576)
Recording block-done for octoS0SubroiZ15683136Y78409408X1097612544Difficultsoma_pred_affs/10080 with read ROI [5264:6832, 4688:6256, 10448:12016] (1568, 1568, 1568) and write ROI [5760:6336, 5184:5760, 10944:11520] (576, 576, 576)
Recorded block-done for octoS0SubroiZ15683136Y78409408X1097612544Difficultsoma_pred_affs/10080 with read ROI [5264:6832, 4688:6256, 10448:12016] (1568, 1568, 1568) and write ROI [5760:6336, 5184:5760, 10944:11520] (576, 576, 576)
Recording block-done for octoS0SubroiZ15683136Y78409408X1097612544Difficultsoma_pred_affs/3145 with read ROI [5264:6832, 5264:6832, 2384:3952] (1568, 1568, 1568) and write ROI [5760:6336, 5760:6336, 2880:3456] (576, 576, 576)
Recorded block-done for octoS0SubroiZ15683136Y78409408X1097612544Difficultsoma_pred_affs/3145 with read ROI [5264:6832, 5264:6832, 2384:3952] (1568, 1568, 1568) and write ROI [5760:6336, 5760:6336, 2880:3456] (576, 576, 576)
Recording block-done for octoS0SubroiZ15683136Y78409408X1097612544Difficultsoma_pred_affs/2265 with read ROI [5264:6832, 5840:7408, 80:1648] (1568, 1568, 1568) and write ROI [5760:6336, 6336:6912, 576:1152] (576, 576, 576)
Recorded block-done for octoS0SubroiZ15683136Y78409408X1097612544Difficultsoma_pred_affs/2265 with read ROI [5264:6832, 5840:7408, 80:1648] (1568, 1568, 1568) and write ROI [5760:6336, 6336:6912, 576:1152] (576, 576, 576)
Recording block-done for octoS0SubroiZ15683136Y78409408X1097612544Difficultsoma_pred_affs/7990 with read ROI [5264:6832, 5264:6832, 8144:9712] (1568, 1568, 1568) and write ROI [5760:6336, 5760:6336, 8640:9216] (576, 576, 576)
Recorded block-done for octoS0SubroiZ15683136Y78409408X1097612544Difficultsoma_pred_affs/7990 with read ROI [5264:6832, 5264:6832, 8144:9712] (1568, 1568, 1568) and write ROI [5760:6336, 5760:6336, 8640:9216] (576, 576, 576)
Recording block-done for octoS0SubroiZ15683136Y78409408X1097612544Difficultsoma_pred_affs/7360 with read ROI [5264:6832, 5264:6832, 7568:9136] (1568, 1568, 1568) and write ROI [5760:6336, 5760:6336, 8064:8640] (576, 576, 576)
Recorded block-done for octoS0SubroiZ15683136Y78409408X1097612544Difficultsoma_pred_affs/7360 with read ROI [5264:6832, 5264:6832, 7568:9136] (1568, 1568, 1568) and write ROI [5760:6336, 5760:6336, 8064:8640] (576, 576, 576)
Recording block-done for octoS0SubroiZ15683136Y78409408X1097612544Difficultsoma_pred_affs/6786 with read ROI [5264:6832, 5840:7408, 6416:7984] (1568, 1568, 1568) and write ROI [5760:6336, 6336:6912, 6912:7488] (576, 576, 576)
Recorded block-done for octoS0SubroiZ15683136Y78409408X1097612544Difficultsoma_pred_affs/6786 with read ROI [5264:6832, 5840:7408, 6416:7984] (1568, 1568, 1568) and write ROI [5760:6336, 6336:6912, 6912:7488] (576, 576, 576)
Recording block-done for octoS0SubroiZ15683136Y78409408X1097612544Difficultsoma_pred_affs/7381 with read ROI [5264:6832, 5840:7408, 6992:8560] (1568, 1568, 1568) and write ROI [5760:6336, 6336:6912, 7488:8064] (576, 576, 576)
Recorded block-done for octoS0SubroiZ15683136Y78409408X1097612544Difficultsoma_pred_affs/7381 with read ROI [5264:6832, 5840:7408, 6992:8560] (1568, 1568, 1568) and write ROI [5760:6336, 6336:6912, 7488:8064] (576, 576, 576)
Recording block-done for octoS0SubroiZ15683136Y78409408X1097612544Difficultsoma_pred_affs/3188 with read ROI [5264:6832, 6416:7984, 1232:2800] (1568, 1568, 1568) and write ROI [5760:6336, 6912:7488, 1728:2304] (576, 576, 576)
Recorded block-done for octoS0SubroiZ15683136Y78409408X1097612544Difficultsoma_pred_affs/3188 with read ROI [5264:6832, 6416:7984, 1232:2800] (1568, 1568, 1568) and write ROI [5760:6336, 6912:7488, 1728:2304] (576, 576, 576)
Recording block-done for octoS0SubroiZ15683136Y78409408X1097612544Difficultsoma_pred_affs/7403 with read ROI [5264:6832, 6416:7984, 6416:7984] (1568, 1568, 1568) and write ROI [5760:6336, 6912:7488, 6912:7488] (576, 576, 576)
Recorded block-done for octoS0SubroiZ15683136Y78409408X1097612544Difficultsoma_pred_affs/7403 with read ROI [5264:6832, 6416:7984, 6416:7984] (1568, 1568, 1568) and write ROI [5760:6336, 6912:7488, 6912:7488] (576, 576, 576)
Recording block-done for octoS0SubroiZ15683136Y78409408X1097612544Difficultsoma_pred_affs/11743 with read ROI [5264:6832, 6416:7984, 9872:11440] (1568, 1568, 1568) and write ROI [5760:6336, 6912:7488, 10368:10944] (576, 576, 576)
Recorded block-done for octoS0SubroiZ15683136Y78409408X1097612544Difficultsoma_pred_affs/11743 with read ROI [5264:6832, 6416:7984, 9872:11440] (1568, 1568, 1568) and write ROI [5760:6336, 6912:7488, 10368:10944] (576, 576, 576)
Recording block-done for octoS0SubroiZ15683136Y78409408X1097612544Difficultsoma_pred_affs/8699 with read ROI [5264:6832, 6416:7984, 7568:9136] (1568, 1568, 1568) and write ROI [5760:6336, 6912:7488, 8064:8640] (576, 576, 576)
Recorded block-done for octoS0SubroiZ15683136Y78409408X1097612544Difficultsoma_pred_affs/8699 with read ROI [5264:6832, 6416:7984, 7568:9136] (1568, 1568, 1568) and write ROI [5760:6336, 6912:7488, 8064:8640] (576, 576, 576)
Recording block-done for octoS0SubroiZ15683136Y78409408X1097612544Difficultsoma_pred_affs/8056 with read ROI [5264:6832, 6992:8560, 6416:7984] (1568, 1568, 1568) and write ROI [5760:6336, 7488:8064, 6912:7488] (576, 576, 576)
Recorded block-done for octoS0SubroiZ15683136Y78409408X1097612544Difficultsoma_pred_affs/8056 with read ROI [5264:6832, 6992:8560, 6416:7984] (1568, 1568, 1568) and write ROI [5760:6336, 7488:8064, 6912:7488] (576, 576, 576)
Recording block-done for octoS0SubroiZ15683136Y78409408X1097612544Difficultsoma_pred_affs/5742 with read ROI [5264:6832, 6992:8560, 4112:5680] (1568, 1568, 1568) and write ROI [5760:6336, 7488:8064, 4608:5184] (576, 576, 576)
Recorded block-done for octoS0SubroiZ15683136Y78409408X1097612544Difficultsoma_pred_affs/5742 with read ROI [5264:6832, 6992:8560, 4112:5680] (1568, 1568, 1568) and write ROI [5760:6336, 7488:8064, 4608:5184] (576, 576, 576)
Recording block-done for octoS0SubroiZ15683136Y78409408X1097612544Difficultsoma_pred_affs/12627 with read ROI [5264:6832, 6992:8560, 9872:11440] (1568, 1568, 1568) and write ROI [5760:6336, 7488:8064, 10368:10944] (576, 576, 576)
Recorded block-done for octoS0SubroiZ15683136Y78409408X1097612544Difficultsoma_pred_affs/12627 with read ROI [5264:6832, 6992:8560, 9872:11440] (1568, 1568, 1568) and write ROI [5760:6336, 7488:8064, 10368:10944] (576, 576, 576)
Recording block-done for octoS0SubroiZ15683136Y78409408X1097612544Difficultsoma_pred_affs/3586 with read ROI [5264:6832, 7568:9136, 656:2224] (1568, 1568, 1568) and write ROI [5760:6336, 8064:8640, 1152:1728] (576, 576, 576)
Recorded block-done for octoS0SubroiZ15683136Y78409408X1097612544Difficultsoma_pred_affs/3586 with read ROI [5264:6832, 7568:9136, 656:2224] (1568, 1568, 1568) and write ROI [5760:6336, 8064:8640, 1152:1728] (576, 576, 576)
Recording block-done for octoS0SubroiZ15683136Y78409408X1097612544Difficultsoma_pred_affs/13554 with read ROI [5264:6832, 7568:9136, 9872:11440] (1568, 1568, 1568) and write ROI [5760:6336, 8064:8640, 10368:10944] (576, 576, 576)
Recorded block-done for octoS0SubroiZ15683136Y78409408X1097612544Difficultsoma_pred_affs/13554 with read ROI [5264:6832, 7568:9136, 9872:11440] (1568, 1568, 1568) and write ROI [5760:6336, 8064:8640, 10368:10944] (576, 576, 576)
Recording block-done for octoS0SubroiZ15683136Y78409408X1097612544Difficultsoma_pred_affs/11790 with read ROI [5264:6832, 7568:9136, 8720:10288] (1568, 1568, 1568) and write ROI [5760:6336, 8064:8640, 9216:9792] (576, 576, 576)
Recorded block-done for octoS0SubroiZ15683136Y78409408X1097612544Difficultsoma_pred_affs/11790 with read ROI [5264:6832, 7568:9136, 8720:10288] (1568, 1568, 1568) and write ROI [5760:6336, 8064:8640, 9216:9792] (576, 576, 576)
Recording block-done for octoS0SubroiZ15683136Y78409408X1097612544Difficultsoma_pred_affs/10970 with read ROI [5264:6832, 7568:9136, 8144:9712] (1568, 1568, 1568) and write ROI [5760:6336, 8064:8640, 8640:9216] (576, 576, 576)
Recorded block-done for octoS0SubroiZ15683136Y78409408X1097612544Difficultsoma_pred_affs/10970 with read ROI [5264:6832, 7568:9136, 8144:9712] (1568, 1568, 1568) and write ROI [5760:6336, 8064:8640, 8640:9216] (576, 576, 576)
Recording block-done for octoS0SubroiZ15683136Y78409408X1097612544Difficultsoma_pred_affs/7475 with read ROI [5264:6832, 8144:9712, 4688:6256] (1568, 1568, 1568) and write ROI [5760:6336, 8640:9216, 5184:5760] (576, 576, 576)
Recorded block-done for octoS0SubroiZ15683136Y78409408X1097612544Difficultsoma_pred_affs/7475 with read ROI [5264:6832, 8144:9712, 4688:6256] (1568, 1568, 1568) and write ROI [5760:6336, 8640:9216, 5184:5760] (576, 576, 576)
Recording block-done for octoS0SubroiZ15683136Y78409408X1097612544Difficultsoma_pred_affs/6319 with read ROI [5264:6832, 8144:9712, 3536:5104] (1568, 1568, 1568) and write ROI [5760:6336, 8640:9216, 4032:4608] (576, 576, 576)
Recorded block-done for octoS0SubroiZ15683136Y78409408X1097612544Difficultsoma_pred_affs/6319 with read ROI [5264:6832, 8144:9712, 3536:5104] (1568, 1568, 1568) and write ROI [5760:6336, 8640:9216, 4032:4608] (576, 576, 576)
Recording block-done for octoS0SubroiZ15683136Y78409408X1097612544Difficultsoma_pred_affs/6345 with read ROI [5264:6832, 8720:10288, 2960:4528] (1568, 1568, 1568) and write ROI [5760:6336, 9216:9792, 3456:4032] (576, 576, 576)
Recorded block-done for octoS0SubroiZ15683136Y78409408X1097612544Difficultsoma_pred_affs/6345 with read ROI [5264:6832, 8720:10288, 2960:4528] (1568, 1568, 1568) and write ROI [5760:6336, 9216:9792, 3456:4032] (576, 576, 576)
Recording block-done for octoS0SubroiZ15683136Y78409408X1097612544Difficultsoma_pred_affs/12676 with read ROI [5264:6832, 8144:9712, 8720:10288] (1568, 1568, 1568) and write ROI [5760:6336, 8640:9216, 9216:9792] (576, 576, 576)
Recorded block-done for octoS0SubroiZ15683136Y78409408X1097612544Difficultsoma_pred_affs/12676 with read ROI [5264:6832, 8144:9712, 8720:10288] (1568, 1568, 1568) and write ROI [5760:6336, 8640:9216, 9216:9792] (576, 576, 576)
Recording block-done for octoS0SubroiZ15683136Y78409408X1097612544Difficultsoma_pred_affs/15515 with read ROI [5264:6832, 8144:9712, 10448:12016] (1568, 1568, 1568) and write ROI [5760:6336, 8640:9216, 10944:11520] (576, 576, 576)
Recorded block-done for octoS0SubroiZ15683136Y78409408X1097612544Difficultsoma_pred_affs/15515 with read ROI [5264:6832, 8144:9712, 10448:12016] (1568, 1568, 1568) and write ROI [5760:6336, 8640:9216, 10944:11520] (576, 576, 576)
Recording block-done for octoS0SubroiZ15683136Y78409408X1097612544Difficultsoma_pred_affs/8797 with read ROI [5264:6832, 8720:10288, 5264:6832] (1568, 1568, 1568) and write ROI [5760:6336, 9216:9792, 5760:6336] (576, 576, 576)
Recorded block-done for octoS0SubroiZ15683136Y78409408X1097612544Difficultsoma_pred_affs/8797 with read ROI [5264:6832, 8720:10288, 5264:6832] (1568, 1568, 1568) and write ROI [5760:6336, 9216:9792, 5760:6336] (576, 576, 576)
Recording block-done for octoS0SubroiZ15683136Y78409408X1097612544Difficultsoma_pred_affs/5348 with read ROI [5264:6832, 9296:10864, 1232:2800] (1568, 1568, 1568) and write ROI [5760:6336, 9792:10368, 1728:2304] (576, 576, 576)
Recorded block-done for octoS0SubroiZ15683136Y78409408X1097612544Difficultsoma_pred_affs/5348 with read ROI [5264:6832, 9296:10864, 1232:2800] (1568, 1568, 1568) and write ROI [5760:6336, 9792:10368, 1728:2304] (576, 576, 576)
Recording block-done for octoS0SubroiZ15683136Y78409408X1097612544Difficultsoma_pred_affs/6372 with read ROI [5264:6832, 9296:10864, 2384:3952] (1568, 1568, 1568) and write ROI [5760:6336, 9792:10368, 2880:3456] (576, 576, 576)
Recorded block-done for octoS0SubroiZ15683136Y78409408X1097612544Difficultsoma_pred_affs/6372 with read ROI [5264:6832, 9296:10864, 2384:3952] (1568, 1568, 1568) and write ROI [5760:6336, 9792:10368, 2880:3456] (576, 576, 576)
Recording block-done for octoS0SubroiZ15683136Y78409408X1097612544Difficultsoma_pred_affs/6933 with read ROI [5264:6832, 9296:10864, 2960:4528] (1568, 1568, 1568) and write ROI [5760:6336, 9792:10368, 3456:4032] (576, 576, 576)
Recorded block-done for octoS0SubroiZ15683136Y78409408X1097612544Difficultsoma_pred_affs/6933 with read ROI [5264:6832, 9296:10864, 2960:4528] (1568, 1568, 1568) and write ROI [5760:6336, 9792:10368, 3456:4032] (576, 576, 576)
Recording block-done for octoS0SubroiZ15683136Y78409408X1097612544Difficultsoma_pred_affs/12729 with read ROI [5264:6832, 9296:10864, 7568:9136] (1568, 1568, 1568) and write ROI [5760:6336, 9792:10368, 8064:8640] (576, 576, 576)
Recorded block-done for octoS0SubroiZ15683136Y78409408X1097612544Difficultsoma_pred_affs/12729 with read ROI [5264:6832, 9296:10864, 7568:9136] (1568, 1568, 1568) and write ROI [5760:6336, 9792:10368, 8064:8640] (576, 576, 576)
Recording block-done for octoS0SubroiZ15683136Y78409408X1097612544Difficultsoma_pred_affs/15568 with read ROI [5264:6832, 9296:10864, 9296:10864] (1568, 1568, 1568) and write ROI [5760:6336, 9792:10368, 9792:10368] (576, 576, 576)
Recorded block-done for octoS0SubroiZ15683136Y78409408X1097612544Difficultsoma_pred_affs/15568 with read ROI [5264:6832, 9296:10864, 9296:10864] (1568, 1568, 1568) and write ROI [5760:6336, 9792:10368, 9792:10368] (576, 576, 576)
Recording block-done for octoS0SubroiZ15683136Y78409408X1097612544Difficultsoma_pred_affs/10296 with read ROI [5264:6832, 9872:11440, 5264:6832] (1568, 1568, 1568) and write ROI [5760:6336, 10368:10944, 5760:6336] (576, 576, 576)
Recorded block-done for octoS0SubroiZ15683136Y78409408X1097612544Difficultsoma_pred_affs/10296 with read ROI [5264:6832, 9872:11440, 5264:6832] (1568, 1568, 1568) and write ROI [5760:6336, 10368:10944, 5760:6336] (576, 576, 576)
Recording block-done for octoS0SubroiZ15683136Y78409408X1097612544Difficultsoma_pred_affs/17712 with read ROI [5264:6832, 9872:11440, 9872:11440] (1568, 1568, 1568) and write ROI [5760:6336, 10368:10944, 10368:10944] (576, 576, 576)
Recorded block-done for octoS0SubroiZ15683136Y78409408X1097612544Difficultsoma_pred_affs/17712 with read ROI [5264:6832, 9872:11440, 9872:11440] (1568, 1568, 1568) and write ROI [5760:6336, 10368:10944, 10368:10944] (576, 576, 576)
Recording block-done for octoS0SubroiZ15683136Y78409408X1097612544Difficultsoma_pred_affs/18840 with read ROI [5264:6832, 9872:11440, 10448:12016] (1568, 1568, 1568) and write ROI [5760:6336, 10368:10944, 10944:11520] (576, 576, 576)
Recorded block-done for octoS0SubroiZ15683136Y78409408X1097612544Difficultsoma_pred_affs/18840 with read ROI [5264:6832, 9872:11440, 10448:12016] (1568, 1568, 1568) and write ROI [5760:6336, 10368:10944, 10944:11520] (576, 576, 576)
Recording block-done for octoS0SubroiZ15683136Y78409408X1097612544Difficultsoma_pred_affs/5405 with read ROI [5264:6832, 10448:12016, 80:1648] (1568, 1568, 1568) and write ROI [5760:6336, 10944:11520, 576:1152] (576, 576, 576)
Recorded block-done for octoS0SubroiZ15683136Y78409408X1097612544Difficultsoma_pred_affs/5405 with read ROI [5264:6832, 10448:12016, 80:1648] (1568, 1568, 1568) and write ROI [5760:6336, 10944:11520, 576:1152] (576, 576, 576)
Recording block-done for octoS0SubroiZ15683136Y78409408X1097612544Difficultsoma_pred_affs/7585 with read ROI [5264:6832, 10448:12016, 2384:3952] (1568, 1568, 1568) and write ROI [5760:6336, 10944:11520, 2880:3456] (576, 576, 576)
Recorded block-done for octoS0SubroiZ15683136Y78409408X1097612544Difficultsoma_pred_affs/7585 with read ROI [5264:6832, 10448:12016, 2384:3952] (1568, 1568, 1568) and write ROI [5760:6336, 10944:11520, 2880:3456] (576, 576, 576)
Recording block-done for octoS0SubroiZ15683136Y78409408X1097612544Difficultsoma_pred_affs/12786 with read ROI [5264:6832, 10448:12016, 6416:7984] (1568, 1568, 1568) and write ROI [5760:6336, 10944:11520, 6912:7488] (576, 576, 576)
Recorded block-done for octoS0SubroiZ15683136Y78409408X1097612544Difficultsoma_pred_affs/12786 with read ROI [5264:6832, 10448:12016, 6416:7984] (1568, 1568, 1568) and write ROI [5760:6336, 10944:11520, 6912:7488] (576, 576, 576)
Recording block-done for octoS0SubroiZ15683136Y78409408X1097612544Difficultsoma_pred_affs/17741 with read ROI [5264:6832, 10448:12016, 9296:10864] (1568, 1568, 1568) and write ROI [5760:6336, 10944:11520, 9792:10368] (576, 576, 576)
Recorded block-done for octoS0SubroiZ15683136Y78409408X1097612544Difficultsoma_pred_affs/17741 with read ROI [5264:6832, 10448:12016, 9296:10864] (1568, 1568, 1568) and write ROI [5760:6336, 10944:11520, 9792:10368] (576, 576, 576)
Recording block-done for octoS0SubroiZ15683136Y78409408X1097612544Difficultsoma_pred_affs/1860 with read ROI [5840:7408, 80:1648, 4688:6256] (1568, 1568, 1568) and write ROI [6336:6912, 576:1152, 5184:5760] (576, 576, 576)
Recorded block-done for octoS0SubroiZ15683136Y78409408X1097612544Difficultsoma_pred_affs/1860 with read ROI [5840:7408, 80:1648, 4688:6256] (1568, 1568, 1568) and write ROI [6336:6912, 576:1152, 5184:5760] (576, 576, 576)
Recording block-done for octoS0SubroiZ15683136Y78409408X1097612544Difficultsoma_pred_affs/1242 with read ROI [5840:7408, 656:2224, 2384:3952] (1568, 1568, 1568) and write ROI [6336:6912, 1152:1728, 2880:3456] (576, 576, 576)
Recorded block-done for octoS0SubroiZ15683136Y78409408X1097612544Difficultsoma_pred_affs/1242 with read ROI [5840:7408, 656:2224, 2384:3952] (1568, 1568, 1568) and write ROI [6336:6912, 1152:1728, 2880:3456] (576, 576, 576)
Recording block-done for octoS0SubroiZ15683136Y78409408X1097612544Difficultsoma_pred_affs/5545 with read ROI [5840:7408, 80:1648, 10448:12016] (1568, 1568, 1568) and write ROI [6336:6912, 576:1152, 10944:11520] (576, 576, 576)
Recorded block-done for octoS0SubroiZ15683136Y78409408X1097612544Difficultsoma_pred_affs/5545 with read ROI [5840:7408, 80:1648, 10448:12016] (1568, 1568, 1568) and write ROI [6336:6912, 576:1152, 10944:11520] (576, 576, 576)
Recording block-done for octoS0SubroiZ15683136Y78409408X1097612544Difficultsoma_pred_affs/3014 with read ROI [5840:7408, 80:1648, 6992:8560] (1568, 1568, 1568) and write ROI [6336:6912, 576:1152, 7488:8064] (576, 576, 576)
Recorded block-done for octoS0SubroiZ15683136Y78409408X1097612544Difficultsoma_pred_affs/3014 with read ROI [5840:7408, 80:1648, 6992:8560] (1568, 1568, 1568) and write ROI [6336:6912, 576:1152, 7488:8064] (576, 576, 576)
Recording block-done for octoS0SubroiZ15683136Y78409408X1097612544Difficultsoma_pred_affs/1229 with read ROI [5840:7408, 80:1648, 2960:4528] (1568, 1568, 1568) and write ROI [6336:6912, 576:1152, 3456:4032] (576, 576, 576)
Recorded block-done for octoS0SubroiZ15683136Y78409408X1097612544Difficultsoma_pred_affs/1229 with read ROI [5840:7408, 80:1648, 2960:4528] (1568, 1568, 1568) and write ROI [6336:6912, 576:1152, 3456:4032] (576, 576, 576)
Recording block-done for octoS0SubroiZ15683136Y78409408X1097612544Difficultsoma_pred_affs/1256 with read ROI [5840:7408, 1232:2800, 1808:3376] (1568, 1568, 1568) and write ROI [6336:6912, 1728:2304, 2304:2880] (576, 576, 576)
Recorded block-done for octoS0SubroiZ15683136Y78409408X1097612544Difficultsoma_pred_affs/1256 with read ROI [5840:7408, 1232:2800, 1808:3376] (1568, 1568, 1568) and write ROI [6336:6912, 1728:2304, 2304:2880] (576, 576, 576)
Recording block-done for octoS0SubroiZ15683136Y78409408X1097612544Difficultsoma_pred_affs/2716 with read ROI [5840:7408, 1232:2800, 5264:6832] (1568, 1568, 1568) and write ROI [6336:6912, 1728:2304, 5760:6336] (576, 576, 576)
Recorded block-done for octoS0SubroiZ15683136Y78409408X1097612544Difficultsoma_pred_affs/2716 with read ROI [5840:7408, 1232:2800, 5264:6832] (1568, 1568, 1568) and write ROI [6336:6912, 1728:2304, 5760:6336] (576, 576, 576)
Recording block-done for octoS0SubroiZ15683136Y78409408X1097612544Difficultsoma_pred_affs/2416 with read ROI [5840:7408, 1232:2800, 4688:6256] (1568, 1568, 1568) and write ROI [6336:6912, 1728:2304, 5184:5760] (576, 576, 576)
Recorded block-done for octoS0SubroiZ15683136Y78409408X1097612544Difficultsoma_pred_affs/2416 with read ROI [5840:7408, 1232:2800, 4688:6256] (1568, 1568, 1568) and write ROI [6336:6912, 1728:2304, 5184:5760] (576, 576, 576)
Recording block-done for octoS0SubroiZ15683136Y78409408X1097612544Difficultsoma_pred_affs/4162 with read ROI [5840:7408, 656:2224, 8144:9712] (1568, 1568, 1568) and write ROI [6336:6912, 1152:1728, 8640:9216] (576, 576, 576)
Recorded block-done for octoS0SubroiZ15683136Y78409408X1097612544Difficultsoma_pred_affs/4162 with read ROI [5840:7408, 656:2224, 8144:9712] (1568, 1568, 1568) and write ROI [6336:6912, 1152:1728, 8640:9216] (576, 576, 576)
Recording block-done for octoS0SubroiZ15683136Y78409408X1097612544Difficultsoma_pred_affs/5076 with read ROI [5840:7408, 1232:2800, 8720:10288] (1568, 1568, 1568) and write ROI [6336:6912, 1728:2304, 9216:9792] (576, 576, 576)
Recorded block-done for octoS0SubroiZ15683136Y78409408X1097612544Difficultsoma_pred_affs/5076 with read ROI [5840:7408, 1232:2800, 8720:10288] (1568, 1568, 1568) and write ROI [6336:6912, 1728:2304, 9216:9792] (576, 576, 576)
Recording block-done for octoS0SubroiZ15683136Y78409408X1097612544Difficultsoma_pred_affs/4176 with read ROI [5840:7408, 1232:2800, 7568:9136] (1568, 1568, 1568) and write ROI [6336:6912, 1728:2304, 8064:8640] (576, 576, 576)
Recorded block-done for octoS0SubroiZ15683136Y78409408X1097612544Difficultsoma_pred_affs/4176 with read ROI [5840:7408, 1232:2800, 7568:9136] (1568, 1568, 1568) and write ROI [6336:6912, 1728:2304, 8064:8640] (576, 576, 576)
Recording block-done for octoS0SubroiZ15683136Y78409408X1097612544Difficultsoma_pred_affs/2431 with read ROI [5840:7408, 1808:3376, 4112:5680] (1568, 1568, 1568) and write ROI [6336:6912, 2304:2880, 4608:5184] (576, 576, 576)
Recorded block-done for octoS0SubroiZ15683136Y78409408X1097612544Difficultsoma_pred_affs/2431 with read ROI [5840:7408, 1808:3376, 4112:5680] (1568, 1568, 1568) and write ROI [6336:6912, 2304:2880, 4608:5184] (576, 576, 576)
Recording block-done for octoS0SubroiZ15683136Y78409408X1097612544Difficultsoma_pred_affs/1902 with read ROI [5840:7408, 1808:3376, 2960:4528] (1568, 1568, 1568) and write ROI [6336:6912, 2304:2880, 3456:4032] (576, 576, 576)
Recorded block-done for octoS0SubroiZ15683136Y78409408X1097612544Difficultsoma_pred_affs/1902 with read ROI [5840:7408, 1808:3376, 2960:4528] (1568, 1568, 1568) and write ROI [6336:6912, 2304:2880, 3456:4032] (576, 576, 576)
Recording block-done for octoS0SubroiZ15683136Y78409408X1097612544Difficultsoma_pred_affs/1918 with read ROI [5840:7408, 2384:3952, 2384:3952] (1568, 1568, 1568) and write ROI [6336:6912, 2880:3456, 2880:3456] (576, 576, 576)
Recorded block-done for octoS0SubroiZ15683136Y78409408X1097612544Difficultsoma_pred_affs/1918 with read ROI [5840:7408, 2384:3952, 2384:3952] (1568, 1568, 1568) and write ROI [6336:6912, 2880:3456, 2880:3456] (576, 576, 576)
Recording block-done for octoS0SubroiZ15683136Y78409408X1097612544Difficultsoma_pred_affs/2447 with read ROI [5840:7408, 2384:3952, 3536:5104] (1568, 1568, 1568) and write ROI [6336:6912, 2880:3456, 4032:4608] (576, 576, 576)
Recorded block-done for octoS0SubroiZ15683136Y78409408X1097612544Difficultsoma_pred_affs/2447 with read ROI [5840:7408, 2384:3952, 3536:5104] (1568, 1568, 1568) and write ROI [6336:6912, 2880:3456, 4032:4608] (576, 576, 576)
Recording block-done for octoS0SubroiZ15683136Y78409408X1097612544Difficultsoma_pred_affs/3423 with read ROI [5840:7408, 2384:3952, 5264:6832] (1568, 1568, 1568) and write ROI [6336:6912, 2880:3456, 5760:6336] (576, 576, 576)
Recorded block-done for octoS0SubroiZ15683136Y78409408X1097612544Difficultsoma_pred_affs/3423 with read ROI [5840:7408, 2384:3952, 5264:6832] (1568, 1568, 1568) and write ROI [6336:6912, 2880:3456, 5760:6336] (576, 576, 576)
Recording block-done for octoS0SubroiZ15683136Y78409408X1097612544Difficultsoma_pred_affs/1494 with read ROI [5840:7408, 2960:4528, 656:2224] (1568, 1568, 1568) and write ROI [6336:6912, 3456:4032, 1152:1728] (576, 576, 576)
Recorded block-done for octoS0SubroiZ15683136Y78409408X1097612544Difficultsoma_pred_affs/1494 with read ROI [5840:7408, 2960:4528, 656:2224] (1568, 1568, 1568) and write ROI [6336:6912, 3456:4032, 1152:1728] (576, 576, 576)
Recording block-done for octoS0SubroiZ15683136Y78409408X1097612544Difficultsoma_pred_affs/3836 with read ROI [5840:7408, 3536:5104, 4688:6256] (1568, 1568, 1568) and write ROI [6336:6912, 4032:4608, 5184:5760] (576, 576, 576)
Recorded block-done for octoS0SubroiZ15683136Y78409408X1097612544Difficultsoma_pred_affs/3836 with read ROI [5840:7408, 3536:5104, 4688:6256] (1568, 1568, 1568) and write ROI [6336:6912, 4032:4608, 5184:5760] (576, 576, 576)
Recording block-done for octoS0SubroiZ15683136Y78409408X1097612544Difficultsoma_pred_affs/5620 with read ROI [5840:7408, 2960:4528, 7568:9136] (1568, 1568, 1568) and write ROI [6336:6912, 3456:4032, 8064:8640] (576, 576, 576)
Recorded block-done for octoS0SubroiZ15683136Y78409408X1097612544Difficultsoma_pred_affs/5620 with read ROI [5840:7408, 2960:4528, 7568:9136] (1568, 1568, 1568) and write ROI [6336:6912, 3456:4032, 8064:8640] (576, 576, 576)
Recording block-done for octoS0SubroiZ15683136Y78409408X1097612544Difficultsoma_pred_affs/3107 with read ROI [5840:7408, 3536:5104, 3536:5104] (1568, 1568, 1568) and write ROI [6336:6912, 4032:4608, 4032:4608] (576, 576, 576)
Recorded block-done for octoS0SubroiZ15683136Y78409408X1097612544Difficultsoma_pred_affs/3107 with read ROI [5840:7408, 3536:5104, 3536:5104] (1568, 1568, 1568) and write ROI [6336:6912, 4032:4608, 4032:4608] (576, 576, 576)
Recording block-done for octoS0SubroiZ15683136Y78409408X1097612544Difficultsoma_pred_affs/9321 with read ROI [5840:7408, 3536:5104, 10448:12016] (1568, 1568, 1568) and write ROI [6336:6912, 4032:4608, 10944:11520] (576, 576, 576)
Recorded block-done for octoS0SubroiZ15683136Y78409408X1097612544Difficultsoma_pred_affs/9321 with read ROI [5840:7408, 3536:5104, 10448:12016] (1568, 1568, 1568) and write ROI [6336:6912, 4032:4608, 10944:11520] (576, 576, 576)
Recording block-done for octoS0SubroiZ15683136Y78409408X1097612544Difficultsoma_pred_affs/6166 with read ROI [5840:7408, 3536:5104, 7568:9136] (1568, 1568, 1568) and write ROI [6336:6912, 4032:4608, 8064:8640] (576, 576, 576)
Recorded block-done for octoS0SubroiZ15683136Y78409408X1097612544Difficultsoma_pred_affs/6166 with read ROI [5840:7408, 3536:5104, 7568:9136] (1568, 1568, 1568) and write ROI [6336:6912, 4032:4608, 8064:8640] (576, 576, 576)
Recording block-done for octoS0SubroiZ15683136Y78409408X1097612544Difficultsoma_pred_affs/7971 with read ROI [5840:7408, 4112:5680, 8720:10288] (1568, 1568, 1568) and write ROI [6336:6912, 4608:5184, 9216:9792] (576, 576, 576)
Recorded block-done for octoS0SubroiZ15683136Y78409408X1097612544Difficultsoma_pred_affs/7971 with read ROI [5840:7408, 4112:5680, 8720:10288] (1568, 1568, 1568) and write ROI [6336:6912, 4608:5184, 9216:9792] (576, 576, 576)
Recording block-done for octoS0SubroiZ15683136Y78409408X1097612544Difficultsoma_pred_affs/3146 with read ROI [5840:7408, 4688:6256, 2384:3952] (1568, 1568, 1568) and write ROI [6336:6912, 5184:5760, 2880:3456] (576, 576, 576)
Recorded block-done for octoS0SubroiZ15683136Y78409408X1097612544Difficultsoma_pred_affs/3146 with read ROI [5840:7408, 4688:6256, 2384:3952] (1568, 1568, 1568) and write ROI [6336:6912, 5184:5760, 2880:3456] (576, 576, 576)
Recording block-done for octoS0SubroiZ15683136Y78409408X1097612544Difficultsoma_pred_affs/4716 with read ROI [5840:7408, 4688:6256, 4688:6256] (1568, 1568, 1568) and write ROI [6336:6912, 5184:5760, 5184:5760] (576, 576, 576)
Recorded block-done for octoS0SubroiZ15683136Y78409408X1097612544Difficultsoma_pred_affs/4716 with read ROI [5840:7408, 4688:6256, 4688:6256] (1568, 1568, 1568) and write ROI [6336:6912, 5184:5760, 5184:5760] (576, 576, 576)
Recording block-done for octoS0SubroiZ15683136Y78409408X1097612544Difficultsoma_pred_affs/6205 with read ROI [5840:7408, 4688:6256, 6416:7984] (1568, 1568, 1568) and write ROI [6336:6912, 5184:5760, 6912:7488] (576, 576, 576)
Recorded block-done for octoS0SubroiZ15683136Y78409408X1097612544Difficultsoma_pred_affs/6205 with read ROI [5840:7408, 4688:6256, 6416:7984] (1568, 1568, 1568) and write ROI [6336:6912, 5184:5760, 6912:7488] (576, 576, 576)
Recording block-done for octoS0SubroiZ15683136Y78409408X1097612544Difficultsoma_pred_affs/2266 with read ROI [5840:7408, 5264:6832, 80:1648] (1568, 1568, 1568) and write ROI [6336:6912, 5760:6336, 576:1152] (576, 576, 576)
Recorded block-done for octoS0SubroiZ15683136Y78409408X1097612544Difficultsoma_pred_affs/2266 with read ROI [5840:7408, 5264:6832, 80:1648] (1568, 1568, 1568) and write ROI [6336:6912, 5760:6336, 576:1152] (576, 576, 576)
Recording block-done for octoS0SubroiZ15683136Y78409408X1097612544Difficultsoma_pred_affs/6226 with read ROI [5840:7408, 5264:6832, 5840:7408] (1568, 1568, 1568) and write ROI [6336:6912, 5760:6336, 6336:6912] (576, 576, 576)
Recorded block-done for octoS0SubroiZ15683136Y78409408X1097612544Difficultsoma_pred_affs/6226 with read ROI [5840:7408, 5264:6832, 5840:7408] (1568, 1568, 1568) and write ROI [6336:6912, 5760:6336, 6336:6912] (576, 576, 576)
Recording block-done for octoS0SubroiZ15683136Y78409408X1097612544Difficultsoma_pred_affs/6248 with read ROI [5840:7408, 5840:7408, 5264:6832] (1568, 1568, 1568) and write ROI [6336:6912, 6336:6912, 5760:6336] (576, 576, 576)
Recorded block-done for octoS0SubroiZ15683136Y78409408X1097612544Difficultsoma_pred_affs/6248 with read ROI [5840:7408, 5840:7408, 5264:6832] (1568, 1568, 1568) and write ROI [6336:6912, 6336:6912, 5760:6336] (576, 576, 576)
Recording block-done for octoS0SubroiZ15683136Y78409408X1097612544Difficultsoma_pred_affs/6787 with read ROI [5840:7408, 5264:6832, 6416:7984] (1568, 1568, 1568) and write ROI [6336:6912, 5760:6336, 6912:7488] (576, 576, 576)
Recorded block-done for octoS0SubroiZ15683136Y78409408X1097612544Difficultsoma_pred_affs/6787 with read ROI [5840:7408, 5264:6832, 6416:7984] (1568, 1568, 1568) and write ROI [6336:6912, 5760:6336, 6912:7488] (576, 576, 576)
Recording block-done for octoS0SubroiZ15683136Y78409408X1097612544Difficultsoma_pred_affs/10902 with read ROI [5840:7408, 5264:6832, 9872:11440] (1568, 1568, 1568) and write ROI [6336:6912, 5760:6336, 10368:10944] (576, 576, 576)
Recorded block-done for octoS0SubroiZ15683136Y78409408X1097612544Difficultsoma_pred_affs/10902 with read ROI [5840:7408, 5264:6832, 9872:11440] (1568, 1568, 1568) and write ROI [6336:6912, 5760:6336, 10368:10944] (576, 576, 576)
Recording block-done for octoS0SubroiZ15683136Y78409408X1097612544Difficultsoma_pred_affs/7404 with read ROI [5840:7408, 5840:7408, 6416:7984] (1568, 1568, 1568) and write ROI [6336:6912, 6336:6912, 6912:7488] (576, 576, 576)
Recorded block-done for octoS0SubroiZ15683136Y78409408X1097612544Difficultsoma_pred_affs/7404 with read ROI [5840:7408, 5840:7408, 6416:7984] (1568, 1568, 1568) and write ROI [6336:6912, 6336:6912, 6912:7488] (576, 576, 576)
Recording block-done for octoS0SubroiZ15683136Y78409408X1097612544Difficultsoma_pred_affs/12605 with read ROI [5840:7408, 5840:7408, 10448:12016] (1568, 1568, 1568) and write ROI [6336:6912, 6336:6912, 10944:11520] (576, 576, 576)
Recorded block-done for octoS0SubroiZ15683136Y78409408X1097612544Difficultsoma_pred_affs/12605 with read ROI [5840:7408, 5840:7408, 10448:12016] (1568, 1568, 1568) and write ROI [6336:6912, 6336:6912, 10944:11520] (576, 576, 576)
Recording block-done for octoS0SubroiZ15683136Y78409408X1097612544Difficultsoma_pred_affs/4782 with read ROI [5840:7408, 6416:7984, 2960:4528] (1568, 1568, 1568) and write ROI [6336:6912, 6912:7488, 3456:4032] (576, 576, 576)
Recorded block-done for octoS0SubroiZ15683136Y78409408X1097612544Difficultsoma_pred_affs/4782 with read ROI [5840:7408, 6416:7984, 2960:4528] (1568, 1568, 1568) and write ROI [6336:6912, 6912:7488, 3456:4032] (576, 576, 576)
Recording block-done for octoS0SubroiZ15683136Y78409408X1097612544Difficultsoma_pred_affs/10167 with read ROI [5840:7408, 6416:7984, 8144:9712] (1568, 1568, 1568) and write ROI [6336:6912, 6912:7488, 8640:9216] (576, 576, 576)
Recorded block-done for octoS0SubroiZ15683136Y78409408X1097612544Difficultsoma_pred_affs/10167 with read ROI [5840:7408, 6416:7984, 8144:9712] (1568, 1568, 1568) and write ROI [6336:6912, 6912:7488, 8640:9216] (576, 576, 576)
Recording block-done for octoS0SubroiZ15683136Y78409408X1097612544Difficultsoma_pred_affs/4806 with read ROI [5840:7408, 6992:8560, 2384:3952] (1568, 1568, 1568) and write ROI [6336:6912, 7488:8064, 2880:3456] (576, 576, 576)
Recorded block-done for octoS0SubroiZ15683136Y78409408X1097612544Difficultsoma_pred_affs/4806 with read ROI [5840:7408, 6992:8560, 2384:3952] (1568, 1568, 1568) and write ROI [6336:6912, 7488:8064, 2880:3456] (576, 576, 576)
Recording block-done for octoS0SubroiZ15683136Y78409408X1097612544Difficultsoma_pred_affs/5767 with read ROI [5840:7408, 6992:8560, 3536:5104] (1568, 1568, 1568) and write ROI [6336:6912, 7488:8064, 4032:4608] (576, 576, 576)
Recorded block-done for octoS0SubroiZ15683136Y78409408X1097612544Difficultsoma_pred_affs/5767 with read ROI [5840:7408, 6992:8560, 3536:5104] (1568, 1568, 1568) and write ROI [6336:6912, 7488:8064, 4032:4608] (576, 576, 576)
Recording block-done for octoS0SubroiZ15683136Y78409408X1097612544Difficultsoma_pred_affs/8106 with read ROI [5840:7408, 7568:9136, 5264:6832] (1568, 1568, 1568) and write ROI [6336:6912, 8064:8640, 5760:6336] (576, 576, 576)
Recorded block-done for octoS0SubroiZ15683136Y78409408X1097612544Difficultsoma_pred_affs/8106 with read ROI [5840:7408, 7568:9136, 5264:6832] (1568, 1568, 1568) and write ROI [6336:6912, 8064:8640, 5760:6336] (576, 576, 576)
Recording block-done for octoS0SubroiZ15683136Y78409408X1097612544Difficultsoma_pred_affs/9475 with read ROI [5840:7408, 7568:9136, 6416:7984] (1568, 1568, 1568) and write ROI [6336:6912, 8064:8640, 6912:7488] (576, 576, 576)
Recorded block-done for octoS0SubroiZ15683136Y78409408X1097612544Difficultsoma_pred_affs/9475 with read ROI [5840:7408, 7568:9136, 6416:7984] (1568, 1568, 1568) and write ROI [6336:6912, 8064:8640, 6912:7488] (576, 576, 576)
Recording block-done for octoS0SubroiZ15683136Y78409408X1097612544Difficultsoma_pred_affs/14526 with read ROI [5840:7408, 7568:9136, 9872:11440] (1568, 1568, 1568) and write ROI [6336:6912, 8064:8640, 10368:10944] (576, 576, 576)
Recorded block-done for octoS0SubroiZ15683136Y78409408X1097612544Difficultsoma_pred_affs/14526 with read ROI [5840:7408, 7568:9136, 9872:11440] (1568, 1568, 1568) and write ROI [6336:6912, 8064:8640, 10368:10944] (576, 576, 576)
Recording block-done for octoS0SubroiZ15683136Y78409408X1097612544Difficultsoma_pred_affs/7529 with read ROI [5840:7408, 8720:10288, 3536:5104] (1568, 1568, 1568) and write ROI [6336:6912, 9216:9792, 4032:4608] (576, 576, 576)
Recorded block-done for octoS0SubroiZ15683136Y78409408X1097612544Difficultsoma_pred_affs/7529 with read ROI [5840:7408, 8720:10288, 3536:5104] (1568, 1568, 1568) and write ROI [6336:6912, 9216:9792, 4032:4608] (576, 576, 576)
Recording block-done for octoS0SubroiZ15683136Y78409408X1097612544Difficultsoma_pred_affs/11049 with read ROI [5840:7408, 8720:10288, 6416:7984] (1568, 1568, 1568) and write ROI [6336:6912, 9216:9792, 6912:7488] (576, 576, 576)
Recorded block-done for octoS0SubroiZ15683136Y78409408X1097612544Difficultsoma_pred_affs/11049 with read ROI [5840:7408, 8720:10288, 6416:7984] (1568, 1568, 1568) and write ROI [6336:6912, 9216:9792, 6912:7488] (576, 576, 576)
Recording block-done for octoS0SubroiZ15683136Y78409408X1097612544Difficultsoma_pred_affs/15542 with read ROI [5840:7408, 8144:9712, 9872:11440] (1568, 1568, 1568) and write ROI [6336:6912, 8640:9216, 10368:10944] (576, 576, 576)
Recorded block-done for octoS0SubroiZ15683136Y78409408X1097612544Difficultsoma_pred_affs/15542 with read ROI [5840:7408, 8144:9712, 9872:11440] (1568, 1568, 1568) and write ROI [6336:6912, 8640:9216, 10368:10944] (576, 576, 576)
Recording block-done for octoS0SubroiZ15683136Y78409408X1097612544Difficultsoma_pred_affs/11022 with read ROI [5840:7408, 8144:9712, 6992:8560] (1568, 1568, 1568) and write ROI [6336:6912, 8640:9216, 7488:8064] (576, 576, 576)
Recorded block-done for octoS0SubroiZ15683136Y78409408X1097612544Difficultsoma_pred_affs/11022 with read ROI [5840:7408, 8144:9712, 6992:8560] (1568, 1568, 1568) and write ROI [6336:6912, 8640:9216, 7488:8064] (576, 576, 576)
Recording block-done for octoS0SubroiZ15683136Y78409408X1097612544Difficultsoma_pred_affs/12703 with read ROI [5840:7408, 8144:9712, 8144:9712] (1568, 1568, 1568) and write ROI [6336:6912, 8640:9216, 8640:9216] (576, 576, 576)
Recorded block-done for octoS0SubroiZ15683136Y78409408X1097612544Difficultsoma_pred_affs/12703 with read ROI [5840:7408, 8144:9712, 8144:9712] (1568, 1568, 1568) and write ROI [6336:6912, 8640:9216, 8640:9216] (576, 576, 576)
Recording block-done for octoS0SubroiZ15683136Y78409408X1097612544Difficultsoma_pred_affs/6962 with read ROI [5840:7408, 9296:10864, 2384:3952] (1568, 1568, 1568) and write ROI [6336:6912, 9792:10368, 2880:3456] (576, 576, 576)
Recorded block-done for octoS0SubroiZ15683136Y78409408X1097612544Difficultsoma_pred_affs/6962 with read ROI [5840:7408, 9296:10864, 2384:3952] (1568, 1568, 1568) and write ROI [6336:6912, 9792:10368, 2880:3456] (576, 576, 576)
Recording block-done for octoS0SubroiZ15683136Y78409408X1097612544Difficultsoma_pred_affs/11077 with read ROI [5840:7408, 9296:10864, 5840:7408] (1568, 1568, 1568) and write ROI [6336:6912, 9792:10368, 6336:6912] (576, 576, 576)
Recorded block-done for octoS0SubroiZ15683136Y78409408X1097612544Difficultsoma_pred_affs/11077 with read ROI [5840:7408, 9296:10864, 5840:7408] (1568, 1568, 1568) and write ROI [6336:6912, 9792:10368, 6336:6912] (576, 576, 576)
Recording block-done for octoS0SubroiZ15683136Y78409408X1097612544Difficultsoma_pred_affs/15597 with read ROI [5840:7408, 9296:10864, 8720:10288] (1568, 1568, 1568) and write ROI [6336:6912, 9792:10368, 9216:9792] (576, 576, 576)
Recorded block-done for octoS0SubroiZ15683136Y78409408X1097612544Difficultsoma_pred_affs/15597 with read ROI [5840:7408, 9296:10864, 8720:10288] (1568, 1568, 1568) and write ROI [6336:6912, 9792:10368, 9216:9792] (576, 576, 576)
Recording block-done for octoS0SubroiZ15683136Y78409408X1097612544Difficultsoma_pred_affs/16632 with read ROI [5840:7408, 9296:10864, 9296:10864] (1568, 1568, 1568) and write ROI [6336:6912, 9792:10368, 9792:10368] (576, 576, 576)
Recorded block-done for octoS0SubroiZ15683136Y78409408X1097612544Difficultsoma_pred_affs/16632 with read ROI [5840:7408, 9296:10864, 9296:10864] (1568, 1568, 1568) and write ROI [6336:6912, 9792:10368, 9792:10368] (576, 576, 576)
Recording block-done for octoS0SubroiZ15683136Y78409408X1097612544Difficultsoma_pred_affs/9585 with read ROI [5840:7408, 9872:11440, 4112:5680] (1568, 1568, 1568) and write ROI [6336:6912, 10368:10944, 4608:5184] (576, 576, 576)
Recorded block-done for octoS0SubroiZ15683136Y78409408X1097612544Difficultsoma_pred_affs/9585 with read ROI [5840:7408, 9872:11440, 4112:5680] (1568, 1568, 1568) and write ROI [6336:6912, 10368:10944, 4608:5184] (576, 576, 576)
Recording block-done for octoS0SubroiZ15683136Y78409408X1097612544Difficultsoma_pred_affs/11926 with read ROI [5840:7408, 9872:11440, 5840:7408] (1568, 1568, 1568) and write ROI [6336:6912, 10368:10944, 6336:6912] (576, 576, 576)
Recorded block-done for octoS0SubroiZ15683136Y78409408X1097612544Difficultsoma_pred_affs/11926 with read ROI [5840:7408, 9872:11440, 5840:7408] (1568, 1568, 1568) and write ROI [6336:6912, 10368:10944, 6336:6912] (576, 576, 576)
Recording block-done for octoS0SubroiZ15683136Y78409408X1097612544Difficultsoma_pred_affs/13720 with read ROI [5840:7408, 10448:12016, 6416:7984] (1568, 1568, 1568) and write ROI [6336:6912, 10944:11520, 6912:7488] (576, 576, 576)
Recorded block-done for octoS0SubroiZ15683136Y78409408X1097612544Difficultsoma_pred_affs/13720 with read ROI [5840:7408, 10448:12016, 6416:7984] (1568, 1568, 1568) and write ROI [6336:6912, 10944:11520, 6912:7488] (576, 576, 576)
Recording block-done for octoS0SubroiZ15683136Y78409408X1097612544Difficultsoma_pred_affs/18900 with read ROI [5840:7408, 10448:12016, 9296:10864] (1568, 1568, 1568) and write ROI [6336:6912, 10944:11520, 9792:10368] (576, 576, 576)
Recorded block-done for octoS0SubroiZ15683136Y78409408X1097612544Difficultsoma_pred_affs/18900 with read ROI [5840:7408, 10448:12016, 9296:10864] (1568, 1568, 1568) and write ROI [6336:6912, 10944:11520, 9792:10368] (576, 576, 576)
Recording block-done for octoS0SubroiZ15683136Y78409408X1097612544Difficultsoma_pred_affs/16691 with read ROI [5840:7408, 10448:12016, 8144:9712] (1568, 1568, 1568) and write ROI [6336:6912, 10944:11520, 8640:9216] (576, 576, 576)
Recorded block-done for octoS0SubroiZ15683136Y78409408X1097612544Difficultsoma_pred_affs/16691 with read ROI [5840:7408, 10448:12016, 8144:9712] (1568, 1568, 1568) and write ROI [6336:6912, 10944:11520, 8640:9216] (576, 576, 576)
Recording block-done for octoS0SubroiZ15683136Y78409408X1097612544Difficultsoma_pred_affs/9615 with read ROI [5840:7408, 10448:12016, 3536:5104] (1568, 1568, 1568) and write ROI [6336:6912, 10944:11520, 4032:4608] (576, 576, 576)
Recorded block-done for octoS0SubroiZ15683136Y78409408X1097612544Difficultsoma_pred_affs/9615 with read ROI [5840:7408, 10448:12016, 3536:5104] (1568, 1568, 1568) and write ROI [6336:6912, 10944:11520, 4032:4608] (576, 576, 576)
Recording block-done for octoS0SubroiZ15683136Y78409408X1097612544Difficultsoma_pred_affs/783 with read ROI [6416:7984, 80:1648, 656:2224] (1568, 1568, 1568) and write ROI [6912:7488, 576:1152, 1152:1728] (576, 576, 576)
Recorded block-done for octoS0SubroiZ15683136Y78409408X1097612544Difficultsoma_pred_affs/783 with read ROI [6416:7984, 80:1648, 656:2224] (1568, 1568, 1568) and write ROI [6912:7488, 576:1152, 1152:1728] (576, 576, 576)
Recording block-done for octoS0SubroiZ15683136Y78409408X1097612544Difficultsoma_pred_affs/663 with read ROI [6416:7984, 80:1648, 80:1648] (1568, 1568, 1568) and write ROI [6912:7488, 576:1152, 576:1152] (576, 576, 576)
Recorded block-done for octoS0SubroiZ15683136Y78409408X1097612544Difficultsoma_pred_affs/663 with read ROI [6416:7984, 80:1648, 80:1648] (1568, 1568, 1568) and write ROI [6912:7488, 576:1152, 576:1152] (576, 576, 576)
Recording block-done for octoS0SubroiZ15683136Y78409408X1097612544Difficultsoma_pred_affs/1257 with read ROI [6416:7984, 656:2224, 1808:3376] (1568, 1568, 1568) and write ROI [6912:7488, 1152:1728, 2304:2880] (576, 576, 576)
Recorded block-done for octoS0SubroiZ15683136Y78409408X1097612544Difficultsoma_pred_affs/1257 with read ROI [6416:7984, 656:2224, 1808:3376] (1568, 1568, 1568) and write ROI [6912:7488, 1152:1728, 2304:2880] (576, 576, 576)
Recording block-done for octoS0SubroiZ15683136Y78409408X1097612544Difficultsoma_pred_affs/1643 with read ROI [6416:7984, 80:1648, 3536:5104] (1568, 1568, 1568) and write ROI [6912:7488, 576:1152, 4032:4608] (576, 576, 576)
Recorded block-done for octoS0SubroiZ15683136Y78409408X1097612544Difficultsoma_pred_affs/1643 with read ROI [6416:7984, 80:1648, 3536:5104] (1568, 1568, 1568) and write ROI [6912:7488, 576:1152, 4032:4608] (576, 576, 576)
Recording block-done for octoS0SubroiZ15683136Y78409408X1097612544Difficultsoma_pred_affs/948 with read ROI [6416:7984, 1232:2800, 80:1648] (1568, 1568, 1568) and write ROI [6912:7488, 1728:2304, 576:1152] (576, 576, 576)
Recorded block-done for octoS0SubroiZ15683136Y78409408X1097612544Difficultsoma_pred_affs/948 with read ROI [6416:7984, 1232:2800, 80:1648] (1568, 1568, 1568) and write ROI [6912:7488, 1728:2304, 576:1152] (576, 576, 576)
Recording block-done for octoS0SubroiZ15683136Y78409408X1097612544Difficultsoma_pred_affs/2141 with read ROI [6416:7984, 656:2224, 4112:5680] (1568, 1568, 1568) and write ROI [6912:7488, 1152:1728, 4608:5184] (576, 576, 576)
Recorded block-done for octoS0SubroiZ15683136Y78409408X1097612544Difficultsoma_pred_affs/2141 with read ROI [6416:7984, 656:2224, 4112:5680] (1568, 1568, 1568) and write ROI [6912:7488, 1152:1728, 4608:5184] (576, 576, 576)
Recording block-done for octoS0SubroiZ15683136Y78409408X1097612544Difficultsoma_pred_affs/2717 with read ROI [6416:7984, 656:2224, 5264:6832] (1568, 1568, 1568) and write ROI [6912:7488, 1152:1728, 5760:6336] (576, 576, 576)
Recorded block-done for octoS0SubroiZ15683136Y78409408X1097612544Difficultsoma_pred_affs/2717 with read ROI [6416:7984, 656:2224, 5264:6832] (1568, 1568, 1568) and write ROI [6912:7488, 1152:1728, 5760:6336] (576, 576, 576)
Recording block-done for octoS0SubroiZ15683136Y78409408X1097612544Difficultsoma_pred_affs/4612 with read ROI [6416:7984, 656:2224, 8144:9712] (1568, 1568, 1568) and write ROI [6912:7488, 1152:1728, 8640:9216] (576, 576, 576)
Recorded block-done for octoS0SubroiZ15683136Y78409408X1097612544Difficultsoma_pred_affs/4612 with read ROI [6416:7984, 656:2224, 8144:9712] (1568, 1568, 1568) and write ROI [6912:7488, 1152:1728, 8640:9216] (576, 576, 576)
Recording block-done for octoS0SubroiZ15683136Y78409408X1097612544Difficultsoma_pred_affs/4627 with read ROI [6416:7984, 1232:2800, 7568:9136] (1568, 1568, 1568) and write ROI [6912:7488, 1728:2304, 8064:8640] (576, 576, 576)
Recorded block-done for octoS0SubroiZ15683136Y78409408X1097612544Difficultsoma_pred_affs/4627 with read ROI [6416:7984, 1232:2800, 7568:9136] (1568, 1568, 1568) and write ROI [6912:7488, 1728:2304, 8064:8640] (576, 576, 576)
Recording block-done for octoS0SubroiZ15683136Y78409408X1097612544Difficultsoma_pred_affs/7272 with read ROI [6416:7984, 1232:2800, 10448:12016] (1568, 1568, 1568) and write ROI [6912:7488, 1728:2304, 10944:11520] (576, 576, 576)
Recorded block-done for octoS0SubroiZ15683136Y78409408X1097612544Difficultsoma_pred_affs/7272 with read ROI [6416:7984, 1232:2800, 10448:12016] (1568, 1568, 1568) and write ROI [6912:7488, 1728:2304, 10944:11520] (576, 576, 576)
Recording block-done for octoS0SubroiZ15683136Y78409408X1097612544Difficultsoma_pred_affs/7918 with read ROI [6416:7984, 1808:3376, 10448:12016] (1568, 1568, 1568) and write ROI [6912:7488, 2304:2880, 10944:11520] (576, 576, 576)
Recorded block-done for octoS0SubroiZ15683136Y78409408X1097612544Difficultsoma_pred_affs/7918 with read ROI [6416:7984, 1808:3376, 10448:12016] (1568, 1568, 1568) and write ROI [6912:7488, 2304:2880, 10944:11520] (576, 576, 576)
Recording block-done for octoS0SubroiZ15683136Y78409408X1097612544Difficultsoma_pred_affs/3424 with read ROI [6416:7984, 1808:3376, 5264:6832] (1568, 1568, 1568) and write ROI [6912:7488, 2304:2880, 5760:6336] (576, 576, 576)
Recorded block-done for octoS0SubroiZ15683136Y78409408X1097612544Difficultsoma_pred_affs/3424 with read ROI [6416:7984, 1808:3376, 5264:6832] (1568, 1568, 1568) and write ROI [6912:7488, 2304:2880, 5760:6336] (576, 576, 576)
Recording block-done for octoS0SubroiZ15683136Y78409408X1097612544Difficultsoma_pred_affs/4643 with read ROI [6416:7984, 1808:3376, 6992:8560] (1568, 1568, 1568) and write ROI [6912:7488, 2304:2880, 7488:8064] (576, 576, 576)
Recorded block-done for octoS0SubroiZ15683136Y78409408X1097612544Difficultsoma_pred_affs/4643 with read ROI [6416:7984, 1808:3376, 6992:8560] (1568, 1568, 1568) and write ROI [6912:7488, 2304:2880, 7488:8064] (576, 576, 576)
Recording block-done for octoS0SubroiZ15683136Y78409408X1097612544Difficultsoma_pred_affs/3090 with read ROI [6416:7984, 2384:3952, 4112:5680] (1568, 1568, 1568) and write ROI [6912:7488, 2880:3456, 4608:5184] (576, 576, 576)
Recorded block-done for octoS0SubroiZ15683136Y78409408X1097612544Difficultsoma_pred_affs/3090 with read ROI [6416:7984, 2384:3952, 4112:5680] (1568, 1568, 1568) and write ROI [6912:7488, 2880:3456, 4608:5184] (576, 576, 576)
Recording block-done for octoS0SubroiZ15683136Y78409408X1097612544Difficultsoma_pred_affs/3441 with read ROI [6416:7984, 2384:3952, 4688:6256] (1568, 1568, 1568) and write ROI [6912:7488, 2880:3456, 5184:5760] (576, 576, 576)
Recorded block-done for octoS0SubroiZ15683136Y78409408X1097612544Difficultsoma_pred_affs/3441 with read ROI [6416:7984, 2384:3952, 4688:6256] (1568, 1568, 1568) and write ROI [6912:7488, 2880:3456, 5184:5760] (576, 576, 576)
Recording block-done for octoS0SubroiZ15683136Y78409408X1097612544Difficultsoma_pred_affs/4225 with read ROI [6416:7984, 2384:3952, 5840:7408] (1568, 1568, 1568) and write ROI [6912:7488, 2880:3456, 6336:6912] (576, 576, 576)
Recorded block-done for octoS0SubroiZ15683136Y78409408X1097612544Difficultsoma_pred_affs/4225 with read ROI [6416:7984, 2384:3952, 5840:7408] (1568, 1568, 1568) and write ROI [6912:7488, 2880:3456, 6336:6912] (576, 576, 576)
Recording block-done for octoS0SubroiZ15683136Y78409408X1097612544Difficultsoma_pred_affs/7305 with read ROI [6416:7984, 2384:3952, 9296:10864] (1568, 1568, 1568) and write ROI [6912:7488, 2880:3456, 9792:10368] (576, 576, 576)
Recorded block-done for octoS0SubroiZ15683136Y78409408X1097612544Difficultsoma_pred_affs/7305 with read ROI [6416:7984, 2384:3952, 9296:10864] (1568, 1568, 1568) and write ROI [6912:7488, 2880:3456, 9792:10368] (576, 576, 576)
Recording block-done for octoS0SubroiZ15683136Y78409408X1097612544Difficultsoma_pred_affs/4678 with read ROI [6416:7984, 2960:4528, 5840:7408] (1568, 1568, 1568) and write ROI [6912:7488, 3456:4032, 6336:6912] (576, 576, 576)
Recorded block-done for octoS0SubroiZ15683136Y78409408X1097612544Difficultsoma_pred_affs/4678 with read ROI [6416:7984, 2960:4528, 5840:7408] (1568, 1568, 1568) and write ROI [6912:7488, 3456:4032, 6336:6912] (576, 576, 576)
Recording block-done for octoS0SubroiZ15683136Y78409408X1097612544Difficultsoma_pred_affs/7953 with read ROI [6416:7984, 2960:4528, 9296:10864] (1568, 1568, 1568) and write ROI [6912:7488, 3456:4032, 9792:10368] (576, 576, 576)
Recorded block-done for octoS0SubroiZ15683136Y78409408X1097612544Difficultsoma_pred_affs/7953 with read ROI [6416:7984, 2960:4528, 9296:10864] (1568, 1568, 1568) and write ROI [6912:7488, 3456:4032, 9792:10368] (576, 576, 576)
Recording block-done for octoS0SubroiZ15683136Y78409408X1097612544Difficultsoma_pred_affs/1973 with read ROI [6416:7984, 3536:5104, 656:2224] (1568, 1568, 1568) and write ROI [6912:7488, 4032:4608, 1152:1728] (576, 576, 576)
Recorded block-done for octoS0SubroiZ15683136Y78409408X1097612544Difficultsoma_pred_affs/1973 with read ROI [6416:7984, 3536:5104, 656:2224] (1568, 1568, 1568) and write ROI [6912:7488, 4032:4608, 1152:1728] (576, 576, 576)
Recording block-done for octoS0SubroiZ15683136Y78409408X1097612544Difficultsoma_pred_affs/4262 with read ROI [6416:7984, 3536:5104, 4688:6256] (1568, 1568, 1568) and write ROI [6912:7488, 4032:4608, 5184:5760] (576, 576, 576)
Recorded block-done for octoS0SubroiZ15683136Y78409408X1097612544Difficultsoma_pred_affs/4262 with read ROI [6416:7984, 3536:5104, 4688:6256] (1568, 1568, 1568) and write ROI [6912:7488, 4032:4608, 5184:5760] (576, 576, 576)
Recording block-done for octoS0SubroiZ15683136Y78409408X1097612544Difficultsoma_pred_affs/2522 with read ROI [6416:7984, 4112:5680, 1232:2800] (1568, 1568, 1568) and write ROI [6912:7488, 4608:5184, 1728:2304] (576, 576, 576)
Recorded block-done for octoS0SubroiZ15683136Y78409408X1097612544Difficultsoma_pred_affs/2522 with read ROI [6416:7984, 4112:5680, 1232:2800] (1568, 1568, 1568) and write ROI [6912:7488, 4608:5184, 1728:2304] (576, 576, 576)
Recording block-done for octoS0SubroiZ15683136Y78409408X1097612544Difficultsoma_pred_affs/10082 with read ROI [6416:7984, 3536:5104, 10448:12016] (1568, 1568, 1568) and write ROI [6912:7488, 4032:4608, 10944:11520] (576, 576, 576)
Recorded block-done for octoS0SubroiZ15683136Y78409408X1097612544Difficultsoma_pred_affs/10082 with read ROI [6416:7984, 3536:5104, 10448:12016] (1568, 1568, 1568) and write ROI [6912:7488, 4032:4608, 10944:11520] (576, 576, 576)
Recording block-done for octoS0SubroiZ15683136Y78409408X1097612544Difficultsoma_pred_affs/6206 with read ROI [6416:7984, 4112:5680, 6416:7984] (1568, 1568, 1568) and write ROI [6912:7488, 4608:5184, 6912:7488] (576, 576, 576)
Recorded block-done for octoS0SubroiZ15683136Y78409408X1097612544Difficultsoma_pred_affs/6206 with read ROI [6416:7984, 4112:5680, 6416:7984] (1568, 1568, 1568) and write ROI [6912:7488, 4608:5184, 6912:7488] (576, 576, 576)
Recording block-done for octoS0SubroiZ15683136Y78409408X1097612544Difficultsoma_pred_affs/6186 with read ROI [6416:7984, 3536:5104, 6992:8560] (1568, 1568, 1568) and write ROI [6912:7488, 4032:4608, 7488:8064] (576, 576, 576)
Recorded block-done for octoS0SubroiZ15683136Y78409408X1097612544Difficultsoma_pred_affs/6186 with read ROI [6416:7984, 3536:5104, 6992:8560] (1568, 1568, 1568) and write ROI [6912:7488, 4032:4608, 7488:8064] (576, 576, 576)
Recording block-done for octoS0SubroiZ15683136Y78409408X1097612544Difficultsoma_pred_affs/5203 with read ROI [6416:7984, 4688:6256, 4688:6256] (1568, 1568, 1568) and write ROI [6912:7488, 5184:5760, 5184:5760] (576, 576, 576)
Recorded block-done for octoS0SubroiZ15683136Y78409408X1097612544Difficultsoma_pred_affs/5203 with read ROI [6416:7984, 4688:6256, 4688:6256] (1568, 1568, 1568) and write ROI [6912:7488, 5184:5760, 5184:5760] (576, 576, 576)
Recording block-done for octoS0SubroiZ15683136Y78409408X1097612544Difficultsoma_pred_affs/10903 with read ROI [6416:7984, 4688:6256, 9872:11440] (1568, 1568, 1568) and write ROI [6912:7488, 5184:5760, 10368:10944] (576, 576, 576)
Recorded block-done for octoS0SubroiZ15683136Y78409408X1097612544Difficultsoma_pred_affs/10903 with read ROI [6416:7984, 4688:6256, 9872:11440] (1568, 1568, 1568) and write ROI [6912:7488, 5184:5760, 10368:10944] (576, 576, 576)
Recording block-done for octoS0SubroiZ15683136Y78409408X1097612544Difficultsoma_pred_affs/6767 with read ROI [6416:7984, 4112:5680, 6992:8560] (1568, 1568, 1568) and write ROI [6912:7488, 4608:5184, 7488:8064] (576, 576, 576)
Recorded block-done for octoS0SubroiZ15683136Y78409408X1097612544Difficultsoma_pred_affs/6767 with read ROI [6416:7984, 4112:5680, 6992:8560] (1568, 1568, 1568) and write ROI [6912:7488, 4608:5184, 7488:8064] (576, 576, 576)
Recording block-done for octoS0SubroiZ15683136Y78409408X1097612544Difficultsoma_pred_affs/7992 with read ROI [6416:7984, 4112:5680, 8144:9712] (1568, 1568, 1568) and write ROI [6912:7488, 4608:5184, 8640:9216] (576, 576, 576)
Recorded block-done for octoS0SubroiZ15683136Y78409408X1097612544Difficultsoma_pred_affs/7992 with read ROI [6416:7984, 4112:5680, 8144:9712] (1568, 1568, 1568) and write ROI [6912:7488, 4608:5184, 8640:9216] (576, 576, 576)
Recording block-done for octoS0SubroiZ15683136Y78409408X1097612544Difficultsoma_pred_affs/4303 with read ROI [6416:7984, 4688:6256, 3536:5104] (1568, 1568, 1568) and write ROI [6912:7488, 5184:5760, 4032:4608] (576, 576, 576)
Recorded block-done for octoS0SubroiZ15683136Y78409408X1097612544Difficultsoma_pred_affs/4303 with read ROI [6416:7984, 4688:6256, 3536:5104] (1568, 1568, 1568) and write ROI [6912:7488, 5184:5760, 4032:4608] (576, 576, 576)
Recording block-done for octoS0SubroiZ15683136Y78409408X1097612544Difficultsoma_pred_affs/3541 with read ROI [6416:7984, 5264:6832, 1808:3376] (1568, 1568, 1568) and write ROI [6912:7488, 5760:6336, 2304:2880] (576, 576, 576)
Recorded block-done for octoS0SubroiZ15683136Y78409408X1097612544Difficultsoma_pred_affs/3541 with read ROI [6416:7984, 5264:6832, 1808:3376] (1568, 1568, 1568) and write ROI [6912:7488, 5760:6336, 2304:2880] (576, 576, 576)
Recording block-done for octoS0SubroiZ15683136Y78409408X1097612544Difficultsoma_pred_affs/3213 with read ROI [6416:7984, 5840:7408, 656:2224] (1568, 1568, 1568) and write ROI [6912:7488, 6336:6912, 1152:1728] (576, 576, 576)
Recorded block-done for octoS0SubroiZ15683136Y78409408X1097612544Difficultsoma_pred_affs/3213 with read ROI [6416:7984, 5840:7408, 656:2224] (1568, 1568, 1568) and write ROI [6912:7488, 6336:6912, 1152:1728] (576, 576, 576)
Recording block-done for octoS0SubroiZ15683136Y78409408X1097612544Difficultsoma_pred_affs/3942 with read ROI [6416:7984, 5840:7408, 1808:3376] (1568, 1568, 1568) and write ROI [6912:7488, 6336:6912, 2304:2880] (576, 576, 576)
Recorded block-done for octoS0SubroiZ15683136Y78409408X1097612544Difficultsoma_pred_affs/3942 with read ROI [6416:7984, 5840:7408, 1808:3376] (1568, 1568, 1568) and write ROI [6912:7488, 6336:6912, 2304:2880] (576, 576, 576)
Recording block-done for octoS0SubroiZ15683136Y78409408X1097612544Difficultsoma_pred_affs/8701 with read ROI [6416:7984, 5264:6832, 7568:9136] (1568, 1568, 1568) and write ROI [6912:7488, 5760:6336, 8064:8640] (576, 576, 576)
Recorded block-done for octoS0SubroiZ15683136Y78409408X1097612544Difficultsoma_pred_affs/8701 with read ROI [6416:7984, 5264:6832, 7568:9136] (1568, 1568, 1568) and write ROI [6912:7488, 5760:6336, 8064:8640] (576, 576, 576)
Recording block-done for octoS0SubroiZ15683136Y78409408X1097612544Difficultsoma_pred_affs/7428 with read ROI [6416:7984, 5840:7408, 5840:7408] (1568, 1568, 1568) and write ROI [6912:7488, 6336:6912, 6336:6912] (576, 576, 576)
Recorded block-done for octoS0SubroiZ15683136Y78409408X1097612544Difficultsoma_pred_affs/7428 with read ROI [6416:7984, 5840:7408, 5840:7408] (1568, 1568, 1568) and write ROI [6912:7488, 6336:6912, 6336:6912] (576, 576, 576)
Recording block-done for octoS0SubroiZ15683136Y78409408X1097612544Difficultsoma_pred_affs/4783 with read ROI [6416:7984, 5840:7408, 2960:4528] (1568, 1568, 1568) and write ROI [6912:7488, 6336:6912, 3456:4032] (576, 576, 576)
Recorded block-done for octoS0SubroiZ15683136Y78409408X1097612544Difficultsoma_pred_affs/4783 with read ROI [6416:7984, 5840:7408, 2960:4528] (1568, 1568, 1568) and write ROI [6912:7488, 6336:6912, 3456:4032] (576, 576, 576)
Recording block-done for octoS0SubroiZ15683136Y78409408X1097612544Difficultsoma_pred_affs/11792 with read ROI [6416:7984, 6416:7984, 8720:10288] (1568, 1568, 1568) and write ROI [6912:7488, 6912:7488, 9216:9792] (576, 576, 576)
Recorded block-done for octoS0SubroiZ15683136Y78409408X1097612544Difficultsoma_pred_affs/11792 with read ROI [6416:7984, 6416:7984, 8720:10288] (1568, 1568, 1568) and write ROI [6912:7488, 6912:7488, 9216:9792] (576, 576, 576)
Recording block-done for octoS0SubroiZ15683136Y78409408X1097612544Difficultsoma_pred_affs/13556 with read ROI [6416:7984, 6416:7984, 9872:11440] (1568, 1568, 1568) and write ROI [6912:7488, 6912:7488, 10368:10944] (576, 576, 576)
Recorded block-done for octoS0SubroiZ15683136Y78409408X1097612544Difficultsoma_pred_affs/13556 with read ROI [6416:7984, 6416:7984, 9872:11440] (1568, 1568, 1568) and write ROI [6912:7488, 6912:7488, 10368:10944] (576, 576, 576)
Recording block-done for octoS0SubroiZ15683136Y78409408X1097612544Difficultsoma_pred_affs/7452 with read ROI [6416:7984, 6416:7984, 5264:6832] (1568, 1568, 1568) and write ROI [6912:7488, 6912:7488, 5760:6336] (576, 576, 576)
Recorded block-done for octoS0SubroiZ15683136Y78409408X1097612544Difficultsoma_pred_affs/7452 with read ROI [6416:7984, 6416:7984, 5264:6832] (1568, 1568, 1568) and write ROI [6912:7488, 6912:7488, 5760:6336] (576, 576, 576)
Recording block-done for octoS0SubroiZ15683136Y78409408X1097612544Difficultsoma_pred_affs/3966 with read ROI [6416:7984, 6416:7984, 1232:2800] (1568, 1568, 1568) and write ROI [6912:7488, 6912:7488, 1728:2304] (576, 576, 576)
Recorded block-done for octoS0SubroiZ15683136Y78409408X1097612544Difficultsoma_pred_affs/3966 with read ROI [6416:7984, 6416:7984, 1232:2800] (1568, 1568, 1568) and write ROI [6912:7488, 6912:7488, 1728:2304] (576, 576, 576)
Recording block-done for octoS0SubroiZ15683136Y78409408X1097612544Difficultsoma_pred_affs/9451 with read ROI [6416:7984, 6416:7984, 6992:8560] (1568, 1568, 1568) and write ROI [6912:7488, 6912:7488, 7488:8064] (576, 576, 576)
Recorded block-done for octoS0SubroiZ15683136Y78409408X1097612544Difficultsoma_pred_affs/9451 with read ROI [6416:7984, 6416:7984, 6992:8560] (1568, 1568, 1568) and write ROI [6912:7488, 6912:7488, 7488:8064] (576, 576, 576)
Recording block-done for octoS0SubroiZ15683136Y78409408X1097612544Difficultsoma_pred_affs/8107 with read ROI [6416:7984, 6992:8560, 5264:6832] (1568, 1568, 1568) and write ROI [6912:7488, 7488:8064, 5760:6336] (576, 576, 576)
Recorded block-done for octoS0SubroiZ15683136Y78409408X1097612544Difficultsoma_pred_affs/8107 with read ROI [6416:7984, 6992:8560, 5264:6832] (1568, 1568, 1568) and write ROI [6912:7488, 7488:8064, 5760:6336] (576, 576, 576)
Recording block-done for octoS0SubroiZ15683136Y78409408X1097612544Difficultsoma_pred_affs/6882 with read ROI [6416:7984, 6992:8560, 4112:5680] (1568, 1568, 1568) and write ROI [6912:7488, 7488:8064, 4608:5184] (576, 576, 576)
Recorded block-done for octoS0SubroiZ15683136Y78409408X1097612544Difficultsoma_pred_affs/6882 with read ROI [6416:7984, 6992:8560, 4112:5680] (1568, 1568, 1568) and write ROI [6912:7488, 7488:8064, 4608:5184] (576, 576, 576)
Recording block-done for octoS0SubroiZ15683136Y78409408X1097612544Difficultsoma_pred_affs/14527 with read ROI [6416:7984, 6992:8560, 9872:11440] (1568, 1568, 1568) and write ROI [6912:7488, 7488:8064, 10368:10944] (576, 576, 576)
Recorded block-done for octoS0SubroiZ15683136Y78409408X1097612544Difficultsoma_pred_affs/14527 with read ROI [6416:7984, 6992:8560, 9872:11440] (1568, 1568, 1568) and write ROI [6912:7488, 7488:8064, 10368:10944] (576, 576, 576)
Recording block-done for octoS0SubroiZ15683136Y78409408X1097612544Difficultsoma_pred_affs/10217 with read ROI [6416:7984, 6992:8560, 6992:8560] (1568, 1568, 1568) and write ROI [6912:7488, 7488:8064, 7488:8064] (576, 576, 576)
Recorded block-done for octoS0SubroiZ15683136Y78409408X1097612544Difficultsoma_pred_affs/10217 with read ROI [6416:7984, 6992:8560, 6992:8560] (1568, 1568, 1568) and write ROI [6912:7488, 7488:8064, 7488:8064] (576, 576, 576)
Recording block-done for octoS0SubroiZ15683136Y78409408X1097612544Difficultsoma_pred_affs/9529 with read ROI [6416:7984, 8144:9712, 5264:6832] (1568, 1568, 1568) and write ROI [6912:7488, 8640:9216, 5760:6336] (576, 576, 576)
Recorded block-done for octoS0SubroiZ15683136Y78409408X1097612544Difficultsoma_pred_affs/9529 with read ROI [6416:7984, 8144:9712, 5264:6832] (1568, 1568, 1568) and write ROI [6912:7488, 8640:9216, 5760:6336] (576, 576, 576)
Recording block-done for octoS0SubroiZ15683136Y78409408X1097612544Difficultsoma_pred_affs/15543 with read ROI [6416:7984, 7568:9136, 9872:11440] (1568, 1568, 1568) and write ROI [6912:7488, 8064:8640, 10368:10944] (576, 576, 576)
Recorded block-done for octoS0SubroiZ15683136Y78409408X1097612544Difficultsoma_pred_affs/15543 with read ROI [6416:7984, 7568:9136, 9872:11440] (1568, 1568, 1568) and write ROI [6912:7488, 8064:8640, 10368:10944] (576, 576, 576)
Recording block-done for octoS0SubroiZ15683136Y78409408X1097612544Difficultsoma_pred_affs/4885 with read ROI [6416:7984, 8144:9712, 656:2224] (1568, 1568, 1568) and write ROI [6912:7488, 8640:9216, 1152:1728] (576, 576, 576)
Recorded block-done for octoS0SubroiZ15683136Y78409408X1097612544Difficultsoma_pred_affs/4885 with read ROI [6416:7984, 8144:9712, 656:2224] (1568, 1568, 1568) and write ROI [6912:7488, 8640:9216, 1152:1728] (576, 576, 576)
Recording block-done for octoS0SubroiZ15683136Y78409408X1097612544Difficultsoma_pred_affs/6935 with read ROI [6416:7984, 8144:9712, 2960:4528] (1568, 1568, 1568) and write ROI [6912:7488, 8640:9216, 3456:4032] (576, 576, 576)
Recorded block-done for octoS0SubroiZ15683136Y78409408X1097612544Difficultsoma_pred_affs/6935 with read ROI [6416:7984, 8144:9712, 2960:4528] (1568, 1568, 1568) and write ROI [6912:7488, 8640:9216, 3456:4032] (576, 576, 576)
Recording block-done for octoS0SubroiZ15683136Y78409408X1097612544Difficultsoma_pred_affs/16605 with read ROI [6416:7984, 8144:9712, 9872:11440] (1568, 1568, 1568) and write ROI [6912:7488, 8640:9216, 10368:10944] (576, 576, 576)
Recorded block-done for octoS0SubroiZ15683136Y78409408X1097612544Difficultsoma_pred_affs/16605 with read ROI [6416:7984, 8144:9712, 9872:11440] (1568, 1568, 1568) and write ROI [6912:7488, 8640:9216, 10368:10944] (576, 576, 576)
Recording block-done for octoS0SubroiZ15683136Y78409408X1097612544Difficultsoma_pred_affs/4913 with read ROI [6416:7984, 8720:10288, 80:1648] (1568, 1568, 1568) and write ROI [6912:7488, 9216:9792, 576:1152] (576, 576, 576)
Recorded block-done for octoS0SubroiZ15683136Y78409408X1097612544Difficultsoma_pred_affs/4913 with read ROI [6416:7984, 8720:10288, 80:1648] (1568, 1568, 1568) and write ROI [6912:7488, 9216:9792, 576:1152] (576, 576, 576)
Recording block-done for octoS0SubroiZ15683136Y78409408X1097612544Difficultsoma_pred_affs/9557 with read ROI [6416:7984, 8720:10288, 4688:6256] (1568, 1568, 1568) and write ROI [6912:7488, 9216:9792, 5184:5760] (576, 576, 576)
Recorded block-done for octoS0SubroiZ15683136Y78409408X1097612544Difficultsoma_pred_affs/9557 with read ROI [6416:7984, 8720:10288, 4688:6256] (1568, 1568, 1568) and write ROI [6912:7488, 9216:9792, 5184:5760] (576, 576, 576)
Recording block-done for octoS0SubroiZ15683136Y78409408X1097612544Difficultsoma_pred_affs/13662 with read ROI [6416:7984, 8720:10288, 7568:9136] (1568, 1568, 1568) and write ROI [6912:7488, 9216:9792, 8064:8640] (576, 576, 576)
Recorded block-done for octoS0SubroiZ15683136Y78409408X1097612544Difficultsoma_pred_affs/13662 with read ROI [6416:7984, 8720:10288, 7568:9136] (1568, 1568, 1568) and write ROI [6912:7488, 9216:9792, 8064:8640] (576, 576, 576)
Recording block-done for octoS0SubroiZ15683136Y78409408X1097612544Difficultsoma_pred_affs/8883 with read ROI [6416:7984, 9296:10864, 3536:5104] (1568, 1568, 1568) and write ROI [6912:7488, 9792:10368, 4032:4608] (576, 576, 576)
Recorded block-done for octoS0SubroiZ15683136Y78409408X1097612544Difficultsoma_pred_affs/8883 with read ROI [6416:7984, 9296:10864, 3536:5104] (1568, 1568, 1568) and write ROI [6912:7488, 9792:10368, 4032:4608] (576, 576, 576)
Recording block-done for octoS0SubroiZ15683136Y78409408X1097612544Difficultsoma_pred_affs/11107 with read ROI [6416:7984, 9296:10864, 5264:6832] (1568, 1568, 1568) and write ROI [6912:7488, 9792:10368, 5760:6336] (576, 576, 576)
Recorded block-done for octoS0SubroiZ15683136Y78409408X1097612544Difficultsoma_pred_affs/11107 with read ROI [6416:7984, 9296:10864, 5264:6832] (1568, 1568, 1568) and write ROI [6912:7488, 9792:10368, 5760:6336] (576, 576, 576)
Recording block-done for octoS0SubroiZ15683136Y78409408X1097612544Difficultsoma_pred_affs/8217 with read ROI [6416:7984, 9296:10864, 2960:4528] (1568, 1568, 1568) and write ROI [6912:7488, 9792:10368, 3456:4032] (576, 576, 576)
Recorded block-done for octoS0SubroiZ15683136Y78409408X1097612544Difficultsoma_pred_affs/8217 with read ROI [6416:7984, 9296:10864, 2960:4528] (1568, 1568, 1568) and write ROI [6912:7488, 9792:10368, 3456:4032] (576, 576, 576)
Recording block-done for octoS0SubroiZ15683136Y78409408X1097612544Difficultsoma_pred_affs/14637 with read ROI [6416:7984, 9296:10864, 7568:9136] (1568, 1568, 1568) and write ROI [6912:7488, 9792:10368, 8064:8640] (576, 576, 576)
Recorded block-done for octoS0SubroiZ15683136Y78409408X1097612544Difficultsoma_pred_affs/14637 with read ROI [6416:7984, 9296:10864, 7568:9136] (1568, 1568, 1568) and write ROI [6912:7488, 9792:10368, 8064:8640] (576, 576, 576)
Recording block-done for octoS0SubroiZ15683136Y78409408X1097612544Difficultsoma_pred_affs/8247 with read ROI [6416:7984, 9872:11440, 2384:3952] (1568, 1568, 1568) and write ROI [6912:7488, 10368:10944, 2880:3456] (576, 576, 576)
Recorded block-done for octoS0SubroiZ15683136Y78409408X1097612544Difficultsoma_pred_affs/8247 with read ROI [6416:7984, 9872:11440, 2384:3952] (1568, 1568, 1568) and write ROI [6912:7488, 10368:10944, 2880:3456] (576, 576, 576)
Recording block-done for octoS0SubroiZ15683136Y78409408X1097612544Difficultsoma_pred_affs/17773 with read ROI [6416:7984, 9872:11440, 8720:10288] (1568, 1568, 1568) and write ROI [6912:7488, 10368:10944, 9216:9792] (576, 576, 576)
Recorded block-done for octoS0SubroiZ15683136Y78409408X1097612544Difficultsoma_pred_affs/17773 with read ROI [6416:7984, 9872:11440, 8720:10288] (1568, 1568, 1568) and write ROI [6912:7488, 10368:10944, 9216:9792] (576, 576, 576)
Recording block-done for octoS0SubroiZ15683136Y78409408X1097612544Difficultsoma_pred_affs/8278 with read ROI [6416:7984, 10448:12016, 1808:3376] (1568, 1568, 1568) and write ROI [6912:7488, 10944:11520, 2304:2880] (576, 576, 576)
Recorded block-done for octoS0SubroiZ15683136Y78409408X1097612544Difficultsoma_pred_affs/8278 with read ROI [6416:7984, 10448:12016, 1808:3376] (1568, 1568, 1568) and write ROI [6912:7488, 10944:11520, 2304:2880] (576, 576, 576)
Recording block-done for octoS0SubroiZ15683136Y78409408X1097612544Difficultsoma_pred_affs/14667 with read ROI [6416:7984, 9872:11440, 6992:8560] (1568, 1568, 1568) and write ROI [6912:7488, 10368:10944, 7488:8064] (576, 576, 576)
Recorded block-done for octoS0SubroiZ15683136Y78409408X1097612544Difficultsoma_pred_affs/14667 with read ROI [6416:7984, 9872:11440, 6992:8560] (1568, 1568, 1568) and write ROI [6912:7488, 10368:10944, 7488:8064] (576, 576, 576)
Recording block-done for octoS0SubroiZ15683136Y78409408X1097612544Difficultsoma_pred_affs/15657 with read ROI [6416:7984, 9872:11440, 7568:9136] (1568, 1568, 1568) and write ROI [6912:7488, 10368:10944, 8064:8640] (576, 576, 576)
Recorded block-done for octoS0SubroiZ15683136Y78409408X1097612544Difficultsoma_pred_affs/15657 with read ROI [6416:7984, 9872:11440, 7568:9136] (1568, 1568, 1568) and write ROI [6912:7488, 10368:10944, 8064:8640] (576, 576, 576)
Recording block-done for octoS0SubroiZ15683136Y78409408X1097612544Difficultsoma_pred_affs/16723 with read ROI [6416:7984, 10448:12016, 7568:9136] (1568, 1568, 1568) and write ROI [6912:7488, 10944:11520, 8064:8640] (576, 576, 576)
Recorded block-done for octoS0SubroiZ15683136Y78409408X1097612544Difficultsoma_pred_affs/16723 with read ROI [6416:7984, 10448:12016, 7568:9136] (1568, 1568, 1568) and write ROI [6912:7488, 10944:11520, 8064:8640] (576, 576, 576)
Recording block-done for octoS0SubroiZ15683136Y78409408X1097612544Difficultsoma_pred_affs/798 with read ROI [6992:8560, 80:1648, 80:1648] (1568, 1568, 1568) and write ROI [7488:8064, 576:1152, 576:1152] (576, 576, 576)
Recorded block-done for octoS0SubroiZ15683136Y78409408X1097612544Difficultsoma_pred_affs/798 with read ROI [6992:8560, 80:1648, 80:1648] (1568, 1568, 1568) and write ROI [7488:8064, 576:1152, 576:1152] (576, 576, 576)
Recording block-done for octoS0SubroiZ15683136Y78409408X1097612544Difficultsoma_pred_affs/3043 with read ROI [6992:8560, 80:1648, 5840:7408] (1568, 1568, 1568) and write ROI [7488:8064, 576:1152, 6336:6912] (576, 576, 576)
Recorded block-done for octoS0SubroiZ15683136Y78409408X1097612544Difficultsoma_pred_affs/3043 with read ROI [6992:8560, 80:1648, 5840:7408] (1568, 1568, 1568) and write ROI [7488:8064, 576:1152, 6336:6912] (576, 576, 576)
Recording block-done for octoS0SubroiZ15683136Y78409408X1097612544Difficultsoma_pred_affs/1102 with read ROI [6992:8560, 656:2224, 656:2224] (1568, 1568, 1568) and write ROI [7488:8064, 1152:1728, 1152:1728] (576, 576, 576)
Recorded block-done for octoS0SubroiZ15683136Y78409408X1097612544Difficultsoma_pred_affs/1102 with read ROI [6992:8560, 656:2224, 656:2224] (1568, 1568, 1568) and write ROI [7488:8064, 1152:1728, 1152:1728] (576, 576, 576)
Recording block-done for octoS0SubroiZ15683136Y78409408X1097612544Difficultsoma_pred_affs/6663 with read ROI [6992:8560, 80:1648, 10448:12016] (1568, 1568, 1568) and write ROI [7488:8064, 576:1152, 10944:11520] (576, 576, 576)
Recorded block-done for octoS0SubroiZ15683136Y78409408X1097612544Difficultsoma_pred_affs/6663 with read ROI [6992:8560, 80:1648, 10448:12016] (1568, 1568, 1568) and write ROI [7488:8064, 576:1152, 10944:11520] (576, 576, 576)
Recording block-done for octoS0SubroiZ15683136Y78409408X1097612544Difficultsoma_pred_affs/3787 with read ROI [6992:8560, 656:2224, 6416:7984] (1568, 1568, 1568) and write ROI [7488:8064, 1152:1728, 6912:7488] (576, 576, 576)
Recorded block-done for octoS0SubroiZ15683136Y78409408X1097612544Difficultsoma_pred_affs/3787 with read ROI [6992:8560, 656:2224, 6416:7984] (1568, 1568, 1568) and write ROI [7488:8064, 1152:1728, 6912:7488] (576, 576, 576)
Recording block-done for octoS0SubroiZ15683136Y78409408X1097612544Difficultsoma_pred_affs/1689 with read ROI [6992:8560, 1232:2800, 1808:3376] (1568, 1568, 1568) and write ROI [7488:8064, 1728:2304, 2304:2880] (576, 576, 576)
Recorded block-done for octoS0SubroiZ15683136Y78409408X1097612544Difficultsoma_pred_affs/1689 with read ROI [6992:8560, 1232:2800, 1808:3376] (1568, 1568, 1568) and write ROI [7488:8064, 1728:2304, 2304:2880] (576, 576, 576)
Recording block-done for octoS0SubroiZ15683136Y78409408X1097612544Difficultsoma_pred_affs/2173 with read ROI [6992:8560, 1232:2800, 2960:4528] (1568, 1568, 1568) and write ROI [7488:8064, 1728:2304, 3456:4032] (576, 576, 576)
Recorded block-done for octoS0SubroiZ15683136Y78409408X1097612544Difficultsoma_pred_affs/2173 with read ROI [6992:8560, 1232:2800, 2960:4528] (1568, 1568, 1568) and write ROI [7488:8064, 1728:2304, 3456:4032] (576, 576, 576)
Recording block-done for octoS0SubroiZ15683136Y78409408X1097612544Difficultsoma_pred_affs/5093 with read ROI [6992:8560, 656:2224, 8144:9712] (1568, 1568, 1568) and write ROI [7488:8064, 1152:1728, 8640:9216] (576, 576, 576)
Recorded block-done for octoS0SubroiZ15683136Y78409408X1097612544Difficultsoma_pred_affs/5093 with read ROI [6992:8560, 656:2224, 8144:9712] (1568, 1568, 1568) and write ROI [7488:8064, 1152:1728, 8640:9216] (576, 576, 576)
Recording block-done for octoS0SubroiZ15683136Y78409408X1097612544Difficultsoma_pred_affs/5605 with read ROI [6992:8560, 1232:2800, 8144:9712] (1568, 1568, 1568) and write ROI [7488:8064, 1728:2304, 8640:9216] (576, 576, 576)
Recorded block-done for octoS0SubroiZ15683136Y78409408X1097612544Difficultsoma_pred_affs/5605 with read ROI [6992:8560, 1232:2800, 8144:9712] (1568, 1568, 1568) and write ROI [7488:8064, 1728:2304, 8640:9216] (576, 576, 576)
Recording block-done for octoS0SubroiZ15683136Y78409408X1097612544Difficultsoma_pred_affs/4226 with read ROI [6992:8560, 1808:3376, 5840:7408] (1568, 1568, 1568) and write ROI [7488:8064, 2304:2880, 6336:6912] (576, 576, 576)
Recorded block-done for octoS0SubroiZ15683136Y78409408X1097612544Difficultsoma_pred_affs/4226 with read ROI [6992:8560, 1808:3376, 5840:7408] (1568, 1568, 1568) and write ROI [7488:8064, 2304:2880, 6336:6912] (576, 576, 576)
Recording block-done for octoS0SubroiZ15683136Y78409408X1097612544Difficultsoma_pred_affs/6711 with read ROI [6992:8560, 1808:3376, 8720:10288] (1568, 1568, 1568) and write ROI [7488:8064, 2304:2880, 9216:9792] (576, 576, 576)
Recorded block-done for octoS0SubroiZ15683136Y78409408X1097612544Difficultsoma_pred_affs/6711 with read ROI [6992:8560, 1808:3376, 8720:10288] (1568, 1568, 1568) and write ROI [7488:8064, 2304:2880, 9216:9792] (576, 576, 576)
Recording block-done for octoS0SubroiZ15683136Y78409408X1097612544Difficultsoma_pred_affs/2208 with read ROI [6992:8560, 2384:3952, 1808:3376] (1568, 1568, 1568) and write ROI [7488:8064, 2880:3456, 2304:2880] (576, 576, 576)
Recorded block-done for octoS0SubroiZ15683136Y78409408X1097612544Difficultsoma_pred_affs/2208 with read ROI [6992:8560, 2384:3952, 1808:3376] (1568, 1568, 1568) and write ROI [7488:8064, 2880:3456, 2304:2880] (576, 576, 576)
Recording block-done for octoS0SubroiZ15683136Y78409408X1097612544Difficultsoma_pred_affs/3109 with read ROI [6992:8560, 2384:3952, 3536:5104] (1568, 1568, 1568) and write ROI [7488:8064, 2880:3456, 4032:4608] (576, 576, 576)
Recorded block-done for octoS0SubroiZ15683136Y78409408X1097612544Difficultsoma_pred_affs/3109 with read ROI [6992:8560, 2384:3952, 3536:5104] (1568, 1568, 1568) and write ROI [7488:8064, 2880:3456, 4032:4608] (576, 576, 576)
Recording block-done for octoS0SubroiZ15683136Y78409408X1097612544Difficultsoma_pred_affs/7954 with read ROI [6992:8560, 2384:3952, 9296:10864] (1568, 1568, 1568) and write ROI [7488:8064, 2880:3456, 9792:10368] (576, 576, 576)
Recorded block-done for octoS0SubroiZ15683136Y78409408X1097612544Difficultsoma_pred_affs/7954 with read ROI [6992:8560, 2384:3952, 9296:10864] (1568, 1568, 1568) and write ROI [7488:8064, 2880:3456, 9792:10368] (576, 576, 576)
Recording block-done for octoS0SubroiZ15683136Y78409408X1097612544Difficultsoma_pred_affs/6168 with read ROI [6992:8560, 2384:3952, 7568:9136] (1568, 1568, 1568) and write ROI [7488:8064, 2880:3456, 8064:8640] (576, 576, 576)
Recorded block-done for octoS0SubroiZ15683136Y78409408X1097612544Difficultsoma_pred_affs/6168 with read ROI [6992:8560, 2384:3952, 7568:9136] (1568, 1568, 1568) and write ROI [7488:8064, 2880:3456, 8064:8640] (576, 576, 576)
Recording block-done for octoS0SubroiZ15683136Y78409408X1097612544Difficultsoma_pred_affs/4263 with read ROI [6992:8560, 2960:4528, 4688:6256] (1568, 1568, 1568) and write ROI [7488:8064, 3456:4032, 5184:5760] (576, 576, 576)
Recorded block-done for octoS0SubroiZ15683136Y78409408X1097612544Difficultsoma_pred_affs/4263 with read ROI [6992:8560, 2960:4528, 4688:6256] (1568, 1568, 1568) and write ROI [7488:8064, 3456:4032, 5184:5760] (576, 576, 576)
Recording block-done for octoS0SubroiZ15683136Y78409408X1097612544Difficultsoma_pred_affs/10083 with read ROI [6992:8560, 2960:4528, 10448:12016] (1568, 1568, 1568) and write ROI [7488:8064, 3456:4032, 10944:11520] (576, 576, 576)
Recorded block-done for octoS0SubroiZ15683136Y78409408X1097612544Difficultsoma_pred_affs/10083 with read ROI [6992:8560, 2960:4528, 10448:12016] (1568, 1568, 1568) and write ROI [7488:8064, 3456:4032, 10944:11520] (576, 576, 576)
Recording block-done for octoS0SubroiZ15683136Y78409408X1097612544Difficultsoma_pred_affs/2544 with read ROI [6992:8560, 4112:5680, 656:2224] (1568, 1568, 1568) and write ROI [7488:8064, 4608:5184, 1152:1728] (576, 576, 576)
Recorded block-done for octoS0SubroiZ15683136Y78409408X1097612544Difficultsoma_pred_affs/2544 with read ROI [6992:8560, 4112:5680, 656:2224] (1568, 1568, 1568) and write ROI [7488:8064, 4608:5184, 1152:1728] (576, 576, 576)
Recording block-done for octoS0SubroiZ15683136Y78409408X1097612544Difficultsoma_pred_affs/3499 with read ROI [6992:8560, 3536:5104, 2960:4528] (1568, 1568, 1568) and write ROI [7488:8064, 4032:4608, 3456:4032] (576, 576, 576)
Recorded block-done for octoS0SubroiZ15683136Y78409408X1097612544Difficultsoma_pred_affs/3499 with read ROI [6992:8560, 3536:5104, 2960:4528] (1568, 1568, 1568) and write ROI [7488:8064, 4032:4608, 3456:4032] (576, 576, 576)
Recording block-done for octoS0SubroiZ15683136Y78409408X1097612544Difficultsoma_pred_affs/10103 with read ROI [6992:8560, 3536:5104, 9872:11440] (1568, 1568, 1568) and write ROI [7488:8064, 4032:4608, 10368:10944] (576, 576, 576)
Recorded block-done for octoS0SubroiZ15683136Y78409408X1097612544Difficultsoma_pred_affs/10103 with read ROI [6992:8560, 3536:5104, 9872:11440] (1568, 1568, 1568) and write ROI [7488:8064, 4032:4608, 10368:10944] (576, 576, 576)
Recording block-done for octoS0SubroiZ15683136Y78409408X1097612544Difficultsoma_pred_affs/3542 with read ROI [6992:8560, 4688:6256, 1808:3376] (1568, 1568, 1568) and write ROI [7488:8064, 5184:5760, 2304:2880] (576, 576, 576)
Recorded block-done for octoS0SubroiZ15683136Y78409408X1097612544Difficultsoma_pred_affs/3542 with read ROI [6992:8560, 4688:6256, 1808:3376] (1568, 1568, 1568) and write ROI [7488:8064, 5184:5760, 2304:2880] (576, 576, 576)
Recording block-done for octoS0SubroiZ15683136Y78409408X1097612544Difficultsoma_pred_affs/3877 with read ROI [6992:8560, 3536:5104, 3536:5104] (1568, 1568, 1568) and write ROI [7488:8064, 4032:4608, 4032:4608] (576, 576, 576)
Recorded block-done for octoS0SubroiZ15683136Y78409408X1097612544Difficultsoma_pred_affs/3877 with read ROI [6992:8560, 3536:5104, 3536:5104] (1568, 1568, 1568) and write ROI [7488:8064, 4032:4608, 4032:4608] (576, 576, 576)
Recording block-done for octoS0SubroiZ15683136Y78409408X1097612544Difficultsoma_pred_affs/3943 with read ROI [6992:8560, 5264:6832, 1808:3376] (1568, 1568, 1568) and write ROI [7488:8064, 5760:6336, 2304:2880] (576, 576, 576)
Recorded block-done for octoS0SubroiZ15683136Y78409408X1097612544Difficultsoma_pred_affs/3943 with read ROI [6992:8560, 5264:6832, 1808:3376] (1568, 1568, 1568) and write ROI [7488:8064, 5760:6336, 2304:2880] (576, 576, 576)
Recording block-done for octoS0SubroiZ15683136Y78409408X1097612544Difficultsoma_pred_affs/6834 with read ROI [6992:8560, 5264:6832, 5264:6832] (1568, 1568, 1568) and write ROI [7488:8064, 5760:6336, 5760:6336] (576, 576, 576)
Recorded block-done for octoS0SubroiZ15683136Y78409408X1097612544Difficultsoma_pred_affs/6834 with read ROI [6992:8560, 5264:6832, 5264:6832] (1568, 1568, 1568) and write ROI [7488:8064, 5760:6336, 5760:6336] (576, 576, 576)
Recording block-done for octoS0SubroiZ15683136Y78409408X1097612544Difficultsoma_pred_affs/5249 with read ROI [6992:8560, 5264:6832, 3536:5104] (1568, 1568, 1568) and write ROI [7488:8064, 5760:6336, 4032:4608] (576, 576, 576)
Recorded block-done for octoS0SubroiZ15683136Y78409408X1097612544Difficultsoma_pred_affs/5249 with read ROI [6992:8560, 5264:6832, 3536:5104] (1568, 1568, 1568) and write ROI [7488:8064, 5760:6336, 4032:4608] (576, 576, 576)
Recording block-done for octoS0SubroiZ15683136Y78409408X1097612544Difficultsoma_pred_affs/8725 with read ROI [6992:8560, 5264:6832, 6992:8560] (1568, 1568, 1568) and write ROI [7488:8064, 5760:6336, 7488:8064] (576, 576, 576)
Recorded block-done for octoS0SubroiZ15683136Y78409408X1097612544Difficultsoma_pred_affs/8725 with read ROI [6992:8560, 5264:6832, 6992:8560] (1568, 1568, 1568) and write ROI [7488:8064, 5760:6336, 7488:8064] (576, 576, 576)
Recording block-done for octoS0SubroiZ15683136Y78409408X1097612544Difficultsoma_pred_affs/3967 with read ROI [6992:8560, 5840:7408, 1232:2800] (1568, 1568, 1568) and write ROI [7488:8064, 6336:6912, 1728:2304] (576, 576, 576)
Recorded block-done for octoS0SubroiZ15683136Y78409408X1097612544Difficultsoma_pred_affs/3967 with read ROI [6992:8560, 5840:7408, 1232:2800] (1568, 1568, 1568) and write ROI [7488:8064, 6336:6912, 1728:2304] (576, 576, 576)
Recording block-done for octoS0SubroiZ15683136Y78409408X1097612544Difficultsoma_pred_affs/8774 with read ROI [6992:8560, 6416:7984, 5840:7408] (1568, 1568, 1568) and write ROI [7488:8064, 6912:7488, 6336:6912] (576, 576, 576)
Recorded block-done for octoS0SubroiZ15683136Y78409408X1097612544Difficultsoma_pred_affs/8774 with read ROI [6992:8560, 6416:7984, 5840:7408] (1568, 1568, 1568) and write ROI [7488:8064, 6912:7488, 6336:6912] (576, 576, 576)
Recording block-done for octoS0SubroiZ15683136Y78409408X1097612544Difficultsoma_pred_affs/5298 with read ROI [6992:8560, 6416:7984, 2384:3952] (1568, 1568, 1568) and write ROI [7488:8064, 6912:7488, 2880:3456] (576, 576, 576)
Recorded block-done for octoS0SubroiZ15683136Y78409408X1097612544Difficultsoma_pred_affs/5298 with read ROI [6992:8560, 6416:7984, 2384:3952] (1568, 1568, 1568) and write ROI [7488:8064, 6912:7488, 2880:3456] (576, 576, 576)
Recording block-done for octoS0SubroiZ15683136Y78409408X1097612544Difficultsoma_pred_affs/9477 with read ROI [6992:8560, 6416:7984, 6416:7984] (1568, 1568, 1568) and write ROI [7488:8064, 6912:7488, 6912:7488] (576, 576, 576)
Recorded block-done for octoS0SubroiZ15683136Y78409408X1097612544Difficultsoma_pred_affs/9477 with read ROI [6992:8560, 6416:7984, 6416:7984] (1568, 1568, 1568) and write ROI [7488:8064, 6912:7488, 6912:7488] (576, 576, 576)
Recording block-done for octoS0SubroiZ15683136Y78409408X1097612544Difficultsoma_pred_affs/5794 with read ROI [6992:8560, 6416:7984, 2960:4528] (1568, 1568, 1568) and write ROI [7488:8064, 6912:7488, 3456:4032] (576, 576, 576)
Recorded block-done for octoS0SubroiZ15683136Y78409408X1097612544Difficultsoma_pred_affs/5794 with read ROI [6992:8560, 6416:7984, 2960:4528] (1568, 1568, 1568) and write ROI [7488:8064, 6912:7488, 3456:4032] (576, 576, 576)
Recording block-done for octoS0SubroiZ15683136Y78409408X1097612544Difficultsoma_pred_affs/10244 with read ROI [6992:8560, 6992:8560, 6416:7984] (1568, 1568, 1568) and write ROI [7488:8064, 7488:8064, 6912:7488] (576, 576, 576)
Recorded block-done for octoS0SubroiZ15683136Y78409408X1097612544Difficultsoma_pred_affs/10244 with read ROI [6992:8560, 6992:8560, 6416:7984] (1568, 1568, 1568) and write ROI [7488:8064, 7488:8064, 6912:7488] (576, 576, 576)
Recording block-done for octoS0SubroiZ15683136Y78409408X1097612544Difficultsoma_pred_affs/4424 with read ROI [6992:8560, 6992:8560, 656:2224] (1568, 1568, 1568) and write ROI [7488:8064, 7488:8064, 1152:1728] (576, 576, 576)
Recorded block-done for octoS0SubroiZ15683136Y78409408X1097612544Difficultsoma_pred_affs/4424 with read ROI [6992:8560, 6992:8560, 656:2224] (1568, 1568, 1568) and write ROI [7488:8064, 7488:8064, 1152:1728] (576, 576, 576)
Recording block-done for octoS0SubroiZ15683136Y78409408X1097612544Difficultsoma_pred_affs/16579 with read ROI [6992:8560, 6992:8560, 10448:12016] (1568, 1568, 1568) and write ROI [7488:8064, 7488:8064, 10944:11520] (576, 576, 576)
Recorded block-done for octoS0SubroiZ15683136Y78409408X1097612544Difficultsoma_pred_affs/16579 with read ROI [6992:8560, 6992:8560, 10448:12016] (1568, 1568, 1568) and write ROI [7488:8064, 7488:8064, 10944:11520] (576, 576, 576)
Recording block-done for octoS0SubroiZ15683136Y78409408X1097612544Difficultsoma_pred_affs/13608 with read ROI [6992:8560, 6992:8560, 8720:10288] (1568, 1568, 1568) and write ROI [7488:8064, 7488:8064, 9216:9792] (576, 576, 576)
Recorded block-done for octoS0SubroiZ15683136Y78409408X1097612544Difficultsoma_pred_affs/13608 with read ROI [6992:8560, 6992:8560, 8720:10288] (1568, 1568, 1568) and write ROI [7488:8064, 7488:8064, 9216:9792] (576, 576, 576)
Recording block-done for octoS0SubroiZ15683136Y78409408X1097612544Difficultsoma_pred_affs/8827 with read ROI [6992:8560, 7568:9136, 4688:6256] (1568, 1568, 1568) and write ROI [7488:8064, 8064:8640, 5184:5760] (576, 576, 576)
Recorded block-done for octoS0SubroiZ15683136Y78409408X1097612544Difficultsoma_pred_affs/8827 with read ROI [6992:8560, 7568:9136, 4688:6256] (1568, 1568, 1568) and write ROI [7488:8064, 8064:8640, 5184:5760] (576, 576, 576)
Recording block-done for octoS0SubroiZ15683136Y78409408X1097612544Difficultsoma_pred_affs/10271 with read ROI [6992:8560, 7568:9136, 5840:7408] (1568, 1568, 1568) and write ROI [7488:8064, 8064:8640, 6336:6912] (576, 576, 576)
Recorded block-done for octoS0SubroiZ15683136Y78409408X1097612544Difficultsoma_pred_affs/10271 with read ROI [6992:8560, 7568:9136, 5840:7408] (1568, 1568, 1568) and write ROI [7488:8064, 8064:8640, 6336:6912] (576, 576, 576)
Recording block-done for octoS0SubroiZ15683136Y78409408X1097612544Difficultsoma_pred_affs/5379 with read ROI [6992:8560, 8144:9712, 656:2224] (1568, 1568, 1568) and write ROI [7488:8064, 8640:9216, 1152:1728] (576, 576, 576)
Recorded block-done for octoS0SubroiZ15683136Y78409408X1097612544Difficultsoma_pred_affs/5379 with read ROI [6992:8560, 8144:9712, 656:2224] (1568, 1568, 1568) and write ROI [7488:8064, 8640:9216, 1152:1728] (576, 576, 576)
Recording block-done for octoS0SubroiZ15683136Y78409408X1097612544Difficultsoma_pred_affs/5904 with read ROI [6992:8560, 8720:10288, 656:2224] (1568, 1568, 1568) and write ROI [7488:8064, 9216:9792, 1152:1728] (576, 576, 576)
Recorded block-done for octoS0SubroiZ15683136Y78409408X1097612544Difficultsoma_pred_affs/5904 with read ROI [6992:8560, 8720:10288, 656:2224] (1568, 1568, 1568) and write ROI [7488:8064, 9216:9792, 1152:1728] (576, 576, 576)
Recording block-done for octoS0SubroiZ15683136Y78409408X1097612544Difficultsoma_pred_affs/15599 with read ROI [6992:8560, 8144:9712, 8720:10288] (1568, 1568, 1568) and write ROI [7488:8064, 8640:9216, 9216:9792] (576, 576, 576)
Recorded block-done for octoS0SubroiZ15683136Y78409408X1097612544Difficultsoma_pred_affs/15599 with read ROI [6992:8560, 8144:9712, 8720:10288] (1568, 1568, 1568) and write ROI [7488:8064, 8640:9216, 9216:9792] (576, 576, 576)
Recording block-done for octoS0SubroiZ15683136Y78409408X1097612544Difficultsoma_pred_affs/8884 with read ROI [6992:8560, 8720:10288, 3536:5104] (1568, 1568, 1568) and write ROI [7488:8064, 9216:9792, 4032:4608] (576, 576, 576)
Recorded block-done for octoS0SubroiZ15683136Y78409408X1097612544Difficultsoma_pred_affs/8884 with read ROI [6992:8560, 8720:10288, 3536:5104] (1568, 1568, 1568) and write ROI [7488:8064, 9216:9792, 4032:4608] (576, 576, 576)
Recording block-done for octoS0SubroiZ15683136Y78409408X1097612544Difficultsoma_pred_affs/15628 with read ROI [6992:8560, 8720:10288, 8144:9712] (1568, 1568, 1568) and write ROI [7488:8064, 9216:9792, 8640:9216] (576, 576, 576)
Recorded block-done for octoS0SubroiZ15683136Y78409408X1097612544Difficultsoma_pred_affs/15628 with read ROI [6992:8560, 8720:10288, 8144:9712] (1568, 1568, 1568) and write ROI [7488:8064, 9216:9792, 8640:9216] (576, 576, 576)
Recording block-done for octoS0SubroiZ15683136Y78409408X1097612544Difficultsoma_pred_affs/14609 with read ROI [6992:8560, 8144:9712, 8144:9712] (1568, 1568, 1568) and write ROI [7488:8064, 8640:9216, 8640:9216] (576, 576, 576)
Recorded block-done for octoS0SubroiZ15683136Y78409408X1097612544Difficultsoma_pred_affs/14609 with read ROI [6992:8560, 8144:9712, 8144:9712] (1568, 1568, 1568) and write ROI [7488:8064, 8640:9216, 8640:9216] (576, 576, 576)
Recording block-done for octoS0SubroiZ15683136Y78409408X1097612544Difficultsoma_pred_affs/6493 with read ROI [6992:8560, 9872:11440, 80:1648] (1568, 1568, 1568) and write ROI [7488:8064, 10368:10944, 576:1152] (576, 576, 576)
Recorded block-done for octoS0SubroiZ15683136Y78409408X1097612544Difficultsoma_pred_affs/6493 with read ROI [6992:8560, 9872:11440, 80:1648] (1568, 1568, 1568) and write ROI [7488:8064, 10368:10944, 576:1152] (576, 576, 576)
Recording block-done for octoS0SubroiZ15683136Y78409408X1097612544Difficultsoma_pred_affs/14668 with read ROI [6992:8560, 9296:10864, 6992:8560] (1568, 1568, 1568) and write ROI [7488:8064, 9792:10368, 7488:8064] (576, 576, 576)
Recorded block-done for octoS0SubroiZ15683136Y78409408X1097612544Difficultsoma_pred_affs/14668 with read ROI [6992:8560, 9296:10864, 6992:8560] (1568, 1568, 1568) and write ROI [7488:8064, 9792:10368, 7488:8064] (576, 576, 576)
Recording block-done for octoS0SubroiZ15683136Y78409408X1097612544Difficultsoma_pred_affs/11989 with read ROI [6992:8560, 9872:11440, 4688:6256] (1568, 1568, 1568) and write ROI [7488:8064, 10368:10944, 5184:5760] (576, 576, 576)
Recorded block-done for octoS0SubroiZ15683136Y78409408X1097612544Difficultsoma_pred_affs/11989 with read ROI [6992:8560, 9872:11440, 4688:6256] (1568, 1568, 1568) and write ROI [7488:8064, 10368:10944, 5184:5760] (576, 576, 576)
Recording block-done for octoS0SubroiZ15683136Y78409408X1097612544Difficultsoma_pred_affs/22609 with read ROI [6992:8560, 9872:11440, 10448:12016] (1568, 1568, 1568) and write ROI [7488:8064, 10368:10944, 10944:11520] (576, 576, 576)
Recorded block-done for octoS0SubroiZ15683136Y78409408X1097612544Difficultsoma_pred_affs/22609 with read ROI [6992:8560, 9872:11440, 10448:12016] (1568, 1568, 1568) and write ROI [7488:8064, 10368:10944, 10944:11520] (576, 576, 576)
Recording block-done for octoS0SubroiZ15683136Y78409408X1097612544Difficultsoma_pred_affs/17805 with read ROI [6992:8560, 9872:11440, 8144:9712] (1568, 1568, 1568) and write ROI [7488:8064, 10368:10944, 8640:9216] (576, 576, 576)
Recorded block-done for octoS0SubroiZ15683136Y78409408X1097612544Difficultsoma_pred_affs/17805 with read ROI [6992:8560, 9872:11440, 8144:9712] (1568, 1568, 1568) and write ROI [7488:8064, 10368:10944, 8640:9216] (576, 576, 576)
Recording block-done for octoS0SubroiZ15683136Y78409408X1097612544Difficultsoma_pred_affs/12021 with read ROI [6992:8560, 10448:12016, 4112:5680] (1568, 1568, 1568) and write ROI [7488:8064, 10944:11520, 4608:5184] (576, 576, 576)
Recorded block-done for octoS0SubroiZ15683136Y78409408X1097612544Difficultsoma_pred_affs/12021 with read ROI [6992:8560, 10448:12016, 4112:5680] (1568, 1568, 1568) and write ROI [7488:8064, 10944:11520, 4608:5184] (576, 576, 576)
Recording block-done for octoS0SubroiZ15683136Y78409408X1097612544Difficultsoma_pred_affs/14731 with read ROI [6992:8560, 10448:12016, 5840:7408] (1568, 1568, 1568) and write ROI [7488:8064, 10944:11520, 6336:6912] (576, 576, 576)
Recorded block-done for octoS0SubroiZ15683136Y78409408X1097612544Difficultsoma_pred_affs/14731 with read ROI [6992:8560, 10448:12016, 5840:7408] (1568, 1568, 1568) and write ROI [7488:8064, 10944:11520, 6336:6912] (576, 576, 576)
Recording block-done for octoS0SubroiZ15683136Y78409408X1097612544Difficultsoma_pred_affs/17837 with read ROI [6992:8560, 10448:12016, 7568:9136] (1568, 1568, 1568) and write ROI [7488:8064, 10944:11520, 8064:8640] (576, 576, 576)
Recorded block-done for octoS0SubroiZ15683136Y78409408X1097612544Difficultsoma_pred_affs/17837 with read ROI [6992:8560, 10448:12016, 7568:9136] (1568, 1568, 1568) and write ROI [7488:8064, 10944:11520, 8064:8640] (576, 576, 576)
Recording block-done for octoS0SubroiZ15683136Y78409408X1097612544Difficultsoma_pred_affs/6118 with read ROI [7568:9136, 80:1648, 9296:10864] (1568, 1568, 1568) and write ROI [8064:8640, 576:1152, 9792:10368] (576, 576, 576)
Recorded block-done for octoS0SubroiZ15683136Y78409408X1097612544Difficultsoma_pred_affs/6118 with read ROI [7568:9136, 80:1648, 9296:10864] (1568, 1568, 1568) and write ROI [8064:8640, 576:1152, 9792:10368] (576, 576, 576)
Recording block-done for octoS0SubroiZ15683136Y78409408X1097612544Difficultsoma_pred_affs/2158 with read ROI [7568:9136, 80:1648, 3536:5104] (1568, 1568, 1568) and write ROI [8064:8640, 576:1152, 4032:4608] (576, 576, 576)
Recorded block-done for octoS0SubroiZ15683136Y78409408X1097612544Difficultsoma_pred_affs/2158 with read ROI [7568:9136, 80:1648, 3536:5104] (1568, 1568, 1568) and write ROI [8064:8640, 576:1152, 4032:4608] (576, 576, 576)
Recording block-done for octoS0SubroiZ15683136Y78409408X1097612544Difficultsoma_pred_affs/2174 with read ROI [7568:9136, 656:2224, 2960:4528] (1568, 1568, 1568) and write ROI [8064:8640, 1152:1728, 3456:4032] (576, 576, 576)
Recorded block-done for octoS0SubroiZ15683136Y78409408X1097612544Difficultsoma_pred_affs/2174 with read ROI [7568:9136, 656:2224, 2960:4528] (1568, 1568, 1568) and write ROI [8064:8640, 1152:1728, 3456:4032] (576, 576, 576)
Recording block-done for octoS0SubroiZ15683136Y78409408X1097612544Difficultsoma_pred_affs/4629 with read ROI [7568:9136, 80:1648, 7568:9136] (1568, 1568, 1568) and write ROI [8064:8640, 576:1152, 8064:8640] (576, 576, 576)
Recorded block-done for octoS0SubroiZ15683136Y78409408X1097612544Difficultsoma_pred_affs/4629 with read ROI [7568:9136, 80:1648, 7568:9136] (1568, 1568, 1568) and write ROI [8064:8640, 576:1152, 8064:8640] (576, 576, 576)
Recording block-done for octoS0SubroiZ15683136Y78409408X1097612544Difficultsoma_pred_affs/2450 with read ROI [7568:9136, 656:2224, 3536:5104] (1568, 1568, 1568) and write ROI [8064:8640, 1152:1728, 4032:4608] (576, 576, 576)
Recorded block-done for octoS0SubroiZ15683136Y78409408X1097612544Difficultsoma_pred_affs/2450 with read ROI [7568:9136, 656:2224, 3536:5104] (1568, 1568, 1568) and write ROI [8064:8640, 1152:1728, 4032:4608] (576, 576, 576)
Recording block-done for octoS0SubroiZ15683136Y78409408X1097612544Difficultsoma_pred_affs/2191 with read ROI [7568:9136, 1232:2800, 2384:3952] (1568, 1568, 1568) and write ROI [8064:8640, 1728:2304, 2880:3456] (576, 576, 576)
Recorded block-done for octoS0SubroiZ15683136Y78409408X1097612544Difficultsoma_pred_affs/2191 with read ROI [7568:9136, 1232:2800, 2384:3952] (1568, 1568, 1568) and write ROI [8064:8640, 1728:2304, 2880:3456] (576, 576, 576)
Recording block-done for octoS0SubroiZ15683136Y78409408X1097612544Difficultsoma_pred_affs/4662 with read ROI [7568:9136, 1232:2800, 6416:7984] (1568, 1568, 1568) and write ROI [8064:8640, 1728:2304, 6912:7488] (576, 576, 576)
Recorded block-done for octoS0SubroiZ15683136Y78409408X1097612544Difficultsoma_pred_affs/4662 with read ROI [7568:9136, 1232:2800, 6416:7984] (1568, 1568, 1568) and write ROI [8064:8640, 1728:2304, 6912:7488] (576, 576, 576)
Recording block-done for octoS0SubroiZ15683136Y78409408X1097612544Difficultsoma_pred_affs/3443 with read ROI [7568:9136, 1232:2800, 4688:6256] (1568, 1568, 1568) and write ROI [8064:8640, 1728:2304, 5184:5760] (576, 576, 576)
Recorded block-done for octoS0SubroiZ15683136Y78409408X1097612544Difficultsoma_pred_affs/3443 with read ROI [7568:9136, 1232:2800, 4688:6256] (1568, 1568, 1568) and write ROI [8064:8640, 1728:2304, 5184:5760] (576, 576, 576)
Recording block-done for octoS0SubroiZ15683136Y78409408X1097612544Difficultsoma_pred_affs/2767 with read ROI [7568:9136, 1232:2800, 3536:5104] (1568, 1568, 1568) and write ROI [8064:8640, 1728:2304, 4032:4608] (576, 576, 576)
Recorded block-done for octoS0SubroiZ15683136Y78409408X1097612544Difficultsoma_pred_affs/2767 with read ROI [7568:9136, 1232:2800, 3536:5104] (1568, 1568, 1568) and write ROI [8064:8640, 1728:2304, 4032:4608] (576, 576, 576)
Recording block-done for octoS0SubroiZ15683136Y78409408X1097612544Difficultsoma_pred_affs/6151 with read ROI [7568:9136, 1232:2800, 8144:9712] (1568, 1568, 1568) and write ROI [8064:8640, 1728:2304, 8640:9216] (576, 576, 576)
Recorded block-done for octoS0SubroiZ15683136Y78409408X1097612544Difficultsoma_pred_affs/6151 with read ROI [7568:9136, 1232:2800, 8144:9712] (1568, 1568, 1568) and write ROI [8064:8640, 1728:2304, 8640:9216] (576, 576, 576)
Recording block-done for octoS0SubroiZ15683136Y78409408X1097612544Difficultsoma_pred_affs/3839 with read ROI [7568:9136, 1808:3376, 4688:6256] (1568, 1568, 1568) and write ROI [8064:8640, 2304:2880, 5184:5760] (576, 576, 576)
Recorded block-done for octoS0SubroiZ15683136Y78409408X1097612544Difficultsoma_pred_affs/3839 with read ROI [7568:9136, 1808:3376, 4688:6256] (1568, 1568, 1568) and write ROI [8064:8640, 2304:2880, 5184:5760] (576, 576, 576)
Recording block-done for octoS0SubroiZ15683136Y78409408X1097612544Difficultsoma_pred_affs/9324 with read ROI [7568:9136, 1808:3376, 10448:12016] (1568, 1568, 1568) and write ROI [8064:8640, 2304:2880, 10944:11520] (576, 576, 576)
Recorded block-done for octoS0SubroiZ15683136Y78409408X1097612544Difficultsoma_pred_affs/9324 with read ROI [7568:9136, 1808:3376, 10448:12016] (1568, 1568, 1568) and write ROI [8064:8640, 2304:2880, 10944:11520] (576, 576, 576)
Recording block-done for octoS0SubroiZ15683136Y78409408X1097612544Difficultsoma_pred_affs/6730 with read ROI [7568:9136, 1808:3376, 8144:9712] (1568, 1568, 1568) and write ROI [8064:8640, 2304:2880, 8640:9216] (576, 576, 576)
Recorded block-done for octoS0SubroiZ15683136Y78409408X1097612544Difficultsoma_pred_affs/6730 with read ROI [7568:9136, 1808:3376, 8144:9712] (1568, 1568, 1568) and write ROI [8064:8640, 2304:2880, 8640:9216] (576, 576, 576)
Recording block-done for octoS0SubroiZ15683136Y78409408X1097612544Difficultsoma_pred_affs/3149 with read ROI [7568:9136, 2960:4528, 2384:3952] (1568, 1568, 1568) and write ROI [8064:8640, 3456:4032, 2880:3456] (576, 576, 576)
Recorded block-done for octoS0SubroiZ15683136Y78409408X1097612544Difficultsoma_pred_affs/3149 with read ROI [7568:9136, 2960:4528, 2384:3952] (1568, 1568, 1568) and write ROI [8064:8640, 3456:4032, 2880:3456] (576, 576, 576)
Recording block-done for octoS0SubroiZ15683136Y78409408X1097612544Difficultsoma_pred_affs/2248 with read ROI [7568:9136, 2960:4528, 656:2224] (1568, 1568, 1568) and write ROI [8064:8640, 3456:4032, 1152:1728] (576, 576, 576)
Recorded block-done for octoS0SubroiZ15683136Y78409408X1097612544Difficultsoma_pred_affs/2248 with read ROI [7568:9136, 2960:4528, 656:2224] (1568, 1568, 1568) and write ROI [8064:8640, 3456:4032, 1152:1728] (576, 576, 576)
Recording block-done for octoS0SubroiZ15683136Y78409408X1097612544Difficultsoma_pred_affs/3521 with read ROI [7568:9136, 3536:5104, 2384:3952] (1568, 1568, 1568) and write ROI [8064:8640, 4032:4608, 2880:3456] (576, 576, 576)
Recorded block-done for octoS0SubroiZ15683136Y78409408X1097612544Difficultsoma_pred_affs/3521 with read ROI [7568:9136, 3536:5104, 2384:3952] (1568, 1568, 1568) and write ROI [8064:8640, 4032:4608, 2880:3456] (576, 576, 576)
Recording block-done for octoS0SubroiZ15683136Y78409408X1097612544Difficultsoma_pred_affs/6790 with read ROI [7568:9136, 3536:5104, 6416:7984] (1568, 1568, 1568) and write ROI [8064:8640, 4032:4608, 6912:7488] (576, 576, 576)
Recorded block-done for octoS0SubroiZ15683136Y78409408X1097612544Difficultsoma_pred_affs/6790 with read ROI [7568:9136, 3536:5104, 6416:7984] (1568, 1568, 1568) and write ROI [8064:8640, 4032:4608, 6912:7488] (576, 576, 576)
Recording block-done for octoS0SubroiZ15683136Y78409408X1097612544Difficultsoma_pred_affs/4740 with read ROI [7568:9136, 3536:5104, 4112:5680] (1568, 1568, 1568) and write ROI [8064:8640, 4032:4608, 4608:5184] (576, 576, 576)
Recorded block-done for octoS0SubroiZ15683136Y78409408X1097612544Difficultsoma_pred_affs/4740 with read ROI [7568:9136, 3536:5104, 4112:5680] (1568, 1568, 1568) and write ROI [8064:8640, 4032:4608, 4608:5184] (576, 576, 576)
Recording block-done for octoS0SubroiZ15683136Y78409408X1097612544Difficultsoma_pred_affs/12608 with read ROI [7568:9136, 4112:5680, 10448:12016] (1568, 1568, 1568) and write ROI [8064:8640, 4608:5184, 10944:11520] (576, 576, 576)
Recorded block-done for octoS0SubroiZ15683136Y78409408X1097612544Difficultsoma_pred_affs/12608 with read ROI [7568:9136, 4112:5680, 10448:12016] (1568, 1568, 1568) and write ROI [8064:8640, 4608:5184, 10944:11520] (576, 576, 576)
Recording block-done for octoS0SubroiZ15683136Y78409408X1097612544Difficultsoma_pred_affs/4305 with read ROI [7568:9136, 3536:5104, 3536:5104] (1568, 1568, 1568) and write ROI [8064:8640, 4032:4608, 4032:4608] (576, 576, 576)
Recorded block-done for octoS0SubroiZ15683136Y78409408X1097612544Difficultsoma_pred_affs/4305 with read ROI [7568:9136, 3536:5104, 3536:5104] (1568, 1568, 1568) and write ROI [8064:8640, 4032:4608, 4032:4608] (576, 576, 576)
Recording block-done for octoS0SubroiZ15683136Y78409408X1097612544Difficultsoma_pred_affs/2890 with read ROI [7568:9136, 4688:6256, 80:1648] (1568, 1568, 1568) and write ROI [8064:8640, 5184:5760, 576:1152] (576, 576, 576)
Recorded block-done for octoS0SubroiZ15683136Y78409408X1097612544Difficultsoma_pred_affs/2890 with read ROI [7568:9136, 4688:6256, 80:1648] (1568, 1568, 1568) and write ROI [8064:8640, 5184:5760, 576:1152] (576, 576, 576)
Recording block-done for octoS0SubroiZ15683136Y78409408X1097612544Difficultsoma_pred_affs/9406 with read ROI [7568:9136, 4112:5680, 8144:9712] (1568, 1568, 1568) and write ROI [8064:8640, 4608:5184, 8640:9216] (576, 576, 576)
Recorded block-done for octoS0SubroiZ15683136Y78409408X1097612544Difficultsoma_pred_affs/9406 with read ROI [7568:9136, 4112:5680, 8144:9712] (1568, 1568, 1568) and write ROI [8064:8640, 4608:5184, 8640:9216] (576, 576, 576)
Recording block-done for octoS0SubroiZ15683136Y78409408X1097612544Difficultsoma_pred_affs/6274 with read ROI [7568:9136, 4688:6256, 4688:6256] (1568, 1568, 1568) and write ROI [8064:8640, 5184:5760, 5184:5760] (576, 576, 576)
Recorded block-done for octoS0SubroiZ15683136Y78409408X1097612544Difficultsoma_pred_affs/6274 with read ROI [7568:9136, 4688:6256, 4688:6256] (1568, 1568, 1568) and write ROI [8064:8640, 5184:5760, 5184:5760] (576, 576, 576)
Recording block-done for octoS0SubroiZ15683136Y78409408X1097612544Difficultsoma_pred_affs/13534 with read ROI [7568:9136, 4688:6256, 10448:12016] (1568, 1568, 1568) and write ROI [8064:8640, 5184:5760, 10944:11520] (576, 576, 576)
Recorded block-done for octoS0SubroiZ15683136Y78409408X1097612544Difficultsoma_pred_affs/13534 with read ROI [7568:9136, 4688:6256, 10448:12016] (1568, 1568, 1568) and write ROI [8064:8640, 5184:5760, 10944:11520] (576, 576, 576)
Recording block-done for octoS0SubroiZ15683136Y78409408X1097612544Difficultsoma_pred_affs/3968 with read ROI [7568:9136, 5264:6832, 1232:2800] (1568, 1568, 1568) and write ROI [8064:8640, 5760:6336, 1728:2304] (576, 576, 576)
Recorded block-done for octoS0SubroiZ15683136Y78409408X1097612544Difficultsoma_pred_affs/3968 with read ROI [7568:9136, 5264:6832, 1232:2800] (1568, 1568, 1568) and write ROI [8064:8640, 5760:6336, 1728:2304] (576, 576, 576)
Recording block-done for octoS0SubroiZ15683136Y78409408X1097612544Difficultsoma_pred_affs/3239 with read ROI [7568:9136, 5264:6832, 80:1648] (1568, 1568, 1568) and write ROI [8064:8640, 5760:6336, 576:1152] (576, 576, 576)
Recorded block-done for octoS0SubroiZ15683136Y78409408X1097612544Difficultsoma_pred_affs/3239 with read ROI [7568:9136, 5264:6832, 80:1648] (1568, 1568, 1568) and write ROI [8064:8640, 5760:6336, 576:1152] (576, 576, 576)
Recording block-done for octoS0SubroiZ15683136Y78409408X1097612544Difficultsoma_pred_affs/4809 with read ROI [7568:9136, 5264:6832, 2384:3952] (1568, 1568, 1568) and write ROI [8064:8640, 5760:6336, 2880:3456] (576, 576, 576)
Recorded block-done for octoS0SubroiZ15683136Y78409408X1097612544Difficultsoma_pred_affs/4809 with read ROI [7568:9136, 5264:6832, 2384:3952] (1568, 1568, 1568) and write ROI [8064:8640, 5760:6336, 2880:3456] (576, 576, 576)
Recording block-done for octoS0SubroiZ15683136Y78409408X1097612544Difficultsoma_pred_affs/6884 with read ROI [7568:9136, 5840:7408, 4112:5680] (1568, 1568, 1568) and write ROI [8064:8640, 6336:6912, 4608:5184] (576, 576, 576)
Recorded block-done for octoS0SubroiZ15683136Y78409408X1097612544Difficultsoma_pred_affs/6884 with read ROI [7568:9136, 5840:7408, 4112:5680] (1568, 1568, 1568) and write ROI [8064:8640, 6336:6912, 4608:5184] (576, 576, 576)
Recording block-done for octoS0SubroiZ15683136Y78409408X1097612544Difficultsoma_pred_affs/7479 with read ROI [7568:9136, 5840:7408, 4688:6256] (1568, 1568, 1568) and write ROI [8064:8640, 6336:6912, 5184:5760] (576, 576, 576)
Recorded block-done for octoS0SubroiZ15683136Y78409408X1097612544Difficultsoma_pred_affs/7479 with read ROI [7568:9136, 5840:7408, 4688:6256] (1568, 1568, 1568) and write ROI [8064:8640, 6336:6912, 5184:5760] (576, 576, 576)
Recording block-done for octoS0SubroiZ15683136Y78409408X1097612544Difficultsoma_pred_affs/10194 with read ROI [7568:9136, 5264:6832, 7568:9136] (1568, 1568, 1568) and write ROI [8064:8640, 5760:6336, 8064:8640] (576, 576, 576)
Recorded block-done for octoS0SubroiZ15683136Y78409408X1097612544Difficultsoma_pred_affs/10194 with read ROI [7568:9136, 5264:6832, 7568:9136] (1568, 1568, 1568) and write ROI [8064:8640, 5760:6336, 8064:8640] (576, 576, 576)
Recording block-done for octoS0SubroiZ15683136Y78409408X1097612544Difficultsoma_pred_affs/4425 with read ROI [7568:9136, 6416:7984, 656:2224] (1568, 1568, 1568) and write ROI [8064:8640, 6912:7488, 1152:1728] (576, 576, 576)
Recorded block-done for octoS0SubroiZ15683136Y78409408X1097612544Difficultsoma_pred_affs/4425 with read ROI [7568:9136, 6416:7984, 656:2224] (1568, 1568, 1568) and write ROI [8064:8640, 6912:7488, 1152:1728] (576, 576, 576)
Recording block-done for octoS0SubroiZ15683136Y78409408X1097612544Difficultsoma_pred_affs/6323 with read ROI [7568:9136, 5840:7408, 3536:5104] (1568, 1568, 1568) and write ROI [8064:8640, 6336:6912, 4032:4608] (576, 576, 576)
Recorded block-done for octoS0SubroiZ15683136Y78409408X1097612544Difficultsoma_pred_affs/6323 with read ROI [7568:9136, 5840:7408, 3536:5104] (1568, 1568, 1568) and write ROI [8064:8640, 6336:6912, 4032:4608] (576, 576, 576)
Recording block-done for octoS0SubroiZ15683136Y78409408X1097612544Difficultsoma_pred_affs/14555 with read ROI [7568:9136, 6416:7984, 9296:10864] (1568, 1568, 1568) and write ROI [8064:8640, 6912:7488, 9792:10368] (576, 576, 576)
Recorded block-done for octoS0SubroiZ15683136Y78409408X1097612544Difficultsoma_pred_affs/14555 with read ROI [7568:9136, 6416:7984, 9296:10864] (1568, 1568, 1568) and write ROI [8064:8640, 6912:7488, 9792:10368] (576, 576, 576)
Recording block-done for octoS0SubroiZ15683136Y78409408X1097612544Difficultsoma_pred_affs/11845 with read ROI [7568:9136, 6416:7984, 7568:9136] (1568, 1568, 1568) and write ROI [8064:8640, 6912:7488, 8064:8640] (576, 576, 576)
Recorded block-done for octoS0SubroiZ15683136Y78409408X1097612544Difficultsoma_pred_affs/11845 with read ROI [7568:9136, 6416:7984, 7568:9136] (1568, 1568, 1568) and write ROI [8064:8640, 6912:7488, 8064:8640] (576, 576, 576)
Recording block-done for octoS0SubroiZ15683136Y78409408X1097612544Difficultsoma_pred_affs/10272 with read ROI [7568:9136, 6992:8560, 5840:7408] (1568, 1568, 1568) and write ROI [8064:8640, 7488:8064, 6336:6912] (576, 576, 576)
Recorded block-done for octoS0SubroiZ15683136Y78409408X1097612544Difficultsoma_pred_affs/10272 with read ROI [7568:9136, 6992:8560, 5840:7408] (1568, 1568, 1568) and write ROI [8064:8640, 7488:8064, 6336:6912] (576, 576, 576)
Recording block-done for octoS0SubroiZ15683136Y78409408X1097612544Difficultsoma_pred_affs/14582 with read ROI [7568:9136, 6992:8560, 8720:10288] (1568, 1568, 1568) and write ROI [8064:8640, 7488:8064, 9216:9792] (576, 576, 576)
Recorded block-done for octoS0SubroiZ15683136Y78409408X1097612544Difficultsoma_pred_affs/14582 with read ROI [7568:9136, 6992:8560, 8720:10288] (1568, 1568, 1568) and write ROI [8064:8640, 7488:8064, 9216:9792] (576, 576, 576)
Recording block-done for octoS0SubroiZ15683136Y78409408X1097612544Difficultsoma_pred_affs/6937 with read ROI [7568:9136, 6992:8560, 2960:4528] (1568, 1568, 1568) and write ROI [8064:8640, 7488:8064, 3456:4032] (576, 576, 576)
Recorded block-done for octoS0SubroiZ15683136Y78409408X1097612544Difficultsoma_pred_affs/6937 with read ROI [7568:9136, 6992:8560, 2960:4528] (1568, 1568, 1568) and write ROI [8064:8640, 7488:8064, 3456:4032] (576, 576, 576)
Recording block-done for octoS0SubroiZ15683136Y78409408X1097612544Difficultsoma_pred_affs/5876 with read ROI [7568:9136, 7568:9136, 1232:2800] (1568, 1568, 1568) and write ROI [8064:8640, 8064:8640, 1728:2304] (576, 576, 576)
Recorded block-done for octoS0SubroiZ15683136Y78409408X1097612544Difficultsoma_pred_affs/5876 with read ROI [7568:9136, 7568:9136, 1232:2800] (1568, 1568, 1568) and write ROI [8064:8640, 8064:8640, 1728:2304] (576, 576, 576)
Recording block-done for octoS0SubroiZ15683136Y78409408X1097612544Difficultsoma_pred_affs/5905 with read ROI [7568:9136, 8144:9712, 656:2224] (1568, 1568, 1568) and write ROI [8064:8640, 8640:9216, 1152:1728] (576, 576, 576)
Recorded block-done for octoS0SubroiZ15683136Y78409408X1097612544Difficultsoma_pred_affs/5905 with read ROI [7568:9136, 8144:9712, 656:2224] (1568, 1568, 1568) and write ROI [8064:8640, 8640:9216, 1152:1728] (576, 576, 576)
Recording block-done for octoS0SubroiZ15683136Y78409408X1097612544Difficultsoma_pred_affs/5409 with read ROI [7568:9136, 8144:9712, 80:1648] (1568, 1568, 1568) and write ROI [8064:8640, 8640:9216, 576:1152] (576, 576, 576)
Recorded block-done for octoS0SubroiZ15683136Y78409408X1097612544Difficultsoma_pred_affs/5409 with read ROI [7568:9136, 8144:9712, 80:1648] (1568, 1568, 1568) and write ROI [8064:8640, 8640:9216, 576:1152] (576, 576, 576)
Recording block-done for octoS0SubroiZ15683136Y78409408X1097612544Difficultsoma_pred_affs/14610 with read ROI [7568:9136, 7568:9136, 8144:9712] (1568, 1568, 1568) and write ROI [8064:8640, 8064:8640, 8640:9216] (576, 576, 576)
Recorded block-done for octoS0SubroiZ15683136Y78409408X1097612544Difficultsoma_pred_affs/14610 with read ROI [7568:9136, 7568:9136, 8144:9712] (1568, 1568, 1568) and write ROI [8064:8640, 8064:8640, 8640:9216] (576, 576, 576)
Recording block-done for octoS0SubroiZ15683136Y78409408X1097612544Difficultsoma_pred_affs/8249 with read ROI [7568:9136, 8720:10288, 2384:3952] (1568, 1568, 1568) and write ROI [8064:8640, 9216:9792, 2880:3456] (576, 576, 576)
Recorded block-done for octoS0SubroiZ15683136Y78409408X1097612544Difficultsoma_pred_affs/8249 with read ROI [7568:9136, 8720:10288, 2384:3952] (1568, 1568, 1568) and write ROI [8064:8640, 9216:9792, 2880:3456] (576, 576, 576)
Recording block-done for octoS0SubroiZ15683136Y78409408X1097612544Difficultsoma_pred_affs/8219 with read ROI [7568:9136, 8144:9712, 2960:4528] (1568, 1568, 1568) and write ROI [8064:8640, 8640:9216, 3456:4032] (576, 576, 576)
Recorded block-done for octoS0SubroiZ15683136Y78409408X1097612544Difficultsoma_pred_affs/8219 with read ROI [7568:9136, 8144:9712, 2960:4528] (1568, 1568, 1568) and write ROI [8064:8640, 8640:9216, 3456:4032] (576, 576, 576)
Recording block-done for octoS0SubroiZ15683136Y78409408X1097612544Difficultsoma_pred_affs/10359 with read ROI [7568:9136, 8720:10288, 4112:5680] (1568, 1568, 1568) and write ROI [8064:8640, 9216:9792, 4608:5184] (576, 576, 576)
Recorded block-done for octoS0SubroiZ15683136Y78409408X1097612544Difficultsoma_pred_affs/10359 with read ROI [7568:9136, 8720:10288, 4112:5680] (1568, 1568, 1568) and write ROI [8064:8640, 9216:9792, 4608:5184] (576, 576, 576)
Recording block-done for octoS0SubroiZ15683136Y78409408X1097612544Difficultsoma_pred_affs/18903 with read ROI [7568:9136, 8720:10288, 9296:10864] (1568, 1568, 1568) and write ROI [8064:8640, 9216:9792, 9792:10368] (576, 576, 576)
Recorded block-done for octoS0SubroiZ15683136Y78409408X1097612544Difficultsoma_pred_affs/18903 with read ROI [7568:9136, 8720:10288, 9296:10864] (1568, 1568, 1568) and write ROI [8064:8640, 9216:9792, 9792:10368] (576, 576, 576)
Recording block-done for octoS0SubroiZ15683136Y78409408X1097612544Difficultsoma_pred_affs/15659 with read ROI [7568:9136, 8720:10288, 7568:9136] (1568, 1568, 1568) and write ROI [8064:8640, 9216:9792, 8064:8640] (576, 576, 576)
Recorded block-done for octoS0SubroiZ15683136Y78409408X1097612544Difficultsoma_pred_affs/15659 with read ROI [7568:9136, 8720:10288, 7568:9136] (1568, 1568, 1568) and write ROI [8064:8640, 9216:9792, 8064:8640] (576, 576, 576)
Recording block-done for octoS0SubroiZ15683136Y78409408X1097612544Difficultsoma_pred_affs/18934 with read ROI [7568:9136, 9296:10864, 8720:10288] (1568, 1568, 1568) and write ROI [8064:8640, 9792:10368, 9216:9792] (576, 576, 576)
Recorded block-done for octoS0SubroiZ15683136Y78409408X1097612544Difficultsoma_pred_affs/18934 with read ROI [7568:9136, 9296:10864, 8720:10288] (1568, 1568, 1568) and write ROI [8064:8640, 9792:10368, 9216:9792] (576, 576, 576)
Recording block-done for octoS0SubroiZ15683136Y78409408X1097612544Difficultsoma_pred_affs/8978 with read ROI [7568:9136, 9872:11440, 1808:3376] (1568, 1568, 1568) and write ROI [8064:8640, 10368:10944, 2304:2880] (576, 576, 576)
Recorded block-done for octoS0SubroiZ15683136Y78409408X1097612544Difficultsoma_pred_affs/8978 with read ROI [7568:9136, 9872:11440, 1808:3376] (1568, 1568, 1568) and write ROI [8064:8640, 10368:10944, 2304:2880] (576, 576, 576)
Recording block-done for octoS0SubroiZ15683136Y78409408X1097612544Difficultsoma_pred_affs/8312 with read ROI [7568:9136, 9872:11440, 1232:2800] (1568, 1568, 1568) and write ROI [8064:8640, 10368:10944, 1728:2304] (576, 576, 576)
Recorded block-done for octoS0SubroiZ15683136Y78409408X1097612544Difficultsoma_pred_affs/8312 with read ROI [7568:9136, 9872:11440, 1232:2800] (1568, 1568, 1568) and write ROI [8064:8640, 10368:10944, 1728:2304] (576, 576, 576)
Recording block-done for octoS0SubroiZ15683136Y78409408X1097612544Difficultsoma_pred_affs/15690 with read ROI [7568:9136, 9296:10864, 6992:8560] (1568, 1568, 1568) and write ROI [8064:8640, 9792:10368, 7488:8064] (576, 576, 576)
Recorded block-done for octoS0SubroiZ15683136Y78409408X1097612544Difficultsoma_pred_affs/15690 with read ROI [7568:9136, 9296:10864, 6992:8560] (1568, 1568, 1568) and write ROI [8064:8640, 9792:10368, 7488:8064] (576, 576, 576)
Recording block-done for octoS0SubroiZ15683136Y78409408X1097612544Difficultsoma_pred_affs/12022 with read ROI [7568:9136, 9872:11440, 4112:5680] (1568, 1568, 1568) and write ROI [8064:8640, 10368:10944, 4608:5184] (576, 576, 576)
Recorded block-done for octoS0SubroiZ15683136Y78409408X1097612544Difficultsoma_pred_affs/12022 with read ROI [7568:9136, 9872:11440, 4112:5680] (1568, 1568, 1568) and write ROI [8064:8640, 10368:10944, 4608:5184] (576, 576, 576)
Recording block-done for octoS0SubroiZ15683136Y78409408X1097612544Difficultsoma_pred_affs/23968 with read ROI [7568:9136, 9872:11440, 10448:12016] (1568, 1568, 1568) and write ROI [8064:8640, 10368:10944, 10944:11520] (576, 576, 576)
Recorded block-done for octoS0SubroiZ15683136Y78409408X1097612544Difficultsoma_pred_affs/23968 with read ROI [7568:9136, 9872:11440, 10448:12016] (1568, 1568, 1568) and write ROI [8064:8640, 10368:10944, 10944:11520] (576, 576, 576)
Recording block-done for octoS0SubroiZ15683136Y78409408X1097612544Difficultsoma_pred_affs/7715 with read ROI [7568:9136, 10448:12016, 80:1648] (1568, 1568, 1568) and write ROI [8064:8640, 10944:11520, 576:1152] (576, 576, 576)
Recorded block-done for octoS0SubroiZ15683136Y78409408X1097612544Difficultsoma_pred_affs/7715 with read ROI [7568:9136, 10448:12016, 80:1648] (1568, 1568, 1568) and write ROI [8064:8640, 10944:11520, 576:1152] (576, 576, 576)
Recording block-done for octoS0SubroiZ15683136Y78409408X1097612544Difficultsoma_pred_affs/16790 with read ROI [7568:9136, 10448:12016, 6416:7984] (1568, 1568, 1568) and write ROI [8064:8640, 10944:11520, 6912:7488] (576, 576, 576)
Recorded block-done for octoS0SubroiZ15683136Y78409408X1097612544Difficultsoma_pred_affs/16790 with read ROI [7568:9136, 10448:12016, 6416:7984] (1568, 1568, 1568) and write ROI [8064:8640, 10944:11520, 6912:7488] (576, 576, 576)
Recording block-done for octoS0SubroiZ15683136Y78409408X1097612544Difficultsoma_pred_affs/1481 with read ROI [8144:9712, 80:1648, 1232:2800] (1568, 1568, 1568) and write ROI [8640:9216, 576:1152, 1728:2304] (576, 576, 576)
Recorded block-done for octoS0SubroiZ15683136Y78409408X1097612544Difficultsoma_pred_affs/1481 with read ROI [8144:9712, 80:1648, 1232:2800] (1568, 1568, 1568) and write ROI [8640:9216, 576:1152, 1728:2304] (576, 576, 576)
Recording block-done for octoS0SubroiZ15683136Y78409408X1097612544Difficultsoma_pred_affs/1922 with read ROI [8144:9712, 80:1648, 2384:3952] (1568, 1568, 1568) and write ROI [8640:9216, 576:1152, 2880:3456] (576, 576, 576)
Recorded block-done for octoS0SubroiZ15683136Y78409408X1097612544Difficultsoma_pred_affs/1922 with read ROI [8144:9712, 80:1648, 2384:3952] (1568, 1568, 1568) and write ROI [8640:9216, 576:1152, 2880:3456] (576, 576, 576)
Recording block-done for octoS0SubroiZ15683136Y78409408X1097612544Difficultsoma_pred_affs/7921 with read ROI [8144:9712, 80:1648, 10448:12016] (1568, 1568, 1568) and write ROI [8640:9216, 576:1152, 10944:11520] (576, 576, 576)
Recorded block-done for octoS0SubroiZ15683136Y78409408X1097612544Difficultsoma_pred_affs/7921 with read ROI [8144:9712, 80:1648, 10448:12016] (1568, 1568, 1568) and write ROI [8640:9216, 576:1152, 10944:11520] (576, 576, 576)
Recording block-done for octoS0SubroiZ15683136Y78409408X1097612544Difficultsoma_pred_affs/5607 with read ROI [8144:9712, 80:1648, 8144:9712] (1568, 1568, 1568) and write ROI [8640:9216, 576:1152, 8640:9216] (576, 576, 576)
Recorded block-done for octoS0SubroiZ15683136Y78409408X1097612544Difficultsoma_pred_affs/5607 with read ROI [8144:9712, 80:1648, 8144:9712] (1568, 1568, 1568) and write ROI [8640:9216, 576:1152, 8640:9216] (576, 576, 576)
Recording block-done for octoS0SubroiZ15683136Y78409408X1097612544Difficultsoma_pred_affs/5624 with read ROI [8144:9712, 656:2224, 7568:9136] (1568, 1568, 1568) and write ROI [8640:9216, 1152:1728, 8064:8640] (576, 576, 576)
Recorded block-done for octoS0SubroiZ15683136Y78409408X1097612544Difficultsoma_pred_affs/5624 with read ROI [8144:9712, 656:2224, 7568:9136] (1568, 1568, 1568) and write ROI [8640:9216, 1152:1728, 8064:8640] (576, 576, 576)
Recording block-done for octoS0SubroiZ15683136Y78409408X1097612544Difficultsoma_pred_affs/1957 with read ROI [8144:9712, 1232:2800, 1232:2800] (1568, 1568, 1568) and write ROI [8640:9216, 1728:2304, 1728:2304] (576, 576, 576)
Recorded block-done for octoS0SubroiZ15683136Y78409408X1097612544Difficultsoma_pred_affs/1957 with read ROI [8144:9712, 1232:2800, 1232:2800] (1568, 1568, 1568) and write ROI [8640:9216, 1728:2304, 1728:2304] (576, 576, 576)
Recording block-done for octoS0SubroiZ15683136Y78409408X1097612544Difficultsoma_pred_affs/2486 with read ROI [8144:9712, 1232:2800, 2384:3952] (1568, 1568, 1568) and write ROI [8640:9216, 1728:2304, 2880:3456] (576, 576, 576)
Recorded block-done for octoS0SubroiZ15683136Y78409408X1097612544Difficultsoma_pred_affs/2486 with read ROI [8144:9712, 1232:2800, 2384:3952] (1568, 1568, 1568) and write ROI [8640:9216, 1728:2304, 2880:3456] (576, 576, 576)
Recording block-done for octoS0SubroiZ15683136Y78409408X1097612544Difficultsoma_pred_affs/5146 with read ROI [8144:9712, 1232:2800, 6416:7984] (1568, 1568, 1568) and write ROI [8640:9216, 1728:2304, 6912:7488] (576, 576, 576)
Recorded block-done for octoS0SubroiZ15683136Y78409408X1097612544Difficultsoma_pred_affs/5146 with read ROI [8144:9712, 1232:2800, 6416:7984] (1568, 1568, 1568) and write ROI [8640:9216, 1728:2304, 6912:7488] (576, 576, 576)
Recording block-done for octoS0SubroiZ15683136Y78409408X1097612544Difficultsoma_pred_affs/6170 with read ROI [8144:9712, 1232:2800, 7568:9136] (1568, 1568, 1568) and write ROI [8640:9216, 1728:2304, 8064:8640] (576, 576, 576)
Recorded block-done for octoS0SubroiZ15683136Y78409408X1097612544Difficultsoma_pred_affs/6170 with read ROI [8144:9712, 1232:2800, 7568:9136] (1568, 1568, 1568) and write ROI [8640:9216, 1728:2304, 8064:8640] (576, 576, 576)
Recording block-done for octoS0SubroiZ15683136Y78409408X1097612544Difficultsoma_pred_affs/2805 with read ROI [8144:9712, 1808:3376, 2384:3952] (1568, 1568, 1568) and write ROI [8640:9216, 2304:2880, 2880:3456] (576, 576, 576)
Recorded block-done for octoS0SubroiZ15683136Y78409408X1097612544Difficultsoma_pred_affs/2805 with read ROI [8144:9712, 1808:3376, 2384:3952] (1568, 1568, 1568) and write ROI [8640:9216, 2304:2880, 2880:3456] (576, 576, 576)
Recording block-done for octoS0SubroiZ15683136Y78409408X1097612544Difficultsoma_pred_affs/4700 with read ROI [8144:9712, 1808:3376, 5264:6832] (1568, 1568, 1568) and write ROI [8640:9216, 2304:2880, 5760:6336] (576, 576, 576)
Recorded block-done for octoS0SubroiZ15683136Y78409408X1097612544Difficultsoma_pred_affs/4700 with read ROI [8144:9712, 1808:3376, 5264:6832] (1568, 1568, 1568) and write ROI [8640:9216, 2304:2880, 5760:6336] (576, 576, 576)
Recording block-done for octoS0SubroiZ15683136Y78409408X1097612544Difficultsoma_pred_affs/5185 with read ROI [8144:9712, 2384:3952, 5264:6832] (1568, 1568, 1568) and write ROI [8640:9216, 2880:3456, 5760:6336] (576, 576, 576)
Recorded block-done for octoS0SubroiZ15683136Y78409408X1097612544Difficultsoma_pred_affs/5185 with read ROI [8144:9712, 2384:3952, 5264:6832] (1568, 1568, 1568) and write ROI [8640:9216, 2880:3456, 5760:6336] (576, 576, 576)
Recording block-done for octoS0SubroiZ15683136Y78409408X1097612544Difficultsoma_pred_affs/4285 with read ROI [8144:9712, 2384:3952, 4112:5680] (1568, 1568, 1568) and write ROI [8640:9216, 2880:3456, 4608:5184] (576, 576, 576)
Recorded block-done for octoS0SubroiZ15683136Y78409408X1097612544Difficultsoma_pred_affs/4285 with read ROI [8144:9712, 2384:3952, 4112:5680] (1568, 1568, 1568) and write ROI [8640:9216, 2880:3456, 4608:5184] (576, 576, 576)
Recording block-done for octoS0SubroiZ15683136Y78409408X1097612544Difficultsoma_pred_affs/7345 with read ROI [8144:9712, 1808:3376, 8144:9712] (1568, 1568, 1568) and write ROI [8640:9216, 2304:2880, 8640:9216] (576, 576, 576)
Recorded block-done for octoS0SubroiZ15683136Y78409408X1097612544Difficultsoma_pred_affs/7345 with read ROI [8144:9712, 1808:3376, 8144:9712] (1568, 1568, 1568) and write ROI [8640:9216, 2304:2880, 8640:9216] (576, 576, 576)
Recording block-done for octoS0SubroiZ15683136Y78409408X1097612544Difficultsoma_pred_affs/8661 with read ROI [8144:9712, 2384:3952, 8720:10288] (1568, 1568, 1568) and write ROI [8640:9216, 2880:3456, 9216:9792] (576, 576, 576)
Recorded block-done for octoS0SubroiZ15683136Y78409408X1097612544Difficultsoma_pred_affs/8661 with read ROI [8144:9712, 2384:3952, 8720:10288] (1568, 1568, 1568) and write ROI [8640:9216, 2880:3456, 9216:9792] (576, 576, 576)
Recording block-done for octoS0SubroiZ15683136Y78409408X1097612544Difficultsoma_pred_affs/2846 with read ROI [8144:9712, 2960:4528, 1232:2800] (1568, 1568, 1568) and write ROI [8640:9216, 3456:4032, 1728:2304] (576, 576, 576)
Recorded block-done for octoS0SubroiZ15683136Y78409408X1097612544Difficultsoma_pred_affs/2846 with read ROI [8144:9712, 2960:4528, 1232:2800] (1568, 1568, 1568) and write ROI [8640:9216, 3456:4032, 1728:2304] (576, 576, 576)
Recording block-done for octoS0SubroiZ15683136Y78409408X1097612544Difficultsoma_pred_affs/2546 with read ROI [8144:9712, 2960:4528, 656:2224] (1568, 1568, 1568) and write ROI [8640:9216, 3456:4032, 1152:1728] (576, 576, 576)
Recorded block-done for octoS0SubroiZ15683136Y78409408X1097612544Difficultsoma_pred_affs/2546 with read ROI [8144:9712, 2960:4528, 656:2224] (1568, 1568, 1568) and write ROI [8640:9216, 3456:4032, 1152:1728] (576, 576, 576)
Recording block-done for octoS0SubroiZ15683136Y78409408X1097612544Difficultsoma_pred_affs/2568 with read ROI [8144:9712, 3536:5104, 80:1648] (1568, 1568, 1568) and write ROI [8640:9216, 4032:4608, 576:1152] (576, 576, 576)
Recorded block-done for octoS0SubroiZ15683136Y78409408X1097612544Difficultsoma_pred_affs/2568 with read ROI [8144:9712, 3536:5104, 80:1648] (1568, 1568, 1568) and write ROI [8640:9216, 4032:4608, 576:1152] (576, 576, 576)
Recording block-done for octoS0SubroiZ15683136Y78409408X1097612544Difficultsoma_pred_affs/10906 with read ROI [8144:9712, 2960:4528, 9872:11440] (1568, 1568, 1568) and write ROI [8640:9216, 3456:4032, 10368:10944] (576, 576, 576)
Recorded block-done for octoS0SubroiZ15683136Y78409408X1097612544Difficultsoma_pred_affs/10906 with read ROI [8144:9712, 2960:4528, 9872:11440] (1568, 1568, 1568) and write ROI [8640:9216, 3456:4032, 10368:10944] (576, 576, 576)
Recording block-done for octoS0SubroiZ15683136Y78409408X1097612544Difficultsoma_pred_affs/5228 with read ROI [8144:9712, 3536:5104, 4112:5680] (1568, 1568, 1568) and write ROI [8640:9216, 4032:4608, 4608:5184] (576, 576, 576)
Recorded block-done for octoS0SubroiZ15683136Y78409408X1097612544Difficultsoma_pred_affs/5228 with read ROI [8144:9712, 3536:5104, 4112:5680] (1568, 1568, 1568) and write ROI [8640:9216, 4032:4608, 4608:5184] (576, 576, 576)
Recording block-done for octoS0SubroiZ15683136Y78409408X1097612544Difficultsoma_pred_affs/6813 with read ROI [8144:9712, 3536:5104, 5840:7408] (1568, 1568, 1568) and write ROI [8640:9216, 4032:4608, 6336:6912] (576, 576, 576)
Recorded block-done for octoS0SubroiZ15683136Y78409408X1097612544Difficultsoma_pred_affs/6813 with read ROI [8144:9712, 3536:5104, 5840:7408] (1568, 1568, 1568) and write ROI [8640:9216, 4032:4608, 6336:6912] (576, 576, 576)
Recording block-done for octoS0SubroiZ15683136Y78409408X1097612544Difficultsoma_pred_affs/8061 with read ROI [8144:9712, 4112:5680, 6416:7984] (1568, 1568, 1568) and write ROI [8640:9216, 4608:5184, 6912:7488] (576, 576, 576)
Recorded block-done for octoS0SubroiZ15683136Y78409408X1097612544Difficultsoma_pred_affs/8061 with read ROI [8144:9712, 4112:5680, 6416:7984] (1568, 1568, 1568) and write ROI [8640:9216, 4608:5184, 6912:7488] (576, 576, 576)
Recording block-done for octoS0SubroiZ15683136Y78409408X1097612544Difficultsoma_pred_affs/4375 with read ROI [8144:9712, 4688:6256, 1808:3376] (1568, 1568, 1568) and write ROI [8640:9216, 5184:5760, 2304:2880] (576, 576, 576)
Recorded block-done for octoS0SubroiZ15683136Y78409408X1097612544Difficultsoma_pred_affs/4375 with read ROI [8144:9712, 4688:6256, 1808:3376] (1568, 1568, 1568) and write ROI [8640:9216, 5184:5760, 2304:2880] (576, 576, 576)
Recording block-done for octoS0SubroiZ15683136Y78409408X1097612544Difficultsoma_pred_affs/3591 with read ROI [8144:9712, 4688:6256, 656:2224] (1568, 1568, 1568) and write ROI [8640:9216, 5184:5760, 1152:1728] (576, 576, 576)
Recorded block-done for octoS0SubroiZ15683136Y78409408X1097612544Difficultsoma_pred_affs/3591 with read ROI [8144:9712, 4688:6256, 656:2224] (1568, 1568, 1568) and write ROI [8640:9216, 5184:5760, 1152:1728] (576, 576, 576)
Recording block-done for octoS0SubroiZ15683136Y78409408X1097612544Difficultsoma_pred_affs/8727 with read ROI [8144:9712, 4112:5680, 6992:8560] (1568, 1568, 1568) and write ROI [8640:9216, 4608:5184, 7488:8064] (576, 576, 576)
Recorded block-done for octoS0SubroiZ15683136Y78409408X1097612544Difficultsoma_pred_affs/8727 with read ROI [8144:9712, 4112:5680, 6992:8560] (1568, 1568, 1568) and write ROI [8640:9216, 4608:5184, 7488:8064] (576, 576, 576)
Recording block-done for octoS0SubroiZ15683136Y78409408X1097612544Difficultsoma_pred_affs/8038 with read ROI [8144:9712, 3536:5104, 6992:8560] (1568, 1568, 1568) and write ROI [8640:9216, 4032:4608, 7488:8064] (576, 576, 576)
Recorded block-done for octoS0SubroiZ15683136Y78409408X1097612544Difficultsoma_pred_affs/8038 with read ROI [8144:9712, 3536:5104, 6992:8560] (1568, 1568, 1568) and write ROI [8640:9216, 4032:4608, 7488:8064] (576, 576, 576)
Recording block-done for octoS0SubroiZ15683136Y78409408X1097612544Difficultsoma_pred_affs/3616 with read ROI [8144:9712, 5264:6832, 80:1648] (1568, 1568, 1568) and write ROI [8640:9216, 5760:6336, 576:1152] (576, 576, 576)
Recorded block-done for octoS0SubroiZ15683136Y78409408X1097612544Difficultsoma_pred_affs/3616 with read ROI [8144:9712, 5264:6832, 80:1648] (1568, 1568, 1568) and write ROI [8640:9216, 5760:6336, 576:1152] (576, 576, 576)
Recording block-done for octoS0SubroiZ15683136Y78409408X1097612544Difficultsoma_pred_affs/7480 with read ROI [8144:9712, 5264:6832, 4688:6256] (1568, 1568, 1568) and write ROI [8640:9216, 5760:6336, 5184:5760] (576, 576, 576)
Recorded block-done for octoS0SubroiZ15683136Y78409408X1097612544Difficultsoma_pred_affs/7480 with read ROI [8144:9712, 5264:6832, 4688:6256] (1568, 1568, 1568) and write ROI [8640:9216, 5760:6336, 5184:5760] (576, 576, 576)
Recording block-done for octoS0SubroiZ15683136Y78409408X1097612544Difficultsoma_pred_affs/6324 with read ROI [8144:9712, 5264:6832, 3536:5104] (1568, 1568, 1568) and write ROI [8640:9216, 5760:6336, 4032:4608] (576, 576, 576)
Recorded block-done for octoS0SubroiZ15683136Y78409408X1097612544Difficultsoma_pred_affs/6324 with read ROI [8144:9712, 5264:6832, 3536:5104] (1568, 1568, 1568) and write ROI [8640:9216, 5760:6336, 4032:4608] (576, 576, 576)
Recording block-done for octoS0SubroiZ15683136Y78409408X1097612544Difficultsoma_pred_affs/5822 with read ROI [8144:9712, 5840:7408, 2384:3952] (1568, 1568, 1568) and write ROI [8640:9216, 6336:6912, 2880:3456] (576, 576, 576)
Recorded block-done for octoS0SubroiZ15683136Y78409408X1097612544Difficultsoma_pred_affs/5822 with read ROI [8144:9712, 5840:7408, 2384:3952] (1568, 1568, 1568) and write ROI [8640:9216, 6336:6912, 2880:3456] (576, 576, 576)
Recording block-done for octoS0SubroiZ15683136Y78409408X1097612544Difficultsoma_pred_affs/8136 with read ROI [8144:9712, 5840:7408, 4688:6256] (1568, 1568, 1568) and write ROI [8640:9216, 6336:6912, 5184:5760] (576, 576, 576)
Recorded block-done for octoS0SubroiZ15683136Y78409408X1097612544Difficultsoma_pred_affs/8136 with read ROI [8144:9712, 5840:7408, 4688:6256] (1568, 1568, 1568) and write ROI [8640:9216, 6336:6912, 5184:5760] (576, 576, 576)
Recording block-done for octoS0SubroiZ15683136Y78409408X1097612544Difficultsoma_pred_affs/6350 with read ROI [8144:9712, 5840:7408, 2960:4528] (1568, 1568, 1568) and write ROI [8640:9216, 6336:6912, 3456:4032] (576, 576, 576)
Recorded block-done for octoS0SubroiZ15683136Y78409408X1097612544Difficultsoma_pred_affs/6350 with read ROI [8144:9712, 5840:7408, 2960:4528] (1568, 1568, 1568) and write ROI [8640:9216, 6336:6912, 3456:4032] (576, 576, 576)
Recording block-done for octoS0SubroiZ15683136Y78409408X1097612544Difficultsoma_pred_affs/16581 with read ROI [8144:9712, 5840:7408, 10448:12016] (1568, 1568, 1568) and write ROI [8640:9216, 6336:6912, 10944:11520] (576, 576, 576)
Recorded block-done for octoS0SubroiZ15683136Y78409408X1097612544Difficultsoma_pred_affs/16581 with read ROI [8144:9712, 5840:7408, 10448:12016] (1568, 1568, 1568) and write ROI [8640:9216, 6336:6912, 10944:11520] (576, 576, 576)
Recording block-done for octoS0SubroiZ15683136Y78409408X1097612544Difficultsoma_pred_affs/13610 with read ROI [8144:9712, 5840:7408, 8720:10288] (1568, 1568, 1568) and write ROI [8640:9216, 6336:6912, 9216:9792] (576, 576, 576)
Recorded block-done for octoS0SubroiZ15683136Y78409408X1097612544Difficultsoma_pred_affs/13610 with read ROI [8144:9712, 5840:7408, 8720:10288] (1568, 1568, 1568) and write ROI [8640:9216, 6336:6912, 9216:9792] (576, 576, 576)
Recording block-done for octoS0SubroiZ15683136Y78409408X1097612544Difficultsoma_pred_affs/10273 with read ROI [8144:9712, 6416:7984, 5840:7408] (1568, 1568, 1568) and write ROI [8640:9216, 6912:7488, 6336:6912] (576, 576, 576)
Recorded block-done for octoS0SubroiZ15683136Y78409408X1097612544Difficultsoma_pred_affs/10273 with read ROI [8144:9712, 6416:7984, 5840:7408] (1568, 1568, 1568) and write ROI [8640:9216, 6912:7488, 6336:6912] (576, 576, 576)
Recording block-done for octoS0SubroiZ15683136Y78409408X1097612544Difficultsoma_pred_affs/17689 with read ROI [8144:9712, 6416:7984, 10448:12016] (1568, 1568, 1568) and write ROI [8640:9216, 6912:7488, 10944:11520] (576, 576, 576)
Recorded block-done for octoS0SubroiZ15683136Y78409408X1097612544Difficultsoma_pred_affs/17689 with read ROI [8144:9712, 6416:7984, 10448:12016] (1568, 1568, 1568) and write ROI [8640:9216, 6912:7488, 10944:11520] (576, 576, 576)
Recording block-done for octoS0SubroiZ15683136Y78409408X1097612544Difficultsoma_pred_affs/5877 with read ROI [8144:9712, 6992:8560, 1232:2800] (1568, 1568, 1568) and write ROI [8640:9216, 7488:8064, 1728:2304] (576, 576, 576)
Recorded block-done for octoS0SubroiZ15683136Y78409408X1097612544Difficultsoma_pred_affs/5877 with read ROI [8144:9712, 6992:8560, 1232:2800] (1568, 1568, 1568) and write ROI [8640:9216, 7488:8064, 1728:2304] (576, 576, 576)
Recording block-done for octoS0SubroiZ15683136Y78409408X1097612544Difficultsoma_pred_affs/15601 with read ROI [8144:9712, 6992:8560, 8720:10288] (1568, 1568, 1568) and write ROI [8640:9216, 7488:8064, 9216:9792] (576, 576, 576)
Recorded block-done for octoS0SubroiZ15683136Y78409408X1097612544Difficultsoma_pred_affs/15601 with read ROI [8144:9712, 6992:8560, 8720:10288] (1568, 1568, 1568) and write ROI [8640:9216, 7488:8064, 9216:9792] (576, 576, 576)
Recording block-done for octoS0SubroiZ15683136Y78409408X1097612544Difficultsoma_pred_affs/7590 with read ROI [8144:9712, 7568:9136, 2384:3952] (1568, 1568, 1568) and write ROI [8640:9216, 8064:8640, 2880:3456] (576, 576, 576)
Recorded block-done for octoS0SubroiZ15683136Y78409408X1097612544Difficultsoma_pred_affs/7590 with read ROI [8144:9712, 7568:9136, 2384:3952] (1568, 1568, 1568) and write ROI [8640:9216, 8064:8640, 2880:3456] (576, 576, 576)
Recording block-done for octoS0SubroiZ15683136Y78409408X1097612544Difficultsoma_pred_affs/10330 with read ROI [8144:9712, 7568:9136, 4688:6256] (1568, 1568, 1568) and write ROI [8640:9216, 8064:8640, 5184:5760] (576, 576, 576)
Recorded block-done for octoS0SubroiZ15683136Y78409408X1097612544Difficultsoma_pred_affs/10330 with read ROI [8144:9712, 7568:9136, 4688:6256] (1568, 1568, 1568) and write ROI [8640:9216, 8064:8640, 5184:5760] (576, 576, 576)
Recording block-done for octoS0SubroiZ15683136Y78409408X1097612544Difficultsoma_pred_affs/7620 with read ROI [8144:9712, 8144:9712, 1808:3376] (1568, 1568, 1568) and write ROI [8640:9216, 8640:9216, 2304:2880] (576, 576, 576)
Recorded block-done for octoS0SubroiZ15683136Y78409408X1097612544Difficultsoma_pred_affs/7620 with read ROI [8144:9712, 8144:9712, 1808:3376] (1568, 1568, 1568) and write ROI [8640:9216, 8640:9216, 2304:2880] (576, 576, 576)
Recording block-done for octoS0SubroiZ15683136Y78409408X1097612544Difficultsoma_pred_affs/17746 with read ROI [8144:9712, 7568:9136, 9296:10864] (1568, 1568, 1568) and write ROI [8640:9216, 8064:8640, 9792:10368] (576, 576, 576)
Recorded block-done for octoS0SubroiZ15683136Y78409408X1097612544Difficultsoma_pred_affs/17746 with read ROI [8144:9712, 7568:9136, 9296:10864] (1568, 1568, 1568) and write ROI [8640:9216, 8064:8640, 9792:10368] (576, 576, 576)
Recording block-done for octoS0SubroiZ15683136Y78409408X1097612544Difficultsoma_pred_affs/8886 with read ROI [8144:9712, 7568:9136, 3536:5104] (1568, 1568, 1568) and write ROI [8640:9216, 8064:8640, 4032:4608] (576, 576, 576)
Recorded block-done for octoS0SubroiZ15683136Y78409408X1097612544Difficultsoma_pred_affs/8886 with read ROI [8144:9712, 7568:9136, 3536:5104] (1568, 1568, 1568) and write ROI [8640:9216, 8064:8640, 4032:4608] (576, 576, 576)
Recording block-done for octoS0SubroiZ15683136Y78409408X1097612544Difficultsoma_pred_affs/7056 with read ROI [8144:9712, 8720:10288, 656:2224] (1568, 1568, 1568) and write ROI [8640:9216, 9216:9792, 1152:1728] (576, 576, 576)
Recorded block-done for octoS0SubroiZ15683136Y78409408X1097612544Difficultsoma_pred_affs/7056 with read ROI [8144:9712, 8720:10288, 656:2224] (1568, 1568, 1568) and write ROI [8640:9216, 9216:9792, 1152:1728] (576, 576, 576)
Recording block-done for octoS0SubroiZ15683136Y78409408X1097612544Difficultsoma_pred_affs/8947 with read ROI [8144:9712, 8720:10288, 2384:3952] (1568, 1568, 1568) and write ROI [8640:9216, 9216:9792, 2880:3456] (576, 576, 576)
Recorded block-done for octoS0SubroiZ15683136Y78409408X1097612544Difficultsoma_pred_affs/8947 with read ROI [8144:9712, 8720:10288, 2384:3952] (1568, 1568, 1568) and write ROI [8640:9216, 9216:9792, 2880:3456] (576, 576, 576)
Recording block-done for octoS0SubroiZ15683136Y78409408X1097612544Difficultsoma_pred_affs/21305 with read ROI [8144:9712, 8144:9712, 10448:12016] (1568, 1568, 1568) and write ROI [8640:9216, 8640:9216, 10944:11520] (576, 576, 576)
Recorded block-done for octoS0SubroiZ15683136Y78409408X1097612544Difficultsoma_pred_affs/21305 with read ROI [8144:9712, 8144:9712, 10448:12016] (1568, 1568, 1568) and write ROI [8640:9216, 8640:9216, 10944:11520] (576, 576, 576)
Recording block-done for octoS0SubroiZ15683136Y78409408X1097612544Difficultsoma_pred_affs/13755 with read ROI [8144:9712, 8720:10288, 5840:7408] (1568, 1568, 1568) and write ROI [8640:9216, 9216:9792, 6336:6912] (576, 576, 576)
Recorded block-done for octoS0SubroiZ15683136Y78409408X1097612544Difficultsoma_pred_affs/13755 with read ROI [8144:9712, 8720:10288, 5840:7408] (1568, 1568, 1568) and write ROI [8640:9216, 9216:9792, 6336:6912] (576, 576, 576)
Recording block-done for octoS0SubroiZ15683136Y78409408X1097612544Difficultsoma_pred_affs/18935 with read ROI [8144:9712, 8720:10288, 8720:10288] (1568, 1568, 1568) and write ROI [8640:9216, 9216:9792, 9216:9792] (576, 576, 576)
Recorded block-done for octoS0SubroiZ15683136Y78409408X1097612544Difficultsoma_pred_affs/18935 with read ROI [8144:9712, 8720:10288, 8720:10288] (1568, 1568, 1568) and write ROI [8640:9216, 9216:9792, 9216:9792] (576, 576, 576)
Recording block-done for octoS0SubroiZ15683136Y78409408X1097612544Difficultsoma_pred_affs/22611 with read ROI [8144:9712, 8720:10288, 10448:12016] (1568, 1568, 1568) and write ROI [8640:9216, 9216:9792, 10944:11520] (576, 576, 576)
Recorded block-done for octoS0SubroiZ15683136Y78409408X1097612544Difficultsoma_pred_affs/22611 with read ROI [8144:9712, 8720:10288, 10448:12016] (1568, 1568, 1568) and write ROI [8640:9216, 9216:9792, 10944:11520] (576, 576, 576)
Recording block-done for octoS0SubroiZ15683136Y78409408X1097612544Difficultsoma_pred_affs/16695 with read ROI [8144:9712, 8144:9712, 8144:9712] (1568, 1568, 1568) and write ROI [8640:9216, 8640:9216, 8640:9216] (576, 576, 576)
Recorded block-done for octoS0SubroiZ15683136Y78409408X1097612544Difficultsoma_pred_affs/16695 with read ROI [8144:9712, 8144:9712, 8144:9712] (1568, 1568, 1568) and write ROI [8640:9216, 8640:9216, 8640:9216] (576, 576, 576)
Recording block-done for octoS0SubroiZ15683136Y78409408X1097612544Difficultsoma_pred_affs/12884 with read ROI [8144:9712, 9296:10864, 4688:6256] (1568, 1568, 1568) and write ROI [8640:9216, 9792:10368, 5184:5760] (576, 576, 576)
Recorded block-done for octoS0SubroiZ15683136Y78409408X1097612544Difficultsoma_pred_affs/12884 with read ROI [8144:9712, 9296:10864, 4688:6256] (1568, 1568, 1568) and write ROI [8640:9216, 9792:10368, 5184:5760] (576, 576, 576)
Recording block-done for octoS0SubroiZ15683136Y78409408X1097612544Difficultsoma_pred_affs/14733 with read ROI [8144:9712, 9296:10864, 5840:7408] (1568, 1568, 1568) and write ROI [8640:9216, 9792:10368, 6336:6912] (576, 576, 576)
Recorded block-done for octoS0SubroiZ15683136Y78409408X1097612544Difficultsoma_pred_affs/14733 with read ROI [8144:9712, 9296:10864, 5840:7408] (1568, 1568, 1568) and write ROI [8640:9216, 9792:10368, 6336:6912] (576, 576, 576)
Recording block-done for octoS0SubroiZ15683136Y78409408X1097612544Difficultsoma_pred_affs/23969 with read ROI [8144:9712, 9296:10864, 10448:12016] (1568, 1568, 1568) and write ROI [8640:9216, 9792:10368, 10944:11520] (576, 576, 576)
Recorded block-done for octoS0SubroiZ15683136Y78409408X1097612544Difficultsoma_pred_affs/23969 with read ROI [8144:9712, 9296:10864, 10448:12016] (1568, 1568, 1568) and write ROI [8640:9216, 9792:10368, 10944:11520] (576, 576, 576)
Recording block-done for octoS0SubroiZ15683136Y78409408X1097612544Difficultsoma_pred_affs/9012 with read ROI [8144:9712, 9872:11440, 1232:2800] (1568, 1568, 1568) and write ROI [8640:9216, 10368:10944, 1728:2304] (576, 576, 576)
Recorded block-done for octoS0SubroiZ15683136Y78409408X1097612544Difficultsoma_pred_affs/9012 with read ROI [8144:9712, 9872:11440, 1232:2800] (1568, 1568, 1568) and write ROI [8640:9216, 10368:10944, 1728:2304] (576, 576, 576)
Recording block-done for octoS0SubroiZ15683136Y78409408X1097612544Difficultsoma_pred_affs/8346 with read ROI [8144:9712, 9872:11440, 656:2224] (1568, 1568, 1568) and write ROI [8640:9216, 10368:10944, 1152:1728] (576, 576, 576)
Recorded block-done for octoS0SubroiZ15683136Y78409408X1097612544Difficultsoma_pred_affs/8346 with read ROI [8144:9712, 9872:11440, 656:2224] (1568, 1568, 1568) and write ROI [8640:9216, 10368:10944, 1152:1728] (576, 576, 576)
Recording block-done for octoS0SubroiZ15683136Y78409408X1097612544Difficultsoma_pred_affs/14766 with read ROI [8144:9712, 9872:11440, 5264:6832] (1568, 1568, 1568) and write ROI [8640:9216, 10368:10944, 5760:6336] (576, 576, 576)
Recorded block-done for octoS0SubroiZ15683136Y78409408X1097612544Difficultsoma_pred_affs/14766 with read ROI [8144:9712, 9872:11440, 5264:6832] (1568, 1568, 1568) and write ROI [8640:9216, 10368:10944, 5760:6336] (576, 576, 576)
Recording block-done for octoS0SubroiZ15683136Y78409408X1097612544Difficultsoma_pred_affs/24002 with read ROI [8144:9712, 9872:11440, 9872:11440] (1568, 1568, 1568) and write ROI [8640:9216, 10368:10944, 10368:10944] (576, 576, 576)
Recorded block-done for octoS0SubroiZ15683136Y78409408X1097612544Difficultsoma_pred_affs/24002 with read ROI [8144:9712, 9872:11440, 9872:11440] (1568, 1568, 1568) and write ROI [8640:9216, 10368:10944, 10368:10944] (576, 576, 576)
Recording block-done for octoS0SubroiZ15683136Y78409408X1097612544Difficultsoma_pred_affs/13854 with read ROI [8144:9712, 10448:12016, 4112:5680] (1568, 1568, 1568) and write ROI [8640:9216, 10944:11520, 4608:5184] (576, 576, 576)
Recorded block-done for octoS0SubroiZ15683136Y78409408X1097612544Difficultsoma_pred_affs/13854 with read ROI [8144:9712, 10448:12016, 4112:5680] (1568, 1568, 1568) and write ROI [8640:9216, 10944:11520, 4608:5184] (576, 576, 576)
Recording block-done for octoS0SubroiZ15683136Y78409408X1097612544Difficultsoma_pred_affs/26845 with read ROI [8144:9712, 10448:12016, 10448:12016] (1568, 1568, 1568) and write ROI [8640:9216, 10944:11520, 10944:11520] (576, 576, 576)
Recorded block-done for octoS0SubroiZ15683136Y78409408X1097612544Difficultsoma_pred_affs/26845 with read ROI [8144:9712, 10448:12016, 10448:12016] (1568, 1568, 1568) and write ROI [8640:9216, 10944:11520, 10944:11520] (576, 576, 576)
Recording block-done for octoS0SubroiZ15683136Y78409408X1097612544Difficultsoma_pred_affs/21435 with read ROI [8144:9712, 10448:12016, 8144:9712] (1568, 1568, 1568) and write ROI [8640:9216, 10944:11520, 8640:9216] (576, 576, 576)
Recorded block-done for octoS0SubroiZ15683136Y78409408X1097612544Difficultsoma_pred_affs/21435 with read ROI [8144:9712, 10448:12016, 8144:9712] (1568, 1568, 1568) and write ROI [8640:9216, 10944:11520, 8640:9216] (576, 576, 576)
Recording block-done for octoS0SubroiZ15683136Y78409408X1097612544Difficultsoma_pred_affs/4229 with read ROI [8720:10288, 80:1648, 5840:7408] (1568, 1568, 1568) and write ROI [9216:9792, 576:1152, 6336:6912] (576, 576, 576)
Recorded block-done for octoS0SubroiZ15683136Y78409408X1097612544Difficultsoma_pred_affs/4229 with read ROI [8720:10288, 80:1648, 5840:7408] (1568, 1568, 1568) and write ROI [9216:9792, 576:1152, 6336:6912] (576, 576, 576)
Recording block-done for octoS0SubroiZ15683136Y78409408X1097612544Difficultsoma_pred_affs/6714 with read ROI [8720:10288, 80:1648, 8720:10288] (1568, 1568, 1568) and write ROI [9216:9792, 576:1152, 9216:9792] (576, 576, 576)
Recorded block-done for octoS0SubroiZ15683136Y78409408X1097612544Difficultsoma_pred_affs/6714 with read ROI [8720:10288, 80:1648, 8720:10288] (1568, 1568, 1568) and write ROI [9216:9792, 576:1152, 9216:9792] (576, 576, 576)
Recording block-done for octoS0SubroiZ15683136Y78409408X1097612544Difficultsoma_pred_affs/8605 with read ROI [8720:10288, 80:1648, 10448:12016] (1568, 1568, 1568) and write ROI [9216:9792, 576:1152, 10944:11520] (576, 576, 576)
Recorded block-done for octoS0SubroiZ15683136Y78409408X1097612544Difficultsoma_pred_affs/8605 with read ROI [8720:10288, 80:1648, 10448:12016] (1568, 1568, 1568) and write ROI [9216:9792, 576:1152, 10944:11520] (576, 576, 576)
Recording block-done for octoS0SubroiZ15683136Y78409408X1097612544Difficultsoma_pred_affs/5129 with read ROI [8720:10288, 80:1648, 6992:8560] (1568, 1568, 1568) and write ROI [9216:9792, 576:1152, 7488:8064] (576, 576, 576)
Recorded block-done for octoS0SubroiZ15683136Y78409408X1097612544Difficultsoma_pred_affs/5129 with read ROI [8720:10288, 80:1648, 6992:8560] (1568, 1568, 1568) and write ROI [9216:9792, 576:1152, 7488:8064] (576, 576, 576)
Recording block-done for octoS0SubroiZ15683136Y78409408X1097612544Difficultsoma_pred_affs/2787 with read ROI [8720:10288, 656:2224, 2960:4528] (1568, 1568, 1568) and write ROI [9216:9792, 1152:1728, 3456:4032] (576, 576, 576)
Recorded block-done for octoS0SubroiZ15683136Y78409408X1097612544Difficultsoma_pred_affs/2787 with read ROI [8720:10288, 656:2224, 2960:4528] (1568, 1568, 1568) and write ROI [9216:9792, 1152:1728, 3456:4032] (576, 576, 576)
Recording block-done for octoS0SubroiZ15683136Y78409408X1097612544Difficultsoma_pred_affs/4266 with read ROI [8720:10288, 1232:2800, 4688:6256] (1568, 1568, 1568) and write ROI [9216:9792, 1728:2304, 5184:5760] (576, 576, 576)
Recorded block-done for octoS0SubroiZ15683136Y78409408X1097612544Difficultsoma_pred_affs/4266 with read ROI [8720:10288, 1232:2800, 4688:6256] (1568, 1568, 1568) and write ROI [9216:9792, 1728:2304, 5184:5760] (576, 576, 576)
Recording block-done for octoS0SubroiZ15683136Y78409408X1097612544Difficultsoma_pred_affs/5166 with read ROI [8720:10288, 1232:2800, 5840:7408] (1568, 1568, 1568) and write ROI [9216:9792, 1728:2304, 6336:6912] (576, 576, 576)
Recorded block-done for octoS0SubroiZ15683136Y78409408X1097612544Difficultsoma_pred_affs/5166 with read ROI [8720:10288, 1232:2800, 5840:7408] (1568, 1568, 1568) and write ROI [9216:9792, 1728:2304, 6336:6912] (576, 576, 576)
Recording block-done for octoS0SubroiZ15683136Y78409408X1097612544Difficultsoma_pred_affs/1977 with read ROI [8720:10288, 1232:2800, 656:2224] (1568, 1568, 1568) and write ROI [9216:9792, 1728:2304, 1152:1728] (576, 576, 576)
Recorded block-done for octoS0SubroiZ15683136Y78409408X1097612544Difficultsoma_pred_affs/1977 with read ROI [8720:10288, 1232:2800, 656:2224] (1568, 1568, 1568) and write ROI [9216:9792, 1728:2304, 1152:1728] (576, 576, 576)
Recording block-done for octoS0SubroiZ15683136Y78409408X1097612544Difficultsoma_pred_affs/6732 with read ROI [8720:10288, 656:2224, 8144:9712] (1568, 1568, 1568) and write ROI [9216:9792, 1152:1728, 8640:9216] (576, 576, 576)
Recorded block-done for octoS0SubroiZ15683136Y78409408X1097612544Difficultsoma_pred_affs/6732 with read ROI [8720:10288, 656:2224, 8144:9712] (1568, 1568, 1568) and write ROI [9216:9792, 1152:1728, 8640:9216] (576, 576, 576)
Recording block-done for octoS0SubroiZ15683136Y78409408X1097612544Difficultsoma_pred_affs/3482 with read ROI [8720:10288, 1232:2800, 3536:5104] (1568, 1568, 1568) and write ROI [9216:9792, 1728:2304, 4032:4608] (576, 576, 576)
Recorded block-done for octoS0SubroiZ15683136Y78409408X1097612544Difficultsoma_pred_affs/3482 with read ROI [8720:10288, 1232:2800, 3536:5104] (1568, 1568, 1568) and write ROI [9216:9792, 1728:2304, 4032:4608] (576, 576, 576)
Recording block-done for octoS0SubroiZ15683136Y78409408X1097612544Difficultsoma_pred_affs/8662 with read ROI [8720:10288, 1808:3376, 8720:10288] (1568, 1568, 1568) and write ROI [9216:9792, 2304:2880, 9216:9792] (576, 576, 576)
Recorded block-done for octoS0SubroiZ15683136Y78409408X1097612544Difficultsoma_pred_affs/8662 with read ROI [8720:10288, 1808:3376, 8720:10288] (1568, 1568, 1568) and write ROI [9216:9792, 2304:2880, 9216:9792] (576, 576, 576)
Recording block-done for octoS0SubroiZ15683136Y78409408X1097612544Difficultsoma_pred_affs/10886 with read ROI [8720:10288, 1808:3376, 10448:12016] (1568, 1568, 1568) and write ROI [9216:9792, 2304:2880, 10944:11520] (576, 576, 576)
Recorded block-done for octoS0SubroiZ15683136Y78409408X1097612544Difficultsoma_pred_affs/10886 with read ROI [8720:10288, 1808:3376, 10448:12016] (1568, 1568, 1568) and write ROI [9216:9792, 2304:2880, 10944:11520] (576, 576, 576)
Recording block-done for octoS0SubroiZ15683136Y78409408X1097612544Difficultsoma_pred_affs/2526 with read ROI [8720:10288, 1808:3376, 1232:2800] (1568, 1568, 1568) and write ROI [9216:9792, 2304:2880, 1728:2304] (576, 576, 576)
Recorded block-done for octoS0SubroiZ15683136Y78409408X1097612544Difficultsoma_pred_affs/2526 with read ROI [8720:10288, 1808:3376, 1232:2800] (1568, 1568, 1568) and write ROI [9216:9792, 2304:2880, 1728:2304] (576, 576, 576)
Recording block-done for octoS0SubroiZ15683136Y78409408X1097612544Difficultsoma_pred_affs/4286 with read ROI [8720:10288, 1808:3376, 4112:5680] (1568, 1568, 1568) and write ROI [9216:9792, 2304:2880, 4608:5184] (576, 576, 576)
Recorded block-done for octoS0SubroiZ15683136Y78409408X1097612544Difficultsoma_pred_affs/4286 with read ROI [8720:10288, 1808:3376, 4112:5680] (1568, 1568, 1568) and write ROI [9216:9792, 2304:2880, 4608:5184] (576, 576, 576)
Recording block-done for octoS0SubroiZ15683136Y78409408X1097612544Difficultsoma_pred_affs/5186 with read ROI [8720:10288, 1808:3376, 5264:6832] (1568, 1568, 1568) and write ROI [9216:9792, 2304:2880, 5760:6336] (576, 576, 576)
Recorded block-done for octoS0SubroiZ15683136Y78409408X1097612544Difficultsoma_pred_affs/5186 with read ROI [8720:10288, 1808:3376, 5264:6832] (1568, 1568, 1568) and write ROI [9216:9792, 2304:2880, 5760:6336] (576, 576, 576)
Recording block-done for octoS0SubroiZ15683136Y78409408X1097612544Difficultsoma_pred_affs/6231 with read ROI [8720:10288, 2384:3952, 5840:7408] (1568, 1568, 1568) and write ROI [9216:9792, 2880:3456, 6336:6912] (576, 576, 576)
Recorded block-done for octoS0SubroiZ15683136Y78409408X1097612544Difficultsoma_pred_affs/6231 with read ROI [8720:10288, 2384:3952, 5840:7408] (1568, 1568, 1568) and write ROI [9216:9792, 2880:3456, 6336:6912] (576, 576, 576)
Recording block-done for octoS0SubroiZ15683136Y78409408X1097612544Difficultsoma_pred_affs/5703 with read ROI [8720:10288, 2384:3952, 5264:6832] (1568, 1568, 1568) and write ROI [9216:9792, 2880:3456, 5760:6336] (576, 576, 576)
Recorded block-done for octoS0SubroiZ15683136Y78409408X1097612544Difficultsoma_pred_affs/5703 with read ROI [8720:10288, 2384:3952, 5264:6832] (1568, 1568, 1568) and write ROI [9216:9792, 2880:3456, 5760:6336] (576, 576, 576)
Recording block-done for octoS0SubroiZ15683136Y78409408X1097612544Difficultsoma_pred_affs/3923 with read ROI [8720:10288, 2960:4528, 2384:3952] (1568, 1568, 1568) and write ROI [9216:9792, 3456:4032, 2880:3456] (576, 576, 576)
Recorded block-done for octoS0SubroiZ15683136Y78409408X1097612544Difficultsoma_pred_affs/3923 with read ROI [8720:10288, 2960:4528, 2384:3952] (1568, 1568, 1568) and write ROI [9216:9792, 3456:4032, 2880:3456] (576, 576, 576)
Recording block-done for octoS0SubroiZ15683136Y78409408X1097612544Difficultsoma_pred_affs/12610 with read ROI [8720:10288, 2960:4528, 10448:12016] (1568, 1568, 1568) and write ROI [9216:9792, 3456:4032, 10944:11520] (576, 576, 576)
Recorded block-done for octoS0SubroiZ15683136Y78409408X1097612544Difficultsoma_pred_affs/12610 with read ROI [8720:10288, 2960:4528, 10448:12016] (1568, 1568, 1568) and write ROI [9216:9792, 3456:4032, 10944:11520] (576, 576, 576)
Recording block-done for octoS0SubroiZ15683136Y78409408X1097612544Difficultsoma_pred_affs/3241 with read ROI [8720:10288, 4112:5680, 80:1648] (1568, 1568, 1568) and write ROI [9216:9792, 4608:5184, 576:1152] (576, 576, 576)
Recorded block-done for octoS0SubroiZ15683136Y78409408X1097612544Difficultsoma_pred_affs/3241 with read ROI [8720:10288, 4112:5680, 80:1648] (1568, 1568, 1568) and write ROI [9216:9792, 4608:5184, 576:1152] (576, 576, 576)
Recording block-done for octoS0SubroiZ15683136Y78409408X1097612544Difficultsoma_pred_affs/4376 with read ROI [8720:10288, 4112:5680, 1808:3376] (1568, 1568, 1568) and write ROI [9216:9792, 4608:5184, 2304:2880] (576, 576, 576)
Recorded block-done for octoS0SubroiZ15683136Y78409408X1097612544Difficultsoma_pred_affs/4376 with read ROI [8720:10288, 4112:5680, 1808:3376] (1568, 1568, 1568) and write ROI [9216:9792, 4608:5184, 2304:2880] (576, 576, 576)
Recording block-done for octoS0SubroiZ15683136Y78409408X1097612544Difficultsoma_pred_affs/11772 with read ROI [8720:10288, 3536:5104, 9296:10864] (1568, 1568, 1568) and write ROI [9216:9792, 4032:4608, 9792:10368] (576, 576, 576)
Recorded block-done for octoS0SubroiZ15683136Y78409408X1097612544Difficultsoma_pred_affs/11772 with read ROI [8720:10288, 3536:5104, 9296:10864] (1568, 1568, 1568) and write ROI [9216:9792, 4032:4608, 9792:10368] (576, 576, 576)
Recording block-done for octoS0SubroiZ15683136Y78409408X1097612544Difficultsoma_pred_affs/12633 with read ROI [8720:10288, 3536:5104, 9872:11440] (1568, 1568, 1568) and write ROI [9216:9792, 4032:4608, 10368:10944] (576, 576, 576)
Recorded block-done for octoS0SubroiZ15683136Y78409408X1097612544Difficultsoma_pred_affs/12633 with read ROI [8720:10288, 3536:5104, 9872:11440] (1568, 1568, 1568) and write ROI [9216:9792, 4032:4608, 10368:10944] (576, 576, 576)
Recording block-done for octoS0SubroiZ15683136Y78409408X1097612544Difficultsoma_pred_affs/10172 with read ROI [8720:10288, 3536:5104, 8144:9712] (1568, 1568, 1568) and write ROI [9216:9792, 4032:4608, 8640:9216] (576, 576, 576)
Recorded block-done for octoS0SubroiZ15683136Y78409408X1097612544Difficultsoma_pred_affs/10172 with read ROI [8720:10288, 3536:5104, 8144:9712] (1568, 1568, 1568) and write ROI [9216:9792, 4032:4608, 8640:9216] (576, 576, 576)
Recording block-done for octoS0SubroiZ15683136Y78409408X1097612544Difficultsoma_pred_affs/14506 with read ROI [8720:10288, 4112:5680, 10448:12016] (1568, 1568, 1568) and write ROI [9216:9792, 4608:5184, 10944:11520] (576, 576, 576)
Recorded block-done for octoS0SubroiZ15683136Y78409408X1097612544Difficultsoma_pred_affs/14506 with read ROI [8720:10288, 4112:5680, 10448:12016] (1568, 1568, 1568) and write ROI [9216:9792, 4608:5184, 10944:11520] (576, 576, 576)
Recording block-done for octoS0SubroiZ15683136Y78409408X1097612544Difficultsoma_pred_affs/3995 with read ROI [8720:10288, 4688:6256, 656:2224] (1568, 1568, 1568) and write ROI [9216:9792, 5184:5760, 1152:1728] (576, 576, 576)
Recorded block-done for octoS0SubroiZ15683136Y78409408X1097612544Difficultsoma_pred_affs/3995 with read ROI [8720:10288, 4688:6256, 656:2224] (1568, 1568, 1568) and write ROI [9216:9792, 5184:5760, 1152:1728] (576, 576, 576)
Recording block-done for octoS0SubroiZ15683136Y78409408X1097612544Difficultsoma_pred_affs/4836 with read ROI [8720:10288, 4688:6256, 1808:3376] (1568, 1568, 1568) and write ROI [9216:9792, 5184:5760, 2304:2880] (576, 576, 576)
Recorded block-done for octoS0SubroiZ15683136Y78409408X1097612544Difficultsoma_pred_affs/4836 with read ROI [8720:10288, 4688:6256, 1808:3376] (1568, 1568, 1568) and write ROI [9216:9792, 5184:5760, 2304:2880] (576, 576, 576)
Recording block-done for octoS0SubroiZ15683136Y78409408X1097612544Difficultsoma_pred_affs/5301 with read ROI [8720:10288, 4688:6256, 2384:3952] (1568, 1568, 1568) and write ROI [9216:9792, 5184:5760, 2880:3456] (576, 576, 576)
Recorded block-done for octoS0SubroiZ15683136Y78409408X1097612544Difficultsoma_pred_affs/5301 with read ROI [8720:10288, 4688:6256, 2384:3952] (1568, 1568, 1568) and write ROI [9216:9792, 5184:5760, 2880:3456] (576, 576, 576)
Recording block-done for octoS0SubroiZ15683136Y78409408X1097612544Difficultsoma_pred_affs/11821 with read ROI [8720:10288, 4688:6256, 8144:9712] (1568, 1568, 1568) and write ROI [9216:9792, 5184:5760, 8640:9216] (576, 576, 576)
Recorded block-done for octoS0SubroiZ15683136Y78409408X1097612544Difficultsoma_pred_affs/11821 with read ROI [8720:10288, 4688:6256, 8144:9712] (1568, 1568, 1568) and write ROI [9216:9792, 5184:5760, 8640:9216] (576, 576, 576)
Recording block-done for octoS0SubroiZ15683136Y78409408X1097612544Difficultsoma_pred_affs/8137 with read ROI [8720:10288, 5264:6832, 4688:6256] (1568, 1568, 1568) and write ROI [9216:9792, 5760:6336, 5184:5760] (576, 576, 576)
Recorded block-done for octoS0SubroiZ15683136Y78409408X1097612544Difficultsoma_pred_affs/8137 with read ROI [8720:10288, 5264:6832, 4688:6256] (1568, 1568, 1568) and write ROI [9216:9792, 5760:6336, 5184:5760] (576, 576, 576)
Recording block-done for octoS0SubroiZ15683136Y78409408X1097612544Difficultsoma_pred_affs/10247 with read ROI [8720:10288, 5264:6832, 6416:7984] (1568, 1568, 1568) and write ROI [9216:9792, 5760:6336, 6912:7488] (576, 576, 576)
Recorded block-done for octoS0SubroiZ15683136Y78409408X1097612544Difficultsoma_pred_affs/10247 with read ROI [8720:10288, 5264:6832, 6416:7984] (1568, 1568, 1568) and write ROI [9216:9792, 5760:6336, 6912:7488] (576, 576, 576)
Recording block-done for octoS0SubroiZ15683136Y78409408X1097612544Difficultsoma_pred_affs/9506 with read ROI [8720:10288, 5264:6832, 5840:7408] (1568, 1568, 1568) and write ROI [9216:9792, 5760:6336, 6336:6912] (576, 576, 576)
Recorded block-done for octoS0SubroiZ15683136Y78409408X1097612544Difficultsoma_pred_affs/9506 with read ROI [8720:10288, 5264:6832, 5840:7408] (1568, 1568, 1568) and write ROI [9216:9792, 5760:6336, 6336:6912] (576, 576, 576)
Recording block-done for octoS0SubroiZ15683136Y78409408X1097612544Difficultsoma_pred_affs/4454 with read ROI [8720:10288, 5840:7408, 80:1648] (1568, 1568, 1568) and write ROI [9216:9792, 6336:6912, 576:1152] (576, 576, 576)
Recorded block-done for octoS0SubroiZ15683136Y78409408X1097612544Difficultsoma_pred_affs/4454 with read ROI [8720:10288, 5840:7408, 80:1648] (1568, 1568, 1568) and write ROI [9216:9792, 6336:6912, 576:1152] (576, 576, 576)
Recording block-done for octoS0SubroiZ15683136Y78409408X1097612544Difficultsoma_pred_affs/15574 with read ROI [8720:10288, 5840:7408, 9296:10864] (1568, 1568, 1568) and write ROI [9216:9792, 6336:6912, 9792:10368] (576, 576, 576)
Recorded block-done for octoS0SubroiZ15683136Y78409408X1097612544Difficultsoma_pred_affs/15574 with read ROI [8720:10288, 5840:7408, 9296:10864] (1568, 1568, 1568) and write ROI [9216:9792, 6336:6912, 9792:10368] (576, 576, 576)
Recording block-done for octoS0SubroiZ15683136Y78409408X1097612544Difficultsoma_pred_affs/16609 with read ROI [8720:10288, 5840:7408, 9872:11440] (1568, 1568, 1568) and write ROI [9216:9792, 6336:6912, 10368:10944] (576, 576, 576)
Recorded block-done for octoS0SubroiZ15683136Y78409408X1097612544Difficultsoma_pred_affs/16609 with read ROI [8720:10288, 5840:7408, 9872:11440] (1568, 1568, 1568) and write ROI [9216:9792, 6336:6912, 10368:10944] (576, 576, 576)
Recording block-done for octoS0SubroiZ15683136Y78409408X1097612544Difficultsoma_pred_affs/13638 with read ROI [8720:10288, 5840:7408, 8144:9712] (1568, 1568, 1568) and write ROI [9216:9792, 6336:6912, 8640:9216] (576, 576, 576)
Recorded block-done for octoS0SubroiZ15683136Y78409408X1097612544Difficultsoma_pred_affs/13638 with read ROI [8720:10288, 5840:7408, 8144:9712] (1568, 1568, 1568) and write ROI [9216:9792, 6336:6912, 8640:9216] (576, 576, 576)
Recording block-done for octoS0SubroiZ15683136Y78409408X1097612544Difficultsoma_pred_affs/4917 with read ROI [8720:10288, 6416:7984, 80:1648] (1568, 1568, 1568) and write ROI [9216:9792, 6912:7488, 576:1152] (576, 576, 576)
Recorded block-done for octoS0SubroiZ15683136Y78409408X1097612544Difficultsoma_pred_affs/4917 with read ROI [8720:10288, 6416:7984, 80:1648] (1568, 1568, 1568) and write ROI [9216:9792, 6912:7488, 576:1152] (576, 576, 576)
Recording block-done for octoS0SubroiZ15683136Y78409408X1097612544Difficultsoma_pred_affs/8858 with read ROI [8720:10288, 6416:7984, 4112:5680] (1568, 1568, 1568) and write ROI [9216:9792, 6912:7488, 4608:5184] (576, 576, 576)
Recorded block-done for octoS0SubroiZ15683136Y78409408X1097612544Difficultsoma_pred_affs/8858 with read ROI [8720:10288, 6416:7984, 4112:5680] (1568, 1568, 1568) and write ROI [9216:9792, 6912:7488, 4608:5184] (576, 576, 576)
Recording block-done for octoS0SubroiZ15683136Y78409408X1097612544Difficultsoma_pred_affs/12763 with read ROI [8720:10288, 6416:7984, 6992:8560] (1568, 1568, 1568) and write ROI [9216:9792, 6912:7488, 7488:8064] (576, 576, 576)
Recorded block-done for octoS0SubroiZ15683136Y78409408X1097612544Difficultsoma_pred_affs/12763 with read ROI [8720:10288, 6416:7984, 6992:8560] (1568, 1568, 1568) and write ROI [9216:9792, 6912:7488, 7488:8064] (576, 576, 576)
Recording block-done for octoS0SubroiZ15683136Y78409408X1097612544Difficultsoma_pred_affs/11931 with read ROI [8720:10288, 6992:8560, 5840:7408] (1568, 1568, 1568) and write ROI [9216:9792, 7488:8064, 6336:6912] (576, 576, 576)
Recorded block-done for octoS0SubroiZ15683136Y78409408X1097612544Difficultsoma_pred_affs/11931 with read ROI [8720:10288, 6992:8560, 5840:7408] (1568, 1568, 1568) and write ROI [9216:9792, 7488:8064, 6336:6912] (576, 576, 576)
Recording block-done for octoS0SubroiZ15683136Y78409408X1097612544Difficultsoma_pred_affs/9590 with read ROI [8720:10288, 6992:8560, 4112:5680] (1568, 1568, 1568) and write ROI [9216:9792, 7488:8064, 4608:5184] (576, 576, 576)
Recorded block-done for octoS0SubroiZ15683136Y78409408X1097612544Difficultsoma_pred_affs/9590 with read ROI [8720:10288, 6992:8560, 4112:5680] (1568, 1568, 1568) and write ROI [9216:9792, 7488:8064, 4608:5184] (576, 576, 576)
Recording block-done for octoS0SubroiZ15683136Y78409408X1097612544Difficultsoma_pred_affs/8221 with read ROI [8720:10288, 6992:8560, 2960:4528] (1568, 1568, 1568) and write ROI [9216:9792, 7488:8064, 3456:4032] (576, 576, 576)
Recorded block-done for octoS0SubroiZ15683136Y78409408X1097612544Difficultsoma_pred_affs/8221 with read ROI [8720:10288, 6992:8560, 2960:4528] (1568, 1568, 1568) and write ROI [9216:9792, 7488:8064, 3456:4032] (576, 576, 576)
Recording block-done for octoS0SubroiZ15683136Y78409408X1097612544Difficultsoma_pred_affs/10361 with read ROI [8720:10288, 7568:9136, 4112:5680] (1568, 1568, 1568) and write ROI [9216:9792, 8064:8640, 4608:5184] (576, 576, 576)
Recorded block-done for octoS0SubroiZ15683136Y78409408X1097612544Difficultsoma_pred_affs/10361 with read ROI [8720:10288, 7568:9136, 4112:5680] (1568, 1568, 1568) and write ROI [9216:9792, 8064:8640, 4608:5184] (576, 576, 576)
Recording block-done for octoS0SubroiZ15683136Y78409408X1097612544Difficultsoma_pred_affs/8917 with read ROI [8720:10288, 7568:9136, 2960:4528] (1568, 1568, 1568) and write ROI [9216:9792, 8064:8640, 3456:4032] (576, 576, 576)
Recorded block-done for octoS0SubroiZ15683136Y78409408X1097612544Difficultsoma_pred_affs/8917 with read ROI [8720:10288, 7568:9136, 2960:4528] (1568, 1568, 1568) and write ROI [9216:9792, 8064:8640, 3456:4032] (576, 576, 576)
Recording block-done for octoS0SubroiZ15683136Y78409408X1097612544Difficultsoma_pred_affs/18905 with read ROI [8720:10288, 7568:9136, 9296:10864] (1568, 1568, 1568) and write ROI [9216:9792, 8064:8640, 9792:10368] (576, 576, 576)
Recorded block-done for octoS0SubroiZ15683136Y78409408X1097612544Difficultsoma_pred_affs/18905 with read ROI [8720:10288, 7568:9136, 9296:10864] (1568, 1568, 1568) and write ROI [9216:9792, 8064:8640, 9792:10368] (576, 576, 576)
Recording block-done for octoS0SubroiZ15683136Y78409408X1097612544Difficultsoma_pred_affs/8282 with read ROI [8720:10288, 8144:9712, 1808:3376] (1568, 1568, 1568) and write ROI [9216:9792, 8640:9216, 2304:2880] (576, 576, 576)
Recorded block-done for octoS0SubroiZ15683136Y78409408X1097612544Difficultsoma_pred_affs/8282 with read ROI [8720:10288, 8144:9712, 1808:3376] (1568, 1568, 1568) and write ROI [9216:9792, 8640:9216, 2304:2880] (576, 576, 576)
Recording block-done for octoS0SubroiZ15683136Y78409408X1097612544Difficultsoma_pred_affs/14702 with read ROI [8720:10288, 8144:9712, 6416:7984] (1568, 1568, 1568) and write ROI [9216:9792, 8640:9216, 6912:7488] (576, 576, 576)
Recorded block-done for octoS0SubroiZ15683136Y78409408X1097612544Difficultsoma_pred_affs/14702 with read ROI [8720:10288, 8144:9712, 6416:7984] (1568, 1568, 1568) and write ROI [9216:9792, 8640:9216, 6912:7488] (576, 576, 576)
Recording block-done for octoS0SubroiZ15683136Y78409408X1097612544Difficultsoma_pred_affs/18936 with read ROI [8720:10288, 8144:9712, 8720:10288] (1568, 1568, 1568) and write ROI [9216:9792, 8640:9216, 9216:9792] (576, 576, 576)
Recorded block-done for octoS0SubroiZ15683136Y78409408X1097612544Difficultsoma_pred_affs/18936 with read ROI [8720:10288, 8144:9712, 8720:10288] (1568, 1568, 1568) and write ROI [9216:9792, 8640:9216, 9216:9792] (576, 576, 576)
Recording block-done for octoS0SubroiZ15683136Y78409408X1097612544Difficultsoma_pred_affs/15724 with read ROI [8720:10288, 8720:10288, 6416:7984] (1568, 1568, 1568) and write ROI [9216:9792, 9216:9792, 6912:7488] (576, 576, 576)
Recorded block-done for octoS0SubroiZ15683136Y78409408X1097612544Difficultsoma_pred_affs/15724 with read ROI [8720:10288, 8720:10288, 6416:7984] (1568, 1568, 1568) and write ROI [9216:9792, 9216:9792, 6912:7488] (576, 576, 576)
Recording block-done for octoS0SubroiZ15683136Y78409408X1097612544Difficultsoma_pred_affs/12024 with read ROI [8720:10288, 8720:10288, 4112:5680] (1568, 1568, 1568) and write ROI [9216:9792, 9216:9792, 4608:5184] (576, 576, 576)
Recorded block-done for octoS0SubroiZ15683136Y78409408X1097612544Difficultsoma_pred_affs/12024 with read ROI [8720:10288, 8720:10288, 4112:5680] (1568, 1568, 1568) and write ROI [9216:9792, 9216:9792, 4608:5184] (576, 576, 576)
Recording block-done for octoS0SubroiZ15683136Y78409408X1097612544Difficultsoma_pred_affs/17808 with read ROI [8720:10288, 8144:9712, 8144:9712] (1568, 1568, 1568) and write ROI [9216:9792, 8640:9216, 8640:9216] (576, 576, 576)
Recorded block-done for octoS0SubroiZ15683136Y78409408X1097612544Difficultsoma_pred_affs/17808 with read ROI [8720:10288, 8144:9712, 8144:9712] (1568, 1568, 1568) and write ROI [9216:9792, 8640:9216, 8640:9216] (576, 576, 576)
Recording block-done for octoS0SubroiZ15683136Y78409408X1097612544Difficultsoma_pred_affs/20144 with read ROI [8720:10288, 8720:10288, 8720:10288] (1568, 1568, 1568) and write ROI [9216:9792, 9216:9792, 9216:9792] (576, 576, 576)
Recorded block-done for octoS0SubroiZ15683136Y78409408X1097612544Difficultsoma_pred_affs/20144 with read ROI [8720:10288, 8720:10288, 8720:10288] (1568, 1568, 1568) and write ROI [9216:9792, 9216:9792, 9216:9792] (576, 576, 576)
Recording block-done for octoS0SubroiZ15683136Y78409408X1097612544Difficultsoma_pred_affs/8381 with read ROI [8720:10288, 9872:11440, 80:1648] (1568, 1568, 1568) and write ROI [9216:9792, 10368:10944, 576:1152] (576, 576, 576)
Recorded block-done for octoS0SubroiZ15683136Y78409408X1097612544Difficultsoma_pred_affs/8381 with read ROI [8720:10288, 9872:11440, 80:1648] (1568, 1568, 1568) and write ROI [9216:9792, 10368:10944, 576:1152] (576, 576, 576)
Recording block-done for octoS0SubroiZ15683136Y78409408X1097612544Difficultsoma_pred_affs/21402 with read ROI [8720:10288, 9296:10864, 8720:10288] (1568, 1568, 1568) and write ROI [9216:9792, 9792:10368, 9216:9792] (576, 576, 576)
Recorded block-done for octoS0SubroiZ15683136Y78409408X1097612544Difficultsoma_pred_affs/21402 with read ROI [8720:10288, 9296:10864, 8720:10288] (1568, 1568, 1568) and write ROI [9216:9792, 9792:10368, 9216:9792] (576, 576, 576)
Recording block-done for octoS0SubroiZ15683136Y78409408X1097612544Difficultsoma_pred_affs/24003 with read ROI [8720:10288, 9296:10864, 9872:11440] (1568, 1568, 1568) and write ROI [9216:9792, 9792:10368, 10368:10944] (576, 576, 576)
Recorded block-done for octoS0SubroiZ15683136Y78409408X1097612544Difficultsoma_pred_affs/24003 with read ROI [8720:10288, 9296:10864, 9872:11440] (1568, 1568, 1568) and write ROI [9216:9792, 9792:10368, 10368:10944] (576, 576, 576)
Recording block-done for octoS0SubroiZ15683136Y78409408X1097612544Difficultsoma_pred_affs/17873 with read ROI [8720:10288, 9296:10864, 6992:8560] (1568, 1568, 1568) and write ROI [9216:9792, 9792:10368, 7488:8064] (576, 576, 576)
Recorded block-done for octoS0SubroiZ15683136Y78409408X1097612544Difficultsoma_pred_affs/17873 with read ROI [8720:10288, 9296:10864, 6992:8560] (1568, 1568, 1568) and write ROI [9216:9792, 9792:10368, 7488:8064] (576, 576, 576)
Recording block-done for octoS0SubroiZ15683136Y78409408X1097612544Difficultsoma_pred_affs/12057 with read ROI [8720:10288, 9296:10864, 3536:5104] (1568, 1568, 1568) and write ROI [9216:9792, 9792:10368, 4032:4608] (576, 576, 576)
Recorded block-done for octoS0SubroiZ15683136Y78409408X1097612544Difficultsoma_pred_affs/12057 with read ROI [8720:10288, 9296:10864, 3536:5104] (1568, 1568, 1568) and write ROI [9216:9792, 9792:10368, 4032:4608] (576, 576, 576)
Recording block-done for octoS0SubroiZ15683136Y78409408X1097612544Difficultsoma_pred_affs/13890 with read ROI [8720:10288, 10448:12016, 3536:5104] (1568, 1568, 1568) and write ROI [9216:9792, 10944:11520, 4032:4608] (576, 576, 576)
Recorded block-done for octoS0SubroiZ15683136Y78409408X1097612544Difficultsoma_pred_affs/13890 with read ROI [8720:10288, 10448:12016, 3536:5104] (1568, 1568, 1568) and write ROI [9216:9792, 10944:11520, 4032:4608] (576, 576, 576)
Recording block-done for octoS0SubroiZ15683136Y78409408X1097612544Difficultsoma_pred_affs/16861 with read ROI [8720:10288, 10448:12016, 5264:6832] (1568, 1568, 1568) and write ROI [9216:9792, 10944:11520, 5760:6336] (576, 576, 576)
Recorded block-done for octoS0SubroiZ15683136Y78409408X1097612544Difficultsoma_pred_affs/16861 with read ROI [8720:10288, 10448:12016, 5264:6832] (1568, 1568, 1568) and write ROI [9216:9792, 10944:11520, 5760:6336] (576, 576, 576)
Recording block-done for octoS0SubroiZ15683136Y78409408X1097612544Difficultsoma_pred_affs/1747 with read ROI [9296:10864, 656:2224, 80:1648] (1568, 1568, 1568) and write ROI [9792:10368, 1152:1728, 576:1152] (576, 576, 576)
Recorded block-done for octoS0SubroiZ15683136Y78409408X1097612544Difficultsoma_pred_affs/1747 with read ROI [9296:10864, 656:2224, 80:1648] (1568, 1568, 1568) and write ROI [9792:10368, 1152:1728, 576:1152] (576, 576, 576)
Recording block-done for octoS0SubroiZ15683136Y78409408X1097612544Difficultsoma_pred_affs/7328 with read ROI [9296:10864, 80:1648, 8720:10288] (1568, 1568, 1568) and write ROI [9792:10368, 576:1152, 9216:9792] (576, 576, 576)
Recorded block-done for octoS0SubroiZ15683136Y78409408X1097612544Difficultsoma_pred_affs/7328 with read ROI [9296:10864, 80:1648, 8720:10288] (1568, 1568, 1568) and write ROI [9792:10368, 576:1152, 9216:9792] (576, 576, 576)
Recording block-done for octoS0SubroiZ15683136Y78409408X1097612544Difficultsoma_pred_affs/5644 with read ROI [9296:10864, 80:1648, 6992:8560] (1568, 1568, 1568) and write ROI [9792:10368, 576:1152, 7488:8064] (576, 576, 576)
Recorded block-done for octoS0SubroiZ15683136Y78409408X1097612544Difficultsoma_pred_affs/5644 with read ROI [9296:10864, 80:1648, 6992:8560] (1568, 1568, 1568) and write ROI [9792:10368, 576:1152, 7488:8064] (576, 576, 576)
Recording block-done for octoS0SubroiZ15683136Y78409408X1097612544Difficultsoma_pred_affs/6733 with read ROI [9296:10864, 80:1648, 8144:9712] (1568, 1568, 1568) and write ROI [9792:10368, 576:1152, 8640:9216] (576, 576, 576)
Recorded block-done for octoS0SubroiZ15683136Y78409408X1097612544Difficultsoma_pred_affs/6733 with read ROI [9296:10864, 80:1648, 8144:9712] (1568, 1568, 1568) and write ROI [9792:10368, 576:1152, 8640:9216] (576, 576, 576)
Recording block-done for octoS0SubroiZ15683136Y78409408X1097612544Difficultsoma_pred_affs/6211 with read ROI [9296:10864, 1232:2800, 6416:7984] (1568, 1568, 1568) and write ROI [9792:10368, 1728:2304, 6912:7488] (576, 576, 576)
Recorded block-done for octoS0SubroiZ15683136Y78409408X1097612544Difficultsoma_pred_affs/6211 with read ROI [9296:10864, 1232:2800, 6416:7984] (1568, 1568, 1568) and write ROI [9792:10368, 1728:2304, 6912:7488] (576, 576, 576)
Recording block-done for octoS0SubroiZ15683136Y78409408X1097612544Difficultsoma_pred_affs/2251 with read ROI [9296:10864, 1232:2800, 656:2224] (1568, 1568, 1568) and write ROI [9792:10368, 1728:2304, 1152:1728] (576, 576, 576)
Recorded block-done for octoS0SubroiZ15683136Y78409408X1097612544Difficultsoma_pred_affs/2251 with read ROI [9296:10864, 1232:2800, 656:2224] (1568, 1568, 1568) and write ROI [9792:10368, 1728:2304, 1152:1728] (576, 576, 576)
Recording block-done for octoS0SubroiZ15683136Y78409408X1097612544Difficultsoma_pred_affs/10087 with read ROI [9296:10864, 656:2224, 10448:12016] (1568, 1568, 1568) and write ROI [9792:10368, 1152:1728, 10944:11520] (576, 576, 576)
Recorded block-done for octoS0SubroiZ15683136Y78409408X1097612544Difficultsoma_pred_affs/10087 with read ROI [9296:10864, 656:2224, 10448:12016] (1568, 1568, 1568) and write ROI [9792:10368, 1152:1728, 10944:11520] (576, 576, 576)
Recording block-done for octoS0SubroiZ15683136Y78409408X1097612544Difficultsoma_pred_affs/6191 with read ROI [9296:10864, 656:2224, 6992:8560] (1568, 1568, 1568) and write ROI [9792:10368, 1152:1728, 7488:8064] (576, 576, 576)
Recorded block-done for octoS0SubroiZ15683136Y78409408X1097612544Difficultsoma_pred_affs/6191 with read ROI [9296:10864, 656:2224, 6992:8560] (1568, 1568, 1568) and write ROI [9792:10368, 1152:1728, 7488:8064] (576, 576, 576)
Recording block-done for octoS0SubroiZ15683136Y78409408X1097612544Difficultsoma_pred_affs/6752 with read ROI [9296:10864, 656:2224, 7568:9136] (1568, 1568, 1568) and write ROI [9792:10368, 1152:1728, 8064:8640] (576, 576, 576)
Recorded block-done for octoS0SubroiZ15683136Y78409408X1097612544Difficultsoma_pred_affs/6752 with read ROI [9296:10864, 656:2224, 7568:9136] (1568, 1568, 1568) and write ROI [9792:10368, 1152:1728, 8064:8640] (576, 576, 576)
Recording block-done for octoS0SubroiZ15683136Y78409408X1097612544Difficultsoma_pred_affs/9387 with read ROI [9296:10864, 1808:3376, 8720:10288] (1568, 1568, 1568) and write ROI [9792:10368, 2304:2880, 9216:9792] (576, 576, 576)
Recorded block-done for octoS0SubroiZ15683136Y78409408X1097612544Difficultsoma_pred_affs/9387 with read ROI [9296:10864, 1808:3376, 8720:10288] (1568, 1568, 1568) and write ROI [9792:10368, 2304:2880, 9216:9792] (576, 576, 576)
Recording block-done for octoS0SubroiZ15683136Y78409408X1097612544Difficultsoma_pred_affs/6232 with read ROI [9296:10864, 1808:3376, 5840:7408] (1568, 1568, 1568) and write ROI [9792:10368, 2304:2880, 6336:6912] (576, 576, 576)
Recorded block-done for octoS0SubroiZ15683136Y78409408X1097612544Difficultsoma_pred_affs/6232 with read ROI [9296:10864, 1808:3376, 5840:7408] (1568, 1568, 1568) and write ROI [9792:10368, 2304:2880, 6336:6912] (576, 576, 576)
Recording block-done for octoS0SubroiZ15683136Y78409408X1097612544Difficultsoma_pred_affs/2570 with read ROI [9296:10864, 2384:3952, 80:1648] (1568, 1568, 1568) and write ROI [9792:10368, 2880:3456, 576:1152] (576, 576, 576)
Recorded block-done for octoS0SubroiZ15683136Y78409408X1097612544Difficultsoma_pred_affs/2570 with read ROI [9296:10864, 2384:3952, 80:1648] (1568, 1568, 1568) and write ROI [9792:10368, 2880:3456, 576:1152] (576, 576, 576)
Recording block-done for octoS0SubroiZ15683136Y78409408X1097612544Difficultsoma_pred_affs/4743 with read ROI [9296:10864, 1808:3376, 4112:5680] (1568, 1568, 1568) and write ROI [9792:10368, 2304:2880, 4608:5184] (576, 576, 576)
Recorded block-done for octoS0SubroiZ15683136Y78409408X1097612544Difficultsoma_pred_affs/4743 with read ROI [9296:10864, 1808:3376, 4112:5680] (1568, 1568, 1568) and write ROI [9792:10368, 2304:2880, 4608:5184] (576, 576, 576)
Recording block-done for octoS0SubroiZ15683136Y78409408X1097612544Difficultsoma_pred_affs/3173 with read ROI [9296:10864, 1808:3376, 1808:3376] (1568, 1568, 1568) and write ROI [9792:10368, 2304:2880, 2304:2880] (576, 576, 576)
Recorded block-done for octoS0SubroiZ15683136Y78409408X1097612544Difficultsoma_pred_affs/3173 with read ROI [9296:10864, 1808:3376, 1808:3376] (1568, 1568, 1568) and write ROI [9792:10368, 2304:2880, 2304:2880] (576, 576, 576)
Recording block-done for octoS0SubroiZ15683136Y78409408X1097612544Difficultsoma_pred_affs/2893 with read ROI [9296:10864, 2960:4528, 80:1648] (1568, 1568, 1568) and write ROI [9792:10368, 3456:4032, 576:1152] (576, 576, 576)
Recorded block-done for octoS0SubroiZ15683136Y78409408X1097612544Difficultsoma_pred_affs/2893 with read ROI [9296:10864, 2960:4528, 80:1648] (1568, 1568, 1568) and write ROI [9792:10368, 3456:4032, 576:1152] (576, 576, 576)
Recording block-done for octoS0SubroiZ15683136Y78409408X1097612544Difficultsoma_pred_affs/9409 with read ROI [9296:10864, 2384:3952, 8144:9712] (1568, 1568, 1568) and write ROI [9792:10368, 2880:3456, 8640:9216] (576, 576, 576)
Recorded block-done for octoS0SubroiZ15683136Y78409408X1097612544Difficultsoma_pred_affs/9409 with read ROI [9296:10864, 2384:3952, 8144:9712] (1568, 1568, 1568) and write ROI [9792:10368, 2880:3456, 8640:9216] (576, 576, 576)
Recording block-done for octoS0SubroiZ15683136Y78409408X1097612544Difficultsoma_pred_affs/4353 with read ROI [9296:10864, 2960:4528, 2384:3952] (1568, 1568, 1568) and write ROI [9792:10368, 3456:4032, 2880:3456] (576, 576, 576)
Recorded block-done for octoS0SubroiZ15683136Y78409408X1097612544Difficultsoma_pred_affs/4353 with read ROI [9296:10864, 2960:4528, 2384:3952] (1568, 1568, 1568) and write ROI [9792:10368, 3456:4032, 2880:3456] (576, 576, 576)
Recording block-done for octoS0SubroiZ15683136Y78409408X1097612544Difficultsoma_pred_affs/5749 with read ROI [9296:10864, 2960:4528, 4112:5680] (1568, 1568, 1568) and write ROI [9792:10368, 3456:4032, 4608:5184] (576, 576, 576)
Recorded block-done for octoS0SubroiZ15683136Y78409408X1097612544Difficultsoma_pred_affs/5749 with read ROI [9296:10864, 2960:4528, 4112:5680] (1568, 1568, 1568) and write ROI [9792:10368, 3456:4032, 4608:5184] (576, 576, 576)
Recording block-done for octoS0SubroiZ15683136Y78409408X1097612544Difficultsoma_pred_affs/8063 with read ROI [9296:10864, 2960:4528, 6416:7984] (1568, 1568, 1568) and write ROI [9792:10368, 3456:4032, 6912:7488] (576, 576, 576)
Recorded block-done for octoS0SubroiZ15683136Y78409408X1097612544Difficultsoma_pred_affs/8063 with read ROI [9296:10864, 2960:4528, 6416:7984] (1568, 1568, 1568) and write ROI [9792:10368, 3456:4032, 6912:7488] (576, 576, 576)
Recording block-done for octoS0SubroiZ15683136Y78409408X1097612544Difficultsoma_pred_affs/12658 with read ROI [9296:10864, 3536:5104, 9296:10864] (1568, 1568, 1568) and write ROI [9792:10368, 4032:4608, 9792:10368] (576, 576, 576)
Recorded block-done for octoS0SubroiZ15683136Y78409408X1097612544Difficultsoma_pred_affs/12658 with read ROI [9296:10864, 3536:5104, 9296:10864] (1568, 1568, 1568) and write ROI [9792:10368, 4032:4608, 9792:10368] (576, 576, 576)
Recording block-done for octoS0SubroiZ15683136Y78409408X1097612544Difficultsoma_pred_affs/11797 with read ROI [9296:10864, 3536:5104, 8720:10288] (1568, 1568, 1568) and write ROI [9792:10368, 4032:4608, 9216:9792] (576, 576, 576)
Recorded block-done for octoS0SubroiZ15683136Y78409408X1097612544Difficultsoma_pred_affs/11797 with read ROI [9296:10864, 3536:5104, 8720:10288] (1568, 1568, 1568) and write ROI [9792:10368, 4032:4608, 9216:9792] (576, 576, 576)
Recording block-done for octoS0SubroiZ15683136Y78409408X1097612544Difficultsoma_pred_affs/6862 with read ROI [9296:10864, 3536:5104, 4688:6256] (1568, 1568, 1568) and write ROI [9792:10368, 4032:4608, 5184:5760] (576, 576, 576)
Recorded block-done for octoS0SubroiZ15683136Y78409408X1097612544Difficultsoma_pred_affs/6862 with read ROI [9296:10864, 3536:5104, 4688:6256] (1568, 1568, 1568) and write ROI [9792:10368, 4032:4608, 5184:5760] (576, 576, 576)
Recording block-done for octoS0SubroiZ15683136Y78409408X1097612544Difficultsoma_pred_affs/10197 with read ROI [9296:10864, 3536:5104, 7568:9136] (1568, 1568, 1568) and write ROI [9792:10368, 4032:4608, 8064:8640] (576, 576, 576)
Recorded block-done for octoS0SubroiZ15683136Y78409408X1097612544Difficultsoma_pred_affs/10197 with read ROI [9296:10864, 3536:5104, 7568:9136] (1568, 1568, 1568) and write ROI [9792:10368, 4032:4608, 8064:8640] (576, 576, 576)
Recording block-done for octoS0SubroiZ15683136Y78409408X1097612544Difficultsoma_pred_affs/8138 with read ROI [9296:10864, 4688:6256, 4688:6256] (1568, 1568, 1568) and write ROI [9792:10368, 5184:5760, 5184:5760] (576, 576, 576)
Recorded block-done for octoS0SubroiZ15683136Y78409408X1097612544Difficultsoma_pred_affs/8138 with read ROI [9296:10864, 4688:6256, 4688:6256] (1568, 1568, 1568) and write ROI [9792:10368, 5184:5760, 5184:5760] (576, 576, 576)
Recording block-done for octoS0SubroiZ15683136Y78409408X1097612544Difficultsoma_pred_affs/12683 with read ROI [9296:10864, 4112:5680, 8720:10288] (1568, 1568, 1568) and write ROI [9792:10368, 4608:5184, 9216:9792] (576, 576, 576)
Recorded block-done for octoS0SubroiZ15683136Y78409408X1097612544Difficultsoma_pred_affs/12683 with read ROI [9296:10864, 4112:5680, 8720:10288] (1568, 1568, 1568) and write ROI [9792:10368, 4608:5184, 9216:9792] (576, 576, 576)
Recording block-done for octoS0SubroiZ15683136Y78409408X1097612544Difficultsoma_pred_affs/10222 with read ROI [9296:10864, 4112:5680, 6992:8560] (1568, 1568, 1568) and write ROI [9792:10368, 4608:5184, 7488:8064] (576, 576, 576)
Recorded block-done for octoS0SubroiZ15683136Y78409408X1097612544Difficultsoma_pred_affs/10222 with read ROI [9296:10864, 4112:5680, 6992:8560] (1568, 1568, 1568) and write ROI [9792:10368, 4608:5184, 7488:8064] (576, 576, 576)
Recording block-done for octoS0SubroiZ15683136Y78409408X1097612544Difficultsoma_pred_affs/11028 with read ROI [9296:10864, 4688:6256, 6992:8560] (1568, 1568, 1568) and write ROI [9792:10368, 5184:5760, 7488:8064] (576, 576, 576)
Recorded block-done for octoS0SubroiZ15683136Y78409408X1097612544Difficultsoma_pred_affs/11028 with read ROI [9296:10864, 4688:6256, 6992:8560] (1568, 1568, 1568) and write ROI [9792:10368, 5184:5760, 7488:8064] (576, 576, 576)
Recording block-done for octoS0SubroiZ15683136Y78409408X1097612544Difficultsoma_pred_affs/12709 with read ROI [9296:10864, 4688:6256, 8144:9712] (1568, 1568, 1568) and write ROI [9792:10368, 5184:5760, 8640:9216] (576, 576, 576)
Recorded block-done for octoS0SubroiZ15683136Y78409408X1097612544Difficultsoma_pred_affs/12709 with read ROI [9296:10864, 4688:6256, 8144:9712] (1568, 1568, 1568) and write ROI [9792:10368, 5184:5760, 8640:9216] (576, 576, 576)
Recording block-done for octoS0SubroiZ15683136Y78409408X1097612544Difficultsoma_pred_affs/16583 with read ROI [9296:10864, 4688:6256, 10448:12016] (1568, 1568, 1568) and write ROI [9792:10368, 5184:5760, 10944:11520] (576, 576, 576)
Recorded block-done for octoS0SubroiZ15683136Y78409408X1097612544Difficultsoma_pred_affs/16583 with read ROI [9296:10864, 4688:6256, 10448:12016] (1568, 1568, 1568) and write ROI [9792:10368, 5184:5760, 10944:11520] (576, 576, 576)
Recording block-done for octoS0SubroiZ15683136Y78409408X1097612544Difficultsoma_pred_affs/17691 with read ROI [9296:10864, 5264:6832, 10448:12016] (1568, 1568, 1568) and write ROI [9792:10368, 5760:6336, 10944:11520] (576, 576, 576)
Recorded block-done for octoS0SubroiZ15683136Y78409408X1097612544Difficultsoma_pred_affs/17691 with read ROI [9296:10864, 5264:6832, 10448:12016] (1568, 1568, 1568) and write ROI [9792:10368, 5760:6336, 10944:11520] (576, 576, 576)
Recording block-done for octoS0SubroiZ15683136Y78409408X1097612544Difficultsoma_pred_affs/4890 with read ROI [9296:10864, 5264:6832, 656:2224] (1568, 1568, 1568) and write ROI [9792:10368, 5760:6336, 1152:1728] (576, 576, 576)
Recorded block-done for octoS0SubroiZ15683136Y78409408X1097612544Difficultsoma_pred_affs/4890 with read ROI [9296:10864, 5264:6832, 656:2224] (1568, 1568, 1568) and write ROI [9792:10368, 5760:6336, 1152:1728] (576, 576, 576)
Recording block-done for octoS0SubroiZ15683136Y78409408X1097612544Difficultsoma_pred_affs/11055 with read ROI [9296:10864, 5264:6832, 6416:7984] (1568, 1568, 1568) and write ROI [9792:10368, 5760:6336, 6912:7488] (576, 576, 576)
Recorded block-done for octoS0SubroiZ15683136Y78409408X1097612544Difficultsoma_pred_affs/11055 with read ROI [9296:10864, 5264:6832, 6416:7984] (1568, 1568, 1568) and write ROI [9792:10368, 5760:6336, 6912:7488] (576, 576, 576)
Recording block-done for octoS0SubroiZ15683136Y78409408X1097612544Difficultsoma_pred_affs/12736 with read ROI [9296:10864, 5264:6832, 7568:9136] (1568, 1568, 1568) and write ROI [9792:10368, 5760:6336, 8064:8640] (576, 576, 576)
Recorded block-done for octoS0SubroiZ15683136Y78409408X1097612544Difficultsoma_pred_affs/12736 with read ROI [9296:10864, 5264:6832, 7568:9136] (1568, 1568, 1568) and write ROI [9792:10368, 5760:6336, 8064:8640] (576, 576, 576)
Recording block-done for octoS0SubroiZ15683136Y78409408X1097612544Difficultsoma_pred_affs/8859 with read ROI [9296:10864, 5840:7408, 4112:5680] (1568, 1568, 1568) and write ROI [9792:10368, 6336:6912, 4608:5184] (576, 576, 576)
Recorded block-done for octoS0SubroiZ15683136Y78409408X1097612544Difficultsoma_pred_affs/8859 with read ROI [9296:10864, 5840:7408, 4112:5680] (1568, 1568, 1568) and write ROI [9792:10368, 6336:6912, 4608:5184] (576, 576, 576)
Recording block-done for octoS0SubroiZ15683136Y78409408X1097612544Difficultsoma_pred_affs/17719 with read ROI [9296:10864, 5840:7408, 9872:11440] (1568, 1568, 1568) and write ROI [9792:10368, 6336:6912, 10368:10944] (576, 576, 576)
Recorded block-done for octoS0SubroiZ15683136Y78409408X1097612544Difficultsoma_pred_affs/17719 with read ROI [9296:10864, 5840:7408, 9872:11440] (1568, 1568, 1568) and write ROI [9792:10368, 6336:6912, 10368:10944] (576, 576, 576)
Recording block-done for octoS0SubroiZ15683136Y78409408X1097612544Difficultsoma_pred_affs/18847 with read ROI [9296:10864, 5840:7408, 10448:12016] (1568, 1568, 1568) and write ROI [9792:10368, 6336:6912, 10944:11520] (576, 576, 576)
Recorded block-done for octoS0SubroiZ15683136Y78409408X1097612544Difficultsoma_pred_affs/18847 with read ROI [9296:10864, 5840:7408, 10448:12016] (1568, 1568, 1568) and write ROI [9792:10368, 6336:6912, 10944:11520] (576, 576, 576)
Recording block-done for octoS0SubroiZ15683136Y78409408X1097612544Difficultsoma_pred_affs/8888 with read ROI [9296:10864, 6416:7984, 3536:5104] (1568, 1568, 1568) and write ROI [9792:10368, 6912:7488, 4032:4608] (576, 576, 576)
Recorded block-done for octoS0SubroiZ15683136Y78409408X1097612544Difficultsoma_pred_affs/8888 with read ROI [9296:10864, 6416:7984, 3536:5104] (1568, 1568, 1568) and write ROI [9792:10368, 6912:7488, 4032:4608] (576, 576, 576)
Recording block-done for octoS0SubroiZ15683136Y78409408X1097612544Difficultsoma_pred_affs/14613 with read ROI [9296:10864, 5840:7408, 8144:9712] (1568, 1568, 1568) and write ROI [9792:10368, 6336:6912, 8640:9216] (576, 576, 576)
Recorded block-done for octoS0SubroiZ15683136Y78409408X1097612544Difficultsoma_pred_affs/14613 with read ROI [9296:10864, 5840:7408, 8144:9712] (1568, 1568, 1568) and write ROI [9792:10368, 6336:6912, 8640:9216] (576, 576, 576)
Recording block-done for octoS0SubroiZ15683136Y78409408X1097612544Difficultsoma_pred_affs/17748 with read ROI [9296:10864, 6416:7984, 9296:10864] (1568, 1568, 1568) and write ROI [9792:10368, 6912:7488, 9792:10368] (576, 576, 576)
Recorded block-done for octoS0SubroiZ15683136Y78409408X1097612544Difficultsoma_pred_affs/17748 with read ROI [9296:10864, 6416:7984, 9296:10864] (1568, 1568, 1568) and write ROI [9792:10368, 6912:7488, 9792:10368] (576, 576, 576)
Recording block-done for octoS0SubroiZ15683136Y78409408X1097612544Difficultsoma_pred_affs/5938 with read ROI [9296:10864, 6992:8560, 80:1648] (1568, 1568, 1568) and write ROI [9792:10368, 7488:8064, 576:1152] (576, 576, 576)
Recorded block-done for octoS0SubroiZ15683136Y78409408X1097612544Difficultsoma_pred_affs/5938 with read ROI [9296:10864, 6992:8560, 80:1648] (1568, 1568, 1568) and write ROI [9792:10368, 7488:8064, 576:1152] (576, 576, 576)
Recording block-done for octoS0SubroiZ15683136Y78409408X1097612544Difficultsoma_pred_affs/8252 with read ROI [9296:10864, 6992:8560, 2384:3952] (1568, 1568, 1568) and write ROI [9792:10368, 7488:8064, 2880:3456] (576, 576, 576)
Recorded block-done for octoS0SubroiZ15683136Y78409408X1097612544Difficultsoma_pred_affs/8252 with read ROI [9296:10864, 6992:8560, 2384:3952] (1568, 1568, 1568) and write ROI [9792:10368, 7488:8064, 2880:3456] (576, 576, 576)
Recording block-done for octoS0SubroiZ15683136Y78409408X1097612544Difficultsoma_pred_affs/7058 with read ROI [9296:10864, 7568:9136, 656:2224] (1568, 1568, 1568) and write ROI [9792:10368, 8064:8640, 1152:1728] (576, 576, 576)
Recorded block-done for octoS0SubroiZ15683136Y78409408X1097612544Difficultsoma_pred_affs/7058 with read ROI [9296:10864, 7568:9136, 656:2224] (1568, 1568, 1568) and write ROI [9792:10368, 8064:8640, 1152:1728] (576, 576, 576)
Recording block-done for octoS0SubroiZ15683136Y78409408X1097612544Difficultsoma_pred_affs/16697 with read ROI [9296:10864, 6992:8560, 8144:9712] (1568, 1568, 1568) and write ROI [9792:10368, 7488:8064, 8640:9216] (576, 576, 576)
Recorded block-done for octoS0SubroiZ15683136Y78409408X1097612544Difficultsoma_pred_affs/16697 with read ROI [9296:10864, 6992:8560, 8144:9712] (1568, 1568, 1568) and write ROI [9792:10368, 7488:8064, 8640:9216] (576, 576, 576)
Recording block-done for octoS0SubroiZ15683136Y78409408X1097612544Difficultsoma_pred_affs/18937 with read ROI [9296:10864, 7568:9136, 8720:10288] (1568, 1568, 1568) and write ROI [9792:10368, 8064:8640, 9216:9792] (576, 576, 576)
Recorded block-done for octoS0SubroiZ15683136Y78409408X1097612544Difficultsoma_pred_affs/18937 with read ROI [9296:10864, 7568:9136, 8720:10288] (1568, 1568, 1568) and write ROI [9792:10368, 8064:8640, 9216:9792] (576, 576, 576)
Recording block-done for octoS0SubroiZ15683136Y78409408X1097612544Difficultsoma_pred_affs/12025 with read ROI [9296:10864, 8144:9712, 4112:5680] (1568, 1568, 1568) and write ROI [9792:10368, 8640:9216, 4608:5184] (576, 576, 576)
Recorded block-done for octoS0SubroiZ15683136Y78409408X1097612544Difficultsoma_pred_affs/12025 with read ROI [9296:10864, 8144:9712, 4112:5680] (1568, 1568, 1568) and write ROI [9792:10368, 8640:9216, 4608:5184] (576, 576, 576)
Recording block-done for octoS0SubroiZ15683136Y78409408X1097612544Difficultsoma_pred_affs/8981 with read ROI [9296:10864, 8144:9712, 1808:3376] (1568, 1568, 1568) and write ROI [9792:10368, 8640:9216, 2304:2880] (576, 576, 576)
Recorded block-done for octoS0SubroiZ15683136Y78409408X1097612544Difficultsoma_pred_affs/8981 with read ROI [9296:10864, 8144:9712, 1808:3376] (1568, 1568, 1568) and write ROI [9792:10368, 8640:9216, 2304:2880] (576, 576, 576)
Recording block-done for octoS0SubroiZ15683136Y78409408X1097612544Difficultsoma_pred_affs/17809 with read ROI [9296:10864, 7568:9136, 8144:9712] (1568, 1568, 1568) and write ROI [9792:10368, 8064:8640, 8640:9216] (576, 576, 576)
Recorded block-done for octoS0SubroiZ15683136Y78409408X1097612544Difficultsoma_pred_affs/17809 with read ROI [9296:10864, 7568:9136, 8144:9712] (1568, 1568, 1568) and write ROI [9792:10368, 8064:8640, 8640:9216] (576, 576, 576)
Recording block-done for octoS0SubroiZ15683136Y78409408X1097612544Difficultsoma_pred_affs/22645 with read ROI [9296:10864, 8144:9712, 9872:11440] (1568, 1568, 1568) and write ROI [9792:10368, 8640:9216, 10368:10944] (576, 576, 576)
Recorded block-done for octoS0SubroiZ15683136Y78409408X1097612544Difficultsoma_pred_affs/22645 with read ROI [9296:10864, 8144:9712, 9872:11440] (1568, 1568, 1568) and write ROI [9792:10368, 8640:9216, 10368:10944] (576, 576, 576)
Recording block-done for octoS0SubroiZ15683136Y78409408X1097612544Difficultsoma_pred_affs/10458 with read ROI [9296:10864, 8720:10288, 2384:3952] (1568, 1568, 1568) and write ROI [9792:10368, 9216:9792, 2880:3456] (576, 576, 576)
Recorded block-done for octoS0SubroiZ15683136Y78409408X1097612544Difficultsoma_pred_affs/10458 with read ROI [9296:10864, 8720:10288, 2384:3952] (1568, 1568, 1568) and write ROI [9792:10368, 9216:9792, 2880:3456] (576, 576, 576)
Recording block-done for octoS0SubroiZ15683136Y78409408X1097612544Difficultsoma_pred_affs/14768 with read ROI [9296:10864, 8720:10288, 5264:6832] (1568, 1568, 1568) and write ROI [9792:10368, 9216:9792, 5760:6336] (576, 576, 576)
Recorded block-done for octoS0SubroiZ15683136Y78409408X1097612544Difficultsoma_pred_affs/14768 with read ROI [9296:10864, 8720:10288, 5264:6832] (1568, 1568, 1568) and write ROI [9792:10368, 9216:9792, 5760:6336] (576, 576, 576)
Recording block-done for octoS0SubroiZ15683136Y78409408X1097612544Difficultsoma_pred_affs/19002 with read ROI [9296:10864, 8720:10288, 7568:9136] (1568, 1568, 1568) and write ROI [9792:10368, 9216:9792, 8064:8640] (576, 576, 576)
Recorded block-done for octoS0SubroiZ15683136Y78409408X1097612544Difficultsoma_pred_affs/19002 with read ROI [9296:10864, 8720:10288, 7568:9136] (1568, 1568, 1568) and write ROI [9792:10368, 9216:9792, 8064:8640] (576, 576, 576)
Recording block-done for octoS0SubroiZ15683136Y78409408X1097612544Difficultsoma_pred_affs/13856 with read ROI [9296:10864, 9296:10864, 4112:5680] (1568, 1568, 1568) and write ROI [9792:10368, 9792:10368, 4608:5184] (576, 576, 576)
Recorded block-done for octoS0SubroiZ15683136Y78409408X1097612544Difficultsoma_pred_affs/13856 with read ROI [9296:10864, 9296:10864, 4112:5680] (1568, 1568, 1568) and write ROI [9792:10368, 9792:10368, 4608:5184] (576, 576, 576)
Recording block-done for octoS0SubroiZ15683136Y78409408X1097612544Difficultsoma_pred_affs/12953 with read ROI [9296:10864, 9296:10864, 3536:5104] (1568, 1568, 1568) and write ROI [9792:10368, 9792:10368, 4032:4608] (576, 576, 576)
Recorded block-done for octoS0SubroiZ15683136Y78409408X1097612544Difficultsoma_pred_affs/12953 with read ROI [9296:10864, 9296:10864, 3536:5104] (1568, 1568, 1568) and write ROI [9792:10368, 9792:10368, 4032:4608] (576, 576, 576)
Recording block-done for octoS0SubroiZ15683136Y78409408X1097612544Difficultsoma_pred_affs/19071 with read ROI [9296:10864, 9872:11440, 6416:7984] (1568, 1568, 1568) and write ROI [9792:10368, 10368:10944, 6912:7488] (576, 576, 576)
Recorded block-done for octoS0SubroiZ15683136Y78409408X1097612544Difficultsoma_pred_affs/19071 with read ROI [9296:10864, 9872:11440, 6416:7984] (1568, 1568, 1568) and write ROI [9792:10368, 10368:10944, 6912:7488] (576, 576, 576)
Recording block-done for octoS0SubroiZ15683136Y78409408X1097612544Difficultsoma_pred_affs/24073 with read ROI [9296:10864, 9872:11440, 8720:10288] (1568, 1568, 1568) and write ROI [9792:10368, 10368:10944, 9216:9792] (576, 576, 576)
Recorded block-done for octoS0SubroiZ15683136Y78409408X1097612544Difficultsoma_pred_affs/24073 with read ROI [9296:10864, 9872:11440, 8720:10288] (1568, 1568, 1568) and write ROI [9792:10368, 10368:10944, 9216:9792] (576, 576, 576)
Recording block-done for octoS0SubroiZ15683136Y78409408X1097612544Difficultsoma_pred_affs/13891 with read ROI [9296:10864, 9872:11440, 3536:5104] (1568, 1568, 1568) and write ROI [9792:10368, 10368:10944, 4032:4608] (576, 576, 576)
Recorded block-done for octoS0SubroiZ15683136Y78409408X1097612544Difficultsoma_pred_affs/13891 with read ROI [9296:10864, 9872:11440, 3536:5104] (1568, 1568, 1568) and write ROI [9792:10368, 10368:10944, 4032:4608] (576, 576, 576)
Recording block-done for octoS0SubroiZ15683136Y78409408X1097612544Difficultsoma_pred_affs/22747 with read ROI [9296:10864, 9872:11440, 8144:9712] (1568, 1568, 1568) and write ROI [9792:10368, 10368:10944, 8640:9216] (576, 576, 576)
Recorded block-done for octoS0SubroiZ15683136Y78409408X1097612544Difficultsoma_pred_affs/22747 with read ROI [9296:10864, 9872:11440, 8144:9712] (1568, 1568, 1568) and write ROI [9792:10368, 10368:10944, 8640:9216] (576, 576, 576)
Recording block-done for octoS0SubroiZ15683136Y78409408X1097612544Difficultsoma_pred_affs/21472 with read ROI [9296:10864, 9872:11440, 7568:9136] (1568, 1568, 1568) and write ROI [9792:10368, 10368:10944, 8064:8640] (576, 576, 576)
Recorded block-done for octoS0SubroiZ15683136Y78409408X1097612544Difficultsoma_pred_affs/21472 with read ROI [9296:10864, 9872:11440, 7568:9136] (1568, 1568, 1568) and write ROI [9792:10368, 10368:10944, 8064:8640] (576, 576, 576)
Recording block-done for octoS0SubroiZ15683136Y78409408X1097612544Difficultsoma_pred_affs/19107 with read ROI [9296:10864, 10448:12016, 5840:7408] (1568, 1568, 1568) and write ROI [9792:10368, 10944:11520, 6336:6912] (576, 576, 576)
Recorded block-done for octoS0SubroiZ15683136Y78409408X1097612544Difficultsoma_pred_affs/19107 with read ROI [9296:10864, 10448:12016, 5840:7408] (1568, 1568, 1568) and write ROI [9792:10368, 10944:11520, 6336:6912] (576, 576, 576)
Recording block-done for octoS0SubroiZ15683136Y78409408X1097612544Difficultsoma_pred_affs/24109 with read ROI [9296:10864, 10448:12016, 8144:9712] (1568, 1568, 1568) and write ROI [9792:10368, 10944:11520, 8640:9216] (576, 576, 576)
Recorded block-done for octoS0SubroiZ15683136Y78409408X1097612544Difficultsoma_pred_affs/24109 with read ROI [9296:10864, 10448:12016, 8144:9712] (1568, 1568, 1568) and write ROI [9792:10368, 10944:11520, 8640:9216] (576, 576, 576)
Recording block-done for octoS0SubroiZ15683136Y78409408X1097612544Difficultsoma_pred_affs/7978 with read ROI [9872:11440, 80:1648, 8720:10288] (1568, 1568, 1568) and write ROI [10368:10944, 576:1152, 9216:9792] (576, 576, 576)
Recorded block-done for octoS0SubroiZ15683136Y78409408X1097612544Difficultsoma_pred_affs/7978 with read ROI [9872:11440, 80:1648, 8720:10288] (1568, 1568, 1568) and write ROI [10368:10944, 576:1152, 9216:9792] (576, 576, 576)
Recording block-done for octoS0SubroiZ15683136Y78409408X1097612544Difficultsoma_pred_affs/3862 with read ROI [9872:11440, 80:1648, 4112:5680] (1568, 1568, 1568) and write ROI [10368:10944, 576:1152, 4608:5184] (576, 576, 576)
Recorded block-done for octoS0SubroiZ15683136Y78409408X1097612544Difficultsoma_pred_affs/3862 with read ROI [9872:11440, 80:1648, 4112:5680] (1568, 1568, 1568) and write ROI [10368:10944, 576:1152, 4608:5184] (576, 576, 576)
Recording block-done for octoS0SubroiZ15683136Y78409408X1097612544Difficultsoma_pred_affs/5168 with read ROI [9872:11440, 80:1648, 5840:7408] (1568, 1568, 1568) and write ROI [10368:10944, 576:1152, 6336:6912] (576, 576, 576)
Recorded block-done for octoS0SubroiZ15683136Y78409408X1097612544Difficultsoma_pred_affs/5168 with read ROI [9872:11440, 80:1648, 5840:7408] (1568, 1568, 1568) and write ROI [10368:10944, 576:1152, 6336:6912] (576, 576, 576)
Recording block-done for octoS0SubroiZ15683136Y78409408X1097612544Difficultsoma_pred_affs/2828 with read ROI [9872:11440, 656:2224, 1808:3376] (1568, 1568, 1568) and write ROI [10368:10944, 1152:1728, 2304:2880] (576, 576, 576)
Recorded block-done for octoS0SubroiZ15683136Y78409408X1097612544Difficultsoma_pred_affs/2828 with read ROI [9872:11440, 656:2224, 1808:3376] (1568, 1568, 1568) and write ROI [10368:10944, 1152:1728, 2304:2880] (576, 576, 576)
Recording block-done for octoS0SubroiZ15683136Y78409408X1097612544Difficultsoma_pred_affs/4723 with read ROI [9872:11440, 656:2224, 4688:6256] (1568, 1568, 1568) and write ROI [10368:10944, 1152:1728, 5184:5760] (576, 576, 576)
Recorded block-done for octoS0SubroiZ15683136Y78409408X1097612544Difficultsoma_pred_affs/4723 with read ROI [9872:11440, 656:2224, 4688:6256] (1568, 1568, 1568) and write ROI [10368:10944, 1152:1728, 5184:5760] (576, 576, 576)
Recording block-done for octoS0SubroiZ15683136Y78409408X1097612544Difficultsoma_pred_affs/6233 with read ROI [9872:11440, 1232:2800, 5840:7408] (1568, 1568, 1568) and write ROI [10368:10944, 1728:2304, 6336:6912] (576, 576, 576)
Recorded block-done for octoS0SubroiZ15683136Y78409408X1097612544Difficultsoma_pred_affs/6233 with read ROI [9872:11440, 1232:2800, 5840:7408] (1568, 1568, 1568) and write ROI [10368:10944, 1728:2304, 6336:6912] (576, 576, 576)
Recording block-done for octoS0SubroiZ15683136Y78409408X1097612544Difficultsoma_pred_affs/10108 with read ROI [9872:11440, 656:2224, 9872:11440] (1568, 1568, 1568) and write ROI [10368:10944, 1152:1728, 10368:10944] (576, 576, 576)
Recorded block-done for octoS0SubroiZ15683136Y78409408X1097612544Difficultsoma_pred_affs/10108 with read ROI [9872:11440, 656:2224, 9872:11440] (1568, 1568, 1568) and write ROI [10368:10944, 1152:1728, 10368:10944] (576, 576, 576)
Recording block-done for octoS0SubroiZ15683136Y78409408X1097612544Difficultsoma_pred_affs/2273 with read ROI [9872:11440, 1232:2800, 80:1648] (1568, 1568, 1568) and write ROI [10368:10944, 1728:2304, 576:1152] (576, 576, 576)
Recorded block-done for octoS0SubroiZ15683136Y78409408X1097612544Difficultsoma_pred_affs/2273 with read ROI [9872:11440, 1232:2800, 80:1648] (1568, 1568, 1568) and write ROI [10368:10944, 1728:2304, 576:1152] (576, 576, 576)
Recording block-done for octoS0SubroiZ15683136Y78409408X1097612544Difficultsoma_pred_affs/8019 with read ROI [9872:11440, 1232:2800, 7568:9136] (1568, 1568, 1568) and write ROI [10368:10944, 1728:2304, 8064:8640] (576, 576, 576)
Recorded block-done for octoS0SubroiZ15683136Y78409408X1097612544Difficultsoma_pred_affs/8019 with read ROI [9872:11440, 1232:2800, 7568:9136] (1568, 1568, 1568) and write ROI [10368:10944, 1728:2304, 8064:8640] (576, 576, 576)
Recording block-done for octoS0SubroiZ15683136Y78409408X1097612544Difficultsoma_pred_affs/8707 with read ROI [9872:11440, 1808:3376, 7568:9136] (1568, 1568, 1568) and write ROI [10368:10944, 2304:2880, 8064:8640] (576, 576, 576)
Recorded block-done for octoS0SubroiZ15683136Y78409408X1097612544Difficultsoma_pred_affs/8707 with read ROI [9872:11440, 1808:3376, 7568:9136] (1568, 1568, 1568) and write ROI [10368:10944, 2304:2880, 8064:8640] (576, 576, 576)
Recording block-done for octoS0SubroiZ15683136Y78409408X1097612544Difficultsoma_pred_affs/3547 with read ROI [9872:11440, 1808:3376, 1808:3376] (1568, 1568, 1568) and write ROI [10368:10944, 2304:2880, 2304:2880] (576, 576, 576)
Recorded block-done for octoS0SubroiZ15683136Y78409408X1097612544Difficultsoma_pred_affs/3547 with read ROI [9872:11440, 1808:3376, 1808:3376] (1568, 1568, 1568) and write ROI [10368:10944, 2304:2880, 2304:2880] (576, 576, 576)
Recording block-done for octoS0SubroiZ15683136Y78409408X1097612544Difficultsoma_pred_affs/6839 with read ROI [9872:11440, 2384:3952, 5264:6832] (1568, 1568, 1568) and write ROI [10368:10944, 2880:3456, 5760:6336] (576, 576, 576)
Recorded block-done for octoS0SubroiZ15683136Y78409408X1097612544Difficultsoma_pred_affs/6839 with read ROI [9872:11440, 2384:3952, 5264:6832] (1568, 1568, 1568) and write ROI [10368:10944, 2880:3456, 5760:6336] (576, 576, 576)
Recording block-done for octoS0SubroiZ15683136Y78409408X1097612544Difficultsoma_pred_affs/5750 with read ROI [9872:11440, 2384:3952, 4112:5680] (1568, 1568, 1568) and write ROI [10368:10944, 2880:3456, 4608:5184] (576, 576, 576)
Recorded block-done for octoS0SubroiZ15683136Y78409408X1097612544Difficultsoma_pred_affs/5750 with read ROI [9872:11440, 2384:3952, 4112:5680] (1568, 1568, 1568) and write ROI [10368:10944, 2880:3456, 4608:5184] (576, 576, 576)
Recording block-done for octoS0SubroiZ15683136Y78409408X1097612544Difficultsoma_pred_affs/9433 with read ROI [9872:11440, 2384:3952, 7568:9136] (1568, 1568, 1568) and write ROI [10368:10944, 2880:3456, 8064:8640] (576, 576, 576)
Recorded block-done for octoS0SubroiZ15683136Y78409408X1097612544Difficultsoma_pred_affs/9433 with read ROI [9872:11440, 2384:3952, 7568:9136] (1568, 1568, 1568) and write ROI [10368:10944, 2880:3456, 8064:8640] (576, 576, 576)
Recording block-done for octoS0SubroiZ15683136Y78409408X1097612544Difficultsoma_pred_affs/8730 with read ROI [9872:11440, 2384:3952, 6992:8560] (1568, 1568, 1568) and write ROI [10368:10944, 2880:3456, 7488:8064] (576, 576, 576)
Recorded block-done for octoS0SubroiZ15683136Y78409408X1097612544Difficultsoma_pred_affs/8730 with read ROI [9872:11440, 2384:3952, 6992:8560] (1568, 1568, 1568) and write ROI [10368:10944, 2880:3456, 7488:8064] (576, 576, 576)
Recording block-done for octoS0SubroiZ15683136Y78409408X1097612544Difficultsoma_pred_affs/4813 with read ROI [9872:11440, 2960:4528, 2384:3952] (1568, 1568, 1568) and write ROI [10368:10944, 3456:4032, 2880:3456] (576, 576, 576)
Recorded block-done for octoS0SubroiZ15683136Y78409408X1097612544Difficultsoma_pred_affs/4813 with read ROI [9872:11440, 2960:4528, 2384:3952] (1568, 1568, 1568) and write ROI [10368:10944, 3456:4032, 2880:3456] (576, 576, 576)
Recording block-done for octoS0SubroiZ15683136Y78409408X1097612544Difficultsoma_pred_affs/12659 with read ROI [9872:11440, 2960:4528, 9296:10864] (1568, 1568, 1568) and write ROI [10368:10944, 3456:4032, 9792:10368] (576, 576, 576)
Recorded block-done for octoS0SubroiZ15683136Y78409408X1097612544Difficultsoma_pred_affs/12659 with read ROI [9872:11440, 2960:4528, 9296:10864] (1568, 1568, 1568) and write ROI [10368:10944, 3456:4032, 9792:10368] (576, 576, 576)
Recording block-done for octoS0SubroiZ15683136Y78409408X1097612544Difficultsoma_pred_affs/3619 with read ROI [9872:11440, 3536:5104, 80:1648] (1568, 1568, 1568) and write ROI [10368:10944, 4032:4608, 576:1152] (576, 576, 576)
Recorded block-done for octoS0SubroiZ15683136Y78409408X1097612544Difficultsoma_pred_affs/3619 with read ROI [9872:11440, 3536:5104, 80:1648] (1568, 1568, 1568) and write ROI [10368:10944, 4032:4608, 576:1152] (576, 576, 576)
Recording block-done for octoS0SubroiZ15683136Y78409408X1097612544Difficultsoma_pred_affs/4429 with read ROI [9872:11440, 4112:5680, 656:2224] (1568, 1568, 1568) and write ROI [10368:10944, 4608:5184, 1152:1728] (576, 576, 576)
Recorded block-done for octoS0SubroiZ15683136Y78409408X1097612544Difficultsoma_pred_affs/4429 with read ROI [9872:11440, 4112:5680, 656:2224] (1568, 1568, 1568) and write ROI [10368:10944, 4608:5184, 1152:1728] (576, 576, 576)
Recording block-done for octoS0SubroiZ15683136Y78409408X1097612544Difficultsoma_pred_affs/5329 with read ROI [9872:11440, 4112:5680, 1808:3376] (1568, 1568, 1568) and write ROI [10368:10944, 4608:5184, 2304:2880] (576, 576, 576)
Recorded block-done for octoS0SubroiZ15683136Y78409408X1097612544Difficultsoma_pred_affs/5329 with read ROI [9872:11440, 4112:5680, 1808:3376] (1568, 1568, 1568) and write ROI [10368:10944, 4608:5184, 2304:2880] (576, 576, 576)
Recording block-done for octoS0SubroiZ15683136Y78409408X1097612544Difficultsoma_pred_affs/8113 with read ROI [9872:11440, 3536:5104, 5264:6832] (1568, 1568, 1568) and write ROI [10368:10944, 4032:4608, 5760:6336] (576, 576, 576)
Recorded block-done for octoS0SubroiZ15683136Y78409408X1097612544Difficultsoma_pred_affs/8113 with read ROI [9872:11440, 3536:5104, 5264:6832] (1568, 1568, 1568) and write ROI [10368:10944, 4032:4608, 5760:6336] (576, 576, 576)
Recording block-done for octoS0SubroiZ15683136Y78409408X1097612544Difficultsoma_pred_affs/10198 with read ROI [9872:11440, 2960:4528, 7568:9136] (1568, 1568, 1568) and write ROI [10368:10944, 3456:4032, 8064:8640] (576, 576, 576)
Recorded block-done for octoS0SubroiZ15683136Y78409408X1097612544Difficultsoma_pred_affs/10198 with read ROI [9872:11440, 2960:4528, 7568:9136] (1568, 1568, 1568) and write ROI [10368:10944, 3456:4032, 8064:8640] (576, 576, 576)
Recording block-done for octoS0SubroiZ15683136Y78409408X1097612544Difficultsoma_pred_affs/6914 with read ROI [9872:11440, 4112:5680, 3536:5104] (1568, 1568, 1568) and write ROI [10368:10944, 4608:5184, 4032:4608] (576, 576, 576)
Recorded block-done for octoS0SubroiZ15683136Y78409408X1097612544Difficultsoma_pred_affs/6914 with read ROI [9872:11440, 4112:5680, 3536:5104] (1568, 1568, 1568) and write ROI [10368:10944, 4608:5184, 4032:4608] (576, 576, 576)
Recording block-done for octoS0SubroiZ15683136Y78409408X1097612544Difficultsoma_pred_affs/8805 with read ROI [9872:11440, 4112:5680, 5264:6832] (1568, 1568, 1568) and write ROI [10368:10944, 4608:5184, 5760:6336] (576, 576, 576)
Recorded block-done for octoS0SubroiZ15683136Y78409408X1097612544Difficultsoma_pred_affs/8805 with read ROI [9872:11440, 4112:5680, 5264:6832] (1568, 1568, 1568) and write ROI [10368:10944, 4608:5184, 5760:6336] (576, 576, 576)
Recording block-done for octoS0SubroiZ15683136Y78409408X1097612544Difficultsoma_pred_affs/9508 with read ROI [9872:11440, 4112:5680, 5840:7408] (1568, 1568, 1568) and write ROI [10368:10944, 4608:5184, 6336:6912] (576, 576, 576)
Recorded block-done for octoS0SubroiZ15683136Y78409408X1097612544Difficultsoma_pred_affs/9508 with read ROI [9872:11440, 4112:5680, 5840:7408] (1568, 1568, 1568) and write ROI [10368:10944, 4608:5184, 6336:6912] (576, 576, 576)
Recording block-done for octoS0SubroiZ15683136Y78409408X1097612544Difficultsoma_pred_affs/9535 with read ROI [9872:11440, 4688:6256, 5264:6832] (1568, 1568, 1568) and write ROI [10368:10944, 5184:5760, 5760:6336] (576, 576, 576)
Recorded block-done for octoS0SubroiZ15683136Y78409408X1097612544Difficultsoma_pred_affs/9535 with read ROI [9872:11440, 4688:6256, 5264:6832] (1568, 1568, 1568) and write ROI [10368:10944, 5184:5760, 5760:6336] (576, 576, 576)
Recording block-done for octoS0SubroiZ15683136Y78409408X1097612544Difficultsoma_pred_affs/14559 with read ROI [9872:11440, 4112:5680, 9296:10864] (1568, 1568, 1568) and write ROI [10368:10944, 4608:5184, 9792:10368] (576, 576, 576)
Recorded block-done for octoS0SubroiZ15683136Y78409408X1097612544Difficultsoma_pred_affs/14559 with read ROI [9872:11440, 4112:5680, 9296:10864] (1568, 1568, 1568) and write ROI [10368:10944, 4608:5184, 9792:10368] (576, 576, 576)
Recording block-done for octoS0SubroiZ15683136Y78409408X1097612544Difficultsoma_pred_affs/16584 with read ROI [9872:11440, 4112:5680, 10448:12016] (1568, 1568, 1568) and write ROI [10368:10944, 4608:5184, 10944:11520] (576, 576, 576)
Recorded block-done for octoS0SubroiZ15683136Y78409408X1097612544Difficultsoma_pred_affs/16584 with read ROI [9872:11440, 4112:5680, 10448:12016] (1568, 1568, 1568) and write ROI [10368:10944, 4608:5184, 10944:11520] (576, 576, 576)
Recording block-done for octoS0SubroiZ15683136Y78409408X1097612544Difficultsoma_pred_affs/17692 with read ROI [9872:11440, 4688:6256, 10448:12016] (1568, 1568, 1568) and write ROI [10368:10944, 5184:5760, 10944:11520] (576, 576, 576)
Recorded block-done for octoS0SubroiZ15683136Y78409408X1097612544Difficultsoma_pred_affs/17692 with read ROI [9872:11440, 4688:6256, 10448:12016] (1568, 1568, 1568) and write ROI [10368:10944, 5184:5760, 10944:11520] (576, 576, 576)
Recording block-done for octoS0SubroiZ15683136Y78409408X1097612544Difficultsoma_pred_affs/9563 with read ROI [9872:11440, 5264:6832, 4688:6256] (1568, 1568, 1568) and write ROI [10368:10944, 5760:6336, 5184:5760] (576, 576, 576)
Recorded block-done for octoS0SubroiZ15683136Y78409408X1097612544Difficultsoma_pred_affs/9563 with read ROI [9872:11440, 5264:6832, 4688:6256] (1568, 1568, 1568) and write ROI [10368:10944, 5760:6336, 5184:5760] (576, 576, 576)
Recording block-done for octoS0SubroiZ15683136Y78409408X1097612544Difficultsoma_pred_affs/8194 with read ROI [9872:11440, 5264:6832, 3536:5104] (1568, 1568, 1568) and write ROI [10368:10944, 5760:6336, 4032:4608] (576, 576, 576)
Recorded block-done for octoS0SubroiZ15683136Y78409408X1097612544Difficultsoma_pred_affs/8194 with read ROI [9872:11440, 5264:6832, 3536:5104] (1568, 1568, 1568) and write ROI [10368:10944, 5760:6336, 4032:4608] (576, 576, 576)
Recording block-done for octoS0SubroiZ15683136Y78409408X1097612544Difficultsoma_pred_affs/6437 with read ROI [9872:11440, 5840:7408, 1232:2800] (1568, 1568, 1568) and write ROI [10368:10944, 6336:6912, 1728:2304] (576, 576, 576)
Recorded block-done for octoS0SubroiZ15683136Y78409408X1097612544Difficultsoma_pred_affs/6437 with read ROI [9872:11440, 5840:7408, 1232:2800] (1568, 1568, 1568) and write ROI [10368:10944, 6336:6912, 1728:2304] (576, 576, 576)
Recording block-done for octoS0SubroiZ15683136Y78409408X1097612544Difficultsoma_pred_affs/9592 with read ROI [9872:11440, 5840:7408, 4112:5680] (1568, 1568, 1568) and write ROI [10368:10944, 6336:6912, 4608:5184] (576, 576, 576)
Recorded block-done for octoS0SubroiZ15683136Y78409408X1097612544Difficultsoma_pred_affs/9592 with read ROI [9872:11440, 5840:7408, 4112:5680] (1568, 1568, 1568) and write ROI [10368:10944, 6336:6912, 4608:5184] (576, 576, 576)
Recording block-done for octoS0SubroiZ15683136Y78409408X1097612544Difficultsoma_pred_affs/8889 with read ROI [9872:11440, 5840:7408, 3536:5104] (1568, 1568, 1568) and write ROI [10368:10944, 6336:6912, 4032:4608] (576, 576, 576)
Recorded block-done for octoS0SubroiZ15683136Y78409408X1097612544Difficultsoma_pred_affs/8889 with read ROI [9872:11440, 5840:7408, 3536:5104] (1568, 1568, 1568) and write ROI [10368:10944, 6336:6912, 4032:4608] (576, 576, 576)
Recording block-done for octoS0SubroiZ15683136Y78409408X1097612544Difficultsoma_pred_affs/15633 with read ROI [9872:11440, 5840:7408, 8144:9712] (1568, 1568, 1568) and write ROI [10368:10944, 6336:6912, 8640:9216] (576, 576, 576)
Recorded block-done for octoS0SubroiZ15683136Y78409408X1097612544Difficultsoma_pred_affs/15633 with read ROI [9872:11440, 5840:7408, 8144:9712] (1568, 1568, 1568) and write ROI [10368:10944, 6336:6912, 8640:9216] (576, 576, 576)
Recording block-done for octoS0SubroiZ15683136Y78409408X1097612544Difficultsoma_pred_affs/20053 with read ROI [9872:11440, 5840:7408, 10448:12016] (1568, 1568, 1568) and write ROI [10368:10944, 6336:6912, 10944:11520] (576, 576, 576)
Recorded block-done for octoS0SubroiZ15683136Y78409408X1097612544Difficultsoma_pred_affs/20053 with read ROI [9872:11440, 5840:7408, 10448:12016] (1568, 1568, 1568) and write ROI [10368:10944, 6336:6912, 10944:11520] (576, 576, 576)
Recording block-done for octoS0SubroiZ15683136Y78409408X1097612544Difficultsoma_pred_affs/13727 with read ROI [9872:11440, 6416:7984, 6416:7984] (1568, 1568, 1568) and write ROI [10368:10944, 6912:7488, 6912:7488] (576, 576, 576)
Recorded block-done for octoS0SubroiZ15683136Y78409408X1097612544Difficultsoma_pred_affs/13727 with read ROI [9872:11440, 6416:7984, 6416:7984] (1568, 1568, 1568) and write ROI [10368:10944, 6912:7488, 6912:7488] (576, 576, 576)
Recording block-done for octoS0SubroiZ15683136Y78409408X1097612544Difficultsoma_pred_affs/9622 with read ROI [9872:11440, 6416:7984, 3536:5104] (1568, 1568, 1568) and write ROI [10368:10944, 6912:7488, 4032:4608] (576, 576, 576)
Recorded block-done for octoS0SubroiZ15683136Y78409408X1097612544Difficultsoma_pred_affs/9622 with read ROI [9872:11440, 6416:7984, 3536:5104] (1568, 1568, 1568) and write ROI [10368:10944, 6912:7488, 4032:4608] (576, 576, 576)
Recording block-done for octoS0SubroiZ15683136Y78409408X1097612544Difficultsoma_pred_affs/11174 with read ROI [9872:11440, 6992:8560, 4112:5680] (1568, 1568, 1568) and write ROI [10368:10944, 7488:8064, 4608:5184] (576, 576, 576)
Recorded block-done for octoS0SubroiZ15683136Y78409408X1097612544Difficultsoma_pred_affs/11174 with read ROI [9872:11440, 6992:8560, 4112:5680] (1568, 1568, 1568) and write ROI [10368:10944, 7488:8064, 4608:5184] (576, 576, 576)
Recording block-done for octoS0SubroiZ15683136Y78409408X1097612544Difficultsoma_pred_affs/10394 with read ROI [9872:11440, 6992:8560, 3536:5104] (1568, 1568, 1568) and write ROI [10368:10944, 7488:8064, 4032:4608] (576, 576, 576)
Recorded block-done for octoS0SubroiZ15683136Y78409408X1097612544Difficultsoma_pred_affs/10394 with read ROI [9872:11440, 6992:8560, 3536:5104] (1568, 1568, 1568) and write ROI [10368:10944, 7488:8064, 4032:4608] (576, 576, 576)
Recording block-done for octoS0SubroiZ15683136Y78409408X1097612544Difficultsoma_pred_affs/12887 with read ROI [9872:11440, 7568:9136, 4688:6256] (1568, 1568, 1568) and write ROI [10368:10944, 8064:8640, 5184:5760] (576, 576, 576)
Recorded block-done for octoS0SubroiZ15683136Y78409408X1097612544Difficultsoma_pred_affs/12887 with read ROI [9872:11440, 7568:9136, 4688:6256] (1568, 1568, 1568) and write ROI [10368:10944, 8064:8640, 5184:5760] (576, 576, 576)
Recording block-done for octoS0SubroiZ15683136Y78409408X1097612544Difficultsoma_pred_affs/22646 with read ROI [9872:11440, 7568:9136, 9872:11440] (1568, 1568, 1568) and write ROI [10368:10944, 8064:8640, 10368:10944] (576, 576, 576)
Recorded block-done for octoS0SubroiZ15683136Y78409408X1097612544Difficultsoma_pred_affs/22646 with read ROI [9872:11440, 7568:9136, 9872:11440] (1568, 1568, 1568) and write ROI [10368:10944, 8064:8640, 10368:10944] (576, 576, 576)
Recording block-done for octoS0SubroiZ15683136Y78409408X1097612544Difficultsoma_pred_affs/16729 with read ROI [9872:11440, 6992:8560, 7568:9136] (1568, 1568, 1568) and write ROI [10368:10944, 7488:8064, 8064:8640] (576, 576, 576)
Recorded block-done for octoS0SubroiZ15683136Y78409408X1097612544Difficultsoma_pred_affs/16729 with read ROI [9872:11440, 6992:8560, 7568:9136] (1568, 1568, 1568) and write ROI [10368:10944, 7488:8064, 8064:8640] (576, 576, 576)
Recording block-done for octoS0SubroiZ15683136Y78409408X1097612544Difficultsoma_pred_affs/18970 with read ROI [9872:11440, 7568:9136, 8144:9712] (1568, 1568, 1568) and write ROI [10368:10944, 8064:8640, 8640:9216] (576, 576, 576)
Recorded block-done for octoS0SubroiZ15683136Y78409408X1097612544Difficultsoma_pred_affs/18970 with read ROI [9872:11440, 7568:9136, 8144:9712] (1568, 1568, 1568) and write ROI [10368:10944, 8064:8640, 8640:9216] (576, 576, 576)
Recording block-done for octoS0SubroiZ15683136Y78409408X1097612544Difficultsoma_pred_affs/11273 with read ROI [9872:11440, 8720:10288, 2384:3952] (1568, 1568, 1568) and write ROI [10368:10944, 9216:9792, 2880:3456] (576, 576, 576)
Recorded block-done for octoS0SubroiZ15683136Y78409408X1097612544Difficultsoma_pred_affs/11273 with read ROI [9872:11440, 8720:10288, 2384:3952] (1568, 1568, 1568) and write ROI [10368:10944, 9216:9792, 2880:3456] (576, 576, 576)
Recording block-done for octoS0SubroiZ15683136Y78409408X1097612544Difficultsoma_pred_affs/17875 with read ROI [9872:11440, 8144:9712, 6992:8560] (1568, 1568, 1568) and write ROI [10368:10944, 8640:9216, 7488:8064] (576, 576, 576)
Recorded block-done for octoS0SubroiZ15683136Y78409408X1097612544Difficultsoma_pred_affs/17875 with read ROI [9872:11440, 8144:9712, 6992:8560] (1568, 1568, 1568) and write ROI [10368:10944, 8640:9216, 7488:8064] (576, 576, 576)
Recording block-done for octoS0SubroiZ15683136Y78409408X1097612544Difficultsoma_pred_affs/20179 with read ROI [9872:11440, 8144:9712, 8144:9712] (1568, 1568, 1568) and write ROI [10368:10944, 8640:9216, 8640:9216] (576, 576, 576)
Recorded block-done for octoS0SubroiZ15683136Y78409408X1097612544Difficultsoma_pred_affs/20179 with read ROI [9872:11440, 8144:9712, 8144:9712] (1568, 1568, 1568) and write ROI [10368:10944, 8640:9216, 8640:9216] (576, 576, 576)
Recording block-done for octoS0SubroiZ15683136Y78409408X1097612544Difficultsoma_pred_affs/19037 with read ROI [9872:11440, 8720:10288, 6992:8560] (1568, 1568, 1568) and write ROI [10368:10944, 9216:9792, 7488:8064] (576, 576, 576)
Recorded block-done for octoS0SubroiZ15683136Y78409408X1097612544Difficultsoma_pred_affs/19037 with read ROI [9872:11440, 8720:10288, 6992:8560] (1568, 1568, 1568) and write ROI [10368:10944, 9216:9792, 7488:8064] (576, 576, 576)
Recording block-done for octoS0SubroiZ15683136Y78409408X1097612544Difficultsoma_pred_affs/21438 with read ROI [9872:11440, 8720:10288, 8144:9712] (1568, 1568, 1568) and write ROI [10368:10944, 9216:9792, 8640:9216] (576, 576, 576)
Recorded block-done for octoS0SubroiZ15683136Y78409408X1097612544Difficultsoma_pred_affs/21438 with read ROI [9872:11440, 8720:10288, 8144:9712] (1568, 1568, 1568) and write ROI [10368:10944, 9216:9792, 8640:9216] (576, 576, 576)
Recording block-done for octoS0SubroiZ15683136Y78409408X1097612544Difficultsoma_pred_affs/10528 with read ROI [9872:11440, 9296:10864, 1232:2800] (1568, 1568, 1568) and write ROI [10368:10944, 9792:10368, 1728:2304] (576, 576, 576)
Recorded block-done for octoS0SubroiZ15683136Y78409408X1097612544Difficultsoma_pred_affs/10528 with read ROI [9872:11440, 9296:10864, 1232:2800] (1568, 1568, 1568) and write ROI [10368:10944, 9792:10368, 1728:2304] (576, 576, 576)
Recording block-done for octoS0SubroiZ15683136Y78409408X1097612544Difficultsoma_pred_affs/26883 with read ROI [9872:11440, 9296:10864, 9872:11440] (1568, 1568, 1568) and write ROI [10368:10944, 9792:10368, 10368:10944] (576, 576, 576)
Recorded block-done for octoS0SubroiZ15683136Y78409408X1097612544Difficultsoma_pred_affs/26883 with read ROI [9872:11440, 9296:10864, 9872:11440] (1568, 1568, 1568) and write ROI [10368:10944, 9792:10368, 10368:10944] (576, 576, 576)
Recording block-done for octoS0SubroiZ15683136Y78409408X1097612544Difficultsoma_pred_affs/9823 with read ROI [9872:11440, 9872:11440, 80:1648] (1568, 1568, 1568) and write ROI [10368:10944, 10368:10944, 576:1152] (576, 576, 576)
Recorded block-done for octoS0SubroiZ15683136Y78409408X1097612544Difficultsoma_pred_affs/9823 with read ROI [9872:11440, 9872:11440, 80:1648] (1568, 1568, 1568) and write ROI [10368:10944, 10368:10944, 576:1152] (576, 576, 576)
Recording block-done for octoS0SubroiZ15683136Y78409408X1097612544Difficultsoma_pred_affs/12164 with read ROI [9872:11440, 9872:11440, 1808:3376] (1568, 1568, 1568) and write ROI [10368:10944, 10368:10944, 2304:2880] (576, 576, 576)
Recorded block-done for octoS0SubroiZ15683136Y78409408X1097612544Difficultsoma_pred_affs/12164 with read ROI [9872:11440, 9872:11440, 1808:3376] (1568, 1568, 1568) and write ROI [10368:10944, 10368:10944, 2304:2880] (576, 576, 576)
Recording block-done for octoS0SubroiZ15683136Y78409408X1097612544Difficultsoma_pred_affs/15864 with read ROI [9872:11440, 9872:11440, 4112:5680] (1568, 1568, 1568) and write ROI [10368:10944, 10368:10944, 4608:5184] (576, 576, 576)
Recorded block-done for octoS0SubroiZ15683136Y78409408X1097612544Difficultsoma_pred_affs/15864 with read ROI [9872:11440, 9872:11440, 4112:5680] (1568, 1568, 1568) and write ROI [10368:10944, 10368:10944, 4608:5184] (576, 576, 576)
Recording block-done for octoS0SubroiZ15683136Y78409408X1097612544Difficultsoma_pred_affs/20284 with read ROI [9872:11440, 9872:11440, 6416:7984] (1568, 1568, 1568) and write ROI [10368:10944, 10368:10944, 6912:7488] (576, 576, 576)
Recorded block-done for octoS0SubroiZ15683136Y78409408X1097612544Difficultsoma_pred_affs/20284 with read ROI [9872:11440, 9872:11440, 6416:7984] (1568, 1568, 1568) and write ROI [10368:10944, 10368:10944, 6912:7488] (576, 576, 576)
Recording block-done for octoS0SubroiZ15683136Y78409408X1097612544Difficultsoma_pred_affs/13965 with read ROI [9872:11440, 10448:12016, 2384:3952] (1568, 1568, 1568) and write ROI [10368:10944, 10944:11520, 2880:3456] (576, 576, 576)
Recorded block-done for octoS0SubroiZ15683136Y78409408X1097612544Difficultsoma_pred_affs/13965 with read ROI [9872:11440, 10448:12016, 2384:3952] (1568, 1568, 1568) and write ROI [10368:10944, 10944:11520, 2880:3456] (576, 576, 576)
Recording block-done for octoS0SubroiZ15683136Y78409408X1097612544Difficultsoma_pred_affs/20321 with read ROI [9872:11440, 10448:12016, 5840:7408] (1568, 1568, 1568) and write ROI [10368:10944, 10944:11520, 6336:6912] (576, 576, 576)
Recorded block-done for octoS0SubroiZ15683136Y78409408X1097612544Difficultsoma_pred_affs/20321 with read ROI [9872:11440, 10448:12016, 5840:7408] (1568, 1568, 1568) and write ROI [10368:10944, 10944:11520, 6336:6912] (576, 576, 576)
Recording block-done for octoS0SubroiZ15683136Y78409408X1097612544Difficultsoma_pred_affs/31577 with read ROI [9872:11440, 10448:12016, 10448:12016] (1568, 1568, 1568) and write ROI [10368:10944, 10944:11520, 10944:11520] (576, 576, 576)
Recorded block-done for octoS0SubroiZ15683136Y78409408X1097612544Difficultsoma_pred_affs/31577 with read ROI [9872:11440, 10448:12016, 10448:12016] (1568, 1568, 1568) and write ROI [10368:10944, 10944:11520, 10944:11520] (576, 576, 576)
Recording block-done for octoS0SubroiZ15683136Y78409408X1097612544Difficultsoma_pred_affs/3154 with read ROI [10448:12016, 80:1648, 2384:3952] (1568, 1568, 1568) and write ROI [10944:11520, 576:1152, 2880:3456] (576, 576, 576)
Recorded block-done for octoS0SubroiZ15683136Y78409408X1097612544Difficultsoma_pred_affs/3154 with read ROI [10448:12016, 80:1648, 2384:3952] (1568, 1568, 1568) and write ROI [10944:11520, 576:1152, 2880:3456] (576, 576, 576)
Recording block-done for octoS0SubroiZ15683136Y78409408X1097612544Difficultsoma_pred_affs/2850 with read ROI [10448:12016, 656:2224, 1232:2800] (1568, 1568, 1568) and write ROI [10944:11520, 1152:1728, 1728:2304] (576, 576, 576)
Recorded block-done for octoS0SubroiZ15683136Y78409408X1097612544Difficultsoma_pred_affs/2850 with read ROI [10448:12016, 656:2224, 1232:2800] (1568, 1568, 1568) and write ROI [10944:11520, 1152:1728, 1728:2304] (576, 576, 576)
Recording block-done for octoS0SubroiZ15683136Y78409408X1097612544Difficultsoma_pred_affs/3175 with read ROI [10448:12016, 656:2224, 1808:3376] (1568, 1568, 1568) and write ROI [10944:11520, 1152:1728, 2304:2880] (576, 576, 576)
Recorded block-done for octoS0SubroiZ15683136Y78409408X1097612544Difficultsoma_pred_affs/3175 with read ROI [10448:12016, 656:2224, 1808:3376] (1568, 1568, 1568) and write ROI [10944:11520, 1152:1728, 2304:2880] (576, 576, 576)
Recording block-done for octoS0SubroiZ15683136Y78409408X1097612544Difficultsoma_pred_affs/5189 with read ROI [10448:12016, 80:1648, 5264:6832] (1568, 1568, 1568) and write ROI [10944:11520, 576:1152, 5760:6336] (576, 576, 576)
Recorded block-done for octoS0SubroiZ15683136Y78409408X1097612544Difficultsoma_pred_affs/5189 with read ROI [10448:12016, 80:1648, 5264:6832] (1568, 1568, 1568) and write ROI [10944:11520, 576:1152, 5760:6336] (576, 576, 576)
Recording block-done for octoS0SubroiZ15683136Y78409408X1097612544Difficultsoma_pred_affs/6213 with read ROI [10448:12016, 80:1648, 6416:7984] (1568, 1568, 1568) and write ROI [10944:11520, 576:1152, 6912:7488] (576, 576, 576)
Recorded block-done for octoS0SubroiZ15683136Y78409408X1097612544Difficultsoma_pred_affs/6213 with read ROI [10448:12016, 80:1648, 6416:7984] (1568, 1568, 1568) and write ROI [10944:11520, 576:1152, 6912:7488] (576, 576, 576)
Recording block-done for octoS0SubroiZ15683136Y78409408X1097612544Difficultsoma_pred_affs/5706 with read ROI [10448:12016, 656:2224, 5264:6832] (1568, 1568, 1568) and write ROI [10944:11520, 1152:1728, 5760:6336] (576, 576, 576)
Recorded block-done for octoS0SubroiZ15683136Y78409408X1097612544Difficultsoma_pred_affs/5706 with read ROI [10448:12016, 656:2224, 5264:6832] (1568, 1568, 1568) and write ROI [10944:11520, 1152:1728, 5760:6336] (576, 576, 576)
Recording block-done for octoS0SubroiZ15683136Y78409408X1097612544Difficultsoma_pred_affs/6256 with read ROI [10448:12016, 1232:2800, 5264:6832] (1568, 1568, 1568) and write ROI [10944:11520, 1728:2304, 5760:6336] (576, 576, 576)
Recorded block-done for octoS0SubroiZ15683136Y78409408X1097612544Difficultsoma_pred_affs/6256 with read ROI [10448:12016, 1232:2800, 5264:6832] (1568, 1568, 1568) and write ROI [10944:11520, 1728:2304, 5760:6336] (576, 576, 576)
Recording block-done for octoS0SubroiZ15683136Y78409408X1097612544Difficultsoma_pred_affs/11730 with read ROI [10448:12016, 656:2224, 10448:12016] (1568, 1568, 1568) and write ROI [10944:11520, 1152:1728, 10944:11520] (576, 576, 576)
Recorded block-done for octoS0SubroiZ15683136Y78409408X1097612544Difficultsoma_pred_affs/11730 with read ROI [10448:12016, 656:2224, 10448:12016] (1568, 1568, 1568) and write ROI [10944:11520, 1152:1728, 10944:11520] (576, 576, 576)
Recording block-done for octoS0SubroiZ15683136Y78409408X1097612544Difficultsoma_pred_affs/8686 with read ROI [10448:12016, 656:2224, 8144:9712] (1568, 1568, 1568) and write ROI [10944:11520, 1152:1728, 8640:9216] (576, 576, 576)
Recorded block-done for octoS0SubroiZ15683136Y78409408X1097612544Difficultsoma_pred_affs/8686 with read ROI [10448:12016, 656:2224, 8144:9712] (1568, 1568, 1568) and write ROI [10944:11520, 1152:1728, 8640:9216] (576, 576, 576)
Recording block-done for octoS0SubroiZ15683136Y78409408X1097612544Difficultsoma_pred_affs/8042 with read ROI [10448:12016, 1232:2800, 6992:8560] (1568, 1568, 1568) and write ROI [10944:11520, 1728:2304, 7488:8064] (576, 576, 576)
Recorded block-done for octoS0SubroiZ15683136Y78409408X1097612544Difficultsoma_pred_affs/8042 with read ROI [10448:12016, 1232:2800, 6992:8560] (1568, 1568, 1568) and write ROI [10944:11520, 1728:2304, 7488:8064] (576, 576, 576)
Recording block-done for octoS0SubroiZ15683136Y78409408X1097612544Difficultsoma_pred_affs/11775 with read ROI [10448:12016, 1808:3376, 9296:10864] (1568, 1568, 1568) and write ROI [10944:11520, 2304:2880, 9792:10368] (576, 576, 576)
Recorded block-done for octoS0SubroiZ15683136Y78409408X1097612544Difficultsoma_pred_affs/11775 with read ROI [10448:12016, 1808:3376, 9296:10864] (1568, 1568, 1568) and write ROI [10944:11520, 2304:2880, 9792:10368] (576, 576, 576)
Recording block-done for octoS0SubroiZ15683136Y78409408X1097612544Difficultsoma_pred_affs/2895 with read ROI [10448:12016, 1808:3376, 80:1648] (1568, 1568, 1568) and write ROI [10944:11520, 2304:2880, 576:1152] (576, 576, 576)
Recorded block-done for octoS0SubroiZ15683136Y78409408X1097612544Difficultsoma_pred_affs/2895 with read ROI [10448:12016, 1808:3376, 80:1648] (1568, 1568, 1568) and write ROI [10944:11520, 2304:2880, 576:1152] (576, 576, 576)
Recording block-done for octoS0SubroiZ15683136Y78409408X1097612544Difficultsoma_pred_affs/3595 with read ROI [10448:12016, 2384:3952, 656:2224] (1568, 1568, 1568) and write ROI [10944:11520, 2880:3456, 1152:1728] (576, 576, 576)
Recorded block-done for octoS0SubroiZ15683136Y78409408X1097612544Difficultsoma_pred_affs/3595 with read ROI [10448:12016, 2384:3952, 656:2224] (1568, 1568, 1568) and write ROI [10944:11520, 2880:3456, 1152:1728] (576, 576, 576)
Recording block-done for octoS0SubroiZ15683136Y78409408X1097612544Difficultsoma_pred_affs/4814 with read ROI [10448:12016, 2384:3952, 2384:3952] (1568, 1568, 1568) and write ROI [10944:11520, 2880:3456, 2880:3456] (576, 576, 576)
Recorded block-done for octoS0SubroiZ15683136Y78409408X1097612544Difficultsoma_pred_affs/4814 with read ROI [10448:12016, 2384:3952, 2384:3952] (1568, 1568, 1568) and write ROI [10944:11520, 2880:3456, 2880:3456] (576, 576, 576)
Recording block-done for octoS0SubroiZ15683136Y78409408X1097612544Difficultsoma_pred_affs/6864 with read ROI [10448:12016, 2384:3952, 4688:6256] (1568, 1568, 1568) and write ROI [10944:11520, 2880:3456, 5184:5760] (576, 576, 576)
Recorded block-done for octoS0SubroiZ15683136Y78409408X1097612544Difficultsoma_pred_affs/6864 with read ROI [10448:12016, 2384:3952, 4688:6256] (1568, 1568, 1568) and write ROI [10944:11520, 2880:3456, 5184:5760] (576, 576, 576)
Recording block-done for octoS0SubroiZ15683136Y78409408X1097612544Difficultsoma_pred_affs/5279 with read ROI [10448:12016, 2384:3952, 2960:4528] (1568, 1568, 1568) and write ROI [10944:11520, 2880:3456, 3456:4032] (576, 576, 576)
Recorded block-done for octoS0SubroiZ15683136Y78409408X1097612544Difficultsoma_pred_affs/5279 with read ROI [10448:12016, 2384:3952, 2960:4528] (1568, 1568, 1568) and write ROI [10944:11520, 2880:3456, 3456:4032] (576, 576, 576)
Recording block-done for octoS0SubroiZ15683136Y78409408X1097612544Difficultsoma_pred_affs/10979 with read ROI [10448:12016, 2384:3952, 8144:9712] (1568, 1568, 1568) and write ROI [10944:11520, 2880:3456, 8640:9216] (576, 576, 576)
Recorded block-done for octoS0SubroiZ15683136Y78409408X1097612544Difficultsoma_pred_affs/10979 with read ROI [10448:12016, 2384:3952, 8144:9712] (1568, 1568, 1568) and write ROI [10944:11520, 2880:3456, 8640:9216] (576, 576, 576)
Recording block-done for octoS0SubroiZ15683136Y78409408X1097612544Difficultsoma_pred_affs/4404 with read ROI [10448:12016, 2960:4528, 1232:2800] (1568, 1568, 1568) and write ROI [10944:11520, 3456:4032, 1728:2304] (576, 576, 576)
Recorded block-done for octoS0SubroiZ15683136Y78409408X1097612544Difficultsoma_pred_affs/4404 with read ROI [10448:12016, 2960:4528, 1232:2800] (1568, 1568, 1568) and write ROI [10944:11520, 3456:4032, 1728:2304] (576, 576, 576)
Recording block-done for octoS0SubroiZ15683136Y78409408X1097612544Difficultsoma_pred_affs/6889 with read ROI [10448:12016, 2960:4528, 4112:5680] (1568, 1568, 1568) and write ROI [10944:11520, 3456:4032, 4608:5184] (576, 576, 576)
Recorded block-done for octoS0SubroiZ15683136Y78409408X1097612544Difficultsoma_pred_affs/6889 with read ROI [10448:12016, 2960:4528, 4112:5680] (1568, 1568, 1568) and write ROI [10944:11520, 3456:4032, 4608:5184] (576, 576, 576)
Recording block-done for octoS0SubroiZ15683136Y78409408X1097612544Difficultsoma_pred_affs/13588 with read ROI [10448:12016, 2960:4528, 9296:10864] (1568, 1568, 1568) and write ROI [10944:11520, 3456:4032, 9792:10368] (576, 576, 576)
Recorded block-done for octoS0SubroiZ15683136Y78409408X1097612544Difficultsoma_pred_affs/13588 with read ROI [10448:12016, 2960:4528, 9296:10864] (1568, 1568, 1568) and write ROI [10944:11520, 3456:4032, 9792:10368] (576, 576, 576)
Recording block-done for octoS0SubroiZ15683136Y78409408X1097612544Difficultsoma_pred_affs/15524 with read ROI [10448:12016, 2960:4528, 10448:12016] (1568, 1568, 1568) and write ROI [10944:11520, 3456:4032, 10944:11520] (576, 576, 576)
Recorded block-done for octoS0SubroiZ15683136Y78409408X1097612544Difficultsoma_pred_affs/15524 with read ROI [10448:12016, 2960:4528, 10448:12016] (1568, 1568, 1568) and write ROI [10944:11520, 3456:4032, 10944:11520] (576, 576, 576)
Recording block-done for octoS0SubroiZ15683136Y78409408X1097612544Difficultsoma_pred_affs/8806 with read ROI [10448:12016, 3536:5104, 5264:6832] (1568, 1568, 1568) and write ROI [10944:11520, 4032:4608, 5760:6336] (576, 576, 576)
Recorded block-done for octoS0SubroiZ15683136Y78409408X1097612544Difficultsoma_pred_affs/8806 with read ROI [10448:12016, 3536:5104, 5264:6832] (1568, 1568, 1568) and write ROI [10944:11520, 4032:4608, 5760:6336] (576, 576, 576)
Recording block-done for octoS0SubroiZ15683136Y78409408X1097612544Difficultsoma_pred_affs/16585 with read ROI [10448:12016, 3536:5104, 10448:12016] (1568, 1568, 1568) and write ROI [10944:11520, 4032:4608, 10944:11520] (576, 576, 576)
Recorded block-done for octoS0SubroiZ15683136Y78409408X1097612544Difficultsoma_pred_affs/16585 with read ROI [10448:12016, 3536:5104, 10448:12016] (1568, 1568, 1568) and write ROI [10944:11520, 4032:4608, 10944:11520] (576, 576, 576)
Recording block-done for octoS0SubroiZ15683136Y78409408X1097612544Difficultsoma_pred_affs/10277 with read ROI [10448:12016, 4112:5680, 5840:7408] (1568, 1568, 1568) and write ROI [10944:11520, 4608:5184, 6336:6912] (576, 576, 576)
Recorded block-done for octoS0SubroiZ15683136Y78409408X1097612544Difficultsoma_pred_affs/10277 with read ROI [10448:12016, 4112:5680, 5840:7408] (1568, 1568, 1568) and write ROI [10944:11520, 4608:5184, 6336:6912] (576, 576, 576)
Recording block-done for octoS0SubroiZ15683136Y78409408X1097612544Difficultsoma_pred_affs/15577 with read ROI [10448:12016, 4112:5680, 9296:10864] (1568, 1568, 1568) and write ROI [10944:11520, 4608:5184, 9792:10368] (576, 576, 576)
Recorded block-done for octoS0SubroiZ15683136Y78409408X1097612544Difficultsoma_pred_affs/15577 with read ROI [10448:12016, 4112:5680, 9296:10864] (1568, 1568, 1568) and write ROI [10944:11520, 4608:5184, 9792:10368] (576, 576, 576)
Recording block-done for octoS0SubroiZ15683136Y78409408X1097612544Difficultsoma_pred_affs/11850 with read ROI [10448:12016, 3536:5104, 7568:9136] (1568, 1568, 1568) and write ROI [10944:11520, 4032:4608, 8064:8640] (576, 576, 576)
Recorded block-done for octoS0SubroiZ15683136Y78409408X1097612544Difficultsoma_pred_affs/11850 with read ROI [10448:12016, 3536:5104, 7568:9136] (1568, 1568, 1568) and write ROI [10944:11520, 4032:4608, 8064:8640] (576, 576, 576)
Recording block-done for octoS0SubroiZ15683136Y78409408X1097612544Difficultsoma_pred_affs/12711 with read ROI [10448:12016, 3536:5104, 8144:9712] (1568, 1568, 1568) and write ROI [10944:11520, 4032:4608, 8640:9216] (576, 576, 576)
Recorded block-done for octoS0SubroiZ15683136Y78409408X1097612544Difficultsoma_pred_affs/12711 with read ROI [10448:12016, 3536:5104, 8144:9712] (1568, 1568, 1568) and write ROI [10944:11520, 4032:4608, 8640:9216] (576, 576, 576)
Recording block-done for octoS0SubroiZ15683136Y78409408X1097612544Difficultsoma_pred_affs/8195 with read ROI [10448:12016, 4688:6256, 3536:5104] (1568, 1568, 1568) and write ROI [10944:11520, 5184:5760, 4032:4608] (576, 576, 576)
Recorded block-done for octoS0SubroiZ15683136Y78409408X1097612544Difficultsoma_pred_affs/8195 with read ROI [10448:12016, 4688:6256, 3536:5104] (1568, 1568, 1568) and write ROI [10944:11520, 5184:5760, 4032:4608] (576, 576, 576)
Recording block-done for octoS0SubroiZ15683136Y78409408X1097612544Difficultsoma_pred_affs/11085 with read ROI [10448:12016, 4688:6256, 5840:7408] (1568, 1568, 1568) and write ROI [10944:11520, 5184:5760, 6336:6912] (576, 576, 576)
Recorded block-done for octoS0SubroiZ15683136Y78409408X1097612544Difficultsoma_pred_affs/11085 with read ROI [10448:12016, 4688:6256, 5840:7408] (1568, 1568, 1568) and write ROI [10944:11520, 5184:5760, 6336:6912] (576, 576, 576)
Recording block-done for octoS0SubroiZ15683136Y78409408X1097612544Difficultsoma_pred_affs/18849 with read ROI [10448:12016, 4688:6256, 10448:12016] (1568, 1568, 1568) and write ROI [10944:11520, 5184:5760, 10944:11520] (576, 576, 576)
Recorded block-done for octoS0SubroiZ15683136Y78409408X1097612544Difficultsoma_pred_affs/18849 with read ROI [10448:12016, 4688:6256, 10448:12016] (1568, 1568, 1568) and write ROI [10944:11520, 5184:5760, 10944:11520] (576, 576, 576)
Recording block-done for octoS0SubroiZ15683136Y78409408X1097612544Difficultsoma_pred_affs/6438 with read ROI [10448:12016, 5264:6832, 1232:2800] (1568, 1568, 1568) and write ROI [10944:11520, 5760:6336, 1728:2304] (576, 576, 576)
Recorded block-done for octoS0SubroiZ15683136Y78409408X1097612544Difficultsoma_pred_affs/6438 with read ROI [10448:12016, 5264:6832, 1232:2800] (1568, 1568, 1568) and write ROI [10944:11520, 5760:6336, 1728:2304] (576, 576, 576)
Recording block-done for octoS0SubroiZ15683136Y78409408X1097612544Difficultsoma_pred_affs/8224 with read ROI [10448:12016, 5264:6832, 2960:4528] (1568, 1568, 1568) and write ROI [10944:11520, 5760:6336, 3456:4032] (576, 576, 576)
Recorded block-done for octoS0SubroiZ15683136Y78409408X1097612544Difficultsoma_pred_affs/8224 with read ROI [10448:12016, 5264:6832, 2960:4528] (1568, 1568, 1568) and write ROI [10944:11520, 5760:6336, 3456:4032] (576, 576, 576)
Recording block-done for octoS0SubroiZ15683136Y78409408X1097612544Difficultsoma_pred_affs/16669 with read ROI [10448:12016, 5264:6832, 8720:10288] (1568, 1568, 1568) and write ROI [10944:11520, 5760:6336, 9216:9792] (576, 576, 576)
Recorded block-done for octoS0SubroiZ15683136Y78409408X1097612544Difficultsoma_pred_affs/16669 with read ROI [10448:12016, 5264:6832, 8720:10288] (1568, 1568, 1568) and write ROI [10944:11520, 5760:6336, 9216:9792] (576, 576, 576)
Recording block-done for octoS0SubroiZ15683136Y78409408X1097612544Difficultsoma_pred_affs/20054 with read ROI [10448:12016, 5264:6832, 10448:12016] (1568, 1568, 1568) and write ROI [10944:11520, 5760:6336, 10944:11520] (576, 576, 576)
Recorded block-done for octoS0SubroiZ15683136Y78409408X1097612544Difficultsoma_pred_affs/20054 with read ROI [10448:12016, 5264:6832, 10448:12016] (1568, 1568, 1568) and write ROI [10944:11520, 5760:6336, 10944:11520] (576, 576, 576)
Recording block-done for octoS0SubroiZ15683136Y78409408X1097612544Difficultsoma_pred_affs/8920 with read ROI [10448:12016, 5840:7408, 2960:4528] (1568, 1568, 1568) and write ROI [10944:11520, 6336:6912, 3456:4032] (576, 576, 576)
Recorded block-done for octoS0SubroiZ15683136Y78409408X1097612544Difficultsoma_pred_affs/8920 with read ROI [10448:12016, 5840:7408, 2960:4528] (1568, 1568, 1568) and write ROI [10944:11520, 6336:6912, 3456:4032] (576, 576, 576)
Recording block-done for octoS0SubroiZ15683136Y78409408X1097612544Difficultsoma_pred_affs/12825 with read ROI [10448:12016, 5840:7408, 5840:7408] (1568, 1568, 1568) and write ROI [10944:11520, 6336:6912, 6336:6912] (576, 576, 576)
Recorded block-done for octoS0SubroiZ15683136Y78409408X1097612544Difficultsoma_pred_affs/12825 with read ROI [10448:12016, 5840:7408, 5840:7408] (1568, 1568, 1568) and write ROI [10944:11520, 6336:6912, 6336:6912] (576, 576, 576)
Recording block-done for octoS0SubroiZ15683136Y78409408X1097612544Difficultsoma_pred_affs/20084 with read ROI [10448:12016, 5840:7408, 9872:11440] (1568, 1568, 1568) and write ROI [10944:11520, 6336:6912, 10368:10944] (576, 576, 576)
Recorded block-done for octoS0SubroiZ15683136Y78409408X1097612544Difficultsoma_pred_affs/20084 with read ROI [10448:12016, 5840:7408, 9872:11440] (1568, 1568, 1568) and write ROI [10944:11520, 6336:6912, 10368:10944] (576, 576, 576)
Recording block-done for octoS0SubroiZ15683136Y78409408X1097612544Difficultsoma_pred_affs/7060 with read ROI [10448:12016, 6416:7984, 656:2224] (1568, 1568, 1568) and write ROI [10944:11520, 6912:7488, 1152:1728] (576, 576, 576)
Recorded block-done for octoS0SubroiZ15683136Y78409408X1097612544Difficultsoma_pred_affs/7060 with read ROI [10448:12016, 6416:7984, 656:2224] (1568, 1568, 1568) and write ROI [10944:11520, 6912:7488, 1152:1728] (576, 576, 576)
Recording block-done for octoS0SubroiZ15683136Y78409408X1097612544Difficultsoma_pred_affs/8951 with read ROI [10448:12016, 6416:7984, 2384:3952] (1568, 1568, 1568) and write ROI [10944:11520, 6912:7488, 2880:3456] (576, 576, 576)
Recorded block-done for octoS0SubroiZ15683136Y78409408X1097612544Difficultsoma_pred_affs/8951 with read ROI [10448:12016, 6416:7984, 2384:3952] (1568, 1568, 1568) and write ROI [10944:11520, 6912:7488, 2880:3456] (576, 576, 576)
Recording block-done for octoS0SubroiZ15683136Y78409408X1097612544Difficultsoma_pred_affs/18939 with read ROI [10448:12016, 6416:7984, 8720:10288] (1568, 1568, 1568) and write ROI [10944:11520, 6912:7488, 9216:9792] (576, 576, 576)
Recorded block-done for octoS0SubroiZ15683136Y78409408X1097612544Difficultsoma_pred_affs/18939 with read ROI [10448:12016, 6416:7984, 8720:10288] (1568, 1568, 1568) and write ROI [10944:11520, 6912:7488, 9216:9792] (576, 576, 576)
Recording block-done for octoS0SubroiZ15683136Y78409408X1097612544Difficultsoma_pred_affs/16730 with read ROI [10448:12016, 6416:7984, 7568:9136] (1568, 1568, 1568) and write ROI [10944:11520, 6912:7488, 8064:8640] (576, 576, 576)
Recorded block-done for octoS0SubroiZ15683136Y78409408X1097612544Difficultsoma_pred_affs/16730 with read ROI [10448:12016, 6416:7984, 7568:9136] (1568, 1568, 1568) and write ROI [10944:11520, 6912:7488, 8064:8640] (576, 576, 576)
Recording block-done for octoS0SubroiZ15683136Y78409408X1097612544Difficultsoma_pred_affs/14737 with read ROI [10448:12016, 6992:8560, 5840:7408] (1568, 1568, 1568) and write ROI [10944:11520, 7488:8064, 6336:6912] (576, 576, 576)
Recorded block-done for octoS0SubroiZ15683136Y78409408X1097612544Difficultsoma_pred_affs/14737 with read ROI [10448:12016, 6992:8560, 5840:7408] (1568, 1568, 1568) and write ROI [10944:11520, 7488:8064, 6336:6912] (576, 576, 576)
Recording block-done for octoS0SubroiZ15683136Y78409408X1097612544Difficultsoma_pred_affs/23973 with read ROI [10448:12016, 6992:8560, 10448:12016] (1568, 1568, 1568) and write ROI [10944:11520, 7488:8064, 10944:11520] (576, 576, 576)
Recorded block-done for octoS0SubroiZ15683136Y78409408X1097612544Difficultsoma_pred_affs/23973 with read ROI [10448:12016, 6992:8560, 10448:12016] (1568, 1568, 1568) and write ROI [10944:11520, 7488:8064, 10944:11520] (576, 576, 576)
Recording block-done for octoS0SubroiZ15683136Y78409408X1097612544Difficultsoma_pred_affs/7720 with read ROI [10448:12016, 7568:9136, 80:1648] (1568, 1568, 1568) and write ROI [10944:11520, 8064:8640, 576:1152] (576, 576, 576)
Recorded block-done for octoS0SubroiZ15683136Y78409408X1097612544Difficultsoma_pred_affs/7720 with read ROI [10448:12016, 7568:9136, 80:1648] (1568, 1568, 1568) and write ROI [10944:11520, 8064:8640, 576:1152] (576, 576, 576)
Recording block-done for octoS0SubroiZ15683136Y78409408X1097612544Difficultsoma_pred_affs/9719 with read ROI [10448:12016, 7568:9136, 1808:3376] (1568, 1568, 1568) and write ROI [10944:11520, 8064:8640, 2304:2880] (576, 576, 576)
Recorded block-done for octoS0SubroiZ15683136Y78409408X1097612544Difficultsoma_pred_affs/9719 with read ROI [10448:12016, 7568:9136, 1808:3376] (1568, 1568, 1568) and write ROI [10944:11520, 8064:8640, 2304:2880] (576, 576, 576)
Recording block-done for octoS0SubroiZ15683136Y78409408X1097612544Difficultsoma_pred_affs/19004 with read ROI [10448:12016, 7568:9136, 7568:9136] (1568, 1568, 1568) and write ROI [10944:11520, 8064:8640, 8064:8640] (576, 576, 576)
Recorded block-done for octoS0SubroiZ15683136Y78409408X1097612544Difficultsoma_pred_affs/19004 with read ROI [10448:12016, 7568:9136, 7568:9136] (1568, 1568, 1568) and write ROI [10944:11520, 8064:8640, 8064:8640] (576, 576, 576)
Recording block-done for octoS0SubroiZ15683136Y78409408X1097612544Difficultsoma_pred_affs/11274 with read ROI [10448:12016, 8144:9712, 2384:3952] (1568, 1568, 1568) and write ROI [10944:11520, 8640:9216, 2880:3456] (576, 576, 576)
Recorded block-done for octoS0SubroiZ15683136Y78409408X1097612544Difficultsoma_pred_affs/11274 with read ROI [10448:12016, 8144:9712, 2384:3952] (1568, 1568, 1568) and write ROI [10944:11520, 8640:9216, 2880:3456] (576, 576, 576)
Recording block-done for octoS0SubroiZ15683136Y78409408X1097612544Difficultsoma_pred_affs/9050 with read ROI [10448:12016, 8144:9712, 656:2224] (1568, 1568, 1568) and write ROI [10944:11520, 8640:9216, 1152:1728] (576, 576, 576)
Recorded block-done for octoS0SubroiZ15683136Y78409408X1097612544Difficultsoma_pred_affs/9050 with read ROI [10448:12016, 8144:9712, 656:2224] (1568, 1568, 1568) and write ROI [10944:11520, 8640:9216, 1152:1728] (576, 576, 576)
Recording block-done for octoS0SubroiZ15683136Y78409408X1097612544Difficultsoma_pred_affs/13858 with read ROI [10448:12016, 8144:9712, 4112:5680] (1568, 1568, 1568) and write ROI [10944:11520, 8640:9216, 4608:5184] (576, 576, 576)
Recorded block-done for octoS0SubroiZ15683136Y78409408X1097612544Difficultsoma_pred_affs/13858 with read ROI [10448:12016, 8144:9712, 4112:5680] (1568, 1568, 1568) and write ROI [10944:11520, 8640:9216, 4608:5184] (576, 576, 576)
Recording block-done for octoS0SubroiZ15683136Y78409408X1097612544Difficultsoma_pred_affs/12129 with read ROI [10448:12016, 8720:10288, 2384:3952] (1568, 1568, 1568) and write ROI [10944:11520, 9216:9792, 2880:3456] (576, 576, 576)
Recorded block-done for octoS0SubroiZ15683136Y78409408X1097612544Difficultsoma_pred_affs/12129 with read ROI [10448:12016, 8720:10288, 2384:3952] (1568, 1568, 1568) and write ROI [10944:11520, 9216:9792, 2880:3456] (576, 576, 576)
Recording block-done for octoS0SubroiZ15683136Y78409408X1097612544Difficultsoma_pred_affs/9788 with read ROI [10448:12016, 8720:10288, 656:2224] (1568, 1568, 1568) and write ROI [10944:11520, 9216:9792, 1152:1728] (576, 576, 576)
Recorded block-done for octoS0SubroiZ15683136Y78409408X1097612544Difficultsoma_pred_affs/9788 with read ROI [10448:12016, 8720:10288, 656:2224] (1568, 1568, 1568) and write ROI [10944:11520, 9216:9792, 1152:1728] (576, 576, 576)
Recording block-done for octoS0SubroiZ15683136Y78409408X1097612544Difficultsoma_pred_affs/17945 with read ROI [10448:12016, 8720:10288, 5840:7408] (1568, 1568, 1568) and write ROI [10944:11520, 9216:9792, 6336:6912] (576, 576, 576)
Recorded block-done for octoS0SubroiZ15683136Y78409408X1097612544Difficultsoma_pred_affs/17945 with read ROI [10448:12016, 8720:10288, 5840:7408] (1568, 1568, 1568) and write ROI [10944:11520, 9216:9792, 6336:6912] (576, 576, 576)
Recording block-done for octoS0SubroiZ15683136Y78409408X1097612544Difficultsoma_pred_affs/20249 with read ROI [10448:12016, 8720:10288, 6992:8560] (1568, 1568, 1568) and write ROI [10944:11520, 9216:9792, 7488:8064] (576, 576, 576)
Recorded block-done for octoS0SubroiZ15683136Y78409408X1097612544Difficultsoma_pred_affs/20249 with read ROI [10448:12016, 8720:10288, 6992:8560] (1568, 1568, 1568) and write ROI [10944:11520, 9216:9792, 7488:8064] (576, 576, 576)
Recording block-done for octoS0SubroiZ15683136Y78409408X1097612544Difficultsoma_pred_affs/25453 with read ROI [10448:12016, 8720:10288, 9296:10864] (1568, 1568, 1568) and write ROI [10944:11520, 9216:9792, 9792:10368] (576, 576, 576)
Recorded block-done for octoS0SubroiZ15683136Y78409408X1097612544Difficultsoma_pred_affs/25453 with read ROI [10448:12016, 8720:10288, 9296:10864] (1568, 1568, 1568) and write ROI [10944:11520, 9216:9792, 9792:10368] (576, 576, 576)
Recording block-done for octoS0SubroiZ15683136Y78409408X1097612544Difficultsoma_pred_affs/10565 with read ROI [10448:12016, 9296:10864, 656:2224] (1568, 1568, 1568) and write ROI [10944:11520, 9792:10368, 1152:1728] (576, 576, 576)
Recorded block-done for octoS0SubroiZ15683136Y78409408X1097612544Difficultsoma_pred_affs/10565 with read ROI [10448:12016, 9296:10864, 656:2224] (1568, 1568, 1568) and write ROI [10944:11520, 9792:10368, 1152:1728] (576, 576, 576)
Recording block-done for octoS0SubroiZ15683136Y78409408X1097612544Difficultsoma_pred_affs/9824 with read ROI [10448:12016, 9296:10864, 80:1648] (1568, 1568, 1568) and write ROI [10944:11520, 9792:10368, 576:1152] (576, 576, 576)
Recorded block-done for octoS0SubroiZ15683136Y78409408X1097612544Difficultsoma_pred_affs/9824 with read ROI [10448:12016, 9296:10864, 80:1648] (1568, 1568, 1568) and write ROI [10944:11520, 9792:10368, 576:1152] (576, 576, 576)
Recording block-done for octoS0SubroiZ15683136Y78409408X1097612544Difficultsoma_pred_affs/19146 with read ROI [10448:12016, 9872:11440, 5264:6832] (1568, 1568, 1568) and write ROI [10944:11520, 10368:10944, 5760:6336] (576, 576, 576)
Recorded block-done for octoS0SubroiZ15683136Y78409408X1097612544Difficultsoma_pred_affs/19146 with read ROI [10448:12016, 9872:11440, 5264:6832] (1568, 1568, 1568) and write ROI [10944:11520, 10368:10944, 5760:6336] (576, 576, 576)
Recording block-done for octoS0SubroiZ15683136Y78409408X1097612544Difficultsoma_pred_affs/16937 with read ROI [10448:12016, 9872:11440, 4112:5680] (1568, 1568, 1568) and write ROI [10944:11520, 10368:10944, 4608:5184] (576, 576, 576)
Recorded block-done for octoS0SubroiZ15683136Y78409408X1097612544Difficultsoma_pred_affs/16937 with read ROI [10448:12016, 9872:11440, 4112:5680] (1568, 1568, 1568) and write ROI [10944:11520, 10368:10944, 4608:5184] (576, 576, 576)
Recording block-done for octoS0SubroiZ15683136Y78409408X1097612544Difficultsoma_pred_affs/13101 with read ROI [10448:12016, 10448:12016, 1232:2800] (1568, 1568, 1568) and write ROI [10944:11520, 10944:11520, 1728:2304] (576, 576, 576)
Recorded block-done for octoS0SubroiZ15683136Y78409408X1097612544Difficultsoma_pred_affs/13101 with read ROI [10448:12016, 10448:12016, 1232:2800] (1568, 1568, 1568) and write ROI [10944:11520, 10944:11520, 1728:2304] (576, 576, 576)
Recording block-done for octoS0SubroiZ15683136Y78409408X1097612544Difficultsoma_pred_affs/11420 with read ROI [10448:12016, 10448:12016, 80:1648] (1568, 1568, 1568) and write ROI [10944:11520, 10944:11520, 576:1152] (576, 576, 576)
Recorded block-done for octoS0SubroiZ15683136Y78409408X1097612544Difficultsoma_pred_affs/11420 with read ROI [10448:12016, 10448:12016, 80:1648] (1568, 1568, 1568) and write ROI [10944:11520, 10944:11520, 576:1152] (576, 576, 576)
Recording block-done for octoS0SubroiZ15683136Y78409408X1097612544Difficultsoma_pred_affs/20360 with read ROI [10448:12016, 10448:12016, 5264:6832] (1568, 1568, 1568) and write ROI [10944:11520, 10944:11520, 5760:6336] (576, 576, 576)
Recorded block-done for octoS0SubroiZ15683136Y78409408X1097612544Difficultsoma_pred_affs/20360 with read ROI [10448:12016, 10448:12016, 5264:6832] (1568, 1568, 1568) and write ROI [10944:11520, 10944:11520, 5760:6336] (576, 576, 576)
Recording block-done for octoS0SubroiZ15683136Y78409408X1097612544Difficultsoma_pred_affs/16975 with read ROI [10448:12016, 10448:12016, 3536:5104] (1568, 1568, 1568) and write ROI [10944:11520, 10944:11520, 4032:4608] (576, 576, 576)
Recorded block-done for octoS0SubroiZ15683136Y78409408X1097612544Difficultsoma_pred_affs/16975 with read ROI [10448:12016, 10448:12016, 3536:5104] (1568, 1568, 1568) and write ROI [10944:11520, 10944:11520, 4032:4608] (576, 576, 576)
Recording block-done for octoS0SubroiZ15683136Y78409408X1097612544Difficultsoma_pred_affs/375 with read ROI [80:1648, 1232:2800, 4112:5680] (1568, 1568, 1568) and write ROI [576:1152, 1728:2304, 4608:5184] (576, 576, 576)
Recorded block-done for octoS0SubroiZ15683136Y78409408X1097612544Difficultsoma_pred_affs/375 with read ROI [80:1648, 1232:2800, 4112:5680] (1568, 1568, 1568) and write ROI [576:1152, 1728:2304, 4608:5184] (576, 576, 576)
Recording block-done for octoS0SubroiZ15683136Y78409408X1097612544Difficultsoma_pred_affs/4106 with read ROI [80:1648, 4112:5680, 10448:12016] (1568, 1568, 1568) and write ROI [576:1152, 4608:5184, 10944:11520] (576, 576, 576)
Recorded block-done for octoS0SubroiZ15683136Y78409408X1097612544Difficultsoma_pred_affs/4106 with read ROI [80:1648, 4112:5680, 10448:12016] (1568, 1568, 1568) and write ROI [576:1152, 4608:5184, 10944:11520] (576, 576, 576)
Recording block-done for octoS0SubroiZ15683136Y78409408X1097612544Difficultsoma_pred_affs/2971 with read ROI [80:1648, 4112:5680, 8720:10288] (1568, 1568, 1568) and write ROI [576:1152, 4608:5184, 9216:9792] (576, 576, 576)
Recorded block-done for octoS0SubroiZ15683136Y78409408X1097612544Difficultsoma_pred_affs/2971 with read ROI [80:1648, 4112:5680, 8720:10288] (1568, 1568, 1568) and write ROI [576:1152, 4608:5184, 9216:9792] (576, 576, 576)
Recording block-done for octoS0SubroiZ15683136Y78409408X1097612544Difficultsoma_pred_affs/1562 with read ROI [80:1648, 2384:3952, 7568:9136] (1568, 1568, 1568) and write ROI [576:1152, 2880:3456, 8064:8640] (576, 576, 576)
Recorded block-done for octoS0SubroiZ15683136Y78409408X1097612544Difficultsoma_pred_affs/1562 with read ROI [80:1648, 2384:3952, 7568:9136] (1568, 1568, 1568) and write ROI [576:1152, 2880:3456, 8064:8640] (576, 576, 576)
Recording block-done for octoS0SubroiZ15683136Y78409408X1097612544Difficultsoma_pred_affs/1036 with read ROI [80:1648, 5264:6832, 2960:4528] (1568, 1568, 1568) and write ROI [576:1152, 5760:6336, 3456:4032] (576, 576, 576)
Recorded block-done for octoS0SubroiZ15683136Y78409408X1097612544Difficultsoma_pred_affs/1036 with read ROI [80:1648, 5264:6832, 2960:4528] (1568, 1568, 1568) and write ROI [576:1152, 5760:6336, 3456:4032] (576, 576, 576)
Recording block-done for octoS0SubroiZ15683136Y78409408X1097612544Difficultsoma_pred_affs/786 with read ROI [80:1648, 6992:8560, 80:1648] (1568, 1568, 1568) and write ROI [576:1152, 7488:8064, 576:1152] (576, 576, 576)
Recorded block-done for octoS0SubroiZ15683136Y78409408X1097612544Difficultsoma_pred_affs/786 with read ROI [80:1648, 6992:8560, 80:1648] (1568, 1568, 1568) and write ROI [576:1152, 7488:8064, 576:1152] (576, 576, 576)
Recording block-done for octoS0SubroiZ15683136Y78409408X1097612544Difficultsoma_pred_affs/1261 with read ROI [80:1648, 7568:9136, 1232:2800] (1568, 1568, 1568) and write ROI [576:1152, 8064:8640, 1728:2304] (576, 576, 576)
Recorded block-done for octoS0SubroiZ15683136Y78409408X1097612544Difficultsoma_pred_affs/1261 with read ROI [80:1648, 7568:9136, 1232:2800] (1568, 1568, 1568) and write ROI [576:1152, 8064:8640, 1728:2304] (576, 576, 576)
Recording block-done for octoS0SubroiZ15683136Y78409408X1097612544Difficultsoma_pred_affs/5151 with read ROI [80:1648, 9872:11440, 5840:7408] (1568, 1568, 1568) and write ROI [576:1152, 10368:10944, 6336:6912] (576, 576, 576)
Recorded block-done for octoS0SubroiZ15683136Y78409408X1097612544Difficultsoma_pred_affs/5151 with read ROI [80:1648, 9872:11440, 5840:7408] (1568, 1568, 1568) and write ROI [576:1152, 10368:10944, 6336:6912] (576, 576, 576)
Recording block-done for octoS0SubroiZ15683136Y78409408X1097612544Difficultsoma_pred_affs/1451 with read ROI [80:1648, 7568:9136, 1808:3376] (1568, 1568, 1568) and write ROI [576:1152, 8064:8640, 2304:2880] (576, 576, 576)
Recorded block-done for octoS0SubroiZ15683136Y78409408X1097612544Difficultsoma_pred_affs/1451 with read ROI [80:1648, 7568:9136, 1808:3376] (1568, 1568, 1568) and write ROI [576:1152, 8064:8640, 2304:2880] (576, 576, 576)
Recording block-done for octoS0SubroiZ15683136Y78409408X1097612544Difficultsoma_pred_affs/5628 with read ROI [80:1648, 9296:10864, 6992:8560] (1568, 1568, 1568) and write ROI [576:1152, 9792:10368, 7488:8064] (576, 576, 576)
Recorded block-done for octoS0SubroiZ15683136Y78409408X1097612544Difficultsoma_pred_affs/5628 with read ROI [80:1648, 9296:10864, 6992:8560] (1568, 1568, 1568) and write ROI [576:1152, 9792:10368, 7488:8064] (576, 576, 576)
Recording block-done for octoS0SubroiZ15683136Y78409408X1097612544Difficultsoma_pred_affs/828 with read ROI [656:2224, 656:2224, 6416:7984] (1568, 1568, 1568) and write ROI [1152:1728, 1152:1728, 6912:7488] (576, 576, 576)
Recorded block-done for octoS0SubroiZ15683136Y78409408X1097612544Difficultsoma_pred_affs/828 with read ROI [656:2224, 656:2224, 6416:7984] (1568, 1568, 1568) and write ROI [1152:1728, 1152:1728, 6912:7488] (576, 576, 576)
Recording block-done for octoS0SubroiZ15683136Y78409408X1097612544Difficultsoma_pred_affs/343 with read ROI [656:2224, 4112:5680, 80:1648] (1568, 1568, 1568) and write ROI [1152:1728, 4608:5184, 576:1152] (576, 576, 576)
Recorded block-done for octoS0SubroiZ15683136Y78409408X1097612544Difficultsoma_pred_affs/343 with read ROI [656:2224, 4112:5680, 80:1648] (1568, 1568, 1568) and write ROI [1152:1728, 4608:5184, 576:1152] (576, 576, 576)
Recording block-done for octoS0SubroiZ15683136Y78409408X1097612544Difficultsoma_pred_affs/512 with read ROI [656:2224, 4112:5680, 1232:2800] (1568, 1568, 1568) and write ROI [1152:1728, 4608:5184, 1728:2304] (576, 576, 576)
Recorded block-done for octoS0SubroiZ15683136Y78409408X1097612544Difficultsoma_pred_affs/512 with read ROI [656:2224, 4112:5680, 1232:2800] (1568, 1568, 1568) and write ROI [1152:1728, 4608:5184, 1728:2304] (576, 576, 576)
Recording block-done for octoS0SubroiZ15683136Y78409408X1097612544Difficultsoma_pred_affs/1377 with read ROI [656:2224, 3536:5104, 5264:6832] (1568, 1568, 1568) and write ROI [1152:1728, 4032:4608, 5760:6336] (576, 576, 576)
Recorded block-done for octoS0SubroiZ15683136Y78409408X1097612544Difficultsoma_pred_affs/1377 with read ROI [656:2224, 3536:5104, 5264:6832] (1568, 1568, 1568) and write ROI [1152:1728, 4032:4608, 5760:6336] (576, 576, 576)
Recording block-done for octoS0SubroiZ15683136Y78409408X1097612544Difficultsoma_pred_affs/1620 with read ROI [656:2224, 5264:6832, 4112:5680] (1568, 1568, 1568) and write ROI [1152:1728, 5760:6336, 4608:5184] (576, 576, 576)
Recorded block-done for octoS0SubroiZ15683136Y78409408X1097612544Difficultsoma_pred_affs/1620 with read ROI [656:2224, 5264:6832, 4112:5680] (1568, 1568, 1568) and write ROI [1152:1728, 5760:6336, 4608:5184] (576, 576, 576)
Recording block-done for octoS0SubroiZ15683136Y78409408X1097612544Difficultsoma_pred_affs/1247 with read ROI [656:2224, 6416:7984, 1808:3376] (1568, 1568, 1568) and write ROI [1152:1728, 6912:7488, 2304:2880] (576, 576, 576)
Recorded block-done for octoS0SubroiZ15683136Y78409408X1097612544Difficultsoma_pred_affs/1247 with read ROI [656:2224, 6416:7984, 1808:3376] (1568, 1568, 1568) and write ROI [1152:1728, 6912:7488, 2304:2880] (576, 576, 576)
Recording block-done for octoS0SubroiZ15683136Y78409408X1097612544Difficultsoma_pred_affs/3414 with read ROI [656:2224, 7568:9136, 5264:6832] (1568, 1568, 1568) and write ROI [1152:1728, 8064:8640, 5760:6336] (576, 576, 576)
Recorded block-done for octoS0SubroiZ15683136Y78409408X1097612544Difficultsoma_pred_affs/3414 with read ROI [656:2224, 7568:9136, 5264:6832] (1568, 1568, 1568) and write ROI [1152:1728, 8064:8640, 5760:6336] (576, 576, 576)
Recording block-done for octoS0SubroiZ15683136Y78409408X1097612544Difficultsoma_pred_affs/4233 with read ROI [656:2224, 8720:10288, 5264:6832] (1568, 1568, 1568) and write ROI [1152:1728, 9216:9792, 5760:6336] (576, 576, 576)
Recorded block-done for octoS0SubroiZ15683136Y78409408X1097612544Difficultsoma_pred_affs/4233 with read ROI [656:2224, 8720:10288, 5264:6832] (1568, 1568, 1568) and write ROI [1152:1728, 9216:9792, 5760:6336] (576, 576, 576)
Recording block-done for octoS0SubroiZ15683136Y78409408X1097612544Difficultsoma_pred_affs/4252 with read ROI [656:2224, 9296:10864, 4688:6256] (1568, 1568, 1568) and write ROI [1152:1728, 9792:10368, 5184:5760] (576, 576, 576)
Recorded block-done for octoS0SubroiZ15683136Y78409408X1097612544Difficultsoma_pred_affs/4252 with read ROI [656:2224, 9296:10864, 4688:6256] (1568, 1568, 1568) and write ROI [1152:1728, 9792:10368, 5184:5760] (576, 576, 576)
Recording block-done for octoS0SubroiZ15683136Y78409408X1097612544Difficultsoma_pred_affs/2512 with read ROI [656:2224, 9872:11440, 1232:2800] (1568, 1568, 1568) and write ROI [1152:1728, 10368:10944, 1728:2304] (576, 576, 576)
Recorded block-done for octoS0SubroiZ15683136Y78409408X1097612544Difficultsoma_pred_affs/2512 with read ROI [656:2224, 9872:11440, 1232:2800] (1568, 1568, 1568) and write ROI [1152:1728, 10368:10944, 1728:2304] (576, 576, 576)
Recording block-done for octoS0SubroiZ15683136Y78409408X1097612544Difficultsoma_pred_affs/144 with read ROI [1232:2800, 1232:2800, 656:2224] (1568, 1568, 1568) and write ROI [1728:2304, 1728:2304, 1152:1728] (576, 576, 576)
Recorded block-done for octoS0SubroiZ15683136Y78409408X1097612544Difficultsoma_pred_affs/144 with read ROI [1232:2800, 1232:2800, 656:2224] (1568, 1568, 1568) and write ROI [1728:2304, 1728:2304, 1152:1728] (576, 576, 576)
Recording block-done for octoS0SubroiZ15683136Y78409408X1097612544Difficultsoma_pred_affs/1000 with read ROI [1232:2800, 1808:3376, 5264:6832] (1568, 1568, 1568) and write ROI [1728:2304, 2304:2880, 5760:6336] (576, 576, 576)
Recorded block-done for octoS0SubroiZ15683136Y78409408X1097612544Difficultsoma_pred_affs/1000 with read ROI [1232:2800, 1808:3376, 5264:6832] (1568, 1568, 1568) and write ROI [1728:2304, 2304:2880, 5760:6336] (576, 576, 576)
Recording block-done for octoS0SubroiZ15683136Y78409408X1097612544Difficultsoma_pred_affs/2956 with read ROI [1232:2800, 1808:3376, 9872:11440] (1568, 1568, 1568) and write ROI [1728:2304, 2304:2880, 10368:10944] (576, 576, 576)
Recorded block-done for octoS0SubroiZ15683136Y78409408X1097612544Difficultsoma_pred_affs/2956 with read ROI [1232:2800, 1808:3376, 9872:11440] (1568, 1568, 1568) and write ROI [1728:2304, 2304:2880, 10368:10944] (576, 576, 576)
Recording block-done for octoS0SubroiZ15683136Y78409408X1097612544Difficultsoma_pred_affs/2324 with read ROI [1232:2800, 1232:2800, 9296:10864] (1568, 1568, 1568) and write ROI [1728:2304, 1728:2304, 9792:10368] (576, 576, 576)
Recorded block-done for octoS0SubroiZ15683136Y78409408X1097612544Difficultsoma_pred_affs/2324 with read ROI [1232:2800, 1232:2800, 9296:10864] (1568, 1568, 1568) and write ROI [1728:2304, 1728:2304, 9792:10368] (576, 576, 576)
Recording block-done for octoS0SubroiZ15683136Y78409408X1097612544Difficultsoma_pred_affs/1221 with read ROI [1232:2800, 4688:6256, 2960:4528] (1568, 1568, 1568) and write ROI [1728:2304, 5184:5760, 3456:4032] (576, 576, 576)
Recorded block-done for octoS0SubroiZ15683136Y78409408X1097612544Difficultsoma_pred_affs/1221 with read ROI [1232:2800, 4688:6256, 2960:4528] (1568, 1568, 1568) and write ROI [1728:2304, 5184:5760, 3456:4032] (576, 576, 576)
Recording block-done for octoS0SubroiZ15683136Y78409408X1097612544Difficultsoma_pred_affs/6107 with read ROI [1232:2800, 6416:7984, 9296:10864] (1568, 1568, 1568) and write ROI [1728:2304, 6912:7488, 9792:10368] (576, 576, 576)
Recorded block-done for octoS0SubroiZ15683136Y78409408X1097612544Difficultsoma_pred_affs/6107 with read ROI [1232:2800, 6416:7984, 9296:10864] (1568, 1568, 1568) and write ROI [1728:2304, 6912:7488, 9792:10368] (576, 576, 576)
Recording block-done for octoS0SubroiZ15683136Y78409408X1097612544Difficultsoma_pred_affs/5564 with read ROI [1232:2800, 5840:7408, 9296:10864] (1568, 1568, 1568) and write ROI [1728:2304, 6336:6912, 9792:10368] (576, 576, 576)
Recorded block-done for octoS0SubroiZ15683136Y78409408X1097612544Difficultsoma_pred_affs/5564 with read ROI [1232:2800, 5840:7408, 9296:10864] (1568, 1568, 1568) and write ROI [1728:2304, 6336:6912, 9792:10368] (576, 576, 576)
Recording block-done for octoS0SubroiZ15683136Y78409408X1097612544Difficultsoma_pred_affs/939 with read ROI [1232:2800, 6416:7984, 80:1648] (1568, 1568, 1568) and write ROI [1728:2304, 6912:7488, 576:1152] (576, 576, 576)
Recorded block-done for octoS0SubroiZ15683136Y78409408X1097612544Difficultsoma_pred_affs/939 with read ROI [1232:2800, 6416:7984, 80:1648] (1568, 1568, 1568) and write ROI [1728:2304, 6912:7488, 576:1152] (576, 576, 576)
Recording block-done for octoS0SubroiZ15683136Y78409408X1097612544Difficultsoma_pred_affs/1453 with read ROI [1232:2800, 6416:7984, 1808:3376] (1568, 1568, 1568) and write ROI [1728:2304, 6912:7488, 2304:2880] (576, 576, 576)
Recorded block-done for octoS0SubroiZ15683136Y78409408X1097612544Difficultsoma_pred_affs/1453 with read ROI [1232:2800, 6416:7984, 1808:3376] (1568, 1568, 1568) and write ROI [1728:2304, 6912:7488, 2304:2880] (576, 576, 576)
Recording block-done for octoS0SubroiZ15683136Y78409408X1097612544Difficultsoma_pred_affs/4316 with read ROI [1232:2800, 10448:12016, 2960:4528] (1568, 1568, 1568) and write ROI [1728:2304, 10944:11520, 3456:4032] (576, 576, 576)
Recorded block-done for octoS0SubroiZ15683136Y78409408X1097612544Difficultsoma_pred_affs/4316 with read ROI [1232:2800, 10448:12016, 2960:4528] (1568, 1568, 1568) and write ROI [1728:2304, 10944:11520, 3456:4032] (576, 576, 576)
Recording block-done for octoS0SubroiZ15683136Y78409408X1097612544Difficultsoma_pred_affs/994 with read ROI [1808:3376, 656:2224, 5840:7408] (1568, 1568, 1568) and write ROI [2304:2880, 1152:1728, 6336:6912] (576, 576, 576)
Recorded block-done for octoS0SubroiZ15683136Y78409408X1097612544Difficultsoma_pred_affs/994 with read ROI [1808:3376, 656:2224, 5840:7408] (1568, 1568, 1568) and write ROI [2304:2880, 1152:1728, 6336:6912] (576, 576, 576)
Recording block-done for octoS0SubroiZ15683136Y78409408X1097612544Difficultsoma_pred_affs/762 with read ROI [1808:3376, 4112:5680, 1232:2800] (1568, 1568, 1568) and write ROI [2304:2880, 4608:5184, 1728:2304] (576, 576, 576)
Recorded block-done for octoS0SubroiZ15683136Y78409408X1097612544Difficultsoma_pred_affs/762 with read ROI [1808:3376, 4112:5680, 1232:2800] (1568, 1568, 1568) and write ROI [2304:2880, 4608:5184, 1728:2304] (576, 576, 576)
Recording block-done for octoS0SubroiZ15683136Y78409408X1097612544Difficultsoma_pred_affs/6669 with read ROI [1808:3376, 5840:7408, 9872:11440] (1568, 1568, 1568) and write ROI [2304:2880, 6336:6912, 10368:10944] (576, 576, 576)
Recorded block-done for octoS0SubroiZ15683136Y78409408X1097612544Difficultsoma_pred_affs/6669 with read ROI [1808:3376, 5840:7408, 9872:11440] (1568, 1568, 1568) and write ROI [2304:2880, 6336:6912, 10368:10944] (576, 576, 576)
Recording block-done for octoS0SubroiZ15683136Y78409408X1097612544Difficultsoma_pred_affs/3763 with read ROI [1808:3376, 5264:6832, 6992:8560] (1568, 1568, 1568) and write ROI [2304:2880, 5760:6336, 7488:8064] (576, 576, 576)
Recorded block-done for octoS0SubroiZ15683136Y78409408X1097612544Difficultsoma_pred_affs/3763 with read ROI [1808:3376, 5264:6832, 6992:8560] (1568, 1568, 1568) and write ROI [2304:2880, 5760:6336, 7488:8064] (576, 576, 576)
Recording block-done for octoS0SubroiZ15683136Y78409408X1097612544Difficultsoma_pred_affs/3335 with read ROI [1808:3376, 2960:4528, 8720:10288] (1568, 1568, 1568) and write ROI [2304:2880, 3456:4032, 9216:9792] (576, 576, 576)
Recorded block-done for octoS0SubroiZ15683136Y78409408X1097612544Difficultsoma_pred_affs/3335 with read ROI [1808:3376, 2960:4528, 8720:10288] (1568, 1568, 1568) and write ROI [2304:2880, 3456:4032, 9216:9792] (576, 576, 576)
Recording block-done for octoS0SubroiZ15683136Y78409408X1097612544Difficultsoma_pred_affs/4217 with read ROI [1808:3376, 6992:8560, 5840:7408] (1568, 1568, 1568) and write ROI [2304:2880, 7488:8064, 6336:6912] (576, 576, 576)
Recorded block-done for octoS0SubroiZ15683136Y78409408X1097612544Difficultsoma_pred_affs/4217 with read ROI [1808:3376, 6992:8560, 5840:7408] (1568, 1568, 1568) and write ROI [2304:2880, 7488:8064, 6336:6912] (576, 576, 576)
Recording block-done for octoS0SubroiZ15683136Y78409408X1097612544Difficultsoma_pred_affs/2514 with read ROI [1808:3376, 8720:10288, 1232:2800] (1568, 1568, 1568) and write ROI [2304:2880, 9216:9792, 1728:2304] (576, 576, 576)
Recorded block-done for octoS0SubroiZ15683136Y78409408X1097612544Difficultsoma_pred_affs/2514 with read ROI [1808:3376, 8720:10288, 1232:2800] (1568, 1568, 1568) and write ROI [2304:2880, 9216:9792, 1728:2304] (576, 576, 576)
Recording block-done for octoS0SubroiZ15683136Y78409408X1097612544Difficultsoma_pred_affs/7315 with read ROI [1808:3376, 7568:9136, 8720:10288] (1568, 1568, 1568) and write ROI [2304:2880, 8064:8640, 9216:9792] (576, 576, 576)
Recorded block-done for octoS0SubroiZ15683136Y78409408X1097612544Difficultsoma_pred_affs/7315 with read ROI [1808:3376, 7568:9136, 8720:10288] (1568, 1568, 1568) and write ROI [2304:2880, 8064:8640, 9216:9792] (576, 576, 576)
Recording block-done for octoS0SubroiZ15683136Y78409408X1097612544Difficultsoma_pred_affs/4670 with read ROI [1808:3376, 7568:9136, 5840:7408] (1568, 1568, 1568) and write ROI [2304:2880, 8064:8640, 6336:6912] (576, 576, 576)
Recorded block-done for octoS0SubroiZ15683136Y78409408X1097612544Difficultsoma_pred_affs/4670 with read ROI [1808:3376, 7568:9136, 5840:7408] (1568, 1568, 1568) and write ROI [2304:2880, 8064:8640, 6336:6912] (576, 576, 576)
Recording block-done for octoS0SubroiZ15683136Y78409408X1097612544Difficultsoma_pred_affs/3490 with read ROI [1808:3376, 8720:10288, 2960:4528] (1568, 1568, 1568) and write ROI [2304:2880, 9216:9792, 3456:4032] (576, 576, 576)
Recorded block-done for octoS0SubroiZ15683136Y78409408X1097612544Difficultsoma_pred_affs/3490 with read ROI [1808:3376, 8720:10288, 2960:4528] (1568, 1568, 1568) and write ROI [2304:2880, 9216:9792, 3456:4032] (576, 576, 576)
Recording block-done for octoS0SubroiZ15683136Y78409408X1097612544Difficultsoma_pred_affs/2641 with read ROI [2384:3952, 1232:2800, 8720:10288] (1568, 1568, 1568) and write ROI [2880:3456, 1728:2304, 9216:9792] (576, 576, 576)
Recorded block-done for octoS0SubroiZ15683136Y78409408X1097612544Difficultsoma_pred_affs/2641 with read ROI [2384:3952, 1232:2800, 8720:10288] (1568, 1568, 1568) and write ROI [2880:3456, 1728:2304, 9216:9792] (576, 576, 576)
Recording block-done for octoS0SubroiZ15683136Y78409408X1097612544Difficultsoma_pred_affs/496 with read ROI [2384:3952, 1232:2800, 2384:3952] (1568, 1568, 1568) and write ROI [2880:3456, 1728:2304, 2880:3456] (576, 576, 576)
Recorded block-done for octoS0SubroiZ15683136Y78409408X1097612544Difficultsoma_pred_affs/496 with read ROI [2384:3952, 1232:2800, 2384:3952] (1568, 1568, 1568) and write ROI [2880:3456, 1728:2304, 2880:3456] (576, 576, 576)
Recording block-done for octoS0SubroiZ15683136Y78409408X1097612544Difficultsoma_pred_affs/5056 with read ROI [2384:3952, 4112:5680, 9296:10864] (1568, 1568, 1568) and write ROI [2880:3456, 4608:5184, 9792:10368] (576, 576, 576)
Recorded block-done for octoS0SubroiZ15683136Y78409408X1097612544Difficultsoma_pred_affs/5056 with read ROI [2384:3952, 4112:5680, 9296:10864] (1568, 1568, 1568) and write ROI [2880:3456, 4608:5184, 9792:10368] (576, 576, 576)
Recording block-done for octoS0SubroiZ15683136Y78409408X1097612544Difficultsoma_pred_affs/4131 with read ROI [2384:3952, 2960:4528, 9296:10864] (1568, 1568, 1568) and write ROI [2880:3456, 3456:4032, 9792:10368] (576, 576, 576)
Recorded block-done for octoS0SubroiZ15683136Y78409408X1097612544Difficultsoma_pred_affs/4131 with read ROI [2384:3952, 2960:4528, 9296:10864] (1568, 1568, 1568) and write ROI [2880:3456, 3456:4032, 9792:10368] (576, 576, 576)
Recording block-done for octoS0SubroiZ15683136Y78409408X1097612544Difficultsoma_pred_affs/1867 with read ROI [2384:3952, 4112:5680, 4112:5680] (1568, 1568, 1568) and write ROI [2880:3456, 4608:5184, 4608:5184] (576, 576, 576)
Recorded block-done for octoS0SubroiZ15683136Y78409408X1097612544Difficultsoma_pred_affs/1867 with read ROI [2384:3952, 4112:5680, 4112:5680] (1568, 1568, 1568) and write ROI [2880:3456, 4608:5184, 4608:5184] (576, 576, 576)
Recording block-done for octoS0SubroiZ15683136Y78409408X1097612544Difficultsoma_pred_affs/2495 with read ROI [2384:3952, 7568:9136, 1808:3376] (1568, 1568, 1568) and write ROI [2880:3456, 8064:8640, 2304:2880] (576, 576, 576)
Recorded block-done for octoS0SubroiZ15683136Y78409408X1097612544Difficultsoma_pred_affs/2495 with read ROI [2384:3952, 7568:9136, 1808:3376] (1568, 1568, 1568) and write ROI [2880:3456, 8064:8640, 2304:2880] (576, 576, 576)
Recording block-done for octoS0SubroiZ15683136Y78409408X1097612544Difficultsoma_pred_affs/7376 with read ROI [2384:3952, 8720:10288, 6992:8560] (1568, 1568, 1568) and write ROI [2880:3456, 9216:9792, 7488:8064] (576, 576, 576)
Recorded block-done for octoS0SubroiZ15683136Y78409408X1097612544Difficultsoma_pred_affs/7376 with read ROI [2384:3952, 8720:10288, 6992:8560] (1568, 1568, 1568) and write ROI [2880:3456, 9216:9792, 7488:8064] (576, 576, 576)
Recording block-done for octoS0SubroiZ15683136Y78409408X1097612544Difficultsoma_pred_affs/11785 with read ROI [2384:3952, 10448:12016, 8720:10288] (1568, 1568, 1568) and write ROI [2880:3456, 10944:11520, 9216:9792] (576, 576, 576)
Recorded block-done for octoS0SubroiZ15683136Y78409408X1097612544Difficultsoma_pred_affs/11785 with read ROI [2384:3952, 10448:12016, 8720:10288] (1568, 1568, 1568) and write ROI [2880:3456, 10944:11520, 9216:9792] (576, 576, 576)
Recording block-done for octoS0SubroiZ15683136Y78409408X1097612544Difficultsoma_pred_affs/8075 with read ROI [2384:3952, 10448:12016, 5840:7408] (1568, 1568, 1568) and write ROI [2880:3456, 10944:11520, 6336:6912] (576, 576, 576)
Recorded block-done for octoS0SubroiZ15683136Y78409408X1097612544Difficultsoma_pred_affs/8075 with read ROI [2384:3952, 10448:12016, 5840:7408] (1568, 1568, 1568) and write ROI [2880:3456, 10944:11520, 6336:6912] (576, 576, 576)
Recording block-done for octoS0SubroiZ15683136Y78409408X1097612544Difficultsoma_pred_affs/12646 with read ROI [2384:3952, 10448:12016, 9296:10864] (1568, 1568, 1568) and write ROI [2880:3456, 10944:11520, 9792:10368] (576, 576, 576)
Recorded block-done for octoS0SubroiZ15683136Y78409408X1097612544Difficultsoma_pred_affs/12646 with read ROI [2384:3952, 10448:12016, 9296:10864] (1568, 1568, 1568) and write ROI [2880:3456, 10944:11520, 9792:10368] (576, 576, 576)
Recording block-done for octoS0SubroiZ15683136Y78409408X1097612544Difficultsoma_pred_affs/2384 with read ROI [2960:4528, 2960:4528, 5840:7408] (1568, 1568, 1568) and write ROI [3456:4032, 3456:4032, 6336:6912] (576, 576, 576)
Recorded block-done for octoS0SubroiZ15683136Y78409408X1097612544Difficultsoma_pred_affs/2384 with read ROI [2960:4528, 2960:4528, 5840:7408] (1568, 1568, 1568) and write ROI [3456:4032, 3456:4032, 6336:6912] (576, 576, 576)
Recording block-done for octoS0SubroiZ15683136Y78409408X1097612544Difficultsoma_pred_affs/764 with read ROI [2960:4528, 2960:4528, 1232:2800] (1568, 1568, 1568) and write ROI [3456:4032, 3456:4032, 1728:2304] (576, 576, 576)
Recorded block-done for octoS0SubroiZ15683136Y78409408X1097612544Difficultsoma_pred_affs/764 with read ROI [2960:4528, 2960:4528, 1232:2800] (1568, 1568, 1568) and write ROI [3456:4032, 3456:4032, 1728:2304] (576, 576, 576)
Recording block-done for octoS0SubroiZ15683136Y78409408X1097612544Difficultsoma_pred_affs/1066 with read ROI [2960:4528, 3536:5104, 1808:3376] (1568, 1568, 1568) and write ROI [3456:4032, 4032:4608, 2304:2880] (576, 576, 576)
Recorded block-done for octoS0SubroiZ15683136Y78409408X1097612544Difficultsoma_pred_affs/1066 with read ROI [2960:4528, 3536:5104, 1808:3376] (1568, 1568, 1568) and write ROI [3456:4032, 4032:4608, 2304:2880] (576, 576, 576)
Recording block-done for octoS0SubroiZ15683136Y78409408X1097612544Difficultsoma_pred_affs/3796 with read ROI [2960:4528, 5264:6832, 5840:7408] (1568, 1568, 1568) and write ROI [3456:4032, 5760:6336, 6336:6912] (576, 576, 576)
Recorded block-done for octoS0SubroiZ15683136Y78409408X1097612544Difficultsoma_pred_affs/3796 with read ROI [2960:4528, 5264:6832, 5840:7408] (1568, 1568, 1568) and write ROI [3456:4032, 5760:6336, 6336:6912] (576, 576, 576)
Recording block-done for octoS0SubroiZ15683136Y78409408X1097612544Difficultsoma_pred_affs/2516 with read ROI [2960:4528, 7568:9136, 1232:2800] (1568, 1568, 1568) and write ROI [3456:4032, 8064:8640, 1728:2304] (576, 576, 576)
Recorded block-done for octoS0SubroiZ15683136Y78409408X1097612544Difficultsoma_pred_affs/2516 with read ROI [2960:4528, 7568:9136, 1232:2800] (1568, 1568, 1568) and write ROI [3456:4032, 8064:8640, 1728:2304] (576, 576, 576)
Recording block-done for octoS0SubroiZ15683136Y78409408X1097612544Difficultsoma_pred_affs/3162 with read ROI [2960:4528, 8144:9712, 1808:3376] (1568, 1568, 1568) and write ROI [3456:4032, 8640:9216, 2304:2880] (576, 576, 576)
Recorded block-done for octoS0SubroiZ15683136Y78409408X1097612544Difficultsoma_pred_affs/3162 with read ROI [2960:4528, 8144:9712, 1808:3376] (1568, 1568, 1568) and write ROI [3456:4032, 8640:9216, 2304:2880] (576, 576, 576)
Recording block-done for octoS0SubroiZ15683136Y78409408X1097612544Difficultsoma_pred_affs/9355 with read ROI [2960:4528, 7568:9136, 9296:10864] (1568, 1568, 1568) and write ROI [3456:4032, 8064:8640, 9792:10368] (576, 576, 576)
Recorded block-done for octoS0SubroiZ15683136Y78409408X1097612544Difficultsoma_pred_affs/9355 with read ROI [2960:4528, 7568:9136, 9296:10864] (1568, 1568, 1568) and write ROI [3456:4032, 8064:8640, 9792:10368] (576, 576, 576)
Recording block-done for octoS0SubroiZ15683136Y78409408X1097612544Difficultsoma_pred_affs/9376 with read ROI [2960:4528, 8144:9712, 8720:10288] (1568, 1568, 1568) and write ROI [3456:4032, 8640:9216, 9216:9792] (576, 576, 576)
Recorded block-done for octoS0SubroiZ15683136Y78409408X1097612544Difficultsoma_pred_affs/9376 with read ROI [2960:4528, 8144:9712, 8720:10288] (1568, 1568, 1568) and write ROI [3456:4032, 8640:9216, 9216:9792] (576, 576, 576)
Recording block-done for octoS0SubroiZ15683136Y78409408X1097612544Difficultsoma_pred_affs/7446 with read ROI [2960:4528, 9872:11440, 5264:6832] (1568, 1568, 1568) and write ROI [3456:4032, 10368:10944, 5760:6336] (576, 576, 576)
Recorded block-done for octoS0SubroiZ15683136Y78409408X1097612544Difficultsoma_pred_affs/7446 with read ROI [2960:4528, 9872:11440, 5264:6832] (1568, 1568, 1568) and write ROI [3456:4032, 10368:10944, 5760:6336] (576, 576, 576)
Recording block-done for octoS0SubroiZ15683136Y78409408X1097612544Difficultsoma_pred_affs/12623 with read ROI [2960:4528, 9296:10864, 9872:11440] (1568, 1568, 1568) and write ROI [3456:4032, 9792:10368, 10368:10944] (576, 576, 576)
Recorded block-done for octoS0SubroiZ15683136Y78409408X1097612544Difficultsoma_pred_affs/12623 with read ROI [2960:4528, 9296:10864, 9872:11440] (1568, 1568, 1568) and write ROI [3456:4032, 9792:10368, 10368:10944] (576, 576, 576)
Recording block-done for octoS0SubroiZ15683136Y78409408X1097612544Difficultsoma_pred_affs/6741 with read ROI [2960:4528, 6992:8560, 7568:9136] (1568, 1568, 1568) and write ROI [3456:4032, 7488:8064, 8064:8640] (576, 576, 576)
Recorded block-done for octoS0SubroiZ15683136Y78409408X1097612544Difficultsoma_pred_affs/6741 with read ROI [2960:4528, 6992:8560, 7568:9136] (1568, 1568, 1568) and write ROI [3456:4032, 7488:8064, 8064:8640] (576, 576, 576)
Recording block-done for octoS0SubroiZ15683136Y78409408X1097612544Difficultsoma_pred_affs/498 with read ROI [3536:5104, 80:1648, 2384:3952] (1568, 1568, 1568) and write ROI [4032:4608, 576:1152, 2880:3456] (576, 576, 576)
Recorded block-done for octoS0SubroiZ15683136Y78409408X1097612544Difficultsoma_pred_affs/498 with read ROI [3536:5104, 80:1648, 2384:3952] (1568, 1568, 1568) and write ROI [4032:4608, 576:1152, 2880:3456] (576, 576, 576)
Recording block-done for octoS0SubroiZ15683136Y78409408X1097612544Difficultsoma_pred_affs/2662 with read ROI [3536:5104, 1232:2800, 7568:9136] (1568, 1568, 1568) and write ROI [4032:4608, 1728:2304, 8064:8640] (576, 576, 576)
Recorded block-done for octoS0SubroiZ15683136Y78409408X1097612544Difficultsoma_pred_affs/2662 with read ROI [3536:5104, 1232:2800, 7568:9136] (1568, 1568, 1568) and write ROI [4032:4608, 1728:2304, 8064:8640] (576, 576, 576)
Recording block-done for octoS0SubroiZ15683136Y78409408X1097612544Difficultsoma_pred_affs/4580 with read ROI [3536:5104, 2384:3952, 9296:10864] (1568, 1568, 1568) and write ROI [4032:4608, 2880:3456, 9792:10368] (576, 576, 576)
Recorded block-done for octoS0SubroiZ15683136Y78409408X1097612544Difficultsoma_pred_affs/4580 with read ROI [3536:5104, 2384:3952, 9296:10864] (1568, 1568, 1568) and write ROI [4032:4608, 2880:3456, 9792:10368] (576, 576, 576)
Recording block-done for octoS0SubroiZ15683136Y78409408X1097612544Difficultsoma_pred_affs/4145 with read ROI [3536:5104, 2384:3952, 8720:10288] (1568, 1568, 1568) and write ROI [4032:4608, 2880:3456, 9216:9792] (576, 576, 576)
Recorded block-done for octoS0SubroiZ15683136Y78409408X1097612544Difficultsoma_pred_affs/4145 with read ROI [3536:5104, 2384:3952, 8720:10288] (1568, 1568, 1568) and write ROI [4032:4608, 2880:3456, 9216:9792] (576, 576, 576)
Recording block-done for octoS0SubroiZ15683136Y78409408X1097612544Difficultsoma_pred_affs/3010 with read ROI [3536:5104, 2384:3952, 6992:8560] (1568, 1568, 1568) and write ROI [4032:4608, 2880:3456, 7488:8064] (576, 576, 576)
Recorded block-done for octoS0SubroiZ15683136Y78409408X1097612544Difficultsoma_pred_affs/3010 with read ROI [3536:5104, 2384:3952, 6992:8560] (1568, 1568, 1568) and write ROI [4032:4608, 2880:3456, 7488:8064] (576, 576, 576)
Recording block-done for octoS0SubroiZ15683136Y78409408X1097612544Difficultsoma_pred_affs/5583 with read ROI [3536:5104, 4112:5680, 8720:10288] (1568, 1568, 1568) and write ROI [4032:4608, 4608:5184, 9216:9792] (576, 576, 576)
Recorded block-done for octoS0SubroiZ15683136Y78409408X1097612544Difficultsoma_pred_affs/5583 with read ROI [3536:5104, 4112:5680, 8720:10288] (1568, 1568, 1568) and write ROI [4032:4608, 4608:5184, 9216:9792] (576, 576, 576)
Recording block-done for octoS0SubroiZ15683136Y78409408X1097612544Difficultsoma_pred_affs/2427 with read ROI [3536:5104, 4112:5680, 4112:5680] (1568, 1568, 1568) and write ROI [4032:4608, 4608:5184, 4608:5184] (576, 576, 576)
Recorded block-done for octoS0SubroiZ15683136Y78409408X1097612544Difficultsoma_pred_affs/2427 with read ROI [3536:5104, 4112:5680, 4112:5680] (1568, 1568, 1568) and write ROI [4032:4608, 4608:5184, 4608:5184] (576, 576, 576)
Recording block-done for octoS0SubroiZ15683136Y78409408X1097612544Difficultsoma_pred_affs/914 with read ROI [3536:5104, 2960:4528, 1232:2800] (1568, 1568, 1568) and write ROI [4032:4608, 3456:4032, 1728:2304] (576, 576, 576)
Recorded block-done for octoS0SubroiZ15683136Y78409408X1097612544Difficultsoma_pred_affs/914 with read ROI [3536:5104, 2960:4528, 1232:2800] (1568, 1568, 1568) and write ROI [4032:4608, 3456:4032, 1728:2304] (576, 576, 576)
Recording block-done for octoS0SubroiZ15683136Y78409408X1097612544Difficultsoma_pred_affs/2167 with read ROI [3536:5104, 4688:6256, 2960:4528] (1568, 1568, 1568) and write ROI [4032:4608, 5184:5760, 3456:4032] (576, 576, 576)
Recorded block-done for octoS0SubroiZ15683136Y78409408X1097612544Difficultsoma_pred_affs/2167 with read ROI [3536:5104, 4688:6256, 2960:4528] (1568, 1568, 1568) and write ROI [4032:4608, 5184:5760, 3456:4032] (576, 576, 576)
Recording block-done for octoS0SubroiZ15683136Y78409408X1097612544Difficultsoma_pred_affs/5138 with read ROI [3536:5104, 5840:7408, 6416:7984] (1568, 1568, 1568) and write ROI [4032:4608, 6336:6912, 6912:7488] (576, 576, 576)
Recorded block-done for octoS0SubroiZ15683136Y78409408X1097612544Difficultsoma_pred_affs/5138 with read ROI [3536:5104, 5840:7408, 6416:7984] (1568, 1568, 1568) and write ROI [4032:4608, 6336:6912, 6912:7488] (576, 576, 576)
Recording block-done for octoS0SubroiZ15683136Y78409408X1097612544Difficultsoma_pred_affs/7948 with read ROI [3536:5104, 5840:7408, 9296:10864] (1568, 1568, 1568) and write ROI [4032:4608, 6336:6912, 9792:10368] (576, 576, 576)
Recorded block-done for octoS0SubroiZ15683136Y78409408X1097612544Difficultsoma_pred_affs/7948 with read ROI [3536:5104, 5840:7408, 9296:10864] (1568, 1568, 1568) and write ROI [4032:4608, 6336:6912, 9792:10368] (576, 576, 576)
Recording block-done for octoS0SubroiZ15683136Y78409408X1097612544Difficultsoma_pred_affs/3766 with read ROI [3536:5104, 3536:5104, 6992:8560] (1568, 1568, 1568) and write ROI [4032:4608, 4032:4608, 7488:8064] (576, 576, 576)
Recorded block-done for octoS0SubroiZ15683136Y78409408X1097612544Difficultsoma_pred_affs/3766 with read ROI [3536:5104, 3536:5104, 6992:8560] (1568, 1568, 1568) and write ROI [4032:4608, 4032:4608, 7488:8064] (576, 576, 576)
Recording block-done for octoS0SubroiZ15683136Y78409408X1097612544Difficultsoma_pred_affs/2517 with read ROI [3536:5104, 6992:8560, 1232:2800] (1568, 1568, 1568) and write ROI [4032:4608, 7488:8064, 1728:2304] (576, 576, 576)
Recorded block-done for octoS0SubroiZ15683136Y78409408X1097612544Difficultsoma_pred_affs/2517 with read ROI [3536:5104, 6992:8560, 1232:2800] (1568, 1568, 1568) and write ROI [4032:4608, 7488:8064, 1728:2304] (576, 576, 576)
Recording block-done for octoS0SubroiZ15683136Y78409408X1097612544Difficultsoma_pred_affs/5739 with read ROI [3536:5104, 8720:10288, 4112:5680] (1568, 1568, 1568) and write ROI [4032:4608, 9216:9792, 4608:5184] (576, 576, 576)
Recorded block-done for octoS0SubroiZ15683136Y78409408X1097612544Difficultsoma_pred_affs/5739 with read ROI [3536:5104, 8720:10288, 4112:5680] (1568, 1568, 1568) and write ROI [4032:4608, 9216:9792, 4608:5184] (576, 576, 576)
Recording block-done for octoS0SubroiZ15683136Y78409408X1097612544Difficultsoma_pred_affs/7423 with read ROI [3536:5104, 8720:10288, 5840:7408] (1568, 1568, 1568) and write ROI [4032:4608, 9216:9792, 6336:6912] (576, 576, 576)
Recorded block-done for octoS0SubroiZ15683136Y78409408X1097612544Difficultsoma_pred_affs/7423 with read ROI [3536:5104, 8720:10288, 5840:7408] (1568, 1568, 1568) and write ROI [4032:4608, 9216:9792, 6336:6912] (576, 576, 576)
Recording block-done for octoS0SubroiZ15683136Y78409408X1097612544Difficultsoma_pred_affs/3536 with read ROI [3536:5104, 8144:9712, 1808:3376] (1568, 1568, 1568) and write ROI [4032:4608, 8640:9216, 2304:2880] (576, 576, 576)
Recorded block-done for octoS0SubroiZ15683136Y78409408X1097612544Difficultsoma_pred_affs/3536 with read ROI [3536:5104, 8144:9712, 1808:3376] (1568, 1568, 1568) and write ROI [4032:4608, 8640:9216, 2304:2880] (576, 576, 576)
Recording block-done for octoS0SubroiZ15683136Y78409408X1097612544Difficultsoma_pred_affs/4853 with read ROI [3536:5104, 10448:12016, 1232:2800] (1568, 1568, 1568) and write ROI [4032:4608, 10944:11520, 1728:2304] (576, 576, 576)
Recorded block-done for octoS0SubroiZ15683136Y78409408X1097612544Difficultsoma_pred_affs/4853 with read ROI [3536:5104, 10448:12016, 1232:2800] (1568, 1568, 1568) and write ROI [4032:4608, 10944:11520, 1728:2304] (576, 576, 576)
Recording block-done for octoS0SubroiZ15683136Y78409408X1097612544Difficultsoma_pred_affs/12648 with read ROI [3536:5104, 9296:10864, 9296:10864] (1568, 1568, 1568) and write ROI [4032:4608, 9792:10368, 9792:10368] (576, 576, 576)
Recorded block-done for octoS0SubroiZ15683136Y78409408X1097612544Difficultsoma_pred_affs/12648 with read ROI [3536:5104, 9296:10864, 9296:10864] (1568, 1568, 1568) and write ROI [4032:4608, 9792:10368, 9792:10368] (576, 576, 576)
Recording block-done for octoS0SubroiZ15683136Y78409408X1097612544Difficultsoma_pred_affs/12673 with read ROI [3536:5104, 9872:11440, 8720:10288] (1568, 1568, 1568) and write ROI [4032:4608, 10368:10944, 9216:9792] (576, 576, 576)
Recorded block-done for octoS0SubroiZ15683136Y78409408X1097612544Difficultsoma_pred_affs/12673 with read ROI [3536:5104, 9872:11440, 8720:10288] (1568, 1568, 1568) and write ROI [4032:4608, 10368:10944, 9216:9792] (576, 576, 576)
Recording block-done for octoS0SubroiZ15683136Y78409408X1097612544Difficultsoma_pred_affs/623 with read ROI [4112:5680, 656:2224, 1808:3376] (1568, 1568, 1568) and write ROI [4608:5184, 1152:1728, 2304:2880] (576, 576, 576)
Recorded block-done for octoS0SubroiZ15683136Y78409408X1097612544Difficultsoma_pred_affs/623 with read ROI [4112:5680, 656:2224, 1808:3376] (1568, 1568, 1568) and write ROI [4608:5184, 1152:1728, 2304:2880] (576, 576, 576)
Recording block-done for octoS0SubroiZ15683136Y78409408X1097612544Difficultsoma_pred_affs/2110 with read ROI [4112:5680, 1808:3376, 5264:6832] (1568, 1568, 1568) and write ROI [4608:5184, 2304:2880, 5760:6336] (576, 576, 576)
Recorded block-done for octoS0SubroiZ15683136Y78409408X1097612544Difficultsoma_pred_affs/2110 with read ROI [4112:5680, 1808:3376, 5264:6832] (1568, 1568, 1568) and write ROI [4608:5184, 2304:2880, 5760:6336] (576, 576, 576)
Recording block-done for octoS0SubroiZ15683136Y78409408X1097612544Difficultsoma_pred_affs/7378 with read ROI [3536:5104, 7568:9136, 6992:8560] (1568, 1568, 1568) and write ROI [4032:4608, 8064:8640, 7488:8064] (576, 576, 576)
Recorded block-done for octoS0SubroiZ15683136Y78409408X1097612544Difficultsoma_pred_affs/7378 with read ROI [3536:5104, 7568:9136, 6992:8560] (1568, 1568, 1568) and write ROI [4032:4608, 8064:8640, 7488:8064] (576, 576, 576)
Recording block-done for octoS0SubroiZ15683136Y78409408X1097612544Difficultsoma_pred_affs/2413 with read ROI [4112:5680, 2960:4528, 4688:6256] (1568, 1568, 1568) and write ROI [4608:5184, 3456:4032, 5184:5760] (576, 576, 576)
Recorded block-done for octoS0SubroiZ15683136Y78409408X1097612544Difficultsoma_pred_affs/2413 with read ROI [4112:5680, 2960:4528, 4688:6256] (1568, 1568, 1568) and write ROI [4608:5184, 3456:4032, 5184:5760] (576, 576, 576)
Recording block-done for octoS0SubroiZ15683136Y78409408X1097612544Difficultsoma_pred_affs/2713 with read ROI [4112:5680, 2960:4528, 5264:6832] (1568, 1568, 1568) and write ROI [4608:5184, 3456:4032, 5760:6336] (576, 576, 576)
Recorded block-done for octoS0SubroiZ15683136Y78409408X1097612544Difficultsoma_pred_affs/2713 with read ROI [4112:5680, 2960:4528, 5264:6832] (1568, 1568, 1568) and write ROI [4608:5184, 3456:4032, 5760:6336] (576, 576, 576)
Recording block-done for octoS0SubroiZ15683136Y78409408X1097612544Difficultsoma_pred_affs/3420 with read ROI [4112:5680, 4112:5680, 5264:6832] (1568, 1568, 1568) and write ROI [4608:5184, 4608:5184, 5760:6336] (576, 576, 576)
Recorded block-done for octoS0SubroiZ15683136Y78409408X1097612544Difficultsoma_pred_affs/3420 with read ROI [4112:5680, 4112:5680, 5264:6832] (1568, 1568, 1568) and write ROI [4608:5184, 4608:5184, 5760:6336] (576, 576, 576)
Recording block-done for octoS0SubroiZ15683136Y78409408X1097612544Difficultsoma_pred_affs/9357 with read ROI [4112:5680, 6416:7984, 9296:10864] (1568, 1568, 1568) and write ROI [4608:5184, 6912:7488, 9792:10368] (576, 576, 576)
Recorded block-done for octoS0SubroiZ15683136Y78409408X1097612544Difficultsoma_pred_affs/9357 with read ROI [4112:5680, 6416:7984, 9296:10864] (1568, 1568, 1568) and write ROI [4608:5184, 6912:7488, 9792:10368] (576, 576, 576)
Recording block-done for octoS0SubroiZ15683136Y78409408X1097612544Difficultsoma_pred_affs/2839 with read ROI [4112:5680, 6992:8560, 1232:2800] (1568, 1568, 1568) and write ROI [4608:5184, 7488:8064, 1728:2304] (576, 576, 576)
Recorded block-done for octoS0SubroiZ15683136Y78409408X1097612544Difficultsoma_pred_affs/2839 with read ROI [4112:5680, 6992:8560, 1232:2800] (1568, 1568, 1568) and write ROI [4608:5184, 7488:8064, 1728:2304] (576, 576, 576)
Recording block-done for octoS0SubroiZ15683136Y78409408X1097612544Difficultsoma_pred_affs/5319 with read ROI [4112:5680, 9872:11440, 1808:3376] (1568, 1568, 1568) and write ROI [4608:5184, 10368:10944, 2304:2880] (576, 576, 576)
Recorded block-done for octoS0SubroiZ15683136Y78409408X1097612544Difficultsoma_pred_affs/5319 with read ROI [4112:5680, 9872:11440, 1808:3376] (1568, 1568, 1568) and write ROI [4608:5184, 10368:10944, 2304:2880] (576, 576, 576)
Recording block-done for octoS0SubroiZ15683136Y78409408X1097612544Difficultsoma_pred_affs/11764 with read ROI [4112:5680, 8144:9712, 9296:10864] (1568, 1568, 1568) and write ROI [4608:5184, 8640:9216, 9792:10368] (576, 576, 576)
Recorded block-done for octoS0SubroiZ15683136Y78409408X1097612544Difficultsoma_pred_affs/11764 with read ROI [4112:5680, 8144:9712, 9296:10864] (1568, 1568, 1568) and write ROI [4608:5184, 8640:9216, 9792:10368] (576, 576, 576)
Recording block-done for octoS0SubroiZ15683136Y78409408X1097612544Difficultsoma_pred_affs/8009 with read ROI [4112:5680, 6992:8560, 7568:9136] (1568, 1568, 1568) and write ROI [4608:5184, 7488:8064, 8064:8640] (576, 576, 576)
Recorded block-done for octoS0SubroiZ15683136Y78409408X1097612544Difficultsoma_pred_affs/8009 with read ROI [4112:5680, 6992:8560, 7568:9136] (1568, 1568, 1568) and write ROI [4608:5184, 7488:8064, 8064:8640] (576, 576, 576)
Recording block-done for octoS0SubroiZ15683136Y78409408X1097612544Difficultsoma_pred_affs/4299 with read ROI [4112:5680, 6992:8560, 3536:5104] (1568, 1568, 1568) and write ROI [4608:5184, 7488:8064, 4032:4608] (576, 576, 576)
Recorded block-done for octoS0SubroiZ15683136Y78409408X1097612544Difficultsoma_pred_affs/4299 with read ROI [4112:5680, 6992:8560, 3536:5104] (1568, 1568, 1568) and write ROI [4608:5184, 7488:8064, 4032:4608] (576, 576, 576)
Recording block-done for octoS0SubroiZ15683136Y78409408X1097612544Difficultsoma_pred_affs/2414 with read ROI [4688:6256, 2384:3952, 4688:6256] (1568, 1568, 1568) and write ROI [5184:5760, 2880:3456, 5184:5760] (576, 576, 576)
Recorded block-done for octoS0SubroiZ15683136Y78409408X1097612544Difficultsoma_pred_affs/2414 with read ROI [4688:6256, 2384:3952, 4688:6256] (1568, 1568, 1568) and write ROI [5184:5760, 2880:3456, 5184:5760] (576, 576, 576)
Recording block-done for octoS0SubroiZ15683136Y78409408X1097612544Difficultsoma_pred_affs/1405 with read ROI [4688:6256, 656:2224, 4112:5680] (1568, 1568, 1568) and write ROI [5184:5760, 1152:1728, 4608:5184] (576, 576, 576)
Recorded block-done for octoS0SubroiZ15683136Y78409408X1097612544Difficultsoma_pred_affs/1405 with read ROI [4688:6256, 656:2224, 4112:5680] (1568, 1568, 1568) and write ROI [5184:5760, 1152:1728, 4608:5184] (576, 576, 576)
Recording block-done for octoS0SubroiZ15683136Y78409408X1097612544Difficultsoma_pred_affs/439 with read ROI [4688:6256, 656:2224, 80:1648] (1568, 1568, 1568) and write ROI [5184:5760, 1152:1728, 576:1152] (576, 576, 576)
Recorded block-done for octoS0SubroiZ15683136Y78409408X1097612544Difficultsoma_pred_affs/439 with read ROI [4688:6256, 656:2224, 80:1648] (1568, 1568, 1568) and write ROI [5184:5760, 1152:1728, 576:1152] (576, 576, 576)
Recording block-done for octoS0SubroiZ15683136Y78409408X1097612544Difficultsoma_pred_affs/4675 with read ROI [4688:6256, 4688:6256, 5840:7408] (1568, 1568, 1568) and write ROI [5184:5760, 5184:5760, 6336:6912] (576, 576, 576)
Recorded block-done for octoS0SubroiZ15683136Y78409408X1097612544Difficultsoma_pred_affs/4675 with read ROI [4688:6256, 4688:6256, 5840:7408] (1568, 1568, 1568) and write ROI [5184:5760, 5184:5760, 6336:6912] (576, 576, 576)
Recording block-done for octoS0SubroiZ15683136Y78409408X1097612544Difficultsoma_pred_affs/7359 with read ROI [4688:6256, 5840:7408, 7568:9136] (1568, 1568, 1568) and write ROI [5184:5760, 6336:6912, 8064:8640] (576, 576, 576)
Recorded block-done for octoS0SubroiZ15683136Y78409408X1097612544Difficultsoma_pred_affs/7359 with read ROI [4688:6256, 5840:7408, 7568:9136] (1568, 1568, 1568) and write ROI [5184:5760, 6336:6912, 8064:8640] (576, 576, 576)
Recording block-done for octoS0SubroiZ15683136Y78409408X1097612544Difficultsoma_pred_affs/5675 with read ROI [4688:6256, 5840:7408, 5840:7408] (1568, 1568, 1568) and write ROI [5184:5760, 6336:6912, 6336:6912] (576, 576, 576)
Recorded block-done for octoS0SubroiZ15683136Y78409408X1097612544Difficultsoma_pred_affs/5675 with read ROI [4688:6256, 5840:7408, 5840:7408] (1568, 1568, 1568) and write ROI [5184:5760, 6336:6912, 6336:6912] (576, 576, 576)
Recording block-done for octoS0SubroiZ15683136Y78409408X1097612544Difficultsoma_pred_affs/10120 with read ROI [4688:6256, 6416:7984, 9296:10864] (1568, 1568, 1568) and write ROI [5184:5760, 6912:7488, 9792:10368] (576, 576, 576)
Recorded block-done for octoS0SubroiZ15683136Y78409408X1097612544Difficultsoma_pred_affs/10120 with read ROI [4688:6256, 6416:7984, 9296:10864] (1568, 1568, 1568) and write ROI [5184:5760, 6912:7488, 9792:10368] (576, 576, 576)
Recording block-done for octoS0SubroiZ15683136Y78409408X1097612544Difficultsoma_pred_affs/5222 with read ROI [4688:6256, 6992:8560, 4112:5680] (1568, 1568, 1568) and write ROI [5184:5760, 7488:8064, 4608:5184] (576, 576, 576)
Recorded block-done for octoS0SubroiZ15683136Y78409408X1097612544Difficultsoma_pred_affs/5222 with read ROI [4688:6256, 6992:8560, 4112:5680] (1568, 1568, 1568) and write ROI [5184:5760, 7488:8064, 4608:5184] (576, 576, 576)
Recording block-done for octoS0SubroiZ15683136Y78409408X1097612544Difficultsoma_pred_affs/3040 with read ROI [5264:6832, 1808:3376, 5840:7408] (1568, 1568, 1568) and write ROI [5760:6336, 2304:2880, 6336:6912] (576, 576, 576)
Recorded block-done for octoS0SubroiZ15683136Y78409408X1097612544Difficultsoma_pred_affs/3040 with read ROI [5264:6832, 1808:3376, 5840:7408] (1568, 1568, 1568) and write ROI [5760:6336, 2304:2880, 6336:6912] (576, 576, 576)
Recording block-done for octoS0SubroiZ15683136Y78409408X1097612544Difficultsoma_pred_affs/1460 with read ROI [5264:6832, 2384:3952, 1808:3376] (1568, 1568, 1568) and write ROI [5760:6336, 2880:3456, 2304:2880] (576, 576, 576)
Recorded block-done for octoS0SubroiZ15683136Y78409408X1097612544Difficultsoma_pred_affs/1460 with read ROI [5264:6832, 2384:3952, 1808:3376] (1568, 1568, 1568) and write ROI [5760:6336, 2880:3456, 2304:2880] (576, 576, 576)
Recording block-done for octoS0SubroiZ15683136Y78409408X1097612544Difficultsoma_pred_affs/14605 with read ROI [4688:6256, 10448:12016, 8144:9712] (1568, 1568, 1568) and write ROI [5184:5760, 10944:11520, 8640:9216] (576, 576, 576)
Recorded block-done for octoS0SubroiZ15683136Y78409408X1097612544Difficultsoma_pred_affs/14605 with read ROI [4688:6256, 10448:12016, 8144:9712] (1568, 1568, 1568) and write ROI [5184:5760, 10944:11520, 8640:9216] (576, 576, 576)
Recording block-done for octoS0SubroiZ15683136Y78409408X1097612544Difficultsoma_pred_affs/3013 with read ROI [5264:6832, 656:2224, 6992:8560] (1568, 1568, 1568) and write ROI [5760:6336, 1152:1728, 7488:8064] (576, 576, 576)
Recorded block-done for octoS0SubroiZ15683136Y78409408X1097612544Difficultsoma_pred_affs/3013 with read ROI [5264:6832, 656:2224, 6992:8560] (1568, 1568, 1568) and write ROI [5760:6336, 1152:1728, 7488:8064] (576, 576, 576)
Recording block-done for octoS0SubroiZ15683136Y78409408X1097612544Difficultsoma_pred_affs/3800 with read ROI [5264:6832, 2960:4528, 5840:7408] (1568, 1568, 1568) and write ROI [5760:6336, 3456:4032, 6336:6912] (576, 576, 576)
Recorded block-done for octoS0SubroiZ15683136Y78409408X1097612544Difficultsoma_pred_affs/3800 with read ROI [5264:6832, 2960:4528, 5840:7408] (1568, 1568, 1568) and write ROI [5760:6336, 3456:4032, 6336:6912] (576, 576, 576)
Recording block-done for octoS0SubroiZ15683136Y78409408X1097612544Difficultsoma_pred_affs/2244 with read ROI [5264:6832, 5264:6832, 656:2224] (1568, 1568, 1568) and write ROI [5760:6336, 5760:6336, 1152:1728] (576, 576, 576)
Recorded block-done for octoS0SubroiZ15683136Y78409408X1097612544Difficultsoma_pred_affs/2244 with read ROI [5264:6832, 5264:6832, 656:2224] (1568, 1568, 1568) and write ROI [5760:6336, 5760:6336, 1152:1728] (576, 576, 576)
Recording block-done for octoS0SubroiZ15683136Y78409408X1097612544Difficultsoma_pred_affs/2820 with read ROI [5264:6832, 5264:6832, 1808:3376] (1568, 1568, 1568) and write ROI [5760:6336, 5760:6336, 2304:2880] (576, 576, 576)
Recorded block-done for octoS0SubroiZ15683136Y78409408X1097612544Difficultsoma_pred_affs/2820 with read ROI [5264:6832, 5264:6832, 1808:3376] (1568, 1568, 1568) and write ROI [5760:6336, 5760:6336, 2304:2880] (576, 576, 576)
Recording block-done for octoS0SubroiZ15683136Y78409408X1097612544Difficultsoma_pred_affs/9380 with read ROI [5264:6832, 5840:7408, 8720:10288] (1568, 1568, 1568) and write ROI [5760:6336, 6336:6912, 9216:9792] (576, 576, 576)
Recorded block-done for octoS0SubroiZ15683136Y78409408X1097612544Difficultsoma_pred_affs/9380 with read ROI [5264:6832, 5840:7408, 8720:10288] (1568, 1568, 1568) and write ROI [5760:6336, 6336:6912, 9216:9792] (576, 576, 576)
Recording block-done for octoS0SubroiZ15683136Y78409408X1097612544Difficultsoma_pred_affs/6184 with read ROI [5264:6832, 4688:6256, 6992:8560] (1568, 1568, 1568) and write ROI [5760:6336, 5184:5760, 7488:8064] (576, 576, 576)
Recorded block-done for octoS0SubroiZ15683136Y78409408X1097612544Difficultsoma_pred_affs/6184 with read ROI [5264:6832, 4688:6256, 6992:8560] (1568, 1568, 1568) and write ROI [5760:6336, 5184:5760, 7488:8064] (576, 576, 576)
Recording block-done for octoS0SubroiZ15683136Y78409408X1097612544Difficultsoma_pred_affs/4370 with read ROI [5264:6832, 7568:9136, 1808:3376] (1568, 1568, 1568) and write ROI [5760:6336, 8064:8640, 2304:2880] (576, 576, 576)
Recorded block-done for octoS0SubroiZ15683136Y78409408X1097612544Difficultsoma_pred_affs/4370 with read ROI [5264:6832, 7568:9136, 1808:3376] (1568, 1568, 1568) and write ROI [5760:6336, 8064:8640, 2304:2880] (576, 576, 576)
Recording block-done for octoS0SubroiZ15683136Y78409408X1097612544Difficultsoma_pred_affs/5844 with read ROI [5264:6832, 9296:10864, 1808:3376] (1568, 1568, 1568) and write ROI [5760:6336, 9792:10368, 2304:2880] (576, 576, 576)
Recorded block-done for octoS0SubroiZ15683136Y78409408X1097612544Difficultsoma_pred_affs/5844 with read ROI [5264:6832, 9296:10864, 1808:3376] (1568, 1568, 1568) and write ROI [5760:6336, 9792:10368, 2304:2880] (576, 576, 576)
Recording block-done for octoS0SubroiZ15683136Y78409408X1097612544Difficultsoma_pred_affs/11925 with read ROI [5264:6832, 10448:12016, 5840:7408] (1568, 1568, 1568) and write ROI [5760:6336, 10944:11520, 6336:6912] (576, 576, 576)
Recorded block-done for octoS0SubroiZ15683136Y78409408X1097612544Difficultsoma_pred_affs/11925 with read ROI [5264:6832, 10448:12016, 5840:7408] (1568, 1568, 1568) and write ROI [5760:6336, 10944:11520, 6336:6912] (576, 576, 576)
Recording block-done for octoS0SubroiZ15683136Y78409408X1097612544Difficultsoma_pred_affs/7528 with read ROI [5264:6832, 9296:10864, 3536:5104] (1568, 1568, 1568) and write ROI [5760:6336, 9792:10368, 4032:4608] (576, 576, 576)
Recorded block-done for octoS0SubroiZ15683136Y78409408X1097612544Difficultsoma_pred_affs/7528 with read ROI [5264:6832, 9296:10864, 3536:5104] (1568, 1568, 1568) and write ROI [5760:6336, 9792:10368, 4032:4608] (576, 576, 576)
Recording block-done for octoS0SubroiZ15683136Y78409408X1097612544Difficultsoma_pred_affs/1461 with read ROI [5840:7408, 1808:3376, 1808:3376] (1568, 1568, 1568) and write ROI [6336:6912, 2304:2880, 2304:2880] (576, 576, 576)
Recorded block-done for octoS0SubroiZ15683136Y78409408X1097612544Difficultsoma_pred_affs/1461 with read ROI [5840:7408, 1808:3376, 1808:3376] (1568, 1568, 1568) and write ROI [6336:6912, 2304:2880, 2304:2880] (576, 576, 576)
Recording block-done for octoS0SubroiZ15683136Y78409408X1097612544Difficultsoma_pred_affs/3477 with read ROI [5840:7408, 4112:5680, 3536:5104] (1568, 1568, 1568) and write ROI [6336:6912, 4608:5184, 4032:4608] (576, 576, 576)
Recorded block-done for octoS0SubroiZ15683136Y78409408X1097612544Difficultsoma_pred_affs/3477 with read ROI [5840:7408, 4112:5680, 3536:5104] (1568, 1568, 1568) and write ROI [6336:6912, 4608:5184, 4032:4608] (576, 576, 576)
Recording block-done for octoS0SubroiZ15683136Y78409408X1097612544Difficultsoma_pred_affs/3818 with read ROI [5840:7408, 2960:4528, 5264:6832] (1568, 1568, 1568) and write ROI [6336:6912, 3456:4032, 5760:6336] (576, 576, 576)
Recorded block-done for octoS0SubroiZ15683136Y78409408X1097612544Difficultsoma_pred_affs/3818 with read ROI [5840:7408, 2960:4528, 5264:6832] (1568, 1568, 1568) and write ROI [6336:6912, 3456:4032, 5760:6336] (576, 576, 576)
Recording block-done for octoS0SubroiZ15683136Y78409408X1097612544Difficultsoma_pred_affs/6185 with read ROI [5840:7408, 4112:5680, 6992:8560] (1568, 1568, 1568) and write ROI [6336:6912, 4608:5184, 7488:8064] (576, 576, 576)
Recorded block-done for octoS0SubroiZ15683136Y78409408X1097612544Difficultsoma_pred_affs/6185 with read ROI [5840:7408, 4112:5680, 6992:8560] (1568, 1568, 1568) and write ROI [6336:6912, 4608:5184, 7488:8064] (576, 576, 576)
Recording block-done for octoS0SubroiZ15683136Y78409408X1097612544Difficultsoma_pred_affs/2764 with read ROI [5840:7408, 2960:4528, 3536:5104] (1568, 1568, 1568) and write ROI [6336:6912, 3456:4032, 4032:4608] (576, 576, 576)
Recorded block-done for octoS0SubroiZ15683136Y78409408X1097612544Difficultsoma_pred_affs/2764 with read ROI [5840:7408, 2960:4528, 3536:5104] (1568, 1568, 1568) and write ROI [6336:6912, 3456:4032, 4032:4608] (576, 576, 576)
Recording block-done for octoS0SubroiZ15683136Y78409408X1097612544Difficultsoma_pred_affs/6832 with read ROI [5840:7408, 6416:7984, 5264:6832] (1568, 1568, 1568) and write ROI [6336:6912, 6912:7488, 5760:6336] (576, 576, 576)
Recorded block-done for octoS0SubroiZ15683136Y78409408X1097612544Difficultsoma_pred_affs/6832 with read ROI [5840:7408, 6416:7984, 5264:6832] (1568, 1568, 1568) and write ROI [6336:6912, 6912:7488, 5760:6336] (576, 576, 576)
Recording block-done for octoS0SubroiZ15683136Y78409408X1097612544Difficultsoma_pred_affs/6373 with read ROI [5840:7408, 8720:10288, 2384:3952] (1568, 1568, 1568) and write ROI [6336:6912, 9216:9792, 2880:3456] (576, 576, 576)
Recorded block-done for octoS0SubroiZ15683136Y78409408X1097612544Difficultsoma_pred_affs/6373 with read ROI [5840:7408, 8720:10288, 2384:3952] (1568, 1568, 1568) and write ROI [6336:6912, 9216:9792, 2880:3456] (576, 576, 576)
Recording block-done for octoS0SubroiZ15683136Y78409408X1097612544Difficultsoma_pred_affs/4857 with read ROI [5840:7408, 8144:9712, 1232:2800] (1568, 1568, 1568) and write ROI [6336:6912, 8640:9216, 1728:2304] (576, 576, 576)
Recorded block-done for octoS0SubroiZ15683136Y78409408X1097612544Difficultsoma_pred_affs/4857 with read ROI [5840:7408, 8144:9712, 1232:2800] (1568, 1568, 1568) and write ROI [6336:6912, 8640:9216, 1728:2304] (576, 576, 576)
Recording block-done for octoS0SubroiZ15683136Y78409408X1097612544Difficultsoma_pred_affs/18870 with read ROI [5840:7408, 9872:11440, 9872:11440] (1568, 1568, 1568) and write ROI [6336:6912, 10368:10944, 10368:10944] (576, 576, 576)
Recorded block-done for octoS0SubroiZ15683136Y78409408X1097612544Difficultsoma_pred_affs/18870 with read ROI [5840:7408, 9872:11440, 9872:11440] (1568, 1568, 1568) and write ROI [6336:6912, 10368:10944, 10368:10944] (576, 576, 576)
Recording block-done for octoS0SubroiZ15683136Y78409408X1097612544Difficultsoma_pred_affs/20076 with read ROI [5840:7408, 10448:12016, 9872:11440] (1568, 1568, 1568) and write ROI [6336:6912, 10944:11520, 10368:10944] (576, 576, 576)
Recorded block-done for octoS0SubroiZ15683136Y78409408X1097612544Difficultsoma_pred_affs/20076 with read ROI [5840:7408, 10448:12016, 9872:11440] (1568, 1568, 1568) and write ROI [6336:6912, 10944:11520, 10368:10944] (576, 576, 576)
Recording block-done for octoS0SubroiZ15683136Y78409408X1097612544Difficultsoma_pred_affs/13606 with read ROI [5840:7408, 8144:9712, 8720:10288] (1568, 1568, 1568) and write ROI [6336:6912, 8640:9216, 9216:9792] (576, 576, 576)
Recorded block-done for octoS0SubroiZ15683136Y78409408X1097612544Difficultsoma_pred_affs/13606 with read ROI [5840:7408, 8144:9712, 8720:10288] (1568, 1568, 1568) and write ROI [6336:6912, 8640:9216, 9216:9792] (576, 576, 576)
Recording block-done for octoS0SubroiZ15683136Y78409408X1097612544Difficultsoma_pred_affs/5588 with read ROI [6416:7984, 1232:2800, 8720:10288] (1568, 1568, 1568) and write ROI [6912:7488, 1728:2304, 9216:9792] (576, 576, 576)
Recorded block-done for octoS0SubroiZ15683136Y78409408X1097612544Difficultsoma_pred_affs/5588 with read ROI [6416:7984, 1232:2800, 8720:10288] (1568, 1568, 1568) and write ROI [6912:7488, 1728:2304, 9216:9792] (576, 576, 576)
Recording block-done for octoS0SubroiZ15683136Y78409408X1097612544Difficultsoma_pred_affs/6132 with read ROI [6416:7984, 1808:3376, 8720:10288] (1568, 1568, 1568) and write ROI [6912:7488, 2304:2880, 9216:9792] (576, 576, 576)
Recorded block-done for octoS0SubroiZ15683136Y78409408X1097612544Difficultsoma_pred_affs/6132 with read ROI [6416:7984, 1808:3376, 8720:10288] (1568, 1568, 1568) and write ROI [6912:7488, 2304:2880, 9216:9792] (576, 576, 576)
Recording block-done for octoS0SubroiZ15683136Y78409408X1097612544Difficultsoma_pred_affs/4738 with read ROI [6416:7984, 4688:6256, 4112:5680] (1568, 1568, 1568) and write ROI [6912:7488, 5184:5760, 4608:5184] (576, 576, 576)
Recorded block-done for octoS0SubroiZ15683136Y78409408X1097612544Difficultsoma_pred_affs/4738 with read ROI [6416:7984, 4688:6256, 4112:5680] (1568, 1568, 1568) and write ROI [6912:7488, 5184:5760, 4608:5184] (576, 576, 576)
Recording block-done for octoS0SubroiZ15683136Y78409408X1097612544Difficultsoma_pred_affs/3837 with read ROI [6416:7984, 2960:4528, 4688:6256] (1568, 1568, 1568) and write ROI [6912:7488, 3456:4032, 5184:5760] (576, 576, 576)
Recorded block-done for octoS0SubroiZ15683136Y78409408X1097612544Difficultsoma_pred_affs/3837 with read ROI [6416:7984, 2960:4528, 4688:6256] (1568, 1568, 1568) and write ROI [6912:7488, 3456:4032, 5184:5760] (576, 576, 576)
Recording block-done for octoS0SubroiZ15683136Y78409408X1097612544Difficultsoma_pred_affs/6747 with read ROI [6416:7984, 3536:5104, 7568:9136] (1568, 1568, 1568) and write ROI [6912:7488, 4032:4608, 8064:8640] (576, 576, 576)
Recorded block-done for octoS0SubroiZ15683136Y78409408X1097612544Difficultsoma_pred_affs/6747 with read ROI [6416:7984, 3536:5104, 7568:9136] (1568, 1568, 1568) and write ROI [6912:7488, 4032:4608, 8064:8640] (576, 576, 576)
Recording block-done for octoS0SubroiZ15683136Y78409408X1097612544Difficultsoma_pred_affs/7477 with read ROI [6416:7984, 6992:8560, 4688:6256] (1568, 1568, 1568) and write ROI [6912:7488, 7488:8064, 5184:5760] (576, 576, 576)
Recorded block-done for octoS0SubroiZ15683136Y78409408X1097612544Difficultsoma_pred_affs/7477 with read ROI [6416:7984, 6992:8560, 4688:6256] (1568, 1568, 1568) and write ROI [6912:7488, 7488:8064, 5184:5760] (576, 576, 576)
Recording block-done for octoS0SubroiZ15683136Y78409408X1097612544Difficultsoma_pred_affs/7648 with read ROI [6416:7984, 10448:12016, 1232:2800] (1568, 1568, 1568) and write ROI [6912:7488, 10944:11520, 1728:2304] (576, 576, 576)
Recorded block-done for octoS0SubroiZ15683136Y78409408X1097612544Difficultsoma_pred_affs/7648 with read ROI [6416:7984, 10448:12016, 1232:2800] (1568, 1568, 1568) and write ROI [6912:7488, 10944:11520, 1728:2304] (576, 576, 576)
Recording block-done for octoS0SubroiZ15683136Y78409408X1097612544Difficultsoma_pred_affs/5350 with read ROI [6416:7984, 8144:9712, 1232:2800] (1568, 1568, 1568) and write ROI [6912:7488, 8640:9216, 1728:2304] (576, 576, 576)
Recorded block-done for octoS0SubroiZ15683136Y78409408X1097612544Difficultsoma_pred_affs/5350 with read ROI [6416:7984, 8144:9712, 1232:2800] (1568, 1568, 1568) and write ROI [6912:7488, 8640:9216, 1728:2304] (576, 576, 576)
Recording block-done for octoS0SubroiZ15683136Y78409408X1097612544Difficultsoma_pred_affs/6347 with read ROI [6416:7984, 7568:9136, 2960:4528] (1568, 1568, 1568) and write ROI [6912:7488, 8064:8640, 3456:4032] (576, 576, 576)
Recorded block-done for octoS0SubroiZ15683136Y78409408X1097612544Difficultsoma_pred_affs/6347 with read ROI [6416:7984, 7568:9136, 2960:4528] (1568, 1568, 1568) and write ROI [6912:7488, 8064:8640, 3456:4032] (576, 576, 576)
Recording block-done for octoS0SubroiZ15683136Y78409408X1097612544Difficultsoma_pred_affs/5589 with read ROI [6992:8560, 656:2224, 8720:10288] (1568, 1568, 1568) and write ROI [7488:8064, 1152:1728, 9216:9792] (576, 576, 576)
Recorded block-done for octoS0SubroiZ15683136Y78409408X1097612544Difficultsoma_pred_affs/5589 with read ROI [6992:8560, 656:2224, 8720:10288] (1568, 1568, 1568) and write ROI [7488:8064, 1152:1728, 9216:9792] (576, 576, 576)
Recording block-done for octoS0SubroiZ15683136Y78409408X1097612544Difficultsoma_pred_affs/2733 with read ROI [6992:8560, 656:2224, 4688:6256] (1568, 1568, 1568) and write ROI [7488:8064, 1152:1728, 5184:5760] (576, 576, 576)
Recorded block-done for octoS0SubroiZ15683136Y78409408X1097612544Difficultsoma_pred_affs/2733 with read ROI [6992:8560, 656:2224, 4688:6256] (1568, 1568, 1568) and write ROI [7488:8064, 1152:1728, 5184:5760] (576, 576, 576)
Recording block-done for octoS0SubroiZ15683136Y78409408X1097612544Difficultsoma_pred_affs/1306 with read ROI [6992:8560, 1808:3376, 80:1648] (1568, 1568, 1568) and write ROI [7488:8064, 2304:2880, 576:1152] (576, 576, 576)
Recorded block-done for octoS0SubroiZ15683136Y78409408X1097612544Difficultsoma_pred_affs/1306 with read ROI [6992:8560, 1808:3376, 80:1648] (1568, 1568, 1568) and write ROI [7488:8064, 2304:2880, 576:1152] (576, 576, 576)
Recording block-done for octoS0SubroiZ15683136Y78409408X1097612544Difficultsoma_pred_affs/8620 with read ROI [6992:8560, 2384:3952, 9872:11440] (1568, 1568, 1568) and write ROI [7488:8064, 2880:3456, 10368:10944] (576, 576, 576)
Recorded block-done for octoS0SubroiZ15683136Y78409408X1097612544Difficultsoma_pred_affs/8620 with read ROI [6992:8560, 2384:3952, 9872:11440] (1568, 1568, 1568) and write ROI [7488:8064, 2880:3456, 10368:10944] (576, 576, 576)
Recording block-done for octoS0SubroiZ15683136Y78409408X1097612544Difficultsoma_pred_affs/3191 with read ROI [6992:8560, 4688:6256, 1232:2800] (1568, 1568, 1568) and write ROI [7488:8064, 5184:5760, 1728:2304] (576, 576, 576)
Recorded block-done for octoS0SubroiZ15683136Y78409408X1097612544Difficultsoma_pred_affs/3191 with read ROI [6992:8560, 4688:6256, 1232:2800] (1568, 1568, 1568) and write ROI [7488:8064, 5184:5760, 1728:2304] (576, 576, 576)
Recording block-done for octoS0SubroiZ15683136Y78409408X1097612544Difficultsoma_pred_affs/10904 with read ROI [6992:8560, 4112:5680, 9872:11440] (1568, 1568, 1568) and write ROI [7488:8064, 4608:5184, 10368:10944] (576, 576, 576)
Recorded block-done for octoS0SubroiZ15683136Y78409408X1097612544Difficultsoma_pred_affs/10904 with read ROI [6992:8560, 4112:5680, 9872:11440] (1568, 1568, 1568) and write ROI [7488:8064, 4608:5184, 10368:10944] (576, 576, 576)
Recording block-done for octoS0SubroiZ15683136Y78409408X1097612544Difficultsoma_pred_affs/5679 with read ROI [6992:8560, 3536:5104, 5840:7408] (1568, 1568, 1568) and write ROI [7488:8064, 4032:4608, 6336:6912] (576, 576, 576)
Recorded block-done for octoS0SubroiZ15683136Y78409408X1097612544Difficultsoma_pred_affs/5679 with read ROI [6992:8560, 3536:5104, 5840:7408] (1568, 1568, 1568) and write ROI [7488:8064, 4032:4608, 6336:6912] (576, 576, 576)
Recording block-done for octoS0SubroiZ15683136Y78409408X1097612544Difficultsoma_pred_affs/6250 with read ROI [6992:8560, 4688:6256, 5264:6832] (1568, 1568, 1568) and write ROI [7488:8064, 5184:5760, 5760:6336] (576, 576, 576)
Recorded block-done for octoS0SubroiZ15683136Y78409408X1097612544Difficultsoma_pred_affs/6250 with read ROI [6992:8560, 4688:6256, 5264:6832] (1568, 1568, 1568) and write ROI [7488:8064, 5184:5760, 5760:6336] (576, 576, 576)
Recording block-done for octoS0SubroiZ15683136Y78409408X1097612544Difficultsoma_pred_affs/2889 with read ROI [6992:8560, 5264:6832, 80:1648] (1568, 1568, 1568) and write ROI [7488:8064, 5760:6336, 576:1152] (576, 576, 576)
Recorded block-done for octoS0SubroiZ15683136Y78409408X1097612544Difficultsoma_pred_affs/2889 with read ROI [6992:8560, 5264:6832, 80:1648] (1568, 1568, 1568) and write ROI [7488:8064, 5760:6336, 576:1152] (576, 576, 576)
Recording block-done for octoS0SubroiZ15683136Y78409408X1097612544Difficultsoma_pred_affs/4373 with read ROI [6992:8560, 5840:7408, 1808:3376] (1568, 1568, 1568) and write ROI [7488:8064, 6336:6912, 2304:2880] (576, 576, 576)
Recorded block-done for octoS0SubroiZ15683136Y78409408X1097612544Difficultsoma_pred_affs/4373 with read ROI [6992:8560, 5840:7408, 1808:3376] (1568, 1568, 1568) and write ROI [7488:8064, 6336:6912, 2304:2880] (576, 576, 576)
Recording block-done for octoS0SubroiZ15683136Y78409408X1097612544Difficultsoma_pred_affs/10998 with read ROI [6992:8560, 6416:7984, 7568:9136] (1568, 1568, 1568) and write ROI [7488:8064, 6912:7488, 8064:8640] (576, 576, 576)
Recorded block-done for octoS0SubroiZ15683136Y78409408X1097612544Difficultsoma_pred_affs/10998 with read ROI [6992:8560, 6416:7984, 7568:9136] (1568, 1568, 1568) and write ROI [7488:8064, 6912:7488, 8064:8640] (576, 576, 576)
Recording block-done for octoS0SubroiZ15683136Y78409408X1097612544Difficultsoma_pred_affs/9503 with read ROI [6992:8560, 6992:8560, 5840:7408] (1568, 1568, 1568) and write ROI [7488:8064, 7488:8064, 6336:6912] (576, 576, 576)
Recorded block-done for octoS0SubroiZ15683136Y78409408X1097612544Difficultsoma_pred_affs/9503 with read ROI [6992:8560, 6992:8560, 5840:7408] (1568, 1568, 1568) and write ROI [7488:8064, 7488:8064, 6336:6912] (576, 576, 576)
Recording block-done for octoS0SubroiZ15683136Y78409408X1097612544Difficultsoma_pred_affs/16663 with read ROI [6992:8560, 8720:10288, 8720:10288] (1568, 1568, 1568) and write ROI [7488:8064, 9216:9792, 9216:9792] (576, 576, 576)
Recorded block-done for octoS0SubroiZ15683136Y78409408X1097612544Difficultsoma_pred_affs/16663 with read ROI [6992:8560, 8720:10288, 8720:10288] (1568, 1568, 1568) and write ROI [7488:8064, 9216:9792, 9216:9792] (576, 576, 576)
Recording block-done for octoS0SubroiZ15683136Y78409408X1097612544Difficultsoma_pred_affs/18872 with read ROI [6992:8560, 8720:10288, 9872:11440] (1568, 1568, 1568) and write ROI [7488:8064, 9216:9792, 10368:10944] (576, 576, 576)
Recorded block-done for octoS0SubroiZ15683136Y78409408X1097612544Difficultsoma_pred_affs/18872 with read ROI [6992:8560, 8720:10288, 9872:11440] (1568, 1568, 1568) and write ROI [7488:8064, 9216:9792, 10368:10944] (576, 576, 576)
Recording block-done for octoS0SubroiZ15683136Y78409408X1097612544Difficultsoma_pred_affs/5351 with read ROI [6992:8560, 7568:9136, 1232:2800] (1568, 1568, 1568) and write ROI [7488:8064, 8064:8640, 1728:2304] (576, 576, 576)
Recorded block-done for octoS0SubroiZ15683136Y78409408X1097612544Difficultsoma_pred_affs/5351 with read ROI [6992:8560, 7568:9136, 1232:2800] (1568, 1568, 1568) and write ROI [7488:8064, 8064:8640, 1728:2304] (576, 576, 576)
Recording block-done for octoS0SubroiZ15683136Y78409408X1097612544Difficultsoma_pred_affs/8914 with read ROI [6992:8560, 9296:10864, 2960:4528] (1568, 1568, 1568) and write ROI [7488:8064, 9792:10368, 3456:4032] (576, 576, 576)
Recorded block-done for octoS0SubroiZ15683136Y78409408X1097612544Difficultsoma_pred_affs/8914 with read ROI [6992:8560, 9296:10864, 2960:4528] (1568, 1568, 1568) and write ROI [7488:8064, 9792:10368, 3456:4032] (576, 576, 576)
Recording block-done for octoS0SubroiZ15683136Y78409408X1097612544Difficultsoma_pred_affs/15658 with read ROI [6992:8560, 9296:10864, 7568:9136] (1568, 1568, 1568) and write ROI [7488:8064, 9792:10368, 8064:8640] (576, 576, 576)
Recorded block-done for octoS0SubroiZ15683136Y78409408X1097612544Difficultsoma_pred_affs/15658 with read ROI [6992:8560, 9296:10864, 7568:9136] (1568, 1568, 1568) and write ROI [7488:8064, 9792:10368, 8064:8640] (576, 576, 576)
Recording block-done for octoS0SubroiZ15683136Y78409408X1097612544Difficultsoma_pred_affs/6679 with read ROI [7568:9136, 80:1648, 9872:11440] (1568, 1568, 1568) and write ROI [8064:8640, 576:1152, 10368:10944] (576, 576, 576)
Recorded block-done for octoS0SubroiZ15683136Y78409408X1097612544Difficultsoma_pred_affs/6679 with read ROI [7568:9136, 80:1648, 9872:11440] (1568, 1568, 1568) and write ROI [8064:8640, 576:1152, 10368:10944] (576, 576, 576)
Recording block-done for octoS0SubroiZ15683136Y78409408X1097612544Difficultsoma_pred_affs/6695 with read ROI [7568:9136, 656:2224, 9296:10864] (1568, 1568, 1568) and write ROI [8064:8640, 1152:1728, 9792:10368] (576, 576, 576)
Recorded block-done for octoS0SubroiZ15683136Y78409408X1097612544Difficultsoma_pred_affs/6695 with read ROI [7568:9136, 656:2224, 9296:10864] (1568, 1568, 1568) and write ROI [8064:8640, 1152:1728, 9792:10368] (576, 576, 576)
Recording block-done for octoS0SubroiZ15683136Y78409408X1097612544Difficultsoma_pred_affs/9648 with read ROI [6992:8560, 9872:11440, 2960:4528] (1568, 1568, 1568) and write ROI [7488:8064, 10368:10944, 3456:4032] (576, 576, 576)
Recorded block-done for octoS0SubroiZ15683136Y78409408X1097612544Difficultsoma_pred_affs/9648 with read ROI [6992:8560, 9872:11440, 2960:4528] (1568, 1568, 1568) and write ROI [7488:8064, 10368:10944, 3456:4032] (576, 576, 576)
Recording block-done for octoS0SubroiZ15683136Y78409408X1097612544Difficultsoma_pred_affs/2504 with read ROI [7568:9136, 2384:3952, 1808:3376] (1568, 1568, 1568) and write ROI [8064:8640, 2880:3456, 2304:2880] (576, 576, 576)
Recorded block-done for octoS0SubroiZ15683136Y78409408X1097612544Difficultsoma_pred_affs/2504 with read ROI [7568:9136, 2384:3952, 1808:3376] (1568, 1568, 1568) and write ROI [8064:8640, 2880:3456, 2304:2880] (576, 576, 576)
Recording block-done for octoS0SubroiZ15683136Y78409408X1097612544Difficultsoma_pred_affs/3543 with read ROI [7568:9136, 4112:5680, 1808:3376] (1568, 1568, 1568) and write ROI [8064:8640, 4608:5184, 2304:2880] (576, 576, 576)
Recorded block-done for octoS0SubroiZ15683136Y78409408X1097612544Difficultsoma_pred_affs/3543 with read ROI [7568:9136, 4112:5680, 1808:3376] (1568, 1568, 1568) and write ROI [8064:8640, 4608:5184, 2304:2880] (576, 576, 576)
Recording block-done for octoS0SubroiZ15683136Y78409408X1097612544Difficultsoma_pred_affs/6169 with read ROI [7568:9136, 1808:3376, 7568:9136] (1568, 1568, 1568) and write ROI [8064:8640, 2304:2880, 8064:8640] (576, 576, 576)
Recorded block-done for octoS0SubroiZ15683136Y78409408X1097612544Difficultsoma_pred_affs/6169 with read ROI [7568:9136, 1808:3376, 7568:9136] (1568, 1568, 1568) and write ROI [8064:8640, 2304:2880, 8064:8640] (576, 576, 576)
Recording block-done for octoS0SubroiZ15683136Y78409408X1097612544Difficultsoma_pred_affs/2524 with read ROI [7568:9136, 2960:4528, 1232:2800] (1568, 1568, 1568) and write ROI [8064:8640, 3456:4032, 1728:2304] (576, 576, 576)
Recorded block-done for octoS0SubroiZ15683136Y78409408X1097612544Difficultsoma_pred_affs/2524 with read ROI [7568:9136, 2960:4528, 1232:2800] (1568, 1568, 1568) and write ROI [8064:8640, 3456:4032, 1728:2304] (576, 576, 576)
Recording block-done for octoS0SubroiZ15683136Y78409408X1097612544Difficultsoma_pred_affs/6749 with read ROI [7568:9136, 2384:3952, 7568:9136] (1568, 1568, 1568) and write ROI [8064:8640, 2880:3456, 8064:8640] (576, 576, 576)
Recorded block-done for octoS0SubroiZ15683136Y78409408X1097612544Difficultsoma_pred_affs/6749 with read ROI [7568:9136, 2384:3952, 7568:9136] (1568, 1568, 1568) and write ROI [8064:8640, 2880:3456, 8064:8640] (576, 576, 576)
Recording block-done for octoS0SubroiZ15683136Y78409408X1097612544Difficultsoma_pred_affs/4327 with read ROI [7568:9136, 4112:5680, 2960:4528] (1568, 1568, 1568) and write ROI [8064:8640, 4608:5184, 3456:4032] (576, 576, 576)
Recorded block-done for octoS0SubroiZ15683136Y78409408X1097612544Difficultsoma_pred_affs/4327 with read ROI [7568:9136, 4112:5680, 2960:4528] (1568, 1568, 1568) and write ROI [8064:8640, 4608:5184, 3456:4032] (576, 576, 576)
Recording block-done for octoS0SubroiZ15683136Y78409408X1097612544Difficultsoma_pred_affs/4399 with read ROI [7568:9136, 5840:7408, 1232:2800] (1568, 1568, 1568) and write ROI [8064:8640, 6336:6912, 1728:2304] (576, 576, 576)
Recorded block-done for octoS0SubroiZ15683136Y78409408X1097612544Difficultsoma_pred_affs/4399 with read ROI [7568:9136, 5840:7408, 1232:2800] (1568, 1568, 1568) and write ROI [8064:8640, 6336:6912, 1728:2304] (576, 576, 576)
Recording block-done for octoS0SubroiZ15683136Y78409408X1097612544Difficultsoma_pred_affs/11819 with read ROI [7568:9136, 5840:7408, 8144:9712] (1568, 1568, 1568) and write ROI [8064:8640, 6336:6912, 8640:9216] (576, 576, 576)
Recorded block-done for octoS0SubroiZ15683136Y78409408X1097612544Difficultsoma_pred_affs/11819 with read ROI [7568:9136, 5840:7408, 8144:9712] (1568, 1568, 1568) and write ROI [8064:8640, 6336:6912, 8640:9216] (576, 576, 576)
Recording block-done for octoS0SubroiZ15683136Y78409408X1097612544Difficultsoma_pred_affs/6494 with read ROI [7568:9136, 9296:10864, 80:1648] (1568, 1568, 1568) and write ROI [8064:8640, 9792:10368, 576:1152] (576, 576, 576)
Recorded block-done for octoS0SubroiZ15683136Y78409408X1097612544Difficultsoma_pred_affs/6494 with read ROI [7568:9136, 9296:10864, 80:1648] (1568, 1568, 1568) and write ROI [8064:8640, 9792:10368, 576:1152] (576, 576, 576)
Recording block-done for octoS0SubroiZ15683136Y78409408X1097612544Difficultsoma_pred_affs/9531 with read ROI [7568:9136, 6992:8560, 5264:6832] (1568, 1568, 1568) and write ROI [8064:8640, 7488:8064, 5760:6336] (576, 576, 576)
Recorded block-done for octoS0SubroiZ15683136Y78409408X1097612544Difficultsoma_pred_affs/9531 with read ROI [7568:9136, 6992:8560, 5264:6832] (1568, 1568, 1568) and write ROI [8064:8640, 7488:8064, 5760:6336] (576, 576, 576)
Recording block-done for octoS0SubroiZ15683136Y78409408X1097612544Difficultsoma_pred_affs/11990 with read ROI [7568:9136, 9296:10864, 4688:6256] (1568, 1568, 1568) and write ROI [8064:8640, 9792:10368, 5184:5760] (576, 576, 576)
Recorded block-done for octoS0SubroiZ15683136Y78409408X1097612544Difficultsoma_pred_affs/11990 with read ROI [7568:9136, 9296:10864, 4688:6256] (1568, 1568, 1568) and write ROI [8064:8640, 9792:10368, 5184:5760] (576, 576, 576)
Recording block-done for octoS0SubroiZ15683136Y78409408X1097612544Difficultsoma_pred_affs/15755 with read ROI [7568:9136, 10448:12016, 5840:7408] (1568, 1568, 1568) and write ROI [8064:8640, 10944:11520, 6336:6912] (576, 576, 576)
Recorded block-done for octoS0SubroiZ15683136Y78409408X1097612544Difficultsoma_pred_affs/15755 with read ROI [7568:9136, 10448:12016, 5840:7408] (1568, 1568, 1568) and write ROI [8064:8640, 10944:11520, 6336:6912] (576, 576, 576)
Recording block-done for octoS0SubroiZ15683136Y78409408X1097612544Difficultsoma_pred_affs/1498 with read ROI [8144:9712, 656:2224, 656:2224] (1568, 1568, 1568) and write ROI [8640:9216, 1152:1728, 1152:1728] (576, 576, 576)
Recorded block-done for octoS0SubroiZ15683136Y78409408X1097612544Difficultsoma_pred_affs/1498 with read ROI [8144:9712, 656:2224, 656:2224] (1568, 1568, 1568) and write ROI [8640:9216, 1152:1728, 1152:1728] (576, 576, 576)
Recording block-done for octoS0SubroiZ15683136Y78409408X1097612544Difficultsoma_pred_affs/12761 with read ROI [7568:9136, 7568:9136, 6992:8560] (1568, 1568, 1568) and write ROI [8064:8640, 8064:8640, 7488:8064] (576, 576, 576)
Recorded block-done for octoS0SubroiZ15683136Y78409408X1097612544Difficultsoma_pred_affs/12761 with read ROI [7568:9136, 7568:9136, 6992:8560] (1568, 1568, 1568) and write ROI [8064:8640, 8064:8640, 7488:8064] (576, 576, 576)
Recording block-done for octoS0SubroiZ15683136Y78409408X1097612544Difficultsoma_pred_affs/11872 with read ROI [7568:9136, 6992:8560, 6992:8560] (1568, 1568, 1568) and write ROI [8064:8640, 7488:8064, 7488:8064] (576, 576, 576)
Recorded block-done for octoS0SubroiZ15683136Y78409408X1097612544Difficultsoma_pred_affs/11872 with read ROI [7568:9136, 6992:8560, 6992:8560] (1568, 1568, 1568) and write ROI [8064:8640, 7488:8064, 7488:8064] (576, 576, 576)
Recording block-done for octoS0SubroiZ15683136Y78409408X1097612544Difficultsoma_pred_affs/4720 with read ROI [8144:9712, 2384:3952, 4688:6256] (1568, 1568, 1568) and write ROI [8640:9216, 2880:3456, 5184:5760] (576, 576, 576)
Recorded block-done for octoS0SubroiZ15683136Y78409408X1097612544Difficultsoma_pred_affs/4720 with read ROI [8144:9712, 2384:3952, 4688:6256] (1568, 1568, 1568) and write ROI [8640:9216, 2880:3456, 5184:5760] (576, 576, 576)
Recording block-done for octoS0SubroiZ15683136Y78409408X1097612544Difficultsoma_pred_affs/5642 with read ROI [8144:9712, 1232:2800, 6992:8560] (1568, 1568, 1568) and write ROI [8640:9216, 1728:2304, 7488:8064] (576, 576, 576)
Recorded block-done for octoS0SubroiZ15683136Y78409408X1097612544Difficultsoma_pred_affs/5642 with read ROI [8144:9712, 1232:2800, 6992:8560] (1568, 1568, 1568) and write ROI [8640:9216, 1728:2304, 7488:8064] (576, 576, 576)
Recording block-done for octoS0SubroiZ15683136Y78409408X1097612544Difficultsoma_pred_affs/3240 with read ROI [8144:9712, 4688:6256, 80:1648] (1568, 1568, 1568) and write ROI [8640:9216, 5184:5760, 576:1152] (576, 576, 576)
Recorded block-done for octoS0SubroiZ15683136Y78409408X1097612544Difficultsoma_pred_affs/3240 with read ROI [8144:9712, 4688:6256, 80:1648] (1568, 1568, 1568) and write ROI [8640:9216, 5184:5760, 576:1152] (576, 576, 576)
Recording block-done for octoS0SubroiZ15683136Y78409408X1097612544Difficultsoma_pred_affs/11795 with read ROI [8144:9712, 4688:6256, 8720:10288] (1568, 1568, 1568) and write ROI [8640:9216, 5184:5760, 9216:9792] (576, 576, 576)
Recorded block-done for octoS0SubroiZ15683136Y78409408X1097612544Difficultsoma_pred_affs/11795 with read ROI [8144:9712, 4688:6256, 8720:10288] (1568, 1568, 1568) and write ROI [8640:9216, 5184:5760, 9216:9792] (576, 576, 576)
Recording block-done for octoS0SubroiZ15683136Y78409408X1097612544Difficultsoma_pred_affs/11771 with read ROI [8144:9712, 4112:5680, 9296:10864] (1568, 1568, 1568) and write ROI [8640:9216, 4608:5184, 9792:10368] (576, 576, 576)
Recorded block-done for octoS0SubroiZ15683136Y78409408X1097612544Difficultsoma_pred_affs/11771 with read ROI [8144:9712, 4112:5680, 9296:10864] (1568, 1568, 1568) and write ROI [8640:9216, 4608:5184, 9792:10368] (576, 576, 576)
Recording block-done for octoS0SubroiZ15683136Y78409408X1097612544Difficultsoma_pred_affs/7365 with read ROI [8144:9712, 2384:3952, 7568:9136] (1568, 1568, 1568) and write ROI [8640:9216, 2880:3456, 8064:8640] (576, 576, 576)
Recorded block-done for octoS0SubroiZ15683136Y78409408X1097612544Difficultsoma_pred_affs/7365 with read ROI [8144:9712, 2384:3952, 7568:9136] (1568, 1568, 1568) and write ROI [8640:9216, 2880:3456, 8064:8640] (576, 576, 576)
Recording block-done for octoS0SubroiZ15683136Y78409408X1097612544Difficultsoma_pred_affs/8163 with read ROI [8144:9712, 6416:7984, 4112:5680] (1568, 1568, 1568) and write ROI [8640:9216, 6912:7488, 4608:5184] (576, 576, 576)
Recorded block-done for octoS0SubroiZ15683136Y78409408X1097612544Difficultsoma_pred_affs/8163 with read ROI [8144:9712, 6416:7984, 4112:5680] (1568, 1568, 1568) and write ROI [8640:9216, 6912:7488, 4608:5184] (576, 576, 576)
Recording block-done for octoS0SubroiZ15683136Y78409408X1097612544Difficultsoma_pred_affs/15573 with read ROI [8144:9712, 6416:7984, 9296:10864] (1568, 1568, 1568) and write ROI [8640:9216, 6912:7488, 9792:10368] (576, 576, 576)
Recorded block-done for octoS0SubroiZ15683136Y78409408X1097612544Difficultsoma_pred_affs/15573 with read ROI [8144:9712, 6416:7984, 9296:10864] (1568, 1568, 1568) and write ROI [8640:9216, 6912:7488, 9792:10368] (576, 576, 576)
Recording block-done for octoS0SubroiZ15683136Y78409408X1097612544Difficultsoma_pred_affs/5796 with read ROI [8144:9712, 5264:6832, 2960:4528] (1568, 1568, 1568) and write ROI [8640:9216, 5760:6336, 3456:4032] (576, 576, 576)
Recorded block-done for octoS0SubroiZ15683136Y78409408X1097612544Difficultsoma_pred_affs/5796 with read ROI [8144:9712, 5264:6832, 2960:4528] (1568, 1568, 1568) and write ROI [8640:9216, 5760:6336, 3456:4032] (576, 576, 576)
Recording block-done for octoS0SubroiZ15683136Y78409408X1097612544Difficultsoma_pred_affs/11873 with read ROI [8144:9712, 6416:7984, 6992:8560] (1568, 1568, 1568) and write ROI [8640:9216, 6912:7488, 7488:8064] (576, 576, 576)
Recorded block-done for octoS0SubroiZ15683136Y78409408X1097612544Difficultsoma_pred_affs/11873 with read ROI [8144:9712, 6416:7984, 6992:8560] (1568, 1568, 1568) and write ROI [8640:9216, 6912:7488, 7488:8064] (576, 576, 576)
Recording block-done for octoS0SubroiZ15683136Y78409408X1097612544Difficultsoma_pred_affs/8281 with read ROI [8144:9712, 8720:10288, 1808:3376] (1568, 1568, 1568) and write ROI [8640:9216, 9216:9792, 2304:2880] (576, 576, 576)
Recorded block-done for octoS0SubroiZ15683136Y78409408X1097612544Difficultsoma_pred_affs/8281 with read ROI [8144:9712, 8720:10288, 1808:3376] (1568, 1568, 1568) and write ROI [8640:9216, 9216:9792, 2304:2880] (576, 576, 576)
Recording block-done for octoS0SubroiZ15683136Y78409408X1097612544Difficultsoma_pred_affs/9589 with read ROI [8144:9712, 7568:9136, 4112:5680] (1568, 1568, 1568) and write ROI [8640:9216, 8064:8640, 4608:5184] (576, 576, 576)
Recorded block-done for octoS0SubroiZ15683136Y78409408X1097612544Difficultsoma_pred_affs/9589 with read ROI [8144:9712, 7568:9136, 4112:5680] (1568, 1568, 1568) and write ROI [8640:9216, 8064:8640, 4608:5184] (576, 576, 576)
Recording block-done for octoS0SubroiZ15683136Y78409408X1097612544Difficultsoma_pred_affs/10490 with read ROI [8144:9712, 10448:12016, 1808:3376] (1568, 1568, 1568) and write ROI [8640:9216, 10944:11520, 2304:2880] (576, 576, 576)
Recorded block-done for octoS0SubroiZ15683136Y78409408X1097612544Difficultsoma_pred_affs/10490 with read ROI [8144:9712, 10448:12016, 1808:3376] (1568, 1568, 1568) and write ROI [8640:9216, 10944:11520, 2304:2880] (576, 576, 576)
Recording block-done for octoS0SubroiZ15683136Y78409408X1097612544Difficultsoma_pred_affs/14640 with read ROI [8144:9712, 7568:9136, 7568:9136] (1568, 1568, 1568) and write ROI [8640:9216, 8064:8640, 8064:8640] (576, 576, 576)
Recorded block-done for octoS0SubroiZ15683136Y78409408X1097612544Difficultsoma_pred_affs/14640 with read ROI [8144:9712, 7568:9136, 7568:9136] (1568, 1568, 1568) and write ROI [8640:9216, 8064:8640, 8064:8640] (576, 576, 576)
Recording block-done for octoS0SubroiZ15683136Y78409408X1097612544Difficultsoma_pred_affs/6190 with read ROI [8720:10288, 1232:2800, 6992:8560] (1568, 1568, 1568) and write ROI [9216:9792, 1728:2304, 7488:8064] (576, 576, 576)
Recorded block-done for octoS0SubroiZ15683136Y78409408X1097612544Difficultsoma_pred_affs/6190 with read ROI [8720:10288, 1232:2800, 6992:8560] (1568, 1568, 1568) and write ROI [9216:9792, 1728:2304, 7488:8064] (576, 576, 576)
Recording block-done for octoS0SubroiZ15683136Y78409408X1097612544Difficultsoma_pred_affs/10149 with read ROI [8720:10288, 2960:4528, 8720:10288] (1568, 1568, 1568) and write ROI [9216:9792, 3456:4032, 9216:9792] (576, 576, 576)
Recorded block-done for octoS0SubroiZ15683136Y78409408X1097612544Difficultsoma_pred_affs/10149 with read ROI [8720:10288, 2960:4528, 8720:10288] (1568, 1568, 1568) and write ROI [9216:9792, 3456:4032, 9216:9792] (576, 576, 576)
Recording block-done for octoS0SubroiZ15683136Y78409408X1097612544Difficultsoma_pred_affs/20210 with read ROI [8144:9712, 10448:12016, 7568:9136] (1568, 1568, 1568) and write ROI [8640:9216, 10944:11520, 8064:8640] (576, 576, 576)
Recorded block-done for octoS0SubroiZ15683136Y78409408X1097612544Difficultsoma_pred_affs/20210 with read ROI [8144:9712, 10448:12016, 7568:9136] (1568, 1568, 1568) and write ROI [8640:9216, 10944:11520, 8064:8640] (576, 576, 576)
Recording block-done for octoS0SubroiZ15683136Y78409408X1097612544Difficultsoma_pred_affs/8705 with read ROI [8720:10288, 2960:4528, 7568:9136] (1568, 1568, 1568) and write ROI [9216:9792, 3456:4032, 8064:8640] (576, 576, 576)
Recorded block-done for octoS0SubroiZ15683136Y78409408X1097612544Difficultsoma_pred_affs/8705 with read ROI [8720:10288, 2960:4528, 7568:9136] (1568, 1568, 1568) and write ROI [9216:9792, 3456:4032, 8064:8640] (576, 576, 576)
Recording block-done for octoS0SubroiZ15683136Y78409408X1097612544Difficultsoma_pred_affs/13788 with read ROI [8720:10288, 8720:10288, 5264:6832] (1568, 1568, 1568) and write ROI [9216:9792, 9216:9792, 5760:6336] (576, 576, 576)
Recorded block-done for octoS0SubroiZ15683136Y78409408X1097612544Difficultsoma_pred_affs/13788 with read ROI [8720:10288, 8720:10288, 5264:6832] (1568, 1568, 1568) and write ROI [9216:9792, 9216:9792, 5760:6336] (576, 576, 576)
Recording block-done for octoS0SubroiZ15683136Y78409408X1097612544Difficultsoma_pred_affs/10526 with read ROI [8720:10288, 10448:12016, 1232:2800] (1568, 1568, 1568) and write ROI [9216:9792, 10944:11520, 1728:2304] (576, 576, 576)
Recorded block-done for octoS0SubroiZ15683136Y78409408X1097612544Difficultsoma_pred_affs/10526 with read ROI [8720:10288, 10448:12016, 1232:2800] (1568, 1568, 1568) and write ROI [9216:9792, 10944:11520, 1728:2304] (576, 576, 576)
Recording block-done for octoS0SubroiZ15683136Y78409408X1097612544Difficultsoma_pred_affs/25415 with read ROI [8720:10288, 9872:11440, 9872:11440] (1568, 1568, 1568) and write ROI [9216:9792, 10368:10944, 10368:10944] (576, 576, 576)
Recorded block-done for octoS0SubroiZ15683136Y78409408X1097612544Difficultsoma_pred_affs/25415 with read ROI [8720:10288, 9872:11440, 9872:11440] (1568, 1568, 1568) and write ROI [9216:9792, 10368:10944, 10368:10944] (576, 576, 576)
Recording block-done for octoS0SubroiZ15683136Y78409408X1097612544Difficultsoma_pred_affs/12853 with read ROI [8720:10288, 8144:9712, 5264:6832] (1568, 1568, 1568) and write ROI [9216:9792, 8640:9216, 5760:6336] (576, 576, 576)
Recorded block-done for octoS0SubroiZ15683136Y78409408X1097612544Difficultsoma_pred_affs/12853 with read ROI [8720:10288, 8144:9712, 5264:6832] (1568, 1568, 1568) and write ROI [9216:9792, 8640:9216, 5760:6336] (576, 576, 576)
Recording block-done for octoS0SubroiZ15683136Y78409408X1097612544Difficultsoma_pred_affs/9651 with read ROI [8720:10288, 8144:9712, 2960:4528] (1568, 1568, 1568) and write ROI [9216:9792, 8640:9216, 3456:4032] (576, 576, 576)
Recorded block-done for octoS0SubroiZ15683136Y78409408X1097612544Difficultsoma_pred_affs/9651 with read ROI [8720:10288, 8144:9712, 2960:4528] (1568, 1568, 1568) and write ROI [9216:9792, 8640:9216, 3456:4032] (576, 576, 576)
Recording block-done for octoS0SubroiZ15683136Y78409408X1097612544Difficultsoma_pred_affs/1518 with read ROI [9296:10864, 80:1648, 80:1648] (1568, 1568, 1568) and write ROI [9792:10368, 576:1152, 576:1152] (576, 576, 576)
Recorded block-done for octoS0SubroiZ15683136Y78409408X1097612544Difficultsoma_pred_affs/1518 with read ROI [9296:10864, 80:1648, 80:1648] (1568, 1568, 1568) and write ROI [9792:10368, 576:1152, 576:1152] (576, 576, 576)
Recording block-done for octoS0SubroiZ15683136Y78409408X1097612544Difficultsoma_pred_affs/5230 with read ROI [9296:10864, 2384:3952, 4112:5680] (1568, 1568, 1568) and write ROI [9792:10368, 2880:3456, 4608:5184] (576, 576, 576)
Recorded block-done for octoS0SubroiZ15683136Y78409408X1097612544Difficultsoma_pred_affs/5230 with read ROI [9296:10864, 2384:3952, 4112:5680] (1568, 1568, 1568) and write ROI [9792:10368, 2880:3456, 4608:5184] (576, 576, 576)
Recording block-done for octoS0SubroiZ15683136Y78409408X1097612544Difficultsoma_pred_affs/2788 with read ROI [9296:10864, 80:1648, 2960:4528] (1568, 1568, 1568) and write ROI [9792:10368, 576:1152, 3456:4032] (576, 576, 576)
Recorded block-done for octoS0SubroiZ15683136Y78409408X1097612544Difficultsoma_pred_affs/2788 with read ROI [9296:10864, 80:1648, 2960:4528] (1568, 1568, 1568) and write ROI [9792:10368, 576:1152, 3456:4032] (576, 576, 576)
Recording block-done for octoS0SubroiZ15683136Y78409408X1097612544Difficultsoma_pred_affs/11932 with read ROI [9296:10864, 6416:7984, 5840:7408] (1568, 1568, 1568) and write ROI [9792:10368, 6912:7488, 6336:6912] (576, 576, 576)
Recorded block-done for octoS0SubroiZ15683136Y78409408X1097612544Difficultsoma_pred_affs/11932 with read ROI [9296:10864, 6416:7984, 5840:7408] (1568, 1568, 1568) and write ROI [9792:10368, 6912:7488, 6336:6912] (576, 576, 576)
Recording block-done for octoS0SubroiZ15683136Y78409408X1097612544Difficultsoma_pred_affs/9456 with read ROI [9296:10864, 3536:5104, 6992:8560] (1568, 1568, 1568) and write ROI [9792:10368, 4032:4608, 7488:8064] (576, 576, 576)
Recorded block-done for octoS0SubroiZ15683136Y78409408X1097612544Difficultsoma_pred_affs/9456 with read ROI [9296:10864, 3536:5104, 6992:8560] (1568, 1568, 1568) and write ROI [9792:10368, 4032:4608, 7488:8064] (576, 576, 576)
Recording block-done for octoS0SubroiZ15683136Y78409408X1097612544Difficultsoma_pred_affs/11993 with read ROI [9296:10864, 7568:9136, 4688:6256] (1568, 1568, 1568) and write ROI [9792:10368, 8064:8640, 5184:5760] (576, 576, 576)
Recorded block-done for octoS0SubroiZ15683136Y78409408X1097612544Difficultsoma_pred_affs/11993 with read ROI [9296:10864, 7568:9136, 4688:6256] (1568, 1568, 1568) and write ROI [9792:10368, 8064:8640, 5184:5760] (576, 576, 576)
Recording block-done for octoS0SubroiZ15683136Y78409408X1097612544Difficultsoma_pred_affs/8918 with read ROI [9296:10864, 6992:8560, 2960:4528] (1568, 1568, 1568) and write ROI [9792:10368, 7488:8064, 3456:4032] (576, 576, 576)
Recorded block-done for octoS0SubroiZ15683136Y78409408X1097612544Difficultsoma_pred_affs/8918 with read ROI [9296:10864, 6992:8560, 2960:4528] (1568, 1568, 1568) and write ROI [9792:10368, 7488:8064, 3456:4032] (576, 576, 576)
Recording block-done for octoS0SubroiZ15683136Y78409408X1097612544Difficultsoma_pred_affs/10425 with read ROI [9296:10864, 8144:9712, 2960:4528] (1568, 1568, 1568) and write ROI [9792:10368, 8640:9216, 3456:4032] (576, 576, 576)
Recorded block-done for octoS0SubroiZ15683136Y78409408X1097612544Difficultsoma_pred_affs/10425 with read ROI [9296:10864, 8144:9712, 2960:4528] (1568, 1568, 1568) and write ROI [9792:10368, 8640:9216, 3456:4032] (576, 576, 576)
Recording block-done for octoS0SubroiZ15683136Y78409408X1097612544Difficultsoma_pred_affs/12635 with read ROI [9872:11440, 2384:3952, 9872:11440] (1568, 1568, 1568) and write ROI [10368:10944, 2880:3456, 10368:10944] (576, 576, 576)
Recorded block-done for octoS0SubroiZ15683136Y78409408X1097612544Difficultsoma_pred_affs/12635 with read ROI [9872:11440, 2384:3952, 9872:11440] (1568, 1568, 1568) and write ROI [10368:10944, 2880:3456, 10368:10944] (576, 576, 576)
Recording block-done for octoS0SubroiZ15683136Y78409408X1097612544Difficultsoma_pred_affs/4864 with read ROI [9872:11440, 4112:5680, 1232:2800] (1568, 1568, 1568) and write ROI [10368:10944, 4608:5184, 1728:2304] (576, 576, 576)
Recorded block-done for octoS0SubroiZ15683136Y78409408X1097612544Difficultsoma_pred_affs/4864 with read ROI [9872:11440, 4112:5680, 1232:2800] (1568, 1568, 1568) and write ROI [10368:10944, 4608:5184, 1728:2304] (576, 576, 576)
Recording block-done for octoS0SubroiZ15683136Y78409408X1097612544Difficultsoma_pred_affs/9410 with read ROI [9872:11440, 1808:3376, 8144:9712] (1568, 1568, 1568) and write ROI [10368:10944, 2304:2880, 8640:9216] (576, 576, 576)
Recorded block-done for octoS0SubroiZ15683136Y78409408X1097612544Difficultsoma_pred_affs/9410 with read ROI [9872:11440, 1808:3376, 8144:9712] (1568, 1568, 1568) and write ROI [10368:10944, 2304:2880, 8640:9216] (576, 576, 576)
Recording block-done for octoS0SubroiZ15683136Y78409408X1097612544Difficultsoma_pred_affs/11113 with read ROI [9872:11440, 5840:7408, 5264:6832] (1568, 1568, 1568) and write ROI [10368:10944, 6336:6912, 5760:6336] (576, 576, 576)
Recorded block-done for octoS0SubroiZ15683136Y78409408X1097612544Difficultsoma_pred_affs/11113 with read ROI [9872:11440, 5840:7408, 5264:6832] (1568, 1568, 1568) and write ROI [10368:10944, 6336:6912, 5760:6336] (576, 576, 576)
Recording block-done for octoS0SubroiZ15683136Y78409408X1097612544Difficultsoma_pred_affs/14643 with read ROI [9872:11440, 5840:7408, 7568:9136] (1568, 1568, 1568) and write ROI [10368:10944, 6336:6912, 8064:8640] (576, 576, 576)
Recorded block-done for octoS0SubroiZ15683136Y78409408X1097612544Difficultsoma_pred_affs/14643 with read ROI [9872:11440, 5840:7408, 7568:9136] (1568, 1568, 1568) and write ROI [10368:10944, 6336:6912, 8064:8640] (576, 576, 576)
Recording block-done for octoS0SubroiZ15683136Y78409408X1097612544Difficultsoma_pred_affs/17779 with read ROI [9872:11440, 6416:7984, 8720:10288] (1568, 1568, 1568) and write ROI [10368:10944, 6912:7488, 9216:9792] (576, 576, 576)
Recorded block-done for octoS0SubroiZ15683136Y78409408X1097612544Difficultsoma_pred_affs/17779 with read ROI [9872:11440, 6416:7984, 8720:10288] (1568, 1568, 1568) and write ROI [10368:10944, 6912:7488, 9216:9792] (576, 576, 576)
Recording block-done for octoS0SubroiZ15683136Y78409408X1097612544Difficultsoma_pred_affs/13758 with read ROI [9872:11440, 6992:8560, 5840:7408] (1568, 1568, 1568) and write ROI [10368:10944, 7488:8064, 6336:6912] (576, 576, 576)
Recorded block-done for octoS0SubroiZ15683136Y78409408X1097612544Difficultsoma_pred_affs/13758 with read ROI [9872:11440, 6992:8560, 5840:7408] (1568, 1568, 1568) and write ROI [10368:10944, 7488:8064, 6336:6912] (576, 576, 576)
Recording block-done for octoS0SubroiZ15683136Y78409408X1097612544Difficultsoma_pred_affs/12855 with read ROI [9872:11440, 6992:8560, 5264:6832] (1568, 1568, 1568) and write ROI [10368:10944, 7488:8064, 5760:6336] (576, 576, 576)
Recorded block-done for octoS0SubroiZ15683136Y78409408X1097612544Difficultsoma_pred_affs/12855 with read ROI [9872:11440, 6992:8560, 5264:6832] (1568, 1568, 1568) and write ROI [10368:10944, 7488:8064, 5760:6336] (576, 576, 576)
Recording block-done for octoS0SubroiZ15683136Y78409408X1097612544Difficultsoma_pred_affs/13857 with read ROI [9872:11440, 8720:10288, 4112:5680] (1568, 1568, 1568) and write ROI [10368:10944, 9216:9792, 4608:5184] (576, 576, 576)
Recorded block-done for octoS0SubroiZ15683136Y78409408X1097612544Difficultsoma_pred_affs/13857 with read ROI [9872:11440, 8720:10288, 4112:5680] (1568, 1568, 1568) and write ROI [10368:10944, 9216:9792, 4608:5184] (576, 576, 576)
Recording block-done for octoS0SubroiZ15683136Y78409408X1097612544Difficultsoma_pred_affs/13062 with read ROI [9872:11440, 10448:12016, 1808:3376] (1568, 1568, 1568) and write ROI [10368:10944, 10944:11520, 2304:2880] (576, 576, 576)
Recorded block-done for octoS0SubroiZ15683136Y78409408X1097612544Difficultsoma_pred_affs/13062 with read ROI [9872:11440, 10448:12016, 1808:3376] (1568, 1568, 1568) and write ROI [10368:10944, 10944:11520, 2304:2880] (576, 576, 576)
Recording block-done for octoS0SubroiZ15683136Y78409408X1097612544Difficultsoma_pred_affs/6840 with read ROI [10448:12016, 1808:3376, 5264:6832] (1568, 1568, 1568) and write ROI [10944:11520, 2304:2880, 5760:6336] (576, 576, 576)
Recorded block-done for octoS0SubroiZ15683136Y78409408X1097612544Difficultsoma_pred_affs/6840 with read ROI [10448:12016, 1808:3376, 5264:6832] (1568, 1568, 1568) and write ROI [10944:11520, 2304:2880, 5760:6336] (576, 576, 576)
Recording block-done for octoS0SubroiZ15683136Y78409408X1097612544Difficultsoma_pred_affs/6279 with read ROI [10448:12016, 1808:3376, 4688:6256] (1568, 1568, 1568) and write ROI [10944:11520, 2304:2880, 5184:5760] (576, 576, 576)
Recorded block-done for octoS0SubroiZ15683136Y78409408X1097612544Difficultsoma_pred_affs/6279 with read ROI [10448:12016, 1808:3376, 4688:6256] (1568, 1568, 1568) and write ROI [10944:11520, 2304:2880, 5184:5760] (576, 576, 576)
Recording block-done for octoS0SubroiZ15683136Y78409408X1097612544Difficultsoma_pred_affs/10955 with read ROI [10448:12016, 1808:3376, 8720:10288] (1568, 1568, 1568) and write ROI [10944:11520, 2304:2880, 9216:9792] (576, 576, 576)
Recorded block-done for octoS0SubroiZ15683136Y78409408X1097612544Difficultsoma_pred_affs/10955 with read ROI [10448:12016, 1808:3376, 8720:10288] (1568, 1568, 1568) and write ROI [10944:11520, 2304:2880, 9216:9792] (576, 576, 576)
Recording block-done for octoS0SubroiZ15683136Y78409408X1097612544Difficultsoma_pred_affs/11799 with read ROI [10448:12016, 2384:3952, 8720:10288] (1568, 1568, 1568) and write ROI [10944:11520, 2880:3456, 9216:9792] (576, 576, 576)
Recorded block-done for octoS0SubroiZ15683136Y78409408X1097612544Difficultsoma_pred_affs/11799 with read ROI [10448:12016, 2384:3952, 8720:10288] (1568, 1568, 1568) and write ROI [10944:11520, 2880:3456, 9216:9792] (576, 576, 576)
Recording block-done for octoS0SubroiZ15683136Y78409408X1097612544Difficultsoma_pred_affs/13563 with read ROI [10448:12016, 2384:3952, 9872:11440] (1568, 1568, 1568) and write ROI [10944:11520, 2880:3456, 10368:10944] (576, 576, 576)
Recorded block-done for octoS0SubroiZ15683136Y78409408X1097612544Difficultsoma_pred_affs/13563 with read ROI [10448:12016, 2384:3952, 9872:11440] (1568, 1568, 1568) and write ROI [10944:11520, 2880:3456, 10368:10944] (576, 576, 576)
Recording block-done for octoS0SubroiZ15683136Y78409408X1097612544Difficultsoma_pred_affs/8317 with read ROI [10448:12016, 6992:8560, 1232:2800] (1568, 1568, 1568) and write ROI [10944:11520, 7488:8064, 1728:2304] (576, 576, 576)
Recorded block-done for octoS0SubroiZ15683136Y78409408X1097612544Difficultsoma_pred_affs/8317 with read ROI [10448:12016, 6992:8560, 1232:2800] (1568, 1568, 1568) and write ROI [10944:11520, 7488:8064, 1728:2304] (576, 576, 576)
Recording block-done for octoS0SubroiZ15683136Y78409408X1097612544Difficultsoma_pred_affs/14804 with read ROI [10448:12016, 8144:9712, 4688:6256] (1568, 1568, 1568) and write ROI [10944:11520, 8640:9216, 5184:5760] (576, 576, 576)
Recorded block-done for octoS0SubroiZ15683136Y78409408X1097612544Difficultsoma_pred_affs/14804 with read ROI [10448:12016, 8144:9712, 4688:6256] (1568, 1568, 1568) and write ROI [10944:11520, 8640:9216, 5184:5760] (576, 576, 576)
Recording block-done for octoS0SubroiZ15683136Y78409408X1097612544Difficultsoma_pred_affs/12027 with read ROI [10448:12016, 6992:8560, 4112:5680] (1568, 1568, 1568) and write ROI [10944:11520, 7488:8064, 4608:5184] (576, 576, 576)
Recorded block-done for octoS0SubroiZ15683136Y78409408X1097612544Difficultsoma_pred_affs/12027 with read ROI [10448:12016, 6992:8560, 4112:5680] (1568, 1568, 1568) and write ROI [10944:11520, 7488:8064, 4608:5184] (576, 576, 576)
Recording block-done for octoS0SubroiZ15683136Y78409408X1097612544Difficultsoma_pred_affs/25418 with read ROI [10448:12016, 8144:9712, 9872:11440] (1568, 1568, 1568) and write ROI [10944:11520, 8640:9216, 10368:10944] (576, 576, 576)
Recorded block-done for octoS0SubroiZ15683136Y78409408X1097612544Difficultsoma_pred_affs/25418 with read ROI [10448:12016, 8144:9712, 9872:11440] (1568, 1568, 1568) and write ROI [10944:11520, 8640:9216, 10368:10944] (576, 576, 576)
Recording block-done for octoS0SubroiZ15683136Y78409408X1097612544Difficultsoma_pred_affs/13893 with read ROI [10448:12016, 8720:10288, 3536:5104] (1568, 1568, 1568) and write ROI [10944:11520, 9216:9792, 4032:4608] (576, 576, 576)
Recorded block-done for octoS0SubroiZ15683136Y78409408X1097612544Difficultsoma_pred_affs/13893 with read ROI [10448:12016, 8720:10288, 3536:5104] (1568, 1568, 1568) and write ROI [10944:11520, 9216:9792, 4032:4608] (576, 576, 576)
Recording block-done for octoS0SubroiZ15683136Y78409408X1097612544Difficultsoma_pred_affs/347 with read ROI [2960:4528, 1808:3376, 80:1648] (1568, 1568, 1568) and write ROI [3456:4032, 2304:2880, 576:1152] (576, 576, 576)
Recorded block-done for octoS0SubroiZ15683136Y78409408X1097612544Difficultsoma_pred_affs/347 with read ROI [2960:4528, 1808:3376, 80:1648] (1568, 1568, 1568) and write ROI [3456:4032, 2304:2880, 576:1152] (576, 576, 576)
Recording block-done for octoS0SubroiZ15683136Y78409408X1097612544Difficultsoma_pred_affs/5178 with read ROI [4112:5680, 6416:7984, 5264:6832] (1568, 1568, 1568) and write ROI [4608:5184, 6912:7488, 5760:6336] (576, 576, 576)
Recorded block-done for octoS0SubroiZ15683136Y78409408X1097612544Difficultsoma_pred_affs/5178 with read ROI [4112:5680, 6416:7984, 5264:6832] (1568, 1568, 1568) and write ROI [4608:5184, 6912:7488, 5760:6336] (576, 576, 576)
Recording block-done for octoS0SubroiZ15683136Y78409408X1097612544Difficultsoma_pred_affs/3186 with read ROI [4112:5680, 7568:9136, 1232:2800] (1568, 1568, 1568) and write ROI [4608:5184, 8064:8640, 1728:2304] (576, 576, 576)
Recorded block-done for octoS0SubroiZ15683136Y78409408X1097612544Difficultsoma_pred_affs/3186 with read ROI [4112:5680, 7568:9136, 1232:2800] (1568, 1568, 1568) and write ROI [4608:5184, 8064:8640, 1728:2304] (576, 576, 576)
Recording block-done for octoS0SubroiZ15683136Y78409408X1097612544Difficultsoma_pred_affs/6831 with read ROI [5264:6832, 6992:8560, 5264:6832] (1568, 1568, 1568) and write ROI [5760:6336, 7488:8064, 5760:6336] (576, 576, 576)
Recorded block-done for octoS0SubroiZ15683136Y78409408X1097612544Difficultsoma_pred_affs/6831 with read ROI [5264:6832, 6992:8560, 5264:6832] (1568, 1568, 1568) and write ROI [5760:6336, 7488:8064, 5760:6336] (576, 576, 576)
Recording block-done for octoS0SubroiZ15683136Y78409408X1097612544Difficultsoma_pred_affs/11138 with read ROI [6992:8560, 9296:10864, 4688:6256] (1568, 1568, 1568) and write ROI [7488:8064, 9792:10368, 5184:5760] (576, 576, 576)
Recorded block-done for octoS0SubroiZ15683136Y78409408X1097612544Difficultsoma_pred_affs/11138 with read ROI [6992:8560, 9296:10864, 4688:6256] (1568, 1568, 1568) and write ROI [7488:8064, 9792:10368, 5184:5760] (576, 576, 576)
Recording block-done for octoS0SubroiZ15683136Y78409408X1097612544Difficultsoma_pred_affs/3093 with read ROI [8144:9712, 656:2224, 4112:5680] (1568, 1568, 1568) and write ROI [8640:9216, 1152:1728, 4608:5184] (576, 576, 576)
Recorded block-done for octoS0SubroiZ15683136Y78409408X1097612544Difficultsoma_pred_affs/3093 with read ROI [8144:9712, 656:2224, 4112:5680] (1568, 1568, 1568) and write ROI [8640:9216, 1152:1728, 4608:5184] (576, 576, 576)
Recording block-done for octoS0SubroiZ15683136Y78409408X1097612544Difficultsoma_pred_affs/12885 with read ROI [8720:10288, 8720:10288, 4688:6256] (1568, 1568, 1568) and write ROI [9216:9792, 9216:9792, 5184:5760] (576, 576, 576)
Recorded block-done for octoS0SubroiZ15683136Y78409408X1097612544Difficultsoma_pred_affs/12885 with read ROI [8720:10288, 8720:10288, 4688:6256] (1568, 1568, 1568) and write ROI [9216:9792, 9216:9792, 5184:5760] (576, 576, 576)
Recording block-done for octoS0SubroiZ15683136Y78409408X1097612544Difficultsoma_pred_affs/9749 with read ROI [8144:9712, 10448:12016, 1232:2800] (1568, 1568, 1568) and write ROI [8640:9216, 10944:11520, 1728:2304] (576, 576, 576)
Recorded block-done for octoS0SubroiZ15683136Y78409408X1097612544Difficultsoma_pred_affs/9749 with read ROI [8144:9712, 10448:12016, 1232:2800] (1568, 1568, 1568) and write ROI [8640:9216, 10944:11520, 1728:2304] (576, 576, 576)
Recording block-done for octoS0SubroiZ15683136Y78409408X1097612544Difficultsoma_pred_affs/5726 with read ROI [9296:10864, 2384:3952, 4688:6256] (1568, 1568, 1568) and write ROI [9792:10368, 2880:3456, 5184:5760] (576, 576, 576)
Recorded block-done for octoS0SubroiZ15683136Y78409408X1097612544Difficultsoma_pred_affs/5726 with read ROI [9296:10864, 2384:3952, 4688:6256] (1568, 1568, 1568) and write ROI [9792:10368, 2880:3456, 5184:5760] (576, 576, 576)
Recording block-done for octoS0SubroiZ15683136Y78409408X1097612544Difficultsoma_pred_affs/24038 with read ROI [9296:10864, 9296:10864, 9296:10864] (1568, 1568, 1568) and write ROI [9792:10368, 9792:10368, 9792:10368] (576, 576, 576)
Recorded block-done for octoS0SubroiZ15683136Y78409408X1097612544Difficultsoma_pred_affs/24038 with read ROI [9296:10864, 9296:10864, 9296:10864] (1568, 1568, 1568) and write ROI [9792:10368, 9792:10368, 9792:10368] (576, 576, 576)
Recording block-done for octoS0SubroiZ15683136Y78409408X1097612544Difficultsoma_pred_affs/18877 with read ROI [9872:11440, 5840:7408, 9872:11440] (1568, 1568, 1568) and write ROI [10368:10944, 6336:6912, 10368:10944] (576, 576, 576)
Recorded block-done for octoS0SubroiZ15683136Y78409408X1097612544Difficultsoma_pred_affs/18877 with read ROI [9872:11440, 5840:7408, 9872:11440] (1568, 1568, 1568) and write ROI [10368:10944, 6336:6912, 10368:10944] (576, 576, 576)
