MtlsdModel(
  (unet): UNet(
    (l_conv): ModuleList(
      (0): ConvPass(
        (conv_pass): Sequential(
          (0): Conv3d(1, 12, kernel_size=(3, 3, 3), stride=(1, 1, 1))
          (1): ReLU()
          (2): Conv3d(12, 12, kernel_size=(3, 3, 3), stride=(1, 1, 1))
          (3): ReLU()
        )
      )
      (1): ConvPass(
        (conv_pass): Sequential(
          (0): Conv3d(12, 60, kernel_size=(3, 3, 3), stride=(1, 1, 1))
          (1): ReLU()
          (2): Conv3d(60, 60, kernel_size=(3, 3, 3), stride=(1, 1, 1))
          (3): ReLU()
        )
      )
      (2): ConvPass(
        (conv_pass): Sequential(
          (0): Conv3d(60, 300, kernel_size=(3, 3, 3), stride=(1, 1, 1))
          (1): ReLU()
          (2): Conv3d(300, 300, kernel_size=(3, 3, 3), stride=(1, 1, 1))
          (3): ReLU()
        )
      )
      (3): ConvPass(
        (conv_pass): Sequential(
          (0): Conv3d(300, 1500, kernel_size=(3, 3, 3), stride=(1, 1, 1))
          (1): ReLU()
          (2): Conv3d(1500, 1500, kernel_size=(3, 3, 3), stride=(1, 1, 1))
          (3): ReLU()
        )
      )
    )
    (l_down): ModuleList(
      (0): Downsample(
        (down): MaxPool3d(kernel_size=[2, 2, 2], stride=[2, 2, 2], padding=0, dilation=1, ceil_mode=False)
      )
      (1): Downsample(
        (down): MaxPool3d(kernel_size=[2, 2, 2], stride=[2, 2, 2], padding=0, dilation=1, ceil_mode=False)
      )
      (2): Downsample(
        (down): MaxPool3d(kernel_size=[3, 3, 3], stride=[3, 3, 3], padding=0, dilation=1, ceil_mode=False)
      )
    )
    (r_up): ModuleList(
      (0): ModuleList(
        (0): Upsample(
          (up): ConvTranspose3d(60, 60, kernel_size=(2, 2, 2), stride=(2, 2, 2))
        )
        (1): Upsample(
          (up): ConvTranspose3d(300, 300, kernel_size=(2, 2, 2), stride=(2, 2, 2))
        )
        (2): Upsample(
          (up): ConvTranspose3d(1500, 1500, kernel_size=(3, 3, 3), stride=(3, 3, 3))
        )
      )
    )
    (r_conv): ModuleList(
      (0): ModuleList(
        (0): ConvPass(
          (conv_pass): Sequential(
            (0): Conv3d(72, 12, kernel_size=(3, 3, 3), stride=(1, 1, 1))
            (1): ReLU()
            (2): Conv3d(12, 12, kernel_size=(3, 3, 3), stride=(1, 1, 1))
            (3): ReLU()
          )
        )
        (1): ConvPass(
          (conv_pass): Sequential(
            (0): Conv3d(360, 60, kernel_size=(3, 3, 3), stride=(1, 1, 1))
            (1): ReLU()
            (2): Conv3d(60, 60, kernel_size=(3, 3, 3), stride=(1, 1, 1))
            (3): ReLU()
          )
        )
        (2): ConvPass(
          (conv_pass): Sequential(
            (0): Conv3d(1800, 300, kernel_size=(3, 3, 3), stride=(1, 1, 1))
            (1): ReLU()
            (2): Conv3d(300, 300, kernel_size=(3, 3, 3), stride=(1, 1, 1))
            (3): ReLU()
          )
        )
      )
    )
  )
  (lsd_head): ConvPass(
    (conv_pass): Sequential(
      (0): Conv3d(12, 10, kernel_size=(1, 1, 1), stride=(1, 1, 1))
      (1): Sigmoid()
    )
  )
  (aff_head): ConvPass(
    (conv_pass): Sequential(
      (0): Conv3d(12, 3, kernel_size=(1, 1, 1), stride=(1, 1, 1))
      (1): Sigmoid()
    )
  )
)
Model Parameters: 155.160M
Saving outputs to /media/samia/DATA/ark/lsd_outputs/MTLSD/3d/run-aclsd-together/model_checkpoint_300000/octo-s0-subroi_z1568-3136_y7840-9408_x10976-12544_difficultsoma.zarr
Recording block-done for octoS0SubroiZ15683136Y78409408X1097612544Difficultsoma_pred_affs/42 with read ROI [80:1648, 656:2224, 656:2224] (1568, 1568, 1568) and write ROI [576:1152, 1152:1728, 1152:1728] (576, 576, 576)
Recorded block-done for octoS0SubroiZ15683136Y78409408X1097612544Difficultsoma_pred_affs/42 with read ROI [80:1648, 656:2224, 656:2224] (1568, 1568, 1568) and write ROI [576:1152, 1152:1728, 1152:1728] (576, 576, 576)
Recording block-done for octoS0SubroiZ15683136Y78409408X1097612544Difficultsoma_pred_affs/124 with read ROI [80:1648, 80:1648, 2960:4528] (1568, 1568, 1568) and write ROI [576:1152, 576:1152, 3456:4032] (576, 576, 576)
Recorded block-done for octoS0SubroiZ15683136Y78409408X1097612544Difficultsoma_pred_affs/124 with read ROI [80:1648, 80:1648, 2960:4528] (1568, 1568, 1568) and write ROI [576:1152, 576:1152, 3456:4032] (576, 576, 576)
Recording block-done for octoS0SubroiZ15683136Y78409408X1097612544Difficultsoma_pred_affs/91 with read ROI [80:1648, 656:2224, 1808:3376] (1568, 1568, 1568) and write ROI [576:1152, 1152:1728, 2304:2880] (576, 576, 576)
Recorded block-done for octoS0SubroiZ15683136Y78409408X1097612544Difficultsoma_pred_affs/91 with read ROI [80:1648, 656:2224, 1808:3376] (1568, 1568, 1568) and write ROI [576:1152, 1152:1728, 2304:2880] (576, 576, 576)
Recording block-done for octoS0SubroiZ15683136Y78409408X1097612544Difficultsoma_pred_affs/684 with read ROI [80:1648, 80:1648, 6992:8560] (1568, 1568, 1568) and write ROI [576:1152, 576:1152, 7488:8064] (576, 576, 576)
Recorded block-done for octoS0SubroiZ15683136Y78409408X1097612544Difficultsoma_pred_affs/684 with read ROI [80:1648, 80:1648, 6992:8560] (1568, 1568, 1568) and write ROI [576:1152, 576:1152, 7488:8064] (576, 576, 576)
Recording block-done for octoS0SubroiZ15683136Y78409408X1097612544Difficultsoma_pred_affs/293 with read ROI [80:1648, 656:2224, 4112:5680] (1568, 1568, 1568) and write ROI [576:1152, 1152:1728, 4608:5184] (576, 576, 576)
Recorded block-done for octoS0SubroiZ15683136Y78409408X1097612544Difficultsoma_pred_affs/293 with read ROI [80:1648, 656:2224, 4112:5680] (1568, 1568, 1568) and write ROI [576:1152, 1152:1728, 4608:5184] (576, 576, 576)
Recording block-done for octoS0SubroiZ15683136Y78409408X1097612544Difficultsoma_pred_affs/466 with read ROI [80:1648, 1232:2800, 4688:6256] (1568, 1568, 1568) and write ROI [576:1152, 1728:2304, 5184:5760] (576, 576, 576)
Recorded block-done for octoS0SubroiZ15683136Y78409408X1097612544Difficultsoma_pred_affs/466 with read ROI [80:1648, 1232:2800, 4688:6256] (1568, 1568, 1568) and write ROI [576:1152, 1728:2304, 5184:5760] (576, 576, 576)
Recording block-done for octoS0SubroiZ15683136Y78409408X1097612544Difficultsoma_pred_affs/571 with read ROI [80:1648, 1232:2800, 5264:6832] (1568, 1568, 1568) and write ROI [576:1152, 1728:2304, 5760:6336] (576, 576, 576)
Recorded block-done for octoS0SubroiZ15683136Y78409408X1097612544Difficultsoma_pred_affs/571 with read ROI [80:1648, 1232:2800, 5264:6832] (1568, 1568, 1568) and write ROI [576:1152, 1728:2304, 5760:6336] (576, 576, 576)
Recording block-done for octoS0SubroiZ15683136Y78409408X1097612544Difficultsoma_pred_affs/691 with read ROI [80:1648, 1232:2800, 5840:7408] (1568, 1568, 1568) and write ROI [576:1152, 1728:2304, 6336:6912] (576, 576, 576)
Recorded block-done for octoS0SubroiZ15683136Y78409408X1097612544Difficultsoma_pred_affs/691 with read ROI [80:1648, 1232:2800, 5840:7408] (1568, 1568, 1568) and write ROI [576:1152, 1728:2304, 6336:6912] (576, 576, 576)
Recording block-done for octoS0SubroiZ15683136Y78409408X1097612544Difficultsoma_pred_affs/1151 with read ROI [80:1648, 1232:2800, 7568:9136] (1568, 1568, 1568) and write ROI [576:1152, 1728:2304, 8064:8640] (576, 576, 576)
Recorded block-done for octoS0SubroiZ15683136Y78409408X1097612544Difficultsoma_pred_affs/1151 with read ROI [80:1648, 1232:2800, 7568:9136] (1568, 1568, 1568) and write ROI [576:1152, 1728:2304, 8064:8640] (576, 576, 576)
Recording block-done for octoS0SubroiZ15683136Y78409408X1097612544Difficultsoma_pred_affs/980 with read ROI [80:1648, 1232:2800, 6992:8560] (1568, 1568, 1568) and write ROI [576:1152, 1728:2304, 7488:8064] (576, 576, 576)
Recorded block-done for octoS0SubroiZ15683136Y78409408X1097612544Difficultsoma_pred_affs/980 with read ROI [80:1648, 1232:2800, 6992:8560] (1568, 1568, 1568) and write ROI [576:1152, 1728:2304, 7488:8064] (576, 576, 576)
Recording block-done for octoS0SubroiZ15683136Y78409408X1097612544Difficultsoma_pred_affs/1787 with read ROI [80:1648, 1808:3376, 8720:10288] (1568, 1568, 1568) and write ROI [576:1152, 2304:2880, 9216:9792] (576, 576, 576)
Recorded block-done for octoS0SubroiZ15683136Y78409408X1097612544Difficultsoma_pred_affs/1787 with read ROI [80:1648, 1808:3376, 8720:10288] (1568, 1568, 1568) and write ROI [576:1152, 2304:2880, 9216:9792] (576, 576, 576)
Recording block-done for octoS0SubroiZ15683136Y78409408X1097612544Difficultsoma_pred_affs/1346 with read ROI [80:1648, 1808:3376, 7568:9136] (1568, 1568, 1568) and write ROI [576:1152, 2304:2880, 8064:8640] (576, 576, 576)
Recorded block-done for octoS0SubroiZ15683136Y78409408X1097612544Difficultsoma_pred_affs/1346 with read ROI [80:1648, 1808:3376, 7568:9136] (1568, 1568, 1568) and write ROI [576:1152, 2304:2880, 8064:8640] (576, 576, 576)
Recording block-done for octoS0SubroiZ15683136Y78409408X1097612544Difficultsoma_pred_affs/1556 with read ROI [80:1648, 1808:3376, 8144:9712] (1568, 1568, 1568) and write ROI [576:1152, 2304:2880, 8640:9216] (576, 576, 576)
Recorded block-done for octoS0SubroiZ15683136Y78409408X1097612544Difficultsoma_pred_affs/1556 with read ROI [80:1648, 1808:3376, 8144:9712] (1568, 1568, 1568) and write ROI [576:1152, 2304:2880, 8640:9216] (576, 576, 576)
Recording block-done for octoS0SubroiZ15683136Y78409408X1097612544Difficultsoma_pred_affs/2616 with read ROI [80:1648, 1808:3376, 10448:12016] (1568, 1568, 1568) and write ROI [576:1152, 2304:2880, 10944:11520] (576, 576, 576)
Recorded block-done for octoS0SubroiZ15683136Y78409408X1097612544Difficultsoma_pred_affs/2616 with read ROI [80:1648, 1808:3376, 10448:12016] (1568, 1568, 1568) and write ROI [576:1152, 2304:2880, 10944:11520] (576, 576, 576)
Recording block-done for octoS0SubroiZ15683136Y78409408X1097612544Difficultsoma_pred_affs/249 with read ROI [80:1648, 2960:4528, 1232:2800] (1568, 1568, 1568) and write ROI [576:1152, 3456:4032, 1728:2304] (576, 576, 576)
Recorded block-done for octoS0SubroiZ15683136Y78409408X1097612544Difficultsoma_pred_affs/249 with read ROI [80:1648, 2960:4528, 1232:2800] (1568, 1568, 1568) and write ROI [576:1152, 3456:4032, 1728:2304] (576, 576, 576)
Recording block-done for octoS0SubroiZ15683136Y78409408X1097612544Difficultsoma_pred_affs/393 with read ROI [80:1648, 2960:4528, 2384:3952] (1568, 1568, 1568) and write ROI [576:1152, 3456:4032, 2880:3456] (576, 576, 576)
Recorded block-done for octoS0SubroiZ15683136Y78409408X1097612544Difficultsoma_pred_affs/393 with read ROI [80:1648, 2960:4528, 2384:3952] (1568, 1568, 1568) and write ROI [576:1152, 3456:4032, 2880:3456] (576, 576, 576)
Recording block-done for octoS0SubroiZ15683136Y78409408X1097612544Difficultsoma_pred_affs/492 with read ROI [80:1648, 3536:5104, 2384:3952] (1568, 1568, 1568) and write ROI [576:1152, 4032:4608, 2880:3456] (576, 576, 576)
Recorded block-done for octoS0SubroiZ15683136Y78409408X1097612544Difficultsoma_pred_affs/492 with read ROI [80:1648, 3536:5104, 2384:3952] (1568, 1568, 1568) and write ROI [576:1152, 4032:4608, 2880:3456] (576, 576, 576)
Recording block-done for octoS0SubroiZ15683136Y78409408X1097612544Difficultsoma_pred_affs/484 with read ROI [80:1648, 2960:4528, 2960:4528] (1568, 1568, 1568) and write ROI [576:1152, 3456:4032, 3456:4032] (576, 576, 576)
Recorded block-done for octoS0SubroiZ15683136Y78409408X1097612544Difficultsoma_pred_affs/484 with read ROI [80:1648, 2960:4528, 2960:4528] (1568, 1568, 1568) and write ROI [576:1152, 3456:4032, 3456:4032] (576, 576, 576)
Recording block-done for octoS0SubroiZ15683136Y78409408X1097612544Difficultsoma_pred_affs/717 with read ROI [80:1648, 3536:5104, 3536:5104] (1568, 1568, 1568) and write ROI [576:1152, 4032:4608, 4032:4608] (576, 576, 576)
Recorded block-done for octoS0SubroiZ15683136Y78409408X1097612544Difficultsoma_pred_affs/717 with read ROI [80:1648, 3536:5104, 3536:5104] (1568, 1568, 1568) and write ROI [576:1152, 4032:4608, 4032:4608] (576, 576, 576)
Recording block-done for octoS0SubroiZ15683136Y78409408X1097612544Difficultsoma_pred_affs/1177 with read ROI [80:1648, 3536:5104, 5264:6832] (1568, 1568, 1568) and write ROI [576:1152, 4032:4608, 5760:6336] (576, 576, 576)
Recorded block-done for octoS0SubroiZ15683136Y78409408X1097612544Difficultsoma_pred_affs/1177 with read ROI [80:1648, 3536:5104, 5264:6832] (1568, 1568, 1568) and write ROI [576:1152, 4032:4608, 5760:6336] (576, 576, 576)
Recording block-done for octoS0SubroiZ15683136Y78409408X1097612544Difficultsoma_pred_affs/862 with read ROI [80:1648, 4112:5680, 3536:5104] (1568, 1568, 1568) and write ROI [576:1152, 4608:5184, 4032:4608] (576, 576, 576)
Recorded block-done for octoS0SubroiZ15683136Y78409408X1097612544Difficultsoma_pred_affs/862 with read ROI [80:1648, 4112:5680, 3536:5104] (1568, 1568, 1568) and write ROI [576:1152, 4608:5184, 4032:4608] (576, 576, 576)
Recording block-done for octoS0SubroiZ15683136Y78409408X1097612544Difficultsoma_pred_affs/1376 with read ROI [80:1648, 4112:5680, 5264:6832] (1568, 1568, 1568) and write ROI [576:1152, 4608:5184, 5760:6336] (576, 576, 576)
Recorded block-done for octoS0SubroiZ15683136Y78409408X1097612544Difficultsoma_pred_affs/1376 with read ROI [80:1648, 4112:5680, 5264:6832] (1568, 1568, 1568) and write ROI [576:1152, 4608:5184, 5760:6336] (576, 576, 576)
Recording block-done for octoS0SubroiZ15683136Y78409408X1097612544Difficultsoma_pred_affs/2337 with read ROI [80:1648, 3536:5104, 8144:9712] (1568, 1568, 1568) and write ROI [576:1152, 4032:4608, 8640:9216] (576, 576, 576)
Recorded block-done for octoS0SubroiZ15683136Y78409408X1097612544Difficultsoma_pred_affs/2337 with read ROI [80:1648, 3536:5104, 8144:9712] (1568, 1568, 1568) and write ROI [576:1152, 4032:4608, 8640:9216] (576, 576, 576)
Recording block-done for octoS0SubroiZ15683136Y78409408X1097612544Difficultsoma_pred_affs/2646 with read ROI [80:1648, 4112:5680, 8144:9712] (1568, 1568, 1568) and write ROI [576:1152, 4608:5184, 8640:9216] (576, 576, 576)
Recorded block-done for octoS0SubroiZ15683136Y78409408X1097612544Difficultsoma_pred_affs/2646 with read ROI [80:1648, 4112:5680, 8144:9712] (1568, 1568, 1568) and write ROI [576:1152, 4608:5184, 8640:9216] (576, 576, 576)
Recording block-done for octoS0SubroiZ15683136Y78409408X1097612544Difficultsoma_pred_affs/3322 with read ROI [80:1648, 4112:5680, 9296:10864] (1568, 1568, 1568) and write ROI [576:1152, 4608:5184, 9792:10368] (576, 576, 576)
Recorded block-done for octoS0SubroiZ15683136Y78409408X1097612544Difficultsoma_pred_affs/3322 with read ROI [80:1648, 4112:5680, 9296:10864] (1568, 1568, 1568) and write ROI [576:1152, 4608:5184, 9792:10368] (576, 576, 576)
Recording block-done for octoS0SubroiZ15683136Y78409408X1097612544Difficultsoma_pred_affs/1827 with read ROI [80:1648, 4688:6256, 5840:7408] (1568, 1568, 1568) and write ROI [576:1152, 5184:5760, 6336:6912] (576, 576, 576)
Recorded block-done for octoS0SubroiZ15683136Y78409408X1097612544Difficultsoma_pred_affs/1827 with read ROI [80:1648, 4688:6256, 5840:7408] (1568, 1568, 1568) and write ROI [576:1152, 5184:5760, 6336:6912] (576, 576, 576)
Recording block-done for octoS0SubroiZ15683136Y78409408X1097612544Difficultsoma_pred_affs/747 with read ROI [80:1648, 5264:6832, 1808:3376] (1568, 1568, 1568) and write ROI [576:1152, 5760:6336, 2304:2880] (576, 576, 576)
Recorded block-done for octoS0SubroiZ15683136Y78409408X1097612544Difficultsoma_pred_affs/747 with read ROI [80:1648, 5264:6832, 1808:3376] (1568, 1568, 1568) and write ROI [576:1152, 5760:6336, 2304:2880] (576, 576, 576)
Recording block-done for octoS0SubroiZ15683136Y78409408X1097612544Difficultsoma_pred_affs/431 with read ROI [80:1648, 5264:6832, 80:1648] (1568, 1568, 1568) and write ROI [576:1152, 5760:6336, 576:1152] (576, 576, 576)
Recorded block-done for octoS0SubroiZ15683136Y78409408X1097612544Difficultsoma_pred_affs/431 with read ROI [80:1648, 5264:6832, 80:1648] (1568, 1568, 1568) and write ROI [576:1152, 5760:6336, 576:1152] (576, 576, 576)
Recording block-done for octoS0SubroiZ15683136Y78409408X1097612544Difficultsoma_pred_affs/2981 with read ROI [80:1648, 4688:6256, 8144:9712] (1568, 1568, 1568) and write ROI [576:1152, 5184:5760, 8640:9216] (576, 576, 576)
Recorded block-done for octoS0SubroiZ15683136Y78409408X1097612544Difficultsoma_pred_affs/2981 with read ROI [80:1648, 4688:6256, 8144:9712] (1568, 1568, 1568) and write ROI [576:1152, 5184:5760, 8640:9216] (576, 576, 576)
Recording block-done for octoS0SubroiZ15683136Y78409408X1097612544Difficultsoma_pred_affs/4127 with read ROI [80:1648, 5264:6832, 9296:10864] (1568, 1568, 1568) and write ROI [576:1152, 5760:6336, 9792:10368] (576, 576, 576)
Recorded block-done for octoS0SubroiZ15683136Y78409408X1097612544Difficultsoma_pred_affs/4127 with read ROI [80:1648, 5264:6832, 9296:10864] (1568, 1568, 1568) and write ROI [576:1152, 5760:6336, 9792:10368] (576, 576, 576)
Recording block-done for octoS0SubroiZ15683136Y78409408X1097612544Difficultsoma_pred_affs/534 with read ROI [80:1648, 5840:7408, 80:1648] (1568, 1568, 1568) and write ROI [576:1152, 6336:6912, 576:1152] (576, 576, 576)
Recorded block-done for octoS0SubroiZ15683136Y78409408X1097612544Difficultsoma_pred_affs/534 with read ROI [80:1648, 5840:7408, 80:1648] (1568, 1568, 1568) and write ROI [576:1152, 6336:6912, 576:1152] (576, 576, 576)
Recording block-done for octoS0SubroiZ15683136Y78409408X1097612544Difficultsoma_pred_affs/2679 with read ROI [80:1648, 5840:7408, 6416:7984] (1568, 1568, 1568) and write ROI [576:1152, 6336:6912, 6912:7488] (576, 576, 576)
Recorded block-done for octoS0SubroiZ15683136Y78409408X1097612544Difficultsoma_pred_affs/2679 with read ROI [80:1648, 5840:7408, 6416:7984] (1568, 1568, 1568) and write ROI [576:1152, 6336:6912, 6912:7488] (576, 576, 576)
Recording block-done for octoS0SubroiZ15683136Y78409408X1097612544Difficultsoma_pred_affs/3355 with read ROI [80:1648, 5840:7408, 7568:9136] (1568, 1568, 1568) and write ROI [576:1152, 6336:6912, 8064:8640] (576, 576, 576)
Recorded block-done for octoS0SubroiZ15683136Y78409408X1097612544Difficultsoma_pred_affs/3355 with read ROI [80:1648, 5840:7408, 7568:9136] (1568, 1568, 1568) and write ROI [576:1152, 6336:6912, 8064:8640] (576, 576, 576)
Recording block-done for octoS0SubroiZ15683136Y78409408X1097612544Difficultsoma_pred_affs/1219 with read ROI [80:1648, 5840:7408, 2960:4528] (1568, 1568, 1568) and write ROI [576:1152, 6336:6912, 3456:4032] (576, 576, 576)
Recorded block-done for octoS0SubroiZ15683136Y78409408X1097612544Difficultsoma_pred_affs/1219 with read ROI [80:1648, 5840:7408, 2960:4528] (1568, 1568, 1568) and write ROI [576:1152, 6336:6912, 3456:4032] (576, 576, 576)
Recording block-done for octoS0SubroiZ15683136Y78409408X1097612544Difficultsoma_pred_affs/652 with read ROI [80:1648, 6416:7984, 80:1648] (1568, 1568, 1568) and write ROI [576:1152, 6912:7488, 576:1152] (576, 576, 576)
Recorded block-done for octoS0SubroiZ15683136Y78409408X1097612544Difficultsoma_pred_affs/652 with read ROI [80:1648, 6416:7984, 80:1648] (1568, 1568, 1568) and write ROI [576:1152, 6912:7488, 576:1152] (576, 576, 576)
Recording block-done for octoS0SubroiZ15683136Y78409408X1097612544Difficultsoma_pred_affs/3746 with read ROI [80:1648, 6416:7984, 7568:9136] (1568, 1568, 1568) and write ROI [576:1152, 6912:7488, 8064:8640] (576, 576, 576)
Recorded block-done for octoS0SubroiZ15683136Y78409408X1097612544Difficultsoma_pred_affs/3746 with read ROI [80:1648, 6416:7984, 7568:9136] (1568, 1568, 1568) and write ROI [576:1152, 6912:7488, 8064:8640] (576, 576, 576)
Recording block-done for octoS0SubroiZ15683136Y78409408X1097612544Difficultsoma_pred_affs/5548 with read ROI [80:1648, 6416:7984, 9872:11440] (1568, 1568, 1568) and write ROI [576:1152, 6912:7488, 10368:10944] (576, 576, 576)
Recorded block-done for octoS0SubroiZ15683136Y78409408X1097612544Difficultsoma_pred_affs/5548 with read ROI [80:1648, 6416:7984, 9872:11440] (1568, 1568, 1568) and write ROI [576:1152, 6912:7488, 10368:10944] (576, 576, 576)
Recording block-done for octoS0SubroiZ15683136Y78409408X1097612544Difficultsoma_pred_affs/1632 with read ROI [80:1648, 6416:7984, 3536:5104] (1568, 1568, 1568) and write ROI [576:1152, 6912:7488, 4032:4608] (576, 576, 576)
Recorded block-done for octoS0SubroiZ15683136Y78409408X1097612544Difficultsoma_pred_affs/1632 with read ROI [80:1648, 6416:7984, 3536:5104] (1568, 1568, 1568) and write ROI [576:1152, 6912:7488, 4032:4608] (576, 576, 576)
Recording block-done for octoS0SubroiZ15683136Y78409408X1097612544Difficultsoma_pred_affs/937 with read ROI [80:1648, 7568:9136, 80:1648] (1568, 1568, 1568) and write ROI [576:1152, 8064:8640, 576:1152] (576, 576, 576)
Recorded block-done for octoS0SubroiZ15683136Y78409408X1097612544Difficultsoma_pred_affs/937 with read ROI [80:1648, 7568:9136, 80:1648] (1568, 1568, 1568) and write ROI [576:1152, 8064:8640, 576:1152] (576, 576, 576)
Recording block-done for octoS0SubroiZ15683136Y78409408X1097612544Difficultsoma_pred_affs/2145 with read ROI [80:1648, 7568:9136, 3536:5104] (1568, 1568, 1568) and write ROI [576:1152, 8064:8640, 4032:4608] (576, 576, 576)
Recorded block-done for octoS0SubroiZ15683136Y78409408X1097612544Difficultsoma_pred_affs/2145 with read ROI [80:1648, 7568:9136, 3536:5104] (1568, 1568, 1568) and write ROI [576:1152, 8064:8640, 4032:4608] (576, 576, 576)
Recording block-done for octoS0SubroiZ15683136Y78409408X1097612544Difficultsoma_pred_affs/1892 with read ROI [80:1648, 7568:9136, 2960:4528] (1568, 1568, 1568) and write ROI [576:1152, 8064:8640, 3456:4032] (576, 576, 576)
Recorded block-done for octoS0SubroiZ15683136Y78409408X1097612544Difficultsoma_pred_affs/1892 with read ROI [80:1648, 7568:9136, 2960:4528] (1568, 1568, 1568) and write ROI [576:1152, 8064:8640, 3456:4032] (576, 576, 576)
Recording block-done for octoS0SubroiZ15683136Y78409408X1097612544Difficultsoma_pred_affs/3413 with read ROI [80:1648, 8144:9712, 5264:6832] (1568, 1568, 1568) and write ROI [576:1152, 8640:9216, 5760:6336] (576, 576, 576)
Recorded block-done for octoS0SubroiZ15683136Y78409408X1097612544Difficultsoma_pred_affs/3413 with read ROI [80:1648, 8144:9712, 5264:6832] (1568, 1568, 1568) and write ROI [576:1152, 8640:9216, 5760:6336] (576, 576, 576)
Recording block-done for octoS0SubroiZ15683136Y78409408X1097612544Difficultsoma_pred_affs/3062 with read ROI [80:1648, 8144:9712, 4688:6256] (1568, 1568, 1568) and write ROI [576:1152, 8640:9216, 5184:5760] (576, 576, 576)
Recorded block-done for octoS0SubroiZ15683136Y78409408X1097612544Difficultsoma_pred_affs/3062 with read ROI [80:1648, 8144:9712, 4688:6256] (1568, 1568, 1568) and write ROI [576:1152, 8640:9216, 5184:5760] (576, 576, 576)
Recording block-done for octoS0SubroiZ15683136Y78409408X1097612544Difficultsoma_pred_affs/4197 with read ROI [80:1648, 8144:9712, 6416:7984] (1568, 1568, 1568) and write ROI [576:1152, 8640:9216, 6912:7488] (576, 576, 576)
Recorded block-done for octoS0SubroiZ15683136Y78409408X1097612544Difficultsoma_pred_affs/4197 with read ROI [80:1648, 8144:9712, 6416:7984] (1568, 1568, 1568) and write ROI [576:1152, 8640:9216, 6912:7488] (576, 576, 576)
Recording block-done for octoS0SubroiZ15683136Y78409408X1097612544Difficultsoma_pred_affs/7277 with read ROI [80:1648, 8144:9712, 9872:11440] (1568, 1568, 1568) and write ROI [576:1152, 8640:9216, 10368:10944] (576, 576, 576)
Recorded block-done for octoS0SubroiZ15683136Y78409408X1097612544Difficultsoma_pred_affs/7277 with read ROI [80:1648, 8144:9712, 9872:11440] (1568, 1568, 1568) and write ROI [576:1152, 8640:9216, 10368:10944] (576, 576, 576)
Recording block-done for octoS0SubroiZ15683136Y78409408X1097612544Difficultsoma_pred_affs/7907 with read ROI [80:1648, 8144:9712, 10448:12016] (1568, 1568, 1568) and write ROI [576:1152, 8640:9216, 10944:11520] (576, 576, 576)
Recorded block-done for octoS0SubroiZ15683136Y78409408X1097612544Difficultsoma_pred_affs/7907 with read ROI [80:1648, 8144:9712, 10448:12016] (1568, 1568, 1568) and write ROI [576:1152, 8640:9216, 10944:11520] (576, 576, 576)
Recording block-done for octoS0SubroiZ15683136Y78409408X1097612544Difficultsoma_pred_affs/6699 with read ROI [80:1648, 8720:10288, 8720:10288] (1568, 1568, 1568) and write ROI [576:1152, 9216:9792, 9216:9792] (576, 576, 576)
Recorded block-done for octoS0SubroiZ15683136Y78409408X1097612544Difficultsoma_pred_affs/6699 with read ROI [80:1648, 8720:10288, 8720:10288] (1568, 1568, 1568) and write ROI [576:1152, 9216:9792, 9216:9792] (576, 576, 576)
Recording block-done for octoS0SubroiZ15683136Y78409408X1097612544Difficultsoma_pred_affs/7294 with read ROI [80:1648, 8720:10288, 9296:10864] (1568, 1568, 1568) and write ROI [576:1152, 9216:9792, 9792:10368] (576, 576, 576)
Recorded block-done for octoS0SubroiZ15683136Y78409408X1097612544Difficultsoma_pred_affs/7294 with read ROI [80:1648, 8720:10288, 9296:10864] (1568, 1568, 1568) and write ROI [576:1152, 9216:9792, 9792:10368] (576, 576, 576)
Recording block-done for octoS0SubroiZ15683136Y78409408X1097612544Difficultsoma_pred_affs/5610 with read ROI [80:1648, 8720:10288, 7568:9136] (1568, 1568, 1568) and write ROI [576:1152, 9216:9792, 8064:8640] (576, 576, 576)
Recorded block-done for octoS0SubroiZ15683136Y78409408X1097612544Difficultsoma_pred_affs/5610 with read ROI [80:1648, 8720:10288, 7568:9136] (1568, 1568, 1568) and write ROI [576:1152, 9216:9792, 8064:8640] (576, 576, 576)
Recording block-done for octoS0SubroiZ15683136Y78409408X1097612544Difficultsoma_pred_affs/2472 with read ROI [80:1648, 9296:10864, 2384:3952] (1568, 1568, 1568) and write ROI [576:1152, 9792:10368, 2880:3456] (576, 576, 576)
Recorded block-done for octoS0SubroiZ15683136Y78409408X1097612544Difficultsoma_pred_affs/2472 with read ROI [80:1648, 9296:10864, 2384:3952] (1568, 1568, 1568) and write ROI [576:1152, 9792:10368, 2880:3456] (576, 576, 576)
Recording block-done for octoS0SubroiZ15683136Y78409408X1097612544Difficultsoma_pred_affs/3097 with read ROI [80:1648, 9296:10864, 3536:5104] (1568, 1568, 1568) and write ROI [576:1152, 9792:10368, 4032:4608] (576, 576, 576)
Recorded block-done for octoS0SubroiZ15683136Y78409408X1097612544Difficultsoma_pred_affs/3097 with read ROI [80:1648, 9296:10864, 3536:5104] (1568, 1568, 1568) and write ROI [576:1152, 9792:10368, 4032:4608] (576, 576, 576)
Recording block-done for octoS0SubroiZ15683136Y78409408X1097612544Difficultsoma_pred_affs/6156 with read ROI [80:1648, 9296:10864, 7568:9136] (1568, 1568, 1568) and write ROI [576:1152, 9792:10368, 8064:8640] (576, 576, 576)
Recorded block-done for octoS0SubroiZ15683136Y78409408X1097612544Difficultsoma_pred_affs/6156 with read ROI [80:1648, 9296:10864, 7568:9136] (1568, 1568, 1568) and write ROI [576:1152, 9792:10368, 8064:8640] (576, 576, 576)
Recording block-done for octoS0SubroiZ15683136Y78409408X1097612544Difficultsoma_pred_affs/2215 with read ROI [80:1648, 9872:11440, 1232:2800] (1568, 1568, 1568) and write ROI [576:1152, 10368:10944, 1728:2304] (576, 576, 576)
Recorded block-done for octoS0SubroiZ15683136Y78409408X1097612544Difficultsoma_pred_affs/2215 with read ROI [80:1648, 9872:11440, 1232:2800] (1568, 1568, 1568) and write ROI [576:1152, 10368:10944, 1728:2304] (576, 576, 576)
Recording block-done for octoS0SubroiZ15683136Y78409408X1097612544Difficultsoma_pred_affs/5647 with read ROI [80:1648, 9872:11440, 6416:7984] (1568, 1568, 1568) and write ROI [576:1152, 10368:10944, 6912:7488] (576, 576, 576)
Recorded block-done for octoS0SubroiZ15683136Y78409408X1097612544Difficultsoma_pred_affs/5647 with read ROI [80:1648, 9872:11440, 6416:7984] (1568, 1568, 1568) and write ROI [576:1152, 10368:10944, 6912:7488] (576, 576, 576)
Recording block-done for octoS0SubroiZ15683136Y78409408X1097612544Difficultsoma_pred_affs/7961 with read ROI [80:1648, 9872:11440, 8720:10288] (1568, 1568, 1568) and write ROI [576:1152, 10368:10944, 9216:9792] (576, 576, 576)
Recorded block-done for octoS0SubroiZ15683136Y78409408X1097612544Difficultsoma_pred_affs/7961 with read ROI [80:1648, 9872:11440, 8720:10288] (1568, 1568, 1568) and write ROI [576:1152, 10368:10944, 9216:9792] (576, 576, 576)
Recording block-done for octoS0SubroiZ15683136Y78409408X1097612544Difficultsoma_pred_affs/7331 with read ROI [80:1648, 9872:11440, 8144:9712] (1568, 1568, 1568) and write ROI [576:1152, 10368:10944, 8640:9216] (576, 576, 576)
Recorded block-done for octoS0SubroiZ15683136Y78409408X1097612544Difficultsoma_pred_affs/7331 with read ROI [80:1648, 9872:11440, 8144:9712] (1568, 1568, 1568) and write ROI [576:1152, 10368:10944, 8640:9216] (576, 576, 576)
Recording block-done for octoS0SubroiZ15683136Y78409408X1097612544Difficultsoma_pred_affs/3136 with read ROI [80:1648, 10448:12016, 2384:3952] (1568, 1568, 1568) and write ROI [576:1152, 10944:11520, 2880:3456] (576, 576, 576)
Recorded block-done for octoS0SubroiZ15683136Y78409408X1097612544Difficultsoma_pred_affs/3136 with read ROI [80:1648, 10448:12016, 2384:3952] (1568, 1568, 1568) and write ROI [576:1152, 10944:11520, 2880:3456] (576, 576, 576)
Recording block-done for octoS0SubroiZ15683136Y78409408X1097612544Difficultsoma_pred_affs/4706 with read ROI [80:1648, 10448:12016, 4688:6256] (1568, 1568, 1568) and write ROI [576:1152, 10944:11520, 5184:5760] (576, 576, 576)
Recorded block-done for octoS0SubroiZ15683136Y78409408X1097612544Difficultsoma_pred_affs/4706 with read ROI [80:1648, 10448:12016, 4688:6256] (1568, 1568, 1568) and write ROI [576:1152, 10944:11520, 5184:5760] (576, 576, 576)
Recording block-done for octoS0SubroiZ15683136Y78409408X1097612544Difficultsoma_pred_affs/10091 with read ROI [80:1648, 10448:12016, 9872:11440] (1568, 1568, 1568) and write ROI [576:1152, 10944:11520, 10368:10944] (576, 576, 576)
Recorded block-done for octoS0SubroiZ15683136Y78409408X1097612544Difficultsoma_pred_affs/10091 with read ROI [80:1648, 10448:12016, 9872:11440] (1568, 1568, 1568) and write ROI [576:1152, 10944:11520, 10368:10944] (576, 576, 576)
Recording block-done for octoS0SubroiZ15683136Y78409408X1097612544Difficultsoma_pred_affs/68 with read ROI [656:2224, 656:2224, 656:2224] (1568, 1568, 1568) and write ROI [1152:1728, 1152:1728, 1152:1728] (576, 576, 576)
Recorded block-done for octoS0SubroiZ15683136Y78409408X1097612544Difficultsoma_pred_affs/68 with read ROI [656:2224, 656:2224, 656:2224] (1568, 1568, 1568) and write ROI [1152:1728, 1152:1728, 1152:1728] (576, 576, 576)
Recording block-done for octoS0SubroiZ15683136Y78409408X1097612544Difficultsoma_pred_affs/96 with read ROI [656:2224, 656:2224, 1232:2800] (1568, 1568, 1568) and write ROI [1152:1728, 1152:1728, 1728:2304] (576, 576, 576)
Recorded block-done for octoS0SubroiZ15683136Y78409408X1097612544Difficultsoma_pred_affs/96 with read ROI [656:2224, 656:2224, 1232:2800] (1568, 1568, 1568) and write ROI [1152:1728, 1152:1728, 1728:2304] (576, 576, 576)
Recording block-done for octoS0SubroiZ15683136Y78409408X1097612544Difficultsoma_pred_affs/568 with read ROI [656:2224, 80:1648, 5840:7408] (1568, 1568, 1568) and write ROI [1152:1728, 576:1152, 6336:6912] (576, 576, 576)
Recorded block-done for octoS0SubroiZ15683136Y78409408X1097612544Difficultsoma_pred_affs/568 with read ROI [656:2224, 80:1648, 5840:7408] (1568, 1568, 1568) and write ROI [1152:1728, 576:1152, 6336:6912] (576, 576, 576)
Recording block-done for octoS0SubroiZ15683136Y78409408X1097612544Difficultsoma_pred_affs/2032 with read ROI [656:2224, 80:1648, 10448:12016] (1568, 1568, 1568) and write ROI [1152:1728, 576:1152, 10944:11520] (576, 576, 576)
Recorded block-done for octoS0SubroiZ15683136Y78409408X1097612544Difficultsoma_pred_affs/2032 with read ROI [656:2224, 80:1648, 10448:12016] (1568, 1568, 1568) and write ROI [1152:1728, 576:1152, 10944:11520] (576, 576, 576)
Recording block-done for octoS0SubroiZ15683136Y78409408X1097612544Difficultsoma_pred_affs/376 with read ROI [656:2224, 656:2224, 4112:5680] (1568, 1568, 1568) and write ROI [1152:1728, 1152:1728, 4608:5184] (576, 576, 576)
Recorded block-done for octoS0SubroiZ15683136Y78409408X1097612544Difficultsoma_pred_affs/376 with read ROI [656:2224, 656:2224, 4112:5680] (1568, 1568, 1568) and write ROI [1152:1728, 1152:1728, 4608:5184] (576, 576, 576)
Recording block-done for octoS0SubroiZ15683136Y78409408X1097612544Difficultsoma_pred_affs/577 with read ROI [656:2224, 1232:2800, 4688:6256] (1568, 1568, 1568) and write ROI [1152:1728, 1728:2304, 5184:5760] (576, 576, 576)
Recorded block-done for octoS0SubroiZ15683136Y78409408X1097612544Difficultsoma_pred_affs/577 with read ROI [656:2224, 1232:2800, 4688:6256] (1568, 1568, 1568) and write ROI [1152:1728, 1728:2304, 5184:5760] (576, 576, 576)
Recording block-done for octoS0SubroiZ15683136Y78409408X1097612544Difficultsoma_pred_affs/2036 with read ROI [656:2224, 656:2224, 9872:11440] (1568, 1568, 1568) and write ROI [1152:1728, 1152:1728, 10368:10944] (576, 576, 576)
Recorded block-done for octoS0SubroiZ15683136Y78409408X1097612544Difficultsoma_pred_affs/2036 with read ROI [656:2224, 656:2224, 9872:11440] (1568, 1568, 1568) and write ROI [1152:1728, 1152:1728, 10368:10944] (576, 576, 576)
Recording block-done for octoS0SubroiZ15683136Y78409408X1097612544Difficultsoma_pred_affs/73 with read ROI [656:2224, 1232:2800, 80:1648] (1568, 1568, 1568) and write ROI [1152:1728, 1728:2304, 576:1152] (576, 576, 576)
Recorded block-done for octoS0SubroiZ15683136Y78409408X1097612544Difficultsoma_pred_affs/73 with read ROI [656:2224, 1232:2800, 80:1648] (1568, 1568, 1568) and write ROI [1152:1728, 1728:2304, 576:1152] (576, 576, 576)
Recording block-done for octoS0SubroiZ15683136Y78409408X1097612544Difficultsoma_pred_affs/303 with read ROI [656:2224, 1232:2800, 2960:4528] (1568, 1568, 1568) and write ROI [1152:1728, 1728:2304, 3456:4032] (576, 576, 576)
Recorded block-done for octoS0SubroiZ15683136Y78409408X1097612544Difficultsoma_pred_affs/303 with read ROI [656:2224, 1232:2800, 2960:4528] (1568, 1568, 1568) and write ROI [1152:1728, 1728:2304, 3456:4032] (576, 576, 576)
Recording block-done for octoS0SubroiZ15683136Y78409408X1097612544Difficultsoma_pred_affs/981 with read ROI [656:2224, 656:2224, 6992:8560] (1568, 1568, 1568) and write ROI [1152:1728, 1152:1728, 7488:8064] (576, 576, 576)
Recorded block-done for octoS0SubroiZ15683136Y78409408X1097612544Difficultsoma_pred_affs/981 with read ROI [656:2224, 656:2224, 6992:8560] (1568, 1568, 1568) and write ROI [1152:1728, 1152:1728, 7488:8064] (576, 576, 576)
Recording block-done for octoS0SubroiZ15683136Y78409408X1097612544Difficultsoma_pred_affs/188 with read ROI [656:2224, 1808:3376, 1232:2800] (1568, 1568, 1568) and write ROI [1152:1728, 2304:2880, 1728:2304] (576, 576, 576)
Recorded block-done for octoS0SubroiZ15683136Y78409408X1097612544Difficultsoma_pred_affs/188 with read ROI [656:2224, 1808:3376, 1232:2800] (1568, 1568, 1568) and write ROI [1152:1728, 2304:2880, 1728:2304] (576, 576, 576)
Recording block-done for octoS0SubroiZ15683136Y78409408X1097612544Difficultsoma_pred_affs/992 with read ROI [656:2224, 1808:3376, 5840:7408] (1568, 1568, 1568) and write ROI [1152:1728, 2304:2880, 6336:6912] (576, 576, 576)
Recorded block-done for octoS0SubroiZ15683136Y78409408X1097612544Difficultsoma_pred_affs/992 with read ROI [656:2224, 1808:3376, 5840:7408] (1568, 1568, 1568) and write ROI [1152:1728, 2304:2880, 6336:6912] (576, 576, 576)
Recording block-done for octoS0SubroiZ15683136Y78409408X1097612544Difficultsoma_pred_affs/150 with read ROI [656:2224, 2384:3952, 80:1648] (1568, 1568, 1568) and write ROI [1152:1728, 2880:3456, 576:1152] (576, 576, 576)
Recorded block-done for octoS0SubroiZ15683136Y78409408X1097612544Difficultsoma_pred_affs/150 with read ROI [656:2224, 2384:3952, 80:1648] (1568, 1568, 1568) and write ROI [1152:1728, 2880:3456, 576:1152] (576, 576, 576)
Recording block-done for octoS0SubroiZ15683136Y78409408X1097612544Difficultsoma_pred_affs/309 with read ROI [656:2224, 1808:3376, 2384:3952] (1568, 1568, 1568) and write ROI [1152:1728, 2304:2880, 2880:3456] (576, 576, 576)
Recorded block-done for octoS0SubroiZ15683136Y78409408X1097612544Difficultsoma_pred_affs/309 with read ROI [656:2224, 1808:3376, 2384:3952] (1568, 1568, 1568) and write ROI [1152:1728, 2304:2880, 2880:3456] (576, 576, 576)
Recording block-done for octoS0SubroiZ15683136Y78409408X1097612544Difficultsoma_pred_affs/316 with read ROI [656:2224, 2384:3952, 1808:3376] (1568, 1568, 1568) and write ROI [1152:1728, 2880:3456, 2304:2880] (576, 576, 576)
Recorded block-done for octoS0SubroiZ15683136Y78409408X1097612544Difficultsoma_pred_affs/316 with read ROI [656:2224, 2384:3952, 1808:3376] (1568, 1568, 1568) and write ROI [1152:1728, 2880:3456, 2304:2880] (576, 576, 576)
Recording block-done for octoS0SubroiZ15683136Y78409408X1097612544Difficultsoma_pred_affs/1360 with read ROI [656:2224, 2384:3952, 6416:7984] (1568, 1568, 1568) and write ROI [1152:1728, 2880:3456, 6912:7488] (576, 576, 576)
Recorded block-done for octoS0SubroiZ15683136Y78409408X1097612544Difficultsoma_pred_affs/1360 with read ROI [656:2224, 2384:3952, 6416:7984] (1568, 1568, 1568) and write ROI [1152:1728, 2880:3456, 6912:7488] (576, 576, 576)
Recording block-done for octoS0SubroiZ15683136Y78409408X1097612544Difficultsoma_pred_affs/2054 with read ROI [656:2224, 2384:3952, 8144:9712] (1568, 1568, 1568) and write ROI [1152:1728, 2880:3456, 8640:9216] (576, 576, 576)
Recorded block-done for octoS0SubroiZ15683136Y78409408X1097612544Difficultsoma_pred_affs/2054 with read ROI [656:2224, 2384:3952, 8144:9712] (1568, 1568, 1568) and write ROI [1152:1728, 2880:3456, 8640:9216] (576, 576, 576)
Recording block-done for octoS0SubroiZ15683136Y78409408X1097612544Difficultsoma_pred_affs/402 with read ROI [656:2224, 2960:4528, 1808:3376] (1568, 1568, 1568) and write ROI [1152:1728, 3456:4032, 2304:2880] (576, 576, 576)
Recorded block-done for octoS0SubroiZ15683136Y78409408X1097612544Difficultsoma_pred_affs/402 with read ROI [656:2224, 2960:4528, 1808:3376] (1568, 1568, 1568) and write ROI [1152:1728, 3456:4032, 2304:2880] (576, 576, 576)
Recording block-done for octoS0SubroiZ15683136Y78409408X1097612544Difficultsoma_pred_affs/598 with read ROI [656:2224, 2960:4528, 2960:4528] (1568, 1568, 1568) and write ROI [1152:1728, 3456:4032, 3456:4032] (576, 576, 576)
Recorded block-done for octoS0SubroiZ15683136Y78409408X1097612544Difficultsoma_pred_affs/598 with read ROI [656:2224, 2960:4528, 2960:4528] (1568, 1568, 1568) and write ROI [1152:1728, 3456:4032, 3456:4032] (576, 576, 576)
Recording block-done for octoS0SubroiZ15683136Y78409408X1097612544Difficultsoma_pred_affs/607 with read ROI [656:2224, 3536:5104, 2384:3952] (1568, 1568, 1568) and write ROI [1152:1728, 4032:4608, 2880:3456] (576, 576, 576)
Recorded block-done for octoS0SubroiZ15683136Y78409408X1097612544Difficultsoma_pred_affs/607 with read ROI [656:2224, 3536:5104, 2384:3952] (1568, 1568, 1568) and write ROI [1152:1728, 4032:4608, 2880:3456] (576, 576, 576)
Recording block-done for octoS0SubroiZ15683136Y78409408X1097612544Difficultsoma_pred_affs/1818 with read ROI [656:2224, 3536:5104, 6416:7984] (1568, 1568, 1568) and write ROI [1152:1728, 4032:4608, 6912:7488] (576, 576, 576)
Recorded block-done for octoS0SubroiZ15683136Y78409408X1097612544Difficultsoma_pred_affs/1818 with read ROI [656:2224, 3536:5104, 6416:7984] (1568, 1568, 1568) and write ROI [1152:1728, 4032:4608, 6912:7488] (576, 576, 576)
Recording block-done for octoS0SubroiZ15683136Y78409408X1097612544Difficultsoma_pred_affs/617 with read ROI [656:2224, 4112:5680, 1808:3376] (1568, 1568, 1568) and write ROI [1152:1728, 4608:5184, 2304:2880] (576, 576, 576)
Recorded block-done for octoS0SubroiZ15683136Y78409408X1097612544Difficultsoma_pred_affs/617 with read ROI [656:2224, 4112:5680, 1808:3376] (1568, 1568, 1568) and write ROI [1152:1728, 4608:5184, 2304:2880] (576, 576, 576)
Recording block-done for octoS0SubroiZ15683136Y78409408X1097612544Difficultsoma_pred_affs/1828 with read ROI [656:2224, 4112:5680, 5840:7408] (1568, 1568, 1568) and write ROI [1152:1728, 4608:5184, 6336:6912] (576, 576, 576)
Recorded block-done for octoS0SubroiZ15683136Y78409408X1097612544Difficultsoma_pred_affs/1828 with read ROI [656:2224, 4112:5680, 5840:7408] (1568, 1568, 1568) and write ROI [1152:1728, 4608:5184, 6336:6912] (576, 576, 576)
Recording block-done for octoS0SubroiZ15683136Y78409408X1097612544Difficultsoma_pred_affs/1026 with read ROI [656:2224, 4112:5680, 3536:5104] (1568, 1568, 1568) and write ROI [1152:1728, 4608:5184, 4032:4608] (576, 576, 576)
Recorded block-done for octoS0SubroiZ15683136Y78409408X1097612544Difficultsoma_pred_affs/1026 with read ROI [656:2224, 4112:5680, 3536:5104] (1568, 1568, 1568) and write ROI [1152:1728, 4608:5184, 4032:4608] (576, 576, 576)
Recording block-done for octoS0SubroiZ15683136Y78409408X1097612544Difficultsoma_pred_affs/4117 with read ROI [656:2224, 4112:5680, 9872:11440] (1568, 1568, 1568) and write ROI [1152:1728, 4608:5184, 10368:10944] (576, 576, 576)
Recorded block-done for octoS0SubroiZ15683136Y78409408X1097612544Difficultsoma_pred_affs/4117 with read ROI [656:2224, 4112:5680, 9872:11440] (1568, 1568, 1568) and write ROI [1152:1728, 4608:5184, 10368:10944] (576, 576, 576)
Recording block-done for octoS0SubroiZ15683136Y78409408X1097612544Difficultsoma_pred_affs/4552 with read ROI [656:2224, 4112:5680, 10448:12016] (1568, 1568, 1568) and write ROI [1152:1728, 4608:5184, 10944:11520] (576, 576, 576)
Recorded block-done for octoS0SubroiZ15683136Y78409408X1097612544Difficultsoma_pred_affs/4552 with read ROI [656:2224, 4112:5680, 10448:12016] (1568, 1568, 1568) and write ROI [1152:1728, 4608:5184, 10944:11520] (576, 576, 576)
Recording block-done for octoS0SubroiZ15683136Y78409408X1097612544Difficultsoma_pred_affs/748 with read ROI [656:2224, 4688:6256, 1808:3376] (1568, 1568, 1568) and write ROI [1152:1728, 5184:5760, 2304:2880] (576, 576, 576)
Recorded block-done for octoS0SubroiZ15683136Y78409408X1097612544Difficultsoma_pred_affs/748 with read ROI [656:2224, 4688:6256, 1808:3376] (1568, 1568, 1568) and write ROI [1152:1728, 5184:5760, 2304:2880] (576, 576, 576)
Recording block-done for octoS0SubroiZ15683136Y78409408X1097612544Difficultsoma_pred_affs/2368 with read ROI [656:2224, 4688:6256, 6416:7984] (1568, 1568, 1568) and write ROI [1152:1728, 5184:5760, 6912:7488] (576, 576, 576)
Recorded block-done for octoS0SubroiZ15683136Y78409408X1097612544Difficultsoma_pred_affs/2368 with read ROI [656:2224, 4688:6256, 6416:7984] (1568, 1568, 1568) and write ROI [1152:1728, 5184:5760, 6912:7488] (576, 576, 576)
Recording block-done for octoS0SubroiZ15683136Y78409408X1097612544Difficultsoma_pred_affs/3344 with read ROI [656:2224, 4688:6256, 8144:9712] (1568, 1568, 1568) and write ROI [1152:1728, 5184:5760, 8640:9216] (576, 576, 576)
Recorded block-done for octoS0SubroiZ15683136Y78409408X1097612544Difficultsoma_pred_affs/3344 with read ROI [656:2224, 4688:6256, 8144:9712] (1568, 1568, 1568) and write ROI [1152:1728, 5184:5760, 8640:9216] (576, 576, 576)
Recording block-done for octoS0SubroiZ15683136Y78409408X1097612544Difficultsoma_pred_affs/5028 with read ROI [656:2224, 4688:6256, 10448:12016] (1568, 1568, 1568) and write ROI [1152:1728, 5184:5760, 10944:11520] (576, 576, 576)
Recorded block-done for octoS0SubroiZ15683136Y78409408X1097612544Difficultsoma_pred_affs/5028 with read ROI [656:2224, 4688:6256, 10448:12016] (1568, 1568, 1568) and write ROI [1152:1728, 5184:5760, 10944:11520] (576, 576, 576)
Recording block-done for octoS0SubroiZ15683136Y78409408X1097612544Difficultsoma_pred_affs/760 with read ROI [656:2224, 5264:6832, 1232:2800] (1568, 1568, 1568) and write ROI [1152:1728, 5760:6336, 1728:2304] (576, 576, 576)
Recorded block-done for octoS0SubroiZ15683136Y78409408X1097612544Difficultsoma_pred_affs/760 with read ROI [656:2224, 5264:6832, 1232:2800] (1568, 1568, 1568) and write ROI [1152:1728, 5760:6336, 1728:2304] (576, 576, 576)
Recording block-done for octoS0SubroiZ15683136Y78409408X1097612544Difficultsoma_pred_affs/1410 with read ROI [656:2224, 5264:6832, 3536:5104] (1568, 1568, 1568) and write ROI [1152:1728, 5760:6336, 4032:4608] (576, 576, 576)
Recorded block-done for octoS0SubroiZ15683136Y78409408X1097612544Difficultsoma_pred_affs/1410 with read ROI [656:2224, 5264:6832, 3536:5104] (1568, 1568, 1568) and write ROI [1152:1728, 5760:6336, 4032:4608] (576, 576, 576)
Recording block-done for octoS0SubroiZ15683136Y78409408X1097612544Difficultsoma_pred_affs/3356 with read ROI [656:2224, 5264:6832, 7568:9136] (1568, 1568, 1568) and write ROI [1152:1728, 5760:6336, 8064:8640] (576, 576, 576)
Recorded block-done for octoS0SubroiZ15683136Y78409408X1097612544Difficultsoma_pred_affs/3356 with read ROI [656:2224, 5264:6832, 7568:9136] (1568, 1568, 1568) and write ROI [1152:1728, 5760:6336, 8064:8640] (576, 576, 576)
Recording block-done for octoS0SubroiZ15683136Y78409408X1097612544Difficultsoma_pred_affs/773 with read ROI [656:2224, 5840:7408, 656:2224] (1568, 1568, 1568) and write ROI [1152:1728, 6336:6912, 1152:1728] (576, 576, 576)
Recorded block-done for octoS0SubroiZ15683136Y78409408X1097612544Difficultsoma_pred_affs/773 with read ROI [656:2224, 5840:7408, 656:2224] (1568, 1568, 1568) and write ROI [1152:1728, 6336:6912, 1152:1728] (576, 576, 576)
Recording block-done for octoS0SubroiZ15683136Y78409408X1097612544Difficultsoma_pred_affs/1233 with read ROI [656:2224, 5840:7408, 2384:3952] (1568, 1568, 1568) and write ROI [1152:1728, 6336:6912, 2880:3456] (576, 576, 576)
Recorded block-done for octoS0SubroiZ15683136Y78409408X1097612544Difficultsoma_pred_affs/1233 with read ROI [656:2224, 5840:7408, 2384:3952] (1568, 1568, 1568) and write ROI [1152:1728, 6336:6912, 2880:3456] (576, 576, 576)
Recording block-done for octoS0SubroiZ15683136Y78409408X1097612544Difficultsoma_pred_affs/1076 with read ROI [656:2224, 6416:7984, 1232:2800] (1568, 1568, 1568) and write ROI [1152:1728, 6912:7488, 1728:2304] (576, 576, 576)
Recorded block-done for octoS0SubroiZ15683136Y78409408X1097612544Difficultsoma_pred_affs/1076 with read ROI [656:2224, 6416:7984, 1232:2800] (1568, 1568, 1568) and write ROI [1152:1728, 6912:7488, 1728:2304] (576, 576, 576)
Recording block-done for octoS0SubroiZ15683136Y78409408X1097612544Difficultsoma_pred_affs/2393 with read ROI [656:2224, 5840:7408, 5264:6832] (1568, 1568, 1568) and write ROI [1152:1728, 6336:6912, 5760:6336] (576, 576, 576)
Recorded block-done for octoS0SubroiZ15683136Y78409408X1097612544Difficultsoma_pred_affs/2393 with read ROI [656:2224, 5840:7408, 5264:6832] (1568, 1568, 1568) and write ROI [1152:1728, 6336:6912, 5760:6336] (576, 576, 576)
Recording block-done for octoS0SubroiZ15683136Y78409408X1097612544Difficultsoma_pred_affs/4153 with read ROI [656:2224, 5840:7408, 8144:9712] (1568, 1568, 1568) and write ROI [1152:1728, 6336:6912, 8640:9216] (576, 576, 576)
Recorded block-done for octoS0SubroiZ15683136Y78409408X1097612544Difficultsoma_pred_affs/4153 with read ROI [656:2224, 5840:7408, 8144:9712] (1568, 1568, 1568) and write ROI [1152:1728, 6336:6912, 8640:9216] (576, 576, 576)
Recording block-done for octoS0SubroiZ15683136Y78409408X1097612544Difficultsoma_pred_affs/3032 with read ROI [656:2224, 6416:7984, 5840:7408] (1568, 1568, 1568) and write ROI [1152:1728, 6912:7488, 6336:6912] (576, 576, 576)
Recorded block-done for octoS0SubroiZ15683136Y78409408X1097612544Difficultsoma_pred_affs/3032 with read ROI [656:2224, 6416:7984, 5840:7408] (1568, 1568, 1568) and write ROI [1152:1728, 6912:7488, 6336:6912] (576, 576, 576)
Recording block-done for octoS0SubroiZ15683136Y78409408X1097612544Difficultsoma_pred_affs/3761 with read ROI [656:2224, 6416:7984, 6992:8560] (1568, 1568, 1568) and write ROI [1152:1728, 6912:7488, 7488:8064] (576, 576, 576)
Recorded block-done for octoS0SubroiZ15683136Y78409408X1097612544Difficultsoma_pred_affs/3761 with read ROI [656:2224, 6416:7984, 6992:8560] (1568, 1568, 1568) and write ROI [1152:1728, 6912:7488, 7488:8064] (576, 576, 576)
Recording block-done for octoS0SubroiZ15683136Y78409408X1097612544Difficultsoma_pred_affs/5563 with read ROI [656:2224, 6416:7984, 9296:10864] (1568, 1568, 1568) and write ROI [1152:1728, 6912:7488, 9792:10368] (576, 576, 576)
Recorded block-done for octoS0SubroiZ15683136Y78409408X1097612544Difficultsoma_pred_affs/5563 with read ROI [656:2224, 6416:7984, 9296:10864] (1568, 1568, 1568) and write ROI [1152:1728, 6912:7488, 9792:10368] (576, 576, 576)
Recording block-done for octoS0SubroiZ15683136Y78409408X1097612544Difficultsoma_pred_affs/2722 with read ROI [656:2224, 6992:8560, 4688:6256] (1568, 1568, 1568) and write ROI [1152:1728, 7488:8064, 5184:5760] (576, 576, 576)
Recorded block-done for octoS0SubroiZ15683136Y78409408X1097612544Difficultsoma_pred_affs/2722 with read ROI [656:2224, 6992:8560, 4688:6256] (1568, 1568, 1568) and write ROI [1152:1728, 7488:8064, 5184:5760] (576, 576, 576)
Recording block-done for octoS0SubroiZ15683136Y78409408X1097612544Difficultsoma_pred_affs/6106 with read ROI [656:2224, 6992:8560, 9296:10864] (1568, 1568, 1568) and write ROI [1152:1728, 7488:8064, 9792:10368] (576, 576, 576)
Recorded block-done for octoS0SubroiZ15683136Y78409408X1097612544Difficultsoma_pred_affs/6106 with read ROI [656:2224, 6992:8560, 9296:10864] (1568, 1568, 1568) and write ROI [1152:1728, 7488:8064, 9792:10368] (576, 576, 576)
Recording block-done for octoS0SubroiZ15683136Y78409408X1097612544Difficultsoma_pred_affs/7262 with read ROI [656:2224, 6992:8560, 10448:12016] (1568, 1568, 1568) and write ROI [1152:1728, 7488:8064, 10944:11520] (576, 576, 576)
Recorded block-done for octoS0SubroiZ15683136Y78409408X1097612544Difficultsoma_pred_affs/7262 with read ROI [656:2224, 6992:8560, 10448:12016] (1568, 1568, 1568) and write ROI [1152:1728, 7488:8064, 10944:11520] (576, 576, 576)
Recording block-done for octoS0SubroiZ15683136Y78409408X1097612544Difficultsoma_pred_affs/2146 with read ROI [656:2224, 6992:8560, 3536:5104] (1568, 1568, 1568) and write ROI [1152:1728, 7488:8064, 4032:4608] (576, 576, 576)
Recorded block-done for octoS0SubroiZ15683136Y78409408X1097612544Difficultsoma_pred_affs/2146 with read ROI [656:2224, 6992:8560, 3536:5104] (1568, 1568, 1568) and write ROI [1152:1728, 7488:8064, 4032:4608] (576, 576, 576)
Recording block-done for octoS0SubroiZ15683136Y78409408X1097612544Difficultsoma_pred_affs/1468 with read ROI [656:2224, 7568:9136, 1232:2800] (1568, 1568, 1568) and write ROI [1152:1728, 8064:8640, 1728:2304] (576, 576, 576)
Recorded block-done for octoS0SubroiZ15683136Y78409408X1097612544Difficultsoma_pred_affs/1468 with read ROI [656:2224, 7568:9136, 1232:2800] (1568, 1568, 1568) and write ROI [1152:1728, 8064:8640, 1728:2304] (576, 576, 576)
Recording block-done for octoS0SubroiZ15683136Y78409408X1097612544Difficultsoma_pred_affs/1695 with read ROI [656:2224, 8144:9712, 1232:2800] (1568, 1568, 1568) and write ROI [1152:1728, 8640:9216, 1728:2304] (576, 576, 576)
Recorded block-done for octoS0SubroiZ15683136Y78409408X1097612544Difficultsoma_pred_affs/1695 with read ROI [656:2224, 8144:9712, 1232:2800] (1568, 1568, 1568) and write ROI [1152:1728, 8640:9216, 1728:2304] (576, 576, 576)
Recording block-done for octoS0SubroiZ15683136Y78409408X1097612544Difficultsoma_pred_affs/1295 with read ROI [656:2224, 8144:9712, 80:1648] (1568, 1568, 1568) and write ROI [1152:1728, 8640:9216, 576:1152] (576, 576, 576)
Recorded block-done for octoS0SubroiZ15683136Y78409408X1097612544Difficultsoma_pred_affs/1295 with read ROI [656:2224, 8144:9712, 80:1648] (1568, 1568, 1568) and write ROI [1152:1728, 8640:9216, 576:1152] (576, 576, 576)
Recording block-done for octoS0SubroiZ15683136Y78409408X1097612544Difficultsoma_pred_affs/3431 with read ROI [656:2224, 8144:9712, 4688:6256] (1568, 1568, 1568) and write ROI [1152:1728, 8640:9216, 5184:5760] (576, 576, 576)
Recorded block-done for octoS0SubroiZ15683136Y78409408X1097612544Difficultsoma_pred_affs/3431 with read ROI [656:2224, 8144:9712, 4688:6256] (1568, 1568, 1568) and write ROI [1152:1728, 8640:9216, 5184:5760] (576, 576, 576)
Recording block-done for octoS0SubroiZ15683136Y78409408X1097612544Difficultsoma_pred_affs/1713 with read ROI [656:2224, 8720:10288, 656:2224] (1568, 1568, 1568) and write ROI [1152:1728, 9216:9792, 1152:1728] (576, 576, 576)
Recorded block-done for octoS0SubroiZ15683136Y78409408X1097612544Difficultsoma_pred_affs/1713 with read ROI [656:2224, 8720:10288, 656:2224] (1568, 1568, 1568) and write ROI [1152:1728, 9216:9792, 1152:1728] (576, 576, 576)
Recording block-done for octoS0SubroiZ15683136Y78409408X1097612544Difficultsoma_pred_affs/5115 with read ROI [656:2224, 8144:9712, 6992:8560] (1568, 1568, 1568) and write ROI [1152:1728, 8640:9216, 7488:8064] (576, 576, 576)
Recorded block-done for octoS0SubroiZ15683136Y78409408X1097612544Difficultsoma_pred_affs/5115 with read ROI [656:2224, 8144:9712, 6992:8560] (1568, 1568, 1568) and write ROI [1152:1728, 8640:9216, 7488:8064] (576, 576, 576)
Recording block-done for octoS0SubroiZ15683136Y78409408X1097612544Difficultsoma_pred_affs/3449 with read ROI [656:2224, 8720:10288, 4112:5680] (1568, 1568, 1568) and write ROI [1152:1728, 9216:9792, 4608:5184] (576, 576, 576)
Recorded block-done for octoS0SubroiZ15683136Y78409408X1097612544Difficultsoma_pred_affs/3449 with read ROI [656:2224, 8720:10288, 4112:5680] (1568, 1568, 1568) and write ROI [1152:1728, 9216:9792, 4608:5184] (576, 576, 576)
Recording block-done for octoS0SubroiZ15683136Y78409408X1097612544Difficultsoma_pred_affs/5133 with read ROI [656:2224, 8720:10288, 6416:7984] (1568, 1568, 1568) and write ROI [1152:1728, 9216:9792, 6912:7488] (576, 576, 576)
Recorded block-done for octoS0SubroiZ15683136Y78409408X1097612544Difficultsoma_pred_affs/5133 with read ROI [656:2224, 8720:10288, 6416:7984] (1568, 1568, 1568) and write ROI [1152:1728, 9216:9792, 6912:7488] (576, 576, 576)
Recording block-done for octoS0SubroiZ15683136Y78409408X1097612544Difficultsoma_pred_affs/2792 with read ROI [656:2224, 9296:10864, 2384:3952] (1568, 1568, 1568) and write ROI [1152:1728, 9792:10368, 2880:3456] (576, 576, 576)
Recorded block-done for octoS0SubroiZ15683136Y78409408X1097612544Difficultsoma_pred_affs/2792 with read ROI [656:2224, 9296:10864, 2384:3952] (1568, 1568, 1568) and write ROI [1152:1728, 9792:10368, 2880:3456] (576, 576, 576)
Recording block-done for octoS0SubroiZ15683136Y78409408X1097612544Difficultsoma_pred_affs/3846 with read ROI [656:2224, 9296:10864, 4112:5680] (1568, 1568, 1568) and write ROI [1152:1728, 9792:10368, 4608:5184] (576, 576, 576)
Recorded block-done for octoS0SubroiZ15683136Y78409408X1097612544Difficultsoma_pred_affs/3846 with read ROI [656:2224, 9296:10864, 4112:5680] (1568, 1568, 1568) and write ROI [1152:1728, 9792:10368, 4608:5184] (576, 576, 576)
Recording block-done for octoS0SubroiZ15683136Y78409408X1097612544Difficultsoma_pred_affs/6737 with read ROI [656:2224, 9296:10864, 7568:9136] (1568, 1568, 1568) and write ROI [1152:1728, 9792:10368, 8064:8640] (576, 576, 576)
Recorded block-done for octoS0SubroiZ15683136Y78409408X1097612544Difficultsoma_pred_affs/6737 with read ROI [656:2224, 9296:10864, 7568:9136] (1568, 1568, 1568) and write ROI [1152:1728, 9792:10368, 8064:8640] (576, 576, 576)
Recording block-done for octoS0SubroiZ15683136Y78409408X1097612544Difficultsoma_pred_affs/8628 with read ROI [656:2224, 9296:10864, 9296:10864] (1568, 1568, 1568) and write ROI [1152:1728, 9792:10368, 9792:10368] (576, 576, 576)
Recorded block-done for octoS0SubroiZ15683136Y78409408X1097612544Difficultsoma_pred_affs/8628 with read ROI [656:2224, 9296:10864, 9296:10864] (1568, 1568, 1568) and write ROI [1152:1728, 9792:10368, 9792:10368] (576, 576, 576)
Recording block-done for octoS0SubroiZ15683136Y78409408X1097612544Difficultsoma_pred_affs/4272 with read ROI [656:2224, 9872:11440, 4112:5680] (1568, 1568, 1568) and write ROI [1152:1728, 10368:10944, 4608:5184] (576, 576, 576)
Recorded block-done for octoS0SubroiZ15683136Y78409408X1097612544Difficultsoma_pred_affs/4272 with read ROI [656:2224, 9872:11440, 4112:5680] (1568, 1568, 1568) and write ROI [1152:1728, 10368:10944, 4608:5184] (576, 576, 576)
Recording block-done for octoS0SubroiZ15683136Y78409408X1097612544Difficultsoma_pred_affs/5172 with read ROI [656:2224, 9872:11440, 5264:6832] (1568, 1568, 1568) and write ROI [1152:1728, 10368:10944, 5760:6336] (576, 576, 576)
Recorded block-done for octoS0SubroiZ15683136Y78409408X1097612544Difficultsoma_pred_affs/5172 with read ROI [656:2224, 9872:11440, 5264:6832] (1568, 1568, 1568) and write ROI [1152:1728, 10368:10944, 5760:6336] (576, 576, 576)
Recording block-done for octoS0SubroiZ15683136Y78409408X1097612544Difficultsoma_pred_affs/2257 with read ROI [656:2224, 10448:12016, 80:1648] (1568, 1568, 1568) and write ROI [1152:1728, 10944:11520, 576:1152] (576, 576, 576)
Recorded block-done for octoS0SubroiZ15683136Y78409408X1097612544Difficultsoma_pred_affs/2257 with read ROI [656:2224, 10448:12016, 80:1648] (1568, 1568, 1568) and write ROI [1152:1728, 10944:11520, 576:1152] (576, 576, 576)
Recording block-done for octoS0SubroiZ15683136Y78409408X1097612544Difficultsoma_pred_affs/3509 with read ROI [656:2224, 10448:12016, 2384:3952] (1568, 1568, 1568) and write ROI [1152:1728, 10944:11520, 2880:3456] (576, 576, 576)
Recorded block-done for octoS0SubroiZ15683136Y78409408X1097612544Difficultsoma_pred_affs/3509 with read ROI [656:2224, 10448:12016, 2384:3952] (1568, 1568, 1568) and write ROI [1152:1728, 10944:11520, 2880:3456] (576, 576, 576)
Recording block-done for octoS0SubroiZ15683136Y78409408X1097612544Difficultsoma_pred_affs/7982 with read ROI [656:2224, 9872:11440, 8144:9712] (1568, 1568, 1568) and write ROI [1152:1728, 10368:10944, 8640:9216] (576, 576, 576)
Recorded block-done for octoS0SubroiZ15683136Y78409408X1097612544Difficultsoma_pred_affs/7982 with read ROI [656:2224, 9872:11440, 8144:9712] (1568, 1568, 1568) and write ROI [1152:1728, 10368:10944, 8640:9216] (576, 576, 576)
Recording block-done for octoS0SubroiZ15683136Y78409408X1097612544Difficultsoma_pred_affs/7373 with read ROI [656:2224, 10448:12016, 6992:8560] (1568, 1568, 1568) and write ROI [1152:1728, 10944:11520, 7488:8064] (576, 576, 576)
Recorded block-done for octoS0SubroiZ15683136Y78409408X1097612544Difficultsoma_pred_affs/7373 with read ROI [656:2224, 10448:12016, 6992:8560] (1568, 1568, 1568) and write ROI [1152:1728, 10944:11520, 7488:8064] (576, 576, 576)
Recording block-done for octoS0SubroiZ15683136Y78409408X1097612544Difficultsoma_pred_affs/8669 with read ROI [656:2224, 10448:12016, 8144:9712] (1568, 1568, 1568) and write ROI [1152:1728, 10944:11520, 8640:9216] (576, 576, 576)
Recorded block-done for octoS0SubroiZ15683136Y78409408X1097612544Difficultsoma_pred_affs/8669 with read ROI [656:2224, 10448:12016, 8144:9712] (1568, 1568, 1568) and write ROI [1152:1728, 10944:11520, 8640:9216] (576, 576, 576)
Recording block-done for octoS0SubroiZ15683136Y78409408X1097612544Difficultsoma_pred_affs/69 with read ROI [1232:2800, 80:1648, 656:2224] (1568, 1568, 1568) and write ROI [1728:2304, 576:1152, 1152:1728] (576, 576, 576)
Recorded block-done for octoS0SubroiZ15683136Y78409408X1097612544Difficultsoma_pred_affs/69 with read ROI [1232:2800, 80:1648, 656:2224] (1568, 1568, 1568) and write ROI [1728:2304, 576:1152, 1152:1728] (576, 576, 576)
Recording block-done for octoS0SubroiZ15683136Y78409408X1097612544Difficultsoma_pred_affs/693 with read ROI [1232:2800, 80:1648, 5840:7408] (1568, 1568, 1568) and write ROI [1728:2304, 576:1152, 6336:6912] (576, 576, 576)
Recorded block-done for octoS0SubroiZ15683136Y78409408X1097612544Difficultsoma_pred_affs/693 with read ROI [1232:2800, 80:1648, 5840:7408] (1568, 1568, 1568) and write ROI [1728:2304, 576:1152, 6336:6912] (576, 576, 576)
Recording block-done for octoS0SubroiZ15683136Y78409408X1097612544Difficultsoma_pred_affs/2037 with read ROI [1232:2800, 80:1648, 9872:11440] (1568, 1568, 1568) and write ROI [1728:2304, 576:1152, 10368:10944] (576, 576, 576)
Recorded block-done for octoS0SubroiZ15683136Y78409408X1097612544Difficultsoma_pred_affs/2037 with read ROI [1232:2800, 80:1648, 9872:11440] (1568, 1568, 1568) and write ROI [1728:2304, 576:1152, 10368:10944] (576, 576, 576)
Recording block-done for octoS0SubroiZ15683136Y78409408X1097612544Difficultsoma_pred_affs/299 with read ROI [1232:2800, 80:1648, 3536:5104] (1568, 1568, 1568) and write ROI [1728:2304, 576:1152, 4032:4608] (576, 576, 576)
Recorded block-done for octoS0SubroiZ15683136Y78409408X1097612544Difficultsoma_pred_affs/299 with read ROI [1232:2800, 80:1648, 3536:5104] (1568, 1568, 1568) and write ROI [1728:2304, 576:1152, 4032:4608] (576, 576, 576)
Recording block-done for octoS0SubroiZ15683136Y78409408X1097612544Difficultsoma_pred_affs/982 with read ROI [1232:2800, 80:1648, 6992:8560] (1568, 1568, 1568) and write ROI [1728:2304, 576:1152, 7488:8064] (576, 576, 576)
Recorded block-done for octoS0SubroiZ15683136Y78409408X1097612544Difficultsoma_pred_affs/982 with read ROI [1232:2800, 80:1648, 6992:8560] (1568, 1568, 1568) and write ROI [1728:2304, 576:1152, 7488:8064] (576, 576, 576)
Recording block-done for octoS0SubroiZ15683136Y78409408X1097612544Difficultsoma_pred_affs/189 with read ROI [1232:2800, 1232:2800, 1232:2800] (1568, 1568, 1568) and write ROI [1728:2304, 1728:2304, 1728:2304] (576, 576, 576)
Recorded block-done for octoS0SubroiZ15683136Y78409408X1097612544Difficultsoma_pred_affs/189 with read ROI [1232:2800, 1232:2800, 1232:2800] (1568, 1568, 1568) and write ROI [1728:2304, 1728:2304, 1728:2304] (576, 576, 576)
Recording block-done for octoS0SubroiZ15683136Y78409408X1097612544Difficultsoma_pred_affs/834 with read ROI [1232:2800, 656:2224, 5840:7408] (1568, 1568, 1568) and write ROI [1728:2304, 1152:1728, 6336:6912] (576, 576, 576)
Recorded block-done for octoS0SubroiZ15683136Y78409408X1097612544Difficultsoma_pred_affs/834 with read ROI [1232:2800, 656:2224, 5840:7408] (1568, 1568, 1568) and write ROI [1728:2304, 1152:1728, 6336:6912] (576, 576, 576)
Recording block-done for octoS0SubroiZ15683136Y78409408X1097612544Difficultsoma_pred_affs/584 with read ROI [1232:2800, 1232:2800, 4112:5680] (1568, 1568, 1568) and write ROI [1728:2304, 1728:2304, 4608:5184] (576, 576, 576)
Recorded block-done for octoS0SubroiZ15683136Y78409408X1097612544Difficultsoma_pred_affs/584 with read ROI [1232:2800, 1232:2800, 4112:5680] (1568, 1568, 1568) and write ROI [1728:2304, 1728:2304, 4608:5184] (576, 576, 576)
Recording block-done for octoS0SubroiZ15683136Y78409408X1097612544Difficultsoma_pred_affs/1348 with read ROI [1232:2800, 656:2224, 7568:9136] (1568, 1568, 1568) and write ROI [1728:2304, 1152:1728, 8064:8640] (576, 576, 576)
Recorded block-done for octoS0SubroiZ15683136Y78409408X1097612544Difficultsoma_pred_affs/1348 with read ROI [1232:2800, 656:2224, 7568:9136] (1568, 1568, 1568) and write ROI [1728:2304, 1152:1728, 8064:8640] (576, 576, 576)
Recording block-done for octoS0SubroiZ15683136Y78409408X1097612544Difficultsoma_pred_affs/1795 with read ROI [1232:2800, 1232:2800, 8144:9712] (1568, 1568, 1568) and write ROI [1728:2304, 1728:2304, 8640:9216] (576, 576, 576)
Recorded block-done for octoS0SubroiZ15683136Y78409408X1097612544Difficultsoma_pred_affs/1795 with read ROI [1232:2800, 1232:2800, 8144:9712] (1568, 1568, 1568) and write ROI [1728:2304, 1728:2304, 8640:9216] (576, 576, 576)
Recording block-done for octoS0SubroiZ15683136Y78409408X1097612544Difficultsoma_pred_affs/2624 with read ROI [1232:2800, 1232:2800, 9872:11440] (1568, 1568, 1568) and write ROI [1728:2304, 1728:2304, 10368:10944] (576, 576, 576)
Recorded block-done for octoS0SubroiZ15683136Y78409408X1097612544Difficultsoma_pred_affs/2624 with read ROI [1232:2800, 1232:2800, 9872:11440] (1568, 1568, 1568) and write ROI [1728:2304, 1728:2304, 10368:10944] (576, 576, 576)
Recording block-done for octoS0SubroiZ15683136Y78409408X1097612544Difficultsoma_pred_affs/3307 with read ROI [1232:2800, 1808:3376, 10448:12016] (1568, 1568, 1568) and write ROI [1728:2304, 2304:2880, 10944:11520] (576, 576, 576)
Recorded block-done for octoS0SubroiZ15683136Y78409408X1097612544Difficultsoma_pred_affs/3307 with read ROI [1232:2800, 1808:3376, 10448:12016] (1568, 1568, 1568) and write ROI [1728:2304, 2304:2880, 10944:11520] (576, 576, 576)
Recording block-done for octoS0SubroiZ15683136Y78409408X1097612544Difficultsoma_pred_affs/325 with read ROI [1232:2800, 2384:3952, 1232:2800] (1568, 1568, 1568) and write ROI [1728:2304, 2880:3456, 1728:2304] (576, 576, 576)
Recorded block-done for octoS0SubroiZ15683136Y78409408X1097612544Difficultsoma_pred_affs/325 with read ROI [1232:2800, 2384:3952, 1232:2800] (1568, 1568, 1568) and write ROI [1728:2304, 2880:3456, 1728:2304] (576, 576, 576)
Recording block-done for octoS0SubroiZ15683136Y78409408X1097612544Difficultsoma_pred_affs/711 with read ROI [1232:2800, 1808:3376, 4112:5680] (1568, 1568, 1568) and write ROI [1728:2304, 2304:2880, 4608:5184] (576, 576, 576)
Recorded block-done for octoS0SubroiZ15683136Y78409408X1097612544Difficultsoma_pred_affs/711 with read ROI [1232:2800, 1808:3376, 4112:5680] (1568, 1568, 1568) and write ROI [1728:2304, 2304:2880, 4608:5184] (576, 576, 576)
Recording block-done for octoS0SubroiZ15683136Y78409408X1097612544Difficultsoma_pred_affs/486 with read ROI [1232:2800, 1808:3376, 2960:4528] (1568, 1568, 1568) and write ROI [1728:2304, 2304:2880, 3456:4032] (576, 576, 576)
Recorded block-done for octoS0SubroiZ15683136Y78409408X1097612544Difficultsoma_pred_affs/486 with read ROI [1232:2800, 1808:3376, 2960:4528] (1568, 1568, 1568) and write ROI [1728:2304, 2304:2880, 3456:4032] (576, 576, 576)
Recording block-done for octoS0SubroiZ15683136Y78409408X1097612544Difficultsoma_pred_affs/1802 with read ROI [1232:2800, 1808:3376, 7568:9136] (1568, 1568, 1568) and write ROI [1728:2304, 2304:2880, 8064:8640] (576, 576, 576)
Recorded block-done for octoS0SubroiZ15683136Y78409408X1097612544Difficultsoma_pred_affs/1802 with read ROI [1232:2800, 1808:3376, 7568:9136] (1568, 1568, 1568) and write ROI [1728:2304, 2304:2880, 8064:8640] (576, 576, 576)
Recording block-done for octoS0SubroiZ15683136Y78409408X1097612544Difficultsoma_pred_affs/1369 with read ROI [1232:2800, 2384:3952, 5840:7408] (1568, 1568, 1568) and write ROI [1728:2304, 2880:3456, 6336:6912] (576, 576, 576)
Recorded block-done for octoS0SubroiZ15683136Y78409408X1097612544Difficultsoma_pred_affs/1369 with read ROI [1232:2800, 2384:3952, 5840:7408] (1568, 1568, 1568) and write ROI [1728:2304, 2880:3456, 6336:6912] (576, 576, 576)
Recording block-done for octoS0SubroiZ15683136Y78409408X1097612544Difficultsoma_pred_affs/2964 with read ROI [1232:2800, 2384:3952, 9296:10864] (1568, 1568, 1568) and write ROI [1728:2304, 2880:3456, 9792:10368] (576, 576, 576)
Recorded block-done for octoS0SubroiZ15683136Y78409408X1097612544Difficultsoma_pred_affs/2964 with read ROI [1232:2800, 2384:3952, 9296:10864] (1568, 1568, 1568) and write ROI [1728:2304, 2880:3456, 9792:10368] (576, 576, 576)
Recording block-done for octoS0SubroiZ15683136Y78409408X1097612544Difficultsoma_pred_affs/3702 with read ROI [1232:2800, 2960:4528, 9872:11440] (1568, 1568, 1568) and write ROI [1728:2304, 3456:4032, 10368:10944] (576, 576, 576)
Recorded block-done for octoS0SubroiZ15683136Y78409408X1097612544Difficultsoma_pred_affs/3702 with read ROI [1232:2800, 2960:4528, 9872:11440] (1568, 1568, 1568) and write ROI [1728:2304, 3456:4032, 10368:10944] (576, 576, 576)
Recording block-done for octoS0SubroiZ15683136Y78409408X1097612544Difficultsoma_pred_affs/1378 with read ROI [1232:2800, 2960:4528, 5264:6832] (1568, 1568, 1568) and write ROI [1728:2304, 3456:4032, 5760:6336] (576, 576, 576)
Recorded block-done for octoS0SubroiZ15683136Y78409408X1097612544Difficultsoma_pred_affs/1378 with read ROI [1232:2800, 2960:4528, 5264:6832] (1568, 1568, 1568) and write ROI [1728:2304, 3456:4032, 5760:6336] (576, 576, 576)
Recording block-done for octoS0SubroiZ15683136Y78409408X1097612544Difficultsoma_pred_affs/1017 with read ROI [1232:2800, 2960:4528, 4112:5680] (1568, 1568, 1568) and write ROI [1728:2304, 3456:4032, 4608:5184] (576, 576, 576)
Recorded block-done for octoS0SubroiZ15683136Y78409408X1097612544Difficultsoma_pred_affs/1017 with read ROI [1232:2800, 2960:4528, 4112:5680] (1568, 1568, 1568) and write ROI [1728:2304, 3456:4032, 4608:5184] (576, 576, 576)
Recording block-done for octoS0SubroiZ15683136Y78409408X1097612544Difficultsoma_pred_affs/524 with read ROI [1232:2800, 4112:5680, 656:2224] (1568, 1568, 1568) and write ROI [1728:2304, 4608:5184, 1152:1728] (576, 576, 576)
Recorded block-done for octoS0SubroiZ15683136Y78409408X1097612544Difficultsoma_pred_affs/524 with read ROI [1232:2800, 4112:5680, 656:2224] (1568, 1568, 1568) and write ROI [1728:2304, 4608:5184, 1152:1728] (576, 576, 576)
Recording block-done for octoS0SubroiZ15683136Y78409408X1097612544Difficultsoma_pred_affs/2082 with read ROI [1232:2800, 3536:5104, 6416:7984] (1568, 1568, 1568) and write ROI [1728:2304, 4032:4608, 6912:7488] (576, 576, 576)
Recorded block-done for octoS0SubroiZ15683136Y78409408X1097612544Difficultsoma_pred_affs/2082 with read ROI [1232:2800, 3536:5104, 6416:7984] (1568, 1568, 1568) and write ROI [1728:2304, 4032:4608, 6912:7488] (576, 576, 576)
Recording block-done for octoS0SubroiZ15683136Y78409408X1097612544Difficultsoma_pred_affs/1598 with read ROI [1232:2800, 3536:5104, 5264:6832] (1568, 1568, 1568) and write ROI [1728:2304, 4032:4608, 5760:6336] (576, 576, 576)
Recorded block-done for octoS0SubroiZ15683136Y78409408X1097612544Difficultsoma_pred_affs/1598 with read ROI [1232:2800, 3536:5104, 5264:6832] (1568, 1568, 1568) and write ROI [1728:2304, 4032:4608, 5760:6336] (576, 576, 576)
Recording block-done for octoS0SubroiZ15683136Y78409408X1097612544Difficultsoma_pred_affs/4553 with read ROI [1232:2800, 3536:5104, 10448:12016] (1568, 1568, 1568) and write ROI [1728:2304, 4032:4608, 10944:11520] (576, 576, 576)
Recorded block-done for octoS0SubroiZ15683136Y78409408X1097612544Difficultsoma_pred_affs/4553 with read ROI [1232:2800, 3536:5104, 10448:12016] (1568, 1568, 1568) and write ROI [1728:2304, 4032:4608, 10944:11520] (576, 576, 576)
Recording block-done for octoS0SubroiZ15683136Y78409408X1097612544Difficultsoma_pred_affs/3345 with read ROI [1232:2800, 4112:5680, 8144:9712] (1568, 1568, 1568) and write ROI [1728:2304, 4608:5184, 8640:9216] (576, 576, 576)
Recorded block-done for octoS0SubroiZ15683136Y78409408X1097612544Difficultsoma_pred_affs/3345 with read ROI [1232:2800, 4112:5680, 8144:9712] (1568, 1568, 1568) and write ROI [1728:2304, 4608:5184, 8640:9216] (576, 576, 576)
Recording block-done for octoS0SubroiZ15683136Y78409408X1097612544Difficultsoma_pred_affs/1027 with read ROI [1232:2800, 3536:5104, 3536:5104] (1568, 1568, 1568) and write ROI [1728:2304, 4032:4608, 4032:4608] (576, 576, 576)
Recorded block-done for octoS0SubroiZ15683136Y78409408X1097612544Difficultsoma_pred_affs/1027 with read ROI [1232:2800, 3536:5104, 3536:5104] (1568, 1568, 1568) and write ROI [1728:2304, 4032:4608, 4032:4608] (576, 576, 576)
Recording block-done for octoS0SubroiZ15683136Y78409408X1097612544Difficultsoma_pred_affs/2105 with read ROI [1232:2800, 4688:6256, 5264:6832] (1568, 1568, 1568) and write ROI [1728:2304, 5184:5760, 5760:6336] (576, 576, 576)
Recorded block-done for octoS0SubroiZ15683136Y78409408X1097612544Difficultsoma_pred_affs/2105 with read ROI [1232:2800, 4688:6256, 5264:6832] (1568, 1568, 1568) and write ROI [1728:2304, 5184:5760, 5760:6336] (576, 576, 576)
Recording block-done for octoS0SubroiZ15683136Y78409408X1097612544Difficultsoma_pred_affs/5537 with read ROI [1232:2800, 4688:6256, 10448:12016] (1568, 1568, 1568) and write ROI [1728:2304, 5184:5760, 10944:11520] (576, 576, 576)
Recorded block-done for octoS0SubroiZ15683136Y78409408X1097612544Difficultsoma_pred_affs/5537 with read ROI [1232:2800, 4688:6256, 10448:12016] (1568, 1568, 1568) and write ROI [1728:2304, 5184:5760, 10944:11520] (576, 576, 576)
Recording block-done for octoS0SubroiZ15683136Y78409408X1097612544Difficultsoma_pred_affs/761 with read ROI [1232:2800, 4688:6256, 1232:2800] (1568, 1568, 1568) and write ROI [1728:2304, 5184:5760, 1728:2304] (576, 576, 576)
Recorded block-done for octoS0SubroiZ15683136Y78409408X1097612544Difficultsoma_pred_affs/761 with read ROI [1232:2800, 4688:6256, 1232:2800] (1568, 1568, 1568) and write ROI [1728:2304, 5184:5760, 1728:2304] (576, 576, 576)
Recording block-done for octoS0SubroiZ15683136Y78409408X1097612544Difficultsoma_pred_affs/774 with read ROI [1232:2800, 5264:6832, 656:2224] (1568, 1568, 1568) and write ROI [1728:2304, 5760:6336, 1152:1728] (576, 576, 576)
Recorded block-done for octoS0SubroiZ15683136Y78409408X1097612544Difficultsoma_pred_affs/774 with read ROI [1232:2800, 5264:6832, 656:2224] (1568, 1568, 1568) and write ROI [1728:2304, 5760:6336, 1152:1728] (576, 576, 576)
Recording block-done for octoS0SubroiZ15683136Y78409408X1097612544Difficultsoma_pred_affs/3006 with read ROI [1232:2800, 4688:6256, 6992:8560] (1568, 1568, 1568) and write ROI [1728:2304, 5184:5760, 7488:8064] (576, 576, 576)
Recorded block-done for octoS0SubroiZ15683136Y78409408X1097612544Difficultsoma_pred_affs/3006 with read ROI [1232:2800, 4688:6256, 6992:8560] (1568, 1568, 1568) and write ROI [1728:2304, 5184:5760, 7488:8064] (576, 576, 576)
Recording block-done for octoS0SubroiZ15683136Y78409408X1097612544Difficultsoma_pred_affs/1077 with read ROI [1232:2800, 5840:7408, 1232:2800] (1568, 1568, 1568) and write ROI [1728:2304, 6336:6912, 1728:2304] (576, 576, 576)
Recorded block-done for octoS0SubroiZ15683136Y78409408X1097612544Difficultsoma_pred_affs/1077 with read ROI [1232:2800, 5840:7408, 1232:2800] (1568, 1568, 1568) and write ROI [1728:2304, 6336:6912, 1728:2304] (576, 576, 576)
Recording block-done for octoS0SubroiZ15683136Y78409408X1097612544Difficultsoma_pred_affs/4154 with read ROI [1232:2800, 5264:6832, 8144:9712] (1568, 1568, 1568) and write ROI [1728:2304, 5760:6336, 8640:9216] (576, 576, 576)
Recorded block-done for octoS0SubroiZ15683136Y78409408X1097612544Difficultsoma_pred_affs/4154 with read ROI [1232:2800, 5264:6832, 8144:9712] (1568, 1568, 1568) and write ROI [1728:2304, 5760:6336, 8640:9216] (576, 576, 576)
Recording block-done for octoS0SubroiZ15683136Y78409408X1097612544Difficultsoma_pred_affs/2708 with read ROI [1232:2800, 5840:7408, 5264:6832] (1568, 1568, 1568) and write ROI [1728:2304, 6336:6912, 5760:6336] (576, 576, 576)
Recorded block-done for octoS0SubroiZ15683136Y78409408X1097612544Difficultsoma_pred_affs/2708 with read ROI [1232:2800, 5840:7408, 5264:6832] (1568, 1568, 1568) and write ROI [1728:2304, 6336:6912, 5760:6336] (576, 576, 576)
Recording block-done for octoS0SubroiZ15683136Y78409408X1097612544Difficultsoma_pred_affs/1648 with read ROI [1232:2800, 5840:7408, 2960:4528] (1568, 1568, 1568) and write ROI [1728:2304, 6336:6912, 3456:4032] (576, 576, 576)
Recorded block-done for octoS0SubroiZ15683136Y78409408X1097612544Difficultsoma_pred_affs/1648 with read ROI [1232:2800, 5840:7408, 2960:4528] (1568, 1568, 1568) and write ROI [1728:2304, 6336:6912, 3456:4032] (576, 576, 576)
Recording block-done for octoS0SubroiZ15683136Y78409408X1097612544Difficultsoma_pred_affs/5068 with read ROI [1232:2800, 5840:7408, 8720:10288] (1568, 1568, 1568) and write ROI [1728:2304, 6336:6912, 9216:9792] (576, 576, 576)
Recorded block-done for octoS0SubroiZ15683136Y78409408X1097612544Difficultsoma_pred_affs/5068 with read ROI [1232:2800, 5840:7408, 8720:10288] (1568, 1568, 1568) and write ROI [1728:2304, 6336:6912, 9216:9792] (576, 576, 576)
Recording block-done for octoS0SubroiZ15683136Y78409408X1097612544Difficultsoma_pred_affs/3048 with read ROI [1232:2800, 6416:7984, 5264:6832] (1568, 1568, 1568) and write ROI [1728:2304, 6912:7488, 5760:6336] (576, 576, 576)
Recorded block-done for octoS0SubroiZ15683136Y78409408X1097612544Difficultsoma_pred_affs/3048 with read ROI [1232:2800, 6416:7984, 5264:6832] (1568, 1568, 1568) and write ROI [1728:2304, 6912:7488, 5760:6336] (576, 576, 576)
Recording block-done for octoS0SubroiZ15683136Y78409408X1097612544Difficultsoma_pred_affs/7263 with read ROI [1232:2800, 6416:7984, 10448:12016] (1568, 1568, 1568) and write ROI [1728:2304, 6912:7488, 10944:11520] (576, 576, 576)
Recorded block-done for octoS0SubroiZ15683136Y78409408X1097612544Difficultsoma_pred_affs/7263 with read ROI [1232:2800, 6416:7984, 10448:12016] (1568, 1568, 1568) and write ROI [1728:2304, 6912:7488, 10944:11520] (576, 576, 576)
Recording block-done for octoS0SubroiZ15683136Y78409408X1097612544Difficultsoma_pred_affs/1910 with read ROI [1232:2800, 6992:8560, 2384:3952] (1568, 1568, 1568) and write ROI [1728:2304, 7488:8064, 2880:3456] (576, 576, 576)
Recorded block-done for octoS0SubroiZ15683136Y78409408X1097612544Difficultsoma_pred_affs/1910 with read ROI [1232:2800, 6992:8560, 2384:3952] (1568, 1568, 1568) and write ROI [1728:2304, 7488:8064, 2880:3456] (576, 576, 576)
Recording block-done for octoS0SubroiZ15683136Y78409408X1097612544Difficultsoma_pred_affs/5083 with read ROI [1232:2800, 6416:7984, 8144:9712] (1568, 1568, 1568) and write ROI [1728:2304, 6912:7488, 8640:9216] (576, 576, 576)
Recorded block-done for octoS0SubroiZ15683136Y78409408X1097612544Difficultsoma_pred_affs/5083 with read ROI [1232:2800, 6416:7984, 8144:9712] (1568, 1568, 1568) and write ROI [1728:2304, 6912:7488, 8640:9216] (576, 576, 576)
Recording block-done for octoS0SubroiZ15683136Y78409408X1097612544Difficultsoma_pred_affs/3064 with read ROI [1232:2800, 6992:8560, 4688:6256] (1568, 1568, 1568) and write ROI [1728:2304, 7488:8064, 5184:5760] (576, 576, 576)
Recorded block-done for octoS0SubroiZ15683136Y78409408X1097612544Difficultsoma_pred_affs/3064 with read ROI [1232:2800, 6992:8560, 4688:6256] (1568, 1568, 1568) and write ROI [1728:2304, 7488:8064, 5184:5760] (576, 576, 576)
Recording block-done for octoS0SubroiZ15683136Y78409408X1097612544Difficultsoma_pred_affs/4216 with read ROI [1232:2800, 7568:9136, 5840:7408] (1568, 1568, 1568) and write ROI [1728:2304, 8064:8640, 6336:6912] (576, 576, 576)
Recorded block-done for octoS0SubroiZ15683136Y78409408X1097612544Difficultsoma_pred_affs/4216 with read ROI [1232:2800, 7568:9136, 5840:7408] (1568, 1568, 1568) and write ROI [1728:2304, 8064:8640, 6336:6912] (576, 576, 576)
Recording block-done for octoS0SubroiZ15683136Y78409408X1097612544Difficultsoma_pred_affs/3432 with read ROI [1232:2800, 7568:9136, 4688:6256] (1568, 1568, 1568) and write ROI [1728:2304, 8064:8640, 5184:5760] (576, 576, 576)
Recorded block-done for octoS0SubroiZ15683136Y78409408X1097612544Difficultsoma_pred_affs/3432 with read ROI [1232:2800, 7568:9136, 4688:6256] (1568, 1568, 1568) and write ROI [1728:2304, 8064:8640, 5184:5760] (576, 576, 576)
Recording block-done for octoS0SubroiZ15683136Y78409408X1097612544Difficultsoma_pred_affs/5595 with read ROI [1232:2800, 6992:8560, 8144:9712] (1568, 1568, 1568) and write ROI [1728:2304, 7488:8064, 8640:9216] (576, 576, 576)
Recorded block-done for octoS0SubroiZ15683136Y78409408X1097612544Difficultsoma_pred_affs/5595 with read ROI [1232:2800, 6992:8560, 8144:9712] (1568, 1568, 1568) and write ROI [1728:2304, 7488:8064, 8640:9216] (576, 576, 576)
Recording block-done for octoS0SubroiZ15683136Y78409408X1097612544Difficultsoma_pred_affs/5116 with read ROI [1232:2800, 7568:9136, 6992:8560] (1568, 1568, 1568) and write ROI [1728:2304, 8064:8640, 7488:8064] (576, 576, 576)
Recorded block-done for octoS0SubroiZ15683136Y78409408X1097612544Difficultsoma_pred_affs/5116 with read ROI [1232:2800, 7568:9136, 6992:8560] (1568, 1568, 1568) and write ROI [1728:2304, 8064:8640, 7488:8064] (576, 576, 576)
Recording block-done for octoS0SubroiZ15683136Y78409408X1097612544Difficultsoma_pred_affs/4234 with read ROI [1232:2800, 8144:9712, 5264:6832] (1568, 1568, 1568) and write ROI [1728:2304, 8640:9216, 5760:6336] (576, 576, 576)
Recorded block-done for octoS0SubroiZ15683136Y78409408X1097612544Difficultsoma_pred_affs/4234 with read ROI [1232:2800, 8144:9712, 5264:6832] (1568, 1568, 1568) and write ROI [1728:2304, 8640:9216, 5760:6336] (576, 576, 576)
Recording block-done for octoS0SubroiZ15683136Y78409408X1097612544Difficultsoma_pred_affs/1964 with read ROI [1232:2800, 8720:10288, 656:2224] (1568, 1568, 1568) and write ROI [1728:2304, 9216:9792, 1152:1728] (576, 576, 576)
Recorded block-done for octoS0SubroiZ15683136Y78409408X1097612544Difficultsoma_pred_affs/1964 with read ROI [1232:2800, 8720:10288, 656:2224] (1568, 1568, 1568) and write ROI [1728:2304, 9216:9792, 1152:1728] (576, 576, 576)
Recording block-done for octoS0SubroiZ15683136Y78409408X1097612544Difficultsoma_pred_affs/3847 with read ROI [1232:2800, 8720:10288, 4112:5680] (1568, 1568, 1568) and write ROI [1728:2304, 9216:9792, 4608:5184] (576, 576, 576)
Recorded block-done for octoS0SubroiZ15683136Y78409408X1097612544Difficultsoma_pred_affs/3847 with read ROI [1232:2800, 8720:10288, 4112:5680] (1568, 1568, 1568) and write ROI [1728:2304, 9216:9792, 4608:5184] (576, 576, 576)
Recording block-done for octoS0SubroiZ15683136Y78409408X1097612544Difficultsoma_pred_affs/7944 with read ROI [1232:2800, 8144:9712, 9296:10864] (1568, 1568, 1568) and write ROI [1728:2304, 8640:9216, 9792:10368] (576, 576, 576)
Recorded block-done for octoS0SubroiZ15683136Y78409408X1097612544Difficultsoma_pred_affs/7944 with read ROI [1232:2800, 8144:9712, 9296:10864] (1568, 1568, 1568) and write ROI [1728:2304, 8640:9216, 9792:10368] (576, 576, 576)
Recording block-done for octoS0SubroiZ15683136Y78409408X1097612544Difficultsoma_pred_affs/5630 with read ROI [1232:2800, 8144:9712, 6992:8560] (1568, 1568, 1568) and write ROI [1728:2304, 8640:9216, 7488:8064] (576, 576, 576)
Recorded block-done for octoS0SubroiZ15683136Y78409408X1097612544Difficultsoma_pred_affs/5630 with read ROI [1232:2800, 8144:9712, 6992:8560] (1568, 1568, 1568) and write ROI [1728:2304, 8640:9216, 7488:8064] (576, 576, 576)
Recording block-done for octoS0SubroiZ15683136Y78409408X1097612544Difficultsoma_pred_affs/9332 with read ROI [1232:2800, 8720:10288, 9872:11440] (1568, 1568, 1568) and write ROI [1728:2304, 9216:9792, 10368:10944] (576, 576, 576)
Recorded block-done for octoS0SubroiZ15683136Y78409408X1097612544Difficultsoma_pred_affs/9332 with read ROI [1232:2800, 8720:10288, 9872:11440] (1568, 1568, 1568) and write ROI [1728:2304, 9216:9792, 10368:10944] (576, 576, 576)
Recording block-done for octoS0SubroiZ15683136Y78409408X1097612544Difficultsoma_pred_affs/3489 with read ROI [1232:2800, 9296:10864, 2960:4528] (1568, 1568, 1568) and write ROI [1728:2304, 9792:10368, 3456:4032] (576, 576, 576)
Recorded block-done for octoS0SubroiZ15683136Y78409408X1097612544Difficultsoma_pred_affs/3489 with read ROI [1232:2800, 9296:10864, 2960:4528] (1568, 1568, 1568) and write ROI [1728:2304, 9792:10368, 3456:4032] (576, 576, 576)
Recording block-done for octoS0SubroiZ15683136Y78409408X1097612544Difficultsoma_pred_affs/10873 with read ROI [1232:2800, 9296:10864, 10448:12016] (1568, 1568, 1568) and write ROI [1728:2304, 9792:10368, 10944:11520] (576, 576, 576)
Recorded block-done for octoS0SubroiZ15683136Y78409408X1097612544Difficultsoma_pred_affs/10873 with read ROI [1232:2800, 9296:10864, 10448:12016] (1568, 1568, 1568) and write ROI [1728:2304, 9792:10368, 10944:11520] (576, 576, 576)
Recording block-done for octoS0SubroiZ15683136Y78409408X1097612544Difficultsoma_pred_affs/2534 with read ROI [1232:2800, 9872:11440, 656:2224] (1568, 1568, 1568) and write ROI [1728:2304, 10368:10944, 1152:1728] (576, 576, 576)
Recorded block-done for octoS0SubroiZ15683136Y78409408X1097612544Difficultsoma_pred_affs/2534 with read ROI [1232:2800, 9872:11440, 656:2224] (1568, 1568, 1568) and write ROI [1728:2304, 10368:10944, 1152:1728] (576, 576, 576)
Recording block-done for octoS0SubroiZ15683136Y78409408X1097612544Difficultsoma_pred_affs/4729 with read ROI [1232:2800, 9872:11440, 4112:5680] (1568, 1568, 1568) and write ROI [1728:2304, 10368:10944, 4608:5184] (576, 576, 576)
Recorded block-done for octoS0SubroiZ15683136Y78409408X1097612544Difficultsoma_pred_affs/4729 with read ROI [1232:2800, 9872:11440, 4112:5680] (1568, 1568, 1568) and write ROI [1728:2304, 10368:10944, 4608:5184] (576, 576, 576)
Recording block-done for octoS0SubroiZ15683136Y78409408X1097612544Difficultsoma_pred_affs/8004 with read ROI [1232:2800, 9872:11440, 7568:9136] (1568, 1568, 1568) and write ROI [1728:2304, 10368:10944, 8064:8640] (576, 576, 576)
Recorded block-done for octoS0SubroiZ15683136Y78409408X1097612544Difficultsoma_pred_affs/8004 with read ROI [1232:2800, 9872:11440, 7568:9136] (1568, 1568, 1568) and write ROI [1728:2304, 10368:10944, 8064:8640] (576, 576, 576)
Recording block-done for octoS0SubroiZ15683136Y78409408X1097612544Difficultsoma_pred_affs/2856 with read ROI [1232:2800, 10448:12016, 656:2224] (1568, 1568, 1568) and write ROI [1728:2304, 10944:11520, 1152:1728] (576, 576, 576)
Recorded block-done for octoS0SubroiZ15683136Y78409408X1097612544Difficultsoma_pred_affs/2856 with read ROI [1232:2800, 10448:12016, 656:2224] (1568, 1568, 1568) and write ROI [1728:2304, 10944:11520, 1152:1728] (576, 576, 576)
Recording block-done for octoS0SubroiZ15683136Y78409408X1097612544Difficultsoma_pred_affs/6801 with read ROI [1232:2800, 10448:12016, 5840:7408] (1568, 1568, 1568) and write ROI [1728:2304, 10944:11520, 6336:6912] (576, 576, 576)
Recorded block-done for octoS0SubroiZ15683136Y78409408X1097612544Difficultsoma_pred_affs/6801 with read ROI [1232:2800, 10448:12016, 5840:7408] (1568, 1568, 1568) and write ROI [1728:2304, 10944:11520, 6336:6912] (576, 576, 576)
Recording block-done for octoS0SubroiZ15683136Y78409408X1097612544Difficultsoma_pred_affs/4751 with read ROI [1232:2800, 10448:12016, 3536:5104] (1568, 1568, 1568) and write ROI [1728:2304, 10944:11520, 4032:4608] (576, 576, 576)
Recorded block-done for octoS0SubroiZ15683136Y78409408X1097612544Difficultsoma_pred_affs/4751 with read ROI [1232:2800, 10448:12016, 3536:5104] (1568, 1568, 1568) and write ROI [1728:2304, 10944:11520, 4032:4608] (576, 576, 576)
Recording block-done for octoS0SubroiZ15683136Y78409408X1097612544Difficultsoma_pred_affs/8026 with read ROI [1232:2800, 10448:12016, 6992:8560] (1568, 1568, 1568) and write ROI [1728:2304, 10944:11520, 7488:8064] (576, 576, 576)
Recorded block-done for octoS0SubroiZ15683136Y78409408X1097612544Difficultsoma_pred_affs/8026 with read ROI [1232:2800, 10448:12016, 6992:8560] (1568, 1568, 1568) and write ROI [1728:2304, 10944:11520, 7488:8064] (576, 576, 576)
Recording block-done for octoS0SubroiZ15683136Y78409408X1097612544Difficultsoma_pred_affs/239 with read ROI [1808:3376, 80:1648, 2384:3952] (1568, 1568, 1568) and write ROI [2304:2880, 576:1152, 2880:3456] (576, 576, 576)
Recorded block-done for octoS0SubroiZ15683136Y78409408X1097612544Difficultsoma_pred_affs/239 with read ROI [1808:3376, 80:1648, 2384:3952] (1568, 1568, 1568) and write ROI [2304:2880, 576:1152, 2880:3456] (576, 576, 576)
Recording block-done for octoS0SubroiZ15683136Y78409408X1097612544Difficultsoma_pred_affs/311 with read ROI [1808:3376, 656:2224, 2384:3952] (1568, 1568, 1568) and write ROI [2304:2880, 1152:1728, 2880:3456] (576, 576, 576)
Recorded block-done for octoS0SubroiZ15683136Y78409408X1097612544Difficultsoma_pred_affs/311 with read ROI [1808:3376, 656:2224, 2384:3952] (1568, 1568, 1568) and write ROI [2304:2880, 1152:1728, 2880:3456] (576, 576, 576)
Recording block-done for octoS0SubroiZ15683136Y78409408X1097612544Difficultsoma_pred_affs/389 with read ROI [1808:3376, 656:2224, 2960:4528] (1568, 1568, 1568) and write ROI [2304:2880, 1152:1728, 3456:4032] (576, 576, 576)
Recorded block-done for octoS0SubroiZ15683136Y78409408X1097612544Difficultsoma_pred_affs/389 with read ROI [1808:3376, 656:2224, 2960:4528] (1568, 1568, 1568) and write ROI [2304:2880, 1152:1728, 3456:4032] (576, 576, 576)
Recording block-done for octoS0SubroiZ15683136Y78409408X1097612544Difficultsoma_pred_affs/1159 with read ROI [1808:3376, 80:1648, 6992:8560] (1568, 1568, 1568) and write ROI [2304:2880, 576:1152, 7488:8064] (576, 576, 576)
Recorded block-done for octoS0SubroiZ15683136Y78409408X1097612544Difficultsoma_pred_affs/1159 with read ROI [1808:3376, 80:1648, 6992:8560] (1568, 1568, 1568) and write ROI [2304:2880, 576:1152, 7488:8064] (576, 576, 576)
Recording block-done for octoS0SubroiZ15683136Y78409408X1097612544Difficultsoma_pred_affs/1559 with read ROI [1808:3376, 80:1648, 8144:9712] (1568, 1568, 1568) and write ROI [2304:2880, 576:1152, 8640:9216] (576, 576, 576)
Recorded block-done for octoS0SubroiZ15683136Y78409408X1097612544Difficultsoma_pred_affs/1559 with read ROI [1808:3376, 80:1648, 8144:9712] (1568, 1568, 1568) and write ROI [2304:2880, 576:1152, 8640:9216] (576, 576, 576)
Recording block-done for octoS0SubroiZ15683136Y78409408X1097612544Difficultsoma_pred_affs/152 with read ROI [1808:3376, 1232:2800, 80:1648] (1568, 1568, 1568) and write ROI [2304:2880, 1728:2304, 576:1152] (576, 576, 576)
Recorded block-done for octoS0SubroiZ15683136Y78409408X1097612544Difficultsoma_pred_affs/152 with read ROI [1808:3376, 1232:2800, 80:1648] (1568, 1568, 1568) and write ROI [2304:2880, 1728:2304, 576:1152] (576, 576, 576)
Recording block-done for octoS0SubroiZ15683136Y78409408X1097612544Difficultsoma_pred_affs/585 with read ROI [1808:3376, 656:2224, 4112:5680] (1568, 1568, 1568) and write ROI [2304:2880, 1152:1728, 4608:5184] (576, 576, 576)
Recorded block-done for octoS0SubroiZ15683136Y78409408X1097612544Difficultsoma_pred_affs/585 with read ROI [1808:3376, 656:2224, 4112:5680] (1568, 1568, 1568) and write ROI [2304:2880, 1152:1728, 4608:5184] (576, 576, 576)
Recording block-done for octoS0SubroiZ15683136Y78409408X1097612544Difficultsoma_pred_affs/712 with read ROI [1808:3376, 1232:2800, 4112:5680] (1568, 1568, 1568) and write ROI [2304:2880, 1728:2304, 4608:5184] (576, 576, 576)
Recorded block-done for octoS0SubroiZ15683136Y78409408X1097612544Difficultsoma_pred_affs/712 with read ROI [1808:3376, 1232:2800, 4112:5680] (1568, 1568, 1568) and write ROI [2304:2880, 1728:2304, 4608:5184] (576, 576, 576)
Recording block-done for octoS0SubroiZ15683136Y78409408X1097612544Difficultsoma_pred_affs/2625 with read ROI [1808:3376, 656:2224, 9872:11440] (1568, 1568, 1568) and write ROI [2304:2880, 1152:1728, 10368:10944] (576, 576, 576)
Recorded block-done for octoS0SubroiZ15683136Y78409408X1097612544Difficultsoma_pred_affs/2625 with read ROI [1808:3376, 656:2224, 9872:11440] (1568, 1568, 1568) and write ROI [2304:2880, 1152:1728, 10368:10944] (576, 576, 576)
Recording block-done for octoS0SubroiZ15683136Y78409408X1097612544Difficultsoma_pred_affs/1355 with read ROI [1808:3376, 656:2224, 6992:8560] (1568, 1568, 1568) and write ROI [2304:2880, 1152:1728, 7488:8064] (576, 576, 576)
Recorded block-done for octoS0SubroiZ15683136Y78409408X1097612544Difficultsoma_pred_affs/1355 with read ROI [1808:3376, 656:2224, 6992:8560] (1568, 1568, 1568) and write ROI [2304:2880, 1152:1728, 7488:8064] (576, 576, 576)
Recording block-done for octoS0SubroiZ15683136Y78409408X1097612544Difficultsoma_pred_affs/1580 with read ROI [1808:3376, 1808:3376, 6416:7984] (1568, 1568, 1568) and write ROI [2304:2880, 2304:2880, 6912:7488] (576, 576, 576)
Recorded block-done for octoS0SubroiZ15683136Y78409408X1097612544Difficultsoma_pred_affs/1580 with read ROI [1808:3376, 1808:3376, 6416:7984] (1568, 1568, 1568) and write ROI [2304:2880, 2304:2880, 6912:7488] (576, 576, 576)
Recording block-done for octoS0SubroiZ15683136Y78409408X1097612544Difficultsoma_pred_affs/1370 with read ROI [1808:3376, 1808:3376, 5840:7408] (1568, 1568, 1568) and write ROI [2304:2880, 2304:2880, 6336:6912] (576, 576, 576)
Recorded block-done for octoS0SubroiZ15683136Y78409408X1097612544Difficultsoma_pred_affs/1370 with read ROI [1808:3376, 1808:3376, 5840:7408] (1568, 1568, 1568) and write ROI [2304:2880, 2304:2880, 6336:6912] (576, 576, 576)
Recording block-done for octoS0SubroiZ15683136Y78409408X1097612544Difficultsoma_pred_affs/495 with read ROI [1808:3376, 1808:3376, 2384:3952] (1568, 1568, 1568) and write ROI [2304:2880, 2304:2880, 2880:3456] (576, 576, 576)
Recorded block-done for octoS0SubroiZ15683136Y78409408X1097612544Difficultsoma_pred_affs/495 with read ROI [1808:3376, 1808:3376, 2384:3952] (1568, 1568, 1568) and write ROI [2304:2880, 2304:2880, 2880:3456] (576, 576, 576)
Recording block-done for octoS0SubroiZ15683136Y78409408X1097612544Difficultsoma_pred_affs/2056 with read ROI [1808:3376, 1232:2800, 8144:9712] (1568, 1568, 1568) and write ROI [2304:2880, 1728:2304, 8640:9216] (576, 576, 576)
Recorded block-done for octoS0SubroiZ15683136Y78409408X1097612544Difficultsoma_pred_affs/2056 with read ROI [1808:3376, 1232:2800, 8144:9712] (1568, 1568, 1568) and write ROI [2304:2880, 1728:2304, 8640:9216] (576, 576, 576)
Recording block-done for octoS0SubroiZ15683136Y78409408X1097612544Difficultsoma_pred_affs/2965 with read ROI [1808:3376, 1808:3376, 9296:10864] (1568, 1568, 1568) and write ROI [2304:2880, 2304:2880, 9792:10368] (576, 576, 576)
Recorded block-done for octoS0SubroiZ15683136Y78409408X1097612544Difficultsoma_pred_affs/2965 with read ROI [1808:3376, 1808:3376, 9296:10864] (1568, 1568, 1568) and write ROI [2304:2880, 2304:2880, 9792:10368] (576, 576, 576)
Recording block-done for octoS0SubroiZ15683136Y78409408X1097612544Difficultsoma_pred_affs/335 with read ROI [1808:3376, 2384:3952, 656:2224] (1568, 1568, 1568) and write ROI [2304:2880, 2880:3456, 1152:1728] (576, 576, 576)
Recorded block-done for octoS0SubroiZ15683136Y78409408X1097612544Difficultsoma_pred_affs/335 with read ROI [1808:3376, 2384:3952, 656:2224] (1568, 1568, 1568) and write ROI [2304:2880, 2880:3456, 1152:1728] (576, 576, 576)
Recording block-done for octoS0SubroiZ15683136Y78409408X1097612544Difficultsoma_pred_affs/504 with read ROI [1808:3376, 2384:3952, 1808:3376] (1568, 1568, 1568) and write ROI [2304:2880, 2880:3456, 2304:2880] (576, 576, 576)
Recorded block-done for octoS0SubroiZ15683136Y78409408X1097612544Difficultsoma_pred_affs/504 with read ROI [1808:3376, 2384:3952, 1808:3376] (1568, 1568, 1568) and write ROI [2304:2880, 2880:3456, 2304:2880] (576, 576, 576)
Recording block-done for octoS0SubroiZ15683136Y78409408X1097612544Difficultsoma_pred_affs/1820 with read ROI [1808:3376, 2384:3952, 6416:7984] (1568, 1568, 1568) and write ROI [2304:2880, 2880:3456, 6912:7488] (576, 576, 576)
Recorded block-done for octoS0SubroiZ15683136Y78409408X1097612544Difficultsoma_pred_affs/1820 with read ROI [1808:3376, 2384:3952, 6416:7984] (1568, 1568, 1568) and write ROI [2304:2880, 2880:3456, 6912:7488] (576, 576, 576)
Recording block-done for octoS0SubroiZ15683136Y78409408X1097612544Difficultsoma_pred_affs/875 with read ROI [1808:3376, 2960:4528, 2960:4528] (1568, 1568, 1568) and write ROI [2304:2880, 3456:4032, 3456:4032] (576, 576, 576)
Recorded block-done for octoS0SubroiZ15683136Y78409408X1097612544Difficultsoma_pred_affs/875 with read ROI [1808:3376, 2960:4528, 2960:4528] (1568, 1568, 1568) and write ROI [2304:2880, 3456:4032, 3456:4032] (576, 576, 576)
Recording block-done for octoS0SubroiZ15683136Y78409408X1097612544Difficultsoma_pred_affs/1199 with read ROI [1808:3376, 2960:4528, 4112:5680] (1568, 1568, 1568) and write ROI [2304:2880, 3456:4032, 4608:5184] (576, 576, 576)
Recorded block-done for octoS0SubroiZ15683136Y78409408X1097612544Difficultsoma_pred_affs/1199 with read ROI [1808:3376, 2960:4528, 4112:5680] (1568, 1568, 1568) and write ROI [2304:2880, 3456:4032, 4608:5184] (576, 576, 576)
Recording block-done for octoS0SubroiZ15683136Y78409408X1097612544Difficultsoma_pred_affs/1599 with read ROI [1808:3376, 2960:4528, 5264:6832] (1568, 1568, 1568) and write ROI [2304:2880, 3456:4032, 5760:6336] (576, 576, 576)
Recorded block-done for octoS0SubroiZ15683136Y78409408X1097612544Difficultsoma_pred_affs/1599 with read ROI [1808:3376, 2960:4528, 5264:6832] (1568, 1568, 1568) and write ROI [2304:2880, 3456:4032, 5760:6336] (576, 576, 576)
Recording block-done for octoS0SubroiZ15683136Y78409408X1097612544Difficultsoma_pred_affs/2083 with read ROI [1808:3376, 2960:4528, 6416:7984] (1568, 1568, 1568) and write ROI [2304:2880, 3456:4032, 6912:7488] (576, 576, 576)
Recorded block-done for octoS0SubroiZ15683136Y78409408X1097612544Difficultsoma_pred_affs/2083 with read ROI [1808:3376, 2960:4528, 6416:7984] (1568, 1568, 1568) and write ROI [2304:2880, 3456:4032, 6912:7488] (576, 576, 576)
Recording block-done for octoS0SubroiZ15683136Y78409408X1097612544Difficultsoma_pred_affs/2995 with read ROI [1808:3376, 3536:5104, 7568:9136] (1568, 1568, 1568) and write ROI [2304:2880, 4032:4608, 8064:8640] (576, 576, 576)
Recorded block-done for octoS0SubroiZ15683136Y78409408X1097612544Difficultsoma_pred_affs/2995 with read ROI [1808:3376, 3536:5104, 7568:9136] (1568, 1568, 1568) and write ROI [2304:2880, 4032:4608, 8064:8640] (576, 576, 576)
Recording block-done for octoS0SubroiZ15683136Y78409408X1097612544Difficultsoma_pred_affs/3346 with read ROI [1808:3376, 3536:5104, 8144:9712] (1568, 1568, 1568) and write ROI [2304:2880, 4032:4608, 8640:9216] (576, 576, 576)
Recorded block-done for octoS0SubroiZ15683136Y78409408X1097612544Difficultsoma_pred_affs/3346 with read ROI [1808:3376, 3536:5104, 8144:9712] (1568, 1568, 1568) and write ROI [2304:2880, 4032:4608, 8640:9216] (576, 576, 576)
Recording block-done for octoS0SubroiZ15683136Y78409408X1097612544Difficultsoma_pred_affs/4130 with read ROI [1808:3376, 3536:5104, 9296:10864] (1568, 1568, 1568) and write ROI [2304:2880, 4032:4608, 9792:10368] (576, 576, 576)
Recorded block-done for octoS0SubroiZ15683136Y78409408X1097612544Difficultsoma_pred_affs/4130 with read ROI [1808:3376, 3536:5104, 9296:10864] (1568, 1568, 1568) and write ROI [2304:2880, 4032:4608, 9792:10368] (576, 576, 576)
Recording block-done for octoS0SubroiZ15683136Y78409408X1097612544Difficultsoma_pred_affs/4565 with read ROI [1808:3376, 3536:5104, 9872:11440] (1568, 1568, 1568) and write ROI [2304:2880, 4032:4608, 10368:10944] (576, 576, 576)
Recorded block-done for octoS0SubroiZ15683136Y78409408X1097612544Difficultsoma_pred_affs/4565 with read ROI [1808:3376, 3536:5104, 9872:11440] (1568, 1568, 1568) and write ROI [2304:2880, 4032:4608, 10368:10944] (576, 576, 576)
Recording block-done for octoS0SubroiZ15683136Y78409408X1097612544Difficultsoma_pred_affs/5030 with read ROI [1808:3376, 3536:5104, 10448:12016] (1568, 1568, 1568) and write ROI [2304:2880, 4032:4608, 10944:11520] (576, 576, 576)
Recorded block-done for octoS0SubroiZ15683136Y78409408X1097612544Difficultsoma_pred_affs/5030 with read ROI [1808:3376, 3536:5104, 10448:12016] (1568, 1568, 1568) and write ROI [2304:2880, 4032:4608, 10944:11520] (576, 576, 576)
Recording block-done for octoS0SubroiZ15683136Y78409408X1097612544Difficultsoma_pred_affs/1235 with read ROI [1808:3376, 4688:6256, 2384:3952] (1568, 1568, 1568) and write ROI [2304:2880, 5184:5760, 2880:3456] (576, 576, 576)
Recorded block-done for octoS0SubroiZ15683136Y78409408X1097612544Difficultsoma_pred_affs/1235 with read ROI [1808:3376, 4688:6256, 2384:3952] (1568, 1568, 1568) and write ROI [2304:2880, 5184:5760, 2880:3456] (576, 576, 576)
Recording block-done for octoS0SubroiZ15683136Y78409408X1097612544Difficultsoma_pred_affs/1866 with read ROI [1808:3376, 4688:6256, 4112:5680] (1568, 1568, 1568) and write ROI [2304:2880, 5184:5760, 4608:5184] (576, 576, 576)
Recorded block-done for octoS0SubroiZ15683136Y78409408X1097612544Difficultsoma_pred_affs/1866 with read ROI [1808:3376, 4688:6256, 4112:5680] (1568, 1568, 1568) and write ROI [2304:2880, 5184:5760, 4608:5184] (576, 576, 576)
Recording block-done for octoS0SubroiZ15683136Y78409408X1097612544Difficultsoma_pred_affs/2119 with read ROI [1808:3376, 4688:6256, 4688:6256] (1568, 1568, 1568) and write ROI [2304:2880, 5184:5760, 5184:5760] (576, 576, 576)
Recorded block-done for octoS0SubroiZ15683136Y78409408X1097612544Difficultsoma_pred_affs/2119 with read ROI [1808:3376, 4688:6256, 4688:6256] (1568, 1568, 1568) and write ROI [2304:2880, 5184:5760, 5184:5760] (576, 576, 576)
Recording block-done for octoS0SubroiZ15683136Y78409408X1097612544Difficultsoma_pred_affs/2395 with read ROI [1808:3376, 4688:6256, 5264:6832] (1568, 1568, 1568) and write ROI [2304:2880, 5184:5760, 5760:6336] (576, 576, 576)
Recorded block-done for octoS0SubroiZ15683136Y78409408X1097612544Difficultsoma_pred_affs/2395 with read ROI [1808:3376, 4688:6256, 5264:6832] (1568, 1568, 1568) and write ROI [2304:2880, 5184:5760, 5760:6336] (576, 576, 576)
Recording block-done for octoS0SubroiZ15683136Y78409408X1097612544Difficultsoma_pred_affs/1635 with read ROI [1808:3376, 4688:6256, 3536:5104] (1568, 1568, 1568) and write ROI [2304:2880, 5184:5760, 4032:4608] (576, 576, 576)
Recorded block-done for octoS0SubroiZ15683136Y78409408X1097612544Difficultsoma_pred_affs/1635 with read ROI [1808:3376, 4688:6256, 3536:5104] (1568, 1568, 1568) and write ROI [2304:2880, 5184:5760, 4032:4608] (576, 576, 576)
Recording block-done for octoS0SubroiZ15683136Y78409408X1097612544Difficultsoma_pred_affs/5069 with read ROI [1808:3376, 5264:6832, 8720:10288] (1568, 1568, 1568) and write ROI [2304:2880, 5760:6336, 9216:9792] (576, 576, 576)
Recorded block-done for octoS0SubroiZ15683136Y78409408X1097612544Difficultsoma_pred_affs/5069 with read ROI [1808:3376, 5264:6832, 8720:10288] (1568, 1568, 1568) and write ROI [2304:2880, 5760:6336, 9216:9792] (576, 576, 576)
Recording block-done for octoS0SubroiZ15683136Y78409408X1097612544Difficultsoma_pred_affs/4604 with read ROI [1808:3376, 5264:6832, 8144:9712] (1568, 1568, 1568) and write ROI [2304:2880, 5760:6336, 8640:9216] (576, 576, 576)
Recorded block-done for octoS0SubroiZ15683136Y78409408X1097612544Difficultsoma_pred_affs/4604 with read ROI [1808:3376, 5264:6832, 8144:9712] (1568, 1568, 1568) and write ROI [2304:2880, 5760:6336, 8640:9216] (576, 576, 576)
Recording block-done for octoS0SubroiZ15683136Y78409408X1097612544Difficultsoma_pred_affs/1454 with read ROI [1808:3376, 5840:7408, 1808:3376] (1568, 1568, 1568) and write ROI [2304:2880, 6336:6912, 2304:2880] (576, 576, 576)
Recorded block-done for octoS0SubroiZ15683136Y78409408X1097612544Difficultsoma_pred_affs/1454 with read ROI [1808:3376, 5840:7408, 1808:3376] (1568, 1568, 1568) and write ROI [2304:2880, 6336:6912, 2304:2880] (576, 576, 576)
Recording block-done for octoS0SubroiZ15683136Y78409408X1097612544Difficultsoma_pred_affs/1264 with read ROI [1808:3376, 5840:7408, 1232:2800] (1568, 1568, 1568) and write ROI [2304:2880, 6336:6912, 1728:2304] (576, 576, 576)
Recorded block-done for octoS0SubroiZ15683136Y78409408X1097612544Difficultsoma_pred_affs/1264 with read ROI [1808:3376, 5840:7408, 1232:2800] (1568, 1568, 1568) and write ROI [2304:2880, 6336:6912, 1728:2304] (576, 576, 576)
Recording block-done for octoS0SubroiZ15683136Y78409408X1097612544Difficultsoma_pred_affs/1664 with read ROI [1808:3376, 5840:7408, 2384:3952] (1568, 1568, 1568) and write ROI [2304:2880, 6336:6912, 2880:3456] (576, 576, 576)
Recorded block-done for octoS0SubroiZ15683136Y78409408X1097612544Difficultsoma_pred_affs/1664 with read ROI [1808:3376, 5840:7408, 2384:3952] (1568, 1568, 1568) and write ROI [2304:2880, 6336:6912, 2880:3456] (576, 576, 576)
Recording block-done for octoS0SubroiZ15683136Y78409408X1097612544Difficultsoma_pred_affs/1680 with read ROI [1808:3376, 6416:7984, 1808:3376] (1568, 1568, 1568) and write ROI [2304:2880, 6912:7488, 2304:2880] (576, 576, 576)
Recorded block-done for octoS0SubroiZ15683136Y78409408X1097612544Difficultsoma_pred_affs/1680 with read ROI [1808:3376, 6416:7984, 1808:3376] (1568, 1568, 1568) and write ROI [2304:2880, 6912:7488, 2304:2880] (576, 576, 576)
Recording block-done for octoS0SubroiZ15683136Y78409408X1097612544Difficultsoma_pred_affs/1280 with read ROI [1808:3376, 6416:7984, 656:2224] (1568, 1568, 1568) and write ROI [2304:2880, 6912:7488, 1152:1728] (576, 576, 576)
Recorded block-done for octoS0SubroiZ15683136Y78409408X1097612544Difficultsoma_pred_affs/1280 with read ROI [1808:3376, 6416:7984, 656:2224] (1568, 1568, 1568) and write ROI [2304:2880, 6912:7488, 1152:1728] (576, 576, 576)
Recording block-done for octoS0SubroiZ15683136Y78409408X1097612544Difficultsoma_pred_affs/3065 with read ROI [1808:3376, 6416:7984, 4688:6256] (1568, 1568, 1568) and write ROI [2304:2880, 6912:7488, 5184:5760] (576, 576, 576)
Recorded block-done for octoS0SubroiZ15683136Y78409408X1097612544Difficultsoma_pred_affs/3065 with read ROI [1808:3376, 6416:7984, 4688:6256] (1568, 1568, 1568) and write ROI [2304:2880, 6912:7488, 5184:5760] (576, 576, 576)
Recording block-done for octoS0SubroiZ15683136Y78409408X1097612544Difficultsoma_pred_affs/4200 with read ROI [1808:3376, 6416:7984, 6416:7984] (1568, 1568, 1568) and write ROI [2304:2880, 6912:7488, 6912:7488] (576, 576, 576)
Recorded block-done for octoS0SubroiZ15683136Y78409408X1097612544Difficultsoma_pred_affs/4200 with read ROI [1808:3376, 6416:7984, 6416:7984] (1568, 1568, 1568) and write ROI [2304:2880, 6912:7488, 6912:7488] (576, 576, 576)
Recording block-done for octoS0SubroiZ15683136Y78409408X1097612544Difficultsoma_pred_affs/3794 with read ROI [1808:3376, 6416:7984, 5840:7408] (1568, 1568, 1568) and write ROI [2304:2880, 6912:7488, 6336:6912] (576, 576, 576)
Recorded block-done for octoS0SubroiZ15683136Y78409408X1097612544Difficultsoma_pred_affs/3794 with read ROI [1808:3376, 6416:7984, 5840:7408] (1568, 1568, 1568) and write ROI [2304:2880, 6912:7488, 6336:6912] (576, 576, 576)
Recording block-done for octoS0SubroiZ15683136Y78409408X1097612544Difficultsoma_pred_affs/1928 with read ROI [1808:3376, 6992:8560, 1808:3376] (1568, 1568, 1568) and write ROI [2304:2880, 7488:8064, 2304:2880] (576, 576, 576)
Recorded block-done for octoS0SubroiZ15683136Y78409408X1097612544Difficultsoma_pred_affs/1928 with read ROI [1808:3376, 6992:8560, 1808:3376] (1568, 1568, 1568) and write ROI [2304:2880, 7488:8064, 2304:2880] (576, 576, 576)
Recording block-done for octoS0SubroiZ15683136Y78409408X1097612544Difficultsoma_pred_affs/6702 with read ROI [1808:3376, 6992:8560, 8720:10288] (1568, 1568, 1568) and write ROI [2304:2880, 7488:8064, 9216:9792] (576, 576, 576)
Recorded block-done for octoS0SubroiZ15683136Y78409408X1097612544Difficultsoma_pred_affs/6702 with read ROI [1808:3376, 6992:8560, 8720:10288] (1568, 1568, 1568) and write ROI [2304:2880, 7488:8064, 9216:9792] (576, 576, 576)
Recording block-done for octoS0SubroiZ15683136Y78409408X1097612544Difficultsoma_pred_affs/4652 with read ROI [1808:3376, 6992:8560, 6416:7984] (1568, 1568, 1568) and write ROI [2304:2880, 7488:8064, 6912:7488] (576, 576, 576)
Recorded block-done for octoS0SubroiZ15683136Y78409408X1097612544Difficultsoma_pred_affs/4652 with read ROI [1808:3376, 6992:8560, 6416:7984] (1568, 1568, 1568) and write ROI [2304:2880, 7488:8064, 6912:7488] (576, 576, 576)
Recording block-done for octoS0SubroiZ15683136Y78409408X1097612544Difficultsoma_pred_affs/2757 with read ROI [1808:3376, 6992:8560, 3536:5104] (1568, 1568, 1568) and write ROI [2304:2880, 7488:8064, 4032:4608] (576, 576, 576)
Recorded block-done for octoS0SubroiZ15683136Y78409408X1097612544Difficultsoma_pred_affs/2757 with read ROI [1808:3376, 6992:8560, 3536:5104] (1568, 1568, 1568) and write ROI [2304:2880, 7488:8064, 4032:4608] (576, 576, 576)
Recording block-done for octoS0SubroiZ15683136Y78409408X1097612544Difficultsoma_pred_affs/5613 with read ROI [1808:3376, 6992:8560, 7568:9136] (1568, 1568, 1568) and write ROI [2304:2880, 7488:8064, 8064:8640] (576, 576, 576)
Recorded block-done for octoS0SubroiZ15683136Y78409408X1097612544Difficultsoma_pred_affs/5613 with read ROI [1808:3376, 6992:8560, 7568:9136] (1568, 1568, 1568) and write ROI [2304:2880, 7488:8064, 8064:8640] (576, 576, 576)
Recording block-done for octoS0SubroiZ15683136Y78409408X1097612544Difficultsoma_pred_affs/7945 with read ROI [1808:3376, 7568:9136, 9296:10864] (1568, 1568, 1568) and write ROI [2304:2880, 8064:8640, 9792:10368] (576, 576, 576)
Recorded block-done for octoS0SubroiZ15683136Y78409408X1097612544Difficultsoma_pred_affs/7945 with read ROI [1808:3376, 7568:9136, 9296:10864] (1568, 1568, 1568) and write ROI [2304:2880, 8064:8640, 9792:10368] (576, 576, 576)
Recording block-done for octoS0SubroiZ15683136Y78409408X1097612544Difficultsoma_pred_affs/6159 with read ROI [1808:3376, 7568:9136, 7568:9136] (1568, 1568, 1568) and write ROI [2304:2880, 8064:8640, 8064:8640] (576, 576, 576)
Recorded block-done for octoS0SubroiZ15683136Y78409408X1097612544Difficultsoma_pred_affs/6159 with read ROI [1808:3376, 7568:9136, 7568:9136] (1568, 1568, 1568) and write ROI [2304:2880, 8064:8640, 8064:8640] (576, 576, 576)
Recording block-done for octoS0SubroiZ15683136Y78409408X1097612544Difficultsoma_pred_affs/2794 with read ROI [1808:3376, 8144:9712, 2384:3952] (1568, 1568, 1568) and write ROI [2304:2880, 8640:9216, 2880:3456] (576, 576, 576)
Recorded block-done for octoS0SubroiZ15683136Y78409408X1097612544Difficultsoma_pred_affs/2794 with read ROI [1808:3376, 8144:9712, 2384:3952] (1568, 1568, 1568) and write ROI [2304:2880, 8640:9216, 2880:3456] (576, 576, 576)
Recording block-done for octoS0SubroiZ15683136Y78409408X1097612544Difficultsoma_pred_affs/1985 with read ROI [1808:3376, 8720:10288, 80:1648] (1568, 1568, 1568) and write ROI [2304:2880, 9216:9792, 576:1152] (576, 576, 576)
Recorded block-done for octoS0SubroiZ15683136Y78409408X1097612544Difficultsoma_pred_affs/1985 with read ROI [1808:3376, 8720:10288, 80:1648] (1568, 1568, 1568) and write ROI [2304:2880, 9216:9792, 576:1152] (576, 576, 576)
Recording block-done for octoS0SubroiZ15683136Y78409408X1097612544Difficultsoma_pred_affs/5154 with read ROI [1808:3376, 8144:9712, 5840:7408] (1568, 1568, 1568) and write ROI [2304:2880, 8640:9216, 6336:6912] (576, 576, 576)
Recorded block-done for octoS0SubroiZ15683136Y78409408X1097612544Difficultsoma_pred_affs/5154 with read ROI [1808:3376, 8144:9712, 5840:7408] (1568, 1568, 1568) and write ROI [2304:2880, 8640:9216, 6336:6912] (576, 576, 576)
Recording block-done for octoS0SubroiZ15683136Y78409408X1097612544Difficultsoma_pred_affs/9333 with read ROI [1808:3376, 8144:9712, 9872:11440] (1568, 1568, 1568) and write ROI [2304:2880, 8640:9216, 10368:10944] (576, 576, 576)
Recorded block-done for octoS0SubroiZ15683136Y78409408X1097612544Difficultsoma_pred_affs/9333 with read ROI [1808:3376, 8144:9712, 9872:11440] (1568, 1568, 1568) and write ROI [2304:2880, 8640:9216, 10368:10944] (576, 576, 576)
Recording block-done for octoS0SubroiZ15683136Y78409408X1097612544Difficultsoma_pred_affs/4274 with read ROI [1808:3376, 8720:10288, 4112:5680] (1568, 1568, 1568) and write ROI [2304:2880, 9216:9792, 4608:5184] (576, 576, 576)
Recorded block-done for octoS0SubroiZ15683136Y78409408X1097612544Difficultsoma_pred_affs/4274 with read ROI [1808:3376, 8720:10288, 4112:5680] (1568, 1568, 1568) and write ROI [2304:2880, 9216:9792, 4608:5184] (576, 576, 576)
Recording block-done for octoS0SubroiZ15683136Y78409408X1097612544Difficultsoma_pred_affs/8650 with read ROI [1808:3376, 8720:10288, 8720:10288] (1568, 1568, 1568) and write ROI [2304:2880, 9216:9792, 9216:9792] (576, 576, 576)
Recorded block-done for octoS0SubroiZ15683136Y78409408X1097612544Difficultsoma_pred_affs/8650 with read ROI [1808:3376, 8720:10288, 8720:10288] (1568, 1568, 1568) and write ROI [2304:2880, 9216:9792, 9216:9792] (576, 576, 576)
Recording block-done for octoS0SubroiZ15683136Y78409408X1097612544Difficultsoma_pred_affs/10874 with read ROI [1808:3376, 8720:10288, 10448:12016] (1568, 1568, 1568) and write ROI [2304:2880, 9216:9792, 10944:11520] (576, 576, 576)
Recorded block-done for octoS0SubroiZ15683136Y78409408X1097612544Difficultsoma_pred_affs/10874 with read ROI [1808:3376, 8720:10288, 10448:12016] (1568, 1568, 1568) and write ROI [2304:2880, 9216:9792, 10944:11520] (576, 576, 576)
Recording block-done for octoS0SubroiZ15683136Y78409408X1097612544Difficultsoma_pred_affs/3511 with read ROI [1808:3376, 9296:10864, 2384:3952] (1568, 1568, 1568) and write ROI [2304:2880, 9792:10368, 2880:3456] (576, 576, 576)
Recorded block-done for octoS0SubroiZ15683136Y78409408X1097612544Difficultsoma_pred_affs/3511 with read ROI [1808:3376, 9296:10864, 2384:3952] (1568, 1568, 1568) and write ROI [2304:2880, 9792:10368, 2880:3456] (576, 576, 576)
Recording block-done for octoS0SubroiZ15683136Y78409408X1097612544Difficultsoma_pred_affs/5691 with read ROI [1808:3376, 9296:10864, 5264:6832] (1568, 1568, 1568) and write ROI [2304:2880, 9792:10368, 5760:6336] (576, 576, 576)
Recorded block-done for octoS0SubroiZ15683136Y78409408X1097612544Difficultsoma_pred_affs/5691 with read ROI [1808:3376, 9296:10864, 5264:6832] (1568, 1568, 1568) and write ROI [2304:2880, 9792:10368, 5760:6336] (576, 576, 576)
Recording block-done for octoS0SubroiZ15683136Y78409408X1097612544Difficultsoma_pred_affs/3533 with read ROI [1808:3376, 9872:11440, 1808:3376] (1568, 1568, 1568) and write ROI [2304:2880, 10368:10944, 2304:2880] (576, 576, 576)
Recorded block-done for octoS0SubroiZ15683136Y78409408X1097612544Difficultsoma_pred_affs/3533 with read ROI [1808:3376, 9872:11440, 1808:3376] (1568, 1568, 1568) and write ROI [2304:2880, 10368:10944, 2304:2880] (576, 576, 576)
Recording block-done for octoS0SubroiZ15683136Y78409408X1097612544Difficultsoma_pred_affs/3182 with read ROI [1808:3376, 9872:11440, 1232:2800] (1568, 1568, 1568) and write ROI [2304:2880, 10368:10944, 1728:2304] (576, 576, 576)
Recorded block-done for octoS0SubroiZ15683136Y78409408X1097612544Difficultsoma_pred_affs/3182 with read ROI [1808:3376, 9872:11440, 1232:2800] (1568, 1568, 1568) and write ROI [2304:2880, 10368:10944, 1728:2304] (576, 576, 576)
Recording block-done for octoS0SubroiZ15683136Y78409408X1097612544Difficultsoma_pred_affs/5713 with read ROI [1808:3376, 9872:11440, 4688:6256] (1568, 1568, 1568) and write ROI [2304:2880, 10368:10944, 5184:5760] (576, 576, 576)
Recorded block-done for octoS0SubroiZ15683136Y78409408X1097612544Difficultsoma_pred_affs/5713 with read ROI [1808:3376, 9872:11440, 4688:6256] (1568, 1568, 1568) and write ROI [2304:2880, 10368:10944, 5184:5760] (576, 576, 576)
Recording block-done for octoS0SubroiZ15683136Y78409408X1097612544Difficultsoma_pred_affs/6825 with read ROI [1808:3376, 10448:12016, 5264:6832] (1568, 1568, 1568) and write ROI [2304:2880, 10944:11520, 5760:6336] (576, 576, 576)
Recorded block-done for octoS0SubroiZ15683136Y78409408X1097612544Difficultsoma_pred_affs/6825 with read ROI [1808:3376, 10448:12016, 5264:6832] (1568, 1568, 1568) and write ROI [2304:2880, 10944:11520, 5760:6336] (576, 576, 576)
Recording block-done for octoS0SubroiZ15683136Y78409408X1097612544Difficultsoma_pred_affs/5736 with read ROI [1808:3376, 10448:12016, 4112:5680] (1568, 1568, 1568) and write ROI [2304:2880, 10944:11520, 4608:5184] (576, 576, 576)
Recorded block-done for octoS0SubroiZ15683136Y78409408X1097612544Difficultsoma_pred_affs/5736 with read ROI [1808:3376, 10448:12016, 4112:5680] (1568, 1568, 1568) and write ROI [2304:2880, 10944:11520, 4608:5184] (576, 576, 576)
Recording block-done for octoS0SubroiZ15683136Y78409408X1097612544Difficultsoma_pred_affs/8027 with read ROI [1808:3376, 9872:11440, 6992:8560] (1568, 1568, 1568) and write ROI [2304:2880, 10368:10944, 7488:8064] (576, 576, 576)
Recorded block-done for octoS0SubroiZ15683136Y78409408X1097612544Difficultsoma_pred_affs/8027 with read ROI [1808:3376, 9872:11440, 6992:8560] (1568, 1568, 1568) and write ROI [2304:2880, 10368:10944, 7488:8064] (576, 576, 576)
Recording block-done for octoS0SubroiZ15683136Y78409408X1097612544Difficultsoma_pred_affs/9419 with read ROI [1808:3376, 10448:12016, 7568:9136] (1568, 1568, 1568) and write ROI [2304:2880, 10944:11520, 8064:8640] (576, 576, 576)
Recorded block-done for octoS0SubroiZ15683136Y78409408X1097612544Difficultsoma_pred_affs/9419 with read ROI [1808:3376, 10448:12016, 7568:9136] (1568, 1568, 1568) and write ROI [2304:2880, 10944:11520, 8064:8640] (576, 576, 576)
Recording block-done for octoS0SubroiZ15683136Y78409408X1097612544Difficultsoma_pred_affs/11760 with read ROI [1808:3376, 10448:12016, 9296:10864] (1568, 1568, 1568) and write ROI [2304:2880, 10944:11520, 9792:10368] (576, 576, 576)
Recorded block-done for octoS0SubroiZ15683136Y78409408X1097612544Difficultsoma_pred_affs/11760 with read ROI [1808:3376, 10448:12016, 9296:10864] (1568, 1568, 1568) and write ROI [2304:2880, 10944:11520, 9792:10368] (576, 576, 576)
Recording block-done for octoS0SubroiZ15683136Y78409408X1097612544Difficultsoma_pred_affs/146 with read ROI [2384:3952, 80:1648, 656:2224] (1568, 1568, 1568) and write ROI [2880:3456, 576:1152, 1152:1728] (576, 576, 576)
Recorded block-done for octoS0SubroiZ15683136Y78409408X1097612544Difficultsoma_pred_affs/146 with read ROI [2384:3952, 80:1648, 656:2224] (1568, 1568, 1568) and write ROI [2880:3456, 576:1152, 1152:1728] (576, 576, 576)
Recording block-done for octoS0SubroiZ15683136Y78409408X1097612544Difficultsoma_pred_affs/2050 with read ROI [2384:3952, 80:1648, 8720:10288] (1568, 1568, 1568) and write ROI [2880:3456, 576:1152, 9216:9792] (576, 576, 576)
Recorded block-done for octoS0SubroiZ15683136Y78409408X1097612544Difficultsoma_pred_affs/2050 with read ROI [2384:3952, 80:1648, 8720:10288] (1568, 1568, 1568) and write ROI [2880:3456, 576:1152, 9216:9792] (576, 576, 576)
Recording block-done for octoS0SubroiZ15683136Y78409408X1097612544Difficultsoma_pred_affs/2951 with read ROI [2384:3952, 80:1648, 10448:12016] (1568, 1568, 1568) and write ROI [2880:3456, 576:1152, 10944:11520] (576, 576, 576)
Recorded block-done for octoS0SubroiZ15683136Y78409408X1097612544Difficultsoma_pred_affs/2951 with read ROI [2384:3952, 80:1648, 10448:12016] (1568, 1568, 1568) and write ROI [2880:3456, 576:1152, 10944:11520] (576, 576, 576)
Recording block-done for octoS0SubroiZ15683136Y78409408X1097612544Difficultsoma_pred_affs/481 with read ROI [2384:3952, 80:1648, 3536:5104] (1568, 1568, 1568) and write ROI [2880:3456, 576:1152, 4032:4608] (576, 576, 576)
Recorded block-done for octoS0SubroiZ15683136Y78409408X1097612544Difficultsoma_pred_affs/481 with read ROI [2384:3952, 80:1648, 3536:5104] (1568, 1568, 1568) and write ROI [2880:3456, 576:1152, 4032:4608] (576, 576, 576)
Recording block-done for octoS0SubroiZ15683136Y78409408X1097612544Difficultsoma_pred_affs/1356 with read ROI [2384:3952, 80:1648, 6992:8560] (1568, 1568, 1568) and write ROI [2880:3456, 576:1152, 7488:8064] (576, 576, 576)
Recorded block-done for octoS0SubroiZ15683136Y78409408X1097612544Difficultsoma_pred_affs/1356 with read ROI [2384:3952, 80:1648, 6992:8560] (1568, 1568, 1568) and write ROI [2880:3456, 576:1152, 7488:8064] (576, 576, 576)
Recording block-done for octoS0SubroiZ15683136Y78409408X1097612544Difficultsoma_pred_affs/1181 with read ROI [2384:3952, 1232:2800, 5264:6832] (1568, 1568, 1568) and write ROI [2880:3456, 1728:2304, 5760:6336] (576, 576, 576)
Recorded block-done for octoS0SubroiZ15683136Y78409408X1097612544Difficultsoma_pred_affs/1181 with read ROI [2384:3952, 1232:2800, 5264:6832] (1568, 1568, 1568) and write ROI [2880:3456, 1728:2304, 5760:6336] (576, 576, 576)
Recording block-done for octoS0SubroiZ15683136Y78409408X1097612544Difficultsoma_pred_affs/206 with read ROI [2384:3952, 1232:2800, 80:1648] (1568, 1568, 1568) and write ROI [2880:3456, 1728:2304, 576:1152] (576, 576, 576)
Recorded block-done for octoS0SubroiZ15683136Y78409408X1097612544Difficultsoma_pred_affs/206 with read ROI [2384:3952, 1232:2800, 80:1648] (1568, 1568, 1568) and write ROI [2880:3456, 1728:2304, 576:1152] (576, 576, 576)
Recording block-done for octoS0SubroiZ15683136Y78409408X1097612544Difficultsoma_pred_affs/1573 with read ROI [2384:3952, 656:2224, 6992:8560] (1568, 1568, 1568) and write ROI [2880:3456, 1152:1728, 7488:8064] (576, 576, 576)
Recorded block-done for octoS0SubroiZ15683136Y78409408X1097612544Difficultsoma_pred_affs/1573 with read ROI [2384:3952, 656:2224, 6992:8560] (1568, 1568, 1568) and write ROI [2880:3456, 1152:1728, 7488:8064] (576, 576, 576)
Recording block-done for octoS0SubroiZ15683136Y78409408X1097612544Difficultsoma_pred_affs/1812 with read ROI [2384:3952, 1232:2800, 6992:8560] (1568, 1568, 1568) and write ROI [2880:3456, 1728:2304, 7488:8064] (576, 576, 576)
Recorded block-done for octoS0SubroiZ15683136Y78409408X1097612544Difficultsoma_pred_affs/1812 with read ROI [2384:3952, 1232:2800, 6992:8560] (1568, 1568, 1568) and write ROI [2880:3456, 1728:2304, 7488:8064] (576, 576, 576)
Recording block-done for octoS0SubroiZ15683136Y78409408X1097612544Difficultsoma_pred_affs/1190 with read ROI [2384:3952, 1808:3376, 4688:6256] (1568, 1568, 1568) and write ROI [2880:3456, 2304:2880, 5184:5760] (576, 576, 576)
Recorded block-done for octoS0SubroiZ15683136Y78409408X1097612544Difficultsoma_pred_affs/1190 with read ROI [2384:3952, 1808:3376, 4688:6256] (1568, 1568, 1568) and write ROI [2880:3456, 2304:2880, 5184:5760] (576, 576, 576)
Recording block-done for octoS0SubroiZ15683136Y78409408X1097612544Difficultsoma_pred_affs/3326 with read ROI [2384:3952, 1808:3376, 9296:10864] (1568, 1568, 1568) and write ROI [2880:3456, 2304:2880, 9792:10368] (576, 576, 576)
Recorded block-done for octoS0SubroiZ15683136Y78409408X1097612544Difficultsoma_pred_affs/3326 with read ROI [2384:3952, 1808:3376, 9296:10864] (1568, 1568, 1568) and write ROI [2880:3456, 2304:2880, 9792:10368] (576, 576, 576)
Recording block-done for octoS0SubroiZ15683136Y78409408X1097612544Difficultsoma_pred_affs/4110 with read ROI [2384:3952, 1808:3376, 10448:12016] (1568, 1568, 1568) and write ROI [2880:3456, 2304:2880, 10944:11520] (576, 576, 576)
Recorded block-done for octoS0SubroiZ15683136Y78409408X1097612544Difficultsoma_pred_affs/4110 with read ROI [2384:3952, 1808:3376, 10448:12016] (1568, 1568, 1568) and write ROI [2880:3456, 2304:2880, 10944:11520] (576, 576, 576)
Recording block-done for octoS0SubroiZ15683136Y78409408X1097612544Difficultsoma_pred_affs/1200 with read ROI [2384:3952, 2384:3952, 4112:5680] (1568, 1568, 1568) and write ROI [2880:3456, 2880:3456, 4608:5184] (576, 576, 576)
Recorded block-done for octoS0SubroiZ15683136Y78409408X1097612544Difficultsoma_pred_affs/1200 with read ROI [2384:3952, 2384:3952, 4112:5680] (1568, 1568, 1568) and write ROI [2880:3456, 2880:3456, 4608:5184] (576, 576, 576)
Recording block-done for octoS0SubroiZ15683136Y78409408X1097612544Difficultsoma_pred_affs/1029 with read ROI [2384:3952, 2384:3952, 3536:5104] (1568, 1568, 1568) and write ROI [2880:3456, 2880:3456, 4032:4608] (576, 576, 576)
Recorded block-done for octoS0SubroiZ15683136Y78409408X1097612544Difficultsoma_pred_affs/1029 with read ROI [2384:3952, 2384:3952, 3536:5104] (1568, 1568, 1568) and write ROI [2880:3456, 2880:3456, 4032:4608] (576, 576, 576)
Recording block-done for octoS0SubroiZ15683136Y78409408X1097612544Difficultsoma_pred_affs/4566 with read ROI [2384:3952, 2960:4528, 9872:11440] (1568, 1568, 1568) and write ROI [2880:3456, 3456:4032, 10368:10944] (576, 576, 576)
Recorded block-done for octoS0SubroiZ15683136Y78409408X1097612544Difficultsoma_pred_affs/4566 with read ROI [2384:3952, 2960:4528, 9872:11440] (1568, 1568, 1568) and write ROI [2880:3456, 3456:4032, 10368:10944] (576, 576, 576)
Recording block-done for octoS0SubroiZ15683136Y78409408X1097612544Difficultsoma_pred_affs/887 with read ROI [2384:3952, 2960:4528, 2384:3952] (1568, 1568, 1568) and write ROI [2880:3456, 3456:4032, 2880:3456] (576, 576, 576)
Recorded block-done for octoS0SubroiZ15683136Y78409408X1097612544Difficultsoma_pred_affs/887 with read ROI [2384:3952, 2960:4528, 2384:3952] (1568, 1568, 1568) and write ROI [2880:3456, 3456:4032, 2880:3456] (576, 576, 576)
Recording block-done for octoS0SubroiZ15683136Y78409408X1097612544Difficultsoma_pred_affs/435 with read ROI [2384:3952, 2960:4528, 80:1648] (1568, 1568, 1568) and write ROI [2880:3456, 3456:4032, 576:1152] (576, 576, 576)
Recorded block-done for octoS0SubroiZ15683136Y78409408X1097612544Difficultsoma_pred_affs/435 with read ROI [2384:3952, 2960:4528, 80:1648] (1568, 1568, 1568) and write ROI [2880:3456, 3456:4032, 576:1152] (576, 576, 576)
Recording block-done for octoS0SubroiZ15683136Y78409408X1097612544Difficultsoma_pred_affs/3347 with read ROI [2384:3952, 2960:4528, 8144:9712] (1568, 1568, 1568) and write ROI [2880:3456, 3456:4032, 8640:9216] (576, 576, 576)
Recorded block-done for octoS0SubroiZ15683136Y78409408X1097612544Difficultsoma_pred_affs/3347 with read ROI [2384:3952, 2960:4528, 8144:9712] (1568, 1568, 1568) and write ROI [2880:3456, 3456:4032, 8640:9216] (576, 576, 576)
Recording block-done for octoS0SubroiZ15683136Y78409408X1097612544Difficultsoma_pred_affs/2107 with read ROI [2384:3952, 3536:5104, 5264:6832] (1568, 1568, 1568) and write ROI [2880:3456, 4032:4608, 5760:6336] (576, 576, 576)
Recorded block-done for octoS0SubroiZ15683136Y78409408X1097612544Difficultsoma_pred_affs/2107 with read ROI [2384:3952, 3536:5104, 5264:6832] (1568, 1568, 1568) and write ROI [2880:3456, 4032:4608, 5760:6336] (576, 576, 576)
Recording block-done for octoS0SubroiZ15683136Y78409408X1097612544Difficultsoma_pred_affs/776 with read ROI [2384:3952, 4112:5680, 656:2224] (1568, 1568, 1568) and write ROI [2880:3456, 4608:5184, 1152:1728] (576, 576, 576)
Recorded block-done for octoS0SubroiZ15683136Y78409408X1097612544Difficultsoma_pred_affs/776 with read ROI [2384:3952, 4112:5680, 656:2224] (1568, 1568, 1568) and write ROI [2880:3456, 4608:5184, 1152:1728] (576, 576, 576)
Recording block-done for octoS0SubroiZ15683136Y78409408X1097612544Difficultsoma_pred_affs/3021 with read ROI [2384:3952, 4112:5680, 6416:7984] (1568, 1568, 1568) and write ROI [2880:3456, 4608:5184, 6912:7488] (576, 576, 576)
Recorded block-done for octoS0SubroiZ15683136Y78409408X1097612544Difficultsoma_pred_affs/3021 with read ROI [2384:3952, 4112:5680, 6416:7984] (1568, 1568, 1568) and write ROI [2880:3456, 4608:5184, 6912:7488] (576, 576, 576)
Recording block-done for octoS0SubroiZ15683136Y78409408X1097612544Difficultsoma_pred_affs/3750 with read ROI [2384:3952, 4112:5680, 7568:9136] (1568, 1568, 1568) and write ROI [2880:3456, 4608:5184, 8064:8640] (576, 576, 576)
Recorded block-done for octoS0SubroiZ15683136Y78409408X1097612544Difficultsoma_pred_affs/3750 with read ROI [2384:3952, 4112:5680, 7568:9136] (1568, 1568, 1568) and write ROI [2880:3456, 4608:5184, 8064:8640] (576, 576, 576)
Recording block-done for octoS0SubroiZ15683136Y78409408X1097612544Difficultsoma_pred_affs/3737 with read ROI [2384:3952, 3536:5104, 8144:9712] (1568, 1568, 1568) and write ROI [2880:3456, 4032:4608, 8640:9216] (576, 576, 576)
Recorded block-done for octoS0SubroiZ15683136Y78409408X1097612544Difficultsoma_pred_affs/3737 with read ROI [2384:3952, 3536:5104, 8144:9712] (1568, 1568, 1568) and write ROI [2880:3456, 4032:4608, 8640:9216] (576, 576, 576)
Recording block-done for octoS0SubroiZ15683136Y78409408X1097612544Difficultsoma_pred_affs/3008 with read ROI [2384:3952, 3536:5104, 6992:8560] (1568, 1568, 1568) and write ROI [2880:3456, 4032:4608, 7488:8064] (576, 576, 576)
Recorded block-done for octoS0SubroiZ15683136Y78409408X1097612544Difficultsoma_pred_affs/3008 with read ROI [2384:3952, 3536:5104, 6992:8560] (1568, 1568, 1568) and write ROI [2880:3456, 4032:4608, 7488:8064] (576, 576, 576)
Recording block-done for octoS0SubroiZ15683136Y78409408X1097612544Difficultsoma_pred_affs/790 with read ROI [2384:3952, 4688:6256, 80:1648] (1568, 1568, 1568) and write ROI [2880:3456, 5184:5760, 576:1152] (576, 576, 576)
Recorded block-done for octoS0SubroiZ15683136Y78409408X1097612544Difficultsoma_pred_affs/790 with read ROI [2384:3952, 4688:6256, 80:1648] (1568, 1568, 1568) and write ROI [2880:3456, 5184:5760, 576:1152] (576, 576, 576)
Recording block-done for octoS0SubroiZ15683136Y78409408X1097612544Difficultsoma_pred_affs/1265 with read ROI [2384:3952, 5264:6832, 1232:2800] (1568, 1568, 1568) and write ROI [2880:3456, 5760:6336, 1728:2304] (576, 576, 576)
Recorded block-done for octoS0SubroiZ15683136Y78409408X1097612544Difficultsoma_pred_affs/1265 with read ROI [2384:3952, 5264:6832, 1232:2800] (1568, 1568, 1568) and write ROI [2880:3456, 5760:6336, 1728:2304] (576, 576, 576)
Recording block-done for octoS0SubroiZ15683136Y78409408X1097612544Difficultsoma_pred_affs/1665 with read ROI [2384:3952, 5264:6832, 2384:3952] (1568, 1568, 1568) and write ROI [2880:3456, 5760:6336, 2880:3456] (576, 576, 576)
Recorded block-done for octoS0SubroiZ15683136Y78409408X1097612544Difficultsoma_pred_affs/1665 with read ROI [2384:3952, 5264:6832, 2384:3952] (1568, 1568, 1568) and write ROI [2880:3456, 5760:6336, 2880:3456] (576, 576, 576)
Recording block-done for octoS0SubroiZ15683136Y78409408X1097612544Difficultsoma_pred_affs/2134 with read ROI [2384:3952, 4688:6256, 4112:5680] (1568, 1568, 1568) and write ROI [2880:3456, 5184:5760, 4608:5184] (576, 576, 576)
Recorded block-done for octoS0SubroiZ15683136Y78409408X1097612544Difficultsoma_pred_affs/2134 with read ROI [2384:3952, 4688:6256, 4112:5680] (1568, 1568, 1568) and write ROI [2880:3456, 5184:5760, 4608:5184] (576, 576, 576)
Recording block-done for octoS0SubroiZ15683136Y78409408X1097612544Difficultsoma_pred_affs/3050 with read ROI [2384:3952, 5264:6832, 5264:6832] (1568, 1568, 1568) and write ROI [2880:3456, 5760:6336, 5760:6336] (576, 576, 576)
Recorded block-done for octoS0SubroiZ15683136Y78409408X1097612544Difficultsoma_pred_affs/3050 with read ROI [2384:3952, 5264:6832, 5264:6832] (1568, 1568, 1568) and write ROI [2880:3456, 5760:6336, 5760:6336] (576, 576, 576)
Recording block-done for octoS0SubroiZ15683136Y78409408X1097612544Difficultsoma_pred_affs/2149 with read ROI [2384:3952, 5264:6832, 3536:5104] (1568, 1568, 1568) and write ROI [2880:3456, 5760:6336, 4032:4608] (576, 576, 576)
Recorded block-done for octoS0SubroiZ15683136Y78409408X1097612544Difficultsoma_pred_affs/2149 with read ROI [2384:3952, 5264:6832, 3536:5104] (1568, 1568, 1568) and write ROI [2880:3456, 5760:6336, 4032:4608] (576, 576, 576)
Recording block-done for octoS0SubroiZ15683136Y78409408X1097612544Difficultsoma_pred_affs/3417 with read ROI [2384:3952, 5840:7408, 5264:6832] (1568, 1568, 1568) and write ROI [2880:3456, 6336:6912, 5760:6336] (576, 576, 576)
Recorded block-done for octoS0SubroiZ15683136Y78409408X1097612544Difficultsoma_pred_affs/3417 with read ROI [2384:3952, 5840:7408, 5264:6832] (1568, 1568, 1568) and write ROI [2880:3456, 6336:6912, 5760:6336] (576, 576, 576)
Recording block-done for octoS0SubroiZ15683136Y78409408X1097612544Difficultsoma_pred_affs/7265 with read ROI [2384:3952, 5264:6832, 10448:12016] (1568, 1568, 1568) and write ROI [2880:3456, 5760:6336, 10944:11520] (576, 576, 576)
Recorded block-done for octoS0SubroiZ15683136Y78409408X1097612544Difficultsoma_pred_affs/7265 with read ROI [2384:3952, 5264:6832, 10448:12016] (1568, 1568, 1568) and write ROI [2880:3456, 5760:6336, 10944:11520] (576, 576, 576)
Recording block-done for octoS0SubroiZ15683136Y78409408X1097612544Difficultsoma_pred_affs/6125 with read ROI [2384:3952, 5840:7408, 8720:10288] (1568, 1568, 1568) and write ROI [2880:3456, 6336:6912, 9216:9792] (576, 576, 576)
Recorded block-done for octoS0SubroiZ15683136Y78409408X1097612544Difficultsoma_pred_affs/6125 with read ROI [2384:3952, 5840:7408, 8720:10288] (1568, 1568, 1568) and write ROI [2880:3456, 6336:6912, 9216:9792] (576, 576, 576)
Recording block-done for octoS0SubroiZ15683136Y78409408X1097612544Difficultsoma_pred_affs/1110 with read ROI [2384:3952, 5840:7408, 80:1648] (1568, 1568, 1568) and write ROI [2880:3456, 6336:6912, 576:1152] (576, 576, 576)
Recorded block-done for octoS0SubroiZ15683136Y78409408X1097612544Difficultsoma_pred_affs/1110 with read ROI [2384:3952, 5840:7408, 80:1648] (1568, 1568, 1568) and write ROI [2880:3456, 6336:6912, 576:1152] (576, 576, 576)
Recording block-done for octoS0SubroiZ15683136Y78409408X1097612544Difficultsoma_pred_affs/4620 with read ROI [2384:3952, 5264:6832, 7568:9136] (1568, 1568, 1568) and write ROI [2880:3456, 5760:6336, 8064:8640] (576, 576, 576)
Recorded block-done for octoS0SubroiZ15683136Y78409408X1097612544Difficultsoma_pred_affs/4620 with read ROI [2384:3952, 5264:6832, 7568:9136] (1568, 1568, 1568) and write ROI [2880:3456, 5760:6336, 8064:8640] (576, 576, 576)
Recording block-done for octoS0SubroiZ15683136Y78409408X1097612544Difficultsoma_pred_affs/4218 with read ROI [2384:3952, 6416:7984, 5840:7408] (1568, 1568, 1568) and write ROI [2880:3456, 6912:7488, 6336:6912] (576, 576, 576)
Recorded block-done for octoS0SubroiZ15683136Y78409408X1097612544Difficultsoma_pred_affs/4218 with read ROI [2384:3952, 6416:7984, 5840:7408] (1568, 1568, 1568) and write ROI [2880:3456, 6912:7488, 6336:6912] (576, 576, 576)
Recording block-done for octoS0SubroiZ15683136Y78409408X1097612544Difficultsoma_pred_affs/1488 with read ROI [2384:3952, 6416:7984, 656:2224] (1568, 1568, 1568) and write ROI [2880:3456, 6912:7488, 1152:1728] (576, 576, 576)
Recorded block-done for octoS0SubroiZ15683136Y78409408X1097612544Difficultsoma_pred_affs/1488 with read ROI [2384:3952, 6416:7984, 656:2224] (1568, 1568, 1568) and write ROI [2880:3456, 6912:7488, 1152:1728] (576, 576, 576)
Recording block-done for octoS0SubroiZ15683136Y78409408X1097612544Difficultsoma_pred_affs/4653 with read ROI [2384:3952, 6416:7984, 6416:7984] (1568, 1568, 1568) and write ROI [2880:3456, 6912:7488, 6912:7488] (576, 576, 576)
Recorded block-done for octoS0SubroiZ15683136Y78409408X1097612544Difficultsoma_pred_affs/4653 with read ROI [2384:3952, 6416:7984, 6416:7984] (1568, 1568, 1568) and write ROI [2880:3456, 6912:7488, 6912:7488] (576, 576, 576)
Recording block-done for octoS0SubroiZ15683136Y78409408X1097612544Difficultsoma_pred_affs/2458 with read ROI [2384:3952, 6416:7984, 2960:4528] (1568, 1568, 1568) and write ROI [2880:3456, 6912:7488, 3456:4032] (576, 576, 576)
Recorded block-done for octoS0SubroiZ15683136Y78409408X1097612544Difficultsoma_pred_affs/2458 with read ROI [2384:3952, 6416:7984, 2960:4528] (1568, 1568, 1568) and write ROI [2880:3456, 6912:7488, 3456:4032] (576, 576, 576)
Recording block-done for octoS0SubroiZ15683136Y78409408X1097612544Difficultsoma_pred_affs/6142 with read ROI [2384:3952, 6416:7984, 8144:9712] (1568, 1568, 1568) and write ROI [2880:3456, 6912:7488, 8640:9216] (576, 576, 576)
Recorded block-done for octoS0SubroiZ15683136Y78409408X1097612544Difficultsoma_pred_affs/6142 with read ROI [2384:3952, 6416:7984, 8144:9712] (1568, 1568, 1568) and write ROI [2880:3456, 6912:7488, 8640:9216] (576, 576, 576)
Recording block-done for octoS0SubroiZ15683136Y78409408X1097612544Difficultsoma_pred_affs/1966 with read ROI [2384:3952, 7568:9136, 656:2224] (1568, 1568, 1568) and write ROI [2880:3456, 8064:8640, 1152:1728] (576, 576, 576)
Recorded block-done for octoS0SubroiZ15683136Y78409408X1097612544Difficultsoma_pred_affs/1966 with read ROI [2384:3952, 7568:9136, 656:2224] (1568, 1568, 1568) and write ROI [2880:3456, 8064:8640, 1152:1728] (576, 576, 576)
Recording block-done for octoS0SubroiZ15683136Y78409408X1097612544Difficultsoma_pred_affs/1735 with read ROI [2384:3952, 7568:9136, 80:1648] (1568, 1568, 1568) and write ROI [2880:3456, 8064:8640, 576:1152] (576, 576, 576)
Recorded block-done for octoS0SubroiZ15683136Y78409408X1097612544Difficultsoma_pred_affs/1735 with read ROI [2384:3952, 7568:9136, 80:1648] (1568, 1568, 1568) and write ROI [2880:3456, 8064:8640, 576:1152] (576, 576, 576)
Recording block-done for octoS0SubroiZ15683136Y78409408X1097612544Difficultsoma_pred_affs/7946 with read ROI [2384:3952, 6992:8560, 9296:10864] (1568, 1568, 1568) and write ROI [2880:3456, 7488:8064, 9792:10368] (576, 576, 576)
Recorded block-done for octoS0SubroiZ15683136Y78409408X1097612544Difficultsoma_pred_affs/7946 with read ROI [2384:3952, 6992:8560, 9296:10864] (1568, 1568, 1568) and write ROI [2880:3456, 7488:8064, 9792:10368] (576, 576, 576)
Recording block-done for octoS0SubroiZ15683136Y78409408X1097612544Difficultsoma_pred_affs/2795 with read ROI [2384:3952, 7568:9136, 2384:3952] (1568, 1568, 1568) and write ROI [2880:3456, 8064:8640, 2880:3456] (576, 576, 576)
Recorded block-done for octoS0SubroiZ15683136Y78409408X1097612544Difficultsoma_pred_affs/2795 with read ROI [2384:3952, 7568:9136, 2384:3952] (1568, 1568, 1568) and write ROI [2880:3456, 8064:8640, 2880:3456] (576, 576, 576)
Recording block-done for octoS0SubroiZ15683136Y78409408X1097612544Difficultsoma_pred_affs/5155 with read ROI [2384:3952, 7568:9136, 5840:7408] (1568, 1568, 1568) and write ROI [2880:3456, 8064:8640, 6336:6912] (576, 576, 576)
Recorded block-done for octoS0SubroiZ15683136Y78409408X1097612544Difficultsoma_pred_affs/5155 with read ROI [2384:3952, 7568:9136, 5840:7408] (1568, 1568, 1568) and write ROI [2880:3456, 8064:8640, 6336:6912] (576, 576, 576)
Recording block-done for octoS0SubroiZ15683136Y78409408X1097612544Difficultsoma_pred_affs/4275 with read ROI [2384:3952, 8144:9712, 4112:5680] (1568, 1568, 1568) and write ROI [2880:3456, 8640:9216, 4608:5184] (576, 576, 576)
Recorded block-done for octoS0SubroiZ15683136Y78409408X1097612544Difficultsoma_pred_affs/4275 with read ROI [2384:3952, 8144:9712, 4112:5680] (1568, 1568, 1568) and write ROI [2880:3456, 8640:9216, 4608:5184] (576, 576, 576)
Recording block-done for octoS0SubroiZ15683136Y78409408X1097612544Difficultsoma_pred_affs/2515 with read ROI [2384:3952, 8144:9712, 1232:2800] (1568, 1568, 1568) and write ROI [2880:3456, 8640:9216, 1728:2304] (576, 576, 576)
Recorded block-done for octoS0SubroiZ15683136Y78409408X1097612544Difficultsoma_pred_affs/2515 with read ROI [2384:3952, 8144:9712, 1232:2800] (1568, 1568, 1568) and write ROI [2880:3456, 8640:9216, 1728:2304] (576, 576, 576)
Recording block-done for octoS0SubroiZ15683136Y78409408X1097612544Difficultsoma_pred_affs/3491 with read ROI [2384:3952, 8144:9712, 2960:4528] (1568, 1568, 1568) and write ROI [2880:3456, 8640:9216, 3456:4032] (576, 576, 576)
Recorded block-done for octoS0SubroiZ15683136Y78409408X1097612544Difficultsoma_pred_affs/3491 with read ROI [2384:3952, 8144:9712, 2960:4528] (1568, 1568, 1568) and write ROI [2880:3456, 8640:9216, 3456:4032] (576, 576, 576)
Recording block-done for octoS0SubroiZ15683136Y78409408X1097612544Difficultsoma_pred_affs/3869 with read ROI [2384:3952, 8144:9712, 3536:5104] (1568, 1568, 1568) and write ROI [2880:3456, 8640:9216, 4032:4608] (576, 576, 576)
Recorded block-done for octoS0SubroiZ15683136Y78409408X1097612544Difficultsoma_pred_affs/3869 with read ROI [2384:3952, 8144:9712, 3536:5104] (1568, 1568, 1568) and write ROI [2880:3456, 8640:9216, 4032:4608] (576, 576, 576)
Recording block-done for octoS0SubroiZ15683136Y78409408X1097612544Difficultsoma_pred_affs/6199 with read ROI [2384:3952, 8144:9712, 6416:7984] (1568, 1568, 1568) and write ROI [2880:3456, 8640:9216, 6912:7488] (576, 576, 576)
Recorded block-done for octoS0SubroiZ15683136Y78409408X1097612544Difficultsoma_pred_affs/6199 with read ROI [2384:3952, 8144:9712, 6416:7984] (1568, 1568, 1568) and write ROI [2880:3456, 8640:9216, 6912:7488] (576, 576, 576)
Recording block-done for octoS0SubroiZ15683136Y78409408X1097612544Difficultsoma_pred_affs/4296 with read ROI [2384:3952, 8720:10288, 3536:5104] (1568, 1568, 1568) and write ROI [2880:3456, 9216:9792, 4032:4608] (576, 576, 576)
Recorded block-done for octoS0SubroiZ15683136Y78409408X1097612544Difficultsoma_pred_affs/4296 with read ROI [2384:3952, 8720:10288, 3536:5104] (1568, 1568, 1568) and write ROI [2880:3456, 9216:9792, 4032:4608] (576, 576, 576)
Recording block-done for octoS0SubroiZ15683136Y78409408X1097612544Difficultsoma_pred_affs/11716 with read ROI [2384:3952, 8720:10288, 10448:12016] (1568, 1568, 1568) and write ROI [2880:3456, 9216:9792, 10944:11520] (576, 576, 576)
Recorded block-done for octoS0SubroiZ15683136Y78409408X1097612544Difficultsoma_pred_affs/11716 with read ROI [2384:3952, 8720:10288, 10448:12016] (1568, 1568, 1568) and write ROI [2880:3456, 9216:9792, 10944:11520] (576, 576, 576)
Recording block-done for octoS0SubroiZ15683136Y78409408X1097612544Difficultsoma_pred_affs/2858 with read ROI [2384:3952, 9296:10864, 656:2224] (1568, 1568, 1568) and write ROI [2880:3456, 9792:10368, 1152:1728] (576, 576, 576)
Recorded block-done for octoS0SubroiZ15683136Y78409408X1097612544Difficultsoma_pred_affs/2858 with read ROI [2384:3952, 9296:10864, 656:2224] (1568, 1568, 1568) and write ROI [2880:3456, 9792:10368, 1152:1728] (576, 576, 576)
Recording block-done for octoS0SubroiZ15683136Y78409408X1097612544Difficultsoma_pred_affs/10138 with read ROI [2384:3952, 9296:10864, 8720:10288] (1568, 1568, 1568) and write ROI [2880:3456, 9792:10368, 9216:9792] (576, 576, 576)
Recorded block-done for octoS0SubroiZ15683136Y78409408X1097612544Difficultsoma_pred_affs/10138 with read ROI [2384:3952, 9296:10864, 8720:10288] (1568, 1568, 1568) and write ROI [2880:3456, 9792:10368, 9216:9792] (576, 576, 576)
Recording block-done for octoS0SubroiZ15683136Y78409408X1097612544Difficultsoma_pred_affs/6242 with read ROI [2384:3952, 9296:10864, 5264:6832] (1568, 1568, 1568) and write ROI [2880:3456, 9792:10368, 5760:6336] (576, 576, 576)
Recorded block-done for octoS0SubroiZ15683136Y78409408X1097612544Difficultsoma_pred_affs/6242 with read ROI [2384:3952, 9296:10864, 5264:6832] (1568, 1568, 1568) and write ROI [2880:3456, 9792:10368, 5760:6336] (576, 576, 576)
Recording block-done for octoS0SubroiZ15683136Y78409408X1097612544Difficultsoma_pred_affs/3912 with read ROI [2384:3952, 9296:10864, 2384:3952] (1568, 1568, 1568) and write ROI [2880:3456, 9792:10368, 2880:3456] (576, 576, 576)
Recorded block-done for octoS0SubroiZ15683136Y78409408X1097612544Difficultsoma_pred_affs/3912 with read ROI [2384:3952, 9296:10864, 2384:3952] (1568, 1568, 1568) and write ROI [2880:3456, 9792:10368, 2880:3456] (576, 576, 576)
Recording block-done for octoS0SubroiZ15683136Y78409408X1097612544Difficultsoma_pred_affs/4365 with read ROI [2384:3952, 10448:12016, 1808:3376] (1568, 1568, 1568) and write ROI [2880:3456, 10944:11520, 2304:2880] (576, 576, 576)
Recorded block-done for octoS0SubroiZ15683136Y78409408X1097612544Difficultsoma_pred_affs/4365 with read ROI [2384:3952, 10448:12016, 1808:3376] (1568, 1568, 1568) and write ROI [2880:3456, 10944:11520, 2304:2880] (576, 576, 576)
Recording block-done for octoS0SubroiZ15683136Y78409408X1097612544Difficultsoma_pred_affs/6265 with read ROI [2384:3952, 9872:11440, 4688:6256] (1568, 1568, 1568) and write ROI [2880:3456, 10368:10944, 5184:5760] (576, 576, 576)
Recorded block-done for octoS0SubroiZ15683136Y78409408X1097612544Difficultsoma_pred_affs/6265 with read ROI [2384:3952, 9872:11440, 4688:6256] (1568, 1568, 1568) and write ROI [2880:3456, 10368:10944, 5184:5760] (576, 576, 576)
Recording block-done for octoS0SubroiZ15683136Y78409408X1097612544Difficultsoma_pred_affs/10941 with read ROI [2384:3952, 9872:11440, 8720:10288] (1568, 1568, 1568) and write ROI [2880:3456, 10368:10944, 9216:9792] (576, 576, 576)
Recorded block-done for octoS0SubroiZ15683136Y78409408X1097612544Difficultsoma_pred_affs/10941 with read ROI [2384:3952, 9872:11440, 8720:10288] (1568, 1568, 1568) and write ROI [2880:3456, 10368:10944, 9216:9792] (576, 576, 576)
Recording block-done for octoS0SubroiZ15683136Y78409408X1097612544Difficultsoma_pred_affs/5241 with read ROI [2384:3952, 9872:11440, 3536:5104] (1568, 1568, 1568) and write ROI [2880:3456, 10368:10944, 4032:4608] (576, 576, 576)
Recorded block-done for octoS0SubroiZ15683136Y78409408X1097612544Difficultsoma_pred_affs/5241 with read ROI [2384:3952, 9872:11440, 3536:5104] (1568, 1568, 1568) and write ROI [2880:3456, 10368:10944, 4032:4608] (576, 576, 576)
Recording block-done for octoS0SubroiZ15683136Y78409408X1097612544Difficultsoma_pred_affs/8741 with read ROI [2384:3952, 10448:12016, 6416:7984] (1568, 1568, 1568) and write ROI [2880:3456, 10944:11520, 6912:7488] (576, 576, 576)
Recorded block-done for octoS0SubroiZ15683136Y78409408X1097612544Difficultsoma_pred_affs/8741 with read ROI [2384:3952, 10448:12016, 6416:7984] (1568, 1568, 1568) and write ROI [2880:3456, 10944:11520, 6912:7488] (576, 576, 576)
Recording block-done for octoS0SubroiZ15683136Y78409408X1097612544Difficultsoma_pred_affs/714 with read ROI [2960:4528, 80:1648, 4112:5680] (1568, 1568, 1568) and write ROI [3456:4032, 576:1152, 4608:5184] (576, 576, 576)
Recorded block-done for octoS0SubroiZ15683136Y78409408X1097612544Difficultsoma_pred_affs/714 with read ROI [2960:4528, 80:1648, 4112:5680] (1568, 1568, 1568) and write ROI [3456:4032, 576:1152, 4608:5184] (576, 576, 576)
Recording block-done for octoS0SubroiZ15683136Y78409408X1097612544Difficultsoma_pred_affs/2634 with read ROI [2960:4528, 80:1648, 9296:10864] (1568, 1568, 1568) and write ROI [3456:4032, 576:1152, 9792:10368] (576, 576, 576)
Recorded block-done for octoS0SubroiZ15683136Y78409408X1097612544Difficultsoma_pred_affs/2634 with read ROI [2960:4528, 80:1648, 9296:10864] (1568, 1568, 1568) and write ROI [3456:4032, 576:1152, 9792:10368] (576, 576, 576)
Recording block-done for octoS0SubroiZ15683136Y78409408X1097612544Difficultsoma_pred_affs/1174 with read ROI [2960:4528, 80:1648, 5840:7408] (1568, 1568, 1568) and write ROI [3456:4032, 576:1152, 6336:6912] (576, 576, 576)
Recorded block-done for octoS0SubroiZ15683136Y78409408X1097612544Difficultsoma_pred_affs/1174 with read ROI [2960:4528, 80:1648, 5840:7408] (1568, 1568, 1568) and write ROI [3456:4032, 576:1152, 6336:6912] (576, 576, 576)
Recording block-done for octoS0SubroiZ15683136Y78409408X1097612544Difficultsoma_pred_affs/2058 with read ROI [2960:4528, 80:1648, 8144:9712] (1568, 1568, 1568) and write ROI [3456:4032, 576:1152, 8640:9216] (576, 576, 576)
Recorded block-done for octoS0SubroiZ15683136Y78409408X1097612544Difficultsoma_pred_affs/2058 with read ROI [2960:4528, 80:1648, 8144:9712] (1568, 1568, 1568) and write ROI [3456:4032, 576:1152, 8640:9216] (576, 576, 576)
Recording block-done for octoS0SubroiZ15683136Y78409408X1097612544Difficultsoma_pred_affs/858 with read ROI [2960:4528, 656:2224, 4112:5680] (1568, 1568, 1568) and write ROI [3456:4032, 1152:1728, 4608:5184] (576, 576, 576)
Recorded block-done for octoS0SubroiZ15683136Y78409408X1097612544Difficultsoma_pred_affs/858 with read ROI [2960:4528, 656:2224, 4112:5680] (1568, 1568, 1568) and write ROI [3456:4032, 1152:1728, 4608:5184] (576, 576, 576)
Recording block-done for octoS0SubroiZ15683136Y78409408X1097612544Difficultsoma_pred_affs/3318 with read ROI [2960:4528, 656:2224, 9872:11440] (1568, 1568, 1568) and write ROI [3456:4032, 1152:1728, 10368:10944] (576, 576, 576)
Recorded block-done for octoS0SubroiZ15683136Y78409408X1097612544Difficultsoma_pred_affs/3318 with read ROI [2960:4528, 656:2224, 9872:11440] (1568, 1568, 1568) and write ROI [3456:4032, 1152:1728, 10368:10944] (576, 576, 576)
Recording block-done for octoS0SubroiZ15683136Y78409408X1097612544Difficultsoma_pred_affs/506 with read ROI [2960:4528, 1232:2800, 1808:3376] (1568, 1568, 1568) and write ROI [3456:4032, 1728:2304, 2304:2880] (576, 576, 576)
Recorded block-done for octoS0SubroiZ15683136Y78409408X1097612544Difficultsoma_pred_affs/506 with read ROI [2960:4528, 1232:2800, 1808:3376] (1568, 1568, 1568) and write ROI [3456:4032, 1728:2304, 2304:2880] (576, 576, 576)
Recording block-done for octoS0SubroiZ15683136Y78409408X1097612544Difficultsoma_pred_affs/1591 with read ROI [2960:4528, 1232:2800, 5840:7408] (1568, 1568, 1568) and write ROI [3456:4032, 1728:2304, 6336:6912] (576, 576, 576)
Recorded block-done for octoS0SubroiZ15683136Y78409408X1097612544Difficultsoma_pred_affs/1591 with read ROI [2960:4528, 1232:2800, 5840:7408] (1568, 1568, 1568) and write ROI [3456:4032, 1728:2304, 6336:6912] (576, 576, 576)
Recording block-done for octoS0SubroiZ15683136Y78409408X1097612544Difficultsoma_pred_affs/867 with read ROI [2960:4528, 1232:2800, 3536:5104] (1568, 1568, 1568) and write ROI [3456:4032, 1728:2304, 4032:4608] (576, 576, 576)
Recorded block-done for octoS0SubroiZ15683136Y78409408X1097612544Difficultsoma_pred_affs/867 with read ROI [2960:4528, 1232:2800, 3536:5104] (1568, 1568, 1568) and write ROI [3456:4032, 1728:2304, 4032:4608] (576, 576, 576)
Recording block-done for octoS0SubroiZ15683136Y78409408X1097612544Difficultsoma_pred_affs/2075 with read ROI [2960:4528, 1232:2800, 6992:8560] (1568, 1568, 1568) and write ROI [3456:4032, 1728:2304, 7488:8064] (576, 576, 576)
Recorded block-done for octoS0SubroiZ15683136Y78409408X1097612544Difficultsoma_pred_affs/2075 with read ROI [2960:4528, 1232:2800, 6992:8560] (1568, 1568, 1568) and write ROI [3456:4032, 1728:2304, 7488:8064] (576, 576, 576)
Recording block-done for octoS0SubroiZ15683136Y78409408X1097612544Difficultsoma_pred_affs/1201 with read ROI [2960:4528, 1808:3376, 4112:5680] (1568, 1568, 1568) and write ROI [3456:4032, 2304:2880, 4608:5184] (576, 576, 576)
Recorded block-done for octoS0SubroiZ15683136Y78409408X1097612544Difficultsoma_pred_affs/1201 with read ROI [2960:4528, 1808:3376, 4112:5680] (1568, 1568, 1568) and write ROI [3456:4032, 2304:2880, 4608:5184] (576, 576, 576)
Recording block-done for octoS0SubroiZ15683136Y78409408X1097612544Difficultsoma_pred_affs/436 with read ROI [2960:4528, 2384:3952, 80:1648] (1568, 1568, 1568) and write ROI [3456:4032, 2880:3456, 576:1152] (576, 576, 576)
Recorded block-done for octoS0SubroiZ15683136Y78409408X1097612544Difficultsoma_pred_affs/436 with read ROI [2960:4528, 2384:3952, 80:1648] (1568, 1568, 1568) and write ROI [3456:4032, 2880:3456, 576:1152] (576, 576, 576)
Recording block-done for octoS0SubroiZ15683136Y78409408X1097612544Difficultsoma_pred_affs/2361 with read ROI [2960:4528, 1808:3376, 6992:8560] (1568, 1568, 1568) and write ROI [3456:4032, 2304:2880, 7488:8064] (576, 576, 576)
Recorded block-done for octoS0SubroiZ15683136Y78409408X1097612544Difficultsoma_pred_affs/2361 with read ROI [2960:4528, 1808:3376, 6992:8560] (1568, 1568, 1568) and write ROI [3456:4032, 2304:2880, 7488:8064] (576, 576, 576)
Recording block-done for octoS0SubroiZ15683136Y78409408X1097612544Difficultsoma_pred_affs/4567 with read ROI [2960:4528, 2384:3952, 9872:11440] (1568, 1568, 1568) and write ROI [3456:4032, 2880:3456, 10368:10944] (576, 576, 576)
Recorded block-done for octoS0SubroiZ15683136Y78409408X1097612544Difficultsoma_pred_affs/4567 with read ROI [2960:4528, 2384:3952, 9872:11440] (1568, 1568, 1568) and write ROI [3456:4032, 2880:3456, 10368:10944] (576, 576, 576)
Recording block-done for octoS0SubroiZ15683136Y78409408X1097612544Difficultsoma_pred_affs/2997 with read ROI [2960:4528, 2384:3952, 7568:9136] (1568, 1568, 1568) and write ROI [3456:4032, 2880:3456, 8064:8640] (576, 576, 576)
Recorded block-done for octoS0SubroiZ15683136Y78409408X1097612544Difficultsoma_pred_affs/2997 with read ROI [2960:4528, 2384:3952, 7568:9136] (1568, 1568, 1568) and write ROI [3456:4032, 2880:3456, 8064:8640] (576, 576, 576)
Recording block-done for octoS0SubroiZ15683136Y78409408X1097612544Difficultsoma_pred_affs/1624 with read ROI [2960:4528, 2960:4528, 4112:5680] (1568, 1568, 1568) and write ROI [3456:4032, 3456:4032, 4608:5184] (576, 576, 576)
Recorded block-done for octoS0SubroiZ15683136Y78409408X1097612544Difficultsoma_pred_affs/1624 with read ROI [2960:4528, 2960:4528, 4112:5680] (1568, 1568, 1568) and write ROI [3456:4032, 3456:4032, 4608:5184] (576, 576, 576)
Recording block-done for octoS0SubroiZ15683136Y78409408X1097612544Difficultsoma_pred_affs/1224 with read ROI [2960:4528, 2960:4528, 2960:4528] (1568, 1568, 1568) and write ROI [3456:4032, 3456:4032, 3456:4032] (576, 576, 576)
Recorded block-done for octoS0SubroiZ15683136Y78409408X1097612544Difficultsoma_pred_affs/1224 with read ROI [2960:4528, 2960:4528, 2960:4528] (1568, 1568, 1568) and write ROI [3456:4032, 3456:4032, 3456:4032] (576, 576, 576)
Recording block-done for octoS0SubroiZ15683136Y78409408X1097612544Difficultsoma_pred_affs/6081 with read ROI [2960:4528, 3536:5104, 10448:12016] (1568, 1568, 1568) and write ROI [3456:4032, 4032:4608, 10944:11520] (576, 576, 576)
Recorded block-done for octoS0SubroiZ15683136Y78409408X1097612544Difficultsoma_pred_affs/6081 with read ROI [2960:4528, 3536:5104, 10448:12016] (1568, 1568, 1568) and write ROI [3456:4032, 4032:4608, 10944:11520] (576, 576, 576)
Recording block-done for octoS0SubroiZ15683136Y78409408X1097612544Difficultsoma_pred_affs/2135 with read ROI [2960:4528, 4112:5680, 4112:5680] (1568, 1568, 1568) and write ROI [3456:4032, 4608:5184, 4608:5184] (576, 576, 576)
Recorded block-done for octoS0SubroiZ15683136Y78409408X1097612544Difficultsoma_pred_affs/2135 with read ROI [2960:4528, 4112:5680, 4112:5680] (1568, 1568, 1568) and write ROI [3456:4032, 4608:5184, 4608:5184] (576, 576, 576)
Recording block-done for octoS0SubroiZ15683136Y78409408X1097612544Difficultsoma_pred_affs/4606 with read ROI [2960:4528, 4112:5680, 8144:9712] (1568, 1568, 1568) and write ROI [3456:4032, 4608:5184, 8640:9216] (576, 576, 576)
Recorded block-done for octoS0SubroiZ15683136Y78409408X1097612544Difficultsoma_pred_affs/4606 with read ROI [2960:4528, 4112:5680, 8144:9712] (1568, 1568, 1568) and write ROI [3456:4032, 4608:5184, 8640:9216] (576, 576, 576)
Recording block-done for octoS0SubroiZ15683136Y78409408X1097612544Difficultsoma_pred_affs/3751 with read ROI [2960:4528, 3536:5104, 7568:9136] (1568, 1568, 1568) and write ROI [3456:4032, 4032:4608, 8064:8640] (576, 576, 576)
Recorded block-done for octoS0SubroiZ15683136Y78409408X1097612544Difficultsoma_pred_affs/3751 with read ROI [2960:4528, 3536:5104, 7568:9136] (1568, 1568, 1568) and write ROI [3456:4032, 4032:4608, 8064:8640] (576, 576, 576)
Recording block-done for octoS0SubroiZ15683136Y78409408X1097612544Difficultsoma_pred_affs/3402 with read ROI [2960:4528, 4688:6256, 5840:7408] (1568, 1568, 1568) and write ROI [3456:4032, 5184:5760, 6336:6912] (576, 576, 576)
Recorded block-done for octoS0SubroiZ15683136Y78409408X1097612544Difficultsoma_pred_affs/3402 with read ROI [2960:4528, 4688:6256, 5840:7408] (1568, 1568, 1568) and write ROI [3456:4032, 5184:5760, 6336:6912] (576, 576, 576)
Recording block-done for octoS0SubroiZ15683136Y78409408X1097612544Difficultsoma_pred_affs/1897 with read ROI [2960:4528, 4688:6256, 2960:4528] (1568, 1568, 1568) and write ROI [3456:4032, 5184:5760, 3456:4032] (576, 576, 576)
Recorded block-done for octoS0SubroiZ15683136Y78409408X1097612544Difficultsoma_pred_affs/1897 with read ROI [2960:4528, 4688:6256, 2960:4528] (1568, 1568, 1568) and write ROI [3456:4032, 5184:5760, 3456:4032] (576, 576, 576)
Recording block-done for octoS0SubroiZ15683136Y78409408X1097612544Difficultsoma_pred_affs/4202 with read ROI [2960:4528, 5264:6832, 6416:7984] (1568, 1568, 1568) and write ROI [3456:4032, 5760:6336, 6912:7488] (576, 576, 576)
Recorded block-done for octoS0SubroiZ15683136Y78409408X1097612544Difficultsoma_pred_affs/4202 with read ROI [2960:4528, 5264:6832, 6416:7984] (1568, 1568, 1568) and write ROI [3456:4032, 5760:6336, 6912:7488] (576, 576, 576)
Recording block-done for octoS0SubroiZ15683136Y78409408X1097612544Difficultsoma_pred_affs/3418 with read ROI [2960:4528, 5264:6832, 5264:6832] (1568, 1568, 1568) and write ROI [3456:4032, 5760:6336, 5760:6336] (576, 576, 576)
Recorded block-done for octoS0SubroiZ15683136Y78409408X1097612544Difficultsoma_pred_affs/3418 with read ROI [2960:4528, 5264:6832, 5264:6832] (1568, 1568, 1568) and write ROI [3456:4032, 5760:6336, 5760:6336] (576, 576, 576)
Recording block-done for octoS0SubroiZ15683136Y78409408X1097612544Difficultsoma_pred_affs/7912 with read ROI [2960:4528, 5264:6832, 10448:12016] (1568, 1568, 1568) and write ROI [3456:4032, 5760:6336, 10944:11520] (576, 576, 576)
Recorded block-done for octoS0SubroiZ15683136Y78409408X1097612544Difficultsoma_pred_affs/7912 with read ROI [2960:4528, 5264:6832, 10448:12016] (1568, 1568, 1568) and write ROI [3456:4032, 5760:6336, 10944:11520] (576, 576, 576)
Recording block-done for octoS0SubroiZ15683136Y78409408X1097612544Difficultsoma_pred_affs/2442 with read ROI [2960:4528, 5264:6832, 3536:5104] (1568, 1568, 1568) and write ROI [3456:4032, 5760:6336, 4032:4608] (576, 576, 576)
Recorded block-done for octoS0SubroiZ15683136Y78409408X1097612544Difficultsoma_pred_affs/2442 with read ROI [2960:4528, 5264:6832, 3536:5104] (1568, 1568, 1568) and write ROI [3456:4032, 5760:6336, 4032:4608] (576, 576, 576)
Recording block-done for octoS0SubroiZ15683136Y78409408X1097612544Difficultsoma_pred_affs/4654 with read ROI [2960:4528, 5840:7408, 6416:7984] (1568, 1568, 1568) and write ROI [3456:4032, 6336:6912, 6912:7488] (576, 576, 576)
Recorded block-done for octoS0SubroiZ15683136Y78409408X1097612544Difficultsoma_pred_affs/4654 with read ROI [2960:4528, 5840:7408, 6416:7984] (1568, 1568, 1568) and write ROI [3456:4032, 6336:6912, 6912:7488] (576, 576, 576)
Recording block-done for octoS0SubroiZ15683136Y78409408X1097612544Difficultsoma_pred_affs/8595 with read ROI [2960:4528, 5840:7408, 10448:12016] (1568, 1568, 1568) and write ROI [3456:4032, 6336:6912, 10944:11520] (576, 576, 576)
Recorded block-done for octoS0SubroiZ15683136Y78409408X1097612544Difficultsoma_pred_affs/8595 with read ROI [2960:4528, 5840:7408, 10448:12016] (1568, 1568, 1568) and write ROI [3456:4032, 6336:6912, 10944:11520] (576, 576, 576)
Recording block-done for octoS0SubroiZ15683136Y78409408X1097612544Difficultsoma_pred_affs/6704 with read ROI [2960:4528, 5840:7408, 8720:10288] (1568, 1568, 1568) and write ROI [3456:4032, 6336:6912, 9216:9792] (576, 576, 576)
Recorded block-done for octoS0SubroiZ15683136Y78409408X1097612544Difficultsoma_pred_affs/6704 with read ROI [2960:4528, 5840:7408, 8720:10288] (1568, 1568, 1568) and write ROI [3456:4032, 6336:6912, 9216:9792] (576, 576, 576)
Recording block-done for octoS0SubroiZ15683136Y78409408X1097612544Difficultsoma_pred_affs/3453 with read ROI [2960:4528, 6416:7984, 4112:5680] (1568, 1568, 1568) and write ROI [3456:4032, 6912:7488, 4608:5184] (576, 576, 576)
Recorded block-done for octoS0SubroiZ15683136Y78409408X1097612544Difficultsoma_pred_affs/3453 with read ROI [2960:4528, 6416:7984, 4112:5680] (1568, 1568, 1568) and write ROI [3456:4032, 6912:7488, 4608:5184] (576, 576, 576)
Recording block-done for octoS0SubroiZ15683136Y78409408X1097612544Difficultsoma_pred_affs/9316 with read ROI [2960:4528, 6416:7984, 10448:12016] (1568, 1568, 1568) and write ROI [3456:4032, 6912:7488, 10944:11520] (576, 576, 576)
Recorded block-done for octoS0SubroiZ15683136Y78409408X1097612544Difficultsoma_pred_affs/9316 with read ROI [2960:4528, 6416:7984, 10448:12016] (1568, 1568, 1568) and write ROI [3456:4032, 6912:7488, 10944:11520] (576, 576, 576)
Recording block-done for octoS0SubroiZ15683136Y78409408X1097612544Difficultsoma_pred_affs/1967 with read ROI [2960:4528, 6992:8560, 656:2224] (1568, 1568, 1568) and write ROI [3456:4032, 7488:8064, 1152:1728] (576, 576, 576)
Recorded block-done for octoS0SubroiZ15683136Y78409408X1097612544Difficultsoma_pred_affs/1967 with read ROI [2960:4528, 6992:8560, 656:2224] (1568, 1568, 1568) and write ROI [3456:4032, 7488:8064, 1152:1728] (576, 576, 576)
Recording block-done for octoS0SubroiZ15683136Y78409408X1097612544Difficultsoma_pred_affs/1736 with read ROI [2960:4528, 6992:8560, 80:1648] (1568, 1568, 1568) and write ROI [3456:4032, 7488:8064, 576:1152] (576, 576, 576)
Recorded block-done for octoS0SubroiZ15683136Y78409408X1097612544Difficultsoma_pred_affs/1736 with read ROI [2960:4528, 6992:8560, 80:1648] (1568, 1568, 1568) and write ROI [3456:4032, 7488:8064, 576:1152] (576, 576, 576)
Recording block-done for octoS0SubroiZ15683136Y78409408X1097612544Difficultsoma_pred_affs/5156 with read ROI [2960:4528, 6992:8560, 5840:7408] (1568, 1568, 1568) and write ROI [3456:4032, 7488:8064, 6336:6912] (576, 576, 576)
Recorded block-done for octoS0SubroiZ15683136Y78409408X1097612544Difficultsoma_pred_affs/5156 with read ROI [2960:4528, 6992:8560, 5840:7408] (1568, 1568, 1568) and write ROI [3456:4032, 7488:8064, 6336:6912] (576, 576, 576)
Recording block-done for octoS0SubroiZ15683136Y78409408X1097612544Difficultsoma_pred_affs/4691 with read ROI [2960:4528, 6992:8560, 5264:6832] (1568, 1568, 1568) and write ROI [3456:4032, 7488:8064, 5760:6336] (576, 576, 576)
Recorded block-done for octoS0SubroiZ15683136Y78409408X1097612544Difficultsoma_pred_affs/4691 with read ROI [2960:4528, 6992:8560, 5264:6832] (1568, 1568, 1568) and write ROI [3456:4032, 7488:8064, 5760:6336] (576, 576, 576)
Recording block-done for octoS0SubroiZ15683136Y78409408X1097612544Difficultsoma_pred_affs/5672 with read ROI [2960:4528, 7568:9136, 5840:7408] (1568, 1568, 1568) and write ROI [3456:4032, 8064:8640, 6336:6912] (576, 576, 576)
Recorded block-done for octoS0SubroiZ15683136Y78409408X1097612544Difficultsoma_pred_affs/5672 with read ROI [2960:4528, 7568:9136, 5840:7408] (1568, 1568, 1568) and write ROI [3456:4032, 8064:8640, 6336:6912] (576, 576, 576)
Recording block-done for octoS0SubroiZ15683136Y78409408X1097612544Difficultsoma_pred_affs/4711 with read ROI [2960:4528, 7568:9136, 4688:6256] (1568, 1568, 1568) and write ROI [3456:4032, 8064:8640, 5184:5760] (576, 576, 576)
Recorded block-done for octoS0SubroiZ15683136Y78409408X1097612544Difficultsoma_pred_affs/4711 with read ROI [2960:4528, 7568:9136, 4688:6256] (1568, 1568, 1568) and write ROI [3456:4032, 8064:8640, 5184:5760] (576, 576, 576)
Recording block-done for octoS0SubroiZ15683136Y78409408X1097612544Difficultsoma_pred_affs/8652 with read ROI [2960:4528, 7568:9136, 8720:10288] (1568, 1568, 1568) and write ROI [3456:4032, 8064:8640, 9216:9792] (576, 576, 576)
Recorded block-done for octoS0SubroiZ15683136Y78409408X1097612544Difficultsoma_pred_affs/8652 with read ROI [2960:4528, 7568:9136, 8720:10288] (1568, 1568, 1568) and write ROI [3456:4032, 8064:8640, 9216:9792] (576, 576, 576)
Recording block-done for octoS0SubroiZ15683136Y78409408X1097612544Difficultsoma_pred_affs/6782 with read ROI [2960:4528, 8144:9712, 6416:7984] (1568, 1568, 1568) and write ROI [3456:4032, 8640:9216, 6912:7488] (576, 576, 576)
Recorded block-done for octoS0SubroiZ15683136Y78409408X1097612544Difficultsoma_pred_affs/6782 with read ROI [2960:4528, 8144:9712, 6416:7984] (1568, 1568, 1568) and write ROI [3456:4032, 8640:9216, 6912:7488] (576, 576, 576)
Recording block-done for octoS0SubroiZ15683136Y78409408X1097612544Difficultsoma_pred_affs/10897 with read ROI [2960:4528, 8144:9712, 9872:11440] (1568, 1568, 1568) and write ROI [3456:4032, 8640:9216, 10368:10944] (576, 576, 576)
Recorded block-done for octoS0SubroiZ15683136Y78409408X1097612544Difficultsoma_pred_affs/10897 with read ROI [2960:4528, 8144:9712, 9872:11440] (1568, 1568, 1568) and write ROI [3456:4032, 8640:9216, 10368:10944] (576, 576, 576)
Recording block-done for octoS0SubroiZ15683136Y78409408X1097612544Difficultsoma_pred_affs/7986 with read ROI [2960:4528, 7568:9136, 8144:9712] (1568, 1568, 1568) and write ROI [3456:4032, 8064:8640, 8640:9216] (576, 576, 576)
Recorded block-done for octoS0SubroiZ15683136Y78409408X1097612544Difficultsoma_pred_affs/7986 with read ROI [2960:4528, 7568:9136, 8144:9712] (1568, 1568, 1568) and write ROI [3456:4032, 8064:8640, 8640:9216] (576, 576, 576)
Recording block-done for octoS0SubroiZ15683136Y78409408X1097612544Difficultsoma_pred_affs/11717 with read ROI [2960:4528, 8144:9712, 10448:12016] (1568, 1568, 1568) and write ROI [3456:4032, 8640:9216, 10944:11520] (576, 576, 576)
Recorded block-done for octoS0SubroiZ15683136Y78409408X1097612544Difficultsoma_pred_affs/11717 with read ROI [2960:4528, 8144:9712, 10448:12016] (1568, 1568, 1568) and write ROI [3456:4032, 8640:9216, 10944:11520] (576, 576, 576)
Recording block-done for octoS0SubroiZ15683136Y78409408X1097612544Difficultsoma_pred_affs/7377 with read ROI [2960:4528, 8144:9712, 6992:8560] (1568, 1568, 1568) and write ROI [3456:4032, 8640:9216, 7488:8064] (576, 576, 576)
Recorded block-done for octoS0SubroiZ15683136Y78409408X1097612544Difficultsoma_pred_affs/7377 with read ROI [2960:4528, 8144:9712, 6992:8560] (1568, 1568, 1568) and write ROI [3456:4032, 8640:9216, 7488:8064] (576, 576, 576)
Recording block-done for octoS0SubroiZ15683136Y78409408X1097612544Difficultsoma_pred_affs/8695 with read ROI [2960:4528, 8720:10288, 7568:9136] (1568, 1568, 1568) and write ROI [3456:4032, 9216:9792, 8064:8640] (576, 576, 576)
Recorded block-done for octoS0SubroiZ15683136Y78409408X1097612544Difficultsoma_pred_affs/8695 with read ROI [2960:4528, 8720:10288, 7568:9136] (1568, 1568, 1568) and write ROI [3456:4032, 9216:9792, 8064:8640] (576, 576, 576)
Recording block-done for octoS0SubroiZ15683136Y78409408X1097612544Difficultsoma_pred_affs/2882 with read ROI [2960:4528, 9296:10864, 80:1648] (1568, 1568, 1568) and write ROI [3456:4032, 9792:10368, 576:1152] (576, 576, 576)
Recorded block-done for octoS0SubroiZ15683136Y78409408X1097612544Difficultsoma_pred_affs/2882 with read ROI [2960:4528, 9296:10864, 80:1648] (1568, 1568, 1568) and write ROI [3456:4032, 9792:10368, 576:1152] (576, 576, 576)
Recording block-done for octoS0SubroiZ15683136Y78409408X1097612544Difficultsoma_pred_affs/3207 with read ROI [2960:4528, 9296:10864, 656:2224] (1568, 1568, 1568) and write ROI [3456:4032, 9792:10368, 1152:1728] (576, 576, 576)
Recorded block-done for octoS0SubroiZ15683136Y78409408X1097612544Difficultsoma_pred_affs/3207 with read ROI [2960:4528, 9296:10864, 656:2224] (1568, 1568, 1568) and write ROI [3456:4032, 9792:10368, 1152:1728] (576, 576, 576)
Recording block-done for octoS0SubroiZ15683136Y78409408X1097612544Difficultsoma_pred_affs/3936 with read ROI [2960:4528, 9296:10864, 1808:3376] (1568, 1568, 1568) and write ROI [3456:4032, 9792:10368, 2304:2880] (576, 576, 576)
Recorded block-done for octoS0SubroiZ15683136Y78409408X1097612544Difficultsoma_pred_affs/3936 with read ROI [2960:4528, 9296:10864, 1808:3376] (1568, 1568, 1568) and write ROI [3456:4032, 9792:10368, 2304:2880] (576, 576, 576)
Recording block-done for octoS0SubroiZ15683136Y78409408X1097612544Difficultsoma_pred_affs/8742 with read ROI [2960:4528, 9872:11440, 6416:7984] (1568, 1568, 1568) and write ROI [3456:4032, 10368:10944, 6912:7488] (576, 576, 576)
Recorded block-done for octoS0SubroiZ15683136Y78409408X1097612544Difficultsoma_pred_affs/8742 with read ROI [2960:4528, 9872:11440, 6416:7984] (1568, 1568, 1568) and write ROI [3456:4032, 10368:10944, 6912:7488] (576, 576, 576)
Recording block-done for octoS0SubroiZ15683136Y78409408X1097612544Difficultsoma_pred_affs/6290 with read ROI [2960:4528, 9872:11440, 4112:5680] (1568, 1568, 1568) and write ROI [3456:4032, 10368:10944, 4608:5184] (576, 576, 576)
Recorded block-done for octoS0SubroiZ15683136Y78409408X1097612544Difficultsoma_pred_affs/6290 with read ROI [2960:4528, 9872:11440, 4112:5680] (1568, 1568, 1568) and write ROI [3456:4032, 10368:10944, 4608:5184] (576, 576, 576)
Recording block-done for octoS0SubroiZ15683136Y78409408X1097612544Difficultsoma_pred_affs/8076 with read ROI [2960:4528, 9872:11440, 5840:7408] (1568, 1568, 1568) and write ROI [3456:4032, 10368:10944, 6336:6912] (576, 576, 576)
Recorded block-done for octoS0SubroiZ15683136Y78409408X1097612544Difficultsoma_pred_affs/8076 with read ROI [2960:4528, 9872:11440, 5840:7408] (1568, 1568, 1568) and write ROI [3456:4032, 10368:10944, 6336:6912] (576, 576, 576)
Recording block-done for octoS0SubroiZ15683136Y78409408X1097612544Difficultsoma_pred_affs/5266 with read ROI [2960:4528, 9872:11440, 2960:4528] (1568, 1568, 1568) and write ROI [3456:4032, 10368:10944, 3456:4032] (576, 576, 576)
Recorded block-done for octoS0SubroiZ15683136Y78409408X1097612544Difficultsoma_pred_affs/5266 with read ROI [2960:4528, 9872:11440, 2960:4528] (1568, 1568, 1568) and write ROI [3456:4032, 10368:10944, 3456:4032] (576, 576, 576)
Recording block-done for octoS0SubroiZ15683136Y78409408X1097612544Difficultsoma_pred_affs/8101 with read ROI [2960:4528, 10448:12016, 5264:6832] (1568, 1568, 1568) and write ROI [3456:4032, 10944:11520, 5760:6336] (576, 576, 576)
Recorded block-done for octoS0SubroiZ15683136Y78409408X1097612544Difficultsoma_pred_affs/8101 with read ROI [2960:4528, 10448:12016, 5264:6832] (1568, 1568, 1568) and write ROI [3456:4032, 10944:11520, 5760:6336] (576, 576, 576)
Recording block-done for octoS0SubroiZ15683136Y78409408X1097612544Difficultsoma_pred_affs/12672 with read ROI [2960:4528, 10448:12016, 8720:10288] (1568, 1568, 1568) and write ROI [3456:4032, 10944:11520, 9216:9792] (576, 576, 576)
Recorded block-done for octoS0SubroiZ15683136Y78409408X1097612544Difficultsoma_pred_affs/12672 with read ROI [2960:4528, 10448:12016, 8720:10288] (1568, 1568, 1568) and write ROI [3456:4032, 10944:11520, 9216:9792] (576, 576, 576)
Recording block-done for octoS0SubroiZ15683136Y78409408X1097612544Difficultsoma_pred_affs/11811 with read ROI [2960:4528, 10448:12016, 8144:9712] (1568, 1568, 1568) and write ROI [3456:4032, 10944:11520, 8640:9216] (576, 576, 576)
Recorded block-done for octoS0SubroiZ15683136Y78409408X1097612544Difficultsoma_pred_affs/11811 with read ROI [2960:4528, 10448:12016, 8144:9712] (1568, 1568, 1568) and write ROI [3456:4032, 10944:11520, 8640:9216] (576, 576, 576)
Recording block-done for octoS0SubroiZ15683136Y78409408X1097612544Difficultsoma_pred_affs/507 with read ROI [3536:5104, 656:2224, 1808:3376] (1568, 1568, 1568) and write ROI [4032:4608, 1152:1728, 2304:2880] (576, 576, 576)
Recorded block-done for octoS0SubroiZ15683136Y78409408X1097612544Difficultsoma_pred_affs/507 with read ROI [3536:5104, 656:2224, 1808:3376] (1568, 1568, 1568) and write ROI [4032:4608, 1152:1728, 2304:2880] (576, 576, 576)
Recording block-done for octoS0SubroiZ15683136Y78409408X1097612544Difficultsoma_pred_affs/859 with read ROI [3536:5104, 80:1648, 4112:5680] (1568, 1568, 1568) and write ROI [4032:4608, 576:1152, 4608:5184] (576, 576, 576)
Recorded block-done for octoS0SubroiZ15683136Y78409408X1097612544Difficultsoma_pred_affs/859 with read ROI [3536:5104, 80:1648, 4112:5680] (1568, 1568, 1568) and write ROI [4032:4608, 576:1152, 4608:5184] (576, 576, 576)
Recording block-done for octoS0SubroiZ15683136Y78409408X1097612544Difficultsoma_pred_affs/732 with read ROI [3536:5104, 656:2224, 2960:4528] (1568, 1568, 1568) and write ROI [4032:4608, 1152:1728, 3456:4032] (576, 576, 576)
Recorded block-done for octoS0SubroiZ15683136Y78409408X1097612544Difficultsoma_pred_affs/732 with read ROI [3536:5104, 656:2224, 2960:4528] (1568, 1568, 1568) and write ROI [4032:4608, 1152:1728, 3456:4032] (576, 576, 576)
Recording block-done for octoS0SubroiZ15683136Y78409408X1097612544Difficultsoma_pred_affs/2067 with read ROI [3536:5104, 80:1648, 7568:9136] (1568, 1568, 1568) and write ROI [4032:4608, 576:1152, 8064:8640] (576, 576, 576)
Recorded block-done for octoS0SubroiZ15683136Y78409408X1097612544Difficultsoma_pred_affs/2067 with read ROI [3536:5104, 80:1648, 7568:9136] (1568, 1568, 1568) and write ROI [4032:4608, 576:1152, 8064:8640] (576, 576, 576)
Recording block-done for octoS0SubroiZ15683136Y78409408X1097612544Difficultsoma_pred_affs/1823 with read ROI [3536:5104, 656:2224, 6416:7984] (1568, 1568, 1568) and write ROI [4032:4608, 1152:1728, 6912:7488] (576, 576, 576)
Recorded block-done for octoS0SubroiZ15683136Y78409408X1097612544Difficultsoma_pred_affs/1823 with read ROI [3536:5104, 656:2224, 6416:7984] (1568, 1568, 1568) and write ROI [4032:4608, 1152:1728, 6912:7488] (576, 576, 576)
Recording block-done for octoS0SubroiZ15683136Y78409408X1097612544Difficultsoma_pred_affs/2977 with read ROI [3536:5104, 656:2224, 8720:10288] (1568, 1568, 1568) and write ROI [4032:4608, 1152:1728, 9216:9792] (576, 576, 576)
Recorded block-done for octoS0SubroiZ15683136Y78409408X1097612544Difficultsoma_pred_affs/2977 with read ROI [3536:5104, 656:2224, 8720:10288] (1568, 1568, 1568) and write ROI [4032:4608, 1152:1728, 9216:9792] (576, 576, 576)
Recording block-done for octoS0SubroiZ15683136Y78409408X1097612544Difficultsoma_pred_affs/1392 with read ROI [3536:5104, 1232:2800, 4688:6256] (1568, 1568, 1568) and write ROI [4032:4608, 1728:2304, 5184:5760] (576, 576, 576)
Recorded block-done for octoS0SubroiZ15683136Y78409408X1097612544Difficultsoma_pred_affs/1392 with read ROI [3536:5104, 1232:2800, 4688:6256] (1568, 1568, 1568) and write ROI [4032:4608, 1728:2304, 5184:5760] (576, 576, 576)
Recording block-done for octoS0SubroiZ15683136Y78409408X1097612544Difficultsoma_pred_affs/4122 with read ROI [3536:5104, 1232:2800, 9872:11440] (1568, 1568, 1568) and write ROI [4032:4608, 1728:2304, 10368:10944] (576, 576, 576)
Recorded block-done for octoS0SubroiZ15683136Y78409408X1097612544Difficultsoma_pred_affs/4122 with read ROI [3536:5104, 1232:2800, 9872:11440] (1568, 1568, 1568) and write ROI [4032:4608, 1728:2304, 10368:10944] (576, 576, 576)
Recording block-done for octoS0SubroiZ15683136Y78409408X1097612544Difficultsoma_pred_affs/2086 with read ROI [3536:5104, 1232:2800, 6416:7984] (1568, 1568, 1568) and write ROI [4032:4608, 1728:2304, 6912:7488] (576, 576, 576)
Recorded block-done for octoS0SubroiZ15683136Y78409408X1097612544Difficultsoma_pred_affs/2086 with read ROI [3536:5104, 1232:2800, 6416:7984] (1568, 1568, 1568) and write ROI [4032:4608, 1728:2304, 6912:7488] (576, 576, 576)
Recording block-done for octoS0SubroiZ15683136Y78409408X1097612544Difficultsoma_pred_affs/878 with read ROI [3536:5104, 1232:2800, 2960:4528] (1568, 1568, 1568) and write ROI [4032:4608, 1728:2304, 3456:4032] (576, 576, 576)
Recorded block-done for octoS0SubroiZ15683136Y78409408X1097612544Difficultsoma_pred_affs/878 with read ROI [3536:5104, 1232:2800, 2960:4528] (1568, 1568, 1568) and write ROI [4032:4608, 1728:2304, 3456:4032] (576, 576, 576)
Recording block-done for octoS0SubroiZ15683136Y78409408X1097612544Difficultsoma_pred_affs/1403 with read ROI [3536:5104, 1808:3376, 4112:5680] (1568, 1568, 1568) and write ROI [4032:4608, 2304:2880, 4608:5184] (576, 576, 576)
Recorded block-done for octoS0SubroiZ15683136Y78409408X1097612544Difficultsoma_pred_affs/1403 with read ROI [3536:5104, 1808:3376, 4112:5680] (1568, 1568, 1568) and write ROI [4032:4608, 2304:2880, 4608:5184] (576, 576, 576)
Recording block-done for octoS0SubroiZ15683136Y78409408X1097612544Difficultsoma_pred_affs/5033 with read ROI [3536:5104, 1808:3376, 10448:12016] (1568, 1568, 1568) and write ROI [4032:4608, 2304:2880, 10944:11520] (576, 576, 576)
Recorded block-done for octoS0SubroiZ15683136Y78409408X1097612544Difficultsoma_pred_affs/5033 with read ROI [3536:5104, 1808:3376, 10448:12016] (1568, 1568, 1568) and write ROI [4032:4608, 2304:2880, 10944:11520] (576, 576, 576)
Recording block-done for octoS0SubroiZ15683136Y78409408X1097612544Difficultsoma_pred_affs/3727 with read ROI [3536:5104, 1808:3376, 8720:10288] (1568, 1568, 1568) and write ROI [4032:4608, 2304:2880, 9216:9792] (576, 576, 576)
Recorded block-done for octoS0SubroiZ15683136Y78409408X1097612544Difficultsoma_pred_affs/3727 with read ROI [3536:5104, 1808:3376, 8720:10288] (1568, 1568, 1568) and write ROI [4032:4608, 2304:2880, 9216:9792] (576, 576, 576)
Recording block-done for octoS0SubroiZ15683136Y78409408X1097612544Difficultsoma_pred_affs/1625 with read ROI [3536:5104, 2384:3952, 4112:5680] (1568, 1568, 1568) and write ROI [4032:4608, 2880:3456, 4608:5184] (576, 576, 576)
Recorded block-done for octoS0SubroiZ15683136Y78409408X1097612544Difficultsoma_pred_affs/1625 with read ROI [3536:5104, 2384:3952, 4112:5680] (1568, 1568, 1568) and write ROI [4032:4608, 2880:3456, 4608:5184] (576, 576, 576)
Recording block-done for octoS0SubroiZ15683136Y78409408X1097612544Difficultsoma_pred_affs/1238 with read ROI [3536:5104, 2960:4528, 2384:3952] (1568, 1568, 1568) and write ROI [4032:4608, 3456:4032, 2880:3456] (576, 576, 576)
Recorded block-done for octoS0SubroiZ15683136Y78409408X1097612544Difficultsoma_pred_affs/1238 with read ROI [3536:5104, 2960:4528, 2384:3952] (1568, 1568, 1568) and write ROI [4032:4608, 3456:4032, 2880:3456] (576, 576, 576)
Recording block-done for octoS0SubroiZ15683136Y78409408X1097612544Difficultsoma_pred_affs/5058 with read ROI [3536:5104, 2960:4528, 9296:10864] (1568, 1568, 1568) and write ROI [4032:4608, 3456:4032, 9792:10368] (576, 576, 576)
Recorded block-done for octoS0SubroiZ15683136Y78409408X1097612544Difficultsoma_pred_affs/5058 with read ROI [3536:5104, 2960:4528, 9296:10864] (1568, 1568, 1568) and write ROI [4032:4608, 3456:4032, 9792:10368] (576, 576, 576)
Recording block-done for octoS0SubroiZ15683136Y78409408X1097612544Difficultsoma_pred_affs/1252 with read ROI [3536:5104, 3536:5104, 1808:3376] (1568, 1568, 1568) and write ROI [4032:4608, 4032:4608, 2304:2880] (576, 576, 576)
Recorded block-done for octoS0SubroiZ15683136Y78409408X1097612544Difficultsoma_pred_affs/1252 with read ROI [3536:5104, 3536:5104, 1808:3376] (1568, 1568, 1568) and write ROI [4032:4608, 4032:4608, 2304:2880] (576, 576, 576)
Recording block-done for octoS0SubroiZ15683136Y78409408X1097612544Difficultsoma_pred_affs/3037 with read ROI [3536:5104, 3536:5104, 5840:7408] (1568, 1568, 1568) and write ROI [4032:4608, 4032:4608, 6336:6912] (576, 576, 576)
Recorded block-done for octoS0SubroiZ15683136Y78409408X1097612544Difficultsoma_pred_affs/3037 with read ROI [3536:5104, 3536:5104, 5840:7408] (1568, 1568, 1568) and write ROI [4032:4608, 4032:4608, 6336:6912] (576, 576, 576)
Recording block-done for octoS0SubroiZ15683136Y78409408X1097612544Difficultsoma_pred_affs/1457 with read ROI [3536:5104, 4112:5680, 1808:3376] (1568, 1568, 1568) and write ROI [4032:4608, 4608:5184, 2304:2880] (576, 576, 576)
Recorded block-done for octoS0SubroiZ15683136Y78409408X1097612544Difficultsoma_pred_affs/1457 with read ROI [3536:5104, 4112:5680, 1808:3376] (1568, 1568, 1568) and write ROI [4032:4608, 4608:5184, 2304:2880] (576, 576, 576)
Recording block-done for octoS0SubroiZ15683136Y78409408X1097612544Difficultsoma_pred_affs/2412 with read ROI [3536:5104, 3536:5104, 4688:6256] (1568, 1568, 1568) and write ROI [4032:4608, 4032:4608, 5184:5760] (576, 576, 576)
Recorded block-done for octoS0SubroiZ15683136Y78409408X1097612544Difficultsoma_pred_affs/2412 with read ROI [3536:5104, 3536:5104, 4688:6256] (1568, 1568, 1568) and write ROI [4032:4608, 4032:4608, 5184:5760] (576, 576, 576)
Recording block-done for octoS0SubroiZ15683136Y78409408X1097612544Difficultsoma_pred_affs/3052 with read ROI [3536:5104, 4112:5680, 5264:6832] (1568, 1568, 1568) and write ROI [4032:4608, 4608:5184, 5760:6336] (576, 576, 576)
Recorded block-done for octoS0SubroiZ15683136Y78409408X1097612544Difficultsoma_pred_affs/3052 with read ROI [3536:5104, 4112:5680, 5264:6832] (1568, 1568, 1568) and write ROI [4032:4608, 4608:5184, 5760:6336] (576, 576, 576)
Recording block-done for octoS0SubroiZ15683136Y78409408X1097612544Difficultsoma_pred_affs/3781 with read ROI [3536:5104, 4112:5680, 6416:7984] (1568, 1568, 1568) and write ROI [4032:4608, 4608:5184, 6912:7488] (576, 576, 576)
Recorded block-done for octoS0SubroiZ15683136Y78409408X1097612544Difficultsoma_pred_affs/3781 with read ROI [3536:5104, 4112:5680, 6416:7984] (1568, 1568, 1568) and write ROI [4032:4608, 4608:5184, 6912:7488] (576, 576, 576)
Recording block-done for octoS0SubroiZ15683136Y78409408X1097612544Difficultsoma_pred_affs/6688 with read ROI [3536:5104, 4688:6256, 9296:10864] (1568, 1568, 1568) and write ROI [4032:4608, 5184:5760, 9792:10368] (576, 576, 576)
Recorded block-done for octoS0SubroiZ15683136Y78409408X1097612544Difficultsoma_pred_affs/6688 with read ROI [3536:5104, 4688:6256, 9296:10864] (1568, 1568, 1568) and write ROI [4032:4608, 5184:5760, 9792:10368] (576, 576, 576)
Recording block-done for octoS0SubroiZ15683136Y78409408X1097612544Difficultsoma_pred_affs/1700 with read ROI [3536:5104, 5264:6832, 1232:2800] (1568, 1568, 1568) and write ROI [4032:4608, 5760:6336, 1728:2304] (576, 576, 576)
Recorded block-done for octoS0SubroiZ15683136Y78409408X1097612544Difficultsoma_pred_affs/1700 with read ROI [3536:5104, 5264:6832, 1232:2800] (1568, 1568, 1568) and write ROI [4032:4608, 5760:6336, 1728:2304] (576, 576, 576)
Recording block-done for octoS0SubroiZ15683136Y78409408X1097612544Difficultsoma_pred_affs/5599 with read ROI [3536:5104, 4688:6256, 8144:9712] (1568, 1568, 1568) and write ROI [4032:4608, 5184:5760, 8640:9216] (576, 576, 576)
Recorded block-done for octoS0SubroiZ15683136Y78409408X1097612544Difficultsoma_pred_affs/5599 with read ROI [3536:5104, 4688:6256, 8144:9712] (1568, 1568, 1568) and write ROI [4032:4608, 5184:5760, 8640:9216] (576, 576, 576)
Recording block-done for octoS0SubroiZ15683136Y78409408X1097612544Difficultsoma_pred_affs/8596 with read ROI [3536:5104, 5264:6832, 10448:12016] (1568, 1568, 1568) and write ROI [4032:4608, 5760:6336, 10944:11520] (576, 576, 576)
Recorded block-done for octoS0SubroiZ15683136Y78409408X1097612544Difficultsoma_pred_affs/8596 with read ROI [3536:5104, 5264:6832, 10448:12016] (1568, 1568, 1568) and write ROI [4032:4608, 5760:6336, 10944:11520] (576, 576, 576)
Recording block-done for octoS0SubroiZ15683136Y78409408X1097612544Difficultsoma_pred_affs/2202 with read ROI [3536:5104, 5840:7408, 1808:3376] (1568, 1568, 1568) and write ROI [4032:4608, 6336:6912, 2304:2880] (576, 576, 576)
Recorded block-done for octoS0SubroiZ15683136Y78409408X1097612544Difficultsoma_pred_affs/2202 with read ROI [3536:5104, 5840:7408, 1808:3376] (1568, 1568, 1568) and write ROI [4032:4608, 6336:6912, 2304:2880] (576, 576, 576)
Recording block-done for octoS0SubroiZ15683136Y78409408X1097612544Difficultsoma_pred_affs/4673 with read ROI [3536:5104, 5840:7408, 5840:7408] (1568, 1568, 1568) and write ROI [4032:4608, 6336:6912, 6336:6912] (576, 576, 576)
Recorded block-done for octoS0SubroiZ15683136Y78409408X1097612544Difficultsoma_pred_affs/4673 with read ROI [3536:5104, 5840:7408, 5840:7408] (1568, 1568, 1568) and write ROI [4032:4608, 6336:6912, 6336:6912] (576, 576, 576)
Recording block-done for octoS0SubroiZ15683136Y78409408X1097612544Difficultsoma_pred_affs/1968 with read ROI [3536:5104, 6416:7984, 656:2224] (1568, 1568, 1568) and write ROI [4032:4608, 6912:7488, 1152:1728] (576, 576, 576)
Recorded block-done for octoS0SubroiZ15683136Y78409408X1097612544Difficultsoma_pred_affs/1968 with read ROI [3536:5104, 6416:7984, 656:2224] (1568, 1568, 1568) and write ROI [4032:4608, 6912:7488, 1152:1728] (576, 576, 576)
Recording block-done for octoS0SubroiZ15683136Y78409408X1097612544Difficultsoma_pred_affs/5653 with read ROI [3536:5104, 6416:7984, 6416:7984] (1568, 1568, 1568) and write ROI [4032:4608, 6912:7488, 6912:7488] (576, 576, 576)
Recorded block-done for octoS0SubroiZ15683136Y78409408X1097612544Difficultsoma_pred_affs/5653 with read ROI [3536:5104, 6416:7984, 6416:7984] (1568, 1568, 1568) and write ROI [4032:4608, 6912:7488, 6912:7488] (576, 576, 576)
Recording block-done for octoS0SubroiZ15683136Y78409408X1097612544Difficultsoma_pred_affs/3473 with read ROI [3536:5104, 6416:7984, 3536:5104] (1568, 1568, 1568) and write ROI [4032:4608, 6912:7488, 4032:4608] (576, 576, 576)
Recorded block-done for octoS0SubroiZ15683136Y78409408X1097612544Difficultsoma_pred_affs/3473 with read ROI [3536:5104, 6416:7984, 3536:5104] (1568, 1568, 1568) and write ROI [4032:4608, 6912:7488, 4032:4608] (576, 576, 576)
Recording block-done for octoS0SubroiZ15683136Y78409408X1097612544Difficultsoma_pred_affs/6742 with read ROI [3536:5104, 6416:7984, 7568:9136] (1568, 1568, 1568) and write ROI [4032:4608, 6912:7488, 8064:8640] (576, 576, 576)
Recorded block-done for octoS0SubroiZ15683136Y78409408X1097612544Difficultsoma_pred_affs/6742 with read ROI [3536:5104, 6416:7984, 7568:9136] (1568, 1568, 1568) and write ROI [4032:4608, 6912:7488, 8064:8640] (576, 576, 576)
Recording block-done for octoS0SubroiZ15683136Y78409408X1097612544Difficultsoma_pred_affs/6181 with read ROI [3536:5104, 6416:7984, 6992:8560] (1568, 1568, 1568) and write ROI [4032:4608, 6912:7488, 7488:8064] (576, 576, 576)
Recorded block-done for octoS0SubroiZ15683136Y78409408X1097612544Difficultsoma_pred_affs/6181 with read ROI [3536:5104, 6416:7984, 6992:8560] (1568, 1568, 1568) and write ROI [4032:4608, 6912:7488, 7488:8064] (576, 576, 576)
Recording block-done for octoS0SubroiZ15683136Y78409408X1097612544Difficultsoma_pred_affs/6201 with read ROI [3536:5104, 6992:8560, 6416:7984] (1568, 1568, 1568) and write ROI [4032:4608, 7488:8064, 6912:7488] (576, 576, 576)
Recorded block-done for octoS0SubroiZ15683136Y78409408X1097612544Difficultsoma_pred_affs/6201 with read ROI [3536:5104, 6992:8560, 6416:7984] (1568, 1568, 1568) and write ROI [4032:4608, 7488:8064, 6912:7488] (576, 576, 576)
Recording block-done for octoS0SubroiZ15683136Y78409408X1097612544Difficultsoma_pred_affs/2838 with read ROI [3536:5104, 7568:9136, 1232:2800] (1568, 1568, 1568) and write ROI [4032:4608, 8064:8640, 1728:2304] (576, 576, 576)
Recorded block-done for octoS0SubroiZ15683136Y78409408X1097612544Difficultsoma_pred_affs/2838 with read ROI [3536:5104, 7568:9136, 1232:2800] (1568, 1568, 1568) and write ROI [4032:4608, 8064:8640, 1728:2304] (576, 576, 576)
Recording block-done for octoS0SubroiZ15683136Y78409408X1097612544Difficultsoma_pred_affs/2262 with read ROI [3536:5104, 7568:9136, 80:1648] (1568, 1568, 1568) and write ROI [4032:4608, 8064:8640, 576:1152] (576, 576, 576)
Recorded block-done for octoS0SubroiZ15683136Y78409408X1097612544Difficultsoma_pred_affs/2262 with read ROI [3536:5104, 7568:9136, 80:1648] (1568, 1568, 1568) and write ROI [4032:4608, 8064:8640, 576:1152] (576, 576, 576)
Recording block-done for octoS0SubroiZ15683136Y78409408X1097612544Difficultsoma_pred_affs/8653 with read ROI [3536:5104, 6992:8560, 8720:10288] (1568, 1568, 1568) and write ROI [4032:4608, 7488:8064, 9216:9792] (576, 576, 576)
Recorded block-done for octoS0SubroiZ15683136Y78409408X1097612544Difficultsoma_pred_affs/8653 with read ROI [3536:5104, 6992:8560, 8720:10288] (1568, 1568, 1568) and write ROI [4032:4608, 7488:8064, 9216:9792] (576, 576, 576)
Recording block-done for octoS0SubroiZ15683136Y78409408X1097612544Difficultsoma_pred_affs/11718 with read ROI [3536:5104, 7568:9136, 10448:12016] (1568, 1568, 1568) and write ROI [4032:4608, 8064:8640, 10944:11520] (576, 576, 576)
Recorded block-done for octoS0SubroiZ15683136Y78409408X1097612544Difficultsoma_pred_affs/11718 with read ROI [3536:5104, 7568:9136, 10448:12016] (1568, 1568, 1568) and write ROI [4032:4608, 8064:8640, 10944:11520] (576, 576, 576)
Recording block-done for octoS0SubroiZ15683136Y78409408X1097612544Difficultsoma_pred_affs/2860 with read ROI [3536:5104, 8144:9712, 656:2224] (1568, 1568, 1568) and write ROI [4032:4608, 8640:9216, 1152:1728] (576, 576, 576)
Recorded block-done for octoS0SubroiZ15683136Y78409408X1097612544Difficultsoma_pred_affs/2860 with read ROI [3536:5104, 8144:9712, 656:2224] (1568, 1568, 1568) and write ROI [4032:4608, 8640:9216, 1152:1728] (576, 576, 576)
Recording block-done for octoS0SubroiZ15683136Y78409408X1097612544Difficultsoma_pred_affs/10920 with read ROI [3536:5104, 8144:9712, 9296:10864] (1568, 1568, 1568) and write ROI [4032:4608, 8640:9216, 9792:10368] (576, 576, 576)
Recorded block-done for octoS0SubroiZ15683136Y78409408X1097612544Difficultsoma_pred_affs/10920 with read ROI [3536:5104, 8144:9712, 9296:10864] (1568, 1568, 1568) and write ROI [4032:4608, 8640:9216, 9792:10368] (576, 576, 576)
Recording block-done for octoS0SubroiZ15683136Y78409408X1097612544Difficultsoma_pred_affs/12601 with read ROI [3536:5104, 8144:9712, 10448:12016] (1568, 1568, 1568) and write ROI [4032:4608, 8640:9216, 10944:11520] (576, 576, 576)
Recorded block-done for octoS0SubroiZ15683136Y78409408X1097612544Difficultsoma_pred_affs/12601 with read ROI [3536:5104, 8144:9712, 10448:12016] (1568, 1568, 1568) and write ROI [4032:4608, 8640:9216, 10944:11520] (576, 576, 576)
Recording block-done for octoS0SubroiZ15683136Y78409408X1097612544Difficultsoma_pred_affs/12624 with read ROI [3536:5104, 8720:10288, 9872:11440] (1568, 1568, 1568) and write ROI [4032:4608, 9216:9792, 10368:10944] (576, 576, 576)
Recorded block-done for octoS0SubroiZ15683136Y78409408X1097612544Difficultsoma_pred_affs/12624 with read ROI [3536:5104, 8720:10288, 9872:11440] (1568, 1568, 1568) and write ROI [4032:4608, 9216:9792, 10368:10944] (576, 576, 576)
Recording block-done for octoS0SubroiZ15683136Y78409408X1097612544Difficultsoma_pred_affs/6291 with read ROI [3536:5104, 9296:10864, 4112:5680] (1568, 1568, 1568) and write ROI [4032:4608, 9792:10368, 4608:5184] (576, 576, 576)
Recorded block-done for octoS0SubroiZ15683136Y78409408X1097612544Difficultsoma_pred_affs/6291 with read ROI [3536:5104, 9296:10864, 4112:5680] (1568, 1568, 1568) and write ROI [4032:4608, 9792:10368, 4608:5184] (576, 576, 576)
Recording block-done for octoS0SubroiZ15683136Y78409408X1097612544Difficultsoma_pred_affs/8743 with read ROI [3536:5104, 9296:10864, 6416:7984] (1568, 1568, 1568) and write ROI [4032:4608, 9792:10368, 6912:7488] (576, 576, 576)
Recorded block-done for octoS0SubroiZ15683136Y78409408X1097612544Difficultsoma_pred_affs/8743 with read ROI [3536:5104, 9296:10864, 6416:7984] (1568, 1568, 1568) and write ROI [4032:4608, 9792:10368, 6912:7488] (576, 576, 576)
Recording block-done for octoS0SubroiZ15683136Y78409408X1097612544Difficultsoma_pred_affs/8102 with read ROI [3536:5104, 9872:11440, 5264:6832] (1568, 1568, 1568) and write ROI [4032:4608, 10368:10944, 5760:6336] (576, 576, 576)
Recorded block-done for octoS0SubroiZ15683136Y78409408X1097612544Difficultsoma_pred_affs/8102 with read ROI [3536:5104, 9872:11440, 5264:6832] (1568, 1568, 1568) and write ROI [4032:4608, 10368:10944, 5760:6336] (576, 576, 576)
Recording block-done for octoS0SubroiZ15683136Y78409408X1097612544Difficultsoma_pred_affs/4827 with read ROI [3536:5104, 9872:11440, 1808:3376] (1568, 1568, 1568) and write ROI [4032:4608, 10368:10944, 2304:2880] (576, 576, 576)
Recorded block-done for octoS0SubroiZ15683136Y78409408X1097612544Difficultsoma_pred_affs/4827 with read ROI [3536:5104, 9872:11440, 1808:3376] (1568, 1568, 1568) and write ROI [4032:4608, 10368:10944, 2304:2880] (576, 576, 576)
Recording block-done for octoS0SubroiZ15683136Y78409408X1097612544Difficultsoma_pred_affs/15512 with read ROI [3536:5104, 9872:11440, 10448:12016] (1568, 1568, 1568) and write ROI [4032:4608, 10368:10944, 10944:11520] (576, 576, 576)
Recorded block-done for octoS0SubroiZ15683136Y78409408X1097612544Difficultsoma_pred_affs/15512 with read ROI [3536:5104, 9872:11440, 10448:12016] (1568, 1568, 1568) and write ROI [4032:4608, 10368:10944, 10944:11520] (576, 576, 576)
Recording block-done for octoS0SubroiZ15683136Y78409408X1097612544Difficultsoma_pred_affs/13576 with read ROI [3536:5104, 9872:11440, 9296:10864] (1568, 1568, 1568) and write ROI [4032:4608, 10368:10944, 9792:10368] (576, 576, 576)
Recorded block-done for octoS0SubroiZ15683136Y78409408X1097612544Difficultsoma_pred_affs/13576 with read ROI [3536:5104, 9872:11440, 9296:10864] (1568, 1568, 1568) and write ROI [4032:4608, 10368:10944, 9792:10368] (576, 576, 576)
Recording block-done for octoS0SubroiZ15683136Y78409408X1097612544Difficultsoma_pred_affs/11812 with read ROI [3536:5104, 9872:11440, 8144:9712] (1568, 1568, 1568) and write ROI [4032:4608, 10368:10944, 8640:9216] (576, 576, 576)
Recorded block-done for octoS0SubroiZ15683136Y78409408X1097612544Difficultsoma_pred_affs/11812 with read ROI [3536:5104, 9872:11440, 8144:9712] (1568, 1568, 1568) and write ROI [4032:4608, 10368:10944, 8640:9216] (576, 576, 576)
Recording block-done for octoS0SubroiZ15683136Y78409408X1097612544Difficultsoma_pred_affs/13602 with read ROI [3536:5104, 10448:12016, 8720:10288] (1568, 1568, 1568) and write ROI [4032:4608, 10944:11520, 9216:9792] (576, 576, 576)
Recorded block-done for octoS0SubroiZ15683136Y78409408X1097612544Difficultsoma_pred_affs/13602 with read ROI [3536:5104, 10448:12016, 8720:10288] (1568, 1568, 1568) and write ROI [4032:4608, 10944:11520, 9216:9792] (576, 576, 576)
Recording block-done for octoS0SubroiZ15683136Y78409408X1097612544Difficultsoma_pred_affs/8794 with read ROI [3536:5104, 10448:12016, 5264:6832] (1568, 1568, 1568) and write ROI [4032:4608, 10944:11520, 5760:6336] (576, 576, 576)
Recorded block-done for octoS0SubroiZ15683136Y78409408X1097612544Difficultsoma_pred_affs/8794 with read ROI [3536:5104, 10448:12016, 5264:6832] (1568, 1568, 1568) and write ROI [4032:4608, 10944:11520, 5760:6336] (576, 576, 576)
Recording block-done for octoS0SubroiZ15683136Y78409408X1097612544Difficultsoma_pred_affs/1593 with read ROI [4112:5680, 80:1648, 5840:7408] (1568, 1568, 1568) and write ROI [4608:5184, 576:1152, 6336:6912] (576, 576, 576)
Recorded block-done for octoS0SubroiZ15683136Y78409408X1097612544Difficultsoma_pred_affs/1593 with read ROI [4112:5680, 80:1648, 5840:7408] (1568, 1568, 1568) and write ROI [4608:5184, 576:1152, 6336:6912] (576, 576, 576)
Recording block-done for octoS0SubroiZ15683136Y78409408X1097612544Difficultsoma_pred_affs/4113 with read ROI [4112:5680, 80:1648, 10448:12016] (1568, 1568, 1568) and write ROI [4608:5184, 576:1152, 10944:11520] (576, 576, 576)
Recorded block-done for octoS0SubroiZ15683136Y78409408X1097612544Difficultsoma_pred_affs/4113 with read ROI [4112:5680, 80:1648, 10448:12016] (1568, 1568, 1568) and write ROI [4608:5184, 576:1152, 10944:11520] (576, 576, 576)
Recording block-done for octoS0SubroiZ15683136Y78409408X1097612544Difficultsoma_pred_affs/733 with read ROI [4112:5680, 80:1648, 2960:4528] (1568, 1568, 1568) and write ROI [4608:5184, 576:1152, 3456:4032] (576, 576, 576)
Recorded block-done for octoS0SubroiZ15683136Y78409408X1097612544Difficultsoma_pred_affs/733 with read ROI [4112:5680, 80:1648, 2960:4528] (1568, 1568, 1568) and write ROI [4608:5184, 576:1152, 3456:4032] (576, 576, 576)
Recording block-done for octoS0SubroiZ15683136Y78409408X1097612544Difficultsoma_pred_affs/2653 with read ROI [4112:5680, 80:1648, 8144:9712] (1568, 1568, 1568) and write ROI [4608:5184, 576:1152, 8640:9216] (576, 576, 576)
Recorded block-done for octoS0SubroiZ15683136Y78409408X1097612544Difficultsoma_pred_affs/2653 with read ROI [4112:5680, 80:1648, 8144:9712] (1568, 1568, 1568) and write ROI [4608:5184, 576:1152, 8640:9216] (576, 576, 576)
Recording block-done for octoS0SubroiZ15683136Y78409408X1097612544Difficultsoma_pred_affs/2663 with read ROI [4112:5680, 656:2224, 7568:9136] (1568, 1568, 1568) and write ROI [4608:5184, 1152:1728, 8064:8640] (576, 576, 576)
Recorded block-done for octoS0SubroiZ15683136Y78409408X1097612544Difficultsoma_pred_affs/2663 with read ROI [4112:5680, 656:2224, 7568:9136] (1568, 1568, 1568) and write ROI [4608:5184, 1152:1728, 8064:8640] (576, 576, 576)
Recording block-done for octoS0SubroiZ15683136Y78409408X1097612544Difficultsoma_pred_affs/4558 with read ROI [4112:5680, 656:2224, 10448:12016] (1568, 1568, 1568) and write ROI [4608:5184, 1152:1728, 10944:11520] (576, 576, 576)
Recorded block-done for octoS0SubroiZ15683136Y78409408X1097612544Difficultsoma_pred_affs/4558 with read ROI [4112:5680, 656:2224, 10448:12016] (1568, 1568, 1568) and write ROI [4608:5184, 1152:1728, 10944:11520] (576, 576, 576)
Recording block-done for octoS0SubroiZ15683136Y78409408X1097612544Difficultsoma_pred_affs/2098 with read ROI [4112:5680, 1232:2800, 5840:7408] (1568, 1568, 1568) and write ROI [4608:5184, 1728:2304, 6336:6912] (576, 576, 576)
Recorded block-done for octoS0SubroiZ15683136Y78409408X1097612544Difficultsoma_pred_affs/2098 with read ROI [4112:5680, 1232:2800, 5840:7408] (1568, 1568, 1568) and write ROI [4608:5184, 1728:2304, 6336:6912] (576, 576, 576)
Recording block-done for octoS0SubroiZ15683136Y78409408X1097612544Difficultsoma_pred_affs/2374 with read ROI [4112:5680, 1232:2800, 6416:7984] (1568, 1568, 1568) and write ROI [4608:5184, 1728:2304, 6912:7488] (576, 576, 576)
Recorded block-done for octoS0SubroiZ15683136Y78409408X1097612544Difficultsoma_pred_affs/2374 with read ROI [4112:5680, 1232:2800, 6416:7984] (1568, 1568, 1568) and write ROI [4608:5184, 1728:2304, 6912:7488] (576, 576, 576)
Recording block-done for octoS0SubroiZ15683136Y78409408X1097612544Difficultsoma_pred_affs/541 with read ROI [4112:5680, 1808:3376, 80:1648] (1568, 1568, 1568) and write ROI [4608:5184, 2304:2880, 576:1152] (576, 576, 576)
Recorded block-done for octoS0SubroiZ15683136Y78409408X1097612544Difficultsoma_pred_affs/541 with read ROI [4112:5680, 1808:3376, 80:1648] (1568, 1568, 1568) and write ROI [4608:5184, 2304:2880, 576:1152] (576, 576, 576)
Recording block-done for octoS0SubroiZ15683136Y78409408X1097612544Difficultsoma_pred_affs/766 with read ROI [4112:5680, 1808:3376, 1232:2800] (1568, 1568, 1568) and write ROI [4608:5184, 2304:2880, 1728:2304] (576, 576, 576)
Recorded block-done for octoS0SubroiZ15683136Y78409408X1097612544Difficultsoma_pred_affs/766 with read ROI [4112:5680, 1808:3376, 1232:2800] (1568, 1568, 1568) and write ROI [4608:5184, 2304:2880, 1728:2304] (576, 576, 576)
Recording block-done for octoS0SubroiZ15683136Y78409408X1097612544Difficultsoma_pred_affs/2686 with read ROI [4112:5680, 1808:3376, 6416:7984] (1568, 1568, 1568) and write ROI [4608:5184, 2304:2880, 6912:7488] (576, 576, 576)
Recorded block-done for octoS0SubroiZ15683136Y78409408X1097612544Difficultsoma_pred_affs/2686 with read ROI [4112:5680, 1808:3376, 6416:7984] (1568, 1568, 1568) and write ROI [4608:5184, 2304:2880, 6912:7488] (576, 576, 576)
Recording block-done for octoS0SubroiZ15683136Y78409408X1097612544Difficultsoma_pred_affs/3740 with read ROI [4112:5680, 1808:3376, 8144:9712] (1568, 1568, 1568) and write ROI [4608:5184, 2304:2880, 8640:9216] (576, 576, 576)
Recorded block-done for octoS0SubroiZ15683136Y78409408X1097612544Difficultsoma_pred_affs/3740 with read ROI [4112:5680, 1808:3376, 8144:9712] (1568, 1568, 1568) and write ROI [4608:5184, 2304:2880, 8640:9216] (576, 576, 576)
Recording block-done for octoS0SubroiZ15683136Y78409408X1097612544Difficultsoma_pred_affs/1226 with read ROI [4112:5680, 1808:3376, 2960:4528] (1568, 1568, 1568) and write ROI [4608:5184, 2304:2880, 3456:4032] (576, 576, 576)
Recorded block-done for octoS0SubroiZ15683136Y78409408X1097612544Difficultsoma_pred_affs/1226 with read ROI [4112:5680, 1808:3376, 2960:4528] (1568, 1568, 1568) and write ROI [4608:5184, 2304:2880, 3456:4032] (576, 576, 576)
Recording block-done for octoS0SubroiZ15683136Y78409408X1097612544Difficultsoma_pred_affs/1870 with read ROI [4112:5680, 2384:3952, 4112:5680] (1568, 1568, 1568) and write ROI [4608:5184, 2880:3456, 4608:5184] (576, 576, 576)
Recorded block-done for octoS0SubroiZ15683136Y78409408X1097612544Difficultsoma_pred_affs/1870 with read ROI [4112:5680, 2384:3952, 4112:5680] (1568, 1568, 1568) and write ROI [4608:5184, 2880:3456, 4608:5184] (576, 576, 576)
Recording block-done for octoS0SubroiZ15683136Y78409408X1097612544Difficultsoma_pred_affs/2699 with read ROI [4112:5680, 2384:3952, 5840:7408] (1568, 1568, 1568) and write ROI [4608:5184, 2880:3456, 6336:6912] (576, 576, 576)
Recorded block-done for octoS0SubroiZ15683136Y78409408X1097612544Difficultsoma_pred_affs/2699 with read ROI [4112:5680, 2384:3952, 5840:7408] (1568, 1568, 1568) and write ROI [4608:5184, 2880:3456, 6336:6912] (576, 576, 576)
Recording block-done for octoS0SubroiZ15683136Y78409408X1097612544Difficultsoma_pred_affs/4159 with read ROI [4112:5680, 2384:3952, 8144:9712] (1568, 1568, 1568) and write ROI [4608:5184, 2880:3456, 8640:9216] (576, 576, 576)
Recorded block-done for octoS0SubroiZ15683136Y78409408X1097612544Difficultsoma_pred_affs/4159 with read ROI [4112:5680, 2384:3952, 8144:9712] (1568, 1568, 1568) and write ROI [4608:5184, 2880:3456, 8640:9216] (576, 576, 576)
Recording block-done for octoS0SubroiZ15683136Y78409408X1097612544Difficultsoma_pred_affs/3389 with read ROI [4112:5680, 2960:4528, 6416:7984] (1568, 1568, 1568) and write ROI [4608:5184, 3456:4032, 6912:7488] (576, 576, 576)
Recorded block-done for octoS0SubroiZ15683136Y78409408X1097612544Difficultsoma_pred_affs/3389 with read ROI [4112:5680, 2960:4528, 6416:7984] (1568, 1568, 1568) and write ROI [4608:5184, 3456:4032, 6912:7488] (576, 576, 576)
Recording block-done for octoS0SubroiZ15683136Y78409408X1097612544Difficultsoma_pred_affs/1884 with read ROI [4112:5680, 2960:4528, 3536:5104] (1568, 1568, 1568) and write ROI [4608:5184, 3456:4032, 4032:4608] (576, 576, 576)
Recorded block-done for octoS0SubroiZ15683136Y78409408X1097612544Difficultsoma_pred_affs/1884 with read ROI [4112:5680, 2960:4528, 3536:5104] (1568, 1568, 1568) and write ROI [4608:5184, 3456:4032, 4032:4608] (576, 576, 576)
Recording block-done for octoS0SubroiZ15683136Y78409408X1097612544Difficultsoma_pred_affs/944 with read ROI [4112:5680, 3536:5104, 80:1648] (1568, 1568, 1568) and write ROI [4608:5184, 4032:4608, 576:1152] (576, 576, 576)
Recorded block-done for octoS0SubroiZ15683136Y78409408X1097612544Difficultsoma_pred_affs/944 with read ROI [4112:5680, 3536:5104, 80:1648] (1568, 1568, 1568) and write ROI [4608:5184, 4032:4608, 576:1152] (576, 576, 576)
Recording block-done for octoS0SubroiZ15683136Y78409408X1097612544Difficultsoma_pred_affs/3053 with read ROI [4112:5680, 3536:5104, 5264:6832] (1568, 1568, 1568) and write ROI [4608:5184, 4032:4608, 5760:6336] (576, 576, 576)
Recorded block-done for octoS0SubroiZ15683136Y78409408X1097612544Difficultsoma_pred_affs/3053 with read ROI [4112:5680, 3536:5104, 5264:6832] (1568, 1568, 1568) and write ROI [4608:5184, 4032:4608, 5760:6336] (576, 576, 576)
Recording block-done for octoS0SubroiZ15683136Y78409408X1097612544Difficultsoma_pred_affs/2428 with read ROI [4112:5680, 3536:5104, 4112:5680] (1568, 1568, 1568) and write ROI [4608:5184, 4032:4608, 4608:5184] (576, 576, 576)
Recorded block-done for octoS0SubroiZ15683136Y78409408X1097612544Difficultsoma_pred_affs/2428 with read ROI [4112:5680, 3536:5104, 4112:5680] (1568, 1568, 1568) and write ROI [4608:5184, 4032:4608, 4608:5184] (576, 576, 576)
Recording block-done for octoS0SubroiZ15683136Y78409408X1097612544Difficultsoma_pred_affs/6673 with read ROI [4112:5680, 3536:5104, 9872:11440] (1568, 1568, 1568) and write ROI [4608:5184, 4032:4608, 10368:10944] (576, 576, 576)
Recorded block-done for octoS0SubroiZ15683136Y78409408X1097612544Difficultsoma_pred_affs/6673 with read ROI [4112:5680, 3536:5104, 9872:11440] (1568, 1568, 1568) and write ROI [4608:5184, 4032:4608, 10368:10944] (576, 576, 576)
Recording block-done for octoS0SubroiZ15683136Y78409408X1097612544Difficultsoma_pred_affs/4173 with read ROI [4112:5680, 2960:4528, 7568:9136] (1568, 1568, 1568) and write ROI [4608:5184, 3456:4032, 8064:8640] (576, 576, 576)
Recorded block-done for octoS0SubroiZ15683136Y78409408X1097612544Difficultsoma_pred_affs/4173 with read ROI [4112:5680, 2960:4528, 7568:9136] (1568, 1568, 1568) and write ROI [4608:5184, 3456:4032, 8064:8640] (576, 576, 576)
Recording block-done for octoS0SubroiZ15683136Y78409408X1097612544Difficultsoma_pred_affs/2744 with read ROI [4112:5680, 4112:5680, 4112:5680] (1568, 1568, 1568) and write ROI [4608:5184, 4608:5184, 4608:5184] (576, 576, 576)
Recorded block-done for octoS0SubroiZ15683136Y78409408X1097612544Difficultsoma_pred_affs/2744 with read ROI [4112:5680, 4112:5680, 4112:5680] (1568, 1568, 1568) and write ROI [4608:5184, 4608:5184, 4608:5184] (576, 576, 576)
Recording block-done for octoS0SubroiZ15683136Y78409408X1097612544Difficultsoma_pred_affs/4204 with read ROI [4112:5680, 4112:5680, 6416:7984] (1568, 1568, 1568) and write ROI [4608:5184, 4608:5184, 6912:7488] (576, 576, 576)
Recorded block-done for octoS0SubroiZ15683136Y78409408X1097612544Difficultsoma_pred_affs/4204 with read ROI [4112:5680, 4112:5680, 6416:7984] (1568, 1568, 1568) and write ROI [4608:5184, 4608:5184, 6912:7488] (576, 576, 576)
Recording block-done for octoS0SubroiZ15683136Y78409408X1097612544Difficultsoma_pred_affs/6128 with read ROI [4112:5680, 4112:5680, 8720:10288] (1568, 1568, 1568) and write ROI [4608:5184, 4608:5184, 9216:9792] (576, 576, 576)
Recorded block-done for octoS0SubroiZ15683136Y78409408X1097612544Difficultsoma_pred_affs/6128 with read ROI [4112:5680, 4112:5680, 8720:10288] (1568, 1568, 1568) and write ROI [4608:5184, 4608:5184, 9216:9792] (576, 576, 576)
Recording block-done for octoS0SubroiZ15683136Y78409408X1097612544Difficultsoma_pred_affs/4639 with read ROI [4112:5680, 4112:5680, 6992:8560] (1568, 1568, 1568) and write ROI [4608:5184, 4608:5184, 7488:8064] (576, 576, 576)
Recorded block-done for octoS0SubroiZ15683136Y78409408X1097612544Difficultsoma_pred_affs/4639 with read ROI [4112:5680, 4112:5680, 6992:8560] (1568, 1568, 1568) and write ROI [4608:5184, 4608:5184, 7488:8064] (576, 576, 576)
Recording block-done for octoS0SubroiZ15683136Y78409408X1097612544Difficultsoma_pred_affs/3086 with read ROI [4112:5680, 4688:6256, 4112:5680] (1568, 1568, 1568) and write ROI [4608:5184, 5184:5760, 4608:5184] (576, 576, 576)
Recorded block-done for octoS0SubroiZ15683136Y78409408X1097612544Difficultsoma_pred_affs/3086 with read ROI [4112:5680, 4688:6256, 4112:5680] (1568, 1568, 1568) and write ROI [4608:5184, 5184:5760, 4608:5184] (576, 576, 576)
Recording block-done for octoS0SubroiZ15683136Y78409408X1097612544Difficultsoma_pred_affs/1932 with read ROI [4112:5680, 4688:6256, 1808:3376] (1568, 1568, 1568) and write ROI [4608:5184, 5184:5760, 2304:2880] (576, 576, 576)
Recorded block-done for octoS0SubroiZ15683136Y78409408X1097612544Difficultsoma_pred_affs/1932 with read ROI [4112:5680, 4688:6256, 1808:3376] (1568, 1568, 1568) and write ROI [4608:5184, 5184:5760, 2304:2880] (576, 576, 576)
Recording block-done for octoS0SubroiZ15683136Y78409408X1097612544Difficultsoma_pred_affs/7931 with read ROI [4112:5680, 4688:6256, 9872:11440] (1568, 1568, 1568) and write ROI [4608:5184, 5184:5760, 10368:10944] (576, 576, 576)
Recording block-done for octoS0SubroiZ15683136Y78409408X1097612544Difficultsoma_pred_affs/8597 with read ROI [4112:5680, 4688:6256, 10448:12016] (1568, 1568, 1568) and write ROI [4608:5184, 5184:5760, 10944:11520] (576, 576, 576)
Recorded block-done for octoS0SubroiZ15683136Y78409408X1097612544Difficultsoma_pred_affs/7931 with read ROI [4112:5680, 4688:6256, 9872:11440] (1568, 1568, 1568) and write ROI [4608:5184, 5184:5760, 10368:10944] (576, 576, 576)
Recorded block-done for octoS0SubroiZ15683136Y78409408X1097612544Difficultsoma_pred_affs/8597 with read ROI [4112:5680, 4688:6256, 10448:12016] (1568, 1568, 1568) and write ROI [4608:5184, 5184:5760, 10944:11520] (576, 576, 576)
Recording block-done for octoS0SubroiZ15683136Y78409408X1097612544Difficultsoma_pred_affs/1950 with read ROI [4112:5680, 5264:6832, 1232:2800] (1568, 1568, 1568) and write ROI [4608:5184, 5760:6336, 1728:2304] (576, 576, 576)
Recorded block-done for octoS0SubroiZ15683136Y78409408X1097612544Difficultsoma_pred_affs/1950 with read ROI [4112:5680, 5264:6832, 1232:2800] (1568, 1568, 1568) and write ROI [4608:5184, 5760:6336, 1728:2304] (576, 576, 576)
Recording block-done for octoS0SubroiZ15683136Y78409408X1097612544Difficultsoma_pred_affs/3833 with read ROI [4112:5680, 5264:6832, 4688:6256] (1568, 1568, 1568) and write ROI [4608:5184, 5760:6336, 5184:5760] (576, 576, 576)
Recorded block-done for octoS0SubroiZ15683136Y78409408X1097612544Difficultsoma_pred_affs/3833 with read ROI [4112:5680, 5264:6832, 4688:6256] (1568, 1568, 1568) and write ROI [4608:5184, 5760:6336, 5184:5760] (576, 576, 576)
Recording block-done for octoS0SubroiZ15683136Y78409408X1097612544Difficultsoma_pred_affs/4674 with read ROI [4112:5680, 5264:6832, 5840:7408] (1568, 1568, 1568) and write ROI [4608:5184, 5760:6336, 6336:6912] (576, 576, 576)
Recorded block-done for octoS0SubroiZ15683136Y78409408X1097612544Difficultsoma_pred_affs/4674 with read ROI [4112:5680, 5264:6832, 5840:7408] (1568, 1568, 1568) and write ROI [4608:5184, 5760:6336, 6336:6912] (576, 576, 576)
Recording block-done for octoS0SubroiZ15683136Y78409408X1097612544Difficultsoma_pred_affs/2222 with read ROI [4112:5680, 5840:7408, 1232:2800] (1568, 1568, 1568) and write ROI [4608:5184, 6336:6912, 1728:2304] (576, 576, 576)
Recorded block-done for octoS0SubroiZ15683136Y78409408X1097612544Difficultsoma_pred_affs/2222 with read ROI [4112:5680, 5840:7408, 1232:2800] (1568, 1568, 1568) and write ROI [4608:5184, 6336:6912, 1728:2304] (576, 576, 576)
Recording block-done for octoS0SubroiZ15683136Y78409408X1097612544Difficultsoma_pred_affs/1738 with read ROI [4112:5680, 5840:7408, 80:1648] (1568, 1568, 1568) and write ROI [4608:5184, 6336:6912, 576:1152] (576, 576, 576)
Recorded block-done for octoS0SubroiZ15683136Y78409408X1097612544Difficultsoma_pred_affs/1738 with read ROI [4112:5680, 5840:7408, 80:1648] (1568, 1568, 1568) and write ROI [4608:5184, 6336:6912, 576:1152] (576, 576, 576)
Recording block-done for octoS0SubroiZ15683136Y78409408X1097612544Difficultsoma_pred_affs/3852 with read ROI [4112:5680, 5840:7408, 4112:5680] (1568, 1568, 1568) and write ROI [4608:5184, 6336:6912, 4608:5184] (576, 576, 576)
Recorded block-done for octoS0SubroiZ15683136Y78409408X1097612544Difficultsoma_pred_affs/3852 with read ROI [4112:5680, 5840:7408, 4112:5680] (1568, 1568, 1568) and write ROI [4608:5184, 6336:6912, 4608:5184] (576, 576, 576)
Recording block-done for octoS0SubroiZ15683136Y78409408X1097612544Difficultsoma_pred_affs/7968 with read ROI [4112:5680, 5840:7408, 8720:10288] (1568, 1568, 1568) and write ROI [4608:5184, 6336:6912, 9216:9792] (576, 576, 576)
Recorded block-done for octoS0SubroiZ15683136Y78409408X1097612544Difficultsoma_pred_affs/7968 with read ROI [4112:5680, 5840:7408, 8720:10288] (1568, 1568, 1568) and write ROI [4608:5184, 6336:6912, 9216:9792] (576, 576, 576)
Recording block-done for octoS0SubroiZ15683136Y78409408X1097612544Difficultsoma_pred_affs/7338 with read ROI [4112:5680, 5840:7408, 8144:9712] (1568, 1568, 1568) and write ROI [4608:5184, 6336:6912, 8640:9216] (576, 576, 576)
Recorded block-done for octoS0SubroiZ15683136Y78409408X1097612544Difficultsoma_pred_affs/7338 with read ROI [4112:5680, 5840:7408, 8144:9712] (1568, 1568, 1568) and write ROI [4608:5184, 6336:6912, 8640:9216] (576, 576, 576)
Recording block-done for octoS0SubroiZ15683136Y78409408X1097612544Difficultsoma_pred_affs/4278 with read ROI [4112:5680, 6416:7984, 4112:5680] (1568, 1568, 1568) and write ROI [4608:5184, 6912:7488, 4608:5184] (576, 576, 576)
Recorded block-done for octoS0SubroiZ15683136Y78409408X1097612544Difficultsoma_pred_affs/4278 with read ROI [4112:5680, 6416:7984, 4112:5680] (1568, 1568, 1568) and write ROI [4608:5184, 6912:7488, 4608:5184] (576, 576, 576)
Recording block-done for octoS0SubroiZ15683136Y78409408X1097612544Difficultsoma_pred_affs/5674 with read ROI [4112:5680, 6416:7984, 5840:7408] (1568, 1568, 1568) and write ROI [4608:5184, 6912:7488, 6336:6912] (576, 576, 576)
Recorded block-done for octoS0SubroiZ15683136Y78409408X1097612544Difficultsoma_pred_affs/5674 with read ROI [4112:5680, 6416:7984, 5840:7408] (1568, 1568, 1568) and write ROI [4608:5184, 6912:7488, 6336:6912] (576, 576, 576)
Recording block-done for octoS0SubroiZ15683136Y78409408X1097612544Difficultsoma_pred_affs/10878 with read ROI [4112:5680, 6416:7984, 10448:12016] (1568, 1568, 1568) and write ROI [4608:5184, 6912:7488, 10944:11520] (576, 576, 576)
Recorded block-done for octoS0SubroiZ15683136Y78409408X1097612544Difficultsoma_pred_affs/10878 with read ROI [4112:5680, 6416:7984, 10448:12016] (1568, 1568, 1568) and write ROI [4608:5184, 6912:7488, 10944:11520] (576, 576, 576)
Recording block-done for octoS0SubroiZ15683136Y78409408X1097612544Difficultsoma_pred_affs/7988 with read ROI [4112:5680, 6416:7984, 8144:9712] (1568, 1568, 1568) and write ROI [4608:5184, 6912:7488, 8640:9216] (576, 576, 576)
Recorded block-done for octoS0SubroiZ15683136Y78409408X1097612544Difficultsoma_pred_affs/7988 with read ROI [4112:5680, 6416:7984, 8144:9712] (1568, 1568, 1568) and write ROI [4608:5184, 6912:7488, 8640:9216] (576, 576, 576)
Recording block-done for octoS0SubroiZ15683136Y78409408X1097612544Difficultsoma_pred_affs/2263 with read ROI [4112:5680, 6992:8560, 80:1648] (1568, 1568, 1568) and write ROI [4608:5184, 7488:8064, 576:1152] (576, 576, 576)
Recorded block-done for octoS0SubroiZ15683136Y78409408X1097612544Difficultsoma_pred_affs/2263 with read ROI [4112:5680, 6992:8560, 80:1648] (1568, 1568, 1568) and write ROI [4608:5184, 7488:8064, 576:1152] (576, 576, 576)
Recording block-done for octoS0SubroiZ15683136Y78409408X1097612544Difficultsoma_pred_affs/10899 with read ROI [4112:5680, 6992:8560, 9872:11440] (1568, 1568, 1568) and write ROI [4608:5184, 7488:8064, 10368:10944] (576, 576, 576)
Recorded block-done for octoS0SubroiZ15683136Y78409408X1097612544Difficultsoma_pred_affs/10899 with read ROI [4112:5680, 6992:8560, 9872:11440] (1568, 1568, 1568) and write ROI [4608:5184, 7488:8064, 10368:10944] (576, 576, 576)
Recording block-done for octoS0SubroiZ15683136Y78409408X1097612544Difficultsoma_pred_affs/9378 with read ROI [4112:5680, 6992:8560, 8720:10288] (1568, 1568, 1568) and write ROI [4608:5184, 7488:8064, 9216:9792] (576, 576, 576)
Recorded block-done for octoS0SubroiZ15683136Y78409408X1097612544Difficultsoma_pred_affs/9378 with read ROI [4112:5680, 6992:8560, 8720:10288] (1568, 1568, 1568) and write ROI [4608:5184, 7488:8064, 9216:9792] (576, 576, 576)
Recording block-done for octoS0SubroiZ15683136Y78409408X1097612544Difficultsoma_pred_affs/3915 with read ROI [4112:5680, 7568:9136, 2384:3952] (1568, 1568, 1568) and write ROI [4608:5184, 8064:8640, 2880:3456] (576, 576, 576)
Recorded block-done for octoS0SubroiZ15683136Y78409408X1097612544Difficultsoma_pred_affs/3915 with read ROI [4112:5680, 7568:9136, 2384:3952] (1568, 1568, 1568) and write ROI [4608:5184, 8064:8640, 2880:3456] (576, 576, 576)
Recording block-done for octoS0SubroiZ15683136Y78409408X1097612544Difficultsoma_pred_affs/11741 with read ROI [4112:5680, 7568:9136, 9872:11440] (1568, 1568, 1568) and write ROI [4608:5184, 8064:8640, 10368:10944] (576, 576, 576)
Recorded block-done for octoS0SubroiZ15683136Y78409408X1097612544Difficultsoma_pred_affs/11741 with read ROI [4112:5680, 7568:9136, 9872:11440] (1568, 1568, 1568) and write ROI [4608:5184, 8064:8640, 10368:10944] (576, 576, 576)
Recording block-done for octoS0SubroiZ15683136Y78409408X1097612544Difficultsoma_pred_affs/10141 with read ROI [4112:5680, 7568:9136, 8720:10288] (1568, 1568, 1568) and write ROI [4608:5184, 8064:8640, 9216:9792] (576, 576, 576)
Recorded block-done for octoS0SubroiZ15683136Y78409408X1097612544Difficultsoma_pred_affs/10141 with read ROI [4112:5680, 7568:9136, 8720:10288] (1568, 1568, 1568) and write ROI [4608:5184, 8064:8640, 9216:9792] (576, 576, 576)
Recording block-done for octoS0SubroiZ15683136Y78409408X1097612544Difficultsoma_pred_affs/3209 with read ROI [4112:5680, 8144:9712, 656:2224] (1568, 1568, 1568) and write ROI [4608:5184, 8640:9216, 1152:1728] (576, 576, 576)
Recorded block-done for octoS0SubroiZ15683136Y78409408X1097612544Difficultsoma_pred_affs/3209 with read ROI [4112:5680, 8144:9712, 656:2224] (1568, 1568, 1568) and write ROI [4608:5184, 8640:9216, 1152:1728] (576, 576, 576)
Recording block-done for octoS0SubroiZ15683136Y78409408X1097612544Difficultsoma_pred_affs/3233 with read ROI [4112:5680, 8720:10288, 80:1648] (1568, 1568, 1568) and write ROI [4608:5184, 9216:9792, 576:1152] (576, 576, 576)
Recorded block-done for octoS0SubroiZ15683136Y78409408X1097612544Difficultsoma_pred_affs/3233 with read ROI [4112:5680, 8720:10288, 80:1648] (1568, 1568, 1568) and write ROI [4608:5184, 9216:9792, 576:1152] (576, 576, 576)
Recording block-done for octoS0SubroiZ15683136Y78409408X1097612544Difficultsoma_pred_affs/6292 with read ROI [4112:5680, 8720:10288, 4112:5680] (1568, 1568, 1568) and write ROI [4608:5184, 9216:9792, 4608:5184] (576, 576, 576)
Recorded block-done for octoS0SubroiZ15683136Y78409408X1097612544Difficultsoma_pred_affs/6292 with read ROI [4112:5680, 8720:10288, 4112:5680] (1568, 1568, 1568) and write ROI [4608:5184, 9216:9792, 4608:5184] (576, 576, 576)
Recording block-done for octoS0SubroiZ15683136Y78409408X1097612544Difficultsoma_pred_affs/5764 with read ROI [4112:5680, 8720:10288, 3536:5104] (1568, 1568, 1568) and write ROI [4608:5184, 9216:9792, 4032:4608] (576, 576, 576)
Recorded block-done for octoS0SubroiZ15683136Y78409408X1097612544Difficultsoma_pred_affs/5764 with read ROI [4112:5680, 8720:10288, 3536:5104] (1568, 1568, 1568) and write ROI [4608:5184, 9216:9792, 4032:4608] (576, 576, 576)
Recording block-done for octoS0SubroiZ15683136Y78409408X1097612544Difficultsoma_pred_affs/13552 with read ROI [4112:5680, 8720:10288, 9872:11440] (1568, 1568, 1568) and write ROI [4608:5184, 9216:9792, 10368:10944] (576, 576, 576)
Recorded block-done for octoS0SubroiZ15683136Y78409408X1097612544Difficultsoma_pred_affs/13552 with read ROI [4112:5680, 8720:10288, 9872:11440] (1568, 1568, 1568) and write ROI [4608:5184, 9216:9792, 10368:10944] (576, 576, 576)
Recording block-done for octoS0SubroiZ15683136Y78409408X1097612544Difficultsoma_pred_affs/10188 with read ROI [4112:5680, 8720:10288, 7568:9136] (1568, 1568, 1568) and write ROI [4608:5184, 9216:9792, 8064:8640] (576, 576, 576)
Recorded block-done for octoS0SubroiZ15683136Y78409408X1097612544Difficultsoma_pred_affs/10188 with read ROI [4112:5680, 8720:10288, 7568:9136] (1568, 1568, 1568) and write ROI [4608:5184, 9216:9792, 8064:8640] (576, 576, 576)
Recording block-done for octoS0SubroiZ15683136Y78409408X1097612544Difficultsoma_pred_affs/14498 with read ROI [4112:5680, 8720:10288, 10448:12016] (1568, 1568, 1568) and write ROI [4608:5184, 9216:9792, 10944:11520] (576, 576, 576)
Recorded block-done for octoS0SubroiZ15683136Y78409408X1097612544Difficultsoma_pred_affs/14498 with read ROI [4112:5680, 8720:10288, 10448:12016] (1568, 1568, 1568) and write ROI [4608:5184, 9216:9792, 10944:11520] (576, 576, 576)
Recording block-done for octoS0SubroiZ15683136Y78409408X1097612544Difficultsoma_pred_affs/8769 with read ROI [4112:5680, 9296:10864, 5840:7408] (1568, 1568, 1568) and write ROI [4608:5184, 9792:10368, 6336:6912] (576, 576, 576)
Recorded block-done for octoS0SubroiZ15683136Y78409408X1097612544Difficultsoma_pred_affs/8769 with read ROI [4112:5680, 9296:10864, 5840:7408] (1568, 1568, 1568) and write ROI [4608:5184, 9792:10368, 6336:6912] (576, 576, 576)
Recording block-done for octoS0SubroiZ15683136Y78409408X1097612544Difficultsoma_pred_affs/12674 with read ROI [4112:5680, 9296:10864, 8720:10288] (1568, 1568, 1568) and write ROI [4608:5184, 9792:10368, 9216:9792] (576, 576, 576)
Recorded block-done for octoS0SubroiZ15683136Y78409408X1097612544Difficultsoma_pred_affs/12674 with read ROI [4112:5680, 9296:10864, 8720:10288] (1568, 1568, 1568) and write ROI [4608:5184, 9792:10368, 9216:9792] (576, 576, 576)
Recording block-done for octoS0SubroiZ15683136Y78409408X1097612544Difficultsoma_pred_affs/4854 with read ROI [4112:5680, 9872:11440, 1232:2800] (1568, 1568, 1568) and write ROI [4608:5184, 10368:10944, 1728:2304] (576, 576, 576)
Recorded block-done for octoS0SubroiZ15683136Y78409408X1097612544Difficultsoma_pred_affs/4854 with read ROI [4112:5680, 9872:11440, 1232:2800] (1568, 1568, 1568) and write ROI [4608:5184, 10368:10944, 1728:2304] (576, 576, 576)
Recording block-done for octoS0SubroiZ15683136Y78409408X1097612544Difficultsoma_pred_affs/6904 with read ROI [4112:5680, 9872:11440, 3536:5104] (1568, 1568, 1568) and write ROI [4608:5184, 10368:10944, 4032:4608] (576, 576, 576)
Recorded block-done for octoS0SubroiZ15683136Y78409408X1097612544Difficultsoma_pred_affs/6904 with read ROI [4112:5680, 9872:11440, 3536:5104] (1568, 1568, 1568) and write ROI [4608:5184, 10368:10944, 4032:4608] (576, 576, 576)
Recording block-done for octoS0SubroiZ15683136Y78409408X1097612544Difficultsoma_pred_affs/11839 with read ROI [4112:5680, 9872:11440, 7568:9136] (1568, 1568, 1568) and write ROI [4608:5184, 10368:10944, 8064:8640] (576, 576, 576)
Recorded block-done for octoS0SubroiZ15683136Y78409408X1097612544Difficultsoma_pred_affs/11839 with read ROI [4112:5680, 9872:11440, 7568:9136] (1568, 1568, 1568) and write ROI [4608:5184, 10368:10944, 8064:8640] (576, 576, 576)
Recording block-done for octoS0SubroiZ15683136Y78409408X1097612544Difficultsoma_pred_affs/4446 with read ROI [4112:5680, 10448:12016, 80:1648] (1568, 1568, 1568) and write ROI [4608:5184, 10944:11520, 576:1152] (576, 576, 576)
Recorded block-done for octoS0SubroiZ15683136Y78409408X1097612544Difficultsoma_pred_affs/4446 with read ROI [4112:5680, 10448:12016, 80:1648] (1568, 1568, 1568) and write ROI [4608:5184, 10944:11520, 576:1152] (576, 576, 576)
Recording block-done for octoS0SubroiZ15683136Y78409408X1097612544Difficultsoma_pred_affs/6370 with read ROI [4112:5680, 10448:12016, 2384:3952] (1568, 1568, 1568) and write ROI [4608:5184, 10944:11520, 2880:3456] (576, 576, 576)
Recorded block-done for octoS0SubroiZ15683136Y78409408X1097612544Difficultsoma_pred_affs/6370 with read ROI [4112:5680, 10448:12016, 2384:3952] (1568, 1568, 1568) and write ROI [4608:5184, 10944:11520, 2880:3456] (576, 576, 576)
Recording block-done for octoS0SubroiZ15683136Y78409408X1097612544Difficultsoma_pred_affs/8156 with read ROI [4112:5680, 10448:12016, 4112:5680] (1568, 1568, 1568) and write ROI [4608:5184, 10944:11520, 4608:5184] (576, 576, 576)
Recorded block-done for octoS0SubroiZ15683136Y78409408X1097612544Difficultsoma_pred_affs/8156 with read ROI [4112:5680, 10448:12016, 4112:5680] (1568, 1568, 1568) and write ROI [4608:5184, 10944:11520, 4608:5184] (576, 576, 576)
Recording block-done for octoS0SubroiZ15683136Y78409408X1097612544Difficultsoma_pred_affs/519 with read ROI [4688:6256, 80:1648, 1232:2800] (1568, 1568, 1568) and write ROI [5184:5760, 576:1152, 1728:2304] (576, 576, 576)
Recorded block-done for octoS0SubroiZ15683136Y78409408X1097612544Difficultsoma_pred_affs/519 with read ROI [4688:6256, 80:1648, 1232:2800] (1568, 1568, 1568) and write ROI [5184:5760, 576:1152, 1728:2304] (576, 576, 576)
Recording block-done for octoS0SubroiZ15683136Y78409408X1097612544Difficultsoma_pred_affs/428 with read ROI [4688:6256, 80:1648, 656:2224] (1568, 1568, 1568) and write ROI [5184:5760, 576:1152, 1152:1728] (576, 576, 576)
Recorded block-done for octoS0SubroiZ15683136Y78409408X1097612544Difficultsoma_pred_affs/428 with read ROI [4688:6256, 80:1648, 656:2224] (1568, 1568, 1568) and write ROI [5184:5760, 576:1152, 1152:1728] (576, 576, 576)
Recording block-done for octoS0SubroiZ15683136Y78409408X1097612544Difficultsoma_pred_affs/1044 with read ROI [4688:6256, 656:2224, 2960:4528] (1568, 1568, 1568) and write ROI [5184:5760, 1152:1728, 3456:4032] (576, 576, 576)
Recorded block-done for octoS0SubroiZ15683136Y78409408X1097612544Difficultsoma_pred_affs/1044 with read ROI [4688:6256, 656:2224, 2960:4528] (1568, 1568, 1568) and write ROI [5184:5760, 1152:1728, 3456:4032] (576, 576, 576)
Recording block-done for octoS0SubroiZ15683136Y78409408X1097612544Difficultsoma_pred_affs/2364 with read ROI [4688:6256, 80:1648, 6992:8560] (1568, 1568, 1568) and write ROI [5184:5760, 576:1152, 7488:8064] (576, 576, 576)
Recorded block-done for octoS0SubroiZ15683136Y78409408X1097612544Difficultsoma_pred_affs/2364 with read ROI [4688:6256, 80:1648, 6992:8560] (1568, 1568, 1568) and write ROI [5184:5760, 576:1152, 7488:8064] (576, 576, 576)
Recording block-done for octoS0SubroiZ15683136Y78409408X1097612544Difficultsoma_pred_affs/1215 with read ROI [4688:6256, 656:2224, 3536:5104] (1568, 1568, 1568) and write ROI [5184:5760, 1152:1728, 4032:4608] (576, 576, 576)
Recorded block-done for octoS0SubroiZ15683136Y78409408X1097612544Difficultsoma_pred_affs/1215 with read ROI [4688:6256, 656:2224, 3536:5104] (1568, 1568, 1568) and write ROI [5184:5760, 1152:1728, 4032:4608] (576, 576, 576)
Recording block-done for octoS0SubroiZ15683136Y78409408X1097612544Difficultsoma_pred_affs/1846 with read ROI [4688:6256, 656:2224, 5264:6832] (1568, 1568, 1568) and write ROI [5184:5760, 1152:1728, 5760:6336] (576, 576, 576)
Recorded block-done for octoS0SubroiZ15683136Y78409408X1097612544Difficultsoma_pred_affs/1846 with read ROI [4688:6256, 656:2224, 5264:6832] (1568, 1568, 1568) and write ROI [5184:5760, 1152:1728, 5760:6336] (576, 576, 576)
Recording block-done for octoS0SubroiZ15683136Y78409408X1097612544Difficultsoma_pred_affs/767 with read ROI [4688:6256, 1232:2800, 1232:2800] (1568, 1568, 1568) and write ROI [5184:5760, 1728:2304, 1728:2304] (576, 576, 576)
Recorded block-done for octoS0SubroiZ15683136Y78409408X1097612544Difficultsoma_pred_affs/767 with read ROI [4688:6256, 1232:2800, 1232:2800] (1568, 1568, 1568) and write ROI [5184:5760, 1728:2304, 1728:2304] (576, 576, 576)
Recording block-done for octoS0SubroiZ15683136Y78409408X1097612544Difficultsoma_pred_affs/3012 with read ROI [4688:6256, 1232:2800, 6992:8560] (1568, 1568, 1568) and write ROI [5184:5760, 1728:2304, 7488:8064] (576, 576, 576)
Recorded block-done for octoS0SubroiZ15683136Y78409408X1097612544Difficultsoma_pred_affs/3012 with read ROI [4688:6256, 1232:2800, 6992:8560] (1568, 1568, 1568) and write ROI [5184:5760, 1728:2304, 7488:8064] (576, 576, 576)
Recording block-done for octoS0SubroiZ15683136Y78409408X1097612544Difficultsoma_pred_affs/3000 with read ROI [4688:6256, 656:2224, 7568:9136] (1568, 1568, 1568) and write ROI [5184:5760, 1152:1728, 8064:8640] (576, 576, 576)
Recorded block-done for octoS0SubroiZ15683136Y78409408X1097612544Difficultsoma_pred_affs/3000 with read ROI [4688:6256, 656:2224, 7568:9136] (1568, 1568, 1568) and write ROI [5184:5760, 1152:1728, 8064:8640] (576, 576, 576)
Recording block-done for octoS0SubroiZ15683136Y78409408X1097612544Difficultsoma_pred_affs/1417 with read ROI [4688:6256, 1232:2800, 3536:5104] (1568, 1568, 1568) and write ROI [5184:5760, 1728:2304, 4032:4608] (576, 576, 576)
Recorded block-done for octoS0SubroiZ15683136Y78409408X1097612544Difficultsoma_pred_affs/1417 with read ROI [4688:6256, 1232:2800, 3536:5104] (1568, 1568, 1568) and write ROI [5184:5760, 1728:2304, 4032:4608] (576, 576, 576)
Recording block-done for octoS0SubroiZ15683136Y78409408X1097612544Difficultsoma_pred_affs/5543 with read ROI [4688:6256, 1232:2800, 10448:12016] (1568, 1568, 1568) and write ROI [5184:5760, 1728:2304, 10944:11520] (576, 576, 576)
Recorded block-done for octoS0SubroiZ15683136Y78409408X1097612544Difficultsoma_pred_affs/5543 with read ROI [4688:6256, 1232:2800, 10448:12016] (1568, 1568, 1568) and write ROI [5184:5760, 1728:2304, 10944:11520] (576, 576, 576)
Recording block-done for octoS0SubroiZ15683136Y78409408X1097612544Difficultsoma_pred_affs/6084 with read ROI [4688:6256, 1808:3376, 10448:12016] (1568, 1568, 1568) and write ROI [5184:5760, 2304:2880, 10944:11520] (576, 576, 576)
Recorded block-done for octoS0SubroiZ15683136Y78409408X1097612544Difficultsoma_pred_affs/6084 with read ROI [4688:6256, 1808:3376, 10448:12016] (1568, 1568, 1568) and write ROI [5184:5760, 2304:2880, 10944:11520] (576, 576, 576)
Recording block-done for octoS0SubroiZ15683136Y78409408X1097612544Difficultsoma_pred_affs/1254 with read ROI [4688:6256, 2384:3952, 1808:3376] (1568, 1568, 1568) and write ROI [5184:5760, 2880:3456, 2304:2880] (576, 576, 576)
Recorded block-done for octoS0SubroiZ15683136Y78409408X1097612544Difficultsoma_pred_affs/1254 with read ROI [4688:6256, 2384:3952, 1808:3376] (1568, 1568, 1568) and write ROI [5184:5760, 2880:3456, 2304:2880] (576, 576, 576)
Recording block-done for octoS0SubroiZ15683136Y78409408X1097612544Difficultsoma_pred_affs/1430 with read ROI [4688:6256, 1808:3376, 2960:4528] (1568, 1568, 1568) and write ROI [5184:5760, 2304:2880, 3456:4032] (576, 576, 576)
Recorded block-done for octoS0SubroiZ15683136Y78409408X1097612544Difficultsoma_pred_affs/1430 with read ROI [4688:6256, 1808:3376, 2960:4528] (1568, 1568, 1568) and write ROI [5184:5760, 2304:2880, 3456:4032] (576, 576, 576)
Recording block-done for octoS0SubroiZ15683136Y78409408X1097612544Difficultsoma_pred_affs/3754 with read ROI [4688:6256, 1808:3376, 7568:9136] (1568, 1568, 1568) and write ROI [5184:5760, 2304:2880, 8064:8640] (576, 576, 576)
Recorded block-done for octoS0SubroiZ15683136Y78409408X1097612544Difficultsoma_pred_affs/3754 with read ROI [4688:6256, 1808:3376, 7568:9136] (1568, 1568, 1568) and write ROI [5184:5760, 2304:2880, 8064:8640] (576, 576, 576)
Recording block-done for octoS0SubroiZ15683136Y78409408X1097612544Difficultsoma_pred_affs/2714 with read ROI [4688:6256, 2384:3952, 5264:6832] (1568, 1568, 1568) and write ROI [5184:5760, 2880:3456, 5760:6336] (576, 576, 576)
Recorded block-done for octoS0SubroiZ15683136Y78409408X1097612544Difficultsoma_pred_affs/2714 with read ROI [4688:6256, 2384:3952, 5264:6832] (1568, 1568, 1568) and write ROI [5184:5760, 2880:3456, 5760:6336] (576, 576, 576)
Recording block-done for octoS0SubroiZ15683136Y78409408X1097612544Difficultsoma_pred_affs/5570 with read ROI [4688:6256, 2384:3952, 9296:10864] (1568, 1568, 1568) and write ROI [5184:5760, 2880:3456, 9792:10368] (576, 576, 576)
Recorded block-done for octoS0SubroiZ15683136Y78409408X1097612544Difficultsoma_pred_affs/5570 with read ROI [4688:6256, 2384:3952, 9296:10864] (1568, 1568, 1568) and write ROI [5184:5760, 2880:3456, 9792:10368] (576, 576, 576)
Recording block-done for octoS0SubroiZ15683136Y78409408X1097612544Difficultsoma_pred_affs/1654 with read ROI [4688:6256, 2384:3952, 2960:4528] (1568, 1568, 1568) and write ROI [5184:5760, 2880:3456, 3456:4032] (576, 576, 576)
Recorded block-done for octoS0SubroiZ15683136Y78409408X1097612544Difficultsoma_pred_affs/1654 with read ROI [4688:6256, 2384:3952, 2960:4528] (1568, 1568, 1568) and write ROI [5184:5760, 2880:3456, 3456:4032] (576, 576, 576)
Recording block-done for octoS0SubroiZ15683136Y78409408X1097612544Difficultsoma_pred_affs/3405 with read ROI [4688:6256, 2960:4528, 5840:7408] (1568, 1568, 1568) and write ROI [5184:5760, 3456:4032, 6336:6912] (576, 576, 576)
Recorded block-done for octoS0SubroiZ15683136Y78409408X1097612544Difficultsoma_pred_affs/3405 with read ROI [4688:6256, 2960:4528, 5840:7408] (1568, 1568, 1568) and write ROI [5184:5760, 3456:4032, 6336:6912] (576, 576, 576)
Recording block-done for octoS0SubroiZ15683136Y78409408X1097612544Difficultsoma_pred_affs/1285 with read ROI [4688:6256, 3536:5104, 656:2224] (1568, 1568, 1568) and write ROI [5184:5760, 4032:4608, 1152:1728] (576, 576, 576)
Recorded block-done for octoS0SubroiZ15683136Y78409408X1097612544Difficultsoma_pred_affs/1285 with read ROI [4688:6256, 3536:5104, 656:2224] (1568, 1568, 1568) and write ROI [5184:5760, 4032:4608, 1152:1728] (576, 576, 576)
Recording block-done for octoS0SubroiZ15683136Y78409408X1097612544Difficultsoma_pred_affs/5089 with read ROI [4688:6256, 2960:4528, 8144:9712] (1568, 1568, 1568) and write ROI [5184:5760, 3456:4032, 8640:9216] (576, 576, 576)
Recorded block-done for octoS0SubroiZ15683136Y78409408X1097612544Difficultsoma_pred_affs/5089 with read ROI [4688:6256, 2960:4528, 8144:9712] (1568, 1568, 1568) and write ROI [5184:5760, 3456:4032, 8640:9216] (576, 576, 576)
Recording block-done for octoS0SubroiZ15683136Y78409408X1097612544Difficultsoma_pred_affs/1302 with read ROI [4688:6256, 4112:5680, 80:1648] (1568, 1568, 1568) and write ROI [5184:5760, 4608:5184, 576:1152] (576, 576, 576)
Recorded block-done for octoS0SubroiZ15683136Y78409408X1097612544Difficultsoma_pred_affs/1302 with read ROI [4688:6256, 4112:5680, 80:1648] (1568, 1568, 1568) and write ROI [5184:5760, 4608:5184, 576:1152] (576, 576, 576)
Recording block-done for octoS0SubroiZ15683136Y78409408X1097612544Difficultsoma_pred_affs/3799 with read ROI [4688:6256, 3536:5104, 5840:7408] (1568, 1568, 1568) and write ROI [5184:5760, 4032:4608, 6336:6912] (576, 576, 576)
Recorded block-done for octoS0SubroiZ15683136Y78409408X1097612544Difficultsoma_pred_affs/3799 with read ROI [4688:6256, 3536:5104, 5840:7408] (1568, 1568, 1568) and write ROI [5184:5760, 4032:4608, 6336:6912] (576, 576, 576)
Recording block-done for octoS0SubroiZ15683136Y78409408X1097612544Difficultsoma_pred_affs/2186 with read ROI [4688:6256, 4112:5680, 2384:3952] (1568, 1568, 1568) and write ROI [5184:5760, 4608:5184, 2880:3456] (576, 576, 576)
Recorded block-done for octoS0SubroiZ15683136Y78409408X1097612544Difficultsoma_pred_affs/2186 with read ROI [4688:6256, 4112:5680, 2384:3952] (1568, 1568, 1568) and write ROI [5184:5760, 4608:5184, 2880:3456] (576, 576, 576)
Recording block-done for octoS0SubroiZ15683136Y78409408X1097612544Difficultsoma_pred_affs/2169 with read ROI [4688:6256, 3536:5104, 2960:4528] (1568, 1568, 1568) and write ROI [5184:5760, 4032:4608, 3456:4032] (576, 576, 576)
Recorded block-done for octoS0SubroiZ15683136Y78409408X1097612544Difficultsoma_pred_affs/2169 with read ROI [4688:6256, 3536:5104, 2960:4528] (1568, 1568, 1568) and write ROI [5184:5760, 4032:4608, 3456:4032] (576, 576, 576)
Recording block-done for octoS0SubroiZ15683136Y78409408X1097612544Difficultsoma_pred_affs/2762 with read ROI [4688:6256, 4112:5680, 3536:5104] (1568, 1568, 1568) and write ROI [5184:5760, 4608:5184, 4032:4608] (576, 576, 576)
Recorded block-done for octoS0SubroiZ15683136Y78409408X1097612544Difficultsoma_pred_affs/2762 with read ROI [4688:6256, 4112:5680, 3536:5104] (1568, 1568, 1568) and write ROI [5184:5760, 4608:5184, 4032:4608] (576, 576, 576)
Recording block-done for octoS0SubroiZ15683136Y78409408X1097612544Difficultsoma_pred_affs/2204 with read ROI [4688:6256, 4688:6256, 1808:3376] (1568, 1568, 1568) and write ROI [5184:5760, 5184:5760, 2304:2880] (576, 576, 576)
Recorded block-done for octoS0SubroiZ15683136Y78409408X1097612544Difficultsoma_pred_affs/2204 with read ROI [4688:6256, 4688:6256, 1808:3376] (1568, 1568, 1568) and write ROI [5184:5760, 5184:5760, 2304:2880] (576, 576, 576)
Recording block-done for octoS0SubroiZ15683136Y78409408X1097612544Difficultsoma_pred_affs/2780 with read ROI [4688:6256, 4688:6256, 2960:4528] (1568, 1568, 1568) and write ROI [5184:5760, 5184:5760, 3456:4032] (576, 576, 576)
Recorded block-done for octoS0SubroiZ15683136Y78409408X1097612544Difficultsoma_pred_affs/2780 with read ROI [4688:6256, 4688:6256, 2960:4528] (1568, 1568, 1568) and write ROI [5184:5760, 5184:5760, 3456:4032] (576, 576, 576)
Recording block-done for octoS0SubroiZ15683136Y78409408X1097612544Difficultsoma_pred_affs/9319 with read ROI [4688:6256, 4688:6256, 10448:12016] (1568, 1568, 1568) and write ROI [5184:5760, 5184:5760, 10944:11520] (576, 576, 576)
Recorded block-done for octoS0SubroiZ15683136Y78409408X1097612544Difficultsoma_pred_affs/9319 with read ROI [4688:6256, 4688:6256, 10448:12016] (1568, 1568, 1568) and write ROI [5184:5760, 5184:5760, 10944:11520] (576, 576, 576)
Recording block-done for octoS0SubroiZ15683136Y78409408X1097612544Difficultsoma_pred_affs/1970 with read ROI [4688:6256, 5264:6832, 656:2224] (1568, 1568, 1568) and write ROI [5184:5760, 5760:6336, 1152:1728] (576, 576, 576)
Recorded block-done for octoS0SubroiZ15683136Y78409408X1097612544Difficultsoma_pred_affs/1970 with read ROI [4688:6256, 5264:6832, 656:2224] (1568, 1568, 1568) and write ROI [5184:5760, 5760:6336, 1152:1728] (576, 576, 576)
Recording block-done for octoS0SubroiZ15683136Y78409408X1097612544Difficultsoma_pred_affs/3475 with read ROI [4688:6256, 5264:6832, 3536:5104] (1568, 1568, 1568) and write ROI [5184:5760, 5760:6336, 4032:4608] (576, 576, 576)
Recorded block-done for octoS0SubroiZ15683136Y78409408X1097612544Difficultsoma_pred_affs/3475 with read ROI [4688:6256, 5264:6832, 3536:5104] (1568, 1568, 1568) and write ROI [5184:5760, 5760:6336, 4032:4608] (576, 576, 576)
Recording block-done for octoS0SubroiZ15683136Y78409408X1097612544Difficultsoma_pred_affs/8635 with read ROI [4688:6256, 5264:6832, 9296:10864] (1568, 1568, 1568) and write ROI [5184:5760, 5760:6336, 9792:10368] (576, 576, 576)
Recorded block-done for octoS0SubroiZ15683136Y78409408X1097612544Difficultsoma_pred_affs/8635 with read ROI [4688:6256, 5264:6832, 9296:10864] (1568, 1568, 1568) and write ROI [5184:5760, 5760:6336, 9792:10368] (576, 576, 576)
Recording block-done for octoS0SubroiZ15683136Y78409408X1097612544Difficultsoma_pred_affs/2519 with read ROI [4688:6256, 5840:7408, 1232:2800] (1568, 1568, 1568) and write ROI [5184:5760, 6336:6912, 1728:2304] (576, 576, 576)
Recorded block-done for octoS0SubroiZ15683136Y78409408X1097612544Difficultsoma_pred_affs/2519 with read ROI [4688:6256, 5840:7408, 1232:2800] (1568, 1568, 1568) and write ROI [5184:5760, 6336:6912, 1728:2304] (576, 576, 576)
Recording block-done for octoS0SubroiZ15683136Y78409408X1097612544Difficultsoma_pred_affs/4279 with read ROI [4688:6256, 5840:7408, 4112:5680] (1568, 1568, 1568) and write ROI [5184:5760, 6336:6912, 4608:5184] (576, 576, 576)
Recorded block-done for octoS0SubroiZ15683136Y78409408X1097612544Difficultsoma_pred_affs/4279 with read ROI [4688:6256, 5840:7408, 4112:5680] (1568, 1568, 1568) and write ROI [5184:5760, 6336:6912, 4608:5184] (576, 576, 576)
Recording block-done for octoS0SubroiZ15683136Y78409408X1097612544Difficultsoma_pred_affs/6203 with read ROI [4688:6256, 5840:7408, 6416:7984] (1568, 1568, 1568) and write ROI [5184:5760, 6336:6912, 6912:7488] (576, 576, 576)
Recorded block-done for octoS0SubroiZ15683136Y78409408X1097612544Difficultsoma_pred_affs/6203 with read ROI [4688:6256, 5840:7408, 6416:7984] (1568, 1568, 1568) and write ROI [5184:5760, 6336:6912, 6912:7488] (576, 576, 576)
Recording block-done for octoS0SubroiZ15683136Y78409408X1097612544Difficultsoma_pred_affs/10879 with read ROI [4688:6256, 5840:7408, 10448:12016] (1568, 1568, 1568) and write ROI [5184:5760, 6336:6912, 10944:11520] (576, 576, 576)
Recorded block-done for octoS0SubroiZ15683136Y78409408X1097612544Difficultsoma_pred_affs/10879 with read ROI [4688:6256, 5840:7408, 10448:12016] (1568, 1568, 1568) and write ROI [5184:5760, 6336:6912, 10944:11520] (576, 576, 576)
Recording block-done for octoS0SubroiZ15683136Y78409408X1097612544Difficultsoma_pred_affs/3516 with read ROI [4688:6256, 6416:7984, 2384:3952] (1568, 1568, 1568) and write ROI [5184:5760, 6912:7488, 2880:3456] (576, 576, 576)
Recorded block-done for octoS0SubroiZ15683136Y78409408X1097612544Difficultsoma_pred_affs/3516 with read ROI [4688:6256, 6416:7984, 2384:3952] (1568, 1568, 1568) and write ROI [5184:5760, 6912:7488, 2880:3456] (576, 576, 576)
Recording block-done for octoS0SubroiZ15683136Y78409408X1097612544Difficultsoma_pred_affs/5696 with read ROI [4688:6256, 6416:7984, 5264:6832] (1568, 1568, 1568) and write ROI [5184:5760, 6912:7488, 5760:6336] (576, 576, 576)
Recorded block-done for octoS0SubroiZ15683136Y78409408X1097612544Difficultsoma_pred_affs/5696 with read ROI [4688:6256, 6416:7984, 5264:6832] (1568, 1568, 1568) and write ROI [5184:5760, 6912:7488, 5760:6336] (576, 576, 576)
Recording block-done for octoS0SubroiZ15683136Y78409408X1097612544Difficultsoma_pred_affs/6785 with read ROI [4688:6256, 6416:7984, 6416:7984] (1568, 1568, 1568) and write ROI [5184:5760, 6912:7488, 6912:7488] (576, 576, 576)
Recorded block-done for octoS0SubroiZ15683136Y78409408X1097612544Difficultsoma_pred_affs/6785 with read ROI [4688:6256, 6416:7984, 6416:7984] (1568, 1568, 1568) and write ROI [5184:5760, 6912:7488, 6912:7488] (576, 576, 576)
Recording block-done for octoS0SubroiZ15683136Y78409408X1097612544Difficultsoma_pred_affs/11720 with read ROI [4688:6256, 6416:7984, 10448:12016] (1568, 1568, 1568) and write ROI [5184:5760, 6912:7488, 10944:11520] (576, 576, 576)
Recorded block-done for octoS0SubroiZ15683136Y78409408X1097612544Difficultsoma_pred_affs/11720 with read ROI [4688:6256, 6416:7984, 10448:12016] (1568, 1568, 1568) and write ROI [5184:5760, 6912:7488, 10944:11520] (576, 576, 576)
Recording block-done for octoS0SubroiZ15683136Y78409408X1097612544Difficultsoma_pred_affs/3538 with read ROI [4688:6256, 6992:8560, 1808:3376] (1568, 1568, 1568) and write ROI [5184:5760, 7488:8064, 2304:2880] (576, 576, 576)
Recorded block-done for octoS0SubroiZ15683136Y78409408X1097612544Difficultsoma_pred_affs/3538 with read ROI [4688:6256, 6992:8560, 1808:3376] (1568, 1568, 1568) and write ROI [5184:5760, 7488:8064, 2304:2880] (576, 576, 576)
Recording block-done for octoS0SubroiZ15683136Y78409408X1097612544Difficultsoma_pred_affs/3939 with read ROI [4688:6256, 7568:9136, 1808:3376] (1568, 1568, 1568) and write ROI [5184:5760, 8064:8640, 2304:2880] (576, 576, 576)
Recorded block-done for octoS0SubroiZ15683136Y78409408X1097612544Difficultsoma_pred_affs/3939 with read ROI [4688:6256, 7568:9136, 1808:3376] (1568, 1568, 1568) and write ROI [5184:5760, 8064:8640, 2304:2880] (576, 576, 576)
Recording block-done for octoS0SubroiZ15683136Y78409408X1097612544Difficultsoma_pred_affs/7402 with read ROI [4688:6256, 6992:8560, 6416:7984] (1568, 1568, 1568) and write ROI [5184:5760, 7488:8064, 6912:7488] (576, 576, 576)
Recorded block-done for octoS0SubroiZ15683136Y78409408X1097612544Difficultsoma_pred_affs/7402 with read ROI [4688:6256, 6992:8560, 6416:7984] (1568, 1568, 1568) and write ROI [5184:5760, 7488:8064, 6912:7488] (576, 576, 576)
Recording block-done for octoS0SubroiZ15683136Y78409408X1097612544Difficultsoma_pred_affs/10142 with read ROI [4688:6256, 6992:8560, 8720:10288] (1568, 1568, 1568) and write ROI [5184:5760, 7488:8064, 9216:9792] (576, 576, 576)
Recorded block-done for octoS0SubroiZ15683136Y78409408X1097612544Difficultsoma_pred_affs/10142 with read ROI [4688:6256, 6992:8560, 8720:10288] (1568, 1568, 1568) and write ROI [5184:5760, 7488:8064, 9216:9792] (576, 576, 576)
Recording block-done for octoS0SubroiZ15683136Y78409408X1097612544Difficultsoma_pred_affs/4780 with read ROI [4688:6256, 7568:9136, 2960:4528] (1568, 1568, 1568) and write ROI [5184:5760, 8064:8640, 3456:4032] (576, 576, 576)
Recorded block-done for octoS0SubroiZ15683136Y78409408X1097612544Difficultsoma_pred_affs/4780 with read ROI [4688:6256, 7568:9136, 2960:4528] (1568, 1568, 1568) and write ROI [5184:5760, 8064:8640, 3456:4032] (576, 576, 576)
Recording block-done for octoS0SubroiZ15683136Y78409408X1097612544Difficultsoma_pred_affs/6269 with read ROI [4688:6256, 7568:9136, 4688:6256] (1568, 1568, 1568) and write ROI [5184:5760, 8064:8640, 5184:5760] (576, 576, 576)
Recorded block-done for octoS0SubroiZ15683136Y78409408X1097612544Difficultsoma_pred_affs/6269 with read ROI [4688:6256, 7568:9136, 4688:6256] (1568, 1568, 1568) and write ROI [5184:5760, 8064:8640, 5184:5760] (576, 576, 576)
Recording block-done for octoS0SubroiZ15683136Y78409408X1097612544Difficultsoma_pred_affs/4804 with read ROI [4688:6256, 8144:9712, 2384:3952] (1568, 1568, 1568) and write ROI [5184:5760, 8640:9216, 2880:3456] (576, 576, 576)
Recorded block-done for octoS0SubroiZ15683136Y78409408X1097612544Difficultsoma_pred_affs/4804 with read ROI [4688:6256, 8144:9712, 2384:3952] (1568, 1568, 1568) and write ROI [5184:5760, 8640:9216, 2880:3456] (576, 576, 576)
Recording block-done for octoS0SubroiZ15683136Y78409408X1097612544Difficultsoma_pred_affs/4369 with read ROI [4688:6256, 8144:9712, 1808:3376] (1568, 1568, 1568) and write ROI [5184:5760, 8640:9216, 2304:2880] (576, 576, 576)
Recorded block-done for octoS0SubroiZ15683136Y78409408X1097612544Difficultsoma_pred_affs/4369 with read ROI [4688:6256, 8144:9712, 1808:3376] (1568, 1568, 1568) and write ROI [5184:5760, 8640:9216, 2304:2880] (576, 576, 576)
Recording block-done for octoS0SubroiZ15683136Y78409408X1097612544Difficultsoma_pred_affs/8745 with read ROI [4688:6256, 8144:9712, 6416:7984] (1568, 1568, 1568) and write ROI [5184:5760, 8640:9216, 6912:7488] (576, 576, 576)
Recorded block-done for octoS0SubroiZ15683136Y78409408X1097612544Difficultsoma_pred_affs/8745 with read ROI [4688:6256, 8144:9712, 6416:7984] (1568, 1568, 1568) and write ROI [5184:5760, 8640:9216, 6912:7488] (576, 576, 576)
Recording block-done for octoS0SubroiZ15683136Y78409408X1097612544Difficultsoma_pred_affs/12650 with read ROI [4688:6256, 8144:9712, 9296:10864] (1568, 1568, 1568) and write ROI [5184:5760, 8640:9216, 9792:10368] (576, 576, 576)
Recorded block-done for octoS0SubroiZ15683136Y78409408X1097612544Difficultsoma_pred_affs/12650 with read ROI [4688:6256, 8144:9712, 9296:10864] (1568, 1568, 1568) and write ROI [5184:5760, 8640:9216, 9792:10368] (576, 576, 576)
Recording block-done for octoS0SubroiZ15683136Y78409408X1097612544Difficultsoma_pred_affs/14499 with read ROI [4688:6256, 8144:9712, 10448:12016] (1568, 1568, 1568) and write ROI [5184:5760, 8640:9216, 10944:11520] (576, 576, 576)
Recorded block-done for octoS0SubroiZ15683136Y78409408X1097612544Difficultsoma_pred_affs/14499 with read ROI [4688:6256, 8144:9712, 10448:12016] (1568, 1568, 1568) and write ROI [5184:5760, 8640:9216, 10944:11520] (576, 576, 576)
Recording block-done for octoS0SubroiZ15683136Y78409408X1097612544Difficultsoma_pred_affs/6879 with read ROI [4688:6256, 8720:10288, 4112:5680] (1568, 1568, 1568) and write ROI [5184:5760, 9216:9792, 4608:5184] (576, 576, 576)
Recorded block-done for octoS0SubroiZ15683136Y78409408X1097612544Difficultsoma_pred_affs/6879 with read ROI [4688:6256, 8720:10288, 4112:5680] (1568, 1568, 1568) and write ROI [5184:5760, 9216:9792, 4608:5184] (576, 576, 576)
Recording block-done for octoS0SubroiZ15683136Y78409408X1097612544Difficultsoma_pred_affs/6318 with read ROI [4688:6256, 8720:10288, 3536:5104] (1568, 1568, 1568) and write ROI [5184:5760, 9216:9792, 4032:4608] (576, 576, 576)
Recorded block-done for octoS0SubroiZ15683136Y78409408X1097612544Difficultsoma_pred_affs/6318 with read ROI [4688:6256, 8720:10288, 3536:5104] (1568, 1568, 1568) and write ROI [5184:5760, 9216:9792, 4032:4608] (576, 576, 576)
Recording block-done for octoS0SubroiZ15683136Y78409408X1097612544Difficultsoma_pred_affs/15514 with read ROI [4688:6256, 8720:10288, 10448:12016] (1568, 1568, 1568) and write ROI [5184:5760, 9216:9792, 10944:11520] (576, 576, 576)
Recorded block-done for octoS0SubroiZ15683136Y78409408X1097612544Difficultsoma_pred_affs/15514 with read ROI [4688:6256, 8720:10288, 10448:12016] (1568, 1568, 1568) and write ROI [5184:5760, 9216:9792, 10944:11520] (576, 576, 576)
Recording block-done for octoS0SubroiZ15683136Y78409408X1097612544Difficultsoma_pred_affs/4855 with read ROI [4688:6256, 9296:10864, 1232:2800] (1568, 1568, 1568) and write ROI [5184:5760, 9792:10368, 1728:2304] (576, 576, 576)
Recorded block-done for octoS0SubroiZ15683136Y78409408X1097612544Difficultsoma_pred_affs/4855 with read ROI [4688:6256, 9296:10864, 1232:2800] (1568, 1568, 1568) and write ROI [5184:5760, 9792:10368, 1728:2304] (576, 576, 576)
Recording block-done for octoS0SubroiZ15683136Y78409408X1097612544Difficultsoma_pred_affs/11814 with read ROI [4688:6256, 8720:10288, 8144:9712] (1568, 1568, 1568) and write ROI [5184:5760, 9216:9792, 8640:9216] (576, 576, 576)
Recorded block-done for octoS0SubroiZ15683136Y78409408X1097612544Difficultsoma_pred_affs/11814 with read ROI [4688:6256, 8720:10288, 8144:9712] (1568, 1568, 1568) and write ROI [5184:5760, 9216:9792, 8640:9216] (576, 576, 576)
Recording block-done for octoS0SubroiZ15683136Y78409408X1097612544Difficultsoma_pred_affs/15540 with read ROI [4688:6256, 9296:10864, 9872:11440] (1568, 1568, 1568) and write ROI [5184:5760, 9792:10368, 10368:10944] (576, 576, 576)
Recorded block-done for octoS0SubroiZ15683136Y78409408X1097612544Difficultsoma_pred_affs/15540 with read ROI [4688:6256, 9296:10864, 9872:11440] (1568, 1568, 1568) and write ROI [5184:5760, 9792:10368, 10368:10944] (576, 576, 576)
Recording block-done for octoS0SubroiZ15683136Y78409408X1097612544Difficultsoma_pred_affs/16575 with read ROI [4688:6256, 9296:10864, 10448:12016] (1568, 1568, 1568) and write ROI [5184:5760, 9792:10368, 10944:11520] (576, 576, 576)
Recorded block-done for octoS0SubroiZ15683136Y78409408X1097612544Difficultsoma_pred_affs/16575 with read ROI [4688:6256, 9296:10864, 10448:12016] (1568, 1568, 1568) and write ROI [5184:5760, 9792:10368, 10944:11520] (576, 576, 576)
Recording block-done for octoS0SubroiZ15683136Y78409408X1097612544Difficultsoma_pred_affs/5843 with read ROI [4688:6256, 9872:11440, 1808:3376] (1568, 1568, 1568) and write ROI [5184:5760, 10368:10944, 2304:2880] (576, 576, 576)
Recorded block-done for octoS0SubroiZ15683136Y78409408X1097612544Difficultsoma_pred_affs/5843 with read ROI [4688:6256, 9872:11440, 1808:3376] (1568, 1568, 1568) and write ROI [5184:5760, 10368:10944, 2304:2880] (576, 576, 576)
Recording block-done for octoS0SubroiZ15683136Y78409408X1097612544Difficultsoma_pred_affs/8823 with read ROI [4688:6256, 9872:11440, 4688:6256] (1568, 1568, 1568) and write ROI [5184:5760, 10368:10944, 5184:5760] (576, 576, 576)
Recorded block-done for octoS0SubroiZ15683136Y78409408X1097612544Difficultsoma_pred_affs/8823 with read ROI [4688:6256, 9872:11440, 4688:6256] (1568, 1568, 1568) and write ROI [5184:5760, 10368:10944, 5184:5760] (576, 576, 576)
Recording block-done for octoS0SubroiZ15683136Y78409408X1097612544Difficultsoma_pred_affs/12701 with read ROI [4688:6256, 9296:10864, 8144:9712] (1568, 1568, 1568) and write ROI [5184:5760, 9792:10368, 8640:9216] (576, 576, 576)
Recorded block-done for octoS0SubroiZ15683136Y78409408X1097612544Difficultsoma_pred_affs/12701 with read ROI [4688:6256, 9296:10864, 8144:9712] (1568, 1568, 1568) and write ROI [5184:5760, 9792:10368, 8640:9216] (576, 576, 576)
Recording block-done for octoS0SubroiZ15683136Y78409408X1097612544Difficultsoma_pred_affs/5375 with read ROI [4688:6256, 10448:12016, 656:2224] (1568, 1568, 1568) and write ROI [5184:5760, 10944:11520, 1152:1728] (576, 576, 576)
Recorded block-done for octoS0SubroiZ15683136Y78409408X1097612544Difficultsoma_pred_affs/5375 with read ROI [4688:6256, 10448:12016, 656:2224] (1568, 1568, 1568) and write ROI [5184:5760, 10944:11520, 1152:1728] (576, 576, 576)
Recording block-done for octoS0SubroiZ15683136Y78409408X1097612544Difficultsoma_pred_affs/6399 with read ROI [4688:6256, 10448:12016, 1808:3376] (1568, 1568, 1568) and write ROI [5184:5760, 10944:11520, 2304:2880] (576, 576, 576)
Recorded block-done for octoS0SubroiZ15683136Y78409408X1097612544Difficultsoma_pred_affs/6399 with read ROI [4688:6256, 10448:12016, 1808:3376] (1568, 1568, 1568) and write ROI [5184:5760, 10944:11520, 2304:2880] (576, 576, 576)
Recording block-done for octoS0SubroiZ15683136Y78409408X1097612544Difficultsoma_pred_affs/11075 with read ROI [4688:6256, 10448:12016, 5840:7408] (1568, 1568, 1568) and write ROI [5184:5760, 10944:11520, 6336:6912] (576, 576, 576)
Recorded block-done for octoS0SubroiZ15683136Y78409408X1097612544Difficultsoma_pred_affs/11075 with read ROI [4688:6256, 10448:12016, 5840:7408] (1568, 1568, 1568) and write ROI [5184:5760, 10944:11520, 6336:6912] (576, 576, 576)
Recording block-done for octoS0SubroiZ15683136Y78409408X1097612544Difficultsoma_pred_affs/8851 with read ROI [4688:6256, 10448:12016, 4112:5680] (1568, 1568, 1568) and write ROI [5184:5760, 10944:11520, 4608:5184] (576, 576, 576)
Recorded block-done for octoS0SubroiZ15683136Y78409408X1097612544Difficultsoma_pred_affs/8851 with read ROI [4688:6256, 10448:12016, 4112:5680] (1568, 1568, 1568) and write ROI [5184:5760, 10944:11520, 4608:5184] (576, 576, 576)
Recording block-done for octoS0SubroiZ15683136Y78409408X1097612544Difficultsoma_pred_affs/12756 with read ROI [4688:6256, 10448:12016, 6992:8560] (1568, 1568, 1568) and write ROI [5184:5760, 10944:11520, 7488:8064] (576, 576, 576)
Recorded block-done for octoS0SubroiZ15683136Y78409408X1097612544Difficultsoma_pred_affs/12756 with read ROI [4688:6256, 10448:12016, 6992:8560] (1568, 1568, 1568) and write ROI [5184:5760, 10944:11520, 7488:8064] (576, 576, 576)
Recording block-done for octoS0SubroiZ15683136Y78409408X1097612544Difficultsoma_pred_affs/892 with read ROI [5264:6832, 80:1648, 2384:3952] (1568, 1568, 1568) and write ROI [5760:6336, 576:1152, 2880:3456] (576, 576, 576)
Recorded block-done for octoS0SubroiZ15683136Y78409408X1097612544Difficultsoma_pred_affs/892 with read ROI [5264:6832, 80:1648, 2384:3952] (1568, 1568, 1568) and write ROI [5760:6336, 576:1152, 2880:3456] (576, 576, 576)
Recording block-done for octoS0SubroiZ15683136Y78409408X1097612544Difficultsoma_pred_affs/440 with read ROI [5264:6832, 80:1648, 80:1648] (1568, 1568, 1568) and write ROI [5760:6336, 576:1152, 576:1152] (576, 576, 576)
Recorded block-done for octoS0SubroiZ15683136Y78409408X1097612544Difficultsoma_pred_affs/440 with read ROI [5264:6832, 80:1648, 80:1648] (1568, 1568, 1568) and write ROI [5760:6336, 576:1152, 576:1152] (576, 576, 576)
Recording block-done for octoS0SubroiZ15683136Y78409408X1097612544Difficultsoma_pred_affs/1847 with read ROI [5264:6832, 80:1648, 5264:6832] (1568, 1568, 1568) and write ROI [5760:6336, 576:1152, 5760:6336] (576, 576, 576)
Recorded block-done for octoS0SubroiZ15683136Y78409408X1097612544Difficultsoma_pred_affs/1847 with read ROI [5264:6832, 80:1648, 5264:6832] (1568, 1568, 1568) and write ROI [5760:6336, 576:1152, 5760:6336] (576, 576, 576)
Recording block-done for octoS0SubroiZ15683136Y78409408X1097612544Difficultsoma_pred_affs/2100 with read ROI [5264:6832, 80:1648, 5840:7408] (1568, 1568, 1568) and write ROI [5760:6336, 576:1152, 6336:6912] (576, 576, 576)
Recorded block-done for octoS0SubroiZ15683136Y78409408X1097612544Difficultsoma_pred_affs/2100 with read ROI [5264:6832, 80:1648, 5840:7408] (1568, 1568, 1568) and write ROI [5760:6336, 576:1152, 6336:6912] (576, 576, 576)
Recording block-done for octoS0SubroiZ15683136Y78409408X1097612544Difficultsoma_pred_affs/5036 with read ROI [5264:6832, 80:1648, 10448:12016] (1568, 1568, 1568) and write ROI [5760:6336, 576:1152, 10944:11520] (576, 576, 576)
Recorded block-done for octoS0SubroiZ15683136Y78409408X1097612544Difficultsoma_pred_affs/5036 with read ROI [5264:6832, 80:1648, 10448:12016] (1568, 1568, 1568) and write ROI [5760:6336, 576:1152, 10944:11520] (576, 576, 576)
Recording block-done for octoS0SubroiZ15683136Y78409408X1097612544Difficultsoma_pred_affs/2112 with read ROI [5264:6832, 656:2224, 5264:6832] (1568, 1568, 1568) and write ROI [5760:6336, 1152:1728, 5760:6336] (576, 576, 576)
Recorded block-done for octoS0SubroiZ15683136Y78409408X1097612544Difficultsoma_pred_affs/2112 with read ROI [5264:6832, 656:2224, 5264:6832] (1568, 1568, 1568) and write ROI [5760:6336, 1152:1728, 5760:6336] (576, 576, 576)
Recording block-done for octoS0SubroiZ15683136Y78409408X1097612544Difficultsoma_pred_affs/5048 with read ROI [5264:6832, 656:2224, 9872:11440] (1568, 1568, 1568) and write ROI [5760:6336, 1152:1728, 10368:10944] (576, 576, 576)
Recorded block-done for octoS0SubroiZ15683136Y78409408X1097612544Difficultsoma_pred_affs/5048 with read ROI [5264:6832, 656:2224, 9872:11440] (1568, 1568, 1568) and write ROI [5760:6336, 1152:1728, 10368:10944] (576, 576, 576)
Recording block-done for octoS0SubroiZ15683136Y78409408X1097612544Difficultsoma_pred_affs/1070 with read ROI [5264:6832, 1232:2800, 1808:3376] (1568, 1568, 1568) and write ROI [5760:6336, 1728:2304, 2304:2880] (576, 576, 576)
Recorded block-done for octoS0SubroiZ15683136Y78409408X1097612544Difficultsoma_pred_affs/1070 with read ROI [5264:6832, 1232:2800, 1808:3376] (1568, 1568, 1568) and write ROI [5760:6336, 1728:2304, 2304:2880] (576, 576, 576)
Recording block-done for octoS0SubroiZ15683136Y78409408X1097612544Difficultsoma_pred_affs/1641 with read ROI [5264:6832, 1232:2800, 3536:5104] (1568, 1568, 1568) and write ROI [5760:6336, 1728:2304, 4032:4608] (576, 576, 576)
Recorded block-done for octoS0SubroiZ15683136Y78409408X1097612544Difficultsoma_pred_affs/1641 with read ROI [5264:6832, 1232:2800, 3536:5104] (1568, 1568, 1568) and write ROI [5760:6336, 1728:2304, 4032:4608] (576, 576, 576)
Recording block-done for octoS0SubroiZ15683136Y78409408X1097612544Difficultsoma_pred_affs/3391 with read ROI [5264:6832, 1808:3376, 6416:7984] (1568, 1568, 1568) and write ROI [5760:6336, 2304:2880, 6912:7488] (576, 576, 576)
Recorded block-done for octoS0SubroiZ15683136Y78409408X1097612544Difficultsoma_pred_affs/3391 with read ROI [5264:6832, 1808:3376, 6416:7984] (1568, 1568, 1568) and write ROI [5760:6336, 2304:2880, 6912:7488] (576, 576, 576)
Recording block-done for octoS0SubroiZ15683136Y78409408X1097612544Difficultsoma_pred_affs/4596 with read ROI [5264:6832, 1232:2800, 8720:10288] (1568, 1568, 1568) and write ROI [5760:6336, 1728:2304, 9216:9792] (576, 576, 576)
Recorded block-done for octoS0SubroiZ15683136Y78409408X1097612544Difficultsoma_pred_affs/4596 with read ROI [5264:6832, 1232:2800, 8720:10288] (1568, 1568, 1568) and write ROI [5760:6336, 1728:2304, 9216:9792] (576, 576, 576)
Recording block-done for octoS0SubroiZ15683136Y78409408X1097612544Difficultsoma_pred_affs/1445 with read ROI [5264:6832, 1808:3376, 2384:3952] (1568, 1568, 1568) and write ROI [5760:6336, 2304:2880, 2880:3456] (576, 576, 576)
Recorded block-done for octoS0SubroiZ15683136Y78409408X1097612544Difficultsoma_pred_affs/1445 with read ROI [5264:6832, 1808:3376, 2384:3952] (1568, 1568, 1568) and write ROI [5760:6336, 2304:2880, 2880:3456] (576, 576, 576)
Recording block-done for octoS0SubroiZ15683136Y78409408X1097612544Difficultsoma_pred_affs/4161 with read ROI [5264:6832, 1232:2800, 8144:9712] (1568, 1568, 1568) and write ROI [5760:6336, 1728:2304, 8640:9216] (576, 576, 576)
Recorded block-done for octoS0SubroiZ15683136Y78409408X1097612544Difficultsoma_pred_affs/4161 with read ROI [5264:6832, 1232:2800, 8144:9712] (1568, 1568, 1568) and write ROI [5760:6336, 1728:2304, 8640:9216] (576, 576, 576)
Recording block-done for octoS0SubroiZ15683136Y78409408X1097612544Difficultsoma_pred_affs/1655 with read ROI [5264:6832, 1808:3376, 2960:4528] (1568, 1568, 1568) and write ROI [5760:6336, 2304:2880, 3456:4032] (576, 576, 576)
Recorded block-done for octoS0SubroiZ15683136Y78409408X1097612544Difficultsoma_pred_affs/1655 with read ROI [5264:6832, 1808:3376, 2960:4528] (1568, 1568, 1568) and write ROI [5760:6336, 2304:2880, 3456:4032] (576, 576, 576)
Recording block-done for octoS0SubroiZ15683136Y78409408X1097612544Difficultsoma_pred_affs/1670 with read ROI [5264:6832, 2384:3952, 2384:3952] (1568, 1568, 1568) and write ROI [5760:6336, 2880:3456, 2880:3456] (576, 576, 576)
Recorded block-done for octoS0SubroiZ15683136Y78409408X1097612544Difficultsoma_pred_affs/1670 with read ROI [5264:6832, 2384:3952, 2384:3952] (1568, 1568, 1568) and write ROI [5760:6336, 2880:3456, 2880:3456] (576, 576, 576)
Recording block-done for octoS0SubroiZ15683136Y78409408X1097612544Difficultsoma_pred_affs/2430 with read ROI [5264:6832, 2384:3952, 4112:5680] (1568, 1568, 1568) and write ROI [5760:6336, 2880:3456, 4608:5184] (576, 576, 576)
Recorded block-done for octoS0SubroiZ15683136Y78409408X1097612544Difficultsoma_pred_affs/2430 with read ROI [5264:6832, 2384:3952, 4112:5680] (1568, 1568, 1568) and write ROI [5760:6336, 2880:3456, 4608:5184] (576, 576, 576)
Recording block-done for octoS0SubroiZ15683136Y78409408X1097612544Difficultsoma_pred_affs/6675 with read ROI [5264:6832, 2384:3952, 9872:11440] (1568, 1568, 1568) and write ROI [5760:6336, 2880:3456, 10368:10944] (576, 576, 576)
Recorded block-done for octoS0SubroiZ15683136Y78409408X1097612544Difficultsoma_pred_affs/6675 with read ROI [5264:6832, 2384:3952, 9872:11440] (1568, 1568, 1568) and write ROI [5760:6336, 2880:3456, 10368:10944] (576, 576, 576)
Recording block-done for octoS0SubroiZ15683136Y78409408X1097612544Difficultsoma_pred_affs/7270 with read ROI [5264:6832, 2384:3952, 10448:12016] (1568, 1568, 1568) and write ROI [5760:6336, 2880:3456, 10944:11520] (576, 576, 576)
Recorded block-done for octoS0SubroiZ15683136Y78409408X1097612544Difficultsoma_pred_affs/7270 with read ROI [5264:6832, 2384:3952, 10448:12016] (1568, 1568, 1568) and write ROI [5760:6336, 2880:3456, 10944:11520] (576, 576, 576)
Recording block-done for octoS0SubroiZ15683136Y78409408X1097612544Difficultsoma_pred_affs/1917 with read ROI [5264:6832, 2960:4528, 2384:3952] (1568, 1568, 1568) and write ROI [5760:6336, 3456:4032, 2880:3456] (576, 576, 576)
Recorded block-done for octoS0SubroiZ15683136Y78409408X1097612544Difficultsoma_pred_affs/1917 with read ROI [5264:6832, 2960:4528, 2384:3952] (1568, 1568, 1568) and write ROI [5760:6336, 3456:4032, 2880:3456] (576, 576, 576)
Recording block-done for octoS0SubroiZ15683136Y78409408X1097612544Difficultsoma_pred_affs/3422 with read ROI [5264:6832, 2960:4528, 5264:6832] (1568, 1568, 1568) and write ROI [5760:6336, 3456:4032, 5760:6336] (576, 576, 576)
Recorded block-done for octoS0SubroiZ15683136Y78409408X1097612544Difficultsoma_pred_affs/3422 with read ROI [5264:6832, 2960:4528, 5264:6832] (1568, 1568, 1568) and write ROI [5760:6336, 3456:4032, 5760:6336] (576, 576, 576)
Recording block-done for octoS0SubroiZ15683136Y78409408X1097612544Difficultsoma_pred_affs/6691 with read ROI [5264:6832, 2960:4528, 9296:10864] (1568, 1568, 1568) and write ROI [5760:6336, 3456:4032, 9792:10368] (576, 576, 576)
Recorded block-done for octoS0SubroiZ15683136Y78409408X1097612544Difficultsoma_pred_affs/6691 with read ROI [5264:6832, 2960:4528, 9296:10864] (1568, 1568, 1568) and write ROI [5760:6336, 3456:4032, 9792:10368] (576, 576, 576)
Recording block-done for octoS0SubroiZ15683136Y78409408X1097612544Difficultsoma_pred_affs/7916 with read ROI [5264:6832, 2960:4528, 10448:12016] (1568, 1568, 1568) and write ROI [5760:6336, 3456:4032, 10944:11520] (576, 576, 576)
Recorded block-done for octoS0SubroiZ15683136Y78409408X1097612544Difficultsoma_pred_affs/7916 with read ROI [5264:6832, 2960:4528, 10448:12016] (1568, 1568, 1568) and write ROI [5760:6336, 3456:4032, 10944:11520] (576, 576, 576)
Recording block-done for octoS0SubroiZ15683136Y78409408X1097612544Difficultsoma_pred_affs/1303 with read ROI [5264:6832, 3536:5104, 80:1648] (1568, 1568, 1568) and write ROI [5760:6336, 4032:4608, 576:1152] (576, 576, 576)
Recorded block-done for octoS0SubroiZ15683136Y78409408X1097612544Difficultsoma_pred_affs/1303 with read ROI [5264:6832, 3536:5104, 80:1648] (1568, 1568, 1568) and write ROI [5760:6336, 4032:4608, 576:1152] (576, 576, 576)
Recording block-done for octoS0SubroiZ15683136Y78409408X1097612544Difficultsoma_pred_affs/6708 with read ROI [5264:6832, 3536:5104, 8720:10288] (1568, 1568, 1568) and write ROI [5760:6336, 4032:4608, 9216:9792] (576, 576, 576)
Recorded block-done for octoS0SubroiZ15683136Y78409408X1097612544Difficultsoma_pred_affs/6708 with read ROI [5264:6832, 3536:5104, 8720:10288] (1568, 1568, 1568) and write ROI [5760:6336, 4032:4608, 9216:9792] (576, 576, 576)
Recording block-done for octoS0SubroiZ15683136Y78409408X1097612544Difficultsoma_pred_affs/1952 with read ROI [5264:6832, 4112:5680, 1232:2800] (1568, 1568, 1568) and write ROI [5760:6336, 4608:5184, 1728:2304] (576, 576, 576)
Recorded block-done for octoS0SubroiZ15683136Y78409408X1097612544Difficultsoma_pred_affs/1952 with read ROI [5264:6832, 4112:5680, 1232:2800] (1568, 1568, 1568) and write ROI [5760:6336, 4608:5184, 1728:2304] (576, 576, 576)
Recording block-done for octoS0SubroiZ15683136Y78409408X1097612544Difficultsoma_pred_affs/2481 with read ROI [5264:6832, 4112:5680, 2384:3952] (1568, 1568, 1568) and write ROI [5760:6336, 4608:5184, 2880:3456] (576, 576, 576)
Recorded block-done for octoS0SubroiZ15683136Y78409408X1097612544Difficultsoma_pred_affs/2481 with read ROI [5264:6832, 4112:5680, 2384:3952] (1568, 1568, 1568) and write ROI [5760:6336, 4608:5184, 2880:3456] (576, 576, 576)
Recording block-done for octoS0SubroiZ15683136Y78409408X1097612544Difficultsoma_pred_affs/3106 with read ROI [5264:6832, 4112:5680, 3536:5104] (1568, 1568, 1568) and write ROI [5760:6336, 4608:5184, 4032:4608] (576, 576, 576)
Recorded block-done for octoS0SubroiZ15683136Y78409408X1097612544Difficultsoma_pred_affs/3106 with read ROI [5264:6832, 4112:5680, 3536:5104] (1568, 1568, 1568) and write ROI [5760:6336, 4608:5184, 4032:4608] (576, 576, 576)
Recording block-done for octoS0SubroiZ15683136Y78409408X1097612544Difficultsoma_pred_affs/3835 with read ROI [5264:6832, 4112:5680, 4688:6256] (1568, 1568, 1568) and write ROI [5760:6336, 4608:5184, 5184:5760] (576, 576, 576)
Recorded block-done for octoS0SubroiZ15683136Y78409408X1097612544Difficultsoma_pred_affs/3835 with read ROI [5264:6832, 4112:5680, 4688:6256] (1568, 1568, 1568) and write ROI [5760:6336, 4608:5184, 5184:5760] (576, 576, 576)
Recording block-done for octoS0SubroiZ15683136Y78409408X1097612544Difficultsoma_pred_affs/4260 with read ROI [5264:6832, 4688:6256, 4688:6256] (1568, 1568, 1568) and write ROI [5760:6336, 5184:5760, 5184:5760] (576, 576, 576)
Recorded block-done for octoS0SubroiZ15683136Y78409408X1097612544Difficultsoma_pred_affs/4260 with read ROI [5264:6832, 4688:6256, 4688:6256] (1568, 1568, 1568) and write ROI [5760:6336, 5184:5760, 5184:5760] (576, 576, 576)
Recording block-done for octoS0SubroiZ15683136Y78409408X1097612544Difficultsoma_pred_affs/4695 with read ROI [5264:6832, 4688:6256, 5264:6832] (1568, 1568, 1568) and write ROI [5760:6336, 5184:5760, 5760:6336] (576, 576, 576)
Recorded block-done for octoS0SubroiZ15683136Y78409408X1097612544Difficultsoma_pred_affs/4695 with read ROI [5264:6832, 4688:6256, 5264:6832] (1568, 1568, 1568) and write ROI [5760:6336, 5184:5760, 5760:6336] (576, 576, 576)
Recording block-done for octoS0SubroiZ15683136Y78409408X1097612544Difficultsoma_pred_affs/5637 with read ROI [5264:6832, 4112:5680, 6992:8560] (1568, 1568, 1568) and write ROI [5760:6336, 4608:5184, 7488:8064] (576, 576, 576)
Recorded block-done for octoS0SubroiZ15683136Y78409408X1097612544Difficultsoma_pred_affs/5637 with read ROI [5264:6832, 4112:5680, 6992:8560] (1568, 1568, 1568) and write ROI [5760:6336, 4608:5184, 7488:8064] (576, 576, 576)
Recording block-done for octoS0SubroiZ15683136Y78409408X1097612544Difficultsoma_pred_affs/8636 with read ROI [5264:6832, 4688:6256, 9296:10864] (1568, 1568, 1568) and write ROI [5760:6336, 5184:5760, 9792:10368] (576, 576, 576)
Recorded block-done for octoS0SubroiZ15683136Y78409408X1097612544Difficultsoma_pred_affs/8636 with read ROI [5264:6832, 4688:6256, 9296:10864] (1568, 1568, 1568) and write ROI [5760:6336, 5184:5760, 9792:10368] (576, 576, 576)
Recording block-done for octoS0SubroiZ15683136Y78409408X1097612544Difficultsoma_pred_affs/3125 with read ROI [5264:6832, 4688:6256, 2960:4528] (1568, 1568, 1568) and write ROI [5760:6336, 5184:5760, 3456:4032] (576, 576, 576)
Recorded block-done for octoS0SubroiZ15683136Y78409408X1097612544Difficultsoma_pred_affs/3125 with read ROI [5264:6832, 4688:6256, 2960:4528] (1568, 1568, 1568) and write ROI [5760:6336, 5184:5760, 3456:4032] (576, 576, 576)
Recording block-done for octoS0SubroiZ15683136Y78409408X1097612544Difficultsoma_pred_affs/5180 with read ROI [5264:6832, 5264:6832, 5264:6832] (1568, 1568, 1568) and write ROI [5760:6336, 5760:6336, 5760:6336] (576, 576, 576)
Recorded block-done for octoS0SubroiZ15683136Y78409408X1097612544Difficultsoma_pred_affs/5180 with read ROI [5264:6832, 5264:6832, 5264:6832] (1568, 1568, 1568) and write ROI [5760:6336, 5760:6336, 5760:6336] (576, 576, 576)
Recording block-done for octoS0SubroiZ15683136Y78409408X1097612544Difficultsoma_pred_affs/3166 with read ROI [5264:6832, 5840:7408, 1808:3376] (1568, 1568, 1568) and write ROI [5760:6336, 6336:6912, 2304:2880] (576, 576, 576)
Recorded block-done for octoS0SubroiZ15683136Y78409408X1097612544Difficultsoma_pred_affs/3166 with read ROI [5264:6832, 5840:7408, 1808:3376] (1568, 1568, 1568) and write ROI [5760:6336, 6336:6912, 2304:2880] (576, 576, 576)
Recording block-done for octoS0SubroiZ15683136Y78409408X1097612544Difficultsoma_pred_affs/3517 with read ROI [5264:6832, 5840:7408, 2384:3952] (1568, 1568, 1568) and write ROI [5760:6336, 6336:6912, 2880:3456] (576, 576, 576)
Recorded block-done for octoS0SubroiZ15683136Y78409408X1097612544Difficultsoma_pred_affs/3517 with read ROI [5264:6832, 5840:7408, 2384:3952] (1568, 1568, 1568) and write ROI [5760:6336, 6336:6912, 2880:3456] (576, 576, 576)
Recording block-done for octoS0SubroiZ15683136Y78409408X1097612544Difficultsoma_pred_affs/6225 with read ROI [5264:6832, 5840:7408, 5840:7408] (1568, 1568, 1568) and write ROI [5760:6336, 6336:6912, 6336:6912] (576, 576, 576)
Recorded block-done for octoS0SubroiZ15683136Y78409408X1097612544Difficultsoma_pred_affs/6225 with read ROI [5264:6832, 5840:7408, 5840:7408] (1568, 1568, 1568) and write ROI [5760:6336, 6336:6912, 6336:6912] (576, 576, 576)
Recording block-done for octoS0SubroiZ15683136Y78409408X1097612544Difficultsoma_pred_affs/8011 with read ROI [5264:6832, 5840:7408, 7568:9136] (1568, 1568, 1568) and write ROI [5760:6336, 6336:6912, 8064:8640] (576, 576, 576)
Recorded block-done for octoS0SubroiZ15683136Y78409408X1097612544Difficultsoma_pred_affs/8011 with read ROI [5264:6832, 5840:7408, 7568:9136] (1568, 1568, 1568) and write ROI [5760:6336, 6336:6912, 8064:8640] (576, 576, 576)
Recording block-done for octoS0SubroiZ15683136Y78409408X1097612544Difficultsoma_pred_affs/3539 with read ROI [5264:6832, 6416:7984, 1808:3376] (1568, 1568, 1568) and write ROI [5760:6336, 6912:7488, 2304:2880] (576, 576, 576)
Recorded block-done for octoS0SubroiZ15683136Y78409408X1097612544Difficultsoma_pred_affs/3539 with read ROI [5264:6832, 6416:7984, 1808:3376] (1568, 1568, 1568) and write ROI [5760:6336, 6912:7488, 2304:2880] (576, 576, 576)
Recording block-done for octoS0SubroiZ15683136Y78409408X1097612544Difficultsoma_pred_affs/8677 with read ROI [5264:6832, 5840:7408, 8144:9712] (1568, 1568, 1568) and write ROI [5760:6336, 6336:6912, 8640:9216] (576, 576, 576)
Recorded block-done for octoS0SubroiZ15683136Y78409408X1097612544Difficultsoma_pred_affs/8677 with read ROI [5264:6832, 5840:7408, 8144:9712] (1568, 1568, 1568) and write ROI [5760:6336, 6336:6912, 8640:9216] (576, 576, 576)
Recording block-done for octoS0SubroiZ15683136Y78409408X1097612544Difficultsoma_pred_affs/4323 with read ROI [5264:6832, 6416:7984, 2960:4528] (1568, 1568, 1568) and write ROI [5760:6336, 6912:7488, 3456:4032] (576, 576, 576)
Recorded block-done for octoS0SubroiZ15683136Y78409408X1097612544Difficultsoma_pred_affs/4323 with read ROI [5264:6832, 6416:7984, 2960:4528] (1568, 1568, 1568) and write ROI [5760:6336, 6912:7488, 3456:4032] (576, 576, 576)
Recording block-done for octoS0SubroiZ15683136Y78409408X1097612544Difficultsoma_pred_affs/10923 with read ROI [5264:6832, 6416:7984, 9296:10864] (1568, 1568, 1568) and write ROI [5760:6336, 6912:7488, 9792:10368] (576, 576, 576)
Recorded block-done for octoS0SubroiZ15683136Y78409408X1097612544Difficultsoma_pred_affs/10923 with read ROI [5264:6832, 6416:7984, 9296:10864] (1568, 1568, 1568) and write ROI [5760:6336, 6912:7488, 9792:10368] (576, 576, 576)
Recording block-done for octoS0SubroiZ15683136Y78409408X1097612544Difficultsoma_pred_affs/3211 with read ROI [5264:6832, 6992:8560, 656:2224] (1568, 1568, 1568) and write ROI [5760:6336, 7488:8064, 1152:1728] (576, 576, 576)
Recorded block-done for octoS0SubroiZ15683136Y78409408X1097612544Difficultsoma_pred_affs/3211 with read ROI [5264:6832, 6992:8560, 656:2224] (1568, 1568, 1568) and write ROI [5760:6336, 7488:8064, 1152:1728] (576, 576, 576)
Recording block-done for octoS0SubroiZ15683136Y78409408X1097612544Difficultsoma_pred_affs/6855 with read ROI [5264:6832, 7568:9136, 4688:6256] (1568, 1568, 1568) and write ROI [5760:6336, 8064:8640, 5184:5760] (576, 576, 576)
Recorded block-done for octoS0SubroiZ15683136Y78409408X1097612544Difficultsoma_pred_affs/6855 with read ROI [5264:6832, 7568:9136, 4688:6256] (1568, 1568, 1568) and write ROI [5760:6336, 8064:8640, 5184:5760] (576, 576, 576)
Recording block-done for octoS0SubroiZ15683136Y78409408X1097612544Difficultsoma_pred_affs/3235 with read ROI [5264:6832, 7568:9136, 80:1648] (1568, 1568, 1568) and write ROI [5760:6336, 8064:8640, 576:1152] (576, 576, 576)
Recorded block-done for octoS0SubroiZ15683136Y78409408X1097612544Difficultsoma_pred_affs/3235 with read ROI [5264:6832, 7568:9136, 80:1648] (1568, 1568, 1568) and write ROI [5760:6336, 8064:8640, 576:1152] (576, 576, 576)
Recording block-done for octoS0SubroiZ15683136Y78409408X1097612544Difficultsoma_pred_affs/5246 with read ROI [5264:6832, 6992:8560, 3536:5104] (1568, 1568, 1568) and write ROI [5760:6336, 7488:8064, 4032:4608] (576, 576, 576)
Recorded block-done for octoS0SubroiZ15683136Y78409408X1097612544Difficultsoma_pred_affs/5246 with read ROI [5264:6832, 6992:8560, 3536:5104] (1568, 1568, 1568) and write ROI [5760:6336, 7488:8064, 4032:4608] (576, 576, 576)
Recording block-done for octoS0SubroiZ15683136Y78409408X1097612544Difficultsoma_pred_affs/8722 with read ROI [5264:6832, 6992:8560, 6992:8560] (1568, 1568, 1568) and write ROI [5760:6336, 7488:8064, 7488:8064] (576, 576, 576)
Recorded block-done for octoS0SubroiZ15683136Y78409408X1097612544Difficultsoma_pred_affs/8722 with read ROI [5264:6832, 6992:8560, 6992:8560] (1568, 1568, 1568) and write ROI [5760:6336, 7488:8064, 7488:8064] (576, 576, 576)
Recording block-done for octoS0SubroiZ15683136Y78409408X1097612544Difficultsoma_pred_affs/14500 with read ROI [5264:6832, 7568:9136, 10448:12016] (1568, 1568, 1568) and write ROI [5760:6336, 8064:8640, 10944:11520] (576, 576, 576)
Recorded block-done for octoS0SubroiZ15683136Y78409408X1097612544Difficultsoma_pred_affs/14500 with read ROI [5264:6832, 7568:9136, 10448:12016] (1568, 1568, 1568) and write ROI [5760:6336, 8064:8640, 10944:11520] (576, 576, 576)
Recording block-done for octoS0SubroiZ15683136Y78409408X1097612544Difficultsoma_pred_affs/9474 with read ROI [5264:6832, 8144:9712, 6416:7984] (1568, 1568, 1568) and write ROI [5760:6336, 8640:9216, 6912:7488] (576, 576, 576)
Recorded block-done for octoS0SubroiZ15683136Y78409408X1097612544Difficultsoma_pred_affs/9474 with read ROI [5264:6832, 8144:9712, 6416:7984] (1568, 1568, 1568) and write ROI [5760:6336, 8640:9216, 6912:7488] (576, 576, 576)
Recording block-done for octoS0SubroiZ15683136Y78409408X1097612544Difficultsoma_pred_affs/5295 with read ROI [5264:6832, 8144:9712, 2384:3952] (1568, 1568, 1568) and write ROI [5760:6336, 8640:9216, 2880:3456] (576, 576, 576)
Recorded block-done for octoS0SubroiZ15683136Y78409408X1097612544Difficultsoma_pred_affs/5295 with read ROI [5264:6832, 8144:9712, 2384:3952] (1568, 1568, 1568) and write ROI [5760:6336, 8640:9216, 2880:3456] (576, 576, 576)
Recording block-done for octoS0SubroiZ15683136Y78409408X1097612544Difficultsoma_pred_affs/4421 with read ROI [5264:6832, 8720:10288, 656:2224] (1568, 1568, 1568) and write ROI [5760:6336, 9216:9792, 1152:1728] (576, 576, 576)
Recorded block-done for octoS0SubroiZ15683136Y78409408X1097612544Difficultsoma_pred_affs/4421 with read ROI [5264:6832, 8720:10288, 656:2224] (1568, 1568, 1568) and write ROI [5760:6336, 9216:9792, 1152:1728] (576, 576, 576)
Recording block-done for octoS0SubroiZ15683136Y78409408X1097612544Difficultsoma_pred_affs/5321 with read ROI [5264:6832, 8720:10288, 1808:3376] (1568, 1568, 1568) and write ROI [5760:6336, 9216:9792, 2304:2880] (576, 576, 576)
Recorded block-done for octoS0SubroiZ15683136Y78409408X1097612544Difficultsoma_pred_affs/5321 with read ROI [5264:6832, 8720:10288, 1808:3376] (1568, 1568, 1568) and write ROI [5760:6336, 9216:9792, 2304:2880] (576, 576, 576)
Recording block-done for octoS0SubroiZ15683136Y78409408X1097612544Difficultsoma_pred_affs/5817 with read ROI [5264:6832, 8720:10288, 2384:3952] (1568, 1568, 1568) and write ROI [5760:6336, 9216:9792, 2880:3456] (576, 576, 576)
Recorded block-done for octoS0SubroiZ15683136Y78409408X1097612544Difficultsoma_pred_affs/5817 with read ROI [5264:6832, 8720:10288, 2384:3952] (1568, 1568, 1568) and write ROI [5760:6336, 9216:9792, 2880:3456] (576, 576, 576)
Recording block-done for octoS0SubroiZ15683136Y78409408X1097612544Difficultsoma_pred_affs/13605 with read ROI [5264:6832, 8720:10288, 8720:10288] (1568, 1568, 1568) and write ROI [5760:6336, 9216:9792, 9216:9792] (576, 576, 576)
Recorded block-done for octoS0SubroiZ15683136Y78409408X1097612544Difficultsoma_pred_affs/13605 with read ROI [5264:6832, 8720:10288, 8720:10288] (1568, 1568, 1568) and write ROI [5760:6336, 9216:9792, 9216:9792] (576, 576, 576)
Recording block-done for octoS0SubroiZ15683136Y78409408X1097612544Difficultsoma_pred_affs/15541 with read ROI [5264:6832, 8720:10288, 9872:11440] (1568, 1568, 1568) and write ROI [5760:6336, 9216:9792, 10368:10944] (576, 576, 576)
Recorded block-done for octoS0SubroiZ15683136Y78409408X1097612544Difficultsoma_pred_affs/15541 with read ROI [5264:6832, 8720:10288, 9872:11440] (1568, 1568, 1568) and write ROI [5760:6336, 9216:9792, 10368:10944] (576, 576, 576)
Recording block-done for octoS0SubroiZ15683136Y78409408X1097612544Difficultsoma_pred_affs/4448 with read ROI [5264:6832, 9296:10864, 80:1648] (1568, 1568, 1568) and write ROI [5760:6336, 9792:10368, 576:1152] (576, 576, 576)
Recorded block-done for octoS0SubroiZ15683136Y78409408X1097612544Difficultsoma_pred_affs/4448 with read ROI [5264:6832, 9296:10864, 80:1648] (1568, 1568, 1568) and write ROI [5760:6336, 9792:10368, 576:1152] (576, 576, 576)
Recording block-done for octoS0SubroiZ15683136Y78409408X1097612544Difficultsoma_pred_affs/11021 with read ROI [5264:6832, 8720:10288, 6992:8560] (1568, 1568, 1568) and write ROI [5760:6336, 9216:9792, 7488:8064] (576, 576, 576)
Recorded block-done for octoS0SubroiZ15683136Y78409408X1097612544Difficultsoma_pred_affs/11021 with read ROI [5264:6832, 8720:10288, 6992:8560] (1568, 1568, 1568) and write ROI [5760:6336, 9216:9792, 7488:8064] (576, 576, 576)
Recording block-done for octoS0SubroiZ15683136Y78409408X1097612544Difficultsoma_pred_affs/4911 with read ROI [5264:6832, 9872:11440, 80:1648] (1568, 1568, 1568) and write ROI [5760:6336, 10368:10944, 576:1152] (576, 576, 576)
Recorded block-done for octoS0SubroiZ15683136Y78409408X1097612544Difficultsoma_pred_affs/4911 with read ROI [5264:6832, 9872:11440, 80:1648] (1568, 1568, 1568) and write ROI [5760:6336, 10368:10944, 576:1152] (576, 576, 576)
Recording block-done for octoS0SubroiZ15683136Y78409408X1097612544Difficultsoma_pred_affs/8852 with read ROI [5264:6832, 9872:11440, 4112:5680] (1568, 1568, 1568) and write ROI [5760:6336, 10368:10944, 4608:5184] (576, 576, 576)
Recorded block-done for octoS0SubroiZ15683136Y78409408X1097612544Difficultsoma_pred_affs/8852 with read ROI [5264:6832, 9872:11440, 4112:5680] (1568, 1568, 1568) and write ROI [5760:6336, 10368:10944, 4608:5184] (576, 576, 576)
Recording block-done for octoS0SubroiZ15683136Y78409408X1097612544Difficultsoma_pred_affs/14606 with read ROI [5264:6832, 9872:11440, 8144:9712] (1568, 1568, 1568) and write ROI [5760:6336, 10368:10944, 8640:9216] (576, 576, 576)
Recorded block-done for octoS0SubroiZ15683136Y78409408X1097612544Difficultsoma_pred_affs/14606 with read ROI [5264:6832, 9872:11440, 8144:9712] (1568, 1568, 1568) and write ROI [5760:6336, 10368:10944, 8640:9216] (576, 576, 576)
Recording block-done for octoS0SubroiZ15683136Y78409408X1097612544Difficultsoma_pred_affs/13660 with read ROI [5264:6832, 9872:11440, 7568:9136] (1568, 1568, 1568) and write ROI [5760:6336, 10368:10944, 8064:8640] (576, 576, 576)
Recorded block-done for octoS0SubroiZ15683136Y78409408X1097612544Difficultsoma_pred_affs/13660 with read ROI [5264:6832, 9872:11440, 7568:9136] (1568, 1568, 1568) and write ROI [5760:6336, 10368:10944, 8064:8640] (576, 576, 576)
Recording block-done for octoS0SubroiZ15683136Y78409408X1097612544Difficultsoma_pred_affs/8881 with read ROI [5264:6832, 10448:12016, 3536:5104] (1568, 1568, 1568) and write ROI [5760:6336, 10944:11520, 4032:4608] (576, 576, 576)
Recorded block-done for octoS0SubroiZ15683136Y78409408X1097612544Difficultsoma_pred_affs/8881 with read ROI [5264:6832, 10448:12016, 3536:5104] (1568, 1568, 1568) and write ROI [5760:6336, 10944:11520, 4032:4608] (576, 576, 576)
Recording block-done for octoS0SubroiZ15683136Y78409408X1097612544Difficultsoma_pred_affs/9584 with read ROI [5264:6832, 10448:12016, 4112:5680] (1568, 1568, 1568) and write ROI [5760:6336, 10944:11520, 4608:5184] (576, 576, 576)
Recorded block-done for octoS0SubroiZ15683136Y78409408X1097612544Difficultsoma_pred_affs/9584 with read ROI [5264:6832, 10448:12016, 4112:5680] (1568, 1568, 1568) and write ROI [5760:6336, 10944:11520, 4608:5184] (576, 576, 576)
Recording block-done for octoS0SubroiZ15683136Y78409408X1097612544Difficultsoma_pred_affs/15625 with read ROI [5264:6832, 10448:12016, 8144:9712] (1568, 1568, 1568) and write ROI [5760:6336, 10944:11520, 8640:9216] (576, 576, 576)
Recorded block-done for octoS0SubroiZ15683136Y78409408X1097612544Difficultsoma_pred_affs/15625 with read ROI [5264:6832, 10448:12016, 8144:9712] (1568, 1568, 1568) and write ROI [5760:6336, 10944:11520, 8640:9216] (576, 576, 576)
Recording block-done for octoS0SubroiZ15683136Y78409408X1097612544Difficultsoma_pred_affs/918 with read ROI [5840:7408, 656:2224, 1232:2800] (1568, 1568, 1568) and write ROI [6336:6912, 1152:1728, 1728:2304] (576, 576, 576)
Recorded block-done for octoS0SubroiZ15683136Y78409408X1097612544Difficultsoma_pred_affs/918 with read ROI [5840:7408, 656:2224, 1232:2800] (1568, 1568, 1568) and write ROI [6336:6912, 1152:1728, 1728:2304] (576, 576, 576)
Recording block-done for octoS0SubroiZ15683136Y78409408X1097612544Difficultsoma_pred_affs/662 with read ROI [5840:7408, 656:2224, 80:1648] (1568, 1568, 1568) and write ROI [6336:6912, 1152:1728, 576:1152] (576, 576, 576)
Recorded block-done for octoS0SubroiZ15683136Y78409408X1097612544Difficultsoma_pred_affs/662 with read ROI [5840:7408, 656:2224, 80:1648] (1568, 1568, 1568) and write ROI [6336:6912, 1152:1728, 576:1152] (576, 576, 576)
Recording block-done for octoS0SubroiZ15683136Y78409408X1097612544Difficultsoma_pred_affs/2113 with read ROI [5840:7408, 80:1648, 5264:6832] (1568, 1568, 1568) and write ROI [6336:6912, 576:1152, 5760:6336] (576, 576, 576)
Recorded block-done for octoS0SubroiZ15683136Y78409408X1097612544Difficultsoma_pred_affs/2113 with read ROI [5840:7408, 80:1648, 5264:6832] (1568, 1568, 1568) and write ROI [6336:6912, 576:1152, 5760:6336] (576, 576, 576)
Recording block-done for octoS0SubroiZ15683136Y78409408X1097612544Difficultsoma_pred_affs/2389 with read ROI [5840:7408, 80:1648, 5840:7408] (1568, 1568, 1568) and write ROI [6336:6912, 576:1152, 6336:6912] (576, 576, 576)
Recorded block-done for octoS0SubroiZ15683136Y78409408X1097612544Difficultsoma_pred_affs/2389 with read ROI [5840:7408, 80:1648, 5840:7408] (1568, 1568, 1568) and write ROI [6336:6912, 576:1152, 6336:6912] (576, 576, 576)
Recording block-done for octoS0SubroiZ15683136Y78409408X1097612544Difficultsoma_pred_affs/3365 with read ROI [5840:7408, 80:1648, 7568:9136] (1568, 1568, 1568) and write ROI [6336:6912, 576:1152, 8064:8640] (576, 576, 576)
Recorded block-done for octoS0SubroiZ15683136Y78409408X1097612544Difficultsoma_pred_affs/3365 with read ROI [5840:7408, 80:1648, 7568:9136] (1568, 1568, 1568) and write ROI [6336:6912, 576:1152, 8064:8640] (576, 576, 576)
Recording block-done for octoS0SubroiZ15683136Y78409408X1097612544Difficultsoma_pred_affs/932 with read ROI [5840:7408, 1232:2800, 656:2224] (1568, 1568, 1568) and write ROI [6336:6912, 1728:2304, 1152:1728] (576, 576, 576)
Recorded block-done for octoS0SubroiZ15683136Y78409408X1097612544Difficultsoma_pred_affs/932 with read ROI [5840:7408, 1232:2800, 656:2224] (1568, 1568, 1568) and write ROI [6336:6912, 1728:2304, 1152:1728] (576, 576, 576)
Recording block-done for octoS0SubroiZ15683136Y78409408X1097612544Difficultsoma_pred_affs/2126 with read ROI [5840:7408, 656:2224, 4688:6256] (1568, 1568, 1568) and write ROI [6336:6912, 1152:1728, 5184:5760] (576, 576, 576)
Recorded block-done for octoS0SubroiZ15683136Y78409408X1097612544Difficultsoma_pred_affs/2126 with read ROI [5840:7408, 656:2224, 4688:6256] (1568, 1568, 1568) and write ROI [6336:6912, 1152:1728, 5184:5760] (576, 576, 576)
Recording block-done for octoS0SubroiZ15683136Y78409408X1097612544Difficultsoma_pred_affs/5062 with read ROI [5840:7408, 656:2224, 9296:10864] (1568, 1568, 1568) and write ROI [6336:6912, 1152:1728, 9792:10368] (576, 576, 576)
Recorded block-done for octoS0SubroiZ15683136Y78409408X1097612544Difficultsoma_pred_affs/5062 with read ROI [5840:7408, 656:2224, 9296:10864] (1568, 1568, 1568) and write ROI [6336:6912, 1152:1728, 9792:10368] (576, 576, 576)
Recording block-done for octoS0SubroiZ15683136Y78409408X1097612544Difficultsoma_pred_affs/6086 with read ROI [5840:7408, 656:2224, 10448:12016] (1568, 1568, 1568) and write ROI [6336:6912, 1152:1728, 10944:11520] (576, 576, 576)
Recorded block-done for octoS0SubroiZ15683136Y78409408X1097612544Difficultsoma_pred_affs/6086 with read ROI [5840:7408, 656:2224, 10448:12016] (1568, 1568, 1568) and write ROI [6336:6912, 1152:1728, 10944:11520] (576, 576, 576)
Recording block-done for octoS0SubroiZ15683136Y78409408X1097612544Difficultsoma_pred_affs/3756 with read ROI [5840:7408, 656:2224, 7568:9136] (1568, 1568, 1568) and write ROI [6336:6912, 1152:1728, 8064:8640] (576, 576, 576)
Recorded block-done for octoS0SubroiZ15683136Y78409408X1097612544Difficultsoma_pred_affs/3756 with read ROI [5840:7408, 656:2224, 7568:9136] (1568, 1568, 1568) and write ROI [6336:6912, 1152:1728, 8064:8640] (576, 576, 576)
Recording block-done for octoS0SubroiZ15683136Y78409408X1097612544Difficultsoma_pred_affs/6661 with read ROI [5840:7408, 1232:2800, 10448:12016] (1568, 1568, 1568) and write ROI [6336:6912, 1728:2304, 10944:11520] (576, 576, 576)
Recorded block-done for octoS0SubroiZ15683136Y78409408X1097612544Difficultsoma_pred_affs/6661 with read ROI [5840:7408, 1232:2800, 10448:12016] (1568, 1568, 1568) and write ROI [6336:6912, 1728:2304, 10944:11520] (576, 576, 576)
Recording block-done for octoS0SubroiZ15683136Y78409408X1097612544Difficultsoma_pred_affs/1271 with read ROI [5840:7408, 1808:3376, 1232:2800] (1568, 1568, 1568) and write ROI [6336:6912, 2304:2880, 1728:2304] (576, 576, 576)
Recorded block-done for octoS0SubroiZ15683136Y78409408X1097612544Difficultsoma_pred_affs/1271 with read ROI [5840:7408, 1808:3376, 1232:2800] (1568, 1568, 1568) and write ROI [6336:6912, 2304:2880, 1728:2304] (576, 576, 576)
Recording block-done for octoS0SubroiZ15683136Y78409408X1097612544Difficultsoma_pred_affs/3785 with read ROI [5840:7408, 1808:3376, 6416:7984] (1568, 1568, 1568) and write ROI [6336:6912, 2304:2880, 6912:7488] (576, 576, 576)
Recorded block-done for octoS0SubroiZ15683136Y78409408X1097612544Difficultsoma_pred_affs/3785 with read ROI [5840:7408, 1808:3376, 6416:7984] (1568, 1568, 1568) and write ROI [6336:6912, 2304:2880, 6912:7488] (576, 576, 576)
Recording block-done for octoS0SubroiZ15683136Y78409408X1097612544Difficultsoma_pred_affs/1687 with read ROI [5840:7408, 2384:3952, 1808:3376] (1568, 1568, 1568) and write ROI [6336:6912, 2880:3456, 2304:2880] (576, 576, 576)
Recorded block-done for octoS0SubroiZ15683136Y78409408X1097612544Difficultsoma_pred_affs/1687 with read ROI [5840:7408, 2384:3952, 1808:3376] (1568, 1568, 1568) and write ROI [6336:6912, 2880:3456, 2304:2880] (576, 576, 576)
Recording block-done for octoS0SubroiZ15683136Y78409408X1097612544Difficultsoma_pred_affs/2747 with read ROI [5840:7408, 2384:3952, 4112:5680] (1568, 1568, 1568) and write ROI [6336:6912, 2880:3456, 4608:5184] (576, 576, 576)
Recorded block-done for octoS0SubroiZ15683136Y78409408X1097612544Difficultsoma_pred_affs/2747 with read ROI [5840:7408, 2384:3952, 4112:5680] (1568, 1568, 1568) and write ROI [6336:6912, 2880:3456, 4608:5184] (576, 576, 576)
Recording block-done for octoS0SubroiZ15683136Y78409408X1097612544Difficultsoma_pred_affs/4642 with read ROI [5840:7408, 2384:3952, 6992:8560] (1568, 1568, 1568) and write ROI [6336:6912, 2880:3456, 7488:8064] (576, 576, 576)
Recorded block-done for octoS0SubroiZ15683136Y78409408X1097612544Difficultsoma_pred_affs/4642 with read ROI [5840:7408, 2384:3952, 6992:8560] (1568, 1568, 1568) and write ROI [6336:6912, 2880:3456, 7488:8064] (576, 576, 576)
Recording block-done for octoS0SubroiZ15683136Y78409408X1097612544Difficultsoma_pred_affs/1304 with read ROI [5840:7408, 2960:4528, 80:1648] (1568, 1568, 1568) and write ROI [6336:6912, 3456:4032, 576:1152] (576, 576, 576)
Recorded block-done for octoS0SubroiZ15683136Y78409408X1097612544Difficultsoma_pred_affs/1304 with read ROI [5840:7408, 2960:4528, 80:1648] (1568, 1568, 1568) and write ROI [6336:6912, 3456:4032, 576:1152] (576, 576, 576)
Recording block-done for octoS0SubroiZ15683136Y78409408X1097612544Difficultsoma_pred_affs/4659 with read ROI [5840:7408, 2960:4528, 6416:7984] (1568, 1568, 1568) and write ROI [6336:6912, 3456:4032, 6912:7488] (576, 576, 576)
Recorded block-done for octoS0SubroiZ15683136Y78409408X1097612544Difficultsoma_pred_affs/4659 with read ROI [5840:7408, 2960:4528, 6416:7984] (1568, 1568, 1568) and write ROI [6336:6912, 3456:4032, 6912:7488] (576, 576, 576)
Recording block-done for octoS0SubroiZ15683136Y78409408X1097612544Difficultsoma_pred_affs/7934 with read ROI [5840:7408, 2960:4528, 9872:11440] (1568, 1568, 1568) and write ROI [6336:6912, 3456:4032, 10368:10944] (576, 576, 576)
Recorded block-done for octoS0SubroiZ15683136Y78409408X1097612544Difficultsoma_pred_affs/7934 with read ROI [5840:7408, 2960:4528, 9872:11440] (1568, 1568, 1568) and write ROI [6336:6912, 3456:4032, 10368:10944] (576, 576, 576)
Recording block-done for octoS0SubroiZ15683136Y78409408X1097612544Difficultsoma_pred_affs/2206 with read ROI [5840:7408, 3536:5104, 1808:3376] (1568, 1568, 1568) and write ROI [6336:6912, 4032:4608, 2304:2880] (576, 576, 576)
Recorded block-done for octoS0SubroiZ15683136Y78409408X1097612544Difficultsoma_pred_affs/2206 with read ROI [5840:7408, 3536:5104, 1808:3376] (1568, 1568, 1568) and write ROI [6336:6912, 4032:4608, 2304:2880] (576, 576, 576)
Recording block-done for octoS0SubroiZ15683136Y78409408X1097612544Difficultsoma_pred_affs/3458 with read ROI [5840:7408, 3536:5104, 4112:5680] (1568, 1568, 1568) and write ROI [6336:6912, 4032:4608, 4608:5184] (576, 576, 576)
Recorded block-done for octoS0SubroiZ15683136Y78409408X1097612544Difficultsoma_pred_affs/3458 with read ROI [5840:7408, 3536:5104, 4112:5680] (1568, 1568, 1568) and write ROI [6336:6912, 4032:4608, 4608:5184] (576, 576, 576)
Recording block-done for octoS0SubroiZ15683136Y78409408X1097612544Difficultsoma_pred_affs/7952 with read ROI [5840:7408, 3536:5104, 9296:10864] (1568, 1568, 1568) and write ROI [6336:6912, 4032:4608, 9792:10368] (576, 576, 576)
Recorded block-done for octoS0SubroiZ15683136Y78409408X1097612544Difficultsoma_pred_affs/7952 with read ROI [5840:7408, 3536:5104, 9296:10864] (1568, 1568, 1568) and write ROI [6336:6912, 4032:4608, 9792:10368] (576, 576, 576)
Recording block-done for octoS0SubroiZ15683136Y78409408X1097612544Difficultsoma_pred_affs/2501 with read ROI [5840:7408, 4112:5680, 1808:3376] (1568, 1568, 1568) and write ROI [6336:6912, 4608:5184, 2304:2880] (576, 576, 576)
Recorded block-done for octoS0SubroiZ15683136Y78409408X1097612544Difficultsoma_pred_affs/2501 with read ROI [5840:7408, 4112:5680, 1808:3376] (1568, 1568, 1568) and write ROI [6336:6912, 4608:5184, 2304:2880] (576, 576, 576)
Recording block-done for octoS0SubroiZ15683136Y78409408X1097612544Difficultsoma_pred_affs/6727 with read ROI [5840:7408, 3536:5104, 8144:9712] (1568, 1568, 1568) and write ROI [6336:6912, 4032:4608, 8640:9216] (576, 576, 576)
Recorded block-done for octoS0SubroiZ15683136Y78409408X1097612544Difficultsoma_pred_affs/6727 with read ROI [5840:7408, 3536:5104, 8144:9712] (1568, 1568, 1568) and write ROI [6336:6912, 4032:4608, 8640:9216] (576, 576, 576)
Recording block-done for octoS0SubroiZ15683136Y78409408X1097612544Difficultsoma_pred_affs/4696 with read ROI [5840:7408, 4112:5680, 5264:6832] (1568, 1568, 1568) and write ROI [6336:6912, 4608:5184, 5760:6336] (576, 576, 576)
Recorded block-done for octoS0SubroiZ15683136Y78409408X1097612544Difficultsoma_pred_affs/4696 with read ROI [5840:7408, 4112:5680, 5264:6832] (1568, 1568, 1568) and write ROI [6336:6912, 4608:5184, 5760:6336] (576, 576, 576)
Recording block-done for octoS0SubroiZ15683136Y78409408X1097612544Difficultsoma_pred_affs/8637 with read ROI [5840:7408, 4112:5680, 9296:10864] (1568, 1568, 1568) and write ROI [6336:6912, 4608:5184, 9792:10368] (576, 576, 576)
Recorded block-done for octoS0SubroiZ15683136Y78409408X1097612544Difficultsoma_pred_affs/8637 with read ROI [5840:7408, 4112:5680, 9296:10864] (1568, 1568, 1568) and write ROI [6336:6912, 4608:5184, 9792:10368] (576, 576, 576)
Recording block-done for octoS0SubroiZ15683136Y78409408X1097612544Difficultsoma_pred_affs/4281 with read ROI [5840:7408, 4688:6256, 4112:5680] (1568, 1568, 1568) and write ROI [6336:6912, 5184:5760, 4608:5184] (576, 576, 576)
Recorded block-done for octoS0SubroiZ15683136Y78409408X1097612544Difficultsoma_pred_affs/4281 with read ROI [5840:7408, 4688:6256, 4112:5680] (1568, 1568, 1568) and write ROI [6336:6912, 5184:5760, 4608:5184] (576, 576, 576)
Recording block-done for octoS0SubroiZ15683136Y78409408X1097612544Difficultsoma_pred_affs/5677 with read ROI [5840:7408, 4688:6256, 5840:7408] (1568, 1568, 1568) and write ROI [6336:6912, 5184:5760, 6336:6912] (576, 576, 576)
Recorded block-done for octoS0SubroiZ15683136Y78409408X1097612544Difficultsoma_pred_affs/5677 with read ROI [5840:7408, 4688:6256, 5840:7408] (1568, 1568, 1568) and write ROI [6336:6912, 5184:5760, 6336:6912] (576, 576, 576)
Recording block-done for octoS0SubroiZ15683136Y78409408X1097612544Difficultsoma_pred_affs/8657 with read ROI [5840:7408, 4688:6256, 8720:10288] (1568, 1568, 1568) and write ROI [6336:6912, 5184:5760, 9216:9792] (576, 576, 576)
Recorded block-done for octoS0SubroiZ15683136Y78409408X1097612544Difficultsoma_pred_affs/8657 with read ROI [5840:7408, 4688:6256, 8720:10288] (1568, 1568, 1568) and write ROI [6336:6912, 5184:5760, 9216:9792] (576, 576, 576)
Recording block-done for octoS0SubroiZ15683136Y78409408X1097612544Difficultsoma_pred_affs/7361 with read ROI [5840:7408, 4688:6256, 7568:9136] (1568, 1568, 1568) and write ROI [6336:6912, 5184:5760, 8064:8640] (576, 576, 576)
Recorded block-done for octoS0SubroiZ15683136Y78409408X1097612544Difficultsoma_pred_affs/7361 with read ROI [5840:7408, 4688:6256, 7568:9136] (1568, 1568, 1568) and write ROI [6336:6912, 5184:5760, 8064:8640] (576, 576, 576)
Recording block-done for octoS0SubroiZ15683136Y78409408X1097612544Difficultsoma_pred_affs/3896 with read ROI [5840:7408, 5264:6832, 2960:4528] (1568, 1568, 1568) and write ROI [6336:6912, 5760:6336, 3456:4032] (576, 576, 576)
Recorded block-done for octoS0SubroiZ15683136Y78409408X1097612544Difficultsoma_pred_affs/3896 with read ROI [5840:7408, 5264:6832, 2960:4528] (1568, 1568, 1568) and write ROI [6336:6912, 5760:6336, 3456:4032] (576, 576, 576)
Recording block-done for octoS0SubroiZ15683136Y78409408X1097612544Difficultsoma_pred_affs/5224 with read ROI [5840:7408, 5840:7408, 4112:5680] (1568, 1568, 1568) and write ROI [6336:6912, 6336:6912, 4608:5184] (576, 576, 576)
Recorded block-done for octoS0SubroiZ15683136Y78409408X1097612544Difficultsoma_pred_affs/5224 with read ROI [5840:7408, 5840:7408, 4112:5680] (1568, 1568, 1568) and write ROI [6336:6912, 6336:6912, 4608:5184] (576, 576, 576)
Recording block-done for octoS0SubroiZ15683136Y78409408X1097612544Difficultsoma_pred_affs/9381 with read ROI [5840:7408, 5264:6832, 8720:10288] (1568, 1568, 1568) and write ROI [6336:6912, 5760:6336, 9216:9792] (576, 576, 576)
Recorded block-done for octoS0SubroiZ15683136Y78409408X1097612544Difficultsoma_pred_affs/9381 with read ROI [5840:7408, 5264:6832, 8720:10288] (1568, 1568, 1568) and write ROI [6336:6912, 5760:6336, 9216:9792] (576, 576, 576)
Recording block-done for octoS0SubroiZ15683136Y78409408X1097612544Difficultsoma_pred_affs/7382 with read ROI [5840:7408, 5264:6832, 6992:8560] (1568, 1568, 1568) and write ROI [6336:6912, 5760:6336, 7488:8064] (576, 576, 576)
Recorded block-done for octoS0SubroiZ15683136Y78409408X1097612544Difficultsoma_pred_affs/7382 with read ROI [5840:7408, 5264:6832, 6992:8560] (1568, 1568, 1568) and write ROI [6336:6912, 5760:6336, 7488:8064] (576, 576, 576)
Recording block-done for octoS0SubroiZ15683136Y78409408X1097612544Difficultsoma_pred_affs/4324 with read ROI [5840:7408, 5840:7408, 2960:4528] (1568, 1568, 1568) and write ROI [6336:6912, 6336:6912, 3456:4032] (576, 576, 576)
Recorded block-done for octoS0SubroiZ15683136Y78409408X1097612544Difficultsoma_pred_affs/4324 with read ROI [5840:7408, 5840:7408, 2960:4528] (1568, 1568, 1568) and write ROI [6336:6912, 6336:6912, 3456:4032] (576, 576, 576)
Recording block-done for octoS0SubroiZ15683136Y78409408X1097612544Difficultsoma_pred_affs/11744 with read ROI [5840:7408, 5840:7408, 9872:11440] (1568, 1568, 1568) and write ROI [6336:6912, 6336:6912, 10368:10944] (576, 576, 576)
Recorded block-done for octoS0SubroiZ15683136Y78409408X1097612544Difficultsoma_pred_affs/11744 with read ROI [5840:7408, 5840:7408, 9872:11440] (1568, 1568, 1568) and write ROI [6336:6912, 6336:6912, 10368:10944] (576, 576, 576)
Recording block-done for octoS0SubroiZ15683136Y78409408X1097612544Difficultsoma_pred_affs/3563 with read ROI [5840:7408, 6416:7984, 1232:2800] (1568, 1568, 1568) and write ROI [6336:6912, 6912:7488, 1728:2304] (576, 576, 576)
Recorded block-done for octoS0SubroiZ15683136Y78409408X1097612544Difficultsoma_pred_affs/3563 with read ROI [5840:7408, 6416:7984, 1232:2800] (1568, 1568, 1568) and write ROI [6336:6912, 6912:7488, 1728:2304] (576, 576, 576)
Recording block-done for octoS0SubroiZ15683136Y78409408X1097612544Difficultsoma_pred_affs/5743 with read ROI [5840:7408, 6416:7984, 4112:5680] (1568, 1568, 1568) and write ROI [6336:6912, 6912:7488, 4608:5184] (576, 576, 576)
Recorded block-done for octoS0SubroiZ15683136Y78409408X1097612544Difficultsoma_pred_affs/5743 with read ROI [5840:7408, 6416:7984, 4112:5680] (1568, 1568, 1568) and write ROI [6336:6912, 6912:7488, 4608:5184] (576, 576, 576)
Recording block-done for octoS0SubroiZ15683136Y78409408X1097612544Difficultsoma_pred_affs/7451 with read ROI [5840:7408, 6992:8560, 5264:6832] (1568, 1568, 1568) and write ROI [6336:6912, 7488:8064, 5760:6336] (576, 576, 576)
Recorded block-done for octoS0SubroiZ15683136Y78409408X1097612544Difficultsoma_pred_affs/7451 with read ROI [5840:7408, 6992:8560, 5264:6832] (1568, 1568, 1568) and write ROI [6336:6912, 7488:8064, 5760:6336] (576, 576, 576)
Recording block-done for octoS0SubroiZ15683136Y78409408X1097612544Difficultsoma_pred_affs/8747 with read ROI [5840:7408, 6992:8560, 6416:7984] (1568, 1568, 1568) and write ROI [6336:6912, 7488:8064, 6912:7488] (576, 576, 576)
Recorded block-done for octoS0SubroiZ15683136Y78409408X1097612544Difficultsoma_pred_affs/8747 with read ROI [5840:7408, 6992:8560, 6416:7984] (1568, 1568, 1568) and write ROI [6336:6912, 7488:8064, 6912:7488] (576, 576, 576)
Recording block-done for octoS0SubroiZ15683136Y78409408X1097612544Difficultsoma_pred_affs/5271 with read ROI [5840:7408, 6992:8560, 2960:4528] (1568, 1568, 1568) and write ROI [6336:6912, 7488:8064, 3456:4032] (576, 576, 576)
Recorded block-done for octoS0SubroiZ15683136Y78409408X1097612544Difficultsoma_pred_affs/5271 with read ROI [5840:7408, 6992:8560, 2960:4528] (1568, 1568, 1568) and write ROI [6336:6912, 7488:8064, 3456:4032] (576, 576, 576)
Recording block-done for octoS0SubroiZ15683136Y78409408X1097612544Difficultsoma_pred_affs/11791 with read ROI [5840:7408, 6992:8560, 8720:10288] (1568, 1568, 1568) and write ROI [6336:6912, 7488:8064, 9216:9792] (576, 576, 576)
Recorded block-done for octoS0SubroiZ15683136Y78409408X1097612544Difficultsoma_pred_affs/11791 with read ROI [5840:7408, 6992:8560, 8720:10288] (1568, 1568, 1568) and write ROI [6336:6912, 7488:8064, 9216:9792] (576, 576, 576)
Recording block-done for octoS0SubroiZ15683136Y78409408X1097612544Difficultsoma_pred_affs/15516 with read ROI [5840:7408, 7568:9136, 10448:12016] (1568, 1568, 1568) and write ROI [6336:6912, 8064:8640, 10944:11520] (576, 576, 576)
Recorded block-done for octoS0SubroiZ15683136Y78409408X1097612544Difficultsoma_pred_affs/15516 with read ROI [5840:7408, 7568:9136, 10448:12016] (1568, 1568, 1568) and write ROI [6336:6912, 8064:8640, 10944:11520] (576, 576, 576)
Recording block-done for octoS0SubroiZ15683136Y78409408X1097612544Difficultsoma_pred_affs/4016 with read ROI [5840:7408, 8144:9712, 80:1648] (1568, 1568, 1568) and write ROI [6336:6912, 8640:9216, 576:1152] (576, 576, 576)
Recorded block-done for octoS0SubroiZ15683136Y78409408X1097612544Difficultsoma_pred_affs/4016 with read ROI [5840:7408, 8144:9712, 80:1648] (1568, 1568, 1568) and write ROI [6336:6912, 8640:9216, 576:1152] (576, 576, 576)
Recording block-done for octoS0SubroiZ15683136Y78409408X1097612544Difficultsoma_pred_affs/5322 with read ROI [5840:7408, 8144:9712, 1808:3376] (1568, 1568, 1568) and write ROI [6336:6912, 8640:9216, 2304:2880] (576, 576, 576)
Recorded block-done for octoS0SubroiZ15683136Y78409408X1097612544Difficultsoma_pred_affs/5322 with read ROI [5840:7408, 8144:9712, 1808:3376] (1568, 1568, 1568) and write ROI [6336:6912, 8640:9216, 2304:2880] (576, 576, 576)
Recording block-done for octoS0SubroiZ15683136Y78409408X1097612544Difficultsoma_pred_affs/11816 with read ROI [5840:7408, 7568:9136, 8144:9712] (1568, 1568, 1568) and write ROI [6336:6912, 8064:8640, 8640:9216] (576, 576, 576)
Recorded block-done for octoS0SubroiZ15683136Y78409408X1097612544Difficultsoma_pred_affs/11816 with read ROI [5840:7408, 7568:9136, 8144:9712] (1568, 1568, 1568) and write ROI [6336:6912, 8064:8640, 8640:9216] (576, 576, 576)
Recording block-done for octoS0SubroiZ15683136Y78409408X1097612544Difficultsoma_pred_affs/5349 with read ROI [5840:7408, 8720:10288, 1232:2800] (1568, 1568, 1568) and write ROI [6336:6912, 9216:9792, 1728:2304] (576, 576, 576)
Recorded block-done for octoS0SubroiZ15683136Y78409408X1097612544Difficultsoma_pred_affs/5349 with read ROI [5840:7408, 8720:10288, 1232:2800] (1568, 1568, 1568) and write ROI [6336:6912, 9216:9792, 1728:2304] (576, 576, 576)
Recording block-done for octoS0SubroiZ15683136Y78409408X1097612544Difficultsoma_pred_affs/10269 with read ROI [5840:7408, 8720:10288, 5840:7408] (1568, 1568, 1568) and write ROI [6336:6912, 9216:9792, 6336:6912] (576, 576, 576)
Recorded block-done for octoS0SubroiZ15683136Y78409408X1097612544Difficultsoma_pred_affs/10269 with read ROI [5840:7408, 8720:10288, 5840:7408] (1568, 1568, 1568) and write ROI [6336:6912, 9216:9792, 6336:6912] (576, 576, 576)
Recording block-done for octoS0SubroiZ15683136Y78409408X1097612544Difficultsoma_pred_affs/9528 with read ROI [5840:7408, 8720:10288, 5264:6832] (1568, 1568, 1568) and write ROI [6336:6912, 9216:9792, 5760:6336] (576, 576, 576)
Recorded block-done for octoS0SubroiZ15683136Y78409408X1097612544Difficultsoma_pred_affs/9528 with read ROI [5840:7408, 8720:10288, 5264:6832] (1568, 1568, 1568) and write ROI [6336:6912, 9216:9792, 5760:6336] (576, 576, 576)
Recording block-done for octoS0SubroiZ15683136Y78409408X1097612544Difficultsoma_pred_affs/8159 with read ROI [5840:7408, 8720:10288, 4112:5680] (1568, 1568, 1568) and write ROI [6336:6912, 9216:9792, 4608:5184] (576, 576, 576)
Recorded block-done for octoS0SubroiZ15683136Y78409408X1097612544Difficultsoma_pred_affs/8159 with read ROI [5840:7408, 8720:10288, 4112:5680] (1568, 1568, 1568) and write ROI [6336:6912, 9216:9792, 4608:5184] (576, 576, 576)
Recording block-done for octoS0SubroiZ15683136Y78409408X1097612544Difficultsoma_pred_affs/15569 with read ROI [5840:7408, 8720:10288, 9296:10864] (1568, 1568, 1568) and write ROI [6336:6912, 9216:9792, 9792:10368] (576, 576, 576)
Recorded block-done for octoS0SubroiZ15683136Y78409408X1097612544Difficultsoma_pred_affs/15569 with read ROI [5840:7408, 8720:10288, 9296:10864] (1568, 1568, 1568) and write ROI [6336:6912, 9216:9792, 9792:10368] (576, 576, 576)
Recording block-done for octoS0SubroiZ15683136Y78409408X1097612544Difficultsoma_pred_affs/11869 with read ROI [5840:7408, 8720:10288, 6992:8560] (1568, 1568, 1568) and write ROI [6336:6912, 9216:9792, 7488:8064] (576, 576, 576)
Recorded block-done for octoS0SubroiZ15683136Y78409408X1097612544Difficultsoma_pred_affs/11869 with read ROI [5840:7408, 8720:10288, 6992:8560] (1568, 1568, 1568) and write ROI [6336:6912, 9216:9792, 7488:8064] (576, 576, 576)
Recording block-done for octoS0SubroiZ15683136Y78409408X1097612544Difficultsoma_pred_affs/10297 with read ROI [5840:7408, 9296:10864, 5264:6832] (1568, 1568, 1568) and write ROI [6336:6912, 9792:10368, 5760:6336] (576, 576, 576)
Recorded block-done for octoS0SubroiZ15683136Y78409408X1097612544Difficultsoma_pred_affs/10297 with read ROI [5840:7408, 9296:10864, 5264:6832] (1568, 1568, 1568) and write ROI [6336:6912, 9792:10368, 5760:6336] (576, 576, 576)
Recording block-done for octoS0SubroiZ15683136Y78409408X1097612544Difficultsoma_pred_affs/18841 with read ROI [5840:7408, 9296:10864, 10448:12016] (1568, 1568, 1568) and write ROI [6336:6912, 9792:10368, 10944:11520] (576, 576, 576)
Recorded block-done for octoS0SubroiZ15683136Y78409408X1097612544Difficultsoma_pred_affs/18841 with read ROI [5840:7408, 9296:10864, 10448:12016] (1568, 1568, 1568) and write ROI [6336:6912, 9792:10368, 10944:11520] (576, 576, 576)
Recording block-done for octoS0SubroiZ15683136Y78409408X1097612544Difficultsoma_pred_affs/8187 with read ROI [5840:7408, 9296:10864, 3536:5104] (1568, 1568, 1568) and write ROI [6336:6912, 9792:10368, 4032:4608] (576, 576, 576)
Recorded block-done for octoS0SubroiZ15683136Y78409408X1097612544Difficultsoma_pred_affs/8187 with read ROI [5840:7408, 9296:10864, 3536:5104] (1568, 1568, 1568) and write ROI [6336:6912, 9792:10368, 4032:4608] (576, 576, 576)
Recording block-done for octoS0SubroiZ15683136Y78409408X1097612544Difficultsoma_pred_affs/12758 with read ROI [5840:7408, 9296:10864, 6992:8560] (1568, 1568, 1568) and write ROI [6336:6912, 9792:10368, 7488:8064] (576, 576, 576)
Recorded block-done for octoS0SubroiZ15683136Y78409408X1097612544Difficultsoma_pred_affs/12758 with read ROI [5840:7408, 9296:10864, 6992:8560] (1568, 1568, 1568) and write ROI [6336:6912, 9792:10368, 7488:8064] (576, 576, 576)
Recording block-done for octoS0SubroiZ15683136Y78409408X1097612544Difficultsoma_pred_affs/5902 with read ROI [5840:7408, 9872:11440, 656:2224] (1568, 1568, 1568) and write ROI [6336:6912, 10368:10944, 1152:1728] (576, 576, 576)
Recorded block-done for octoS0SubroiZ15683136Y78409408X1097612544Difficultsoma_pred_affs/5902 with read ROI [5840:7408, 9872:11440, 656:2224] (1568, 1568, 1568) and write ROI [6336:6912, 10368:10944, 1152:1728] (576, 576, 576)
Recording block-done for octoS0SubroiZ15683136Y78409408X1097612544Difficultsoma_pred_affs/15626 with read ROI [5840:7408, 9872:11440, 8144:9712] (1568, 1568, 1568) and write ROI [6336:6912, 10368:10944, 8640:9216] (576, 576, 576)
Recorded block-done for octoS0SubroiZ15683136Y78409408X1097612544Difficultsoma_pred_affs/15626 with read ROI [5840:7408, 9872:11440, 8144:9712] (1568, 1568, 1568) and write ROI [6336:6912, 10368:10944, 8640:9216] (576, 576, 576)
Recording block-done for octoS0SubroiZ15683136Y78409408X1097612544Difficultsoma_pred_affs/5932 with read ROI [5840:7408, 10448:12016, 80:1648] (1568, 1568, 1568) and write ROI [6336:6912, 10944:11520, 576:1152] (576, 576, 576)
Recorded block-done for octoS0SubroiZ15683136Y78409408X1097612544Difficultsoma_pred_affs/5932 with read ROI [5840:7408, 10448:12016, 80:1648] (1568, 1568, 1568) and write ROI [6336:6912, 10944:11520, 576:1152] (576, 576, 576)
Recording block-done for octoS0SubroiZ15683136Y78409408X1097612544Difficultsoma_pred_affs/8246 with read ROI [5840:7408, 10448:12016, 2384:3952] (1568, 1568, 1568) and write ROI [6336:6912, 10944:11520, 2880:3456] (576, 576, 576)
Recorded block-done for octoS0SubroiZ15683136Y78409408X1097612544Difficultsoma_pred_affs/8246 with read ROI [5840:7408, 10448:12016, 2384:3952] (1568, 1568, 1568) and write ROI [6336:6912, 10944:11520, 2880:3456] (576, 576, 576)
Recording block-done for octoS0SubroiZ15683136Y78409408X1097612544Difficultsoma_pred_affs/11136 with read ROI [5840:7408, 10448:12016, 4688:6256] (1568, 1568, 1568) and write ROI [6336:6912, 10944:11520, 5184:5760] (576, 576, 576)
Recorded block-done for octoS0SubroiZ15683136Y78409408X1097612544Difficultsoma_pred_affs/11136 with read ROI [5840:7408, 10448:12016, 4688:6256] (1568, 1568, 1568) and write ROI [6336:6912, 10944:11520, 5184:5760] (576, 576, 576)
Recording block-done for octoS0SubroiZ15683136Y78409408X1097612544Difficultsoma_pred_affs/8912 with read ROI [5840:7408, 10448:12016, 2960:4528] (1568, 1568, 1568) and write ROI [6336:6912, 10944:11520, 3456:4032] (576, 576, 576)
Recorded block-done for octoS0SubroiZ15683136Y78409408X1097612544Difficultsoma_pred_affs/8912 with read ROI [5840:7408, 10448:12016, 2960:4528] (1568, 1568, 1568) and write ROI [6336:6912, 10944:11520, 3456:4032] (576, 576, 576)
Recording block-done for octoS0SubroiZ15683136Y78409408X1097612544Difficultsoma_pred_affs/2403 with read ROI [6416:7984, 80:1648, 5264:6832] (1568, 1568, 1568) and write ROI [6912:7488, 576:1152, 5760:6336] (576, 576, 576)
Recorded block-done for octoS0SubroiZ15683136Y78409408X1097612544Difficultsoma_pred_affs/2403 with read ROI [6416:7984, 80:1648, 5264:6832] (1568, 1568, 1568) and write ROI [6912:7488, 576:1152, 5760:6336] (576, 576, 576)
Recording block-done for octoS0SubroiZ15683136Y78409408X1097612544Difficultsoma_pred_affs/1447 with read ROI [6416:7984, 656:2224, 2384:3952] (1568, 1568, 1568) and write ROI [6912:7488, 1152:1728, 2880:3456] (576, 576, 576)
Recorded block-done for octoS0SubroiZ15683136Y78409408X1097612544Difficultsoma_pred_affs/1447 with read ROI [6416:7984, 656:2224, 2384:3952] (1568, 1568, 1568) and write ROI [6912:7488, 1152:1728, 2880:3456] (576, 576, 576)
Recording block-done for octoS0SubroiZ15683136Y78409408X1097612544Difficultsoma_pred_affs/1657 with read ROI [6416:7984, 656:2224, 2960:4528] (1568, 1568, 1568) and write ROI [6912:7488, 1152:1728, 3456:4032] (576, 576, 576)
Recorded block-done for octoS0SubroiZ15683136Y78409408X1097612544Difficultsoma_pred_affs/1657 with read ROI [6416:7984, 656:2224, 2960:4528] (1568, 1568, 1568) and write ROI [6912:7488, 1152:1728, 3456:4032] (576, 576, 576)
Recording block-done for octoS0SubroiZ15683136Y78409408X1097612544Difficultsoma_pred_affs/5559 with read ROI [6416:7984, 80:1648, 9872:11440] (1568, 1568, 1568) and write ROI [6912:7488, 576:1152, 10368:10944] (576, 576, 576)
Recorded block-done for octoS0SubroiZ15683136Y78409408X1097612544Difficultsoma_pred_affs/5559 with read ROI [6416:7984, 80:1648, 9872:11440] (1568, 1568, 1568) and write ROI [6912:7488, 576:1152, 10368:10944] (576, 576, 576)
Recording block-done for octoS0SubroiZ15683136Y78409408X1097612544Difficultsoma_pred_affs/1874 with read ROI [6416:7984, 80:1648, 4112:5680] (1568, 1568, 1568) and write ROI [6912:7488, 576:1152, 4608:5184] (576, 576, 576)
Recorded block-done for octoS0SubroiZ15683136Y78409408X1097612544Difficultsoma_pred_affs/1874 with read ROI [6416:7984, 80:1648, 4112:5680] (1568, 1568, 1568) and write ROI [6912:7488, 576:1152, 4608:5184] (576, 576, 576)
Recording block-done for octoS0SubroiZ15683136Y78409408X1097612544Difficultsoma_pred_affs/3057 with read ROI [6416:7984, 1232:2800, 5264:6832] (1568, 1568, 1568) and write ROI [6912:7488, 1728:2304, 5760:6336] (576, 576, 576)
Recorded block-done for octoS0SubroiZ15683136Y78409408X1097612544Difficultsoma_pred_affs/3057 with read ROI [6416:7984, 1232:2800, 5264:6832] (1568, 1568, 1568) and write ROI [6912:7488, 1728:2304, 5760:6336] (576, 576, 576)
Recording block-done for octoS0SubroiZ15683136Y78409408X1097612544Difficultsoma_pred_affs/6101 with read ROI [6416:7984, 656:2224, 9872:11440] (1568, 1568, 1568) and write ROI [6912:7488, 1152:1728, 10368:10944] (576, 576, 576)
Recorded block-done for octoS0SubroiZ15683136Y78409408X1097612544Difficultsoma_pred_affs/6101 with read ROI [6416:7984, 656:2224, 9872:11440] (1568, 1568, 1568) and write ROI [6912:7488, 1152:1728, 10368:10944] (576, 576, 576)
Recording block-done for octoS0SubroiZ15683136Y78409408X1097612544Difficultsoma_pred_affs/2156 with read ROI [6416:7984, 1232:2800, 3536:5104] (1568, 1568, 1568) and write ROI [6912:7488, 1728:2304, 4032:4608] (576, 576, 576)
Recorded block-done for octoS0SubroiZ15683136Y78409408X1097612544Difficultsoma_pred_affs/2156 with read ROI [6416:7984, 1232:2800, 3536:5104] (1568, 1568, 1568) and write ROI [6912:7488, 1728:2304, 4032:4608] (576, 576, 576)
Recording block-done for octoS0SubroiZ15683136Y78409408X1097612544Difficultsoma_pred_affs/1903 with read ROI [6416:7984, 1232:2800, 2960:4528] (1568, 1568, 1568) and write ROI [6912:7488, 1728:2304, 3456:4032] (576, 576, 576)
Recorded block-done for octoS0SubroiZ15683136Y78409408X1097612544Difficultsoma_pred_affs/1903 with read ROI [6416:7984, 1232:2800, 2960:4528] (1568, 1568, 1568) and write ROI [6912:7488, 1728:2304, 3456:4032] (576, 576, 576)
Recording block-done for octoS0SubroiZ15683136Y78409408X1097612544Difficultsoma_pred_affs/4177 with read ROI [6416:7984, 656:2224, 7568:9136] (1568, 1568, 1568) and write ROI [6912:7488, 1152:1728, 8064:8640] (576, 576, 576)
Recorded block-done for octoS0SubroiZ15683136Y78409408X1097612544Difficultsoma_pred_affs/4177 with read ROI [6416:7984, 656:2224, 7568:9136] (1568, 1568, 1568) and write ROI [6912:7488, 1152:1728, 8064:8640] (576, 576, 576)
Recording block-done for octoS0SubroiZ15683136Y78409408X1097612544Difficultsoma_pred_affs/7288 with read ROI [6416:7984, 1808:3376, 9872:11440] (1568, 1568, 1568) and write ROI [6912:7488, 2304:2880, 10368:10944] (576, 576, 576)
Recorded block-done for octoS0SubroiZ15683136Y78409408X1097612544Difficultsoma_pred_affs/7288 with read ROI [6416:7984, 1808:3376, 9872:11440] (1568, 1568, 1568) and write ROI [6912:7488, 2304:2880, 10368:10944] (576, 576, 576)
Recording block-done for octoS0SubroiZ15683136Y78409408X1097612544Difficultsoma_pred_affs/1117 with read ROI [6416:7984, 1808:3376, 80:1648] (1568, 1568, 1568) and write ROI [6912:7488, 2304:2880, 576:1152] (576, 576, 576)
Recorded block-done for octoS0SubroiZ15683136Y78409408X1097612544Difficultsoma_pred_affs/1117 with read ROI [6416:7984, 1808:3376, 80:1648] (1568, 1568, 1568) and write ROI [6912:7488, 2304:2880, 576:1152] (576, 576, 576)
Recording block-done for octoS0SubroiZ15683136Y78409408X1097612544Difficultsoma_pred_affs/1305 with read ROI [6416:7984, 2384:3952, 80:1648] (1568, 1568, 1568) and write ROI [6912:7488, 2880:3456, 576:1152] (576, 576, 576)
Recorded block-done for octoS0SubroiZ15683136Y78409408X1097612544Difficultsoma_pred_affs/1305 with read ROI [6416:7984, 2384:3952, 80:1648] (1568, 1568, 1568) and write ROI [6912:7488, 2880:3456, 576:1152] (576, 576, 576)
Recording block-done for octoS0SubroiZ15683136Y78409408X1097612544Difficultsoma_pred_affs/2448 with read ROI [6416:7984, 1808:3376, 3536:5104] (1568, 1568, 1568) and write ROI [6912:7488, 2304:2880, 4032:4608] (576, 576, 576)
Recorded block-done for octoS0SubroiZ15683136Y78409408X1097612544Difficultsoma_pred_affs/2448 with read ROI [6416:7984, 1808:3376, 3536:5104] (1568, 1568, 1568) and write ROI [6912:7488, 2304:2880, 4032:4608] (576, 576, 576)
Recording block-done for octoS0SubroiZ15683136Y78409408X1097612544Difficultsoma_pred_affs/5108 with read ROI [6416:7984, 1808:3376, 7568:9136] (1568, 1568, 1568) and write ROI [6912:7488, 2304:2880, 8064:8640] (576, 576, 576)
Recorded block-done for octoS0SubroiZ15683136Y78409408X1097612544Difficultsoma_pred_affs/5108 with read ROI [6416:7984, 1808:3376, 7568:9136] (1568, 1568, 1568) and write ROI [6912:7488, 2304:2880, 8064:8640] (576, 576, 576)
Recording block-done for octoS0SubroiZ15683136Y78409408X1097612544Difficultsoma_pred_affs/3819 with read ROI [6416:7984, 2384:3952, 5264:6832] (1568, 1568, 1568) and write ROI [6912:7488, 2880:3456, 5760:6336] (576, 576, 576)
Recorded block-done for octoS0SubroiZ15683136Y78409408X1097612544Difficultsoma_pred_affs/3819 with read ROI [6416:7984, 2384:3952, 5264:6832] (1568, 1568, 1568) and write ROI [6912:7488, 2880:3456, 5760:6336] (576, 576, 576)
Recording block-done for octoS0SubroiZ15683136Y78409408X1097612544Difficultsoma_pred_affs/2483 with read ROI [6416:7984, 2960:4528, 2384:3952] (1568, 1568, 1568) and write ROI [6912:7488, 3456:4032, 2880:3456] (576, 576, 576)
Recorded block-done for octoS0SubroiZ15683136Y78409408X1097612544Difficultsoma_pred_affs/2483 with read ROI [6416:7984, 2960:4528, 2384:3952] (1568, 1568, 1568) and write ROI [6912:7488, 3456:4032, 2880:3456] (576, 576, 576)
Recording block-done for octoS0SubroiZ15683136Y78409408X1097612544Difficultsoma_pred_affs/1513 with read ROI [6416:7984, 2960:4528, 80:1648] (1568, 1568, 1568) and write ROI [6912:7488, 3456:4032, 576:1152] (576, 576, 576)
Recorded block-done for octoS0SubroiZ15683136Y78409408X1097612544Difficultsoma_pred_affs/1513 with read ROI [6416:7984, 2960:4528, 80:1648] (1568, 1568, 1568) and write ROI [6912:7488, 3456:4032, 576:1152] (576, 576, 576)
Recording block-done for octoS0SubroiZ15683136Y78409408X1097612544Difficultsoma_pred_affs/6728 with read ROI [6416:7984, 2960:4528, 8144:9712] (1568, 1568, 1568) and write ROI [6912:7488, 3456:4032, 8640:9216] (576, 576, 576)
Recorded block-done for octoS0SubroiZ15683136Y78409408X1097612544Difficultsoma_pred_affs/6728 with read ROI [6416:7984, 2960:4528, 8144:9712] (1568, 1568, 1568) and write ROI [6912:7488, 3456:4032, 8640:9216] (576, 576, 576)
Recording block-done for octoS0SubroiZ15683136Y78409408X1097612544Difficultsoma_pred_affs/3147 with read ROI [6416:7984, 4112:5680, 2384:3952] (1568, 1568, 1568) and write ROI [6912:7488, 4608:5184, 2880:3456] (576, 576, 576)
Recorded block-done for octoS0SubroiZ15683136Y78409408X1097612544Difficultsoma_pred_affs/3147 with read ROI [6416:7984, 4112:5680, 2384:3952] (1568, 1568, 1568) and write ROI [6912:7488, 4608:5184, 2880:3456] (576, 576, 576)
Recording block-done for octoS0SubroiZ15683136Y78409408X1097612544Difficultsoma_pred_affs/8638 with read ROI [6416:7984, 3536:5104, 9296:10864] (1568, 1568, 1568) and write ROI [6912:7488, 4032:4608, 9792:10368] (576, 576, 576)
Recorded block-done for octoS0SubroiZ15683136Y78409408X1097612544Difficultsoma_pred_affs/8638 with read ROI [6416:7984, 3536:5104, 9296:10864] (1568, 1568, 1568) and write ROI [6912:7488, 4032:4608, 9792:10368] (576, 576, 576)
Recording block-done for octoS0SubroiZ15683136Y78409408X1097612544Difficultsoma_pred_affs/7972 with read ROI [6416:7984, 3536:5104, 8720:10288] (1568, 1568, 1568) and write ROI [6912:7488, 4032:4608, 9216:9792] (576, 576, 576)
Recorded block-done for octoS0SubroiZ15683136Y78409408X1097612544Difficultsoma_pred_affs/7972 with read ROI [6416:7984, 3536:5104, 8720:10288] (1568, 1568, 1568) and write ROI [6912:7488, 4032:4608, 9216:9792] (576, 576, 576)
Recording block-done for octoS0SubroiZ15683136Y78409408X1097612544Difficultsoma_pred_affs/3498 with read ROI [6416:7984, 4112:5680, 2960:4528] (1568, 1568, 1568) and write ROI [6912:7488, 4608:5184, 3456:4032] (576, 576, 576)
Recorded block-done for octoS0SubroiZ15683136Y78409408X1097612544Difficultsoma_pred_affs/3498 with read ROI [6416:7984, 4112:5680, 2960:4528] (1568, 1568, 1568) and write ROI [6912:7488, 4608:5184, 3456:4032] (576, 576, 576)
Recording block-done for octoS0SubroiZ15683136Y78409408X1097612544Difficultsoma_pred_affs/7342 with read ROI [6416:7984, 3536:5104, 8144:9712] (1568, 1568, 1568) and write ROI [6912:7488, 4032:4608, 8640:9216] (576, 576, 576)
Recorded block-done for octoS0SubroiZ15683136Y78409408X1097612544Difficultsoma_pred_affs/7342 with read ROI [6416:7984, 3536:5104, 8144:9712] (1568, 1568, 1568) and write ROI [6912:7488, 4032:4608, 8640:9216] (576, 576, 576)
Recording block-done for octoS0SubroiZ15683136Y78409408X1097612544Difficultsoma_pred_affs/6227 with read ROI [6416:7984, 4688:6256, 5840:7408] (1568, 1568, 1568) and write ROI [6912:7488, 5184:5760, 6336:6912] (576, 576, 576)
Recorded block-done for octoS0SubroiZ15683136Y78409408X1097612544Difficultsoma_pred_affs/6227 with read ROI [6416:7984, 4688:6256, 5840:7408] (1568, 1568, 1568) and write ROI [6912:7488, 5184:5760, 6336:6912] (576, 576, 576)
Recording block-done for octoS0SubroiZ15683136Y78409408X1097612544Difficultsoma_pred_affs/10102 with read ROI [6416:7984, 4112:5680, 9872:11440] (1568, 1568, 1568) and write ROI [6912:7488, 4608:5184, 10368:10944] (576, 576, 576)
Recorded block-done for octoS0SubroiZ15683136Y78409408X1097612544Difficultsoma_pred_affs/10102 with read ROI [6416:7984, 4112:5680, 9872:11440] (1568, 1568, 1568) and write ROI [6912:7488, 4608:5184, 10368:10944] (576, 576, 576)
Recording block-done for octoS0SubroiZ15683136Y78409408X1097612544Difficultsoma_pred_affs/10123 with read ROI [6416:7984, 4688:6256, 9296:10864] (1568, 1568, 1568) and write ROI [6912:7488, 5184:5760, 9792:10368] (576, 576, 576)
Recorded block-done for octoS0SubroiZ15683136Y78409408X1097612544Difficultsoma_pred_affs/10123 with read ROI [6416:7984, 4688:6256, 9296:10864] (1568, 1568, 1568) and write ROI [6912:7488, 5184:5760, 9792:10368] (576, 576, 576)
Recording block-done for octoS0SubroiZ15683136Y78409408X1097612544Difficultsoma_pred_affs/3897 with read ROI [6416:7984, 4688:6256, 2960:4528] (1568, 1568, 1568) and write ROI [6912:7488, 5184:5760, 3456:4032] (576, 576, 576)
Recorded block-done for octoS0SubroiZ15683136Y78409408X1097612544Difficultsoma_pred_affs/3897 with read ROI [6416:7984, 4688:6256, 2960:4528] (1568, 1568, 1568) and write ROI [6912:7488, 5184:5760, 3456:4032] (576, 576, 576)
Recording block-done for octoS0SubroiZ15683136Y78409408X1097612544Difficultsoma_pred_affs/4760 with read ROI [6416:7984, 5264:6832, 3536:5104] (1568, 1568, 1568) and write ROI [6912:7488, 5760:6336, 4032:4608] (576, 576, 576)
Recorded block-done for octoS0SubroiZ15683136Y78409408X1097612544Difficultsoma_pred_affs/4760 with read ROI [6416:7984, 5264:6832, 3536:5104] (1568, 1568, 1568) and write ROI [6912:7488, 5760:6336, 4032:4608] (576, 576, 576)
Recording block-done for octoS0SubroiZ15683136Y78409408X1097612544Difficultsoma_pred_affs/5721 with read ROI [6416:7984, 5264:6832, 4688:6256] (1568, 1568, 1568) and write ROI [6912:7488, 5760:6336, 5184:5760] (576, 576, 576)
Recorded block-done for octoS0SubroiZ15683136Y78409408X1097612544Difficultsoma_pred_affs/5721 with read ROI [6416:7984, 5264:6832, 4688:6256] (1568, 1568, 1568) and write ROI [6912:7488, 5760:6336, 5184:5760] (576, 576, 576)
Recording block-done for octoS0SubroiZ15683136Y78409408X1097612544Difficultsoma_pred_affs/4325 with read ROI [6416:7984, 5264:6832, 2960:4528] (1568, 1568, 1568) and write ROI [6912:7488, 5760:6336, 3456:4032] (576, 576, 576)
Recorded block-done for octoS0SubroiZ15683136Y78409408X1097612544Difficultsoma_pred_affs/4325 with read ROI [6416:7984, 5264:6832, 2960:4528] (1568, 1568, 1568) and write ROI [6912:7488, 5760:6336, 3456:4032] (576, 576, 576)
Recording block-done for octoS0SubroiZ15683136Y78409408X1097612544Difficultsoma_pred_affs/3564 with read ROI [6416:7984, 5840:7408, 1232:2800] (1568, 1568, 1568) and write ROI [6912:7488, 6336:6912, 1728:2304] (576, 576, 576)
Recorded block-done for octoS0SubroiZ15683136Y78409408X1097612544Difficultsoma_pred_affs/3564 with read ROI [6416:7984, 5840:7408, 1232:2800] (1568, 1568, 1568) and write ROI [6912:7488, 6336:6912, 1728:2304] (576, 576, 576)
Recording block-done for octoS0SubroiZ15683136Y78409408X1097612544Difficultsoma_pred_affs/8035 with read ROI [6416:7984, 5264:6832, 6992:8560] (1568, 1568, 1568) and write ROI [6912:7488, 5760:6336, 7488:8064] (576, 576, 576)
Recorded block-done for octoS0SubroiZ15683136Y78409408X1097612544Difficultsoma_pred_affs/8035 with read ROI [6416:7984, 5264:6832, 6992:8560] (1568, 1568, 1568) and write ROI [6912:7488, 5760:6336, 7488:8064] (576, 576, 576)
Recording block-done for octoS0SubroiZ15683136Y78409408X1097612544Difficultsoma_pred_affs/11768 with read ROI [6416:7984, 5840:7408, 9296:10864] (1568, 1568, 1568) and write ROI [6912:7488, 6336:6912, 9792:10368] (576, 576, 576)
Recorded block-done for octoS0SubroiZ15683136Y78409408X1097612544Difficultsoma_pred_affs/11768 with read ROI [6416:7984, 5840:7408, 9296:10864] (1568, 1568, 1568) and write ROI [6912:7488, 6336:6912, 9792:10368] (576, 576, 576)
Recording block-done for octoS0SubroiZ15683136Y78409408X1097612544Difficultsoma_pred_affs/9427 with read ROI [6416:7984, 5840:7408, 7568:9136] (1568, 1568, 1568) and write ROI [6912:7488, 6336:6912, 8064:8640] (576, 576, 576)
Recorded block-done for octoS0SubroiZ15683136Y78409408X1097612544Difficultsoma_pred_affs/9427 with read ROI [6416:7984, 5840:7408, 7568:9136] (1568, 1568, 1568) and write ROI [6912:7488, 6336:6912, 8064:8640] (576, 576, 576)
Recording block-done for octoS0SubroiZ15683136Y78409408X1097612544Difficultsoma_pred_affs/6857 with read ROI [6416:7984, 6416:7984, 4688:6256] (1568, 1568, 1568) and write ROI [6912:7488, 6912:7488, 5184:5760] (576, 576, 576)
Recorded block-done for octoS0SubroiZ15683136Y78409408X1097612544Difficultsoma_pred_affs/6857 with read ROI [6416:7984, 6416:7984, 4688:6256] (1568, 1568, 1568) and write ROI [6912:7488, 6912:7488, 5184:5760] (576, 576, 576)
Recording block-done for octoS0SubroiZ15683136Y78409408X1097612544Difficultsoma_pred_affs/14502 with read ROI [6416:7984, 6416:7984, 10448:12016] (1568, 1568, 1568) and write ROI [6912:7488, 6912:7488, 10944:11520] (576, 576, 576)
Recorded block-done for octoS0SubroiZ15683136Y78409408X1097612544Difficultsoma_pred_affs/14502 with read ROI [6416:7984, 6416:7984, 10448:12016] (1568, 1568, 1568) and write ROI [6912:7488, 6912:7488, 10944:11520] (576, 576, 576)
Recording block-done for octoS0SubroiZ15683136Y78409408X1097612544Difficultsoma_pred_affs/3991 with read ROI [6416:7984, 6992:8560, 656:2224] (1568, 1568, 1568) and write ROI [6912:7488, 7488:8064, 1152:1728] (576, 576, 576)
Recorded block-done for octoS0SubroiZ15683136Y78409408X1097612544Difficultsoma_pred_affs/3991 with read ROI [6416:7984, 6992:8560, 656:2224] (1568, 1568, 1568) and write ROI [6912:7488, 7488:8064, 1152:1728] (576, 576, 576)
Recording block-done for octoS0SubroiZ15683136Y78409408X1097612544Difficultsoma_pred_affs/5819 with read ROI [6416:7984, 7568:9136, 2384:3952] (1568, 1568, 1568) and write ROI [6912:7488, 8064:8640, 2880:3456] (576, 576, 576)
Recorded block-done for octoS0SubroiZ15683136Y78409408X1097612544Difficultsoma_pred_affs/5819 with read ROI [6416:7984, 7568:9136, 2384:3952] (1568, 1568, 1568) and write ROI [6912:7488, 8064:8640, 2880:3456] (576, 576, 576)
Recording block-done for octoS0SubroiZ15683136Y78409408X1097612544Difficultsoma_pred_affs/8773 with read ROI [6416:7984, 6992:8560, 5840:7408] (1568, 1568, 1568) and write ROI [6912:7488, 7488:8064, 6336:6912] (576, 576, 576)
Recorded block-done for octoS0SubroiZ15683136Y78409408X1097612544Difficultsoma_pred_affs/8773 with read ROI [6416:7984, 6992:8560, 5840:7408] (1568, 1568, 1568) and write ROI [6912:7488, 7488:8064, 6336:6912] (576, 576, 576)
Recording block-done for octoS0SubroiZ15683136Y78409408X1097612544Difficultsoma_pred_affs/8133 with read ROI [6416:7984, 7568:9136, 4688:6256] (1568, 1568, 1568) and write ROI [6912:7488, 8064:8640, 5184:5760] (576, 576, 576)
Recorded block-done for octoS0SubroiZ15683136Y78409408X1097612544Difficultsoma_pred_affs/8133 with read ROI [6416:7984, 7568:9136, 4688:6256] (1568, 1568, 1568) and write ROI [6912:7488, 8064:8640, 5184:5760] (576, 576, 576)
Recording block-done for octoS0SubroiZ15683136Y78409408X1097612544Difficultsoma_pred_affs/6908 with read ROI [6416:7984, 7568:9136, 3536:5104] (1568, 1568, 1568) and write ROI [6912:7488, 8064:8640, 4032:4608] (576, 576, 576)
Recorded block-done for octoS0SubroiZ15683136Y78409408X1097612544Difficultsoma_pred_affs/6908 with read ROI [6416:7984, 7568:9136, 3536:5104] (1568, 1568, 1568) and write ROI [6912:7488, 8064:8640, 4032:4608] (576, 576, 576)
Recording block-done for octoS0SubroiZ15683136Y78409408X1097612544Difficultsoma_pred_affs/5793 with read ROI [6416:7984, 6992:8560, 2960:4528] (1568, 1568, 1568) and write ROI [6912:7488, 7488:8064, 3456:4032] (576, 576, 576)
Recorded block-done for octoS0SubroiZ15683136Y78409408X1097612544Difficultsoma_pred_affs/5793 with read ROI [6416:7984, 6992:8560, 2960:4528] (1568, 1568, 1568) and write ROI [6912:7488, 7488:8064, 3456:4032] (576, 576, 576)
Recording block-done for octoS0SubroiZ15683136Y78409408X1097612544Difficultsoma_pred_affs/13607 with read ROI [6416:7984, 7568:9136, 8720:10288] (1568, 1568, 1568) and write ROI [6912:7488, 8064:8640, 9216:9792] (576, 576, 576)
Recorded block-done for octoS0SubroiZ15683136Y78409408X1097612544Difficultsoma_pred_affs/13607 with read ROI [6416:7984, 7568:9136, 8720:10288] (1568, 1568, 1568) and write ROI [6912:7488, 8064:8640, 9216:9792] (576, 576, 576)
Recording block-done for octoS0SubroiZ15683136Y78409408X1097612544Difficultsoma_pred_affs/14580 with read ROI [6416:7984, 8144:9712, 8720:10288] (1568, 1568, 1568) and write ROI [6912:7488, 8640:9216, 9216:9792] (576, 576, 576)
Recorded block-done for octoS0SubroiZ15683136Y78409408X1097612544Difficultsoma_pred_affs/14580 with read ROI [6416:7984, 8144:9712, 8720:10288] (1568, 1568, 1568) and write ROI [6912:7488, 8640:9216, 9216:9792] (576, 576, 576)
Recording block-done for octoS0SubroiZ15683136Y78409408X1097612544Difficultsoma_pred_affs/4450 with read ROI [6416:7984, 8144:9712, 80:1648] (1568, 1568, 1568) and write ROI [6912:7488, 8640:9216, 576:1152] (576, 576, 576)
Recorded block-done for octoS0SubroiZ15683136Y78409408X1097612544Difficultsoma_pred_affs/4450 with read ROI [6416:7984, 8144:9712, 80:1648] (1568, 1568, 1568) and write ROI [6912:7488, 8640:9216, 576:1152] (576, 576, 576)
Recording block-done for octoS0SubroiZ15683136Y78409408X1097612544Difficultsoma_pred_affs/7530 with read ROI [6416:7984, 8144:9712, 3536:5104] (1568, 1568, 1568) and write ROI [6912:7488, 8640:9216, 4032:4608] (576, 576, 576)
Recorded block-done for octoS0SubroiZ15683136Y78409408X1097612544Difficultsoma_pred_affs/7530 with read ROI [6416:7984, 8144:9712, 3536:5104] (1568, 1568, 1568) and write ROI [6912:7488, 8640:9216, 4032:4608] (576, 576, 576)
Recording block-done for octoS0SubroiZ15683136Y78409408X1097612544Difficultsoma_pred_affs/13634 with read ROI [6416:7984, 8144:9712, 8144:9712] (1568, 1568, 1568) and write ROI [6912:7488, 8640:9216, 8640:9216] (576, 576, 576)
Recorded block-done for octoS0SubroiZ15683136Y78409408X1097612544Difficultsoma_pred_affs/13634 with read ROI [6416:7984, 8144:9712, 8144:9712] (1568, 1568, 1568) and write ROI [6912:7488, 8640:9216, 8640:9216] (576, 576, 576)
Recording block-done for octoS0SubroiZ15683136Y78409408X1097612544Difficultsoma_pred_affs/11078 with read ROI [6416:7984, 8720:10288, 5840:7408] (1568, 1568, 1568) and write ROI [6912:7488, 9216:9792, 6336:6912] (576, 576, 576)
Recorded block-done for octoS0SubroiZ15683136Y78409408X1097612544Difficultsoma_pred_affs/11078 with read ROI [6416:7984, 8720:10288, 5840:7408] (1568, 1568, 1568) and write ROI [6912:7488, 9216:9792, 6336:6912] (576, 576, 576)
Recording block-done for octoS0SubroiZ15683136Y78409408X1097612544Difficultsoma_pred_affs/11898 with read ROI [6416:7984, 8720:10288, 6416:7984] (1568, 1568, 1568) and write ROI [6912:7488, 9216:9792, 6912:7488] (576, 576, 576)
Recorded block-done for octoS0SubroiZ15683136Y78409408X1097612544Difficultsoma_pred_affs/11898 with read ROI [6416:7984, 8720:10288, 6416:7984] (1568, 1568, 1568) and write ROI [6912:7488, 9216:9792, 6912:7488] (576, 576, 576)
Recording block-done for octoS0SubroiZ15683136Y78409408X1097612544Difficultsoma_pred_affs/8188 with read ROI [6416:7984, 8720:10288, 3536:5104] (1568, 1568, 1568) and write ROI [6912:7488, 9216:9792, 4032:4608] (576, 576, 576)
Recorded block-done for octoS0SubroiZ15683136Y78409408X1097612544Difficultsoma_pred_affs/8188 with read ROI [6416:7984, 8720:10288, 3536:5104] (1568, 1568, 1568) and write ROI [6912:7488, 9216:9792, 4032:4608] (576, 576, 576)
Recording block-done for octoS0SubroiZ15683136Y78409408X1097612544Difficultsoma_pred_affs/16633 with read ROI [6416:7984, 8720:10288, 9296:10864] (1568, 1568, 1568) and write ROI [6912:7488, 9216:9792, 9792:10368] (576, 576, 576)
Recorded block-done for octoS0SubroiZ15683136Y78409408X1097612544Difficultsoma_pred_affs/16633 with read ROI [6416:7984, 8720:10288, 9296:10864] (1568, 1568, 1568) and write ROI [6912:7488, 9216:9792, 9792:10368] (576, 576, 576)
Recording block-done for octoS0SubroiZ15683136Y78409408X1097612544Difficultsoma_pred_affs/5407 with read ROI [6416:7984, 9296:10864, 80:1648] (1568, 1568, 1568) and write ROI [6912:7488, 9792:10368, 576:1152] (576, 576, 576)
Recorded block-done for octoS0SubroiZ15683136Y78409408X1097612544Difficultsoma_pred_affs/5407 with read ROI [6416:7984, 9296:10864, 80:1648] (1568, 1568, 1568) and write ROI [6912:7488, 9792:10368, 576:1152] (576, 576, 576)
Recording block-done for octoS0SubroiZ15683136Y78409408X1097612544Difficultsoma_pred_affs/18871 with read ROI [6416:7984, 9296:10864, 9872:11440] (1568, 1568, 1568) and write ROI [6912:7488, 9792:10368, 10368:10944] (576, 576, 576)
Recorded block-done for octoS0SubroiZ15683136Y78409408X1097612544Difficultsoma_pred_affs/18871 with read ROI [6416:7984, 9296:10864, 9872:11440] (1568, 1568, 1568) and write ROI [6912:7488, 9792:10368, 10368:10944] (576, 576, 576)
Recording block-done for octoS0SubroiZ15683136Y78409408X1097612544Difficultsoma_pred_affs/15627 with read ROI [6416:7984, 9296:10864, 8144:9712] (1568, 1568, 1568) and write ROI [6912:7488, 9792:10368, 8640:9216] (576, 576, 576)
Recorded block-done for octoS0SubroiZ15683136Y78409408X1097612544Difficultsoma_pred_affs/15627 with read ROI [6416:7984, 9296:10864, 8144:9712] (1568, 1568, 1568) and write ROI [6912:7488, 9792:10368, 8640:9216] (576, 576, 576)
Recording block-done for octoS0SubroiZ15683136Y78409408X1097612544Difficultsoma_pred_affs/6461 with read ROI [6416:7984, 9872:11440, 656:2224] (1568, 1568, 1568) and write ROI [6912:7488, 10368:10944, 1152:1728] (576, 576, 576)
Recorded block-done for octoS0SubroiZ15683136Y78409408X1097612544Difficultsoma_pred_affs/6461 with read ROI [6416:7984, 9872:11440, 656:2224] (1568, 1568, 1568) and write ROI [6912:7488, 10368:10944, 1152:1728] (576, 576, 576)
Recording block-done for octoS0SubroiZ15683136Y78409408X1097612544Difficultsoma_pred_affs/5933 with read ROI [6416:7984, 9872:11440, 80:1648] (1568, 1568, 1568) and write ROI [6912:7488, 10368:10944, 576:1152] (576, 576, 576)
Recorded block-done for octoS0SubroiZ15683136Y78409408X1097612544Difficultsoma_pred_affs/5933 with read ROI [6416:7984, 9872:11440, 80:1648] (1568, 1568, 1568) and write ROI [6912:7488, 10368:10944, 576:1152] (576, 576, 576)
Recording block-done for octoS0SubroiZ15683136Y78409408X1097612544Difficultsoma_pred_affs/11137 with read ROI [6416:7984, 9872:11440, 4688:6256] (1568, 1568, 1568) and write ROI [6912:7488, 10368:10944, 5184:5760] (576, 576, 576)
Recorded block-done for octoS0SubroiZ15683136Y78409408X1097612544Difficultsoma_pred_affs/11137 with read ROI [6416:7984, 9872:11440, 4688:6256] (1568, 1568, 1568) and write ROI [6912:7488, 10368:10944, 5184:5760] (576, 576, 576)
Recording block-done for octoS0SubroiZ15683136Y78409408X1097612544Difficultsoma_pred_affs/11168 with read ROI [6416:7984, 10448:12016, 4112:5680] (1568, 1568, 1568) and write ROI [6912:7488, 10944:11520, 4608:5184] (576, 576, 576)
Recorded block-done for octoS0SubroiZ15683136Y78409408X1097612544Difficultsoma_pred_affs/11168 with read ROI [6416:7984, 10448:12016, 4112:5680] (1568, 1568, 1568) and write ROI [6912:7488, 10944:11520, 4608:5184] (576, 576, 576)
Recording block-done for octoS0SubroiZ15683136Y78409408X1097612544Difficultsoma_pred_affs/8944 with read ROI [6416:7984, 10448:12016, 2384:3952] (1568, 1568, 1568) and write ROI [6912:7488, 10944:11520, 2880:3456] (576, 576, 576)
Recorded block-done for octoS0SubroiZ15683136Y78409408X1097612544Difficultsoma_pred_affs/8944 with read ROI [6416:7984, 10448:12016, 2384:3952] (1568, 1568, 1568) and write ROI [6912:7488, 10944:11520, 2880:3456] (576, 576, 576)
Recording block-done for octoS0SubroiZ15683136Y78409408X1097612544Difficultsoma_pred_affs/14698 with read ROI [6416:7984, 10448:12016, 6416:7984] (1568, 1568, 1568) and write ROI [6912:7488, 10944:11520, 6912:7488] (576, 576, 576)
Recording block-done for octoS0SubroiZ15683136Y78409408X1097612544Difficultsoma_pred_affs/13752 with read ROI [6416:7984, 10448:12016, 5840:7408] (1568, 1568, 1568) and write ROI [6912:7488, 10944:11520, 6336:6912] (576, 576, 576)
Recorded block-done for octoS0SubroiZ15683136Y78409408X1097612544Difficultsoma_pred_affs/14698 with read ROI [6416:7984, 10448:12016, 6416:7984] (1568, 1568, 1568) and write ROI [6912:7488, 10944:11520, 6912:7488] (576, 576, 576)
Recorded block-done for octoS0SubroiZ15683136Y78409408X1097612544Difficultsoma_pred_affs/13752 with read ROI [6416:7984, 10448:12016, 5840:7408] (1568, 1568, 1568) and write ROI [6912:7488, 10944:11520, 6336:6912] (576, 576, 576)
Recording block-done for octoS0SubroiZ15683136Y78409408X1097612544Difficultsoma_pred_affs/21333 with read ROI [6416:7984, 10448:12016, 9872:11440] (1568, 1568, 1568) and write ROI [6912:7488, 10944:11520, 10368:10944] (576, 576, 576)
Recorded block-done for octoS0SubroiZ15683136Y78409408X1097612544Difficultsoma_pred_affs/21333 with read ROI [6416:7984, 10448:12016, 9872:11440] (1568, 1568, 1568) and write ROI [6912:7488, 10944:11520, 10368:10944] (576, 576, 576)
Recording block-done for octoS0SubroiZ15683136Y78409408X1097612544Difficultsoma_pred_affs/1258 with read ROI [6992:8560, 80:1648, 1808:3376] (1568, 1568, 1568) and write ROI [7488:8064, 576:1152, 2304:2880] (576, 576, 576)
Recorded block-done for octoS0SubroiZ15683136Y78409408X1097612544Difficultsoma_pred_affs/1258 with read ROI [6992:8560, 80:1648, 1808:3376] (1568, 1568, 1568) and write ROI [7488:8064, 576:1152, 2304:2880] (576, 576, 576)
Recording block-done for octoS0SubroiZ15683136Y78409408X1097612544Difficultsoma_pred_affs/5574 with read ROI [6992:8560, 80:1648, 9296:10864] (1568, 1568, 1568) and write ROI [7488:8064, 576:1152, 9792:10368] (576, 576, 576)
Recorded block-done for octoS0SubroiZ15683136Y78409408X1097612544Difficultsoma_pred_affs/5574 with read ROI [6992:8560, 80:1648, 9296:10864] (1568, 1568, 1568) and write ROI [7488:8064, 576:1152, 9792:10368] (576, 576, 576)
Recording block-done for octoS0SubroiZ15683136Y78409408X1097612544Difficultsoma_pred_affs/6102 with read ROI [6992:8560, 80:1648, 9872:11440] (1568, 1568, 1568) and write ROI [7488:8064, 576:1152, 10368:10944] (576, 576, 576)
Recorded block-done for octoS0SubroiZ15683136Y78409408X1097612544Difficultsoma_pred_affs/6102 with read ROI [6992:8560, 80:1648, 9872:11440] (1568, 1568, 1568) and write ROI [7488:8064, 576:1152, 10368:10944] (576, 576, 576)
Recording block-done for octoS0SubroiZ15683136Y78409408X1097612544Difficultsoma_pred_affs/2433 with read ROI [6992:8560, 656:2224, 4112:5680] (1568, 1568, 1568) and write ROI [7488:8064, 1152:1728, 4608:5184] (576, 576, 576)
Recorded block-done for octoS0SubroiZ15683136Y78409408X1097612544Difficultsoma_pred_affs/2433 with read ROI [6992:8560, 656:2224, 4112:5680] (1568, 1568, 1568) and write ROI [7488:8064, 1152:1728, 4608:5184] (576, 576, 576)
Recording block-done for octoS0SubroiZ15683136Y78409408X1097612544Difficultsoma_pred_affs/2157 with read ROI [6992:8560, 656:2224, 3536:5104] (1568, 1568, 1568) and write ROI [7488:8064, 1152:1728, 4032:4608] (576, 576, 576)
Recorded block-done for octoS0SubroiZ15683136Y78409408X1097612544Difficultsoma_pred_affs/2157 with read ROI [6992:8560, 656:2224, 3536:5104] (1568, 1568, 1568) and write ROI [7488:8064, 1152:1728, 4032:4608] (576, 576, 576)
Recording block-done for octoS0SubroiZ15683136Y78409408X1097612544Difficultsoma_pred_affs/3409 with read ROI [6992:8560, 656:2224, 5840:7408] (1568, 1568, 1568) and write ROI [7488:8064, 1152:1728, 6336:6912] (576, 576, 576)
Recorded block-done for octoS0SubroiZ15683136Y78409408X1097612544Difficultsoma_pred_affs/3409 with read ROI [6992:8560, 656:2224, 5840:7408] (1568, 1568, 1568) and write ROI [7488:8064, 1152:1728, 6336:6912] (576, 576, 576)
Recording block-done for octoS0SubroiZ15683136Y78409408X1097612544Difficultsoma_pred_affs/2449 with read ROI [6992:8560, 1232:2800, 3536:5104] (1568, 1568, 1568) and write ROI [7488:8064, 1728:2304, 4032:4608] (576, 576, 576)
Recorded block-done for octoS0SubroiZ15683136Y78409408X1097612544Difficultsoma_pred_affs/2449 with read ROI [6992:8560, 1232:2800, 3536:5104] (1568, 1568, 1568) and write ROI [7488:8064, 1728:2304, 4032:4608] (576, 576, 576)
Recording block-done for octoS0SubroiZ15683136Y78409408X1097612544Difficultsoma_pred_affs/5109 with read ROI [6992:8560, 1232:2800, 7568:9136] (1568, 1568, 1568) and write ROI [7488:8064, 1728:2304, 8064:8640] (576, 576, 576)
Recorded block-done for octoS0SubroiZ15683136Y78409408X1097612544Difficultsoma_pred_affs/5109 with read ROI [6992:8560, 1232:2800, 7568:9136] (1568, 1568, 1568) and write ROI [7488:8064, 1728:2304, 8064:8640] (576, 576, 576)
Recording block-done for octoS0SubroiZ15683136Y78409408X1097612544Difficultsoma_pred_affs/7289 with read ROI [6992:8560, 1232:2800, 9872:11440] (1568, 1568, 1568) and write ROI [7488:8064, 1728:2304, 10368:10944] (576, 576, 576)
Recorded block-done for octoS0SubroiZ15683136Y78409408X1097612544Difficultsoma_pred_affs/7289 with read ROI [6992:8560, 1232:2800, 9872:11440] (1568, 1568, 1568) and write ROI [7488:8064, 1728:2304, 10368:10944] (576, 576, 576)
Recording block-done for octoS0SubroiZ15683136Y78409408X1097612544Difficultsoma_pred_affs/7919 with read ROI [6992:8560, 1232:2800, 10448:12016] (1568, 1568, 1568) and write ROI [7488:8064, 1728:2304, 10944:11520] (576, 576, 576)
Recorded block-done for octoS0SubroiZ15683136Y78409408X1097612544Difficultsoma_pred_affs/7919 with read ROI [6992:8560, 1232:2800, 10448:12016] (1568, 1568, 1568) and write ROI [7488:8064, 1728:2304, 10944:11520] (576, 576, 576)
Recording block-done for octoS0SubroiZ15683136Y78409408X1097612544Difficultsoma_pred_affs/1937 with read ROI [6992:8560, 1808:3376, 1808:3376] (1568, 1568, 1568) and write ROI [7488:8064, 2304:2880, 2304:2880] (576, 576, 576)
Recorded block-done for octoS0SubroiZ15683136Y78409408X1097612544Difficultsoma_pred_affs/1937 with read ROI [6992:8560, 1808:3376, 1808:3376] (1568, 1568, 1568) and write ROI [7488:8064, 2304:2880, 2304:2880] (576, 576, 576)
Recording block-done for octoS0SubroiZ15683136Y78409408X1097612544Difficultsoma_pred_affs/7306 with read ROI [6992:8560, 1808:3376, 9296:10864] (1568, 1568, 1568) and write ROI [7488:8064, 2304:2880, 9792:10368] (576, 576, 576)
Recorded block-done for octoS0SubroiZ15683136Y78409408X1097612544Difficultsoma_pred_affs/7306 with read ROI [6992:8560, 1808:3376, 9296:10864] (1568, 1568, 1568) and write ROI [7488:8064, 2304:2880, 9792:10368] (576, 576, 576)
Recording block-done for octoS0SubroiZ15683136Y78409408X1097612544Difficultsoma_pred_affs/6150 with read ROI [6992:8560, 1808:3376, 8144:9712] (1568, 1568, 1568) and write ROI [7488:8064, 2304:2880, 8640:9216] (576, 576, 576)
Recorded block-done for octoS0SubroiZ15683136Y78409408X1097612544Difficultsoma_pred_affs/6150 with read ROI [6992:8560, 1808:3376, 8144:9712] (1568, 1568, 1568) and write ROI [7488:8064, 2304:2880, 8640:9216] (576, 576, 576)
Recording block-done for octoS0SubroiZ15683136Y78409408X1097612544Difficultsoma_pred_affs/1955 with read ROI [6992:8560, 2384:3952, 1232:2800] (1568, 1568, 1568) and write ROI [7488:8064, 2880:3456, 1728:2304] (576, 576, 576)
Recorded block-done for octoS0SubroiZ15683136Y78409408X1097612544Difficultsoma_pred_affs/1955 with read ROI [6992:8560, 2384:3952, 1232:2800] (1568, 1568, 1568) and write ROI [7488:8064, 2880:3456, 1728:2304] (576, 576, 576)
Recording block-done for octoS0SubroiZ15683136Y78409408X1097612544Difficultsoma_pred_affs/1724 with read ROI [6992:8560, 2384:3952, 656:2224] (1568, 1568, 1568) and write ROI [7488:8064, 2880:3456, 1152:1728] (576, 576, 576)
Recorded block-done for octoS0SubroiZ15683136Y78409408X1097612544Difficultsoma_pred_affs/1724 with read ROI [6992:8560, 2384:3952, 656:2224] (1568, 1568, 1568) and write ROI [7488:8064, 2880:3456, 1152:1728] (576, 576, 576)
Recording block-done for octoS0SubroiZ15683136Y78409408X1097612544Difficultsoma_pred_affs/4244 with read ROI [6992:8560, 2384:3952, 5264:6832] (1568, 1568, 1568) and write ROI [7488:8064, 2880:3456, 5760:6336] (576, 576, 576)
Recorded block-done for octoS0SubroiZ15683136Y78409408X1097612544Difficultsoma_pred_affs/4244 with read ROI [6992:8560, 2384:3952, 5264:6832] (1568, 1568, 1568) and write ROI [7488:8064, 2880:3456, 5760:6336] (576, 576, 576)
Recording block-done for octoS0SubroiZ15683136Y78409408X1097612544Difficultsoma_pred_affs/3857 with read ROI [6992:8560, 2960:4528, 4112:5680] (1568, 1568, 1568) and write ROI [7488:8064, 3456:4032, 4608:5184] (576, 576, 576)
Recorded block-done for octoS0SubroiZ15683136Y78409408X1097612544Difficultsoma_pred_affs/3857 with read ROI [6992:8560, 2960:4528, 4112:5680] (1568, 1568, 1568) and write ROI [7488:8064, 3456:4032, 4608:5184] (576, 576, 576)
Recording block-done for octoS0SubroiZ15683136Y78409408X1097612544Difficultsoma_pred_affs/1743 with read ROI [6992:8560, 2960:4528, 80:1648] (1568, 1568, 1568) and write ROI [7488:8064, 3456:4032, 576:1152] (576, 576, 576)
Recorded block-done for octoS0SubroiZ15683136Y78409408X1097612544Difficultsoma_pred_affs/1743 with read ROI [6992:8560, 2960:4528, 80:1648] (1568, 1568, 1568) and write ROI [7488:8064, 3456:4032, 576:1152] (576, 576, 576)
Recording block-done for octoS0SubroiZ15683136Y78409408X1097612544Difficultsoma_pred_affs/4698 with read ROI [6992:8560, 2960:4528, 5264:6832] (1568, 1568, 1568) and write ROI [7488:8064, 3456:4032, 5760:6336] (576, 576, 576)
Recorded block-done for octoS0SubroiZ15683136Y78409408X1097612544Difficultsoma_pred_affs/4698 with read ROI [6992:8560, 2960:4528, 5264:6832] (1568, 1568, 1568) and write ROI [7488:8064, 3456:4032, 5760:6336] (576, 576, 576)
Recording block-done for octoS0SubroiZ15683136Y78409408X1097612544Difficultsoma_pred_affs/5659 with read ROI [6992:8560, 2960:4528, 6416:7984] (1568, 1568, 1568) and write ROI [7488:8064, 3456:4032, 6912:7488] (576, 576, 576)
Recorded block-done for octoS0SubroiZ15683136Y78409408X1097612544Difficultsoma_pred_affs/5659 with read ROI [6992:8560, 2960:4528, 6416:7984] (1568, 1568, 1568) and write ROI [7488:8064, 3456:4032, 6912:7488] (576, 576, 576)
Recording block-done for octoS0SubroiZ15683136Y78409408X1097612544Difficultsoma_pred_affs/4283 with read ROI [6992:8560, 3536:5104, 4112:5680] (1568, 1568, 1568) and write ROI [7488:8064, 4032:4608, 4608:5184] (576, 576, 576)
Recorded block-done for octoS0SubroiZ15683136Y78409408X1097612544Difficultsoma_pred_affs/4283 with read ROI [6992:8560, 3536:5104, 4112:5680] (1568, 1568, 1568) and write ROI [7488:8064, 4032:4608, 4608:5184] (576, 576, 576)
Recording block-done for octoS0SubroiZ15683136Y78409408X1097612544Difficultsoma_pred_affs/5183 with read ROI [6992:8560, 3536:5104, 5264:6832] (1568, 1568, 1568) and write ROI [7488:8064, 4032:4608, 5760:6336] (576, 576, 576)
Recorded block-done for octoS0SubroiZ15683136Y78409408X1097612544Difficultsoma_pred_affs/5183 with read ROI [6992:8560, 3536:5104, 5264:6832] (1568, 1568, 1568) and write ROI [7488:8064, 4032:4608, 5760:6336] (576, 576, 576)
Recording block-done for octoS0SubroiZ15683136Y78409408X1097612544Difficultsoma_pred_affs/9383 with read ROI [6992:8560, 4112:5680, 8720:10288] (1568, 1568, 1568) and write ROI [7488:8064, 4608:5184, 9216:9792] (576, 576, 576)
Recorded block-done for octoS0SubroiZ15683136Y78409408X1097612544Difficultsoma_pred_affs/9383 with read ROI [6992:8560, 4112:5680, 8720:10288] (1568, 1568, 1568) and write ROI [7488:8064, 4608:5184, 9216:9792] (576, 576, 576)
Recording block-done for octoS0SubroiZ15683136Y78409408X1097612544Difficultsoma_pred_affs/11724 with read ROI [6992:8560, 4112:5680, 10448:12016] (1568, 1568, 1568) and write ROI [7488:8064, 4608:5184, 10944:11520] (576, 576, 576)
Recorded block-done for octoS0SubroiZ15683136Y78409408X1097612544Difficultsoma_pred_affs/11724 with read ROI [6992:8560, 4112:5680, 10448:12016] (1568, 1568, 1568) and write ROI [7488:8064, 4608:5184, 10944:11520] (576, 576, 576)
Recording block-done for octoS0SubroiZ15683136Y78409408X1097612544Difficultsoma_pred_affs/8680 with read ROI [6992:8560, 4112:5680, 8144:9712] (1568, 1568, 1568) and write ROI [7488:8064, 4608:5184, 8640:9216] (576, 576, 576)
Recorded block-done for octoS0SubroiZ15683136Y78409408X1097612544Difficultsoma_pred_affs/8680 with read ROI [6992:8560, 4112:5680, 8144:9712] (1568, 1568, 1568) and write ROI [7488:8064, 4608:5184, 8640:9216] (576, 576, 576)
Recording block-done for octoS0SubroiZ15683136Y78409408X1097612544Difficultsoma_pred_affs/3920 with read ROI [6992:8560, 4688:6256, 2384:3952] (1568, 1568, 1568) and write ROI [7488:8064, 5184:5760, 2880:3456] (576, 576, 576)
Recorded block-done for octoS0SubroiZ15683136Y78409408X1097612544Difficultsoma_pred_affs/3920 with read ROI [6992:8560, 4688:6256, 2384:3952] (1568, 1568, 1568) and write ROI [7488:8064, 5184:5760, 2880:3456] (576, 576, 576)
Recording block-done for octoS0SubroiZ15683136Y78409408X1097612544Difficultsoma_pred_affs/7993 with read ROI [6992:8560, 3536:5104, 8144:9712] (1568, 1568, 1568) and write ROI [7488:8064, 4032:4608, 8640:9216] (576, 576, 576)
Recorded block-done for octoS0SubroiZ15683136Y78409408X1097612544Difficultsoma_pred_affs/7993 with read ROI [6992:8560, 3536:5104, 8144:9712] (1568, 1568, 1568) and write ROI [7488:8064, 4032:4608, 8640:9216] (576, 576, 576)
Recording block-done for octoS0SubroiZ15683136Y78409408X1097612544Difficultsoma_pred_affs/12607 with read ROI [6992:8560, 4688:6256, 10448:12016] (1568, 1568, 1568) and write ROI [7488:8064, 5184:5760, 10944:11520] (576, 576, 576)
Recorded block-done for octoS0SubroiZ15683136Y78409408X1097612544Difficultsoma_pred_affs/12607 with read ROI [6992:8560, 4688:6256, 10448:12016] (1568, 1568, 1568) and write ROI [7488:8064, 5184:5760, 10944:11520] (576, 576, 576)
Recording block-done for octoS0SubroiZ15683136Y78409408X1097612544Difficultsoma_pred_affs/3214 with read ROI [6992:8560, 5264:6832, 656:2224] (1568, 1568, 1568) and write ROI [7488:8064, 5760:6336, 1152:1728] (576, 576, 576)
Recorded block-done for octoS0SubroiZ15683136Y78409408X1097612544Difficultsoma_pred_affs/3214 with read ROI [6992:8560, 5264:6832, 656:2224] (1568, 1568, 1568) and write ROI [7488:8064, 5760:6336, 1152:1728] (576, 576, 576)
Recording block-done for octoS0SubroiZ15683136Y78409408X1097612544Difficultsoma_pred_affs/4349 with read ROI [6992:8560, 5264:6832, 2384:3952] (1568, 1568, 1568) and write ROI [7488:8064, 5760:6336, 2880:3456] (576, 576, 576)
Recorded block-done for octoS0SubroiZ15683136Y78409408X1097612544Difficultsoma_pred_affs/4349 with read ROI [6992:8560, 5264:6832, 2384:3952] (1568, 1568, 1568) and write ROI [7488:8064, 5760:6336, 2880:3456] (576, 576, 576)
Recording block-done for octoS0SubroiZ15683136Y78409408X1097612544Difficultsoma_pred_affs/8059 with read ROI [6992:8560, 5264:6832, 6416:7984] (1568, 1568, 1568) and write ROI [7488:8064, 5760:6336, 6912:7488] (576, 576, 576)
Recorded block-done for octoS0SubroiZ15683136Y78409408X1097612544Difficultsoma_pred_affs/8059 with read ROI [6992:8560, 5264:6832, 6416:7984] (1568, 1568, 1568) and write ROI [7488:8064, 5760:6336, 6912:7488] (576, 576, 576)
Recording block-done for octoS0SubroiZ15683136Y78409408X1097612544Difficultsoma_pred_affs/9405 with read ROI [6992:8560, 4688:6256, 8144:9712] (1568, 1568, 1568) and write ROI [7488:8064, 5184:5760, 8640:9216] (576, 576, 576)
Recorded block-done for octoS0SubroiZ15683136Y78409408X1097612544Difficultsoma_pred_affs/9405 with read ROI [6992:8560, 4688:6256, 8144:9712] (1568, 1568, 1568) and write ROI [7488:8064, 5184:5760, 8640:9216] (576, 576, 576)
Recording block-done for octoS0SubroiZ15683136Y78409408X1097612544Difficultsoma_pred_affs/7453 with read ROI [6992:8560, 5840:7408, 5264:6832] (1568, 1568, 1568) and write ROI [7488:8064, 6336:6912, 5760:6336] (576, 576, 576)
Recorded block-done for octoS0SubroiZ15683136Y78409408X1097612544Difficultsoma_pred_affs/7453 with read ROI [6992:8560, 5840:7408, 5264:6832] (1568, 1568, 1568) and write ROI [7488:8064, 6336:6912, 5760:6336] (576, 576, 576)
Recording block-done for octoS0SubroiZ15683136Y78409408X1097612544Difficultsoma_pred_affs/14503 with read ROI [6992:8560, 5840:7408, 10448:12016] (1568, 1568, 1568) and write ROI [7488:8064, 6336:6912, 10944:11520] (576, 576, 576)
Recorded block-done for octoS0SubroiZ15683136Y78409408X1097612544Difficultsoma_pred_affs/14503 with read ROI [6992:8560, 5840:7408, 10448:12016] (1568, 1568, 1568) and write ROI [7488:8064, 6336:6912, 10944:11520] (576, 576, 576)
Recording block-done for octoS0SubroiZ15683136Y78409408X1097612544Difficultsoma_pred_affs/10193 with read ROI [6992:8560, 5840:7408, 7568:9136] (1568, 1568, 1568) and write ROI [7488:8064, 6336:6912, 8064:8640] (576, 576, 576)
Recorded block-done for octoS0SubroiZ15683136Y78409408X1097612544Difficultsoma_pred_affs/10193 with read ROI [6992:8560, 5840:7408, 7568:9136] (1568, 1568, 1568) and write ROI [7488:8064, 6336:6912, 8064:8640] (576, 576, 576)
Recording block-done for octoS0SubroiZ15683136Y78409408X1097612544Difficultsoma_pred_affs/12679 with read ROI [6992:8560, 6416:7984, 8720:10288] (1568, 1568, 1568) and write ROI [7488:8064, 6912:7488, 9216:9792] (576, 576, 576)
Recorded block-done for octoS0SubroiZ15683136Y78409408X1097612544Difficultsoma_pred_affs/12679 with read ROI [6992:8560, 6416:7984, 8720:10288] (1568, 1568, 1568) and write ROI [7488:8064, 6912:7488, 9216:9792] (576, 576, 576)
Recording block-done for octoS0SubroiZ15683136Y78409408X1097612544Difficultsoma_pred_affs/6322 with read ROI [6992:8560, 6416:7984, 3536:5104] (1568, 1568, 1568) and write ROI [7488:8064, 6912:7488, 4032:4608] (576, 576, 576)
Recorded block-done for octoS0SubroiZ15683136Y78409408X1097612544Difficultsoma_pred_affs/6322 with read ROI [6992:8560, 6416:7984, 3536:5104] (1568, 1568, 1568) and write ROI [7488:8064, 6912:7488, 4032:4608] (576, 576, 576)
Recording block-done for octoS0SubroiZ15683136Y78409408X1097612544Difficultsoma_pred_affs/10218 with read ROI [6992:8560, 6416:7984, 6992:8560] (1568, 1568, 1568) and write ROI [7488:8064, 6912:7488, 7488:8064] (576, 576, 576)
Recorded block-done for octoS0SubroiZ15683136Y78409408X1097612544Difficultsoma_pred_affs/10218 with read ROI [6992:8560, 6416:7984, 6992:8560] (1568, 1568, 1568) and write ROI [7488:8064, 6912:7488, 7488:8064] (576, 576, 576)
Recording block-done for octoS0SubroiZ15683136Y78409408X1097612544Difficultsoma_pred_affs/4018 with read ROI [6992:8560, 6992:8560, 80:1648] (1568, 1568, 1568) and write ROI [7488:8064, 7488:8064, 576:1152] (576, 576, 576)
Recorded block-done for octoS0SubroiZ15683136Y78409408X1097612544Difficultsoma_pred_affs/4018 with read ROI [6992:8560, 6992:8560, 80:1648] (1568, 1568, 1568) and write ROI [7488:8064, 7488:8064, 576:1152] (576, 576, 576)
Recording block-done for octoS0SubroiZ15683136Y78409408X1097612544Difficultsoma_pred_affs/14554 with read ROI [6992:8560, 6992:8560, 9296:10864] (1568, 1568, 1568) and write ROI [7488:8064, 7488:8064, 9792:10368] (576, 576, 576)
Recorded block-done for octoS0SubroiZ15683136Y78409408X1097612544Difficultsoma_pred_affs/14554 with read ROI [6992:8560, 6992:8560, 9296:10864] (1568, 1568, 1568) and write ROI [7488:8064, 7488:8064, 9792:10368] (576, 576, 576)
Recording block-done for octoS0SubroiZ15683136Y78409408X1097612544Difficultsoma_pred_affs/5847 with read ROI [6992:8560, 7568:9136, 1808:3376] (1568, 1568, 1568) and write ROI [7488:8064, 8064:8640, 2304:2880] (576, 576, 576)
Recorded block-done for octoS0SubroiZ15683136Y78409408X1097612544Difficultsoma_pred_affs/5847 with read ROI [6992:8560, 7568:9136, 1808:3376] (1568, 1568, 1568) and write ROI [7488:8064, 8064:8640, 2304:2880] (576, 576, 576)
Recording block-done for octoS0SubroiZ15683136Y78409408X1097612544Difficultsoma_pred_affs/4451 with read ROI [6992:8560, 7568:9136, 80:1648] (1568, 1568, 1568) and write ROI [7488:8064, 8064:8640, 576:1152] (576, 576, 576)
Recorded block-done for octoS0SubroiZ15683136Y78409408X1097612544Difficultsoma_pred_affs/4451 with read ROI [6992:8560, 7568:9136, 80:1648] (1568, 1568, 1568) and write ROI [7488:8064, 8064:8640, 576:1152] (576, 576, 576)
Recording block-done for octoS0SubroiZ15683136Y78409408X1097612544Difficultsoma_pred_affs/11844 with read ROI [6992:8560, 6992:8560, 7568:9136] (1568, 1568, 1568) and write ROI [7488:8064, 7488:8064, 8064:8640] (576, 576, 576)
Recorded block-done for octoS0SubroiZ15683136Y78409408X1097612544Difficultsoma_pred_affs/11844 with read ROI [6992:8560, 6992:8560, 7568:9136] (1568, 1568, 1568) and write ROI [7488:8064, 7488:8064, 8064:8640] (576, 576, 576)
Recording block-done for octoS0SubroiZ15683136Y78409408X1097612544Difficultsoma_pred_affs/17687 with read ROI [6992:8560, 7568:9136, 10448:12016] (1568, 1568, 1568) and write ROI [7488:8064, 8064:8640, 10944:11520] (576, 576, 576)
Recorded block-done for octoS0SubroiZ15683136Y78409408X1097612544Difficultsoma_pred_affs/17687 with read ROI [6992:8560, 7568:9136, 10448:12016] (1568, 1568, 1568) and write ROI [7488:8064, 8064:8640, 10944:11520] (576, 576, 576)
Recording block-done for octoS0SubroiZ15683136Y78409408X1097612544Difficultsoma_pred_affs/14581 with read ROI [6992:8560, 7568:9136, 8720:10288] (1568, 1568, 1568) and write ROI [7488:8064, 8064:8640, 9216:9792] (576, 576, 576)
Recorded block-done for octoS0SubroiZ15683136Y78409408X1097612544Difficultsoma_pred_affs/14581 with read ROI [6992:8560, 7568:9136, 8720:10288] (1568, 1568, 1568) and write ROI [7488:8064, 8064:8640, 9216:9792] (576, 576, 576)
Recording block-done for octoS0SubroiZ15683136Y78409408X1097612544Difficultsoma_pred_affs/6964 with read ROI [6992:8560, 8144:9712, 2384:3952] (1568, 1568, 1568) and write ROI [7488:8064, 8640:9216, 2880:3456] (576, 576, 576)
Recorded block-done for octoS0SubroiZ15683136Y78409408X1097612544Difficultsoma_pred_affs/6964 with read ROI [6992:8560, 8144:9712, 2384:3952] (1568, 1568, 1568) and write ROI [7488:8064, 8640:9216, 2880:3456] (576, 576, 576)
Recording block-done for octoS0SubroiZ15683136Y78409408X1097612544Difficultsoma_pred_affs/5875 with read ROI [6992:8560, 8144:9712, 1232:2800] (1568, 1568, 1568) and write ROI [7488:8064, 8640:9216, 1728:2304] (576, 576, 576)
Recorded block-done for octoS0SubroiZ15683136Y78409408X1097612544Difficultsoma_pred_affs/5875 with read ROI [6992:8560, 8144:9712, 1232:2800] (1568, 1568, 1568) and write ROI [7488:8064, 8640:9216, 1728:2304] (576, 576, 576)
Recording block-done for octoS0SubroiZ15683136Y78409408X1097612544Difficultsoma_pred_affs/9587 with read ROI [6992:8560, 8720:10288, 4112:5680] (1568, 1568, 1568) and write ROI [7488:8064, 9216:9792, 4608:5184] (576, 576, 576)
Recorded block-done for octoS0SubroiZ15683136Y78409408X1097612544Difficultsoma_pred_affs/9587 with read ROI [6992:8560, 8720:10288, 4112:5680] (1568, 1568, 1568) and write ROI [7488:8064, 9216:9792, 4608:5184] (576, 576, 576)
Recording block-done for octoS0SubroiZ15683136Y78409408X1097612544Difficultsoma_pred_affs/5408 with read ROI [6992:8560, 8720:10288, 80:1648] (1568, 1568, 1568) and write ROI [7488:8064, 9216:9792, 576:1152] (576, 576, 576)
Recorded block-done for octoS0SubroiZ15683136Y78409408X1097612544Difficultsoma_pred_affs/5408 with read ROI [6992:8560, 8720:10288, 80:1648] (1568, 1568, 1568) and write ROI [7488:8064, 9216:9792, 576:1152] (576, 576, 576)
Recording block-done for octoS0SubroiZ15683136Y78409408X1097612544Difficultsoma_pred_affs/7588 with read ROI [6992:8560, 8720:10288, 2384:3952] (1568, 1568, 1568) and write ROI [7488:8064, 9216:9792, 2880:3456] (576, 576, 576)
Recorded block-done for octoS0SubroiZ15683136Y78409408X1097612544Difficultsoma_pred_affs/7588 with read ROI [6992:8560, 8720:10288, 2384:3952] (1568, 1568, 1568) and write ROI [7488:8064, 9216:9792, 2880:3456] (576, 576, 576)
Recording block-done for octoS0SubroiZ15683136Y78409408X1097612544Difficultsoma_pred_affs/6432 with read ROI [6992:8560, 8720:10288, 1232:2800] (1568, 1568, 1568) and write ROI [7488:8064, 9216:9792, 1728:2304] (576, 576, 576)
Recorded block-done for octoS0SubroiZ15683136Y78409408X1097612544Difficultsoma_pred_affs/6432 with read ROI [6992:8560, 8720:10288, 1232:2800] (1568, 1568, 1568) and write ROI [7488:8064, 9216:9792, 1728:2304] (576, 576, 576)
Recording block-done for octoS0SubroiZ15683136Y78409408X1097612544Difficultsoma_pred_affs/18843 with read ROI [6992:8560, 8144:9712, 10448:12016] (1568, 1568, 1568) and write ROI [7488:8064, 8640:9216, 10944:11520] (576, 576, 576)
Recorded block-done for octoS0SubroiZ15683136Y78409408X1097612544Difficultsoma_pred_affs/18843 with read ROI [6992:8560, 8144:9712, 10448:12016] (1568, 1568, 1568) and write ROI [7488:8064, 8640:9216, 10944:11520] (576, 576, 576)
Recording block-done for octoS0SubroiZ15683136Y78409408X1097612544Difficultsoma_pred_affs/6462 with read ROI [6992:8560, 9296:10864, 656:2224] (1568, 1568, 1568) and write ROI [7488:8064, 9792:10368, 1152:1728] (576, 576, 576)
Recorded block-done for octoS0SubroiZ15683136Y78409408X1097612544Difficultsoma_pred_affs/6462 with read ROI [6992:8560, 9296:10864, 656:2224] (1568, 1568, 1568) and write ROI [7488:8064, 9792:10368, 1152:1728] (576, 576, 576)
Recording block-done for octoS0SubroiZ15683136Y78409408X1097612544Difficultsoma_pred_affs/8248 with read ROI [6992:8560, 9296:10864, 2384:3952] (1568, 1568, 1568) and write ROI [7488:8064, 9792:10368, 2880:3456] (576, 576, 576)
Recorded block-done for octoS0SubroiZ15683136Y78409408X1097612544Difficultsoma_pred_affs/8248 with read ROI [6992:8560, 9296:10864, 2384:3952] (1568, 1568, 1568) and write ROI [7488:8064, 9792:10368, 2880:3456] (576, 576, 576)
Recording block-done for octoS0SubroiZ15683136Y78409408X1097612544Difficultsoma_pred_affs/7618 with read ROI [6992:8560, 9296:10864, 1808:3376] (1568, 1568, 1568) and write ROI [7488:8064, 9792:10368, 2304:2880] (576, 576, 576)
Recorded block-done for octoS0SubroiZ15683136Y78409408X1097612544Difficultsoma_pred_affs/7618 with read ROI [6992:8560, 9296:10864, 1808:3376] (1568, 1568, 1568) and write ROI [7488:8064, 9792:10368, 2304:2880] (576, 576, 576)
Recording block-done for octoS0SubroiZ15683136Y78409408X1097612544Difficultsoma_pred_affs/8945 with read ROI [6992:8560, 9872:11440, 2384:3952] (1568, 1568, 1568) and write ROI [7488:8064, 10368:10944, 2880:3456] (576, 576, 576)
Recorded block-done for octoS0SubroiZ15683136Y78409408X1097612544Difficultsoma_pred_affs/8945 with read ROI [6992:8560, 9872:11440, 2384:3952] (1568, 1568, 1568) and write ROI [7488:8064, 10368:10944, 2880:3456] (576, 576, 576)
Recording block-done for octoS0SubroiZ15683136Y78409408X1097612544Difficultsoma_pred_affs/8279 with read ROI [6992:8560, 9872:11440, 1808:3376] (1568, 1568, 1568) and write ROI [7488:8064, 10368:10944, 2304:2880] (576, 576, 576)
Recorded block-done for octoS0SubroiZ15683136Y78409408X1097612544Difficultsoma_pred_affs/8279 with read ROI [6992:8560, 9872:11440, 1808:3376] (1568, 1568, 1568) and write ROI [7488:8064, 10368:10944, 2304:2880] (576, 576, 576)
Recording block-done for octoS0SubroiZ15683136Y78409408X1097612544Difficultsoma_pred_affs/14699 with read ROI [6992:8560, 9872:11440, 6416:7984] (1568, 1568, 1568) and write ROI [7488:8064, 10368:10944, 6912:7488] (576, 576, 576)
Recorded block-done for octoS0SubroiZ15683136Y78409408X1097612544Difficultsoma_pred_affs/14699 with read ROI [6992:8560, 9872:11440, 6416:7984] (1568, 1568, 1568) and write ROI [7488:8064, 10368:10944, 6912:7488] (576, 576, 576)
Recording block-done for octoS0SubroiZ15683136Y78409408X1097612544Difficultsoma_pred_affs/18933 with read ROI [6992:8560, 9872:11440, 8720:10288] (1568, 1568, 1568) and write ROI [7488:8064, 10368:10944, 9216:9792] (576, 576, 576)
Recorded block-done for octoS0SubroiZ15683136Y78409408X1097612544Difficultsoma_pred_affs/18933 with read ROI [6992:8560, 9872:11440, 8720:10288] (1568, 1568, 1568) and write ROI [7488:8064, 10368:10944, 9216:9792] (576, 576, 576)
Recording block-done for octoS0SubroiZ15683136Y78409408X1097612544Difficultsoma_pred_affs/12882 with read ROI [6992:8560, 10448:12016, 4688:6256] (1568, 1568, 1568) and write ROI [7488:8064, 10944:11520, 5184:5760] (576, 576, 576)
Recorded block-done for octoS0SubroiZ15683136Y78409408X1097612544Difficultsoma_pred_affs/12882 with read ROI [6992:8560, 10448:12016, 4688:6256] (1568, 1568, 1568) and write ROI [7488:8064, 10944:11520, 5184:5760] (576, 576, 576)
Recording block-done for octoS0SubroiZ15683136Y78409408X1097612544Difficultsoma_pred_affs/23967 with read ROI [6992:8560, 10448:12016, 10448:12016] (1568, 1568, 1568) and write ROI [7488:8064, 10944:11520, 10944:11520] (576, 576, 576)
Recorded block-done for octoS0SubroiZ15683136Y78409408X1097612544Difficultsoma_pred_affs/23967 with read ROI [6992:8560, 10448:12016, 10448:12016] (1568, 1568, 1568) and write ROI [7488:8064, 10944:11520, 10944:11520] (576, 576, 576)
Recording block-done for octoS0SubroiZ15683136Y78409408X1097612544Difficultsoma_pred_affs/22641 with read ROI [6992:8560, 10448:12016, 9872:11440] (1568, 1568, 1568) and write ROI [7488:8064, 10944:11520, 10368:10944] (576, 576, 576)
Recorded block-done for octoS0SubroiZ15683136Y78409408X1097612544Difficultsoma_pred_affs/22641 with read ROI [6992:8560, 10448:12016, 9872:11440] (1568, 1568, 1568) and write ROI [7488:8064, 10944:11520, 10368:10944] (576, 576, 576)
Recording block-done for octoS0SubroiZ15683136Y78409408X1097612544Difficultsoma_pred_affs/1274 with read ROI [7568:9136, 80:1648, 1232:2800] (1568, 1568, 1568) and write ROI [8064:8640, 576:1152, 1728:2304] (576, 576, 576)
Recorded block-done for octoS0SubroiZ15683136Y78409408X1097612544Difficultsoma_pred_affs/1274 with read ROI [7568:9136, 80:1648, 1232:2800] (1568, 1568, 1568) and write ROI [8064:8640, 576:1152, 1728:2304] (576, 576, 576)
Recording block-done for octoS0SubroiZ15683136Y78409408X1097612544Difficultsoma_pred_affs/5590 with read ROI [7568:9136, 80:1648, 8720:10288] (1568, 1568, 1568) and write ROI [8064:8640, 576:1152, 9216:9792] (576, 576, 576)
Recorded block-done for octoS0SubroiZ15683136Y78409408X1097612544Difficultsoma_pred_affs/5590 with read ROI [7568:9136, 80:1648, 8720:10288] (1568, 1568, 1568) and write ROI [8064:8640, 576:1152, 9216:9792] (576, 576, 576)
Recording block-done for octoS0SubroiZ15683136Y78409408X1097612544Difficultsoma_pred_affs/3410 with read ROI [7568:9136, 80:1648, 5840:7408] (1568, 1568, 1568) and write ROI [8064:8640, 576:1152, 6336:6912] (576, 576, 576)
Recorded block-done for octoS0SubroiZ15683136Y78409408X1097612544Difficultsoma_pred_affs/3410 with read ROI [7568:9136, 80:1648, 5840:7408] (1568, 1568, 1568) and write ROI [8064:8640, 576:1152, 6336:6912] (576, 576, 576)
Recording block-done for octoS0SubroiZ15683136Y78409408X1097612544Difficultsoma_pred_affs/2750 with read ROI [7568:9136, 656:2224, 4112:5680] (1568, 1568, 1568) and write ROI [8064:8640, 1152:1728, 4608:5184] (576, 576, 576)
Recorded block-done for octoS0SubroiZ15683136Y78409408X1097612544Difficultsoma_pred_affs/2750 with read ROI [7568:9136, 656:2224, 4112:5680] (1568, 1568, 1568) and write ROI [8064:8640, 1152:1728, 4608:5184] (576, 576, 576)
Recording block-done for octoS0SubroiZ15683136Y78409408X1097612544Difficultsoma_pred_affs/3075 with read ROI [7568:9136, 656:2224, 4688:6256] (1568, 1568, 1568) and write ROI [8064:8640, 1152:1728, 5184:5760] (576, 576, 576)
Recorded block-done for octoS0SubroiZ15683136Y78409408X1097612544Difficultsoma_pred_affs/3075 with read ROI [7568:9136, 656:2224, 4688:6256] (1568, 1568, 1568) and write ROI [8064:8640, 1152:1728, 5184:5760] (576, 576, 576)
Recording block-done for octoS0SubroiZ15683136Y78409408X1097612544Difficultsoma_pred_affs/1938 with read ROI [7568:9136, 1232:2800, 1808:3376] (1568, 1568, 1568) and write ROI [8064:8640, 1728:2304, 2304:2880] (576, 576, 576)
Recorded block-done for octoS0SubroiZ15683136Y78409408X1097612544Difficultsoma_pred_affs/1938 with read ROI [7568:9136, 1232:2800, 1808:3376] (1568, 1568, 1568) and write ROI [8064:8640, 1728:2304, 2304:2880] (576, 576, 576)
Recording block-done for octoS0SubroiZ15683136Y78409408X1097612544Difficultsoma_pred_affs/2467 with read ROI [7568:9136, 1232:2800, 2960:4528] (1568, 1568, 1568) and write ROI [8064:8640, 1728:2304, 3456:4032] (576, 576, 576)
Recorded block-done for octoS0SubroiZ15683136Y78409408X1097612544Difficultsoma_pred_affs/2467 with read ROI [7568:9136, 1232:2800, 2960:4528] (1568, 1568, 1568) and write ROI [8064:8640, 1728:2304, 3456:4032] (576, 576, 576)
Recording block-done for octoS0SubroiZ15683136Y78409408X1097612544Difficultsoma_pred_affs/5623 with read ROI [7568:9136, 1232:2800, 7568:9136] (1568, 1568, 1568) and write ROI [8064:8640, 1728:2304, 8064:8640] (576, 576, 576)
Recorded block-done for octoS0SubroiZ15683136Y78409408X1097612544Difficultsoma_pred_affs/5623 with read ROI [7568:9136, 1232:2800, 7568:9136] (1568, 1568, 1568) and write ROI [8064:8640, 1728:2304, 8064:8640] (576, 576, 576)
Recording block-done for octoS0SubroiZ15683136Y78409408X1097612544Difficultsoma_pred_affs/4680 with read ROI [7568:9136, 1808:3376, 5840:7408] (1568, 1568, 1568) and write ROI [8064:8640, 2304:2880, 6336:6912] (576, 576, 576)
Recorded block-done for octoS0SubroiZ15683136Y78409408X1097612544Difficultsoma_pred_affs/4680 with read ROI [7568:9136, 1808:3376, 5840:7408] (1568, 1568, 1568) and write ROI [8064:8640, 2304:2880, 6336:6912] (576, 576, 576)
Recording block-done for octoS0SubroiZ15683136Y78409408X1097612544Difficultsoma_pred_affs/3110 with read ROI [7568:9136, 1808:3376, 3536:5104] (1568, 1568, 1568) and write ROI [8064:8640, 2304:2880, 4032:4608] (576, 576, 576)
Recorded block-done for octoS0SubroiZ15683136Y78409408X1097612544Difficultsoma_pred_affs/3110 with read ROI [7568:9136, 1808:3376, 3536:5104] (1568, 1568, 1568) and write ROI [8064:8640, 2304:2880, 4032:4608] (576, 576, 576)
Recording block-done for octoS0SubroiZ15683136Y78409408X1097612544Difficultsoma_pred_affs/2804 with read ROI [7568:9136, 2384:3952, 2384:3952] (1568, 1568, 1568) and write ROI [8064:8640, 2880:3456, 2880:3456] (576, 576, 576)
Recorded block-done for octoS0SubroiZ15683136Y78409408X1097612544Difficultsoma_pred_affs/2804 with read ROI [7568:9136, 2384:3952, 2384:3952] (1568, 1568, 1568) and write ROI [8064:8640, 2880:3456, 2880:3456] (576, 576, 576)
Recording block-done for octoS0SubroiZ15683136Y78409408X1097612544Difficultsoma_pred_affs/10084 with read ROI [7568:9136, 2384:3952, 10448:12016] (1568, 1568, 1568) and write ROI [8064:8640, 2880:3456, 10944:11520] (576, 576, 576)
Recorded block-done for octoS0SubroiZ15683136Y78409408X1097612544Difficultsoma_pred_affs/10084 with read ROI [7568:9136, 2384:3952, 10448:12016] (1568, 1568, 1568) and write ROI [8064:8640, 2880:3456, 10944:11520] (576, 576, 576)
Recording block-done for octoS0SubroiZ15683136Y78409408X1097612544Difficultsoma_pred_affs/7344 with read ROI [7568:9136, 2384:3952, 8144:9712] (1568, 1568, 1568) and write ROI [8064:8640, 2880:3456, 8640:9216] (576, 576, 576)
Recorded block-done for octoS0SubroiZ15683136Y78409408X1097612544Difficultsoma_pred_affs/7344 with read ROI [7568:9136, 2384:3952, 8144:9712] (1568, 1568, 1568) and write ROI [8064:8640, 2880:3456, 8640:9216] (576, 576, 576)
Recording block-done for octoS0SubroiZ15683136Y78409408X1097612544Difficultsoma_pred_affs/1995 with read ROI [7568:9136, 2960:4528, 80:1648] (1568, 1568, 1568) and write ROI [8064:8640, 3456:4032, 576:1152] (576, 576, 576)
Recorded block-done for octoS0SubroiZ15683136Y78409408X1097612544Difficultsoma_pred_affs/1995 with read ROI [7568:9136, 2960:4528, 80:1648] (1568, 1568, 1568) and write ROI [8064:8640, 3456:4032, 576:1152] (576, 576, 576)
Recording block-done for octoS0SubroiZ15683136Y78409408X1097612544Difficultsoma_pred_affs/9363 with read ROI [7568:9136, 2960:4528, 9296:10864] (1568, 1568, 1568) and write ROI [8064:8640, 3456:4032, 9792:10368] (576, 576, 576)
Recorded block-done for octoS0SubroiZ15683136Y78409408X1097612544Difficultsoma_pred_affs/9363 with read ROI [7568:9136, 2960:4528, 9296:10864] (1568, 1568, 1568) and write ROI [8064:8640, 3456:4032, 9792:10368] (576, 576, 576)
Recording block-done for octoS0SubroiZ15683136Y78409408X1097612544Difficultsoma_pred_affs/2845 with read ROI [7568:9136, 3536:5104, 1232:2800] (1568, 1568, 1568) and write ROI [8064:8640, 4032:4608, 1728:2304] (576, 576, 576)
Recorded block-done for octoS0SubroiZ15683136Y78409408X1097612544Difficultsoma_pred_affs/2845 with read ROI [7568:9136, 3536:5104, 1232:2800] (1568, 1568, 1568) and write ROI [8064:8640, 4032:4608, 1728:2304] (576, 576, 576)
Recording block-done for octoS0SubroiZ15683136Y78409408X1097612544Difficultsoma_pred_affs/3921 with read ROI [7568:9136, 4112:5680, 2384:3952] (1568, 1568, 1568) and write ROI [8064:8640, 4608:5184, 2880:3456] (576, 576, 576)
Recorded block-done for octoS0SubroiZ15683136Y78409408X1097612544Difficultsoma_pred_affs/3921 with read ROI [7568:9136, 4112:5680, 2384:3952] (1568, 1568, 1568) and write ROI [8064:8640, 4608:5184, 2880:3456] (576, 576, 576)
Recording block-done for octoS0SubroiZ15683136Y78409408X1097612544Difficultsoma_pred_affs/6229 with read ROI [7568:9136, 3536:5104, 5840:7408] (1568, 1568, 1568) and write ROI [8064:8640, 4032:4608, 6336:6912] (576, 576, 576)
Recorded block-done for octoS0SubroiZ15683136Y78409408X1097612544Difficultsoma_pred_affs/6229 with read ROI [7568:9136, 3536:5104, 5840:7408] (1568, 1568, 1568) and write ROI [8064:8640, 4032:4608, 6336:6912] (576, 576, 576)
Recording block-done for octoS0SubroiZ15683136Y78409408X1097612544Difficultsoma_pred_affs/11725 with read ROI [7568:9136, 3536:5104, 10448:12016] (1568, 1568, 1568) and write ROI [8064:8640, 4032:4608, 10944:11520] (576, 576, 576)
Recorded block-done for octoS0SubroiZ15683136Y78409408X1097612544Difficultsoma_pred_affs/11725 with read ROI [7568:9136, 3536:5104, 10448:12016] (1568, 1568, 1568) and write ROI [8064:8640, 4032:4608, 10944:11520] (576, 576, 576)
Recording block-done for octoS0SubroiZ15683136Y78409408X1097612544Difficultsoma_pred_affs/3899 with read ROI [7568:9136, 3536:5104, 2960:4528] (1568, 1568, 1568) and write ROI [8064:8640, 4032:4608, 3456:4032] (576, 576, 576)
Recorded block-done for octoS0SubroiZ15683136Y78409408X1097612544Difficultsoma_pred_affs/3899 with read ROI [7568:9136, 3536:5104, 2960:4528] (1568, 1568, 1568) and write ROI [8064:8640, 4032:4608, 3456:4032] (576, 576, 576)
Recording block-done for octoS0SubroiZ15683136Y78409408X1097612544Difficultsoma_pred_affs/10927 with read ROI [7568:9136, 4112:5680, 9296:10864] (1568, 1568, 1568) and write ROI [8064:8640, 4608:5184, 9792:10368] (576, 576, 576)
Recorded block-done for octoS0SubroiZ15683136Y78409408X1097612544Difficultsoma_pred_affs/10927 with read ROI [7568:9136, 4112:5680, 9296:10864] (1568, 1568, 1568) and write ROI [8064:8640, 4608:5184, 9792:10368] (576, 576, 576)
Recording block-done for octoS0SubroiZ15683136Y78409408X1097612544Difficultsoma_pred_affs/10950 with read ROI [7568:9136, 4688:6256, 8720:10288] (1568, 1568, 1568) and write ROI [8064:8640, 5184:5760, 9216:9792] (576, 576, 576)
Recorded block-done for octoS0SubroiZ15683136Y78409408X1097612544Difficultsoma_pred_affs/10950 with read ROI [7568:9136, 4688:6256, 8720:10288] (1568, 1568, 1568) and write ROI [8064:8640, 5184:5760, 9216:9792] (576, 576, 576)
Recording block-done for octoS0SubroiZ15683136Y78409408X1097612544Difficultsoma_pred_affs/5746 with read ROI [7568:9136, 4688:6256, 4112:5680] (1568, 1568, 1568) and write ROI [8064:8640, 5184:5760, 4608:5184] (576, 576, 576)
Recorded block-done for octoS0SubroiZ15683136Y78409408X1097612544Difficultsoma_pred_affs/5746 with read ROI [7568:9136, 4688:6256, 4112:5680] (1568, 1568, 1568) and write ROI [8064:8640, 5184:5760, 4608:5184] (576, 576, 576)
Recording block-done for octoS0SubroiZ15683136Y78409408X1097612544Difficultsoma_pred_affs/6835 with read ROI [7568:9136, 4688:6256, 5264:6832] (1568, 1568, 1568) and write ROI [8064:8640, 5184:5760, 5760:6336] (576, 576, 576)
Recorded block-done for octoS0SubroiZ15683136Y78409408X1097612544Difficultsoma_pred_affs/6835 with read ROI [7568:9136, 4688:6256, 5264:6832] (1568, 1568, 1568) and write ROI [8064:8640, 5184:5760, 5760:6336] (576, 576, 576)
Recording block-done for octoS0SubroiZ15683136Y78409408X1097612544Difficultsoma_pred_affs/12631 with read ROI [7568:9136, 4688:6256, 9872:11440] (1568, 1568, 1568) and write ROI [8064:8640, 5184:5760, 10368:10944] (576, 576, 576)
Recorded block-done for octoS0SubroiZ15683136Y78409408X1097612544Difficultsoma_pred_affs/12631 with read ROI [7568:9136, 4688:6256, 9872:11440] (1568, 1568, 1568) and write ROI [8064:8640, 5184:5760, 10368:10944] (576, 576, 576)
Recording block-done for octoS0SubroiZ15683136Y78409408X1097612544Difficultsoma_pred_affs/4374 with read ROI [7568:9136, 5264:6832, 1808:3376] (1568, 1568, 1568) and write ROI [8064:8640, 5760:6336, 2304:2880] (576, 576, 576)
Recorded block-done for octoS0SubroiZ15683136Y78409408X1097612544Difficultsoma_pred_affs/4374 with read ROI [7568:9136, 5264:6832, 1808:3376] (1568, 1568, 1568) and write ROI [8064:8640, 5760:6336, 2304:2880] (576, 576, 576)
Recording block-done for octoS0SubroiZ15683136Y78409408X1097612544Difficultsoma_pred_affs/12655 with read ROI [7568:9136, 5264:6832, 9296:10864] (1568, 1568, 1568) and write ROI [8064:8640, 5760:6336, 9792:10368] (576, 576, 576)
Recorded block-done for octoS0SubroiZ15683136Y78409408X1097612544Difficultsoma_pred_affs/12655 with read ROI [7568:9136, 5264:6832, 9296:10864] (1568, 1568, 1568) and write ROI [8064:8640, 5760:6336, 9792:10368] (576, 576, 576)
Recording block-done for octoS0SubroiZ15683136Y78409408X1097612544Difficultsoma_pred_affs/14504 with read ROI [7568:9136, 5264:6832, 10448:12016] (1568, 1568, 1568) and write ROI [8064:8640, 5760:6336, 10944:11520] (576, 576, 576)
Recorded block-done for octoS0SubroiZ15683136Y78409408X1097612544Difficultsoma_pred_affs/14504 with read ROI [7568:9136, 5264:6832, 10448:12016] (1568, 1568, 1568) and write ROI [8064:8640, 5760:6336, 10944:11520] (576, 576, 576)
Recording block-done for octoS0SubroiZ15683136Y78409408X1097612544Difficultsoma_pred_affs/15519 with read ROI [7568:9136, 5840:7408, 10448:12016] (1568, 1568, 1568) and write ROI [8064:8640, 6336:6912, 10944:11520] (576, 576, 576)
Recorded block-done for octoS0SubroiZ15683136Y78409408X1097612544Difficultsoma_pred_affs/15519 with read ROI [7568:9136, 5840:7408, 10448:12016] (1568, 1568, 1568) and write ROI [8064:8640, 6336:6912, 10944:11520] (576, 576, 576)
Recording block-done for octoS0SubroiZ15683136Y78409408X1097612544Difficultsoma_pred_affs/10974 with read ROI [7568:9136, 5264:6832, 8144:9712] (1568, 1568, 1568) and write ROI [8064:8640, 5760:6336, 8640:9216] (576, 576, 576)
Recorded block-done for octoS0SubroiZ15683136Y78409408X1097612544Difficultsoma_pred_affs/10974 with read ROI [7568:9136, 5264:6832, 8144:9712] (1568, 1568, 1568) and write ROI [8064:8640, 5760:6336, 8640:9216] (576, 576, 576)
Recording block-done for octoS0SubroiZ15683136Y78409408X1097612544Difficultsoma_pred_affs/4860 with read ROI [7568:9136, 6416:7984, 1232:2800] (1568, 1568, 1568) and write ROI [8064:8640, 6912:7488, 1728:2304] (576, 576, 576)
Recorded block-done for octoS0SubroiZ15683136Y78409408X1097612544Difficultsoma_pred_affs/4860 with read ROI [7568:9136, 6416:7984, 1232:2800] (1568, 1568, 1568) and write ROI [8064:8640, 6912:7488, 1728:2304] (576, 576, 576)
Recording block-done for octoS0SubroiZ15683136Y78409408X1097612544Difficultsoma_pred_affs/5795 with read ROI [7568:9136, 5840:7408, 2960:4528] (1568, 1568, 1568) and write ROI [8064:8640, 6336:6912, 3456:4032] (576, 576, 576)
Recorded block-done for octoS0SubroiZ15683136Y78409408X1097612544Difficultsoma_pred_affs/5795 with read ROI [7568:9136, 5840:7408, 2960:4528] (1568, 1568, 1568) and write ROI [8064:8640, 6336:6912, 3456:4032] (576, 576, 576)
Recording block-done for octoS0SubroiZ15683136Y78409408X1097612544Difficultsoma_pred_affs/16580 with read ROI [7568:9136, 6416:7984, 10448:12016] (1568, 1568, 1568) and write ROI [8064:8640, 6912:7488, 10944:11520] (576, 576, 576)
Recorded block-done for octoS0SubroiZ15683136Y78409408X1097612544Difficultsoma_pred_affs/16580 with read ROI [7568:9136, 6416:7984, 10448:12016] (1568, 1568, 1568) and write ROI [8064:8640, 6912:7488, 10944:11520] (576, 576, 576)
Recording block-done for octoS0SubroiZ15683136Y78409408X1097612544Difficultsoma_pred_affs/4915 with read ROI [7568:9136, 7568:9136, 80:1648] (1568, 1568, 1568) and write ROI [8064:8640, 8064:8640, 576:1152] (576, 576, 576)
Recorded block-done for octoS0SubroiZ15683136Y78409408X1097612544Difficultsoma_pred_affs/4915 with read ROI [7568:9136, 7568:9136, 80:1648] (1568, 1568, 1568) and write ROI [8064:8640, 8064:8640, 576:1152] (576, 576, 576)
Recording block-done for octoS0SubroiZ15683136Y78409408X1097612544Difficultsoma_pred_affs/6404 with read ROI [7568:9136, 7568:9136, 1808:3376] (1568, 1568, 1568) and write ROI [8064:8640, 8064:8640, 2304:2880] (576, 576, 576)
Recorded block-done for octoS0SubroiZ15683136Y78409408X1097612544Difficultsoma_pred_affs/6404 with read ROI [7568:9136, 7568:9136, 1808:3376] (1568, 1568, 1568) and write ROI [8064:8640, 8064:8640, 2304:2880] (576, 576, 576)
Recording block-done for octoS0SubroiZ15683136Y78409408X1097612544Difficultsoma_pred_affs/8856 with read ROI [7568:9136, 7568:9136, 4112:5680] (1568, 1568, 1568) and write ROI [8064:8640, 8064:8640, 4608:5184] (576, 576, 576)
Recorded block-done for octoS0SubroiZ15683136Y78409408X1097612544Difficultsoma_pred_affs/8856 with read ROI [7568:9136, 7568:9136, 4112:5680] (1568, 1568, 1568) and write ROI [8064:8640, 8064:8640, 4608:5184] (576, 576, 576)
Recording block-done for octoS0SubroiZ15683136Y78409408X1097612544Difficultsoma_pred_affs/6994 with read ROI [7568:9136, 8144:9712, 1808:3376] (1568, 1568, 1568) and write ROI [8064:8640, 8640:9216, 2304:2880] (576, 576, 576)
Recorded block-done for octoS0SubroiZ15683136Y78409408X1097612544Difficultsoma_pred_affs/6994 with read ROI [7568:9136, 8144:9712, 1808:3376] (1568, 1568, 1568) and write ROI [8064:8640, 8640:9216, 2304:2880] (576, 576, 576)
Recording block-done for octoS0SubroiZ15683136Y78409408X1097612544Difficultsoma_pred_affs/10329 with read ROI [7568:9136, 8144:9712, 4688:6256] (1568, 1568, 1568) and write ROI [8064:8640, 8640:9216, 5184:5760] (576, 576, 576)
Recorded block-done for octoS0SubroiZ15683136Y78409408X1097612544Difficultsoma_pred_affs/10329 with read ROI [7568:9136, 8144:9712, 4688:6256] (1568, 1568, 1568) and write ROI [8064:8640, 8640:9216, 5184:5760] (576, 576, 576)
Recording block-done for octoS0SubroiZ15683136Y78409408X1097612544Difficultsoma_pred_affs/11959 with read ROI [7568:9136, 8720:10288, 5264:6832] (1568, 1568, 1568) and write ROI [8064:8640, 9216:9792, 5760:6336] (576, 576, 576)
Recorded block-done for octoS0SubroiZ15683136Y78409408X1097612544Difficultsoma_pred_affs/11959 with read ROI [7568:9136, 8720:10288, 5264:6832] (1568, 1568, 1568) and write ROI [8064:8640, 9216:9792, 5760:6336] (576, 576, 576)
Recording block-done for octoS0SubroiZ15683136Y78409408X1097612544Difficultsoma_pred_affs/21304 with read ROI [7568:9136, 8720:10288, 10448:12016] (1568, 1568, 1568) and write ROI [8064:8640, 9216:9792, 10944:11520] (576, 576, 576)
Recorded block-done for octoS0SubroiZ15683136Y78409408X1097612544Difficultsoma_pred_affs/21304 with read ROI [7568:9136, 8720:10288, 10448:12016] (1568, 1568, 1568) and write ROI [8064:8640, 9216:9792, 10944:11520] (576, 576, 576)
Recording block-done for octoS0SubroiZ15683136Y78409408X1097612544Difficultsoma_pred_affs/8915 with read ROI [7568:9136, 8720:10288, 2960:4528] (1568, 1568, 1568) and write ROI [8064:8640, 9216:9792, 3456:4032] (576, 576, 576)
Recorded block-done for octoS0SubroiZ15683136Y78409408X1097612544Difficultsoma_pred_affs/8915 with read ROI [7568:9136, 8720:10288, 2960:4528] (1568, 1568, 1568) and write ROI [8064:8640, 9216:9792, 3456:4032] (576, 576, 576)
Recording block-done for octoS0SubroiZ15683136Y78409408X1097612544Difficultsoma_pred_affs/14669 with read ROI [7568:9136, 8720:10288, 6992:8560] (1568, 1568, 1568) and write ROI [8064:8640, 9216:9792, 7488:8064] (576, 576, 576)
Recorded block-done for octoS0SubroiZ15683136Y78409408X1097612544Difficultsoma_pred_affs/14669 with read ROI [7568:9136, 8720:10288, 6992:8560] (1568, 1568, 1568) and write ROI [8064:8640, 9216:9792, 7488:8064] (576, 576, 576)
Recording block-done for octoS0SubroiZ15683136Y78409408X1097612544Difficultsoma_pred_affs/13693 with read ROI [7568:9136, 8144:9712, 6992:8560] (1568, 1568, 1568) and write ROI [8064:8640, 8640:9216, 7488:8064] (576, 576, 576)
Recorded block-done for octoS0SubroiZ15683136Y78409408X1097612544Difficultsoma_pred_affs/13693 with read ROI [7568:9136, 8144:9712, 6992:8560] (1568, 1568, 1568) and write ROI [8064:8640, 8640:9216, 7488:8064] (576, 576, 576)
Recording block-done for octoS0SubroiZ15683136Y78409408X1097612544Difficultsoma_pred_affs/8946 with read ROI [7568:9136, 9296:10864, 2384:3952] (1568, 1568, 1568) and write ROI [8064:8640, 9792:10368, 2880:3456] (576, 576, 576)
Recorded block-done for octoS0SubroiZ15683136Y78409408X1097612544Difficultsoma_pred_affs/8946 with read ROI [7568:9136, 9296:10864, 2384:3952] (1568, 1568, 1568) and write ROI [8064:8640, 9792:10368, 2880:3456] (576, 576, 576)
Recording block-done for octoS0SubroiZ15683136Y78409408X1097612544Difficultsoma_pred_affs/21335 with read ROI [7568:9136, 9296:10864, 9872:11440] (1568, 1568, 1568) and write ROI [8064:8640, 9792:10368, 10368:10944] (576, 576, 576)
Recorded block-done for octoS0SubroiZ15683136Y78409408X1097612544Difficultsoma_pred_affs/21335 with read ROI [7568:9136, 9296:10864, 9872:11440] (1568, 1568, 1568) and write ROI [8064:8640, 9792:10368, 10368:10944] (576, 576, 576)
Recording block-done for octoS0SubroiZ15683136Y78409408X1097612544Difficultsoma_pred_affs/7087 with read ROI [7568:9136, 9872:11440, 80:1648] (1568, 1568, 1568) and write ROI [8064:8640, 10368:10944, 576:1152] (576, 576, 576)
Recorded block-done for octoS0SubroiZ15683136Y78409408X1097612544Difficultsoma_pred_affs/7087 with read ROI [7568:9136, 9872:11440, 80:1648] (1568, 1568, 1568) and write ROI [8064:8640, 10368:10944, 576:1152] (576, 576, 576)
Recording block-done for octoS0SubroiZ15683136Y78409408X1097612544Difficultsoma_pred_affs/17806 with read ROI [7568:9136, 9296:10864, 8144:9712] (1568, 1568, 1568) and write ROI [8064:8640, 9792:10368, 8640:9216] (576, 576, 576)
Recorded block-done for octoS0SubroiZ15683136Y78409408X1097612544Difficultsoma_pred_affs/17806 with read ROI [7568:9136, 9296:10864, 8144:9712] (1568, 1568, 1568) and write ROI [8064:8640, 9792:10368, 8640:9216] (576, 576, 576)
Recording block-done for octoS0SubroiZ15683136Y78409408X1097612544Difficultsoma_pred_affs/12883 with read ROI [7568:9136, 9872:11440, 4688:6256] (1568, 1568, 1568) and write ROI [8064:8640, 10368:10944, 5184:5760] (576, 576, 576)
Recorded block-done for octoS0SubroiZ15683136Y78409408X1097612544Difficultsoma_pred_affs/12883 with read ROI [7568:9136, 9872:11440, 4688:6256] (1568, 1568, 1568) and write ROI [8064:8640, 10368:10944, 5184:5760] (576, 576, 576)
Recording block-done for octoS0SubroiZ15683136Y78409408X1097612544Difficultsoma_pred_affs/15722 with read ROI [7568:9136, 9872:11440, 6416:7984] (1568, 1568, 1568) and write ROI [8064:8640, 10368:10944, 6912:7488] (576, 576, 576)
Recorded block-done for octoS0SubroiZ15683136Y78409408X1097612544Difficultsoma_pred_affs/15722 with read ROI [7568:9136, 9872:11440, 6416:7984] (1568, 1568, 1568) and write ROI [8064:8640, 10368:10944, 6912:7488] (576, 576, 576)
Recording block-done for octoS0SubroiZ15683136Y78409408X1097612544Difficultsoma_pred_affs/10455 with read ROI [7568:9136, 10448:12016, 2384:3952] (1568, 1568, 1568) and write ROI [8064:8640, 10944:11520, 2880:3456] (576, 576, 576)
Recorded block-done for octoS0SubroiZ15683136Y78409408X1097612544Difficultsoma_pred_affs/10455 with read ROI [7568:9136, 10448:12016, 2384:3952] (1568, 1568, 1568) and write ROI [8064:8640, 10944:11520, 2880:3456] (576, 576, 576)
Recording block-done for octoS0SubroiZ15683136Y78409408X1097612544Difficultsoma_pred_affs/22675 with read ROI [7568:9136, 10448:12016, 9296:10864] (1568, 1568, 1568) and write ROI [8064:8640, 10944:11520, 9792:10368] (576, 576, 576)
Recorded block-done for octoS0SubroiZ15683136Y78409408X1097612544Difficultsoma_pred_affs/22675 with read ROI [7568:9136, 10448:12016, 9296:10864] (1568, 1568, 1568) and write ROI [8064:8640, 10944:11520, 9792:10368] (576, 576, 576)
Recording block-done for octoS0SubroiZ15683136Y78409408X1097612544Difficultsoma_pred_affs/21400 with read ROI [7568:9136, 10448:12016, 8720:10288] (1568, 1568, 1568) and write ROI [8064:8640, 10944:11520, 9216:9792] (576, 576, 576)
Recorded block-done for octoS0SubroiZ15683136Y78409408X1097612544Difficultsoma_pred_affs/21400 with read ROI [7568:9136, 10448:12016, 8720:10288] (1568, 1568, 1568) and write ROI [8064:8640, 10944:11520, 9216:9792] (576, 576, 576)
Recording block-done for octoS0SubroiZ15683136Y78409408X1097612544Difficultsoma_pred_affs/1120 with read ROI [8144:9712, 80:1648, 80:1648] (1568, 1568, 1568) and write ROI [8640:9216, 576:1152, 576:1152] (576, 576, 576)
Recorded block-done for octoS0SubroiZ15683136Y78409408X1097612544Difficultsoma_pred_affs/1120 with read ROI [8144:9712, 80:1648, 80:1648] (1568, 1568, 1568) and write ROI [8640:9216, 576:1152, 576:1152] (576, 576, 576)
Recording block-done for octoS0SubroiZ15683136Y78409408X1097612544Difficultsoma_pred_affs/3076 with read ROI [8144:9712, 80:1648, 4688:6256] (1568, 1568, 1568) and write ROI [8640:9216, 576:1152, 5184:5760] (576, 576, 576)
Recorded block-done for octoS0SubroiZ15683136Y78409408X1097612544Difficultsoma_pred_affs/3076 with read ROI [8144:9712, 80:1648, 4688:6256] (1568, 1568, 1568) and write ROI [8640:9216, 576:1152, 5184:5760] (576, 576, 576)
Recording block-done for octoS0SubroiZ15683136Y78409408X1097612544Difficultsoma_pred_affs/6135 with read ROI [8144:9712, 80:1648, 8720:10288] (1568, 1568, 1568) and write ROI [8640:9216, 576:1152, 9216:9792] (576, 576, 576)
Recorded block-done for octoS0SubroiZ15683136Y78409408X1097612544Difficultsoma_pred_affs/6135 with read ROI [8144:9712, 80:1648, 8720:10288] (1568, 1568, 1568) and write ROI [8640:9216, 576:1152, 9216:9792] (576, 576, 576)
Recording block-done for octoS0SubroiZ15683136Y78409408X1097612544Difficultsoma_pred_affs/7291 with read ROI [8144:9712, 80:1648, 9872:11440] (1568, 1568, 1568) and write ROI [8640:9216, 576:1152, 10368:10944] (576, 576, 576)
Recorded block-done for octoS0SubroiZ15683136Y78409408X1097612544Difficultsoma_pred_affs/7291 with read ROI [8144:9712, 80:1648, 9872:11440] (1568, 1568, 1568) and write ROI [8640:9216, 576:1152, 10368:10944] (576, 576, 576)
Recording block-done for octoS0SubroiZ15683136Y78409408X1097612544Difficultsoma_pred_affs/2175 with read ROI [8144:9712, 80:1648, 2960:4528] (1568, 1568, 1568) and write ROI [8640:9216, 576:1152, 3456:4032] (576, 576, 576)
Recorded block-done for octoS0SubroiZ15683136Y78409408X1097612544Difficultsoma_pred_affs/2175 with read ROI [8144:9712, 80:1648, 2960:4528] (1568, 1568, 1568) and write ROI [8640:9216, 576:1152, 3456:4032] (576, 576, 576)
Recording block-done for octoS0SubroiZ15683136Y78409408X1097612544Difficultsoma_pred_affs/8604 with read ROI [8144:9712, 656:2224, 10448:12016] (1568, 1568, 1568) and write ROI [8640:9216, 1152:1728, 10944:11520] (576, 576, 576)
Recorded block-done for octoS0SubroiZ15683136Y78409408X1097612544Difficultsoma_pred_affs/8604 with read ROI [8144:9712, 656:2224, 10448:12016] (1568, 1568, 1568) and write ROI [8640:9216, 1152:1728, 10944:11520] (576, 576, 576)
Recording block-done for octoS0SubroiZ15683136Y78409408X1097612544Difficultsoma_pred_affs/1726 with read ROI [8144:9712, 1232:2800, 656:2224] (1568, 1568, 1568) and write ROI [8640:9216, 1728:2304, 1152:1728] (576, 576, 576)
Recorded block-done for octoS0SubroiZ15683136Y78409408X1097612544Difficultsoma_pred_affs/1726 with read ROI [8144:9712, 1232:2800, 656:2224] (1568, 1568, 1568) and write ROI [8640:9216, 1728:2304, 1152:1728] (576, 576, 576)
Recording block-done for octoS0SubroiZ15683136Y78409408X1097612544Difficultsoma_pred_affs/3840 with read ROI [8144:9712, 1232:2800, 4688:6256] (1568, 1568, 1568) and write ROI [8640:9216, 1728:2304, 5184:5760] (576, 576, 576)
Recorded block-done for octoS0SubroiZ15683136Y78409408X1097612544Difficultsoma_pred_affs/3840 with read ROI [8144:9712, 1232:2800, 4688:6256] (1568, 1568, 1568) and write ROI [8640:9216, 1728:2304, 5184:5760] (576, 576, 576)
Recording block-done for octoS0SubroiZ15683136Y78409408X1097612544Difficultsoma_pred_affs/3130 with read ROI [8144:9712, 1808:3376, 2960:4528] (1568, 1568, 1568) and write ROI [8640:9216, 2304:2880, 3456:4032] (576, 576, 576)
Recorded block-done for octoS0SubroiZ15683136Y78409408X1097612544Difficultsoma_pred_affs/3130 with read ROI [8144:9712, 1808:3376, 2960:4528] (1568, 1568, 1568) and write ROI [8640:9216, 2304:2880, 3456:4032] (576, 576, 576)
Recording block-done for octoS0SubroiZ15683136Y78409408X1097612544Difficultsoma_pred_affs/8641 with read ROI [8144:9712, 1808:3376, 9296:10864] (1568, 1568, 1568) and write ROI [8640:9216, 2304:2880, 9792:10368] (576, 576, 576)
Recorded block-done for octoS0SubroiZ15683136Y78409408X1097612544Difficultsoma_pred_affs/8641 with read ROI [8144:9712, 1808:3376, 9296:10864] (1568, 1568, 1568) and write ROI [8640:9216, 2304:2880, 9792:10368] (576, 576, 576)
Recording block-done for octoS0SubroiZ15683136Y78409408X1097612544Difficultsoma_pred_affs/1996 with read ROI [8144:9712, 2384:3952, 80:1648] (1568, 1568, 1568) and write ROI [8640:9216, 2880:3456, 576:1152] (576, 576, 576)
Recorded block-done for octoS0SubroiZ15683136Y78409408X1097612544Difficultsoma_pred_affs/1996 with read ROI [8144:9712, 2384:3952, 80:1648] (1568, 1568, 1568) and write ROI [8640:9216, 2880:3456, 576:1152] (576, 576, 576)
Recording block-done for octoS0SubroiZ15683136Y78409408X1097612544Difficultsoma_pred_affs/6750 with read ROI [8144:9712, 1808:3376, 7568:9136] (1568, 1568, 1568) and write ROI [8640:9216, 2304:2880, 8064:8640] (576, 576, 576)
Recorded block-done for octoS0SubroiZ15683136Y78409408X1097612544Difficultsoma_pred_affs/6750 with read ROI [8144:9712, 1808:3376, 7568:9136] (1568, 1568, 1568) and write ROI [8640:9216, 2304:2880, 8064:8640] (576, 576, 576)
Recording block-done for octoS0SubroiZ15683136Y78409408X1097612544Difficultsoma_pred_affs/3522 with read ROI [8144:9712, 2960:4528, 2384:3952] (1568, 1568, 1568) and write ROI [8640:9216, 3456:4032, 2880:3456] (576, 576, 576)
Recorded block-done for octoS0SubroiZ15683136Y78409408X1097612544Difficultsoma_pred_affs/3522 with read ROI [8144:9712, 2960:4528, 2384:3952] (1568, 1568, 1568) and write ROI [8640:9216, 3456:4032, 2880:3456] (576, 576, 576)
Recording block-done for octoS0SubroiZ15683136Y78409408X1097612544Difficultsoma_pred_affs/10126 with read ROI [8144:9712, 2960:4528, 9296:10864] (1568, 1568, 1568) and write ROI [8640:9216, 3456:4032, 9792:10368] (576, 576, 576)
Recorded block-done for octoS0SubroiZ15683136Y78409408X1097612544Difficultsoma_pred_affs/10126 with read ROI [8144:9712, 2960:4528, 9296:10864] (1568, 1568, 1568) and write ROI [8640:9216, 3456:4032, 9792:10368] (576, 576, 576)
Recording block-done for octoS0SubroiZ15683136Y78409408X1097612544Difficultsoma_pred_affs/4351 with read ROI [8144:9712, 4112:5680, 2384:3952] (1568, 1568, 1568) and write ROI [8640:9216, 4608:5184, 2880:3456] (576, 576, 576)
Recorded block-done for octoS0SubroiZ15683136Y78409408X1097612544Difficultsoma_pred_affs/4351 with read ROI [8144:9712, 4112:5680, 2384:3952] (1568, 1568, 1568) and write ROI [8640:9216, 4608:5184, 2880:3456] (576, 576, 576)
Recording block-done for octoS0SubroiZ15683136Y78409408X1097612544Difficultsoma_pred_affs/2891 with read ROI [8144:9712, 4112:5680, 80:1648] (1568, 1568, 1568) and write ROI [8640:9216, 4608:5184, 576:1152] (576, 576, 576)
Recorded block-done for octoS0SubroiZ15683136Y78409408X1097612544Difficultsoma_pred_affs/2891 with read ROI [8144:9712, 4112:5680, 80:1648] (1568, 1568, 1568) and write ROI [8640:9216, 4608:5184, 576:1152] (576, 576, 576)
Recording block-done for octoS0SubroiZ15683136Y78409408X1097612544Difficultsoma_pred_affs/6836 with read ROI [8144:9712, 4112:5680, 5264:6832] (1568, 1568, 1568) and write ROI [8640:9216, 4608:5184, 5760:6336] (576, 576, 576)
Recorded block-done for octoS0SubroiZ15683136Y78409408X1097612544Difficultsoma_pred_affs/6836 with read ROI [8144:9712, 4112:5680, 5264:6832] (1568, 1568, 1568) and write ROI [8640:9216, 4608:5184, 5760:6336] (576, 576, 576)
Recording block-done for octoS0SubroiZ15683136Y78409408X1097612544Difficultsoma_pred_affs/4763 with read ROI [8144:9712, 3536:5104, 3536:5104] (1568, 1568, 1568) and write ROI [8640:9216, 4032:4608, 4032:4608] (576, 576, 576)
Recorded block-done for octoS0SubroiZ15683136Y78409408X1097612544Difficultsoma_pred_affs/4763 with read ROI [8144:9712, 3536:5104, 3536:5104] (1568, 1568, 1568) and write ROI [8640:9216, 4032:4608, 4032:4608] (576, 576, 576)
Recording block-done for octoS0SubroiZ15683136Y78409408X1097612544Difficultsoma_pred_affs/10951 with read ROI [8144:9712, 4112:5680, 8720:10288] (1568, 1568, 1568) and write ROI [8640:9216, 4608:5184, 9216:9792] (576, 576, 576)
Recorded block-done for octoS0SubroiZ15683136Y78409408X1097612544Difficultsoma_pred_affs/10951 with read ROI [8144:9712, 4112:5680, 8720:10288] (1568, 1568, 1568) and write ROI [8640:9216, 4608:5184, 9216:9792] (576, 576, 576)
Recording block-done for octoS0SubroiZ15683136Y78409408X1097612544Difficultsoma_pred_affs/4810 with read ROI [8144:9712, 4688:6256, 2384:3952] (1568, 1568, 1568) and write ROI [8640:9216, 5184:5760, 2880:3456] (576, 576, 576)
Recorded block-done for octoS0SubroiZ15683136Y78409408X1097612544Difficultsoma_pred_affs/4810 with read ROI [8144:9712, 4688:6256, 2384:3952] (1568, 1568, 1568) and write ROI [8640:9216, 5184:5760, 2880:3456] (576, 576, 576)
Recording block-done for octoS0SubroiZ15683136Y78409408X1097612544Difficultsoma_pred_affs/3969 with read ROI [8144:9712, 4688:6256, 1232:2800] (1568, 1568, 1568) and write ROI [8640:9216, 5184:5760, 1728:2304] (576, 576, 576)
Recorded block-done for octoS0SubroiZ15683136Y78409408X1097612544Difficultsoma_pred_affs/3969 with read ROI [8144:9712, 4688:6256, 1232:2800] (1568, 1568, 1568) and write ROI [8640:9216, 5184:5760, 1728:2304] (576, 576, 576)
Recording block-done for octoS0SubroiZ15683136Y78409408X1097612544Difficultsoma_pred_affs/10171 with read ROI [8144:9712, 4112:5680, 8144:9712] (1568, 1568, 1568) and write ROI [8640:9216, 4608:5184, 8640:9216] (576, 576, 576)
Recorded block-done for octoS0SubroiZ15683136Y78409408X1097612544Difficultsoma_pred_affs/10171 with read ROI [8144:9712, 4112:5680, 8144:9712] (1568, 1568, 1568) and write ROI [8640:9216, 4608:5184, 8640:9216] (576, 576, 576)
Recording block-done for octoS0SubroiZ15683136Y78409408X1097612544Difficultsoma_pred_affs/12656 with read ROI [8144:9712, 4688:6256, 9296:10864] (1568, 1568, 1568) and write ROI [8640:9216, 5184:5760, 9792:10368] (576, 576, 576)
Recorded block-done for octoS0SubroiZ15683136Y78409408X1097612544Difficultsoma_pred_affs/12656 with read ROI [8144:9712, 4688:6256, 9296:10864] (1568, 1568, 1568) and write ROI [8640:9216, 5184:5760, 9792:10368] (576, 576, 576)
Recording block-done for octoS0SubroiZ15683136Y78409408X1097612544Difficultsoma_pred_affs/8110 with read ROI [8144:9712, 5264:6832, 5264:6832] (1568, 1568, 1568) and write ROI [8640:9216, 5760:6336, 5760:6336] (576, 576, 576)
Recorded block-done for octoS0SubroiZ15683136Y78409408X1097612544Difficultsoma_pred_affs/8110 with read ROI [8144:9712, 5264:6832, 5264:6832] (1568, 1568, 1568) and write ROI [8640:9216, 5760:6336, 5760:6336] (576, 576, 576)
Recording block-done for octoS0SubroiZ15683136Y78409408X1097612544Difficultsoma_pred_affs/11000 with read ROI [8144:9712, 5264:6832, 7568:9136] (1568, 1568, 1568) and write ROI [8640:9216, 5760:6336, 8064:8640] (576, 576, 576)
Recorded block-done for octoS0SubroiZ15683136Y78409408X1097612544Difficultsoma_pred_affs/11000 with read ROI [8144:9712, 5264:6832, 7568:9136] (1568, 1568, 1568) and write ROI [8640:9216, 5760:6336, 8064:8640] (576, 576, 576)
Recording block-done for octoS0SubroiZ15683136Y78409408X1097612544Difficultsoma_pred_affs/5326 with read ROI [8144:9712, 5840:7408, 1808:3376] (1568, 1568, 1568) and write ROI [8640:9216, 6336:6912, 2304:2880] (576, 576, 576)
Recorded block-done for octoS0SubroiZ15683136Y78409408X1097612544Difficultsoma_pred_affs/5326 with read ROI [8144:9712, 5840:7408, 1808:3376] (1568, 1568, 1568) and write ROI [8640:9216, 6336:6912, 2304:2880] (576, 576, 576)
Recording block-done for octoS0SubroiZ15683136Y78409408X1097612544Difficultsoma_pred_affs/11846 with read ROI [8144:9712, 5840:7408, 7568:9136] (1568, 1568, 1568) and write ROI [8640:9216, 6336:6912, 8064:8640] (576, 576, 576)
Recorded block-done for octoS0SubroiZ15683136Y78409408X1097612544Difficultsoma_pred_affs/11846 with read ROI [8144:9712, 5840:7408, 7568:9136] (1568, 1568, 1568) and write ROI [8640:9216, 6336:6912, 8064:8640] (576, 576, 576)
Recording block-done for octoS0SubroiZ15683136Y78409408X1097612544Difficultsoma_pred_affs/12707 with read ROI [8144:9712, 5840:7408, 8144:9712] (1568, 1568, 1568) and write ROI [8640:9216, 6336:6912, 8640:9216] (576, 576, 576)
Recorded block-done for octoS0SubroiZ15683136Y78409408X1097612544Difficultsoma_pred_affs/12707 with read ROI [8144:9712, 5840:7408, 8144:9712] (1568, 1568, 1568) and write ROI [8640:9216, 6336:6912, 8640:9216] (576, 576, 576)
Recording block-done for octoS0SubroiZ15683136Y78409408X1097612544Difficultsoma_pred_affs/9532 with read ROI [8144:9712, 6416:7984, 5264:6832] (1568, 1568, 1568) and write ROI [8640:9216, 6912:7488, 5760:6336] (576, 576, 576)
Recorded block-done for octoS0SubroiZ15683136Y78409408X1097612544Difficultsoma_pred_affs/9532 with read ROI [8144:9712, 6416:7984, 5264:6832] (1568, 1568, 1568) and write ROI [8640:9216, 6912:7488, 5760:6336] (576, 576, 576)
Recording block-done for octoS0SubroiZ15683136Y78409408X1097612544Difficultsoma_pred_affs/7533 with read ROI [8144:9712, 6416:7984, 3536:5104] (1568, 1568, 1568) and write ROI [8640:9216, 6912:7488, 4032:4608] (576, 576, 576)
Recorded block-done for octoS0SubroiZ15683136Y78409408X1097612544Difficultsoma_pred_affs/7533 with read ROI [8144:9712, 6416:7984, 3536:5104] (1568, 1568, 1568) and write ROI [8640:9216, 6912:7488, 4032:4608] (576, 576, 576)
Recording block-done for octoS0SubroiZ15683136Y78409408X1097612544Difficultsoma_pred_affs/6405 with read ROI [8144:9712, 6992:8560, 1808:3376] (1568, 1568, 1568) and write ROI [8640:9216, 7488:8064, 2304:2880] (576, 576, 576)
Recorded block-done for octoS0SubroiZ15683136Y78409408X1097612544Difficultsoma_pred_affs/6405 with read ROI [8144:9712, 6992:8560, 1808:3376] (1568, 1568, 1568) and write ROI [8640:9216, 7488:8064, 2304:2880] (576, 576, 576)
Recording block-done for octoS0SubroiZ15683136Y78409408X1097612544Difficultsoma_pred_affs/9560 with read ROI [8144:9712, 6992:8560, 4688:6256] (1568, 1568, 1568) and write ROI [8640:9216, 7488:8064, 5184:5760] (576, 576, 576)
Recorded block-done for octoS0SubroiZ15683136Y78409408X1097612544Difficultsoma_pred_affs/9560 with read ROI [8144:9712, 6992:8560, 4688:6256] (1568, 1568, 1568) and write ROI [8640:9216, 7488:8064, 5184:5760] (576, 576, 576)
Recording block-done for octoS0SubroiZ15683136Y78409408X1097612544Difficultsoma_pred_affs/14611 with read ROI [8144:9712, 6992:8560, 8144:9712] (1568, 1568, 1568) and write ROI [8640:9216, 7488:8064, 8640:9216] (576, 576, 576)
Recorded block-done for octoS0SubroiZ15683136Y78409408X1097612544Difficultsoma_pred_affs/14611 with read ROI [8144:9712, 6992:8560, 8144:9712] (1568, 1568, 1568) and write ROI [8640:9216, 7488:8064, 8640:9216] (576, 576, 576)
Recording block-done for octoS0SubroiZ15683136Y78409408X1097612544Difficultsoma_pred_affs/18874 with read ROI [8144:9712, 7568:9136, 9872:11440] (1568, 1568, 1568) and write ROI [8640:9216, 8064:8640, 10368:10944] (576, 576, 576)
Recorded block-done for octoS0SubroiZ15683136Y78409408X1097612544Difficultsoma_pred_affs/18874 with read ROI [8144:9712, 7568:9136, 9872:11440] (1568, 1568, 1568) and write ROI [8640:9216, 8064:8640, 10368:10944] (576, 576, 576)
Recording block-done for octoS0SubroiZ15683136Y78409408X1097612544Difficultsoma_pred_affs/12821 with read ROI [8144:9712, 8144:9712, 5840:7408] (1568, 1568, 1568) and write ROI [8640:9216, 8640:9216, 6336:6912] (576, 576, 576)
Recorded block-done for octoS0SubroiZ15683136Y78409408X1097612544Difficultsoma_pred_affs/12821 with read ROI [8144:9712, 8144:9712, 5840:7408] (1568, 1568, 1568) and write ROI [8640:9216, 8640:9216, 6336:6912] (576, 576, 576)
Recording block-done for octoS0SubroiZ15683136Y78409408X1097612544Difficultsoma_pred_affs/7651 with read ROI [8144:9712, 8720:10288, 1232:2800] (1568, 1568, 1568) and write ROI [8640:9216, 9216:9792, 1728:2304] (576, 576, 576)
Recorded block-done for octoS0SubroiZ15683136Y78409408X1097612544Difficultsoma_pred_affs/7651 with read ROI [8144:9712, 8720:10288, 1232:2800] (1568, 1568, 1568) and write ROI [8640:9216, 9216:9792, 1728:2304] (576, 576, 576)
Recording block-done for octoS0SubroiZ15683136Y78409408X1097612544Difficultsoma_pred_affs/13694 with read ROI [8144:9712, 7568:9136, 6992:8560] (1568, 1568, 1568) and write ROI [8640:9216, 8064:8640, 7488:8064] (576, 576, 576)
Recorded block-done for octoS0SubroiZ15683136Y78409408X1097612544Difficultsoma_pred_affs/13694 with read ROI [8144:9712, 7568:9136, 6992:8560] (1568, 1568, 1568) and write ROI [8640:9216, 8064:8640, 7488:8064] (576, 576, 576)
Recording block-done for octoS0SubroiZ15683136Y78409408X1097612544Difficultsoma_pred_affs/12852 with read ROI [8144:9712, 8720:10288, 5264:6832] (1568, 1568, 1568) and write ROI [8640:9216, 9216:9792, 5760:6336] (576, 576, 576)
Recorded block-done for octoS0SubroiZ15683136Y78409408X1097612544Difficultsoma_pred_affs/12852 with read ROI [8144:9712, 8720:10288, 5264:6832] (1568, 1568, 1568) and write ROI [8640:9216, 9216:9792, 5760:6336] (576, 576, 576)
Recording block-done for octoS0SubroiZ15683136Y78409408X1097612544Difficultsoma_pred_affs/14670 with read ROI [8144:9712, 8144:9712, 6992:8560] (1568, 1568, 1568) and write ROI [8640:9216, 8640:9216, 7488:8064] (576, 576, 576)
Recorded block-done for octoS0SubroiZ15683136Y78409408X1097612544Difficultsoma_pred_affs/14670 with read ROI [8144:9712, 8144:9712, 6992:8560] (1568, 1568, 1568) and write ROI [8640:9216, 8640:9216, 7488:8064] (576, 576, 576)
Recording block-done for octoS0SubroiZ15683136Y78409408X1097612544Difficultsoma_pred_affs/20111 with read ROI [8144:9712, 8720:10288, 9296:10864] (1568, 1568, 1568) and write ROI [8640:9216, 9216:9792, 9792:10368] (576, 576, 576)
Recorded block-done for octoS0SubroiZ15683136Y78409408X1097612544Difficultsoma_pred_affs/20111 with read ROI [8144:9712, 8720:10288, 9296:10864] (1568, 1568, 1568) and write ROI [8640:9216, 9216:9792, 9792:10368] (576, 576, 576)
Recording block-done for octoS0SubroiZ15683136Y78409408X1097612544Difficultsoma_pred_affs/8313 with read ROI [8144:9712, 9296:10864, 1232:2800] (1568, 1568, 1568) and write ROI [8640:9216, 9792:10368, 1728:2304] (576, 576, 576)
Recorded block-done for octoS0SubroiZ15683136Y78409408X1097612544Difficultsoma_pred_affs/8313 with read ROI [8144:9712, 9296:10864, 1232:2800] (1568, 1568, 1568) and write ROI [8640:9216, 9792:10368, 1728:2304] (576, 576, 576)
Recording block-done for octoS0SubroiZ15683136Y78409408X1097612544Difficultsoma_pred_affs/17807 with read ROI [8144:9712, 8720:10288, 8144:9712] (1568, 1568, 1568) and write ROI [8640:9216, 9216:9792, 8640:9216] (576, 576, 576)
Recorded block-done for octoS0SubroiZ15683136Y78409408X1097612544Difficultsoma_pred_affs/17807 with read ROI [8144:9712, 8720:10288, 8144:9712] (1568, 1568, 1568) and write ROI [8640:9216, 9216:9792, 8640:9216] (576, 576, 576)
Recording block-done for octoS0SubroiZ15683136Y78409408X1097612544Difficultsoma_pred_affs/21368 with read ROI [8144:9712, 9296:10864, 9296:10864] (1568, 1568, 1568) and write ROI [8640:9216, 9792:10368, 9792:10368] (576, 576, 576)
Recorded block-done for octoS0SubroiZ15683136Y78409408X1097612544Difficultsoma_pred_affs/21368 with read ROI [8144:9712, 9296:10864, 9296:10864] (1568, 1568, 1568) and write ROI [8640:9216, 9792:10368, 9792:10368] (576, 576, 576)
Recording block-done for octoS0SubroiZ15683136Y78409408X1097612544Difficultsoma_pred_affs/20143 with read ROI [8144:9712, 9296:10864, 8720:10288] (1568, 1568, 1568) and write ROI [8640:9216, 9792:10368, 9216:9792] (576, 576, 576)
Recorded block-done for octoS0SubroiZ15683136Y78409408X1097612544Difficultsoma_pred_affs/20143 with read ROI [8144:9712, 9296:10864, 8720:10288] (1568, 1568, 1568) and write ROI [8640:9216, 9792:10368, 9216:9792] (576, 576, 576)
Recording block-done for octoS0SubroiZ15683136Y78409408X1097612544Difficultsoma_pred_affs/16791 with read ROI [8144:9712, 9872:11440, 6416:7984] (1568, 1568, 1568) and write ROI [8640:9216, 10368:10944, 6912:7488] (576, 576, 576)
Recorded block-done for octoS0SubroiZ15683136Y78409408X1097612544Difficultsoma_pred_affs/16791 with read ROI [8144:9712, 9872:11440, 6416:7984] (1568, 1568, 1568) and write ROI [8640:9216, 10368:10944, 6912:7488] (576, 576, 576)
Recording block-done for octoS0SubroiZ15683136Y78409408X1097612544Difficultsoma_pred_affs/25380 with read ROI [8144:9712, 9872:11440, 10448:12016] (1568, 1568, 1568) and write ROI [8640:9216, 10368:10944, 10944:11520] (576, 576, 576)
Recorded block-done for octoS0SubroiZ15683136Y78409408X1097612544Difficultsoma_pred_affs/25380 with read ROI [8144:9712, 9872:11440, 10448:12016] (1568, 1568, 1568) and write ROI [8640:9216, 10368:10944, 10944:11520] (576, 576, 576)
Recording block-done for octoS0SubroiZ15683136Y78409408X1097612544Difficultsoma_pred_affs/11270 with read ROI [8144:9712, 10448:12016, 2384:3952] (1568, 1568, 1568) and write ROI [8640:9216, 10944:11520, 2880:3456] (576, 576, 576)
Recorded block-done for octoS0SubroiZ15683136Y78409408X1097612544Difficultsoma_pred_affs/11270 with read ROI [8144:9712, 10448:12016, 2384:3952] (1568, 1568, 1568) and write ROI [8640:9216, 10944:11520, 2880:3456] (576, 576, 576)
Recording block-done for octoS0SubroiZ15683136Y78409408X1097612544Difficultsoma_pred_affs/12951 with read ROI [8144:9712, 10448:12016, 3536:5104] (1568, 1568, 1568) and write ROI [8640:9216, 10944:11520, 4032:4608] (576, 576, 576)
Recorded block-done for octoS0SubroiZ15683136Y78409408X1097612544Difficultsoma_pred_affs/12951 with read ROI [8144:9712, 10448:12016, 3536:5104] (1568, 1568, 1568) and write ROI [8640:9216, 10944:11520, 4032:4608] (576, 576, 576)
Recording block-done for octoS0SubroiZ15683136Y78409408X1097612544Difficultsoma_pred_affs/1499 with read ROI [8720:10288, 80:1648, 656:2224] (1568, 1568, 1568) and write ROI [9216:9792, 576:1152, 1152:1728] (576, 576, 576)
Recorded block-done for octoS0SubroiZ15683136Y78409408X1097612544Difficultsoma_pred_affs/1499 with read ROI [8720:10288, 80:1648, 656:2224] (1568, 1568, 1568) and write ROI [9216:9792, 576:1152, 1152:1728] (576, 576, 576)
Recording block-done for octoS0SubroiZ15683136Y78409408X1097612544Difficultsoma_pred_affs/3445 with read ROI [8720:10288, 80:1648, 4688:6256] (1568, 1568, 1568) and write ROI [9216:9792, 576:1152, 5184:5760] (576, 576, 576)
Recorded block-done for octoS0SubroiZ15683136Y78409408X1097612544Difficultsoma_pred_affs/3445 with read ROI [8720:10288, 80:1648, 4688:6256] (1568, 1568, 1568) and write ROI [9216:9792, 576:1152, 5184:5760] (576, 576, 576)
Recording block-done for octoS0SubroiZ15683136Y78409408X1097612544Difficultsoma_pred_affs/1517 with read ROI [8720:10288, 656:2224, 80:1648] (1568, 1568, 1568) and write ROI [9216:9792, 1152:1728, 576:1152] (576, 576, 576)
Recorded block-done for octoS0SubroiZ15683136Y78409408X1097612544Difficultsoma_pred_affs/1517 with read ROI [8720:10288, 656:2224, 80:1648] (1568, 1568, 1568) and write ROI [9216:9792, 1152:1728, 576:1152] (576, 576, 576)
Recording block-done for octoS0SubroiZ15683136Y78409408X1097612544Difficultsoma_pred_affs/2211 with read ROI [8720:10288, 656:2224, 1808:3376] (1568, 1568, 1568) and write ROI [9216:9792, 1152:1728, 2304:2880] (576, 576, 576)
Recorded block-done for octoS0SubroiZ15683136Y78409408X1097612544Difficultsoma_pred_affs/2211 with read ROI [8720:10288, 656:2224, 1808:3376] (1568, 1568, 1568) and write ROI [9216:9792, 1152:1728, 2304:2880] (576, 576, 576)
Recording block-done for octoS0SubroiZ15683136Y78409408X1097612544Difficultsoma_pred_affs/3463 with read ROI [8720:10288, 656:2224, 4112:5680] (1568, 1568, 1568) and write ROI [9216:9792, 1152:1728, 4608:5184] (576, 576, 576)
Recorded block-done for octoS0SubroiZ15683136Y78409408X1097612544Difficultsoma_pred_affs/3463 with read ROI [8720:10288, 656:2224, 4112:5680] (1568, 1568, 1568) and write ROI [9216:9792, 1152:1728, 4608:5184] (576, 576, 576)
Recording block-done for octoS0SubroiZ15683136Y78409408X1097612544Difficultsoma_pred_affs/3841 with read ROI [8720:10288, 656:2224, 4688:6256] (1568, 1568, 1568) and write ROI [9216:9792, 1152:1728, 5184:5760] (576, 576, 576)
Recorded block-done for octoS0SubroiZ15683136Y78409408X1097612544Difficultsoma_pred_affs/3841 with read ROI [8720:10288, 656:2224, 4688:6256] (1568, 1568, 1568) and write ROI [9216:9792, 1152:1728, 5184:5760] (576, 576, 576)
Recording block-done for octoS0SubroiZ15683136Y78409408X1097612544Difficultsoma_pred_affs/5147 with read ROI [8720:10288, 656:2224, 6416:7984] (1568, 1568, 1568) and write ROI [9216:9792, 1152:1728, 6912:7488] (576, 576, 576)
Recorded block-done for octoS0SubroiZ15683136Y78409408X1097612544Difficultsoma_pred_affs/5147 with read ROI [8720:10288, 656:2224, 6416:7984] (1568, 1568, 1568) and write ROI [9216:9792, 1152:1728, 6912:7488] (576, 576, 576)
Recording block-done for octoS0SubroiZ15683136Y78409408X1097612544Difficultsoma_pred_affs/8623 with read ROI [8720:10288, 656:2224, 9872:11440] (1568, 1568, 1568) and write ROI [9216:9792, 1152:1728, 10368:10944] (576, 576, 576)
Recorded block-done for octoS0SubroiZ15683136Y78409408X1097612544Difficultsoma_pred_affs/8623 with read ROI [8720:10288, 656:2224, 9872:11440] (1568, 1568, 1568) and write ROI [9216:9792, 1152:1728, 10368:10944] (576, 576, 576)
Recording block-done for octoS0SubroiZ15683136Y78409408X1097612544Difficultsoma_pred_affs/1746 with read ROI [8720:10288, 1232:2800, 80:1648] (1568, 1568, 1568) and write ROI [9216:9792, 1728:2304, 576:1152] (576, 576, 576)
Recorded block-done for octoS0SubroiZ15683136Y78409408X1097612544Difficultsoma_pred_affs/1746 with read ROI [8720:10288, 1232:2800, 80:1648] (1568, 1568, 1568) and write ROI [9216:9792, 1728:2304, 576:1152] (576, 576, 576)
Recording block-done for octoS0SubroiZ15683136Y78409408X1097612544Difficultsoma_pred_affs/8642 with read ROI [8720:10288, 1232:2800, 9296:10864] (1568, 1568, 1568) and write ROI [9216:9792, 1728:2304, 9792:10368] (576, 576, 576)
Recorded block-done for octoS0SubroiZ15683136Y78409408X1097612544Difficultsoma_pred_affs/8642 with read ROI [8720:10288, 1232:2800, 9296:10864] (1568, 1568, 1568) and write ROI [9216:9792, 1728:2304, 9792:10368] (576, 576, 576)
Recording block-done for octoS0SubroiZ15683136Y78409408X1097612544Difficultsoma_pred_affs/9345 with read ROI [8720:10288, 1232:2800, 9872:11440] (1568, 1568, 1568) and write ROI [9216:9792, 1728:2304, 10368:10944] (576, 576, 576)
Recorded block-done for octoS0SubroiZ15683136Y78409408X1097612544Difficultsoma_pred_affs/9345 with read ROI [8720:10288, 1232:2800, 9872:11440] (1568, 1568, 1568) and write ROI [9216:9792, 1728:2304, 10368:10944] (576, 576, 576)
Recording block-done for octoS0SubroiZ15683136Y78409408X1097612544Difficultsoma_pred_affs/3151 with read ROI [8720:10288, 1808:3376, 2384:3952] (1568, 1568, 1568) and write ROI [9216:9792, 2304:2880, 2880:3456] (576, 576, 576)
Recorded block-done for octoS0SubroiZ15683136Y78409408X1097612544Difficultsoma_pred_affs/3151 with read ROI [8720:10288, 1808:3376, 2384:3952] (1568, 1568, 1568) and write ROI [9216:9792, 2304:2880, 2880:3456] (576, 576, 576)
Recording block-done for octoS0SubroiZ15683136Y78409408X1097612544Difficultsoma_pred_affs/3172 with read ROI [8720:10288, 2384:3952, 1808:3376] (1568, 1568, 1568) and write ROI [9216:9792, 2880:3456, 2304:2880] (576, 576, 576)
Recorded block-done for octoS0SubroiZ15683136Y78409408X1097612544Difficultsoma_pred_affs/3172 with read ROI [8720:10288, 2384:3952, 1808:3376] (1568, 1568, 1568) and write ROI [9216:9792, 2880:3456, 2304:2880] (576, 576, 576)
Recording block-done for octoS0SubroiZ15683136Y78409408X1097612544Difficultsoma_pred_affs/3880 with read ROI [8720:10288, 1808:3376, 3536:5104] (1568, 1568, 1568) and write ROI [9216:9792, 2304:2880, 4032:4608] (576, 576, 576)
Recorded block-done for octoS0SubroiZ15683136Y78409408X1097612544Difficultsoma_pred_affs/3880 with read ROI [8720:10288, 1808:3376, 3536:5104] (1568, 1568, 1568) and write ROI [9216:9792, 2304:2880, 4032:4608] (576, 576, 576)
Recording block-done for octoS0SubroiZ15683136Y78409408X1097612544Difficultsoma_pred_affs/6792 with read ROI [8720:10288, 2384:3952, 6416:7984] (1568, 1568, 1568) and write ROI [9216:9792, 2880:3456, 6912:7488] (576, 576, 576)
Recorded block-done for octoS0SubroiZ15683136Y78409408X1097612544Difficultsoma_pred_affs/6792 with read ROI [8720:10288, 2384:3952, 6416:7984] (1568, 1568, 1568) and write ROI [9216:9792, 2880:3456, 6912:7488] (576, 576, 576)
Recording block-done for octoS0SubroiZ15683136Y78409408X1097612544Difficultsoma_pred_affs/5207 with read ROI [8720:10288, 2384:3952, 4688:6256] (1568, 1568, 1568) and write ROI [9216:9792, 2880:3456, 5184:5760] (576, 576, 576)
Recorded block-done for octoS0SubroiZ15683136Y78409408X1097612544Difficultsoma_pred_affs/5207 with read ROI [8720:10288, 2384:3952, 4688:6256] (1568, 1568, 1568) and write ROI [9216:9792, 2880:3456, 5184:5760] (576, 576, 576)
Recording block-done for octoS0SubroiZ15683136Y78409408X1097612544Difficultsoma_pred_affs/9386 with read ROI [8720:10288, 2384:3952, 8720:10288] (1568, 1568, 1568) and write ROI [9216:9792, 2880:3456, 9216:9792] (576, 576, 576)
Recorded block-done for octoS0SubroiZ15683136Y78409408X1097612544Difficultsoma_pred_affs/9386 with read ROI [8720:10288, 2384:3952, 8720:10288] (1568, 1568, 1568) and write ROI [9216:9792, 2880:3456, 9216:9792] (576, 576, 576)
Recording block-done for octoS0SubroiZ15683136Y78409408X1097612544Difficultsoma_pred_affs/5229 with read ROI [8720:10288, 2960:4528, 4112:5680] (1568, 1568, 1568) and write ROI [9216:9792, 3456:4032, 4608:5184] (576, 576, 576)
Recorded block-done for octoS0SubroiZ15683136Y78409408X1097612544Difficultsoma_pred_affs/5229 with read ROI [8720:10288, 2960:4528, 4112:5680] (1568, 1568, 1568) and write ROI [9216:9792, 3456:4032, 4608:5184] (576, 576, 576)
Recording block-done for octoS0SubroiZ15683136Y78409408X1097612544Difficultsoma_pred_affs/3545 with read ROI [8720:10288, 2960:4528, 1808:3376] (1568, 1568, 1568) and write ROI [9216:9792, 3456:4032, 2304:2880] (576, 576, 576)
Recorded block-done for octoS0SubroiZ15683136Y78409408X1097612544Difficultsoma_pred_affs/3545 with read ROI [8720:10288, 2960:4528, 1808:3376] (1568, 1568, 1568) and write ROI [9216:9792, 3456:4032, 2304:2880] (576, 576, 576)
Recording block-done for octoS0SubroiZ15683136Y78409408X1097612544Difficultsoma_pred_affs/10929 with read ROI [8720:10288, 2960:4528, 9296:10864] (1568, 1568, 1568) and write ROI [9216:9792, 3456:4032, 9792:10368] (576, 576, 576)
Recorded block-done for octoS0SubroiZ15683136Y78409408X1097612544Difficultsoma_pred_affs/10929 with read ROI [8720:10288, 2960:4528, 9296:10864] (1568, 1568, 1568) and write ROI [9216:9792, 3456:4032, 9792:10368] (576, 576, 576)
Recording block-done for octoS0SubroiZ15683136Y78409408X1097612544Difficultsoma_pred_affs/2892 with read ROI [8720:10288, 3536:5104, 80:1648] (1568, 1568, 1568) and write ROI [9216:9792, 4032:4608, 576:1152] (576, 576, 576)
Recorded block-done for octoS0SubroiZ15683136Y78409408X1097612544Difficultsoma_pred_affs/2892 with read ROI [8720:10288, 3536:5104, 80:1648] (1568, 1568, 1568) and write ROI [9216:9792, 4032:4608, 576:1152] (576, 576, 576)
Recording block-done for octoS0SubroiZ15683136Y78409408X1097612544Difficultsoma_pred_affs/3946 with read ROI [8720:10288, 3536:5104, 1808:3376] (1568, 1568, 1568) and write ROI [9216:9792, 4032:4608, 2304:2880] (576, 576, 576)
Recorded block-done for octoS0SubroiZ15683136Y78409408X1097612544Difficultsoma_pred_affs/3946 with read ROI [8720:10288, 3536:5104, 1808:3376] (1568, 1568, 1568) and write ROI [9216:9792, 4032:4608, 2304:2880] (576, 576, 576)
Recording block-done for octoS0SubroiZ15683136Y78409408X1097612544Difficultsoma_pred_affs/10952 with read ROI [8720:10288, 3536:5104, 8720:10288] (1568, 1568, 1568) and write ROI [9216:9792, 4032:4608, 9216:9792] (576, 576, 576)
Recorded block-done for octoS0SubroiZ15683136Y78409408X1097612544Difficultsoma_pred_affs/10952 with read ROI [8720:10288, 3536:5104, 8720:10288] (1568, 1568, 1568) and write ROI [9216:9792, 4032:4608, 9216:9792] (576, 576, 576)
Recording block-done for octoS0SubroiZ15683136Y78409408X1097612544Difficultsoma_pred_affs/7432 with read ROI [8720:10288, 3536:5104, 5840:7408] (1568, 1568, 1568) and write ROI [9216:9792, 4032:4608, 6336:6912] (576, 576, 576)
Recorded block-done for octoS0SubroiZ15683136Y78409408X1097612544Difficultsoma_pred_affs/7432 with read ROI [8720:10288, 3536:5104, 5840:7408] (1568, 1568, 1568) and write ROI [9216:9792, 4032:4608, 6336:6912] (576, 576, 576)
Recording block-done for octoS0SubroiZ15683136Y78409408X1097612544Difficultsoma_pred_affs/3970 with read ROI [8720:10288, 4112:5680, 1232:2800] (1568, 1568, 1568) and write ROI [9216:9792, 4608:5184, 1728:2304] (576, 576, 576)
Recorded block-done for octoS0SubroiZ15683136Y78409408X1097612544Difficultsoma_pred_affs/3970 with read ROI [8720:10288, 4112:5680, 1232:2800] (1568, 1568, 1568) and write ROI [9216:9792, 4608:5184, 1728:2304] (576, 576, 576)
Recording block-done for octoS0SubroiZ15683136Y78409408X1097612544Difficultsoma_pred_affs/6861 with read ROI [8720:10288, 4112:5680, 4688:6256] (1568, 1568, 1568) and write ROI [9216:9792, 4608:5184, 5184:5760] (576, 576, 576)
Recorded block-done for octoS0SubroiZ15683136Y78409408X1097612544Difficultsoma_pred_affs/6861 with read ROI [8720:10288, 4112:5680, 4688:6256] (1568, 1568, 1568) and write ROI [9216:9792, 4608:5184, 5184:5760] (576, 576, 576)
Recording block-done for octoS0SubroiZ15683136Y78409408X1097612544Difficultsoma_pred_affs/5276 with read ROI [8720:10288, 4112:5680, 2960:4528] (1568, 1568, 1568) and write ROI [9216:9792, 4608:5184, 3456:4032] (576, 576, 576)
Recorded block-done for octoS0SubroiZ15683136Y78409408X1097612544Difficultsoma_pred_affs/5276 with read ROI [8720:10288, 4112:5680, 2960:4528] (1568, 1568, 1568) and write ROI [9216:9792, 4608:5184, 3456:4032] (576, 576, 576)
Recording block-done for octoS0SubroiZ15683136Y78409408X1097612544Difficultsoma_pred_affs/9455 with read ROI [8720:10288, 4112:5680, 6992:8560] (1568, 1568, 1568) and write ROI [9216:9792, 4608:5184, 7488:8064] (576, 576, 576)
Recorded block-done for octoS0SubroiZ15683136Y78409408X1097612544Difficultsoma_pred_affs/9455 with read ROI [8720:10288, 4112:5680, 6992:8560] (1568, 1568, 1568) and write ROI [9216:9792, 4608:5184, 7488:8064] (576, 576, 576)
Recording block-done for octoS0SubroiZ15683136Y78409408X1097612544Difficultsoma_pred_affs/10976 with read ROI [8720:10288, 4112:5680, 8144:9712] (1568, 1568, 1568) and write ROI [9216:9792, 4608:5184, 8640:9216] (576, 576, 576)
Recorded block-done for octoS0SubroiZ15683136Y78409408X1097612544Difficultsoma_pred_affs/10976 with read ROI [8720:10288, 4112:5680, 8144:9712] (1568, 1568, 1568) and write ROI [9216:9792, 4608:5184, 8640:9216] (576, 576, 576)
Recording block-done for octoS0SubroiZ15683136Y78409408X1097612544Difficultsoma_pred_affs/3617 with read ROI [8720:10288, 4688:6256, 80:1648] (1568, 1568, 1568) and write ROI [9216:9792, 5184:5760, 576:1152] (576, 576, 576)
Recorded block-done for octoS0SubroiZ15683136Y78409408X1097612544Difficultsoma_pred_affs/3617 with read ROI [8720:10288, 4688:6256, 80:1648] (1568, 1568, 1568) and write ROI [9216:9792, 5184:5760, 576:1152] (576, 576, 576)
Recording block-done for octoS0SubroiZ15683136Y78409408X1097612544Difficultsoma_pred_affs/14531 with read ROI [8720:10288, 4688:6256, 9872:11440] (1568, 1568, 1568) and write ROI [9216:9792, 5184:5760, 10368:10944] (576, 576, 576)
Recorded block-done for octoS0SubroiZ15683136Y78409408X1097612544Difficultsoma_pred_affs/14531 with read ROI [8720:10288, 4688:6256, 9872:11440] (1568, 1568, 1568) and write ROI [9216:9792, 5184:5760, 10368:10944] (576, 576, 576)
Recording block-done for octoS0SubroiZ15683136Y78409408X1097612544Difficultsoma_pred_affs/4862 with read ROI [8720:10288, 5264:6832, 1232:2800] (1568, 1568, 1568) and write ROI [9216:9792, 5760:6336, 1728:2304] (576, 576, 576)
Recorded block-done for octoS0SubroiZ15683136Y78409408X1097612544Difficultsoma_pred_affs/4862 with read ROI [8720:10288, 5264:6832, 1232:2800] (1568, 1568, 1568) and write ROI [9216:9792, 5760:6336, 1728:2304] (576, 576, 576)
Recording block-done for octoS0SubroiZ15683136Y78409408X1097612544Difficultsoma_pred_affs/4427 with read ROI [8720:10288, 5264:6832, 656:2224] (1568, 1568, 1568) and write ROI [9216:9792, 5760:6336, 1152:1728] (576, 576, 576)
Recorded block-done for octoS0SubroiZ15683136Y78409408X1097612544Difficultsoma_pred_affs/4427 with read ROI [8720:10288, 5264:6832, 656:2224] (1568, 1568, 1568) and write ROI [9216:9792, 5760:6336, 1152:1728] (576, 576, 576)
Recording block-done for octoS0SubroiZ15683136Y78409408X1097612544Difficultsoma_pred_affs/5823 with read ROI [8720:10288, 5264:6832, 2384:3952] (1568, 1568, 1568) and write ROI [9216:9792, 5760:6336, 2880:3456] (576, 576, 576)
Recorded block-done for octoS0SubroiZ15683136Y78409408X1097612544Difficultsoma_pred_affs/5823 with read ROI [8720:10288, 5264:6832, 2384:3952] (1568, 1568, 1568) and write ROI [9216:9792, 5760:6336, 2880:3456] (576, 576, 576)
Recording block-done for octoS0SubroiZ15683136Y78409408X1097612544Difficultsoma_pred_affs/8803 with read ROI [8720:10288, 5264:6832, 5264:6832] (1568, 1568, 1568) and write ROI [9216:9792, 5760:6336, 5760:6336] (576, 576, 576)
Recorded block-done for octoS0SubroiZ15683136Y78409408X1097612544Difficultsoma_pred_affs/8803 with read ROI [8720:10288, 5264:6832, 5264:6832] (1568, 1568, 1568) and write ROI [9216:9792, 5760:6336, 5760:6336] (576, 576, 576)
Recording block-done for octoS0SubroiZ15683136Y78409408X1097612544Difficultsoma_pred_affs/9533 with read ROI [8720:10288, 5840:7408, 5264:6832] (1568, 1568, 1568) and write ROI [9216:9792, 6336:6912, 5760:6336] (576, 576, 576)
Recorded block-done for octoS0SubroiZ15683136Y78409408X1097612544Difficultsoma_pred_affs/9533 with read ROI [8720:10288, 5840:7408, 5264:6832] (1568, 1568, 1568) and write ROI [9216:9792, 6336:6912, 5760:6336] (576, 576, 576)
Recording block-done for octoS0SubroiZ15683136Y78409408X1097612544Difficultsoma_pred_affs/8164 with read ROI [8720:10288, 5840:7408, 4112:5680] (1568, 1568, 1568) and write ROI [9216:9792, 6336:6912, 4608:5184] (576, 576, 576)
Recorded block-done for octoS0SubroiZ15683136Y78409408X1097612544Difficultsoma_pred_affs/8164 with read ROI [8720:10288, 5840:7408, 4112:5680] (1568, 1568, 1568) and write ROI [9216:9792, 6336:6912, 4608:5184] (576, 576, 576)
Recording block-done for octoS0SubroiZ15683136Y78409408X1097612544Difficultsoma_pred_affs/11054 with read ROI [8720:10288, 5840:7408, 6416:7984] (1568, 1568, 1568) and write ROI [9216:9792, 6336:6912, 6912:7488] (576, 576, 576)
Recorded block-done for octoS0SubroiZ15683136Y78409408X1097612544Difficultsoma_pred_affs/11054 with read ROI [8720:10288, 5840:7408, 6416:7984] (1568, 1568, 1568) and write ROI [9216:9792, 6336:6912, 6912:7488] (576, 576, 576)
Recording block-done for octoS0SubroiZ15683136Y78409408X1097612544Difficultsoma_pred_affs/12735 with read ROI [8720:10288, 5840:7408, 7568:9136] (1568, 1568, 1568) and write ROI [9216:9792, 6336:6912, 8064:8640] (576, 576, 576)
Recorded block-done for octoS0SubroiZ15683136Y78409408X1097612544Difficultsoma_pred_affs/12735 with read ROI [8720:10288, 5840:7408, 7568:9136] (1568, 1568, 1568) and write ROI [9216:9792, 6336:6912, 8064:8640] (576, 576, 576)
Recording block-done for octoS0SubroiZ15683136Y78409408X1097612544Difficultsoma_pred_affs/9561 with read ROI [8720:10288, 6416:7984, 4688:6256] (1568, 1568, 1568) and write ROI [9216:9792, 6912:7488, 5184:5760] (576, 576, 576)
Recorded block-done for octoS0SubroiZ15683136Y78409408X1097612544Difficultsoma_pred_affs/9561 with read ROI [8720:10288, 6416:7984, 4688:6256] (1568, 1568, 1568) and write ROI [9216:9792, 6912:7488, 5184:5760] (576, 576, 576)
Recording block-done for octoS0SubroiZ15683136Y78409408X1097612544Difficultsoma_pred_affs/17718 with read ROI [8720:10288, 6416:7984, 9872:11440] (1568, 1568, 1568) and write ROI [9216:9792, 6912:7488, 10368:10944] (576, 576, 576)
Recorded block-done for octoS0SubroiZ15683136Y78409408X1097612544Difficultsoma_pred_affs/17718 with read ROI [8720:10288, 6416:7984, 9872:11440] (1568, 1568, 1568) and write ROI [9216:9792, 6912:7488, 10368:10944] (576, 576, 576)
Recording block-done for octoS0SubroiZ15683136Y78409408X1097612544Difficultsoma_pred_affs/7591 with read ROI [8720:10288, 6992:8560, 2384:3952] (1568, 1568, 1568) and write ROI [9216:9792, 7488:8064, 2880:3456] (576, 576, 576)
Recorded block-done for octoS0SubroiZ15683136Y78409408X1097612544Difficultsoma_pred_affs/7591 with read ROI [8720:10288, 6992:8560, 2384:3952] (1568, 1568, 1568) and write ROI [9216:9792, 7488:8064, 2880:3456] (576, 576, 576)
Recording block-done for octoS0SubroiZ15683136Y78409408X1097612544Difficultsoma_pred_affs/16666 with read ROI [8720:10288, 6992:8560, 8720:10288] (1568, 1568, 1568) and write ROI [9216:9792, 7488:8064, 9216:9792] (576, 576, 576)
Recorded block-done for octoS0SubroiZ15683136Y78409408X1097612544Difficultsoma_pred_affs/16666 with read ROI [8720:10288, 6992:8560, 8720:10288] (1568, 1568, 1568) and write ROI [9216:9792, 7488:8064, 9216:9792] (576, 576, 576)
Recording block-done for octoS0SubroiZ15683136Y78409408X1097612544Difficultsoma_pred_affs/7026 with read ROI [8720:10288, 7568:9136, 1232:2800] (1568, 1568, 1568) and write ROI [9216:9792, 8064:8640, 1728:2304] (576, 576, 576)
Recorded block-done for octoS0SubroiZ15683136Y78409408X1097612544Difficultsoma_pred_affs/7026 with read ROI [8720:10288, 7568:9136, 1232:2800] (1568, 1568, 1568) and write ROI [9216:9792, 8064:8640, 1728:2304] (576, 576, 576)
Recording block-done for octoS0SubroiZ15683136Y78409408X1097612544Difficultsoma_pred_affs/15631 with read ROI [8720:10288, 6992:8560, 8144:9712] (1568, 1568, 1568) and write ROI [9216:9792, 7488:8064, 8640:9216] (576, 576, 576)
Recorded block-done for octoS0SubroiZ15683136Y78409408X1097612544Difficultsoma_pred_affs/15631 with read ROI [8720:10288, 6992:8560, 8144:9712] (1568, 1568, 1568) and write ROI [9216:9792, 7488:8064, 8640:9216] (576, 576, 576)
Recording block-done for octoS0SubroiZ15683136Y78409408X1097612544Difficultsoma_pred_affs/11141 with read ROI [8720:10288, 7568:9136, 4688:6256] (1568, 1568, 1568) and write ROI [9216:9792, 8064:8640, 5184:5760] (576, 576, 576)
Recorded block-done for octoS0SubroiZ15683136Y78409408X1097612544Difficultsoma_pred_affs/11141 with read ROI [8720:10288, 7568:9136, 4688:6256] (1568, 1568, 1568) and write ROI [9216:9792, 8064:8640, 5184:5760] (576, 576, 576)
Recording block-done for octoS0SubroiZ15683136Y78409408X1097612544Difficultsoma_pred_affs/21306 with read ROI [8720:10288, 7568:9136, 10448:12016] (1568, 1568, 1568) and write ROI [9216:9792, 8064:8640, 10944:11520] (576, 576, 576)
Recorded block-done for octoS0SubroiZ15683136Y78409408X1097612544Difficultsoma_pred_affs/21306 with read ROI [8720:10288, 7568:9136, 10448:12016] (1568, 1568, 1568) and write ROI [9216:9792, 8064:8640, 10944:11520] (576, 576, 576)
Recording block-done for octoS0SubroiZ15683136Y78409408X1097612544Difficultsoma_pred_affs/14671 with read ROI [8720:10288, 7568:9136, 6992:8560] (1568, 1568, 1568) and write ROI [9216:9792, 8064:8640, 7488:8064] (576, 576, 576)
Recorded block-done for octoS0SubroiZ15683136Y78409408X1097612544Difficultsoma_pred_affs/14671 with read ROI [8720:10288, 7568:9136, 6992:8560] (1568, 1568, 1568) and write ROI [9216:9792, 8064:8640, 7488:8064] (576, 576, 576)
Recording block-done for octoS0SubroiZ15683136Y78409408X1097612544Difficultsoma_pred_affs/13756 with read ROI [8720:10288, 8144:9712, 5840:7408] (1568, 1568, 1568) and write ROI [9216:9792, 8640:9216, 6336:6912] (576, 576, 576)
Recorded block-done for octoS0SubroiZ15683136Y78409408X1097612544Difficultsoma_pred_affs/13756 with read ROI [8720:10288, 8144:9712, 5840:7408] (1568, 1568, 1568) and write ROI [9216:9792, 8640:9216, 6336:6912] (576, 576, 576)
Recording block-done for octoS0SubroiZ15683136Y78409408X1097612544Difficultsoma_pred_affs/7684 with read ROI [8720:10288, 8720:10288, 656:2224] (1568, 1568, 1568) and write ROI [9216:9792, 9216:9792, 1152:1728] (576, 576, 576)
Recorded block-done for octoS0SubroiZ15683136Y78409408X1097612544Difficultsoma_pred_affs/7684 with read ROI [8720:10288, 8720:10288, 656:2224] (1568, 1568, 1568) and write ROI [9216:9792, 9216:9792, 1152:1728] (576, 576, 576)
Recording block-done for octoS0SubroiZ15683136Y78409408X1097612544Difficultsoma_pred_affs/7089 with read ROI [8720:10288, 8720:10288, 80:1648] (1568, 1568, 1568) and write ROI [9216:9792, 9216:9792, 576:1152] (576, 576, 576)
Recorded block-done for octoS0SubroiZ15683136Y78409408X1097612544Difficultsoma_pred_affs/7089 with read ROI [8720:10288, 8720:10288, 80:1648] (1568, 1568, 1568) and write ROI [9216:9792, 9216:9792, 576:1152] (576, 576, 576)
Recording block-done for octoS0SubroiZ15683136Y78409408X1097612544Difficultsoma_pred_affs/18968 with read ROI [8720:10288, 8720:10288, 8144:9712] (1568, 1568, 1568) and write ROI [9216:9792, 9216:9792, 8640:9216] (576, 576, 576)
Recorded block-done for octoS0SubroiZ15683136Y78409408X1097612544Difficultsoma_pred_affs/18968 with read ROI [8720:10288, 8720:10288, 8144:9712] (1568, 1568, 1568) and write ROI [9216:9792, 9216:9792, 8640:9216] (576, 576, 576)
Recording block-done for octoS0SubroiZ15683136Y78409408X1097612544Difficultsoma_pred_affs/22644 with read ROI [8720:10288, 8720:10288, 9872:11440] (1568, 1568, 1568) and write ROI [9216:9792, 9216:9792, 10368:10944] (576, 576, 576)
Recorded block-done for octoS0SubroiZ15683136Y78409408X1097612544Difficultsoma_pred_affs/22644 with read ROI [8720:10288, 8720:10288, 9872:11440] (1568, 1568, 1568) and write ROI [9216:9792, 9216:9792, 10368:10944] (576, 576, 576)
Recording block-done for octoS0SubroiZ15683136Y78409408X1097612544Difficultsoma_pred_affs/11204 with read ROI [8720:10288, 8720:10288, 3536:5104] (1568, 1568, 1568) and write ROI [9216:9792, 9216:9792, 4032:4608] (576, 576, 576)
Recorded block-done for octoS0SubroiZ15683136Y78409408X1097612544Difficultsoma_pred_affs/11204 with read ROI [8720:10288, 8720:10288, 3536:5104] (1568, 1568, 1568) and write ROI [9216:9792, 9216:9792, 4032:4608] (576, 576, 576)
Recording block-done for octoS0SubroiZ15683136Y78409408X1097612544Difficultsoma_pred_affs/11271 with read ROI [8720:10288, 9872:11440, 2384:3952] (1568, 1568, 1568) and write ROI [9216:9792, 10368:10944, 2880:3456] (576, 576, 576)
Recorded block-done for octoS0SubroiZ15683136Y78409408X1097612544Difficultsoma_pred_affs/11271 with read ROI [8720:10288, 9872:11440, 2384:3952] (1568, 1568, 1568) and write ROI [9216:9792, 10368:10944, 2880:3456] (576, 576, 576)
Recording block-done for octoS0SubroiZ15683136Y78409408X1097612544Difficultsoma_pred_affs/9047 with read ROI [8720:10288, 9872:11440, 656:2224] (1568, 1568, 1568) and write ROI [9216:9792, 10368:10944, 1152:1728] (576, 576, 576)
Recorded block-done for octoS0SubroiZ15683136Y78409408X1097612544Difficultsoma_pred_affs/9047 with read ROI [8720:10288, 9872:11440, 656:2224] (1568, 1568, 1568) and write ROI [9216:9792, 10368:10944, 1152:1728] (576, 576, 576)
Recording block-done for octoS0SubroiZ15683136Y78409408X1097612544Difficultsoma_pred_affs/14767 with read ROI [8720:10288, 9296:10864, 5264:6832] (1568, 1568, 1568) and write ROI [9216:9792, 9792:10368, 5760:6336] (576, 576, 576)
Recorded block-done for octoS0SubroiZ15683136Y78409408X1097612544Difficultsoma_pred_affs/14767 with read ROI [8720:10288, 9296:10864, 5264:6832] (1568, 1568, 1568) and write ROI [9216:9792, 9792:10368, 5760:6336] (576, 576, 576)
Recording block-done for octoS0SubroiZ15683136Y78409408X1097612544Difficultsoma_pred_affs/25381 with read ROI [8720:10288, 9296:10864, 10448:12016] (1568, 1568, 1568) and write ROI [9216:9792, 9792:10368, 10944:11520] (576, 576, 576)
Recorded block-done for octoS0SubroiZ15683136Y78409408X1097612544Difficultsoma_pred_affs/25381 with read ROI [8720:10288, 9296:10864, 10448:12016] (1568, 1568, 1568) and write ROI [9216:9792, 9792:10368, 10944:11520] (576, 576, 576)
Recording block-done for octoS0SubroiZ15683136Y78409408X1097612544Difficultsoma_pred_affs/19001 with read ROI [8720:10288, 9296:10864, 7568:9136] (1568, 1568, 1568) and write ROI [9216:9792, 9792:10368, 8064:8640] (576, 576, 576)
Recorded block-done for octoS0SubroiZ15683136Y78409408X1097612544Difficultsoma_pred_affs/19001 with read ROI [8720:10288, 9296:10864, 7568:9136] (1568, 1568, 1568) and write ROI [9216:9792, 9792:10368, 8064:8640] (576, 576, 576)
Recording block-done for octoS0SubroiZ15683136Y78409408X1097612544Difficultsoma_pred_affs/14836 with read ROI [8720:10288, 10448:12016, 4112:5680] (1568, 1568, 1568) and write ROI [9216:9792, 10944:11520, 4608:5184] (576, 576, 576)
Recorded block-done for octoS0SubroiZ15683136Y78409408X1097612544Difficultsoma_pred_affs/14836 with read ROI [8720:10288, 10448:12016, 4112:5680] (1568, 1568, 1568) and write ROI [9216:9792, 10944:11520, 4608:5184] (576, 576, 576)
Recording block-done for octoS0SubroiZ15683136Y78409408X1097612544Difficultsoma_pred_affs/21436 with read ROI [8720:10288, 9872:11440, 8144:9712] (1568, 1568, 1568) and write ROI [9216:9792, 10368:10944, 8640:9216] (576, 576, 576)
Recorded block-done for octoS0SubroiZ15683136Y78409408X1097612544Difficultsoma_pred_affs/21436 with read ROI [8720:10288, 9872:11440, 8144:9712] (1568, 1568, 1568) and write ROI [9216:9792, 10368:10944, 8640:9216] (576, 576, 576)
Recording block-done for octoS0SubroiZ15683136Y78409408X1097612544Difficultsoma_pred_affs/12987 with read ROI [8720:10288, 10448:12016, 2960:4528] (1568, 1568, 1568) and write ROI [9216:9792, 10944:11520, 3456:4032] (576, 576, 576)
Recorded block-done for octoS0SubroiZ15683136Y78409408X1097612544Difficultsoma_pred_affs/12987 with read ROI [8720:10288, 10448:12016, 2960:4528] (1568, 1568, 1568) and write ROI [9216:9792, 10944:11520, 3456:4032] (576, 576, 576)
Recording block-done for octoS0SubroiZ15683136Y78409408X1097612544Difficultsoma_pred_affs/15826 with read ROI [8720:10288, 10448:12016, 4688:6256] (1568, 1568, 1568) and write ROI [9216:9792, 10944:11520, 5184:5760] (576, 576, 576)
Recorded block-done for octoS0SubroiZ15683136Y78409408X1097612544Difficultsoma_pred_affs/15826 with read ROI [8720:10288, 10448:12016, 4688:6256] (1568, 1568, 1568) and write ROI [9216:9792, 10944:11520, 5184:5760] (576, 576, 576)
Recording block-done for octoS0SubroiZ15683136Y78409408X1097612544Difficultsoma_pred_affs/2212 with read ROI [9296:10864, 80:1648, 1808:3376] (1568, 1568, 1568) and write ROI [9792:10368, 576:1152, 2304:2880] (576, 576, 576)
Recorded block-done for octoS0SubroiZ15683136Y78409408X1097612544Difficultsoma_pred_affs/2212 with read ROI [9296:10864, 80:1648, 1808:3376] (1568, 1568, 1568) and write ROI [9792:10368, 576:1152, 2304:2880] (576, 576, 576)
Recording block-done for octoS0SubroiZ15683136Y78409408X1097612544Difficultsoma_pred_affs/2807 with read ROI [9296:10864, 656:2224, 2384:3952] (1568, 1568, 1568) and write ROI [9792:10368, 1152:1728, 2880:3456] (576, 576, 576)
Recorded block-done for octoS0SubroiZ15683136Y78409408X1097612544Difficultsoma_pred_affs/2807 with read ROI [9296:10864, 656:2224, 2384:3952] (1568, 1568, 1568) and write ROI [9792:10368, 1152:1728, 2880:3456] (576, 576, 576)
Recording block-done for octoS0SubroiZ15683136Y78409408X1097612544Difficultsoma_pred_affs/5148 with read ROI [9296:10864, 80:1648, 6416:7984] (1568, 1568, 1568) and write ROI [9792:10368, 576:1152, 6912:7488] (576, 576, 576)
Recorded block-done for octoS0SubroiZ15683136Y78409408X1097612544Difficultsoma_pred_affs/5148 with read ROI [9296:10864, 80:1648, 6416:7984] (1568, 1568, 1568) and write ROI [9792:10368, 576:1152, 6912:7488] (576, 576, 576)
Recording block-done for octoS0SubroiZ15683136Y78409408X1097612544Difficultsoma_pred_affs/3132 with read ROI [9296:10864, 656:2224, 2960:4528] (1568, 1568, 1568) and write ROI [9792:10368, 1152:1728, 3456:4032] (576, 576, 576)
Recorded block-done for octoS0SubroiZ15683136Y78409408X1097612544Difficultsoma_pred_affs/3132 with read ROI [9296:10864, 656:2224, 2960:4528] (1568, 1568, 1568) and write ROI [9792:10368, 1152:1728, 3456:4032] (576, 576, 576)
Recording block-done for octoS0SubroiZ15683136Y78409408X1097612544Difficultsoma_pred_affs/4267 with read ROI [9296:10864, 656:2224, 4688:6256] (1568, 1568, 1568) and write ROI [9792:10368, 1152:1728, 5184:5760] (576, 576, 576)
Recorded block-done for octoS0SubroiZ15683136Y78409408X1097612544Difficultsoma_pred_affs/4267 with read ROI [9296:10864, 656:2224, 4688:6256] (1568, 1568, 1568) and write ROI [9792:10368, 1152:1728, 5184:5760] (576, 576, 576)
Recording block-done for octoS0SubroiZ15683136Y78409408X1097612544Difficultsoma_pred_affs/4702 with read ROI [9296:10864, 656:2224, 5264:6832] (1568, 1568, 1568) and write ROI [9792:10368, 1152:1728, 5760:6336] (576, 576, 576)
Recorded block-done for octoS0SubroiZ15683136Y78409408X1097612544Difficultsoma_pred_affs/4702 with read ROI [9296:10864, 656:2224, 5264:6832] (1568, 1568, 1568) and write ROI [9792:10368, 1152:1728, 5760:6336] (576, 576, 576)
Recording block-done for octoS0SubroiZ15683136Y78409408X1097612544Difficultsoma_pred_affs/1998 with read ROI [9296:10864, 1232:2800, 80:1648] (1568, 1568, 1568) and write ROI [9792:10368, 1728:2304, 576:1152] (576, 576, 576)
Recorded block-done for octoS0SubroiZ15683136Y78409408X1097612544Difficultsoma_pred_affs/1998 with read ROI [9296:10864, 1232:2800, 80:1648] (1568, 1568, 1568) and write ROI [9792:10368, 1728:2304, 576:1152] (576, 576, 576)
Recording block-done for octoS0SubroiZ15683136Y78409408X1097612544Difficultsoma_pred_affs/9346 with read ROI [9296:10864, 656:2224, 9872:11440] (1568, 1568, 1568) and write ROI [9792:10368, 1152:1728, 10368:10944] (576, 576, 576)
Recorded block-done for octoS0SubroiZ15683136Y78409408X1097612544Difficultsoma_pred_affs/9346 with read ROI [9296:10864, 656:2224, 9872:11440] (1568, 1568, 1568) and write ROI [9792:10368, 1152:1728, 10368:10944] (576, 576, 576)
Recording block-done for octoS0SubroiZ15683136Y78409408X1097612544Difficultsoma_pred_affs/3881 with read ROI [9296:10864, 1232:2800, 3536:5104] (1568, 1568, 1568) and write ROI [9792:10368, 1728:2304, 4032:4608] (576, 576, 576)
Recorded block-done for octoS0SubroiZ15683136Y78409408X1097612544Difficultsoma_pred_affs/3881 with read ROI [9296:10864, 1232:2800, 3536:5104] (1568, 1568, 1568) and write ROI [9792:10368, 1728:2304, 4032:4608] (576, 576, 576)
Recording block-done for octoS0SubroiZ15683136Y78409408X1097612544Difficultsoma_pred_affs/7997 with read ROI [9296:10864, 1232:2800, 8144:9712] (1568, 1568, 1568) and write ROI [9792:10368, 1728:2304, 8640:9216] (576, 576, 576)
Recorded block-done for octoS0SubroiZ15683136Y78409408X1097612544Difficultsoma_pred_affs/7997 with read ROI [9296:10864, 1232:2800, 8144:9712] (1568, 1568, 1568) and write ROI [9792:10368, 1728:2304, 8640:9216] (576, 576, 576)
Recording block-done for octoS0SubroiZ15683136Y78409408X1097612544Difficultsoma_pred_affs/10887 with read ROI [9296:10864, 1232:2800, 10448:12016] (1568, 1568, 1568) and write ROI [9792:10368, 1728:2304, 10944:11520] (576, 576, 576)
Recorded block-done for octoS0SubroiZ15683136Y78409408X1097612544Difficultsoma_pred_affs/10887 with read ROI [9296:10864, 1232:2800, 10448:12016] (1568, 1568, 1568) and write ROI [9792:10368, 1728:2304, 10944:11520] (576, 576, 576)
Recording block-done for octoS0SubroiZ15683136Y78409408X1097612544Difficultsoma_pred_affs/6793 with read ROI [9296:10864, 1808:3376, 6416:7984] (1568, 1568, 1568) and write ROI [9792:10368, 2304:2880, 6912:7488] (576, 576, 576)
Recorded block-done for octoS0SubroiZ15683136Y78409408X1097612544Difficultsoma_pred_affs/6793 with read ROI [9296:10864, 1808:3376, 6416:7984] (1568, 1568, 1568) and write ROI [9792:10368, 2304:2880, 6912:7488] (576, 576, 576)
Recording block-done for octoS0SubroiZ15683136Y78409408X1097612544Difficultsoma_pred_affs/2870 with read ROI [9296:10864, 2384:3952, 656:2224] (1568, 1568, 1568) and write ROI [9792:10368, 2880:3456, 1152:1728] (576, 576, 576)
Recorded block-done for octoS0SubroiZ15683136Y78409408X1097612544Difficultsoma_pred_affs/2870 with read ROI [9296:10864, 2384:3952, 656:2224] (1568, 1568, 1568) and write ROI [9792:10368, 2880:3456, 1152:1728] (576, 576, 576)
Recording block-done for octoS0SubroiZ15683136Y78409408X1097612544Difficultsoma_pred_affs/8684 with read ROI [9296:10864, 1808:3376, 8144:9712] (1568, 1568, 1568) and write ROI [9792:10368, 2304:2880, 8640:9216] (576, 576, 576)
Recorded block-done for octoS0SubroiZ15683136Y78409408X1097612544Difficultsoma_pred_affs/8684 with read ROI [9296:10864, 1808:3376, 8144:9712] (1568, 1568, 1568) and write ROI [9792:10368, 2304:2880, 8640:9216] (576, 576, 576)
Recording block-done for octoS0SubroiZ15683136Y78409408X1097612544Difficultsoma_pred_affs/10150 with read ROI [9296:10864, 2384:3952, 8720:10288] (1568, 1568, 1568) and write ROI [9792:10368, 2880:3456, 9216:9792] (576, 576, 576)
Recorded block-done for octoS0SubroiZ15683136Y78409408X1097612544Difficultsoma_pred_affs/10150 with read ROI [9296:10864, 2384:3952, 8720:10288] (1568, 1568, 1568) and write ROI [9792:10368, 2880:3456, 9216:9792] (576, 576, 576)
Recording block-done for octoS0SubroiZ15683136Y78409408X1097612544Difficultsoma_pred_affs/6254 with read ROI [9296:10864, 2384:3952, 5264:6832] (1568, 1568, 1568) and write ROI [9792:10368, 2880:3456, 5760:6336] (576, 576, 576)
Recorded block-done for octoS0SubroiZ15683136Y78409408X1097612544Difficultsoma_pred_affs/6254 with read ROI [9296:10864, 2384:3952, 5264:6832] (1568, 1568, 1568) and write ROI [9792:10368, 2880:3456, 5760:6336] (576, 576, 576)
Recording block-done for octoS0SubroiZ15683136Y78409408X1097612544Difficultsoma_pred_affs/3947 with read ROI [9296:10864, 2960:4528, 1808:3376] (1568, 1568, 1568) and write ROI [9792:10368, 3456:4032, 2304:2880] (576, 576, 576)
Recorded block-done for octoS0SubroiZ15683136Y78409408X1097612544Difficultsoma_pred_affs/3947 with read ROI [9296:10864, 2960:4528, 1808:3376] (1568, 1568, 1568) and write ROI [9792:10368, 3456:4032, 2304:2880] (576, 576, 576)
Recording block-done for octoS0SubroiZ15683136Y78409408X1097612544Difficultsoma_pred_affs/4765 with read ROI [9296:10864, 2384:3952, 3536:5104] (1568, 1568, 1568) and write ROI [9792:10368, 2880:3456, 4032:4608] (576, 576, 576)
Recorded block-done for octoS0SubroiZ15683136Y78409408X1097612544Difficultsoma_pred_affs/4765 with read ROI [9296:10864, 2384:3952, 3536:5104] (1568, 1568, 1568) and write ROI [9792:10368, 2880:3456, 4032:4608] (576, 576, 576)
Recording block-done for octoS0SubroiZ15683136Y78409408X1097612544Difficultsoma_pred_affs/6838 with read ROI [9296:10864, 2960:4528, 5264:6832] (1568, 1568, 1568) and write ROI [9792:10368, 3456:4032, 5760:6336] (576, 576, 576)
Recorded block-done for octoS0SubroiZ15683136Y78409408X1097612544Difficultsoma_pred_affs/6838 with read ROI [9296:10864, 2960:4528, 5264:6832] (1568, 1568, 1568) and write ROI [9792:10368, 3456:4032, 5760:6336] (576, 576, 576)
Recording block-done for octoS0SubroiZ15683136Y78409408X1097612544Difficultsoma_pred_affs/3242 with read ROI [9296:10864, 3536:5104, 80:1648] (1568, 1568, 1568) and write ROI [9792:10368, 4032:4608, 576:1152] (576, 576, 576)
Recorded block-done for octoS0SubroiZ15683136Y78409408X1097612544Difficultsoma_pred_affs/3242 with read ROI [9296:10864, 3536:5104, 80:1648] (1568, 1568, 1568) and write ROI [9792:10368, 4032:4608, 576:1152] (576, 576, 576)
Recording block-done for octoS0SubroiZ15683136Y78409408X1097612544Difficultsoma_pred_affs/4812 with read ROI [9296:10864, 3536:5104, 2384:3952] (1568, 1568, 1568) and write ROI [9792:10368, 4032:4608, 2880:3456] (576, 576, 576)
Recorded block-done for octoS0SubroiZ15683136Y78409408X1097612544Difficultsoma_pred_affs/4812 with read ROI [9296:10864, 3536:5104, 2384:3952] (1568, 1568, 1568) and write ROI [9792:10368, 4032:4608, 2880:3456] (576, 576, 576)
Recording block-done for octoS0SubroiZ15683136Y78409408X1097612544Difficultsoma_pred_affs/14507 with read ROI [9296:10864, 3536:5104, 10448:12016] (1568, 1568, 1568) and write ROI [9792:10368, 4032:4608, 10944:11520] (576, 576, 576)
Recorded block-done for octoS0SubroiZ15683136Y78409408X1097612544Difficultsoma_pred_affs/14507 with read ROI [9296:10864, 3536:5104, 10448:12016] (1568, 1568, 1568) and write ROI [9792:10368, 4032:4608, 10944:11520] (576, 576, 576)
Recording block-done for octoS0SubroiZ15683136Y78409408X1097612544Difficultsoma_pred_affs/4837 with read ROI [9296:10864, 4112:5680, 1808:3376] (1568, 1568, 1568) and write ROI [9792:10368, 4608:5184, 2304:2880] (576, 576, 576)
Recorded block-done for octoS0SubroiZ15683136Y78409408X1097612544Difficultsoma_pred_affs/4837 with read ROI [9296:10864, 4112:5680, 1808:3376] (1568, 1568, 1568) and write ROI [9792:10368, 4608:5184, 2304:2880] (576, 576, 576)
Recording block-done for octoS0SubroiZ15683136Y78409408X1097612544Difficultsoma_pred_affs/8753 with read ROI [9296:10864, 3536:5104, 6416:7984] (1568, 1568, 1568) and write ROI [9792:10368, 4032:4608, 6912:7488] (576, 576, 576)
Recorded block-done for octoS0SubroiZ15683136Y78409408X1097612544Difficultsoma_pred_affs/8753 with read ROI [9296:10864, 3536:5104, 6416:7984] (1568, 1568, 1568) and write ROI [9792:10368, 4032:4608, 6912:7488] (576, 576, 576)
Recording block-done for octoS0SubroiZ15683136Y78409408X1097612544Difficultsoma_pred_affs/8778 with read ROI [9296:10864, 4112:5680, 5840:7408] (1568, 1568, 1568) and write ROI [9792:10368, 4608:5184, 6336:6912] (576, 576, 576)
Recorded block-done for octoS0SubroiZ15683136Y78409408X1097612544Difficultsoma_pred_affs/8778 with read ROI [9296:10864, 4112:5680, 5840:7408] (1568, 1568, 1568) and write ROI [9792:10368, 4608:5184, 6336:6912] (576, 576, 576)
Recording block-done for octoS0SubroiZ15683136Y78409408X1097612544Difficultsoma_pred_affs/15522 with read ROI [9296:10864, 4112:5680, 10448:12016] (1568, 1568, 1568) and write ROI [9792:10368, 4608:5184, 10944:11520] (576, 576, 576)
Recorded block-done for octoS0SubroiZ15683136Y78409408X1097612544Difficultsoma_pred_affs/15522 with read ROI [9296:10864, 4112:5680, 10448:12016] (1568, 1568, 1568) and write ROI [9792:10368, 4608:5184, 10944:11520] (576, 576, 576)
Recording block-done for octoS0SubroiZ15683136Y78409408X1097612544Difficultsoma_pred_affs/4022 with read ROI [9296:10864, 4688:6256, 80:1648] (1568, 1568, 1568) and write ROI [9792:10368, 5184:5760, 576:1152] (576, 576, 576)
Recorded block-done for octoS0SubroiZ15683136Y78409408X1097612544Difficultsoma_pred_affs/4022 with read ROI [9296:10864, 4688:6256, 80:1648] (1568, 1568, 1568) and write ROI [9792:10368, 5184:5760, 576:1152] (576, 576, 576)
Recording block-done for octoS0SubroiZ15683136Y78409408X1097612544Difficultsoma_pred_affs/11848 with read ROI [9296:10864, 4688:6256, 7568:9136] (1568, 1568, 1568) and write ROI [9792:10368, 5184:5760, 8064:8640] (576, 576, 576)
Recorded block-done for octoS0SubroiZ15683136Y78409408X1097612544Difficultsoma_pred_affs/11848 with read ROI [9296:10864, 4688:6256, 7568:9136] (1568, 1568, 1568) and write ROI [9792:10368, 5184:5760, 8064:8640] (576, 576, 576)
Recording block-done for octoS0SubroiZ15683136Y78409408X1097612544Difficultsoma_pred_affs/11822 with read ROI [9296:10864, 4112:5680, 8144:9712] (1568, 1568, 1568) and write ROI [9792:10368, 4608:5184, 8640:9216] (576, 576, 576)
Recorded block-done for octoS0SubroiZ15683136Y78409408X1097612544Difficultsoma_pred_affs/11822 with read ROI [9296:10864, 4112:5680, 8144:9712] (1568, 1568, 1568) and write ROI [9792:10368, 4608:5184, 8640:9216] (576, 576, 576)
Recording block-done for octoS0SubroiZ15683136Y78409408X1097612544Difficultsoma_pred_affs/15548 with read ROI [9296:10864, 4688:6256, 9872:11440] (1568, 1568, 1568) and write ROI [9792:10368, 5184:5760, 10368:10944] (576, 576, 576)
Recorded block-done for octoS0SubroiZ15683136Y78409408X1097612544Difficultsoma_pred_affs/15548 with read ROI [9296:10864, 4688:6256, 9872:11440] (1568, 1568, 1568) and write ROI [9792:10368, 5184:5760, 10368:10944] (576, 576, 576)
Recording block-done for octoS0SubroiZ15683136Y78409408X1097612544Difficultsoma_pred_affs/15575 with read ROI [9296:10864, 5264:6832, 9296:10864] (1568, 1568, 1568) and write ROI [9792:10368, 5760:6336, 9792:10368] (576, 576, 576)
Recorded block-done for octoS0SubroiZ15683136Y78409408X1097612544Difficultsoma_pred_affs/15575 with read ROI [9296:10864, 5264:6832, 9296:10864] (1568, 1568, 1568) and write ROI [9792:10368, 5760:6336, 9792:10368] (576, 576, 576)
Recording block-done for octoS0SubroiZ15683136Y78409408X1097612544Difficultsoma_pred_affs/4455 with read ROI [9296:10864, 5264:6832, 80:1648] (1568, 1568, 1568) and write ROI [9792:10368, 5760:6336, 576:1152] (576, 576, 576)
Recorded block-done for octoS0SubroiZ15683136Y78409408X1097612544Difficultsoma_pred_affs/4455 with read ROI [9296:10864, 5264:6832, 80:1648] (1568, 1568, 1568) and write ROI [9792:10368, 5760:6336, 576:1152] (576, 576, 576)
Recording block-done for octoS0SubroiZ15683136Y78409408X1097612544Difficultsoma_pred_affs/4918 with read ROI [9296:10864, 5840:7408, 80:1648] (1568, 1568, 1568) and write ROI [9792:10368, 6336:6912, 576:1152] (576, 576, 576)
Recorded block-done for octoS0SubroiZ15683136Y78409408X1097612544Difficultsoma_pred_affs/4918 with read ROI [9296:10864, 5840:7408, 80:1648] (1568, 1568, 1568) and write ROI [9792:10368, 6336:6912, 576:1152] (576, 576, 576)
Recording block-done for octoS0SubroiZ15683136Y78409408X1097612544Difficultsoma_pred_affs/6407 with read ROI [9296:10864, 5840:7408, 1808:3376] (1568, 1568, 1568) and write ROI [9792:10368, 6336:6912, 2304:2880] (576, 576, 576)
Recorded block-done for octoS0SubroiZ15683136Y78409408X1097612544Difficultsoma_pred_affs/6407 with read ROI [9296:10864, 5840:7408, 1808:3376] (1568, 1568, 1568) and write ROI [9792:10368, 6336:6912, 2304:2880] (576, 576, 576)
Recording block-done for octoS0SubroiZ15683136Y78409408X1097612544Difficultsoma_pred_affs/5412 with read ROI [9296:10864, 6416:7984, 80:1648] (1568, 1568, 1568) and write ROI [9792:10368, 6912:7488, 576:1152] (576, 576, 576)
Recorded block-done for octoS0SubroiZ15683136Y78409408X1097612544Difficultsoma_pred_affs/5412 with read ROI [9296:10864, 6416:7984, 80:1648] (1568, 1568, 1568) and write ROI [9792:10368, 6912:7488, 576:1152] (576, 576, 576)
Recording block-done for octoS0SubroiZ15683136Y78409408X1097612544Difficultsoma_pred_affs/9562 with read ROI [9296:10864, 5840:7408, 4688:6256] (1568, 1568, 1568) and write ROI [9792:10368, 6336:6912, 5184:5760] (576, 576, 576)
Recorded block-done for octoS0SubroiZ15683136Y78409408X1097612544Difficultsoma_pred_affs/9562 with read ROI [9296:10864, 5840:7408, 4688:6256] (1568, 1568, 1568) and write ROI [9792:10368, 6336:6912, 5184:5760] (576, 576, 576)
Recording block-done for octoS0SubroiZ15683136Y78409408X1097612544Difficultsoma_pred_affs/11903 with read ROI [9296:10864, 5840:7408, 6416:7984] (1568, 1568, 1568) and write ROI [9792:10368, 6336:6912, 6912:7488] (576, 576, 576)
Recorded block-done for octoS0SubroiZ15683136Y78409408X1097612544Difficultsoma_pred_affs/11903 with read ROI [9296:10864, 5840:7408, 6416:7984] (1568, 1568, 1568) and write ROI [9792:10368, 6336:6912, 6912:7488] (576, 576, 576)
Recording block-done for octoS0SubroiZ15683136Y78409408X1097612544Difficultsoma_pred_affs/11112 with read ROI [9296:10864, 6416:7984, 5264:6832] (1568, 1568, 1568) and write ROI [9792:10368, 6912:7488, 5760:6336] (576, 576, 576)
Recorded block-done for octoS0SubroiZ15683136Y78409408X1097612544Difficultsoma_pred_affs/11112 with read ROI [9296:10864, 6416:7984, 5264:6832] (1568, 1568, 1568) and write ROI [9792:10368, 6912:7488, 5760:6336] (576, 576, 576)
Recording block-done for octoS0SubroiZ15683136Y78409408X1097612544Difficultsoma_pred_affs/7563 with read ROI [9296:10864, 5840:7408, 2960:4528] (1568, 1568, 1568) and write ROI [9792:10368, 6336:6912, 3456:4032] (576, 576, 576)
Recorded block-done for octoS0SubroiZ15683136Y78409408X1097612544Difficultsoma_pred_affs/7563 with read ROI [9296:10864, 5840:7408, 2960:4528] (1568, 1568, 1568) and write ROI [9792:10368, 6336:6912, 3456:4032] (576, 576, 576)
Recording block-done for octoS0SubroiZ15683136Y78409408X1097612544Difficultsoma_pred_affs/20052 with read ROI [9296:10864, 6416:7984, 10448:12016] (1568, 1568, 1568) and write ROI [9792:10368, 6912:7488, 10944:11520] (576, 576, 576)
Recorded block-done for octoS0SubroiZ15683136Y78409408X1097612544Difficultsoma_pred_affs/20052 with read ROI [9296:10864, 6416:7984, 10448:12016] (1568, 1568, 1568) and write ROI [9792:10368, 6912:7488, 10944:11520] (576, 576, 576)
Recording block-done for octoS0SubroiZ15683136Y78409408X1097612544Difficultsoma_pred_affs/15632 with read ROI [9296:10864, 6416:7984, 8144:9712] (1568, 1568, 1568) and write ROI [9792:10368, 6912:7488, 8640:9216] (576, 576, 576)
Recorded block-done for octoS0SubroiZ15683136Y78409408X1097612544Difficultsoma_pred_affs/15632 with read ROI [9296:10864, 6416:7984, 8144:9712] (1568, 1568, 1568) and write ROI [9792:10368, 6912:7488, 8640:9216] (576, 576, 576)
Recording block-done for octoS0SubroiZ15683136Y78409408X1097612544Difficultsoma_pred_affs/13726 with read ROI [9296:10864, 6992:8560, 6416:7984] (1568, 1568, 1568) and write ROI [9792:10368, 7488:8064, 6912:7488] (576, 576, 576)
Recorded block-done for octoS0SubroiZ15683136Y78409408X1097612544Difficultsoma_pred_affs/13726 with read ROI [9296:10864, 6992:8560, 6416:7984] (1568, 1568, 1568) and write ROI [9792:10368, 7488:8064, 6912:7488] (576, 576, 576)
Recording block-done for octoS0SubroiZ15683136Y78409408X1097612544Difficultsoma_pred_affs/6466 with read ROI [9296:10864, 6992:8560, 656:2224] (1568, 1568, 1568) and write ROI [9792:10368, 7488:8064, 1152:1728] (576, 576, 576)
Recorded block-done for octoS0SubroiZ15683136Y78409408X1097612544Difficultsoma_pred_affs/6466 with read ROI [9296:10864, 6992:8560, 656:2224] (1568, 1568, 1568) and write ROI [9792:10368, 7488:8064, 1152:1728] (576, 576, 576)
Recording block-done for octoS0SubroiZ15683136Y78409408X1097612544Difficultsoma_pred_affs/7653 with read ROI [9296:10864, 7568:9136, 1232:2800] (1568, 1568, 1568) and write ROI [9792:10368, 8064:8640, 1728:2304] (576, 576, 576)
Recorded block-done for octoS0SubroiZ15683136Y78409408X1097612544Difficultsoma_pred_affs/7653 with read ROI [9296:10864, 7568:9136, 1232:2800] (1568, 1568, 1568) and write ROI [9792:10368, 8064:8640, 1728:2304] (576, 576, 576)
Recording block-done for octoS0SubroiZ15683136Y78409408X1097612544Difficultsoma_pred_affs/14672 with read ROI [9296:10864, 6992:8560, 6992:8560] (1568, 1568, 1568) and write ROI [9792:10368, 7488:8064, 7488:8064] (576, 576, 576)
Recorded block-done for octoS0SubroiZ15683136Y78409408X1097612544Difficultsoma_pred_affs/14672 with read ROI [9296:10864, 6992:8560, 6992:8560] (1568, 1568, 1568) and write ROI [9792:10368, 7488:8064, 7488:8064] (576, 576, 576)
Recording block-done for octoS0SubroiZ15683136Y78409408X1097612544Difficultsoma_pred_affs/10393 with read ROI [9296:10864, 7568:9136, 3536:5104] (1568, 1568, 1568) and write ROI [9792:10368, 8064:8640, 4032:4608] (576, 576, 576)
Recorded block-done for octoS0SubroiZ15683136Y78409408X1097612544Difficultsoma_pred_affs/10393 with read ROI [9296:10864, 7568:9136, 3536:5104] (1568, 1568, 1568) and write ROI [9792:10368, 8064:8640, 4032:4608] (576, 576, 576)
Recording block-done for octoS0SubroiZ15683136Y78409408X1097612544Difficultsoma_pred_affs/16728 with read ROI [9296:10864, 7568:9136, 7568:9136] (1568, 1568, 1568) and write ROI [9792:10368, 8064:8640, 8064:8640] (576, 576, 576)
Recorded block-done for octoS0SubroiZ15683136Y78409408X1097612544Difficultsoma_pred_affs/16728 with read ROI [9296:10864, 7568:9136, 7568:9136] (1568, 1568, 1568) and write ROI [9792:10368, 8064:8640, 8064:8640] (576, 576, 576)
Recording block-done for octoS0SubroiZ15683136Y78409408X1097612544Difficultsoma_pred_affs/15693 with read ROI [9296:10864, 7568:9136, 6992:8560] (1568, 1568, 1568) and write ROI [9792:10368, 8064:8640, 7488:8064] (576, 576, 576)
Recorded block-done for octoS0SubroiZ15683136Y78409408X1097612544Difficultsoma_pred_affs/15693 with read ROI [9296:10864, 7568:9136, 6992:8560] (1568, 1568, 1568) and write ROI [9792:10368, 8064:8640, 7488:8064] (576, 576, 576)
Recording block-done for octoS0SubroiZ15683136Y78409408X1097612544Difficultsoma_pred_affs/7718 with read ROI [9296:10864, 8720:10288, 80:1648] (1568, 1568, 1568) and write ROI [9792:10368, 9216:9792, 576:1152] (576, 576, 576)
Recorded block-done for octoS0SubroiZ15683136Y78409408X1097612544Difficultsoma_pred_affs/7718 with read ROI [9296:10864, 8720:10288, 80:1648] (1568, 1568, 1568) and write ROI [9792:10368, 9216:9792, 576:1152] (576, 576, 576)
Recording block-done for octoS0SubroiZ15683136Y78409408X1097612544Difficultsoma_pred_affs/25382 with read ROI [9296:10864, 8720:10288, 10448:12016] (1568, 1568, 1568) and write ROI [9792:10368, 9216:9792, 10944:11520] (576, 576, 576)
Recorded block-done for octoS0SubroiZ15683136Y78409408X1097612544Difficultsoma_pred_affs/25382 with read ROI [9296:10864, 8720:10288, 10448:12016] (1568, 1568, 1568) and write ROI [9792:10368, 9216:9792, 10944:11520] (576, 576, 576)
Recording block-done for octoS0SubroiZ15683136Y78409408X1097612544Difficultsoma_pred_affs/15758 with read ROI [9296:10864, 8720:10288, 5840:7408] (1568, 1568, 1568) and write ROI [9792:10368, 9216:9792, 6336:6912] (576, 576, 576)
Recorded block-done for octoS0SubroiZ15683136Y78409408X1097612544Difficultsoma_pred_affs/15758 with read ROI [9296:10864, 8720:10288, 5840:7408] (1568, 1568, 1568) and write ROI [9792:10368, 9216:9792, 6336:6912] (576, 576, 576)
Recording block-done for octoS0SubroiZ15683136Y78409408X1097612544Difficultsoma_pred_affs/22678 with read ROI [9296:10864, 8720:10288, 9296:10864] (1568, 1568, 1568) and write ROI [9792:10368, 9216:9792, 9792:10368] (576, 576, 576)
Recorded block-done for octoS0SubroiZ15683136Y78409408X1097612544Difficultsoma_pred_affs/22678 with read ROI [9296:10864, 8720:10288, 9296:10864] (1568, 1568, 1568) and write ROI [9792:10368, 9216:9792, 9792:10368] (576, 576, 576)
Recording block-done for octoS0SubroiZ15683136Y78409408X1097612544Difficultsoma_pred_affs/21403 with read ROI [9296:10864, 8720:10288, 8720:10288] (1568, 1568, 1568) and write ROI [9792:10368, 9216:9792, 9216:9792] (576, 576, 576)
Recorded block-done for octoS0SubroiZ15683136Y78409408X1097612544Difficultsoma_pred_affs/21403 with read ROI [9296:10864, 8720:10288, 8720:10288] (1568, 1568, 1568) and write ROI [9792:10368, 9216:9792, 9216:9792] (576, 576, 576)
Recording block-done for octoS0SubroiZ15683136Y78409408X1097612544Difficultsoma_pred_affs/17874 with read ROI [9296:10864, 8720:10288, 6992:8560] (1568, 1568, 1568) and write ROI [9792:10368, 9216:9792, 7488:8064] (576, 576, 576)
Recorded block-done for octoS0SubroiZ15683136Y78409408X1097612544Difficultsoma_pred_affs/17874 with read ROI [9296:10864, 8720:10288, 6992:8560] (1568, 1568, 1568) and write ROI [9792:10368, 9216:9792, 7488:8064] (576, 576, 576)
Recording block-done for octoS0SubroiZ15683136Y78409408X1097612544Difficultsoma_pred_affs/9786 with read ROI [9296:10864, 9872:11440, 656:2224] (1568, 1568, 1568) and write ROI [9792:10368, 10368:10944, 1152:1728] (576, 576, 576)
Recorded block-done for octoS0SubroiZ15683136Y78409408X1097612544Difficultsoma_pred_affs/9786 with read ROI [9296:10864, 9872:11440, 656:2224] (1568, 1568, 1568) and write ROI [9792:10368, 10368:10944, 1152:1728] (576, 576, 576)
Recording block-done for octoS0SubroiZ15683136Y78409408X1097612544Difficultsoma_pred_affs/10527 with read ROI [9296:10864, 9872:11440, 1232:2800] (1568, 1568, 1568) and write ROI [9792:10368, 10368:10944, 1728:2304] (576, 576, 576)
Recorded block-done for octoS0SubroiZ15683136Y78409408X1097612544Difficultsoma_pred_affs/10527 with read ROI [9296:10864, 9872:11440, 1232:2800] (1568, 1568, 1568) and write ROI [9792:10368, 10368:10944, 1728:2304] (576, 576, 576)
Recording block-done for octoS0SubroiZ15683136Y78409408X1097612544Difficultsoma_pred_affs/15827 with read ROI [9296:10864, 9872:11440, 4688:6256] (1568, 1568, 1568) and write ROI [9792:10368, 10368:10944, 5184:5760] (576, 576, 576)
Recorded block-done for octoS0SubroiZ15683136Y78409408X1097612544Difficultsoma_pred_affs/15827 with read ROI [9296:10864, 9872:11440, 4688:6256] (1568, 1568, 1568) and write ROI [9792:10368, 10368:10944, 5184:5760] (576, 576, 576)
Recording block-done for octoS0SubroiZ15683136Y78409408X1097612544Difficultsoma_pred_affs/21437 with read ROI [9296:10864, 9296:10864, 8144:9712] (1568, 1568, 1568) and write ROI [9792:10368, 9792:10368, 8640:9216] (576, 576, 576)
Recorded block-done for octoS0SubroiZ15683136Y78409408X1097612544Difficultsoma_pred_affs/21437 with read ROI [9296:10864, 9296:10864, 8144:9712] (1568, 1568, 1568) and write ROI [9792:10368, 9792:10368, 8640:9216] (576, 576, 576)
Recording block-done for octoS0SubroiZ15683136Y78409408X1097612544Difficultsoma_pred_affs/9822 with read ROI [9296:10864, 10448:12016, 80:1648] (1568, 1568, 1568) and write ROI [9792:10368, 10944:11520, 576:1152] (576, 576, 576)
Recorded block-done for octoS0SubroiZ15683136Y78409408X1097612544Difficultsoma_pred_affs/9822 with read ROI [9296:10864, 10448:12016, 80:1648] (1568, 1568, 1568) and write ROI [9792:10368, 10944:11520, 576:1152] (576, 576, 576)
Recording block-done for octoS0SubroiZ15683136Y78409408X1097612544Difficultsoma_pred_affs/20283 with read ROI [9296:10864, 10448:12016, 6416:7984] (1568, 1568, 1568) and write ROI [9792:10368, 10944:11520, 6912:7488] (576, 576, 576)
Recorded block-done for octoS0SubroiZ15683136Y78409408X1097612544Difficultsoma_pred_affs/20283 with read ROI [9296:10864, 10448:12016, 6416:7984] (1568, 1568, 1568) and write ROI [9792:10368, 10944:11520, 6912:7488] (576, 576, 576)
Recording block-done for octoS0SubroiZ15683136Y78409408X1097612544Difficultsoma_pred_affs/16898 with read ROI [9296:10864, 10448:12016, 4688:6256] (1568, 1568, 1568) and write ROI [9792:10368, 10944:11520, 5184:5760] (576, 576, 576)
Recorded block-done for octoS0SubroiZ15683136Y78409408X1097612544Difficultsoma_pred_affs/16898 with read ROI [9296:10864, 10448:12016, 4688:6256] (1568, 1568, 1568) and write ROI [9792:10368, 10944:11520, 5184:5760] (576, 576, 576)
Recording block-done for octoS0SubroiZ15683136Y78409408X1097612544Difficultsoma_pred_affs/26918 with read ROI [9296:10864, 10448:12016, 9296:10864] (1568, 1568, 1568) and write ROI [9792:10368, 10944:11520, 9792:10368] (576, 576, 576)
Recorded block-done for octoS0SubroiZ15683136Y78409408X1097612544Difficultsoma_pred_affs/26918 with read ROI [9296:10864, 10448:12016, 9296:10864] (1568, 1568, 1568) and write ROI [9792:10368, 10944:11520, 9792:10368] (576, 576, 576)
Recording block-done for octoS0SubroiZ15683136Y78409408X1097612544Difficultsoma_pred_affs/13927 with read ROI [9296:10864, 10448:12016, 2960:4528] (1568, 1568, 1568) and write ROI [9792:10368, 10944:11520, 3456:4032] (576, 576, 576)
Recorded block-done for octoS0SubroiZ15683136Y78409408X1097612544Difficultsoma_pred_affs/13927 with read ROI [9296:10864, 10448:12016, 2960:4528] (1568, 1568, 1568) and write ROI [9792:10368, 10944:11520, 3456:4032] (576, 576, 576)
Recording block-done for octoS0SubroiZ15683136Y78409408X1097612544Difficultsoma_pred_affs/2528 with read ROI [9872:11440, 656:2224, 1232:2800] (1568, 1568, 1568) and write ROI [10368:10944, 1152:1728, 1728:2304] (576, 576, 576)
Recorded block-done for octoS0SubroiZ15683136Y78409408X1097612544Difficultsoma_pred_affs/2528 with read ROI [9872:11440, 656:2224, 1232:2800] (1568, 1568, 1568) and write ROI [10368:10944, 1152:1728, 1728:2304] (576, 576, 576)
Recording block-done for octoS0SubroiZ15683136Y78409408X1097612544Difficultsoma_pred_affs/4703 with read ROI [9872:11440, 80:1648, 5264:6832] (1568, 1568, 1568) and write ROI [10368:10944, 576:1152, 5760:6336] (576, 576, 576)
Recorded block-done for octoS0SubroiZ15683136Y78409408X1097612544Difficultsoma_pred_affs/4703 with read ROI [9872:11440, 80:1648, 5264:6832] (1568, 1568, 1568) and write ROI [10368:10944, 576:1152, 5760:6336] (576, 576, 576)
Recording block-done for octoS0SubroiZ15683136Y78409408X1097612544Difficultsoma_pred_affs/6192 with read ROI [9872:11440, 80:1648, 6992:8560] (1568, 1568, 1568) and write ROI [10368:10944, 576:1152, 7488:8064] (576, 576, 576)
Recorded block-done for octoS0SubroiZ15683136Y78409408X1097612544Difficultsoma_pred_affs/6192 with read ROI [9872:11440, 80:1648, 6992:8560] (1568, 1568, 1568) and write ROI [10368:10944, 576:1152, 7488:8064] (576, 576, 576)
Recording block-done for octoS0SubroiZ15683136Y78409408X1097612544Difficultsoma_pred_affs/3484 with read ROI [9872:11440, 80:1648, 3536:5104] (1568, 1568, 1568) and write ROI [10368:10944, 576:1152, 4032:4608] (576, 576, 576)
Recorded block-done for octoS0SubroiZ15683136Y78409408X1097612544Difficultsoma_pred_affs/3484 with read ROI [9872:11440, 80:1648, 3536:5104] (1568, 1568, 1568) and write ROI [10368:10944, 576:1152, 4032:4608] (576, 576, 576)
Recording block-done for octoS0SubroiZ15683136Y78409408X1097612544Difficultsoma_pred_affs/7348 with read ROI [9872:11440, 80:1648, 8144:9712] (1568, 1568, 1568) and write ROI [10368:10944, 576:1152, 8640:9216] (576, 576, 576)
Recorded block-done for octoS0SubroiZ15683136Y78409408X1097612544Difficultsoma_pred_affs/7348 with read ROI [9872:11440, 80:1648, 8144:9712] (1568, 1568, 1568) and write ROI [10368:10944, 576:1152, 8640:9216] (576, 576, 576)
Recording block-done for octoS0SubroiZ15683136Y78409408X1097612544Difficultsoma_pred_affs/5209 with read ROI [9872:11440, 1232:2800, 4688:6256] (1568, 1568, 1568) and write ROI [10368:10944, 1728:2304, 5184:5760] (576, 576, 576)
Recorded block-done for octoS0SubroiZ15683136Y78409408X1097612544Difficultsoma_pred_affs/5209 with read ROI [9872:11440, 1232:2800, 4688:6256] (1568, 1568, 1568) and write ROI [10368:10944, 1728:2304, 5184:5760] (576, 576, 576)
Recording block-done for octoS0SubroiZ15683136Y78409408X1097612544Difficultsoma_pred_affs/5684 with read ROI [9872:11440, 656:2224, 5840:7408] (1568, 1568, 1568) and write ROI [10368:10944, 1152:1728, 6336:6912] (576, 576, 576)
Recorded block-done for octoS0SubroiZ15683136Y78409408X1097612544Difficultsoma_pred_affs/5684 with read ROI [9872:11440, 656:2224, 5840:7408] (1568, 1568, 1568) and write ROI [10368:10944, 1152:1728, 6336:6912] (576, 576, 576)
Recording block-done for octoS0SubroiZ15683136Y78409408X1097612544Difficultsoma_pred_affs/9367 with read ROI [9872:11440, 656:2224, 9296:10864] (1568, 1568, 1568) and write ROI [10368:10944, 1152:1728, 9792:10368] (576, 576, 576)
Recorded block-done for octoS0SubroiZ15683136Y78409408X1097612544Difficultsoma_pred_affs/9367 with read ROI [9872:11440, 656:2224, 9296:10864] (1568, 1568, 1568) and write ROI [10368:10944, 1152:1728, 9792:10368] (576, 576, 576)
Recording block-done for octoS0SubroiZ15683136Y78409408X1097612544Difficultsoma_pred_affs/3525 with read ROI [9872:11440, 1232:2800, 2384:3952] (1568, 1568, 1568) and write ROI [10368:10944, 1728:2304, 2880:3456] (576, 576, 576)
Recorded block-done for octoS0SubroiZ15683136Y78409408X1097612544Difficultsoma_pred_affs/3525 with read ROI [9872:11440, 1232:2800, 2384:3952] (1568, 1568, 1568) and write ROI [10368:10944, 1728:2304, 2880:3456] (576, 576, 576)
Recording block-done for octoS0SubroiZ15683136Y78409408X1097612544Difficultsoma_pred_affs/3903 with read ROI [9872:11440, 1232:2800, 2960:4528] (1568, 1568, 1568) and write ROI [10368:10944, 1728:2304, 3456:4032] (576, 576, 576)
Recorded block-done for octoS0SubroiZ15683136Y78409408X1097612544Difficultsoma_pred_affs/3903 with read ROI [9872:11440, 1232:2800, 2960:4528] (1568, 1568, 1568) and write ROI [10368:10944, 1728:2304, 3456:4032] (576, 576, 576)
Recording block-done for octoS0SubroiZ15683136Y78409408X1097612544Difficultsoma_pred_affs/10931 with read ROI [9872:11440, 1808:3376, 9296:10864] (1568, 1568, 1568) and write ROI [10368:10944, 2304:2880, 9792:10368] (576, 576, 576)
Recorded block-done for octoS0SubroiZ15683136Y78409408X1097612544Difficultsoma_pred_affs/10931 with read ROI [9872:11440, 1808:3376, 9296:10864] (1568, 1568, 1568) and write ROI [10368:10944, 2304:2880, 9792:10368] (576, 576, 576)
Recording block-done for octoS0SubroiZ15683136Y78409408X1097612544Difficultsoma_pred_affs/11729 with read ROI [9872:11440, 1232:2800, 10448:12016] (1568, 1568, 1568) and write ROI [10368:10944, 1728:2304, 10944:11520] (576, 576, 576)
Recorded block-done for octoS0SubroiZ15683136Y78409408X1097612544Difficultsoma_pred_affs/11729 with read ROI [9872:11440, 1232:2800, 10448:12016] (1568, 1568, 1568) and write ROI [10368:10944, 1728:2304, 10944:11520] (576, 576, 576)
Recording block-done for octoS0SubroiZ15683136Y78409408X1097612544Difficultsoma_pred_affs/2571 with read ROI [9872:11440, 1808:3376, 80:1648] (1568, 1568, 1568) and write ROI [10368:10944, 2304:2880, 576:1152] (576, 576, 576)
Recorded block-done for octoS0SubroiZ15683136Y78409408X1097612544Difficultsoma_pred_affs/2571 with read ROI [9872:11440, 1808:3376, 80:1648] (1568, 1568, 1568) and write ROI [10368:10944, 2304:2880, 576:1152] (576, 576, 576)
Recording block-done for octoS0SubroiZ15683136Y78409408X1097612544Difficultsoma_pred_affs/4766 with read ROI [9872:11440, 1808:3376, 3536:5104] (1568, 1568, 1568) and write ROI [10368:10944, 2304:2880, 4032:4608] (576, 576, 576)
Recorded block-done for octoS0SubroiZ15683136Y78409408X1097612544Difficultsoma_pred_affs/4766 with read ROI [9872:11440, 1808:3376, 3536:5104] (1568, 1568, 1568) and write ROI [10368:10944, 2304:2880, 4032:4608] (576, 576, 576)
Recording block-done for octoS0SubroiZ15683136Y78409408X1097612544Difficultsoma_pred_affs/3570 with read ROI [9872:11440, 2384:3952, 1232:2800] (1568, 1568, 1568) and write ROI [10368:10944, 2880:3456, 1728:2304] (576, 576, 576)
Recorded block-done for octoS0SubroiZ15683136Y78409408X1097612544Difficultsoma_pred_affs/3570 with read ROI [9872:11440, 2384:3952, 1232:2800] (1568, 1568, 1568) and write ROI [10368:10944, 2880:3456, 1728:2304] (576, 576, 576)
Recording block-done for octoS0SubroiZ15683136Y78409408X1097612544Difficultsoma_pred_affs/8064 with read ROI [9872:11440, 2384:3952, 6416:7984] (1568, 1568, 1568) and write ROI [10368:10944, 2880:3456, 6912:7488] (576, 576, 576)
Recorded block-done for octoS0SubroiZ15683136Y78409408X1097612544Difficultsoma_pred_affs/8064 with read ROI [9872:11440, 2384:3952, 6416:7984] (1568, 1568, 1568) and write ROI [10368:10944, 2880:3456, 6912:7488] (576, 576, 576)
Recording block-done for octoS0SubroiZ15683136Y78409408X1097612544Difficultsoma_pred_affs/10174 with read ROI [9872:11440, 2384:3952, 8144:9712] (1568, 1568, 1568) and write ROI [10368:10944, 2880:3456, 8640:9216] (576, 576, 576)
Recorded block-done for octoS0SubroiZ15683136Y78409408X1097612544Difficultsoma_pred_affs/10174 with read ROI [9872:11440, 2384:3952, 8144:9712] (1568, 1568, 1568) and write ROI [10368:10944, 2880:3456, 8640:9216] (576, 576, 576)
Recording block-done for octoS0SubroiZ15683136Y78409408X1097612544Difficultsoma_pred_affs/4378 with read ROI [9872:11440, 2960:4528, 1808:3376] (1568, 1568, 1568) and write ROI [10368:10944, 3456:4032, 2304:2880] (576, 576, 576)
Recorded block-done for octoS0SubroiZ15683136Y78409408X1097612544Difficultsoma_pred_affs/4378 with read ROI [9872:11440, 2960:4528, 1808:3376] (1568, 1568, 1568) and write ROI [10368:10944, 3456:4032, 2304:2880] (576, 576, 576)
Recording block-done for octoS0SubroiZ15683136Y78409408X1097612544Difficultsoma_pred_affs/3972 with read ROI [9872:11440, 2960:4528, 1232:2800] (1568, 1568, 1568) and write ROI [10368:10944, 3456:4032, 1728:2304] (576, 576, 576)
Recorded block-done for octoS0SubroiZ15683136Y78409408X1097612544Difficultsoma_pred_affs/3972 with read ROI [9872:11440, 2960:4528, 1232:2800] (1568, 1568, 1568) and write ROI [10368:10944, 3456:4032, 1728:2304] (576, 576, 576)
Recording block-done for octoS0SubroiZ15683136Y78409408X1097612544Difficultsoma_pred_affs/5774 with read ROI [9872:11440, 2960:4528, 3536:5104] (1568, 1568, 1568) and write ROI [10368:10944, 3456:4032, 4032:4608] (576, 576, 576)
Recorded block-done for octoS0SubroiZ15683136Y78409408X1097612544Difficultsoma_pred_affs/5774 with read ROI [9872:11440, 2960:4528, 3536:5104] (1568, 1568, 1568) and write ROI [10368:10944, 3456:4032, 4032:4608] (576, 576, 576)
Recording block-done for octoS0SubroiZ15683136Y78409408X1097612544Difficultsoma_pred_affs/6888 with read ROI [9872:11440, 3536:5104, 4112:5680] (1568, 1568, 1568) and write ROI [10368:10944, 4032:4608, 4608:5184] (576, 576, 576)
Recorded block-done for octoS0SubroiZ15683136Y78409408X1097612544Difficultsoma_pred_affs/6888 with read ROI [9872:11440, 3536:5104, 4112:5680] (1568, 1568, 1568) and write ROI [10368:10944, 4032:4608, 4608:5184] (576, 576, 576)
Recording block-done for octoS0SubroiZ15683136Y78409408X1097612544Difficultsoma_pred_affs/7483 with read ROI [9872:11440, 3536:5104, 4688:6256] (1568, 1568, 1568) and write ROI [10368:10944, 4032:4608, 5184:5760] (576, 576, 576)
Recorded block-done for octoS0SubroiZ15683136Y78409408X1097612544Difficultsoma_pred_affs/7483 with read ROI [9872:11440, 3536:5104, 4688:6256] (1568, 1568, 1568) and write ROI [10368:10944, 4032:4608, 5184:5760] (576, 576, 576)
Recording block-done for octoS0SubroiZ15683136Y78409408X1097612544Difficultsoma_pred_affs/14533 with read ROI [9872:11440, 3536:5104, 9872:11440] (1568, 1568, 1568) and write ROI [10368:10944, 4032:4608, 10368:10944] (576, 576, 576)
Recorded block-done for octoS0SubroiZ15683136Y78409408X1097612544Difficultsoma_pred_affs/14533 with read ROI [9872:11440, 3536:5104, 9872:11440] (1568, 1568, 1568) and write ROI [10368:10944, 4032:4608, 10368:10944] (576, 576, 576)
Recording block-done for octoS0SubroiZ15683136Y78409408X1097612544Difficultsoma_pred_affs/15523 with read ROI [9872:11440, 3536:5104, 10448:12016] (1568, 1568, 1568) and write ROI [10368:10944, 4032:4608, 10944:11520] (576, 576, 576)
Recorded block-done for octoS0SubroiZ15683136Y78409408X1097612544Difficultsoma_pred_affs/15523 with read ROI [9872:11440, 3536:5104, 10448:12016] (1568, 1568, 1568) and write ROI [10368:10944, 4032:4608, 10944:11520] (576, 576, 576)
Recording block-done for octoS0SubroiZ15683136Y78409408X1097612544Difficultsoma_pred_affs/5799 with read ROI [9872:11440, 3536:5104, 2960:4528] (1568, 1568, 1568) and write ROI [10368:10944, 4032:4608, 3456:4032] (576, 576, 576)
Recorded block-done for octoS0SubroiZ15683136Y78409408X1097612544Difficultsoma_pred_affs/5799 with read ROI [9872:11440, 3536:5104, 2960:4528] (1568, 1568, 1568) and write ROI [10368:10944, 4032:4608, 3456:4032] (576, 576, 576)
Recording block-done for octoS0SubroiZ15683136Y78409408X1097612544Difficultsoma_pred_affs/4456 with read ROI [9872:11440, 4688:6256, 80:1648] (1568, 1568, 1568) and write ROI [10368:10944, 5184:5760, 576:1152] (576, 576, 576)
Recorded block-done for octoS0SubroiZ15683136Y78409408X1097612544Difficultsoma_pred_affs/4456 with read ROI [9872:11440, 4688:6256, 80:1648] (1568, 1568, 1568) and write ROI [10368:10944, 5184:5760, 576:1152] (576, 576, 576)
Recording block-done for octoS0SubroiZ15683136Y78409408X1097612544Difficultsoma_pred_affs/6380 with read ROI [9872:11440, 4688:6256, 2384:3952] (1568, 1568, 1568) and write ROI [10368:10944, 5184:5760, 2880:3456] (576, 576, 576)
Recorded block-done for octoS0SubroiZ15683136Y78409408X1097612544Difficultsoma_pred_affs/6380 with read ROI [9872:11440, 4688:6256, 2384:3952] (1568, 1568, 1568) and write ROI [10368:10944, 5184:5760, 2880:3456] (576, 576, 576)
Recording block-done for octoS0SubroiZ15683136Y78409408X1097612544Difficultsoma_pred_affs/12737 with read ROI [9872:11440, 4688:6256, 7568:9136] (1568, 1568, 1568) and write ROI [10368:10944, 5184:5760, 8064:8640] (576, 576, 576)
Recorded block-done for octoS0SubroiZ15683136Y78409408X1097612544Difficultsoma_pred_affs/12737 with read ROI [9872:11440, 4688:6256, 7568:9136] (1568, 1568, 1568) and write ROI [10368:10944, 5184:5760, 8064:8640] (576, 576, 576)
Recording block-done for octoS0SubroiZ15683136Y78409408X1097612544Difficultsoma_pred_affs/15576 with read ROI [9872:11440, 4688:6256, 9296:10864] (1568, 1568, 1568) and write ROI [10368:10944, 5184:5760, 9792:10368] (576, 576, 576)
Recorded block-done for octoS0SubroiZ15683136Y78409408X1097612544Difficultsoma_pred_affs/15576 with read ROI [9872:11440, 4688:6256, 9296:10864] (1568, 1568, 1568) and write ROI [10368:10944, 5184:5760, 9792:10368] (576, 576, 576)
Recording block-done for octoS0SubroiZ15683136Y78409408X1097612544Difficultsoma_pred_affs/16611 with read ROI [9872:11440, 4688:6256, 9872:11440] (1568, 1568, 1568) and write ROI [10368:10944, 5184:5760, 10368:10944] (576, 576, 576)
Recorded block-done for octoS0SubroiZ15683136Y78409408X1097612544Difficultsoma_pred_affs/16611 with read ROI [9872:11440, 4688:6256, 9872:11440] (1568, 1568, 1568) and write ROI [10368:10944, 5184:5760, 10368:10944] (576, 576, 576)
Recording block-done for octoS0SubroiZ15683136Y78409408X1097612544Difficultsoma_pred_affs/11904 with read ROI [9872:11440, 5264:6832, 6416:7984] (1568, 1568, 1568) and write ROI [10368:10944, 5760:6336, 6912:7488] (576, 576, 576)
Recorded block-done for octoS0SubroiZ15683136Y78409408X1097612544Difficultsoma_pred_affs/11904 with read ROI [9872:11440, 5264:6832, 6416:7984] (1568, 1568, 1568) and write ROI [10368:10944, 5760:6336, 6912:7488] (576, 576, 576)
Recording block-done for octoS0SubroiZ15683136Y78409408X1097612544Difficultsoma_pred_affs/13668 with read ROI [9872:11440, 5264:6832, 7568:9136] (1568, 1568, 1568) and write ROI [10368:10944, 5760:6336, 8064:8640] (576, 576, 576)
Recorded block-done for octoS0SubroiZ15683136Y78409408X1097612544Difficultsoma_pred_affs/13668 with read ROI [9872:11440, 5264:6832, 7568:9136] (1568, 1568, 1568) and write ROI [10368:10944, 5760:6336, 8064:8640] (576, 576, 576)
Recording block-done for octoS0SubroiZ15683136Y78409408X1097612544Difficultsoma_pred_affs/17720 with read ROI [9872:11440, 5264:6832, 9872:11440] (1568, 1568, 1568) and write ROI [10368:10944, 5760:6336, 10368:10944] (576, 576, 576)
Recorded block-done for octoS0SubroiZ15683136Y78409408X1097612544Difficultsoma_pred_affs/17720 with read ROI [9872:11440, 5264:6832, 9872:11440] (1568, 1568, 1568) and write ROI [10368:10944, 5760:6336, 10368:10944] (576, 576, 576)
Recording block-done for octoS0SubroiZ15683136Y78409408X1097612544Difficultsoma_pred_affs/6998 with read ROI [9872:11440, 5840:7408, 1808:3376] (1568, 1568, 1568) and write ROI [10368:10944, 6336:6912, 2304:2880] (576, 576, 576)
Recorded block-done for octoS0SubroiZ15683136Y78409408X1097612544Difficultsoma_pred_affs/6998 with read ROI [9872:11440, 5840:7408, 1808:3376] (1568, 1568, 1568) and write ROI [10368:10944, 6336:6912, 2304:2880] (576, 576, 576)
Recording block-done for octoS0SubroiZ15683136Y78409408X1097612544Difficultsoma_pred_affs/7593 with read ROI [9872:11440, 5840:7408, 2384:3952] (1568, 1568, 1568) and write ROI [10368:10944, 6336:6912, 2880:3456] (576, 576, 576)
Recorded block-done for octoS0SubroiZ15683136Y78409408X1097612544Difficultsoma_pred_affs/7593 with read ROI [9872:11440, 5840:7408, 2384:3952] (1568, 1568, 1568) and write ROI [10368:10944, 6336:6912, 2880:3456] (576, 576, 576)
Recording block-done for octoS0SubroiZ15683136Y78409408X1097612544Difficultsoma_pred_affs/18907 with read ROI [9872:11440, 6416:7984, 9296:10864] (1568, 1568, 1568) and write ROI [10368:10944, 6912:7488, 9792:10368] (576, 576, 576)
Recorded block-done for octoS0SubroiZ15683136Y78409408X1097612544Difficultsoma_pred_affs/18907 with read ROI [9872:11440, 6416:7984, 9296:10864] (1568, 1568, 1568) and write ROI [10368:10944, 6912:7488, 9792:10368] (576, 576, 576)
Recording block-done for octoS0SubroiZ15683136Y78409408X1097612544Difficultsoma_pred_affs/6467 with read ROI [9872:11440, 6416:7984, 656:2224] (1568, 1568, 1568) and write ROI [10368:10944, 6912:7488, 1152:1728] (576, 576, 576)
Recorded block-done for octoS0SubroiZ15683136Y78409408X1097612544Difficultsoma_pred_affs/6467 with read ROI [9872:11440, 6416:7984, 656:2224] (1568, 1568, 1568) and write ROI [10368:10944, 6912:7488, 1152:1728] (576, 576, 576)
Recording block-done for octoS0SubroiZ15683136Y78409408X1097612544Difficultsoma_pred_affs/11143 with read ROI [9872:11440, 6416:7984, 4688:6256] (1568, 1568, 1568) and write ROI [10368:10944, 6912:7488, 5184:5760] (576, 576, 576)
Recorded block-done for octoS0SubroiZ15683136Y78409408X1097612544Difficultsoma_pred_affs/11143 with read ROI [9872:11440, 6416:7984, 4688:6256] (1568, 1568, 1568) and write ROI [10368:10944, 6912:7488, 5184:5760] (576, 576, 576)
Recording block-done for octoS0SubroiZ15683136Y78409408X1097612544Difficultsoma_pred_affs/7654 with read ROI [9872:11440, 6992:8560, 1232:2800] (1568, 1568, 1568) and write ROI [10368:10944, 7488:8064, 1728:2304] (576, 576, 576)
Recorded block-done for octoS0SubroiZ15683136Y78409408X1097612544Difficultsoma_pred_affs/7654 with read ROI [9872:11440, 6992:8560, 1232:2800] (1568, 1568, 1568) and write ROI [10368:10944, 7488:8064, 1728:2304] (576, 576, 576)
Recording block-done for octoS0SubroiZ15683136Y78409408X1097612544Difficultsoma_pred_affs/14736 with read ROI [9872:11440, 7568:9136, 5840:7408] (1568, 1568, 1568) and write ROI [10368:10944, 8064:8640, 6336:6912] (576, 576, 576)
Recorded block-done for octoS0SubroiZ15683136Y78409408X1097612544Difficultsoma_pred_affs/14736 with read ROI [9872:11440, 7568:9136, 5840:7408] (1568, 1568, 1568) and write ROI [10368:10944, 8064:8640, 6336:6912] (576, 576, 576)
Recording block-done for octoS0SubroiZ15683136Y78409408X1097612544Difficultsoma_pred_affs/23972 with read ROI [9872:11440, 7568:9136, 10448:12016] (1568, 1568, 1568) and write ROI [10368:10944, 8064:8640, 10944:11520] (576, 576, 576)
Recorded block-done for octoS0SubroiZ15683136Y78409408X1097612544Difficultsoma_pred_affs/23972 with read ROI [9872:11440, 7568:9136, 10448:12016] (1568, 1568, 1568) and write ROI [10368:10944, 8064:8640, 10944:11520] (576, 576, 576)
Recording block-done for octoS0SubroiZ15683136Y78409408X1097612544Difficultsoma_pred_affs/7719 with read ROI [9872:11440, 8144:9712, 80:1648] (1568, 1568, 1568) and write ROI [10368:10944, 8640:9216, 576:1152] (576, 576, 576)
Recorded block-done for octoS0SubroiZ15683136Y78409408X1097612544Difficultsoma_pred_affs/7719 with read ROI [9872:11440, 8144:9712, 80:1648] (1568, 1568, 1568) and write ROI [10368:10944, 8640:9216, 576:1152] (576, 576, 576)
Recording block-done for octoS0SubroiZ15683136Y78409408X1097612544Difficultsoma_pred_affs/8349 with read ROI [9872:11440, 8144:9712, 656:2224] (1568, 1568, 1568) and write ROI [10368:10944, 8640:9216, 1152:1728] (576, 576, 576)
Recorded block-done for octoS0SubroiZ15683136Y78409408X1097612544Difficultsoma_pred_affs/8349 with read ROI [9872:11440, 8144:9712, 656:2224] (1568, 1568, 1568) and write ROI [10368:10944, 8640:9216, 1152:1728] (576, 576, 576)
Recording block-done for octoS0SubroiZ15683136Y78409408X1097612544Difficultsoma_pred_affs/14769 with read ROI [9872:11440, 8144:9712, 5264:6832] (1568, 1568, 1568) and write ROI [10368:10944, 8640:9216, 5760:6336] (576, 576, 576)
Recorded block-done for octoS0SubroiZ15683136Y78409408X1097612544Difficultsoma_pred_affs/14769 with read ROI [9872:11440, 8144:9712, 5264:6832] (1568, 1568, 1568) and write ROI [10368:10944, 8640:9216, 5760:6336] (576, 576, 576)
Recording block-done for octoS0SubroiZ15683136Y78409408X1097612544Difficultsoma_pred_affs/14803 with read ROI [9872:11440, 8720:10288, 4688:6256] (1568, 1568, 1568) and write ROI [10368:10944, 9216:9792, 5184:5760] (576, 576, 576)
Recorded block-done for octoS0SubroiZ15683136Y78409408X1097612544Difficultsoma_pred_affs/14803 with read ROI [9872:11440, 8720:10288, 4688:6256] (1568, 1568, 1568) and write ROI [10368:10944, 9216:9792, 5184:5760] (576, 576, 576)
Recording block-done for octoS0SubroiZ15683136Y78409408X1097612544Difficultsoma_pred_affs/15793 with read ROI [9872:11440, 8720:10288, 5264:6832] (1568, 1568, 1568) and write ROI [10368:10944, 9216:9792, 5760:6336] (576, 576, 576)
Recorded block-done for octoS0SubroiZ15683136Y78409408X1097612544Difficultsoma_pred_affs/15793 with read ROI [9872:11440, 8720:10288, 5264:6832] (1568, 1568, 1568) and write ROI [10368:10944, 9216:9792, 5760:6336] (576, 576, 576)
Recording block-done for octoS0SubroiZ15683136Y78409408X1097612544Difficultsoma_pred_affs/22713 with read ROI [9872:11440, 8720:10288, 8720:10288] (1568, 1568, 1568) and write ROI [10368:10944, 9216:9792, 9216:9792] (576, 576, 576)
Recorded block-done for octoS0SubroiZ15683136Y78409408X1097612544Difficultsoma_pred_affs/22713 with read ROI [9872:11440, 8720:10288, 8720:10288] (1568, 1568, 1568) and write ROI [10368:10944, 9216:9792, 9216:9792] (576, 576, 576)
Recording block-done for octoS0SubroiZ15683136Y78409408X1097612544Difficultsoma_pred_affs/12128 with read ROI [9872:11440, 9296:10864, 2384:3952] (1568, 1568, 1568) and write ROI [10368:10944, 9792:10368, 2880:3456] (576, 576, 576)
Recorded block-done for octoS0SubroiZ15683136Y78409408X1097612544Difficultsoma_pred_affs/12128 with read ROI [9872:11440, 9296:10864, 2384:3952] (1568, 1568, 1568) and write ROI [10368:10944, 9792:10368, 2880:3456] (576, 576, 576)
Recording block-done for octoS0SubroiZ15683136Y78409408X1097612544Difficultsoma_pred_affs/9787 with read ROI [9872:11440, 9296:10864, 656:2224] (1568, 1568, 1568) and write ROI [10368:10944, 9792:10368, 1152:1728] (576, 576, 576)
Recorded block-done for octoS0SubroiZ15683136Y78409408X1097612544Difficultsoma_pred_affs/9787 with read ROI [9872:11440, 9296:10864, 656:2224] (1568, 1568, 1568) and write ROI [10368:10944, 9792:10368, 1152:1728] (576, 576, 576)
Recording block-done for octoS0SubroiZ15683136Y78409408X1097612544Difficultsoma_pred_affs/12989 with read ROI [9872:11440, 9296:10864, 2960:4528] (1568, 1568, 1568) and write ROI [10368:10944, 9792:10368, 3456:4032] (576, 576, 576)
Recorded block-done for octoS0SubroiZ15683136Y78409408X1097612544Difficultsoma_pred_affs/12989 with read ROI [9872:11440, 9296:10864, 2960:4528] (1568, 1568, 1568) and write ROI [10368:10944, 9792:10368, 3456:4032] (576, 576, 576)
Recording block-done for octoS0SubroiZ15683136Y78409408X1097612544Difficultsoma_pred_affs/16863 with read ROI [9872:11440, 9296:10864, 5264:6832] (1568, 1568, 1568) and write ROI [10368:10944, 9792:10368, 5760:6336] (576, 576, 576)
Recorded block-done for octoS0SubroiZ15683136Y78409408X1097612544Difficultsoma_pred_affs/16863 with read ROI [9872:11440, 9296:10864, 5264:6832] (1568, 1568, 1568) and write ROI [10368:10944, 9792:10368, 5760:6336] (576, 576, 576)
Recording block-done for octoS0SubroiZ15683136Y78409408X1097612544Difficultsoma_pred_affs/11344 with read ROI [9872:11440, 9872:11440, 1232:2800] (1568, 1568, 1568) and write ROI [10368:10944, 10368:10944, 1728:2304] (576, 576, 576)
Recorded block-done for octoS0SubroiZ15683136Y78409408X1097612544Difficultsoma_pred_affs/11344 with read ROI [9872:11440, 9872:11440, 1232:2800] (1568, 1568, 1568) and write ROI [10368:10944, 10368:10944, 1728:2304] (576, 576, 576)
Recording block-done for octoS0SubroiZ15683136Y78409408X1097612544Difficultsoma_pred_affs/16899 with read ROI [9872:11440, 9872:11440, 4688:6256] (1568, 1568, 1568) and write ROI [10368:10944, 10368:10944, 5184:5760] (576, 576, 576)
Recorded block-done for octoS0SubroiZ15683136Y78409408X1097612544Difficultsoma_pred_affs/16899 with read ROI [9872:11440, 9872:11440, 4688:6256] (1568, 1568, 1568) and write ROI [10368:10944, 10368:10944, 5184:5760] (576, 576, 576)
Recording block-done for octoS0SubroiZ15683136Y78409408X1097612544Difficultsoma_pred_affs/19108 with read ROI [9872:11440, 9872:11440, 5840:7408] (1568, 1568, 1568) and write ROI [10368:10944, 10368:10944, 6336:6912] (576, 576, 576)
Recorded block-done for octoS0SubroiZ15683136Y78409408X1097612544Difficultsoma_pred_affs/19108 with read ROI [9872:11440, 9872:11440, 5840:7408] (1568, 1568, 1568) and write ROI [10368:10944, 10368:10944, 6336:6912] (576, 576, 576)
Recording block-done for octoS0SubroiZ15683136Y78409408X1097612544Difficultsoma_pred_affs/22784 with read ROI [9872:11440, 9872:11440, 7568:9136] (1568, 1568, 1568) and write ROI [10368:10944, 10368:10944, 8064:8640] (576, 576, 576)
Recorded block-done for octoS0SubroiZ15683136Y78409408X1097612544Difficultsoma_pred_affs/22784 with read ROI [9872:11440, 9872:11440, 7568:9136] (1568, 1568, 1568) and write ROI [10368:10944, 10368:10944, 8064:8640] (576, 576, 576)
Recording block-done for octoS0SubroiZ15683136Y78409408X1097612544Difficultsoma_pred_affs/26956 with read ROI [9872:11440, 10448:12016, 8720:10288] (1568, 1568, 1568) and write ROI [10368:10944, 10944:11520, 9216:9792] (576, 576, 576)
Recorded block-done for octoS0SubroiZ15683136Y78409408X1097612544Difficultsoma_pred_affs/26956 with read ROI [9872:11440, 10448:12016, 8720:10288] (1568, 1568, 1568) and write ROI [10368:10944, 10944:11520, 9216:9792] (576, 576, 576)
Recording block-done for octoS0SubroiZ15683136Y78409408X1097612544Difficultsoma_pred_affs/21546 with read ROI [9872:11440, 10448:12016, 6416:7984] (1568, 1568, 1568) and write ROI [10368:10944, 10944:11520, 6912:7488] (576, 576, 576)
Recorded block-done for octoS0SubroiZ15683136Y78409408X1097612544Difficultsoma_pred_affs/21546 with read ROI [9872:11440, 10448:12016, 6416:7984] (1568, 1568, 1568) and write ROI [10368:10944, 10944:11520, 6912:7488] (576, 576, 576)
Recording block-done for octoS0SubroiZ15683136Y78409408X1097612544Difficultsoma_pred_affs/15901 with read ROI [9872:11440, 10448:12016, 3536:5104] (1568, 1568, 1568) and write ROI [10368:10944, 10944:11520, 4032:4608] (576, 576, 576)
Recorded block-done for octoS0SubroiZ15683136Y78409408X1097612544Difficultsoma_pred_affs/15901 with read ROI [9872:11440, 10448:12016, 3536:5104] (1568, 1568, 1568) and write ROI [10368:10944, 10944:11520, 4032:4608] (576, 576, 576)
Recording block-done for octoS0SubroiZ15683136Y78409408X1097612544Difficultsoma_pred_affs/2000 with read ROI [10448:12016, 80:1648, 80:1648] (1568, 1568, 1568) and write ROI [10944:11520, 576:1152, 576:1152] (576, 576, 576)
Recorded block-done for octoS0SubroiZ15683136Y78409408X1097612544Difficultsoma_pred_affs/2000 with read ROI [10448:12016, 80:1648, 80:1648] (1568, 1568, 1568) and write ROI [10944:11520, 576:1152, 576:1152] (576, 576, 576)
Recording block-done for octoS0SubroiZ15683136Y78409408X1097612544Difficultsoma_pred_affs/3526 with read ROI [10448:12016, 656:2224, 2384:3952] (1568, 1568, 1568) and write ROI [10944:11520, 1152:1728, 2880:3456] (576, 576, 576)
Recorded block-done for octoS0SubroiZ15683136Y78409408X1097612544Difficultsoma_pred_affs/3526 with read ROI [10448:12016, 656:2224, 2384:3952] (1568, 1568, 1568) and write ROI [10944:11520, 1152:1728, 2880:3456] (576, 576, 576)
Recording block-done for octoS0SubroiZ15683136Y78409408X1097612544Difficultsoma_pred_affs/8665 with read ROI [10448:12016, 80:1648, 8720:10288] (1568, 1568, 1568) and write ROI [10944:11520, 576:1152, 9216:9792] (576, 576, 576)
Recorded block-done for octoS0SubroiZ15683136Y78409408X1097612544Difficultsoma_pred_affs/8665 with read ROI [10448:12016, 80:1648, 8720:10288] (1568, 1568, 1568) and write ROI [10944:11520, 576:1152, 9216:9792] (576, 576, 576)
Recording block-done for octoS0SubroiZ15683136Y78409408X1097612544Difficultsoma_pred_affs/9368 with read ROI [10448:12016, 80:1648, 9296:10864] (1568, 1568, 1568) and write ROI [10944:11520, 576:1152, 9792:10368] (576, 576, 576)
Recorded block-done for octoS0SubroiZ15683136Y78409408X1097612544Difficultsoma_pred_affs/9368 with read ROI [10448:12016, 80:1648, 9296:10864] (1568, 1568, 1568) and write ROI [10944:11520, 576:1152, 9792:10368] (576, 576, 576)
Recording block-done for octoS0SubroiZ15683136Y78409408X1097612544Difficultsoma_pred_affs/10109 with read ROI [10448:12016, 80:1648, 9872:11440] (1568, 1568, 1568) and write ROI [10944:11520, 576:1152, 10368:10944] (576, 576, 576)
Recorded block-done for octoS0SubroiZ15683136Y78409408X1097612544Difficultsoma_pred_affs/10109 with read ROI [10448:12016, 80:1648, 9872:11440] (1568, 1568, 1568) and write ROI [10944:11520, 576:1152, 10368:10944] (576, 576, 576)
Recording block-done for octoS0SubroiZ15683136Y78409408X1097612544Difficultsoma_pred_affs/3197 with read ROI [10448:12016, 1232:2800, 1232:2800] (1568, 1568, 1568) and write ROI [10944:11520, 1728:2304, 1728:2304] (576, 576, 576)
Recorded block-done for octoS0SubroiZ15683136Y78409408X1097612544Difficultsoma_pred_affs/3197 with read ROI [10448:12016, 1232:2800, 1232:2800] (1568, 1568, 1568) and write ROI [10944:11520, 1728:2304, 1728:2304] (576, 576, 576)
Recording block-done for octoS0SubroiZ15683136Y78409408X1097612544Difficultsoma_pred_affs/6234 with read ROI [10448:12016, 656:2224, 5840:7408] (1568, 1568, 1568) and write ROI [10944:11520, 1152:1728, 6336:6912] (576, 576, 576)
Recorded block-done for octoS0SubroiZ15683136Y78409408X1097612544Difficultsoma_pred_affs/6234 with read ROI [10448:12016, 656:2224, 5840:7408] (1568, 1568, 1568) and write ROI [10944:11520, 1152:1728, 6336:6912] (576, 576, 576)
Recording block-done for octoS0SubroiZ15683136Y78409408X1097612544Difficultsoma_pred_affs/7412 with read ROI [10448:12016, 1232:2800, 6416:7984] (1568, 1568, 1568) and write ROI [10944:11520, 1728:2304, 6912:7488] (576, 576, 576)
Recorded block-done for octoS0SubroiZ15683136Y78409408X1097612544Difficultsoma_pred_affs/7412 with read ROI [10448:12016, 1232:2800, 6416:7984] (1568, 1568, 1568) and write ROI [10944:11520, 1728:2304, 6912:7488] (576, 576, 576)
Recording block-done for octoS0SubroiZ15683136Y78409408X1097612544Difficultsoma_pred_affs/10130 with read ROI [10448:12016, 656:2224, 9296:10864] (1568, 1568, 1568) and write ROI [10944:11520, 1152:1728, 9792:10368] (576, 576, 576)
Recorded block-done for octoS0SubroiZ15683136Y78409408X1097612544Difficultsoma_pred_affs/10130 with read ROI [10448:12016, 656:2224, 9296:10864] (1568, 1568, 1568) and write ROI [10944:11520, 1152:1728, 9792:10368] (576, 576, 576)
Recording block-done for octoS0SubroiZ15683136Y78409408X1097612544Difficultsoma_pred_affs/4767 with read ROI [10448:12016, 1232:2800, 3536:5104] (1568, 1568, 1568) and write ROI [10944:11520, 1728:2304, 4032:4608] (576, 576, 576)
Recorded block-done for octoS0SubroiZ15683136Y78409408X1097612544Difficultsoma_pred_affs/4767 with read ROI [10448:12016, 1232:2800, 3536:5104] (1568, 1568, 1568) and write ROI [10944:11520, 1728:2304, 4032:4608] (576, 576, 576)
Recording block-done for octoS0SubroiZ15683136Y78409408X1097612544Difficultsoma_pred_affs/3244 with read ROI [10448:12016, 2384:3952, 80:1648] (1568, 1568, 1568) and write ROI [10944:11520, 2880:3456, 576:1152] (576, 576, 576)
Recorded block-done for octoS0SubroiZ15683136Y78409408X1097612544Difficultsoma_pred_affs/3244 with read ROI [10448:12016, 2384:3952, 80:1648] (1568, 1568, 1568) and write ROI [10944:11520, 2880:3456, 576:1152] (576, 576, 576)
Recording block-done for octoS0SubroiZ15683136Y78409408X1097612544Difficultsoma_pred_affs/4355 with read ROI [10448:12016, 1808:3376, 2384:3952] (1568, 1568, 1568) and write ROI [10944:11520, 2304:2880, 2880:3456] (576, 576, 576)
Recorded block-done for octoS0SubroiZ15683136Y78409408X1097612544Difficultsoma_pred_affs/4355 with read ROI [10448:12016, 1808:3376, 2384:3952] (1568, 1568, 1568) and write ROI [10944:11520, 2304:2880, 2880:3456] (576, 576, 576)
Recording block-done for octoS0SubroiZ15683136Y78409408X1097612544Difficultsoma_pred_affs/9434 with read ROI [10448:12016, 1808:3376, 7568:9136] (1568, 1568, 1568) and write ROI [10944:11520, 2304:2880, 8064:8640] (576, 576, 576)
Recorded block-done for octoS0SubroiZ15683136Y78409408X1097612544Difficultsoma_pred_affs/9434 with read ROI [10448:12016, 1808:3376, 7568:9136] (1568, 1568, 1568) and write ROI [10944:11520, 2304:2880, 8064:8640] (576, 576, 576)
Recording block-done for octoS0SubroiZ15683136Y78409408X1097612544Difficultsoma_pred_affs/8755 with read ROI [10448:12016, 2384:3952, 6416:7984] (1568, 1568, 1568) and write ROI [10944:11520, 2880:3456, 6912:7488] (576, 576, 576)
Recorded block-done for octoS0SubroiZ15683136Y78409408X1097612544Difficultsoma_pred_affs/8755 with read ROI [10448:12016, 2384:3952, 6416:7984] (1568, 1568, 1568) and write ROI [10944:11520, 2880:3456, 6912:7488] (576, 576, 576)
Recording block-done for octoS0SubroiZ15683136Y78409408X1097612544Difficultsoma_pred_affs/10199 with read ROI [10448:12016, 2384:3952, 7568:9136] (1568, 1568, 1568) and write ROI [10944:11520, 2880:3456, 8064:8640] (576, 576, 576)
Recorded block-done for octoS0SubroiZ15683136Y78409408X1097612544Difficultsoma_pred_affs/10199 with read ROI [10448:12016, 2384:3952, 7568:9136] (1568, 1568, 1568) and write ROI [10944:11520, 2880:3456, 8064:8640] (576, 576, 576)
Recording block-done for octoS0SubroiZ15683136Y78409408X1097612544Difficultsoma_pred_affs/3998 with read ROI [10448:12016, 2960:4528, 656:2224] (1568, 1568, 1568) and write ROI [10944:11520, 3456:4032, 1152:1728] (576, 576, 576)
Recorded block-done for octoS0SubroiZ15683136Y78409408X1097612544Difficultsoma_pred_affs/3998 with read ROI [10448:12016, 2960:4528, 656:2224] (1568, 1568, 1568) and write ROI [10944:11520, 3456:4032, 1152:1728] (576, 576, 576)
Recording block-done for octoS0SubroiZ15683136Y78409408X1097612544Difficultsoma_pred_affs/4430 with read ROI [10448:12016, 3536:5104, 656:2224] (1568, 1568, 1568) and write ROI [10944:11520, 4032:4608, 1152:1728] (576, 576, 576)
Recorded block-done for octoS0SubroiZ15683136Y78409408X1097612544Difficultsoma_pred_affs/4430 with read ROI [10448:12016, 3536:5104, 656:2224] (1568, 1568, 1568) and write ROI [10944:11520, 4032:4608, 1152:1728] (576, 576, 576)
Recording block-done for octoS0SubroiZ15683136Y78409408X1097612544Difficultsoma_pred_affs/11004 with read ROI [10448:12016, 2960:4528, 7568:9136] (1568, 1568, 1568) and write ROI [10944:11520, 3456:4032, 8064:8640] (576, 576, 576)
Recorded block-done for octoS0SubroiZ15683136Y78409408X1097612544Difficultsoma_pred_affs/11004 with read ROI [10448:12016, 2960:4528, 7568:9136] (1568, 1568, 1568) and write ROI [10944:11520, 3456:4032, 8064:8640] (576, 576, 576)
Recording block-done for octoS0SubroiZ15683136Y78409408X1097612544Difficultsoma_pred_affs/7510 with read ROI [10448:12016, 3536:5104, 4112:5680] (1568, 1568, 1568) and write ROI [10944:11520, 4032:4608, 4608:5184] (576, 576, 576)
Recorded block-done for octoS0SubroiZ15683136Y78409408X1097612544Difficultsoma_pred_affs/7510 with read ROI [10448:12016, 3536:5104, 4112:5680] (1568, 1568, 1568) and write ROI [10944:11520, 4032:4608, 4608:5184] (576, 576, 576)
Recording block-done for octoS0SubroiZ15683136Y78409408X1097612544Difficultsoma_pred_affs/9509 with read ROI [10448:12016, 3536:5104, 5840:7408] (1568, 1568, 1568) and write ROI [10944:11520, 4032:4608, 6336:6912] (576, 576, 576)
Recorded block-done for octoS0SubroiZ15683136Y78409408X1097612544Difficultsoma_pred_affs/9509 with read ROI [10448:12016, 3536:5104, 5840:7408] (1568, 1568, 1568) and write ROI [10944:11520, 4032:4608, 6336:6912] (576, 576, 576)
Recording block-done for octoS0SubroiZ15683136Y78409408X1097612544Difficultsoma_pred_affs/6915 with read ROI [10448:12016, 3536:5104, 3536:5104] (1568, 1568, 1568) and write ROI [10944:11520, 4032:4608, 4032:4608] (576, 576, 576)
Recorded block-done for octoS0SubroiZ15683136Y78409408X1097612544Difficultsoma_pred_affs/6915 with read ROI [10448:12016, 3536:5104, 3536:5104] (1568, 1568, 1568) and write ROI [10944:11520, 4032:4608, 4032:4608] (576, 576, 576)
Recording block-done for octoS0SubroiZ15683136Y78409408X1097612544Difficultsoma_pred_affs/11057 with read ROI [10448:12016, 4112:5680, 6416:7984] (1568, 1568, 1568) and write ROI [10944:11520, 4608:5184, 6912:7488] (576, 576, 576)
Recorded block-done for octoS0SubroiZ15683136Y78409408X1097612544Difficultsoma_pred_affs/11057 with read ROI [10448:12016, 4112:5680, 6416:7984] (1568, 1568, 1568) and write ROI [10944:11520, 4608:5184, 6912:7488] (576, 576, 576)
Recording block-done for octoS0SubroiZ15683136Y78409408X1097612544Difficultsoma_pred_affs/8833 with read ROI [10448:12016, 4112:5680, 4688:6256] (1568, 1568, 1568) and write ROI [10944:11520, 4608:5184, 5184:5760] (576, 576, 576)
Recorded block-done for octoS0SubroiZ15683136Y78409408X1097612544Difficultsoma_pred_affs/8833 with read ROI [10448:12016, 4112:5680, 4688:6256] (1568, 1568, 1568) and write ROI [10944:11520, 4608:5184, 5184:5760] (576, 576, 576)
Recording block-done for octoS0SubroiZ15683136Y78409408X1097612544Difficultsoma_pred_affs/14587 with read ROI [10448:12016, 4112:5680, 8720:10288] (1568, 1568, 1568) and write ROI [10944:11520, 4608:5184, 9216:9792] (576, 576, 576)
Recorded block-done for octoS0SubroiZ15683136Y78409408X1097612544Difficultsoma_pred_affs/14587 with read ROI [10448:12016, 4112:5680, 8720:10288] (1568, 1568, 1568) and write ROI [10944:11520, 4608:5184, 9216:9792] (576, 576, 576)
Recording block-done for octoS0SubroiZ15683136Y78409408X1097612544Difficultsoma_pred_affs/16612 with read ROI [10448:12016, 4112:5680, 9872:11440] (1568, 1568, 1568) and write ROI [10944:11520, 4608:5184, 10368:10944] (576, 576, 576)
Recorded block-done for octoS0SubroiZ15683136Y78409408X1097612544Difficultsoma_pred_affs/16612 with read ROI [10448:12016, 4112:5680, 9872:11440] (1568, 1568, 1568) and write ROI [10944:11520, 4608:5184, 10368:10944] (576, 576, 576)
Recording block-done for octoS0SubroiZ15683136Y78409408X1097612544Difficultsoma_pred_affs/13641 with read ROI [10448:12016, 4112:5680, 8144:9712] (1568, 1568, 1568) and write ROI [10944:11520, 4608:5184, 8640:9216] (576, 576, 576)
Recorded block-done for octoS0SubroiZ15683136Y78409408X1097612544Difficultsoma_pred_affs/13641 with read ROI [10448:12016, 4112:5680, 8144:9712] (1568, 1568, 1568) and write ROI [10944:11520, 4608:5184, 8640:9216] (576, 576, 576)
Recording block-done for octoS0SubroiZ15683136Y78409408X1097612544Difficultsoma_pred_affs/10305 with read ROI [10448:12016, 4688:6256, 5264:6832] (1568, 1568, 1568) and write ROI [10944:11520, 5184:5760, 5760:6336] (576, 576, 576)
Recorded block-done for octoS0SubroiZ15683136Y78409408X1097612544Difficultsoma_pred_affs/10305 with read ROI [10448:12016, 4688:6256, 5264:6832] (1568, 1568, 1568) and write ROI [10944:11520, 5184:5760, 5760:6336] (576, 576, 576)
Recording block-done for octoS0SubroiZ15683136Y78409408X1097612544Difficultsoma_pred_affs/17721 with read ROI [10448:12016, 4688:6256, 9872:11440] (1568, 1568, 1568) and write ROI [10944:11520, 5184:5760, 10368:10944] (576, 576, 576)
Recorded block-done for octoS0SubroiZ15683136Y78409408X1097612544Difficultsoma_pred_affs/17721 with read ROI [10448:12016, 4688:6256, 9872:11440] (1568, 1568, 1568) and write ROI [10944:11520, 5184:5760, 10368:10944] (576, 576, 576)
Recording block-done for octoS0SubroiZ15683136Y78409408X1097612544Difficultsoma_pred_affs/12766 with read ROI [10448:12016, 4688:6256, 6992:8560] (1568, 1568, 1568) and write ROI [10944:11520, 5184:5760, 7488:8064] (576, 576, 576)
Recorded block-done for octoS0SubroiZ15683136Y78409408X1097612544Difficultsoma_pred_affs/12766 with read ROI [10448:12016, 4688:6256, 6992:8560] (1568, 1568, 1568) and write ROI [10944:11520, 5184:5760, 7488:8064] (576, 576, 576)
Recording block-done for octoS0SubroiZ15683136Y78409408X1097612544Difficultsoma_pred_affs/5414 with read ROI [10448:12016, 5264:6832, 80:1648] (1568, 1568, 1568) and write ROI [10944:11520, 5760:6336, 576:1152] (576, 576, 576)
Recorded block-done for octoS0SubroiZ15683136Y78409408X1097612544Difficultsoma_pred_affs/5414 with read ROI [10448:12016, 5264:6832, 80:1648] (1568, 1568, 1568) and write ROI [10944:11520, 5760:6336, 576:1152] (576, 576, 576)
Recording block-done for octoS0SubroiZ15683136Y78409408X1097612544Difficultsoma_pred_affs/14644 with read ROI [10448:12016, 5264:6832, 7568:9136] (1568, 1568, 1568) and write ROI [10944:11520, 5760:6336, 8064:8640] (576, 576, 576)
Recorded block-done for octoS0SubroiZ15683136Y78409408X1097612544Difficultsoma_pred_affs/14644 with read ROI [10448:12016, 5264:6832, 7568:9136] (1568, 1568, 1568) and write ROI [10944:11520, 5760:6336, 8064:8640] (576, 576, 576)
Recording block-done for octoS0SubroiZ15683136Y78409408X1097612544Difficultsoma_pred_affs/17750 with read ROI [10448:12016, 5264:6832, 9296:10864] (1568, 1568, 1568) and write ROI [10944:11520, 5760:6336, 9792:10368] (576, 576, 576)
Recorded block-done for octoS0SubroiZ15683136Y78409408X1097612544Difficultsoma_pred_affs/17750 with read ROI [10448:12016, 5264:6832, 9296:10864] (1568, 1568, 1568) and write ROI [10944:11520, 5760:6336, 9792:10368] (576, 576, 576)
Recording block-done for octoS0SubroiZ15683136Y78409408X1097612544Difficultsoma_pred_affs/5940 with read ROI [10448:12016, 5840:7408, 80:1648] (1568, 1568, 1568) and write ROI [10944:11520, 6336:6912, 576:1152] (576, 576, 576)
Recorded block-done for octoS0SubroiZ15683136Y78409408X1097612544Difficultsoma_pred_affs/5940 with read ROI [10448:12016, 5840:7408, 80:1648] (1568, 1568, 1568) and write ROI [10944:11520, 6336:6912, 576:1152] (576, 576, 576)
Recording block-done for octoS0SubroiZ15683136Y78409408X1097612544Difficultsoma_pred_affs/7029 with read ROI [10448:12016, 5840:7408, 1232:2800] (1568, 1568, 1568) and write ROI [10944:11520, 6336:6912, 1728:2304] (576, 576, 576)
Recorded block-done for octoS0SubroiZ15683136Y78409408X1097612544Difficultsoma_pred_affs/7029 with read ROI [10448:12016, 5840:7408, 1232:2800] (1568, 1568, 1568) and write ROI [10944:11520, 6336:6912, 1728:2304] (576, 576, 576)
Recording block-done for octoS0SubroiZ15683136Y78409408X1097612544Difficultsoma_pred_affs/10364 with read ROI [10448:12016, 5840:7408, 4112:5680] (1568, 1568, 1568) and write ROI [10944:11520, 6336:6912, 4608:5184] (576, 576, 576)
Recorded block-done for octoS0SubroiZ15683136Y78409408X1097612544Difficultsoma_pred_affs/10364 with read ROI [10448:12016, 5840:7408, 4112:5680] (1568, 1568, 1568) and write ROI [10944:11520, 6336:6912, 4608:5184] (576, 576, 576)
Recording block-done for octoS0SubroiZ15683136Y78409408X1097612544Difficultsoma_pred_affs/7655 with read ROI [10448:12016, 6416:7984, 1232:2800] (1568, 1568, 1568) and write ROI [10944:11520, 6912:7488, 1728:2304] (576, 576, 576)
Recorded block-done for octoS0SubroiZ15683136Y78409408X1097612544Difficultsoma_pred_affs/7655 with read ROI [10448:12016, 6416:7984, 1232:2800] (1568, 1568, 1568) and write ROI [10944:11520, 6912:7488, 1728:2304] (576, 576, 576)
Recording block-done for octoS0SubroiZ15683136Y78409408X1097612544Difficultsoma_pred_affs/9654 with read ROI [10448:12016, 6416:7984, 2960:4528] (1568, 1568, 1568) and write ROI [10944:11520, 6912:7488, 3456:4032] (576, 576, 576)
Recorded block-done for octoS0SubroiZ15683136Y78409408X1097612544Difficultsoma_pred_affs/9654 with read ROI [10448:12016, 6416:7984, 2960:4528] (1568, 1568, 1568) and write ROI [10944:11520, 6912:7488, 3456:4032] (576, 576, 576)
Recording block-done for octoS0SubroiZ15683136Y78409408X1097612544Difficultsoma_pred_affs/11995 with read ROI [10448:12016, 6416:7984, 4688:6256] (1568, 1568, 1568) and write ROI [10944:11520, 6912:7488, 5184:5760] (576, 576, 576)
Recorded block-done for octoS0SubroiZ15683136Y78409408X1097612544Difficultsoma_pred_affs/11995 with read ROI [10448:12016, 6416:7984, 4688:6256] (1568, 1568, 1568) and write ROI [10944:11520, 6912:7488, 5184:5760] (576, 576, 576)
Recording block-done for octoS0SubroiZ15683136Y78409408X1097612544Difficultsoma_pred_affs/14705 with read ROI [10448:12016, 6416:7984, 6416:7984] (1568, 1568, 1568) and write ROI [10944:11520, 6912:7488, 6912:7488] (576, 576, 576)
Recorded block-done for octoS0SubroiZ15683136Y78409408X1097612544Difficultsoma_pred_affs/14705 with read ROI [10448:12016, 6416:7984, 6416:7984] (1568, 1568, 1568) and write ROI [10944:11520, 6912:7488, 6912:7488] (576, 576, 576)
Recording block-done for octoS0SubroiZ15683136Y78409408X1097612544Difficultsoma_pred_affs/17811 with read ROI [10448:12016, 6416:7984, 8144:9712] (1568, 1568, 1568) and write ROI [10944:11520, 6912:7488, 8640:9216] (576, 576, 576)
Recorded block-done for octoS0SubroiZ15683136Y78409408X1097612544Difficultsoma_pred_affs/17811 with read ROI [10448:12016, 6416:7984, 8144:9712] (1568, 1568, 1568) and write ROI [10944:11520, 6912:7488, 8640:9216] (576, 576, 576)
Recording block-done for octoS0SubroiZ15683136Y78409408X1097612544Difficultsoma_pred_affs/20147 with read ROI [10448:12016, 6992:8560, 8720:10288] (1568, 1568, 1568) and write ROI [10944:11520, 7488:8064, 9216:9792] (576, 576, 576)
Recorded block-done for octoS0SubroiZ15683136Y78409408X1097612544Difficultsoma_pred_affs/20147 with read ROI [10448:12016, 6992:8560, 8720:10288] (1568, 1568, 1568) and write ROI [10944:11520, 7488:8064, 9216:9792] (576, 576, 576)
Recording block-done for octoS0SubroiZ15683136Y78409408X1097612544Difficultsoma_pred_affs/21372 with read ROI [10448:12016, 6992:8560, 9296:10864] (1568, 1568, 1568) and write ROI [10944:11520, 7488:8064, 9792:10368] (576, 576, 576)
Recorded block-done for octoS0SubroiZ15683136Y78409408X1097612544Difficultsoma_pred_affs/21372 with read ROI [10448:12016, 6992:8560, 9296:10864] (1568, 1568, 1568) and write ROI [10944:11520, 7488:8064, 9792:10368] (576, 576, 576)
Recording block-done for octoS0SubroiZ15683136Y78409408X1097612544Difficultsoma_pred_affs/8350 with read ROI [10448:12016, 7568:9136, 656:2224] (1568, 1568, 1568) and write ROI [10944:11520, 8064:8640, 1152:1728] (576, 576, 576)
Recorded block-done for octoS0SubroiZ15683136Y78409408X1097612544Difficultsoma_pred_affs/8350 with read ROI [10448:12016, 7568:9136, 656:2224] (1568, 1568, 1568) and write ROI [10944:11520, 8064:8640, 1152:1728] (576, 576, 576)
Recording block-done for octoS0SubroiZ15683136Y78409408X1097612544Difficultsoma_pred_affs/16762 with read ROI [10448:12016, 6992:8560, 6992:8560] (1568, 1568, 1568) and write ROI [10944:11520, 7488:8064, 7488:8064] (576, 576, 576)
Recorded block-done for octoS0SubroiZ15683136Y78409408X1097612544Difficultsoma_pred_affs/16762 with read ROI [10448:12016, 6992:8560, 6992:8560] (1568, 1568, 1568) and write ROI [10944:11520, 7488:8064, 7488:8064] (576, 576, 576)
Recording block-done for octoS0SubroiZ15683136Y78409408X1097612544Difficultsoma_pred_affs/25384 with read ROI [10448:12016, 7568:9136, 10448:12016] (1568, 1568, 1568) and write ROI [10944:11520, 8064:8640, 10944:11520] (576, 576, 576)
Recorded block-done for octoS0SubroiZ15683136Y78409408X1097612544Difficultsoma_pred_affs/25384 with read ROI [10448:12016, 7568:9136, 10448:12016] (1568, 1568, 1568) and write ROI [10944:11520, 8064:8640, 10944:11520] (576, 576, 576)
Recording block-done for octoS0SubroiZ15683136Y78409408X1097612544Difficultsoma_pred_affs/17876 with read ROI [10448:12016, 7568:9136, 6992:8560] (1568, 1568, 1568) and write ROI [10944:11520, 8064:8640, 7488:8064] (576, 576, 576)
Recorded block-done for octoS0SubroiZ15683136Y78409408X1097612544Difficultsoma_pred_affs/17876 with read ROI [10448:12016, 7568:9136, 6992:8560] (1568, 1568, 1568) and write ROI [10944:11520, 8064:8640, 7488:8064] (576, 576, 576)
Recording block-done for octoS0SubroiZ15683136Y78409408X1097612544Difficultsoma_pred_affs/10494 with read ROI [10448:12016, 8144:9712, 1808:3376] (1568, 1568, 1568) and write ROI [10944:11520, 8640:9216, 2304:2880] (576, 576, 576)
Recorded block-done for octoS0SubroiZ15683136Y78409408X1097612544Difficultsoma_pred_affs/10494 with read ROI [10448:12016, 8144:9712, 1808:3376] (1568, 1568, 1568) and write ROI [10944:11520, 8640:9216, 2304:2880] (576, 576, 576)
Recording block-done for octoS0SubroiZ15683136Y78409408X1097612544Difficultsoma_pred_affs/11309 with read ROI [10448:12016, 8720:10288, 1808:3376] (1568, 1568, 1568) and write ROI [10944:11520, 9216:9792, 2304:2880] (576, 576, 576)
Recorded block-done for octoS0SubroiZ15683136Y78409408X1097612544Difficultsoma_pred_affs/11309 with read ROI [10448:12016, 8720:10288, 1808:3376] (1568, 1568, 1568) and write ROI [10944:11520, 9216:9792, 2304:2880] (576, 576, 576)
Recording block-done for octoS0SubroiZ15683136Y78409408X1097612544Difficultsoma_pred_affs/10529 with read ROI [10448:12016, 8720:10288, 1232:2800] (1568, 1568, 1568) and write ROI [10944:11520, 9216:9792, 1728:2304] (576, 576, 576)
Recorded block-done for octoS0SubroiZ15683136Y78409408X1097612544Difficultsoma_pred_affs/10529 with read ROI [10448:12016, 8720:10288, 1232:2800] (1568, 1568, 1568) and write ROI [10944:11520, 9216:9792, 1728:2304] (576, 576, 576)
Recording block-done for octoS0SubroiZ15683136Y78409408X1097612544Difficultsoma_pred_affs/21439 with read ROI [10448:12016, 8144:9712, 8144:9712] (1568, 1568, 1568) and write ROI [10944:11520, 8640:9216, 8640:9216] (576, 576, 576)
Recorded block-done for octoS0SubroiZ15683136Y78409408X1097612544Difficultsoma_pred_affs/21439 with read ROI [10448:12016, 8144:9712, 8144:9712] (1568, 1568, 1568) and write ROI [10944:11520, 8640:9216, 8640:9216] (576, 576, 576)
Recording block-done for octoS0SubroiZ15683136Y78409408X1097612544Difficultsoma_pred_affs/16864 with read ROI [10448:12016, 8720:10288, 5264:6832] (1568, 1568, 1568) and write ROI [10944:11520, 9216:9792, 5760:6336] (576, 576, 576)
Recorded block-done for octoS0SubroiZ15683136Y78409408X1097612544Difficultsoma_pred_affs/16864 with read ROI [10448:12016, 8720:10288, 5264:6832] (1568, 1568, 1568) and write ROI [10944:11520, 9216:9792, 5760:6336] (576, 576, 576)
Recording block-done for octoS0SubroiZ15683136Y78409408X1097612544Difficultsoma_pred_affs/26884 with read ROI [10448:12016, 8720:10288, 9872:11440] (1568, 1568, 1568) and write ROI [10944:11520, 9216:9792, 10368:10944] (576, 576, 576)
Recorded block-done for octoS0SubroiZ15683136Y78409408X1097612544Difficultsoma_pred_affs/26884 with read ROI [10448:12016, 8720:10288, 9872:11440] (1568, 1568, 1568) and write ROI [10944:11520, 9216:9792, 10368:10944] (576, 576, 576)
Recording block-done for octoS0SubroiZ15683136Y78409408X1097612544Difficultsoma_pred_affs/28369 with read ROI [10448:12016, 8720:10288, 10448:12016] (1568, 1568, 1568) and write ROI [10944:11520, 9216:9792, 10944:11520] (576, 576, 576)
Recorded block-done for octoS0SubroiZ15683136Y78409408X1097612544Difficultsoma_pred_affs/28369 with read ROI [10448:12016, 8720:10288, 10448:12016] (1568, 1568, 1568) and write ROI [10944:11520, 9216:9792, 10944:11520] (576, 576, 576)
Recording block-done for octoS0SubroiZ15683136Y78409408X1097612544Difficultsoma_pred_affs/26920 with read ROI [10448:12016, 9296:10864, 9296:10864] (1568, 1568, 1568) and write ROI [10944:11520, 9792:10368, 9792:10368] (576, 576, 576)
Recorded block-done for octoS0SubroiZ15683136Y78409408X1097612544Difficultsoma_pred_affs/26920 with read ROI [10448:12016, 9296:10864, 9296:10864] (1568, 1568, 1568) and write ROI [10944:11520, 9792:10368, 9792:10368] (576, 576, 576)
Recording block-done for octoS0SubroiZ15683136Y78409408X1097612544Difficultsoma_pred_affs/13063 with read ROI [10448:12016, 9872:11440, 1808:3376] (1568, 1568, 1568) and write ROI [10944:11520, 10368:10944, 2304:2880] (576, 576, 576)
Recorded block-done for octoS0SubroiZ15683136Y78409408X1097612544Difficultsoma_pred_affs/13063 with read ROI [10448:12016, 9872:11440, 1808:3376] (1568, 1568, 1568) and write ROI [10944:11520, 10368:10944, 2304:2880] (576, 576, 576)
Recording block-done for octoS0SubroiZ15683136Y78409408X1097612544Difficultsoma_pred_affs/22785 with read ROI [10448:12016, 9296:10864, 7568:9136] (1568, 1568, 1568) and write ROI [10944:11520, 9792:10368, 8064:8640] (576, 576, 576)
Recorded block-done for octoS0SubroiZ15683136Y78409408X1097612544Difficultsoma_pred_affs/22785 with read ROI [10448:12016, 9296:10864, 7568:9136] (1568, 1568, 1568) and write ROI [10944:11520, 9792:10368, 8064:8640] (576, 576, 576)
Recording block-done for octoS0SubroiZ15683136Y78409408X1097612544Difficultsoma_pred_affs/15902 with read ROI [10448:12016, 9872:11440, 3536:5104] (1568, 1568, 1568) and write ROI [10944:11520, 10368:10944, 4032:4608] (576, 576, 576)
Recorded block-done for octoS0SubroiZ15683136Y78409408X1097612544Difficultsoma_pred_affs/15902 with read ROI [10448:12016, 9872:11440, 3536:5104] (1568, 1568, 1568) and write ROI [10944:11520, 10368:10944, 4032:4608] (576, 576, 576)
Recording block-done for octoS0SubroiZ15683136Y78409408X1097612544Difficultsoma_pred_affs/14004 with read ROI [10448:12016, 10448:12016, 1808:3376] (1568, 1568, 1568) and write ROI [10944:11520, 10944:11520, 2304:2880] (576, 576, 576)
Recorded block-done for octoS0SubroiZ15683136Y78409408X1097612544Difficultsoma_pred_affs/14004 with read ROI [10448:12016, 10448:12016, 1808:3376] (1568, 1568, 1568) and write ROI [10944:11520, 10944:11520, 2304:2880] (576, 576, 576)
Recording block-done for octoS0SubroiZ15683136Y78409408X1097612544Difficultsoma_pred_affs/22860 with read ROI [10448:12016, 10448:12016, 6416:7984] (1568, 1568, 1568) and write ROI [10944:11520, 10944:11520, 6912:7488] (576, 576, 576)
Recorded block-done for octoS0SubroiZ15683136Y78409408X1097612544Difficultsoma_pred_affs/22860 with read ROI [10448:12016, 10448:12016, 6416:7984] (1568, 1568, 1568) and write ROI [10944:11520, 10944:11520, 6912:7488] (576, 576, 576)
Recording block-done for octoS0SubroiZ15683136Y78409408X1097612544Difficultsoma_pred_affs/28480 with read ROI [10448:12016, 10448:12016, 8720:10288] (1568, 1568, 1568) and write ROI [10944:11520, 10944:11520, 9216:9792] (576, 576, 576)
Recorded block-done for octoS0SubroiZ15683136Y78409408X1097612544Difficultsoma_pred_affs/28480 with read ROI [10448:12016, 10448:12016, 8720:10288] (1568, 1568, 1568) and write ROI [10944:11520, 10944:11520, 9216:9792] (576, 576, 576)
Recording block-done for octoS0SubroiZ15683136Y78409408X1097612544Difficultsoma_pred_affs/15940 with read ROI [10448:12016, 10448:12016, 2960:4528] (1568, 1568, 1568) and write ROI [10944:11520, 10944:11520, 3456:4032] (576, 576, 576)
Recorded block-done for octoS0SubroiZ15683136Y78409408X1097612544Difficultsoma_pred_affs/15940 with read ROI [10448:12016, 10448:12016, 2960:4528] (1568, 1568, 1568) and write ROI [10944:11520, 10944:11520, 3456:4032] (576, 576, 576)
Recording block-done for octoS0SubroiZ15683136Y78409408X1097612544Difficultsoma_pred_affs/2322 with read ROI [80:1648, 2384:3952, 9296:10864] (1568, 1568, 1568) and write ROI [576:1152, 2880:3456, 9792:10368] (576, 576, 576)
Recorded block-done for octoS0SubroiZ15683136Y78409408X1097612544Difficultsoma_pred_affs/2322 with read ROI [80:1648, 2384:3952, 9296:10864] (1568, 1568, 1568) and write ROI [576:1152, 2880:3456, 9792:10368] (576, 576, 576)
Recording block-done for octoS0SubroiZ15683136Y78409408X1097612544Difficultsoma_pred_affs/1596 with read ROI [80:1648, 4688:6256, 5264:6832] (1568, 1568, 1568) and write ROI [576:1152, 5184:5760, 5760:6336] (576, 576, 576)
Recorded block-done for octoS0SubroiZ15683136Y78409408X1097612544Difficultsoma_pred_affs/1596 with read ROI [80:1648, 4688:6256, 5264:6832] (1568, 1568, 1568) and write ROI [576:1152, 5184:5760, 5760:6336] (576, 576, 576)
Recording block-done for octoS0SubroiZ15683136Y78409408X1097612544Difficultsoma_pred_affs/998 with read ROI [80:1648, 2960:4528, 5264:6832] (1568, 1568, 1568) and write ROI [576:1152, 3456:4032, 5760:6336] (576, 576, 576)
Recorded block-done for octoS0SubroiZ15683136Y78409408X1097612544Difficultsoma_pred_affs/998 with read ROI [80:1648, 2960:4528, 5264:6832] (1568, 1568, 1568) and write ROI [576:1152, 3456:4032, 5760:6336] (576, 576, 576)
Recording block-done for octoS0SubroiZ15683136Y78409408X1097612544Difficultsoma_pred_affs/2091 with read ROI [80:1648, 5264:6832, 5840:7408] (1568, 1568, 1568) and write ROI [576:1152, 5760:6336, 6336:6912] (576, 576, 576)
Recorded block-done for octoS0SubroiZ15683136Y78409408X1097612544Difficultsoma_pred_affs/2091 with read ROI [80:1648, 5264:6832, 5840:7408] (1568, 1568, 1568) and write ROI [576:1152, 5760:6336, 6336:6912] (576, 576, 576)
Recording block-done for octoS0SubroiZ15683136Y78409408X1097612544Difficultsoma_pred_affs/1569 with read ROI [80:1648, 2960:4528, 6992:8560] (1568, 1568, 1568) and write ROI [576:1152, 3456:4032, 7488:8064] (576, 576, 576)
Recorded block-done for octoS0SubroiZ15683136Y78409408X1097612544Difficultsoma_pred_affs/1569 with read ROI [80:1648, 2960:4528, 6992:8560] (1568, 1568, 1568) and write ROI [576:1152, 3456:4032, 7488:8064] (576, 576, 576)
Recording block-done for octoS0SubroiZ15683136Y78409408X1097612544Difficultsoma_pred_affs/5132 with read ROI [80:1648, 9296:10864, 6416:7984] (1568, 1568, 1568) and write ROI [576:1152, 9792:10368, 6912:7488] (576, 576, 576)
Recorded block-done for octoS0SubroiZ15683136Y78409408X1097612544Difficultsoma_pred_affs/5132 with read ROI [80:1648, 9296:10864, 6416:7984] (1568, 1568, 1568) and write ROI [576:1152, 9792:10368, 6912:7488] (576, 576, 576)
Recording block-done for octoS0SubroiZ15683136Y78409408X1097612544Difficultsoma_pred_affs/3079 with read ROI [80:1648, 8720:10288, 4112:5680] (1568, 1568, 1568) and write ROI [576:1152, 9216:9792, 4608:5184] (576, 576, 576)
Recorded block-done for octoS0SubroiZ15683136Y78409408X1097612544Difficultsoma_pred_affs/3079 with read ROI [80:1648, 8720:10288, 4112:5680] (1568, 1568, 1568) and write ROI [576:1152, 9216:9792, 4608:5184] (576, 576, 576)
Recording block-done for octoS0SubroiZ15683136Y78409408X1097612544Difficultsoma_pred_affs/3791 with read ROI [80:1648, 8144:9712, 5840:7408] (1568, 1568, 1568) and write ROI [576:1152, 8640:9216, 6336:6912] (576, 576, 576)
Recorded block-done for octoS0SubroiZ15683136Y78409408X1097612544Difficultsoma_pred_affs/3791 with read ROI [80:1648, 8144:9712, 5840:7408] (1568, 1568, 1568) and write ROI [576:1152, 8640:9216, 6336:6912] (576, 576, 576)
Recording block-done for octoS0SubroiZ15683136Y78409408X1097612544Difficultsoma_pred_affs/3760 with read ROI [80:1648, 6992:8560, 6992:8560] (1568, 1568, 1568) and write ROI [576:1152, 7488:8064, 7488:8064] (576, 576, 576)
Recorded block-done for octoS0SubroiZ15683136Y78409408X1097612544Difficultsoma_pred_affs/3760 with read ROI [80:1648, 6992:8560, 6992:8560] (1568, 1568, 1568) and write ROI [576:1152, 7488:8064, 7488:8064] (576, 576, 576)
Recording block-done for octoS0SubroiZ15683136Y78409408X1097612544Difficultsoma_pred_affs/7351 with read ROI [80:1648, 10448:12016, 7568:9136] (1568, 1568, 1568) and write ROI [576:1152, 10944:11520, 8064:8640] (576, 576, 576)
Recorded block-done for octoS0SubroiZ15683136Y78409408X1097612544Difficultsoma_pred_affs/7351 with read ROI [80:1648, 10448:12016, 7568:9136] (1568, 1568, 1568) and write ROI [576:1152, 10944:11520, 8064:8640] (576, 576, 576)
Recording block-done for octoS0SubroiZ15683136Y78409408X1097612544Difficultsoma_pred_affs/2323 with read ROI [656:2224, 1808:3376, 9296:10864] (1568, 1568, 1568) and write ROI [1152:1728, 2304:2880, 9792:10368] (576, 576, 576)
Recorded block-done for octoS0SubroiZ15683136Y78409408X1097612544Difficultsoma_pred_affs/2323 with read ROI [656:2224, 1808:3376, 9296:10864] (1568, 1568, 1568) and write ROI [1152:1728, 2304:2880, 9792:10368] (576, 576, 576)
Recording block-done for octoS0SubroiZ15683136Y78409408X1097612544Difficultsoma_pred_affs/1178 with read ROI [656:2224, 2960:4528, 5264:6832] (1568, 1568, 1568) and write ROI [1152:1728, 3456:4032, 5760:6336] (576, 576, 576)
Recorded block-done for octoS0SubroiZ15683136Y78409408X1097612544Difficultsoma_pred_affs/1178 with read ROI [656:2224, 2960:4528, 5264:6832] (1568, 1568, 1568) and write ROI [1152:1728, 3456:4032, 5760:6336] (576, 576, 576)
Recording block-done for octoS0SubroiZ15683136Y78409408X1097612544Difficultsoma_pred_affs/3314 with read ROI [656:2224, 2960:4528, 9872:11440] (1568, 1568, 1568) and write ROI [1152:1728, 3456:4032, 10368:10944] (576, 576, 576)
Recorded block-done for octoS0SubroiZ15683136Y78409408X1097612544Difficultsoma_pred_affs/3314 with read ROI [656:2224, 2960:4528, 9872:11440] (1568, 1568, 1568) and write ROI [1152:1728, 3456:4032, 10368:10944] (576, 576, 576)
Recording block-done for octoS0SubroiZ15683136Y78409408X1097612544Difficultsoma_pred_affs/3701 with read ROI [656:2224, 3536:5104, 9872:11440] (1568, 1568, 1568) and write ROI [1152:1728, 4032:4608, 10368:10944] (576, 576, 576)
Recorded block-done for octoS0SubroiZ15683136Y78409408X1097612544Difficultsoma_pred_affs/3701 with read ROI [656:2224, 3536:5104, 9872:11440] (1568, 1568, 1568) and write ROI [1152:1728, 4032:4608, 10368:10944] (576, 576, 576)
Recording block-done for octoS0SubroiZ15683136Y78409408X1097612544Difficultsoma_pred_affs/2993 with read ROI [656:2224, 4688:6256, 7568:9136] (1568, 1568, 1568) and write ROI [1152:1728, 5184:5760, 8064:8640] (576, 576, 576)
Recorded block-done for octoS0SubroiZ15683136Y78409408X1097612544Difficultsoma_pred_affs/2993 with read ROI [656:2224, 4688:6256, 7568:9136] (1568, 1568, 1568) and write ROI [1152:1728, 5184:5760, 8064:8640] (576, 576, 576)
Recording block-done for octoS0SubroiZ15683136Y78409408X1097612544Difficultsoma_pred_affs/3047 with read ROI [656:2224, 6992:8560, 5264:6832] (1568, 1568, 1568) and write ROI [1152:1728, 7488:8064, 5760:6336] (576, 576, 576)
Recorded block-done for octoS0SubroiZ15683136Y78409408X1097612544Difficultsoma_pred_affs/3047 with read ROI [656:2224, 6992:8560, 5264:6832] (1568, 1568, 1568) and write ROI [1152:1728, 7488:8064, 5760:6336] (576, 576, 576)
Recording block-done for octoS0SubroiZ15683136Y78409408X1097612544Difficultsoma_pred_affs/6217 with read ROI [656:2224, 10448:12016, 5840:7408] (1568, 1568, 1568) and write ROI [1152:1728, 10944:11520, 6336:6912] (576, 576, 576)
Recorded block-done for octoS0SubroiZ15683136Y78409408X1097612544Difficultsoma_pred_affs/6217 with read ROI [656:2224, 10448:12016, 5840:7408] (1568, 1568, 1568) and write ROI [1152:1728, 10944:11520, 6336:6912] (576, 576, 576)
Recording block-done for octoS0SubroiZ15683136Y78409408X1097612544Difficultsoma_pred_affs/1983 with read ROI [656:2224, 9872:11440, 80:1648] (1568, 1568, 1568) and write ROI [1152:1728, 10368:10944, 576:1152] (576, 576, 576)
Recorded block-done for octoS0SubroiZ15683136Y78409408X1097612544Difficultsoma_pred_affs/1983 with read ROI [656:2224, 9872:11440, 80:1648] (1568, 1568, 1568) and write ROI [1152:1728, 10368:10944, 576:1152] (576, 576, 576)
Recording block-done for octoS0SubroiZ15683136Y78409408X1097612544Difficultsoma_pred_affs/10092 with read ROI [656:2224, 9872:11440, 9872:11440] (1568, 1568, 1568) and write ROI [1152:1728, 10368:10944, 10368:10944] (576, 576, 576)
Recorded block-done for octoS0SubroiZ15683136Y78409408X1097612544Difficultsoma_pred_affs/10092 with read ROI [656:2224, 9872:11440, 9872:11440] (1568, 1568, 1568) and write ROI [1152:1728, 10368:10944, 10368:10944] (576, 576, 576)
Recording block-done for octoS0SubroiZ15683136Y78409408X1097612544Difficultsoma_pred_affs/5098 with read ROI [656:2224, 7568:9136, 7568:9136] (1568, 1568, 1568) and write ROI [1152:1728, 8064:8640, 8064:8640] (576, 576, 576)
Recorded block-done for octoS0SubroiZ15683136Y78409408X1097612544Difficultsoma_pred_affs/5098 with read ROI [656:2224, 7568:9136, 7568:9136] (1568, 1568, 1568) and write ROI [1152:1728, 8064:8640, 8064:8640] (576, 576, 576)
Recording block-done for octoS0SubroiZ15683136Y78409408X1097612544Difficultsoma_pred_affs/2331 with read ROI [1232:2800, 1808:3376, 8720:10288] (1568, 1568, 1568) and write ROI [1728:2304, 2304:2880, 9216:9792] (576, 576, 576)
Recorded block-done for octoS0SubroiZ15683136Y78409408X1097612544Difficultsoma_pred_affs/2331 with read ROI [1232:2800, 1808:3376, 8720:10288] (1568, 1568, 1568) and write ROI [1728:2304, 2304:2880, 9216:9792] (576, 576, 576)
Recording block-done for octoS0SubroiZ15683136Y78409408X1097612544Difficultsoma_pred_affs/629 with read ROI [1232:2800, 4112:5680, 1232:2800] (1568, 1568, 1568) and write ROI [1728:2304, 4608:5184, 1728:2304] (576, 576, 576)
Recorded block-done for octoS0SubroiZ15683136Y78409408X1097612544Difficultsoma_pred_affs/629 with read ROI [1232:2800, 4112:5680, 1232:2800] (1568, 1568, 1568) and write ROI [1728:2304, 4608:5184, 1728:2304] (576, 576, 576)
Recording block-done for octoS0SubroiZ15683136Y78409408X1097612544Difficultsoma_pred_affs/4564 with read ROI [1232:2800, 4112:5680, 9872:11440] (1568, 1568, 1568) and write ROI [1728:2304, 4608:5184, 10368:10944] (576, 576, 576)
Recorded block-done for octoS0SubroiZ15683136Y78409408X1097612544Difficultsoma_pred_affs/4564 with read ROI [1232:2800, 4112:5680, 9872:11440] (1568, 1568, 1568) and write ROI [1728:2304, 4608:5184, 10368:10944] (576, 576, 576)
Recording block-done for octoS0SubroiZ15683136Y78409408X1097612544Difficultsoma_pred_affs/2694 with read ROI [1232:2800, 5264:6832, 5840:7408] (1568, 1568, 1568) and write ROI [1728:2304, 5760:6336, 6336:6912] (576, 576, 576)
Recorded block-done for octoS0SubroiZ15683136Y78409408X1097612544Difficultsoma_pred_affs/2694 with read ROI [1232:2800, 5264:6832, 5840:7408] (1568, 1568, 1568) and write ROI [1728:2304, 5760:6336, 6336:6912] (576, 576, 576)
Recording block-done for octoS0SubroiZ15683136Y78409408X1097612544Difficultsoma_pred_affs/513 with read ROI [1232:2800, 3536:5104, 1232:2800] (1568, 1568, 1568) and write ROI [1728:2304, 4032:4608, 1728:2304] (576, 576, 576)
Recorded block-done for octoS0SubroiZ15683136Y78409408X1097612544Difficultsoma_pred_affs/513 with read ROI [1232:2800, 3536:5104, 1232:2800] (1568, 1568, 1568) and write ROI [1728:2304, 4032:4608, 1728:2304] (576, 576, 576)
Recording block-done for octoS0SubroiZ15683136Y78409408X1097612544Difficultsoma_pred_affs/2493 with read ROI [1232:2800, 8720:10288, 1808:3376] (1568, 1568, 1568) and write ROI [1728:2304, 9216:9792, 2304:2880] (576, 576, 576)
Recorded block-done for octoS0SubroiZ15683136Y78409408X1097612544Difficultsoma_pred_affs/2493 with read ROI [1232:2800, 8720:10288, 1808:3376] (1568, 1568, 1568) and write ROI [1728:2304, 9216:9792, 2304:2880] (576, 576, 576)
Recording block-done for octoS0SubroiZ15683136Y78409408X1097612544Difficultsoma_pred_affs/4669 with read ROI [1232:2800, 8144:9712, 5840:7408] (1568, 1568, 1568) and write ROI [1728:2304, 8640:9216, 6336:6912] (576, 576, 576)
Recorded block-done for octoS0SubroiZ15683136Y78409408X1097612544Difficultsoma_pred_affs/4669 with read ROI [1232:2800, 8144:9712, 5840:7408] (1568, 1568, 1568) and write ROI [1728:2304, 8640:9216, 6336:6912] (576, 576, 576)
Recording block-done for octoS0SubroiZ15683136Y78409408X1097612544Difficultsoma_pred_affs/3532 with read ROI [1232:2800, 10448:12016, 1808:3376] (1568, 1568, 1568) and write ROI [1728:2304, 10944:11520, 2304:2880] (576, 576, 576)
Recorded block-done for octoS0SubroiZ15683136Y78409408X1097612544Difficultsoma_pred_affs/3532 with read ROI [1232:2800, 10448:12016, 1808:3376] (1568, 1568, 1568) and write ROI [1728:2304, 10944:11520, 2304:2880] (576, 576, 576)
Recording block-done for octoS0SubroiZ15683136Y78409408X1097612544Difficultsoma_pred_affs/8610 with read ROI [1232:2800, 8144:9712, 9872:11440] (1568, 1568, 1568) and write ROI [1728:2304, 8640:9216, 10368:10944] (576, 576, 576)
Recorded block-done for octoS0SubroiZ15683136Y78409408X1097612544Difficultsoma_pred_affs/8610 with read ROI [1232:2800, 8144:9712, 9872:11440] (1568, 1568, 1568) and write ROI [1728:2304, 8640:9216, 10368:10944] (576, 576, 576)
Recording block-done for octoS0SubroiZ15683136Y78409408X1097612544Difficultsoma_pred_affs/1714 with read ROI [1232:2800, 8144:9712, 656:2224] (1568, 1568, 1568) and write ROI [1728:2304, 8640:9216, 1152:1728] (576, 576, 576)
Recorded block-done for octoS0SubroiZ15683136Y78409408X1097612544Difficultsoma_pred_affs/1714 with read ROI [1232:2800, 8144:9712, 656:2224] (1568, 1568, 1568) and write ROI [1728:2304, 8640:9216, 1152:1728] (576, 576, 576)
Recording block-done for octoS0SubroiZ15683136Y78409408X1097612544Difficultsoma_pred_affs/197 with read ROI [1808:3376, 1232:2800, 656:2224] (1568, 1568, 1568) and write ROI [2304:2880, 1728:2304, 1152:1728] (576, 576, 576)
Recorded block-done for octoS0SubroiZ15683136Y78409408X1097612544Difficultsoma_pred_affs/197 with read ROI [1808:3376, 1232:2800, 656:2224] (1568, 1568, 1568) and write ROI [2304:2880, 1728:2304, 1152:1728] (576, 576, 576)
Recording block-done for octoS0SubroiZ15683136Y78409408X1097612544Difficultsoma_pred_affs/886 with read ROI [1808:3376, 3536:5104, 2384:3952] (1568, 1568, 1568) and write ROI [2304:2880, 4032:4608, 2880:3456] (576, 576, 576)
Recorded block-done for octoS0SubroiZ15683136Y78409408X1097612544Difficultsoma_pred_affs/886 with read ROI [1808:3376, 3536:5104, 2384:3952] (1568, 1568, 1568) and write ROI [2304:2880, 4032:4608, 2880:3456] (576, 576, 576)
Recording block-done for octoS0SubroiZ15683136Y78409408X1097612544Difficultsoma_pred_affs/1830 with read ROI [1808:3376, 2960:4528, 5840:7408] (1568, 1568, 1568) and write ROI [2304:2880, 3456:4032, 6336:6912] (576, 576, 576)
Recorded block-done for octoS0SubroiZ15683136Y78409408X1097612544Difficultsoma_pred_affs/1830 with read ROI [1808:3376, 2960:4528, 5840:7408] (1568, 1568, 1568) and write ROI [2304:2880, 3456:4032, 6336:6912] (576, 576, 576)
Recording block-done for octoS0SubroiZ15683136Y78409408X1097612544Difficultsoma_pred_affs/1487 with read ROI [1808:3376, 6992:8560, 656:2224] (1568, 1568, 1568) and write ROI [2304:2880, 7488:8064, 1152:1728] (576, 576, 576)
Recorded block-done for octoS0SubroiZ15683136Y78409408X1097612544Difficultsoma_pred_affs/1487 with read ROI [1808:3376, 6992:8560, 656:2224] (1568, 1568, 1568) and write ROI [2304:2880, 7488:8064, 1152:1728] (576, 576, 576)
Recording block-done for octoS0SubroiZ15683136Y78409408X1097612544Difficultsoma_pred_affs/1697 with read ROI [1808:3376, 6992:8560, 1232:2800] (1568, 1568, 1568) and write ROI [2304:2880, 7488:8064, 1728:2304] (576, 576, 576)
Recorded block-done for octoS0SubroiZ15683136Y78409408X1097612544Difficultsoma_pred_affs/1697 with read ROI [1808:3376, 6992:8560, 1232:2800] (1568, 1568, 1568) and write ROI [2304:2880, 7488:8064, 1728:2304] (576, 576, 576)
Recording block-done for octoS0SubroiZ15683136Y78409408X1097612544Difficultsoma_pred_affs/2359 with read ROI [1808:3376, 2960:4528, 6992:8560] (1568, 1568, 1568) and write ROI [2304:2880, 3456:4032, 7488:8064] (576, 576, 576)
Recorded block-done for octoS0SubroiZ15683136Y78409408X1097612544Difficultsoma_pred_affs/2359 with read ROI [1808:3376, 2960:4528, 6992:8560] (1568, 1568, 1568) and write ROI [2304:2880, 3456:4032, 7488:8064] (576, 576, 576)
Recording block-done for octoS0SubroiZ15683136Y78409408X1097612544Difficultsoma_pred_affs/10094 with read ROI [1808:3376, 8720:10288, 9872:11440] (1568, 1568, 1568) and write ROI [2304:2880, 9216:9792, 10368:10944] (576, 576, 576)
Recorded block-done for octoS0SubroiZ15683136Y78409408X1097612544Difficultsoma_pred_affs/10094 with read ROI [1808:3376, 8720:10288, 9872:11440] (1568, 1568, 1568) and write ROI [2304:2880, 9216:9792, 10368:10944] (576, 576, 576)
Recording block-done for octoS0SubroiZ15683136Y78409408X1097612544Difficultsoma_pred_affs/11737 with read ROI [1808:3376, 9872:11440, 9872:11440] (1568, 1568, 1568) and write ROI [2304:2880, 10368:10944, 10368:10944] (576, 576, 576)
Recorded block-done for octoS0SubroiZ15683136Y78409408X1097612544Difficultsoma_pred_affs/11737 with read ROI [1808:3376, 9872:11440, 9872:11440] (1568, 1568, 1568) and write ROI [2304:2880, 10368:10944, 10368:10944] (576, 576, 576)
Recording block-done for octoS0SubroiZ15683136Y78409408X1097612544Difficultsoma_pred_affs/5217 with read ROI [1808:3376, 9872:11440, 4112:5680] (1568, 1568, 1568) and write ROI [2304:2880, 10368:10944, 4608:5184] (576, 576, 576)
Recorded block-done for octoS0SubroiZ15683136Y78409408X1097612544Difficultsoma_pred_affs/5217 with read ROI [1808:3376, 9872:11440, 4112:5680] (1568, 1568, 1568) and write ROI [2304:2880, 10368:10944, 4608:5184] (576, 576, 576)
Recording block-done for octoS0SubroiZ15683136Y78409408X1097612544Difficultsoma_pred_affs/3848 with read ROI [1808:3376, 8144:9712, 4112:5680] (1568, 1568, 1568) and write ROI [2304:2880, 8640:9216, 4608:5184] (576, 576, 576)
Recorded block-done for octoS0SubroiZ15683136Y78409408X1097612544Difficultsoma_pred_affs/3848 with read ROI [1808:3376, 8144:9712, 4112:5680] (1568, 1568, 1568) and write ROI [2304:2880, 8640:9216, 4608:5184] (576, 576, 576)
Recording block-done for octoS0SubroiZ15683136Y78409408X1097612544Difficultsoma_pred_affs/1734 with read ROI [1808:3376, 8144:9712, 80:1648] (1568, 1568, 1568) and write ROI [2304:2880, 8640:9216, 576:1152] (576, 576, 576)
Recorded block-done for octoS0SubroiZ15683136Y78409408X1097612544Difficultsoma_pred_affs/1734 with read ROI [1808:3376, 8144:9712, 80:1648] (1568, 1568, 1568) and write ROI [2304:2880, 8640:9216, 576:1152] (576, 576, 576)
Recording block-done for octoS0SubroiZ15683136Y78409408X1097612544Difficultsoma_pred_affs/2626 with read ROI [2384:3952, 80:1648, 9872:11440] (1568, 1568, 1568) and write ROI [2880:3456, 576:1152, 10368:10944] (576, 576, 576)
Recorded block-done for octoS0SubroiZ15683136Y78409408X1097612544Difficultsoma_pred_affs/2626 with read ROI [2384:3952, 80:1648, 9872:11440] (1568, 1568, 1568) and write ROI [2880:3456, 576:1152, 10368:10944] (576, 576, 576)
Recording block-done for octoS0SubroiZ15683136Y78409408X1097612544Difficultsoma_pred_affs/191 with read ROI [2384:3952, 80:1648, 1232:2800] (1568, 1568, 1568) and write ROI [2880:3456, 576:1152, 1728:2304] (576, 576, 576)
Recorded block-done for octoS0SubroiZ15683136Y78409408X1097612544Difficultsoma_pred_affs/191 with read ROI [2384:3952, 80:1648, 1232:2800] (1568, 1568, 1568) and write ROI [2880:3456, 576:1152, 1728:2304] (576, 576, 576)
Recording block-done for octoS0SubroiZ15683136Y78409408X1097612544Difficultsoma_pred_affs/3714 with read ROI [2384:3952, 2384:3952, 9296:10864] (1568, 1568, 1568) and write ROI [2880:3456, 2880:3456, 9792:10368] (576, 576, 576)
Recorded block-done for octoS0SubroiZ15683136Y78409408X1097612544Difficultsoma_pred_affs/3714 with read ROI [2384:3952, 2384:3952, 9296:10864] (1568, 1568, 1568) and write ROI [2880:3456, 2880:3456, 9792:10368] (576, 576, 576)
Recording block-done for octoS0SubroiZ15683136Y78409408X1097612544Difficultsoma_pred_affs/1079 with read ROI [2384:3952, 4688:6256, 1232:2800] (1568, 1568, 1568) and write ROI [2880:3456, 5184:5760, 1728:2304] (576, 576, 576)
Recorded block-done for octoS0SubroiZ15683136Y78409408X1097612544Difficultsoma_pred_affs/1079 with read ROI [2384:3952, 4688:6256, 1232:2800] (1568, 1568, 1568) and write ROI [2880:3456, 5184:5760, 1728:2304] (576, 576, 576)
Recording block-done for octoS0SubroiZ15683136Y78409408X1097612544Difficultsoma_pred_affs/1929 with read ROI [2384:3952, 6416:7984, 1808:3376] (1568, 1568, 1568) and write ROI [2880:3456, 6912:7488, 2304:2880] (576, 576, 576)
Recorded block-done for octoS0SubroiZ15683136Y78409408X1097612544Difficultsoma_pred_affs/1929 with read ROI [2384:3952, 6416:7984, 1808:3376] (1568, 1568, 1568) and write ROI [2880:3456, 6912:7488, 2304:2880] (576, 576, 576)
Recording block-done for octoS0SubroiZ15683136Y78409408X1097612544Difficultsoma_pred_affs/9375 with read ROI [2384:3952, 8720:10288, 8720:10288] (1568, 1568, 1568) and write ROI [2880:3456, 9216:9792, 9216:9792] (576, 576, 576)
Recorded block-done for octoS0SubroiZ15683136Y78409408X1097612544Difficultsoma_pred_affs/9375 with read ROI [2384:3952, 8720:10288, 8720:10288] (1568, 1568, 1568) and write ROI [2880:3456, 9216:9792, 9216:9792] (576, 576, 576)
Recording block-done for octoS0SubroiZ15683136Y78409408X1097612544Difficultsoma_pred_affs/2200 with read ROI [2384:3952, 6992:8560, 1808:3376] (1568, 1568, 1568) and write ROI [2880:3456, 7488:8064, 2304:2880] (576, 576, 576)
Recorded block-done for octoS0SubroiZ15683136Y78409408X1097612544Difficultsoma_pred_affs/2200 with read ROI [2384:3952, 6992:8560, 1808:3376] (1568, 1568, 1568) and write ROI [2880:3456, 7488:8064, 2304:2880] (576, 576, 576)
Recording block-done for octoS0SubroiZ15683136Y78409408X1097612544Difficultsoma_pred_affs/320 with read ROI [2960:4528, 80:1648, 1808:3376] (1568, 1568, 1568) and write ROI [3456:4032, 576:1152, 2304:2880] (576, 576, 576)
Recorded block-done for octoS0SubroiZ15683136Y78409408X1097612544Difficultsoma_pred_affs/320 with read ROI [2960:4528, 80:1648, 1808:3376] (1568, 1568, 1568) and write ROI [3456:4032, 576:1152, 2304:2880] (576, 576, 576)
Recording block-done for octoS0SubroiZ15683136Y78409408X1097612544Difficultsoma_pred_affs/3337 with read ROI [2960:4528, 1808:3376, 8720:10288] (1568, 1568, 1568) and write ROI [3456:4032, 2304:2880, 9216:9792] (576, 576, 576)
Recorded block-done for octoS0SubroiZ15683136Y78409408X1097612544Difficultsoma_pred_affs/3337 with read ROI [2960:4528, 1808:3376, 8720:10288] (1568, 1568, 1568) and write ROI [3456:4032, 2304:2880, 9216:9792] (576, 576, 576)
Recording block-done for octoS0SubroiZ15683136Y78409408X1097612544Difficultsoma_pred_affs/4132 with read ROI [2960:4528, 2384:3952, 9296:10864] (1568, 1568, 1568) and write ROI [3456:4032, 2880:3456, 9792:10368] (576, 576, 576)
Recorded block-done for octoS0SubroiZ15683136Y78409408X1097612544Difficultsoma_pred_affs/4132 with read ROI [2960:4528, 2384:3952, 9296:10864] (1568, 1568, 1568) and write ROI [3456:4032, 2880:3456, 9792:10368] (576, 576, 576)
Recording block-done for octoS0SubroiZ15683136Y78409408X1097612544Difficultsoma_pred_affs/877 with read ROI [2960:4528, 1808:3376, 2960:4528] (1568, 1568, 1568) and write ROI [3456:4032, 2304:2880, 3456:4032] (576, 576, 576)
Recorded block-done for octoS0SubroiZ15683136Y78409408X1097612544Difficultsoma_pred_affs/877 with read ROI [2960:4528, 1808:3376, 2960:4528] (1568, 1568, 1568) and write ROI [3456:4032, 2304:2880, 3456:4032] (576, 576, 576)
Recording block-done for octoS0SubroiZ15683136Y78409408X1097612544Difficultsoma_pred_affs/1080 with read ROI [2960:4528, 4112:5680, 1232:2800] (1568, 1568, 1568) and write ROI [3456:4032, 4608:5184, 1728:2304] (576, 576, 576)
Recorded block-done for octoS0SubroiZ15683136Y78409408X1097612544Difficultsoma_pred_affs/1080 with read ROI [2960:4528, 4112:5680, 1232:2800] (1568, 1568, 1568) and write ROI [3456:4032, 4608:5184, 1728:2304] (576, 576, 576)
Recording block-done for octoS0SubroiZ15683136Y78409408X1097612544Difficultsoma_pred_affs/3036 with read ROI [2960:4528, 4112:5680, 5840:7408] (1568, 1568, 1568) and write ROI [3456:4032, 4608:5184, 6336:6912] (576, 576, 576)
Recorded block-done for octoS0SubroiZ15683136Y78409408X1097612544Difficultsoma_pred_affs/3036 with read ROI [2960:4528, 4112:5680, 5840:7408] (1568, 1568, 1568) and write ROI [3456:4032, 4608:5184, 6336:6912] (576, 576, 576)
Recording block-done for octoS0SubroiZ15683136Y78409408X1097612544Difficultsoma_pred_affs/2397 with read ROI [2960:4528, 3536:5104, 5264:6832] (1568, 1568, 1568) and write ROI [3456:4032, 4032:4608, 5760:6336] (576, 576, 576)
Recorded block-done for octoS0SubroiZ15683136Y78409408X1097612544Difficultsoma_pred_affs/2397 with read ROI [2960:4528, 3536:5104, 5264:6832] (1568, 1568, 1568) and write ROI [3456:4032, 4032:4608, 5760:6336] (576, 576, 576)
Recording block-done for octoS0SubroiZ15683136Y78409408X1097612544Difficultsoma_pred_affs/1111 with read ROI [2960:4528, 5264:6832, 80:1648] (1568, 1568, 1568) and write ROI [3456:4032, 5760:6336, 576:1152] (576, 576, 576)
Recorded block-done for octoS0SubroiZ15683136Y78409408X1097612544Difficultsoma_pred_affs/1111 with read ROI [2960:4528, 5264:6832, 80:1648] (1568, 1568, 1568) and write ROI [3456:4032, 5760:6336, 576:1152] (576, 576, 576)
Recording block-done for octoS0SubroiZ15683136Y78409408X1097612544Difficultsoma_pred_affs/7299 with read ROI [2960:4528, 5840:7408, 9296:10864] (1568, 1568, 1568) and write ROI [3456:4032, 6336:6912, 9792:10368] (576, 576, 576)
Recorded block-done for octoS0SubroiZ15683136Y78409408X1097612544Difficultsoma_pred_affs/7299 with read ROI [2960:4528, 5840:7408, 9296:10864] (1568, 1568, 1568) and write ROI [3456:4032, 6336:6912, 9792:10368] (576, 576, 576)
Recording block-done for octoS0SubroiZ15683136Y78409408X1097612544Difficultsoma_pred_affs/1948 with read ROI [2960:4528, 6416:7984, 1232:2800] (1568, 1568, 1568) and write ROI [3456:4032, 6912:7488, 1728:2304] (576, 576, 576)
Recorded block-done for octoS0SubroiZ15683136Y78409408X1097612544Difficultsoma_pred_affs/1948 with read ROI [2960:4528, 6416:7984, 1232:2800] (1568, 1568, 1568) and write ROI [3456:4032, 6912:7488, 1728:2304] (576, 576, 576)
Recording block-done for octoS0SubroiZ15683136Y78409408X1097612544Difficultsoma_pred_affs/11739 with read ROI [2960:4528, 8720:10288, 9872:11440] (1568, 1568, 1568) and write ROI [3456:4032, 9216:9792, 10368:10944] (576, 576, 576)
Recorded block-done for octoS0SubroiZ15683136Y78409408X1097612544Difficultsoma_pred_affs/11739 with read ROI [2960:4528, 8720:10288, 9872:11440] (1568, 1568, 1568) and write ROI [3456:4032, 9216:9792, 10368:10944] (576, 576, 576)
Recording block-done for octoS0SubroiZ15683136Y78409408X1097612544Difficultsoma_pred_affs/3373 with read ROI [2960:4528, 3536:5104, 6992:8560] (1568, 1568, 1568) and write ROI [3456:4032, 4032:4608, 7488:8064] (576, 576, 576)
Recorded block-done for octoS0SubroiZ15683136Y78409408X1097612544Difficultsoma_pred_affs/3373 with read ROI [2960:4528, 3536:5104, 6992:8560] (1568, 1568, 1568) and write ROI [3456:4032, 4032:4608, 7488:8064] (576, 576, 576)
Recording block-done for octoS0SubroiZ15683136Y78409408X1097612544Difficultsoma_pred_affs/8632 with read ROI [2960:4528, 6992:8560, 9296:10864] (1568, 1568, 1568) and write ROI [3456:4032, 7488:8064, 9792:10368] (576, 576, 576)
Recorded block-done for octoS0SubroiZ15683136Y78409408X1097612544Difficultsoma_pred_affs/8632 with read ROI [2960:4528, 6992:8560, 9296:10864] (1568, 1568, 1568) and write ROI [3456:4032, 7488:8064, 9792:10368] (576, 576, 576)
Recording block-done for octoS0SubroiZ15683136Y78409408X1097612544Difficultsoma_pred_affs/7356 with read ROI [2960:4528, 7568:9136, 7568:9136] (1568, 1568, 1568) and write ROI [3456:4032, 8064:8640, 8064:8640] (576, 576, 576)
Recorded block-done for octoS0SubroiZ15683136Y78409408X1097612544Difficultsoma_pred_affs/7356 with read ROI [2960:4528, 7568:9136, 7568:9136] (1568, 1568, 1568) and write ROI [3456:4032, 8064:8640, 8064:8640] (576, 576, 576)
Recording block-done for octoS0SubroiZ15683136Y78409408X1097612544Difficultsoma_pred_affs/1012 with read ROI [3536:5104, 80:1648, 4688:6256] (1568, 1568, 1568) and write ROI [4032:4608, 576:1152, 5184:5760] (576, 576, 576)
Recorded block-done for octoS0SubroiZ15683136Y78409408X1097612544Difficultsoma_pred_affs/1012 with read ROI [3536:5104, 80:1648, 4688:6256] (1568, 1568, 1568) and write ROI [4032:4608, 576:1152, 5184:5760] (576, 576, 576)
Recording block-done for octoS0SubroiZ15683136Y78409408X1097612544Difficultsoma_pred_affs/2643 with read ROI [3536:5104, 80:1648, 8720:10288] (1568, 1568, 1568) and write ROI [4032:4608, 576:1152, 9216:9792] (576, 576, 576)
Recorded block-done for octoS0SubroiZ15683136Y78409408X1097612544Difficultsoma_pred_affs/2643 with read ROI [3536:5104, 80:1648, 8720:10288] (1568, 1568, 1568) and write ROI [4032:4608, 576:1152, 9216:9792] (576, 576, 576)
Recording block-done for octoS0SubroiZ15683136Y78409408X1097612544Difficultsoma_pred_affs/5045 with read ROI [3536:5104, 2384:3952, 9872:11440] (1568, 1568, 1568) and write ROI [4032:4608, 2880:3456, 10368:10944] (576, 576, 576)
Recorded block-done for octoS0SubroiZ15683136Y78409408X1097612544Difficultsoma_pred_affs/5045 with read ROI [3536:5104, 2384:3952, 9872:11440] (1568, 1568, 1568) and write ROI [4032:4608, 2880:3456, 10368:10944] (576, 576, 576)
Recording block-done for octoS0SubroiZ15683136Y78409408X1097612544Difficultsoma_pred_affs/4297 with read ROI [2960:4528, 8144:9712, 3536:5104] (1568, 1568, 1568) and write ROI [3456:4032, 8640:9216, 4032:4608] (576, 576, 576)
Recorded block-done for octoS0SubroiZ15683136Y78409408X1097612544Difficultsoma_pred_affs/4297 with read ROI [2960:4528, 8144:9712, 3536:5104] (1568, 1568, 1568) and write ROI [3456:4032, 8640:9216, 4032:4608] (576, 576, 576)
Recording block-done for octoS0SubroiZ15683136Y78409408X1097612544Difficultsoma_pred_affs/603 with read ROI [3536:5104, 80:1648, 2960:4528] (1568, 1568, 1568) and write ROI [4032:4608, 576:1152, 3456:4032] (576, 576, 576)
Recorded block-done for octoS0SubroiZ15683136Y78409408X1097612544Difficultsoma_pred_affs/603 with read ROI [3536:5104, 80:1648, 2960:4528] (1568, 1568, 1568) and write ROI [4032:4608, 576:1152, 3456:4032] (576, 576, 576)
Recording block-done for octoS0SubroiZ15683136Y78409408X1097612544Difficultsoma_pred_affs/3403 with read ROI [3536:5104, 4112:5680, 5840:7408] (1568, 1568, 1568) and write ROI [4032:4608, 4608:5184, 6336:6912] (576, 576, 576)
Recorded block-done for octoS0SubroiZ15683136Y78409408X1097612544Difficultsoma_pred_affs/3403 with read ROI [3536:5104, 4112:5680, 5840:7408] (1568, 1568, 1568) and write ROI [4032:4608, 4608:5184, 6336:6912] (576, 576, 576)
Recording block-done for octoS0SubroiZ15683136Y78409408X1097612544Difficultsoma_pred_affs/2743 with read ROI [3536:5104, 4688:6256, 4112:5680] (1568, 1568, 1568) and write ROI [4032:4608, 5184:5760, 4608:5184] (576, 576, 576)
Recorded block-done for octoS0SubroiZ15683136Y78409408X1097612544Difficultsoma_pred_affs/2743 with read ROI [3536:5104, 4688:6256, 4112:5680] (1568, 1568, 1568) and write ROI [4032:4608, 5184:5760, 4608:5184] (576, 576, 576)
Recording block-done for octoS0SubroiZ15683136Y78409408X1097612544Difficultsoma_pred_affs/6672 with read ROI [3536:5104, 4112:5680, 9872:11440] (1568, 1568, 1568) and write ROI [4032:4608, 4608:5184, 10368:10944] (576, 576, 576)
Recorded block-done for octoS0SubroiZ15683136Y78409408X1097612544Difficultsoma_pred_affs/6672 with read ROI [3536:5104, 4112:5680, 9872:11440] (1568, 1568, 1568) and write ROI [4032:4608, 4608:5184, 10368:10944] (576, 576, 576)
Recording block-done for octoS0SubroiZ15683136Y78409408X1097612544Difficultsoma_pred_affs/7283 with read ROI [3536:5104, 4688:6256, 9872:11440] (1568, 1568, 1568) and write ROI [4032:4608, 5184:5760, 10368:10944] (576, 576, 576)
Recorded block-done for octoS0SubroiZ15683136Y78409408X1097612544Difficultsoma_pred_affs/7283 with read ROI [3536:5104, 4688:6256, 9872:11440] (1568, 1568, 1568) and write ROI [4032:4608, 5184:5760, 10368:10944] (576, 576, 576)
Recording block-done for octoS0SubroiZ15683136Y78409408X1097612544Difficultsoma_pred_affs/6096 with read ROI [3536:5104, 3536:5104, 9872:11440] (1568, 1568, 1568) and write ROI [4032:4608, 4032:4608, 10368:10944] (576, 576, 576)
Recorded block-done for octoS0SubroiZ15683136Y78409408X1097612544Difficultsoma_pred_affs/6096 with read ROI [3536:5104, 3536:5104, 9872:11440] (1568, 1568, 1568) and write ROI [4032:4608, 4032:4608, 10368:10944] (576, 576, 576)
Recording block-done for octoS0SubroiZ15683136Y78409408X1097612544Difficultsoma_pred_affs/4692 with read ROI [3536:5104, 6416:7984, 5264:6832] (1568, 1568, 1568) and write ROI [4032:4608, 6912:7488, 5760:6336] (576, 576, 576)
Recorded block-done for octoS0SubroiZ15683136Y78409408X1097612544Difficultsoma_pred_affs/4692 with read ROI [3536:5104, 6416:7984, 5264:6832] (1568, 1568, 1568) and write ROI [4032:4608, 6912:7488, 5760:6336] (576, 576, 576)
Recording block-done for octoS0SubroiZ15683136Y78409408X1097612544Difficultsoma_pred_affs/2778 with read ROI [3536:5104, 5840:7408, 2960:4528] (1568, 1568, 1568) and write ROI [4032:4608, 6336:6912, 3456:4032] (576, 576, 576)
Recorded block-done for octoS0SubroiZ15683136Y78409408X1097612544Difficultsoma_pred_affs/2778 with read ROI [3536:5104, 5840:7408, 2960:4528] (1568, 1568, 1568) and write ROI [4032:4608, 6336:6912, 3456:4032] (576, 576, 576)
Recording block-done for octoS0SubroiZ15683136Y78409408X1097612544Difficultsoma_pred_affs/3122 with read ROI [3536:5104, 6416:7984, 2960:4528] (1568, 1568, 1568) and write ROI [4032:4608, 6912:7488, 3456:4032] (576, 576, 576)
Recorded block-done for octoS0SubroiZ15683136Y78409408X1097612544Difficultsoma_pred_affs/3122 with read ROI [3536:5104, 6416:7984, 2960:4528] (1568, 1568, 1568) and write ROI [4032:4608, 6912:7488, 3456:4032] (576, 576, 576)
Recording block-done for octoS0SubroiZ15683136Y78409408X1097612544Difficultsoma_pred_affs/1988 with read ROI [3536:5104, 6992:8560, 80:1648] (1568, 1568, 1568) and write ROI [4032:4608, 7488:8064, 576:1152] (576, 576, 576)
Recorded block-done for octoS0SubroiZ15683136Y78409408X1097612544Difficultsoma_pred_affs/1988 with read ROI [3536:5104, 6992:8560, 80:1648] (1568, 1568, 1568) and write ROI [4032:4608, 7488:8064, 576:1152] (576, 576, 576)
Recording block-done for octoS0SubroiZ15683136Y78409408X1097612544Difficultsoma_pred_affs/3937 with read ROI [3536:5104, 8720:10288, 1808:3376] (1568, 1568, 1568) and write ROI [4032:4608, 9216:9792, 2304:2880] (576, 576, 576)
Recorded block-done for octoS0SubroiZ15683136Y78409408X1097612544Difficultsoma_pred_affs/3937 with read ROI [3536:5104, 8720:10288, 1808:3376] (1568, 1568, 1568) and write ROI [4032:4608, 9216:9792, 2304:2880] (576, 576, 576)
Recording block-done for octoS0SubroiZ15683136Y78409408X1097612544Difficultsoma_pred_affs/11763 with read ROI [3536:5104, 8720:10288, 9296:10864] (1568, 1568, 1568) and write ROI [4032:4608, 9216:9792, 9792:10368] (576, 576, 576)
Recorded block-done for octoS0SubroiZ15683136Y78409408X1097612544Difficultsoma_pred_affs/11763 with read ROI [3536:5104, 8720:10288, 9296:10864] (1568, 1568, 1568) and write ROI [4032:4608, 9216:9792, 9792:10368] (576, 576, 576)
Recording block-done for octoS0SubroiZ15683136Y78409408X1097612544Difficultsoma_pred_affs/4367 with read ROI [3536:5104, 9296:10864, 1808:3376] (1568, 1568, 1568) and write ROI [4032:4608, 9792:10368, 2304:2880] (576, 576, 576)
Recorded block-done for octoS0SubroiZ15683136Y78409408X1097612544Difficultsoma_pred_affs/4367 with read ROI [3536:5104, 9296:10864, 1808:3376] (1568, 1568, 1568) and write ROI [4032:4608, 9792:10368, 2304:2880] (576, 576, 576)
Recording block-done for octoS0SubroiZ15683136Y78409408X1097612544Difficultsoma_pred_affs/4418 with read ROI [3536:5104, 10448:12016, 656:2224] (1568, 1568, 1568) and write ROI [4032:4608, 10944:11520, 1152:1728] (576, 576, 576)
Recorded block-done for octoS0SubroiZ15683136Y78409408X1097612544Difficultsoma_pred_affs/4418 with read ROI [3536:5104, 10448:12016, 656:2224] (1568, 1568, 1568) and write ROI [4032:4608, 10944:11520, 1152:1728] (576, 576, 576)
Recording block-done for octoS0SubroiZ15683136Y78409408X1097612544Difficultsoma_pred_affs/508 with read ROI [4112:5680, 80:1648, 1808:3376] (1568, 1568, 1568) and write ROI [4608:5184, 576:1152, 2304:2880] (576, 576, 576)
Recorded block-done for octoS0SubroiZ15683136Y78409408X1097612544Difficultsoma_pred_affs/508 with read ROI [4112:5680, 80:1648, 1808:3376] (1568, 1568, 1568) and write ROI [4608:5184, 576:1152, 2304:2880] (576, 576, 576)
Recording block-done for octoS0SubroiZ15683136Y78409408X1097612544Difficultsoma_pred_affs/438 with read ROI [4112:5680, 1232:2800, 80:1648] (1568, 1568, 1568) and write ROI [4608:5184, 1728:2304, 576:1152] (576, 576, 576)
Recorded block-done for octoS0SubroiZ15683136Y78409408X1097612544Difficultsoma_pred_affs/438 with read ROI [4112:5680, 1232:2800, 80:1648] (1568, 1568, 1568) and write ROI [4608:5184, 1728:2304, 576:1152] (576, 576, 576)
Recording block-done for octoS0SubroiZ15683136Y78409408X1097612544Difficultsoma_pred_affs/1032 with read ROI [4112:5680, 656:2224, 3536:5104] (1568, 1568, 1568) and write ROI [4608:5184, 1152:1728, 4032:4608] (576, 576, 576)
Recorded block-done for octoS0SubroiZ15683136Y78409408X1097612544Difficultsoma_pred_affs/1032 with read ROI [4112:5680, 656:2224, 3536:5104] (1568, 1568, 1568) and write ROI [4608:5184, 1152:1728, 4032:4608] (576, 576, 576)
Recording block-done for octoS0SubroiZ15683136Y78409408X1097612544Difficultsoma_pred_affs/1268 with read ROI [4112:5680, 3536:5104, 1232:2800] (1568, 1568, 1568) and write ROI [4608:5184, 4032:4608, 1728:2304] (576, 576, 576)
Recorded block-done for octoS0SubroiZ15683136Y78409408X1097612544Difficultsoma_pred_affs/1268 with read ROI [4112:5680, 3536:5104, 1232:2800] (1568, 1568, 1568) and write ROI [4608:5184, 4032:4608, 1728:2304] (576, 576, 576)
Recording block-done for octoS0SubroiZ15683136Y78409408X1097612544Difficultsoma_pred_affs/8696 with read ROI [3536:5104, 8144:9712, 7568:9136] (1568, 1568, 1568) and write ROI [4032:4608, 8640:9216, 8064:8640] (576, 576, 576)
Recorded block-done for octoS0SubroiZ15683136Y78409408X1097612544Difficultsoma_pred_affs/8696 with read ROI [3536:5104, 8144:9712, 7568:9136] (1568, 1568, 1568) and write ROI [4032:4608, 8640:9216, 8064:8640] (576, 576, 576)
Recording block-done for octoS0SubroiZ15683136Y78409408X1097612544Difficultsoma_pred_affs/3404 with read ROI [4112:5680, 3536:5104, 5840:7408] (1568, 1568, 1568) and write ROI [4608:5184, 4032:4608, 6336:6912] (576, 576, 576)
Recorded block-done for octoS0SubroiZ15683136Y78409408X1097612544Difficultsoma_pred_affs/3404 with read ROI [4112:5680, 3536:5104, 5840:7408] (1568, 1568, 1568) and write ROI [4608:5184, 4032:4608, 6336:6912] (576, 576, 576)
Recording block-done for octoS0SubroiZ15683136Y78409408X1097612544Difficultsoma_pred_affs/4713 with read ROI [4112:5680, 6416:7984, 4688:6256] (1568, 1568, 1568) and write ROI [4608:5184, 6912:7488, 5184:5760] (576, 576, 576)
Recorded block-done for octoS0SubroiZ15683136Y78409408X1097612544Difficultsoma_pred_affs/4713 with read ROI [4112:5680, 6416:7984, 4688:6256] (1568, 1568, 1568) and write ROI [4608:5184, 6912:7488, 5184:5760] (576, 576, 576)
Recording block-done for octoS0SubroiZ15683136Y78409408X1097612544Difficultsoma_pred_affs/7358 with read ROI [4112:5680, 6416:7984, 7568:9136] (1568, 1568, 1568) and write ROI [4608:5184, 6912:7488, 8064:8640] (576, 576, 576)
Recorded block-done for octoS0SubroiZ15683136Y78409408X1097612544Difficultsoma_pred_affs/7358 with read ROI [4112:5680, 6416:7984, 7568:9136] (1568, 1568, 1568) and write ROI [4608:5184, 6912:7488, 8064:8640] (576, 576, 576)
Recording block-done for octoS0SubroiZ15683136Y78409408X1097612544Difficultsoma_pred_affs/5717 with read ROI [4112:5680, 7568:9136, 4688:6256] (1568, 1568, 1568) and write ROI [4608:5184, 8064:8640, 5184:5760] (576, 576, 576)
Recorded block-done for octoS0SubroiZ15683136Y78409408X1097612544Difficultsoma_pred_affs/5717 with read ROI [4112:5680, 7568:9136, 4688:6256] (1568, 1568, 1568) and write ROI [4608:5184, 8064:8640, 5184:5760] (576, 576, 576)
Recording block-done for octoS0SubroiZ15683136Y78409408X1097612544Difficultsoma_pred_affs/3609 with read ROI [4112:5680, 9296:10864, 80:1648] (1568, 1568, 1568) and write ROI [4608:5184, 9792:10368, 576:1152] (576, 576, 576)
Recorded block-done for octoS0SubroiZ15683136Y78409408X1097612544Difficultsoma_pred_affs/3609 with read ROI [4112:5680, 9296:10864, 80:1648] (1568, 1568, 1568) and write ROI [4608:5184, 9792:10368, 576:1152] (576, 576, 576)
Recording block-done for octoS0SubroiZ15683136Y78409408X1097612544Difficultsoma_pred_affs/4419 with read ROI [4112:5680, 9872:11440, 656:2224] (1568, 1568, 1568) and write ROI [4608:5184, 10368:10944, 1152:1728] (576, 576, 576)
Recorded block-done for octoS0SubroiZ15683136Y78409408X1097612544Difficultsoma_pred_affs/4419 with read ROI [4112:5680, 9872:11440, 656:2224] (1568, 1568, 1568) and write ROI [4608:5184, 10368:10944, 1152:1728] (576, 576, 576)
Recording block-done for octoS0SubroiZ15683136Y78409408X1097612544Difficultsoma_pred_affs/7499 with read ROI [4112:5680, 9872:11440, 4112:5680] (1568, 1568, 1568) and write ROI [4608:5184, 10368:10944, 4608:5184] (576, 576, 576)
Recorded block-done for octoS0SubroiZ15683136Y78409408X1097612544Difficultsoma_pred_affs/7499 with read ROI [4112:5680, 9872:11440, 4112:5680] (1568, 1568, 1568) and write ROI [4608:5184, 10368:10944, 4608:5184] (576, 576, 576)
Recording block-done for octoS0SubroiZ15683136Y78409408X1097612544Difficultsoma_pred_affs/10921 with read ROI [4112:5680, 7568:9136, 9296:10864] (1568, 1568, 1568) and write ROI [4608:5184, 8064:8640, 9792:10368] (576, 576, 576)
Recorded block-done for octoS0SubroiZ15683136Y78409408X1097612544Difficultsoma_pred_affs/10921 with read ROI [4112:5680, 7568:9136, 9296:10864] (1568, 1568, 1568) and write ROI [4608:5184, 8064:8640, 9792:10368] (576, 576, 576)
Recording block-done for octoS0SubroiZ15683136Y78409408X1097612544Difficultsoma_pred_affs/12727 with read ROI [4112:5680, 10448:12016, 7568:9136] (1568, 1568, 1568) and write ROI [4608:5184, 10944:11520, 8064:8640] (576, 576, 576)
Recorded block-done for octoS0SubroiZ15683136Y78409408X1097612544Difficultsoma_pred_affs/12727 with read ROI [4112:5680, 10448:12016, 7568:9136] (1568, 1568, 1568) and write ROI [4608:5184, 10944:11520, 8064:8640] (576, 576, 576)
Recording block-done for octoS0SubroiZ15683136Y78409408X1097612544Difficultsoma_pred_affs/1858 with read ROI [4688:6256, 1232:2800, 4688:6256] (1568, 1568, 1568) and write ROI [5184:5760, 1728:2304, 5184:5760] (576, 576, 576)
Recorded block-done for octoS0SubroiZ15683136Y78409408X1097612544Difficultsoma_pred_affs/1858 with read ROI [4688:6256, 1232:2800, 4688:6256] (1568, 1568, 1568) and write ROI [5184:5760, 1728:2304, 5184:5760] (576, 576, 576)
Recording block-done for octoS0SubroiZ15683136Y78409408X1097612544Difficultsoma_pred_affs/3853 with read ROI [4688:6256, 5264:6832, 4112:5680] (1568, 1568, 1568) and write ROI [5184:5760, 5760:6336, 4608:5184] (576, 576, 576)
Recorded block-done for octoS0SubroiZ15683136Y78409408X1097612544Difficultsoma_pred_affs/3853 with read ROI [4688:6256, 5264:6832, 4112:5680] (1568, 1568, 1568) and write ROI [5184:5760, 5760:6336, 4608:5184] (576, 576, 576)
Recording block-done for octoS0SubroiZ15683136Y78409408X1097612544Difficultsoma_pred_affs/880 with read ROI [4688:6256, 80:1648, 2960:4528] (1568, 1568, 1568) and write ROI [5184:5760, 576:1152, 3456:4032] (576, 576, 576)
Recorded block-done for octoS0SubroiZ15683136Y78409408X1097612544Difficultsoma_pred_affs/880 with read ROI [4688:6256, 80:1648, 2960:4528] (1568, 1568, 1568) and write ROI [5184:5760, 576:1152, 3456:4032] (576, 576, 576)
Recording block-done for octoS0SubroiZ15683136Y78409408X1097612544Difficultsoma_pred_affs/5122 with read ROI [4688:6256, 4112:5680, 6992:8560] (1568, 1568, 1568) and write ROI [5184:5760, 4608:5184, 7488:8064] (576, 576, 576)
Recorded block-done for octoS0SubroiZ15683136Y78409408X1097612544Difficultsoma_pred_affs/5122 with read ROI [4688:6256, 4112:5680, 6992:8560] (1568, 1568, 1568) and write ROI [5184:5760, 4608:5184, 7488:8064] (576, 576, 576)
Recording block-done for octoS0SubroiZ15683136Y78409408X1097612544Difficultsoma_pred_affs/4189 with read ROI [4688:6256, 2960:4528, 6992:8560] (1568, 1568, 1568) and write ROI [5184:5760, 3456:4032, 7488:8064] (576, 576, 576)
Recorded block-done for octoS0SubroiZ15683136Y78409408X1097612544Difficultsoma_pred_affs/4189 with read ROI [4688:6256, 2960:4528, 6992:8560] (1568, 1568, 1568) and write ROI [5184:5760, 3456:4032, 7488:8064] (576, 576, 576)
Recording block-done for octoS0SubroiZ15683136Y78409408X1097612544Difficultsoma_pred_affs/9554 with read ROI [4688:6256, 10448:12016, 4688:6256] (1568, 1568, 1568) and write ROI [5184:5760, 10944:11520, 5184:5760] (576, 576, 576)
Recorded block-done for octoS0SubroiZ15683136Y78409408X1097612544Difficultsoma_pred_affs/9554 with read ROI [4688:6256, 10448:12016, 4688:6256] (1568, 1568, 1568) and write ROI [5184:5760, 10944:11520, 5184:5760] (576, 576, 576)
Recording block-done for octoS0SubroiZ15683136Y78409408X1097612544Difficultsoma_pred_affs/10922 with read ROI [4688:6256, 6992:8560, 9296:10864] (1568, 1568, 1568) and write ROI [5184:5760, 7488:8064, 9792:10368] (576, 576, 576)
Recorded block-done for octoS0SubroiZ15683136Y78409408X1097612544Difficultsoma_pred_affs/10922 with read ROI [4688:6256, 6992:8560, 9296:10864] (1568, 1568, 1568) and write ROI [5184:5760, 7488:8064, 9792:10368] (576, 576, 576)
Recording block-done for octoS0SubroiZ15683136Y78409408X1097612544Difficultsoma_pred_affs/11765 with read ROI [4688:6256, 7568:9136, 9296:10864] (1568, 1568, 1568) and write ROI [5184:5760, 8064:8640, 9792:10368] (576, 576, 576)
Recorded block-done for octoS0SubroiZ15683136Y78409408X1097612544Difficultsoma_pred_affs/11765 with read ROI [4688:6256, 7568:9136, 9296:10864] (1568, 1568, 1568) and write ROI [5184:5760, 8064:8640, 9792:10368] (576, 576, 576)
Recording block-done for octoS0SubroiZ15683136Y78409408X1097612544Difficultsoma_pred_affs/4175 with read ROI [5264:6832, 1808:3376, 7568:9136] (1568, 1568, 1568) and write ROI [5760:6336, 2304:2880, 8064:8640] (576, 576, 576)
Recorded block-done for octoS0SubroiZ15683136Y78409408X1097612544Difficultsoma_pred_affs/4175 with read ROI [5264:6832, 1808:3376, 7568:9136] (1568, 1568, 1568) and write ROI [5760:6336, 2304:2880, 8064:8640] (576, 576, 576)
Recording block-done for octoS0SubroiZ15683136Y78409408X1097612544Difficultsoma_pred_affs/3001 with read ROI [5264:6832, 80:1648, 7568:9136] (1568, 1568, 1568) and write ROI [5760:6336, 576:1152, 8064:8640] (576, 576, 576)
Recorded block-done for octoS0SubroiZ15683136Y78409408X1097612544Difficultsoma_pred_affs/3001 with read ROI [5264:6832, 80:1648, 7568:9136] (1568, 1568, 1568) and write ROI [5760:6336, 576:1152, 8064:8640] (576, 576, 576)
Recording block-done for octoS0SubroiZ15683136Y78409408X1097612544Difficultsoma_pred_affs/7951 with read ROI [5264:6832, 4112:5680, 9296:10864] (1568, 1568, 1568) and write ROI [5760:6336, 4608:5184, 9792:10368] (576, 576, 576)
Recorded block-done for octoS0SubroiZ15683136Y78409408X1097612544Difficultsoma_pred_affs/7951 with read ROI [5264:6832, 4112:5680, 9296:10864] (1568, 1568, 1568) and write ROI [5760:6336, 4608:5184, 9792:10368] (576, 576, 576)
Recording block-done for octoS0SubroiZ15683136Y78409408X1097612544Difficultsoma_pred_affs/3071 with read ROI [5264:6832, 2960:4528, 4688:6256] (1568, 1568, 1568) and write ROI [5760:6336, 3456:4032, 5184:5760] (576, 576, 576)
Recorded block-done for octoS0SubroiZ15683136Y78409408X1097612544Difficultsoma_pred_affs/3071 with read ROI [5264:6832, 2960:4528, 4688:6256] (1568, 1568, 1568) and write ROI [5760:6336, 3456:4032, 5184:5760] (576, 576, 576)
Recording block-done for octoS0SubroiZ15683136Y78409408X1097612544Difficultsoma_pred_affs/1934 with read ROI [5264:6832, 3536:5104, 1808:3376] (1568, 1568, 1568) and write ROI [5760:6336, 4032:4608, 2304:2880] (576, 576, 576)
Recorded block-done for octoS0SubroiZ15683136Y78409408X1097612544Difficultsoma_pred_affs/1934 with read ROI [5264:6832, 3536:5104, 1808:3376] (1568, 1568, 1568) and write ROI [5760:6336, 4032:4608, 2304:2880] (576, 576, 576)
Recording block-done for octoS0SubroiZ15683136Y78409408X1097612544Difficultsoma_pred_affs/2886 with read ROI [5264:6832, 6992:8560, 80:1648] (1568, 1568, 1568) and write ROI [5760:6336, 7488:8064, 576:1152] (576, 576, 576)
Recorded block-done for octoS0SubroiZ15683136Y78409408X1097612544Difficultsoma_pred_affs/2886 with read ROI [5264:6832, 6992:8560, 80:1648] (1568, 1568, 1568) and write ROI [5760:6336, 7488:8064, 576:1152] (576, 576, 576)
Recording block-done for octoS0SubroiZ15683136Y78409408X1097612544Difficultsoma_pred_affs/3940 with read ROI [5264:6832, 6992:8560, 1808:3376] (1568, 1568, 1568) and write ROI [5760:6336, 7488:8064, 2304:2880] (576, 576, 576)
Recorded block-done for octoS0SubroiZ15683136Y78409408X1097612544Difficultsoma_pred_affs/3940 with read ROI [5264:6832, 6992:8560, 1808:3376] (1568, 1568, 1568) and write ROI [5760:6336, 7488:8064, 2304:2880] (576, 576, 576)
Recording block-done for octoS0SubroiZ15683136Y78409408X1097612544Difficultsoma_pred_affs/4781 with read ROI [5264:6832, 6992:8560, 2960:4528] (1568, 1568, 1568) and write ROI [5760:6336, 7488:8064, 3456:4032] (576, 576, 576)
Recorded block-done for octoS0SubroiZ15683136Y78409408X1097612544Difficultsoma_pred_affs/4781 with read ROI [5264:6832, 6992:8560, 2960:4528] (1568, 1568, 1568) and write ROI [5760:6336, 7488:8064, 3456:4032] (576, 576, 576)
Recording block-done for octoS0SubroiZ15683136Y78409408X1097612544Difficultsoma_pred_affs/10190 with read ROI [5264:6832, 7568:9136, 7568:9136] (1568, 1568, 1568) and write ROI [5760:6336, 8064:8640, 8064:8640] (576, 576, 576)
Recorded block-done for octoS0SubroiZ15683136Y78409408X1097612544Difficultsoma_pred_affs/10190 with read ROI [5264:6832, 7568:9136, 7568:9136] (1568, 1568, 1568) and write ROI [5760:6336, 8064:8640, 8064:8640] (576, 576, 576)
Recording block-done for octoS0SubroiZ15683136Y78409408X1097612544Difficultsoma_pred_affs/1287 with read ROI [5840:7408, 2384:3952, 656:2224] (1568, 1568, 1568) and write ROI [6336:6912, 2880:3456, 1152:1728] (576, 576, 576)
Recorded block-done for octoS0SubroiZ15683136Y78409408X1097612544Difficultsoma_pred_affs/1287 with read ROI [5840:7408, 2384:3952, 656:2224] (1568, 1568, 1568) and write ROI [6336:6912, 2880:3456, 1152:1728] (576, 576, 576)
Recording block-done for octoS0SubroiZ15683136Y78409408X1097612544Difficultsoma_pred_affs/5572 with read ROI [5840:7408, 1232:2800, 9296:10864] (1568, 1568, 1568) and write ROI [6336:6912, 1728:2304, 9792:10368] (576, 576, 576)
Recorded block-done for octoS0SubroiZ15683136Y78409408X1097612544Difficultsoma_pred_affs/5572 with read ROI [5840:7408, 1232:2800, 9296:10864] (1568, 1568, 1568) and write ROI [6336:6912, 1728:2304, 9792:10368] (576, 576, 576)
Recording block-done for octoS0SubroiZ15683136Y78409408X1097612544Difficultsoma_pred_affs/2542 with read ROI [5840:7408, 5264:6832, 656:2224] (1568, 1568, 1568) and write ROI [6336:6912, 5760:6336, 1152:1728] (576, 576, 576)
Recorded block-done for octoS0SubroiZ15683136Y78409408X1097612544Difficultsoma_pred_affs/2542 with read ROI [5840:7408, 5264:6832, 656:2224] (1568, 1568, 1568) and write ROI [6336:6912, 5760:6336, 1152:1728] (576, 576, 576)
Recording block-done for octoS0SubroiZ15683136Y78409408X1097612544Difficultsoma_pred_affs/2821 with read ROI [5840:7408, 4688:6256, 1808:3376] (1568, 1568, 1568) and write ROI [6336:6912, 5184:5760, 2304:2880] (576, 576, 576)
Recorded block-done for octoS0SubroiZ15683136Y78409408X1097612544Difficultsoma_pred_affs/2821 with read ROI [5840:7408, 4688:6256, 1808:3376] (1568, 1568, 1568) and write ROI [6336:6912, 5184:5760, 2304:2880] (576, 576, 576)
Recording block-done for octoS0SubroiZ15683136Y78409408X1097612544Difficultsoma_pred_affs/3089 with read ROI [5840:7408, 2960:4528, 4112:5680] (1568, 1568, 1568) and write ROI [6336:6912, 3456:4032, 4608:5184] (576, 576, 576)
Recorded block-done for octoS0SubroiZ15683136Y78409408X1097612544Difficultsoma_pred_affs/3089 with read ROI [5840:7408, 2960:4528, 4112:5680] (1568, 1568, 1568) and write ROI [6336:6912, 3456:4032, 4608:5184] (576, 576, 576)
Recording block-done for octoS0SubroiZ15683136Y78409408X1097612544Difficultsoma_pred_affs/5698 with read ROI [5840:7408, 5264:6832, 5264:6832] (1568, 1568, 1568) and write ROI [6336:6912, 5760:6336, 5760:6336] (576, 576, 576)
Recorded block-done for octoS0SubroiZ15683136Y78409408X1097612544Difficultsoma_pred_affs/5698 with read ROI [5840:7408, 5264:6832, 5264:6832] (1568, 1568, 1568) and write ROI [6336:6912, 5760:6336, 5760:6336] (576, 576, 576)
Recording block-done for octoS0SubroiZ15683136Y78409408X1097612544Difficultsoma_pred_affs/3212 with read ROI [5840:7408, 6416:7984, 656:2224] (1568, 1568, 1568) and write ROI [6336:6912, 6912:7488, 1152:1728] (576, 576, 576)
Recorded block-done for octoS0SubroiZ15683136Y78409408X1097612544Difficultsoma_pred_affs/3212 with read ROI [5840:7408, 6416:7984, 656:2224] (1568, 1568, 1568) and write ROI [6336:6912, 6912:7488, 1152:1728] (576, 576, 576)
Recording block-done for octoS0SubroiZ15683136Y78409408X1097612544Difficultsoma_pred_affs/12652 with read ROI [5840:7408, 6992:8560, 9296:10864] (1568, 1568, 1568) and write ROI [6336:6912, 7488:8064, 9792:10368] (576, 576, 576)
Recorded block-done for octoS0SubroiZ15683136Y78409408X1097612544Difficultsoma_pred_affs/12652 with read ROI [5840:7408, 6992:8560, 9296:10864] (1568, 1568, 1568) and write ROI [6336:6912, 7488:8064, 9792:10368] (576, 576, 576)
Recording block-done for octoS0SubroiZ15683136Y78409408X1097612544Difficultsoma_pred_affs/8853 with read ROI [5840:7408, 9296:10864, 4112:5680] (1568, 1568, 1568) and write ROI [6336:6912, 9792:10368, 4608:5184] (576, 576, 576)
Recorded block-done for octoS0SubroiZ15683136Y78409408X1097612544Difficultsoma_pred_affs/8853 with read ROI [5840:7408, 9296:10864, 4112:5680] (1568, 1568, 1568) and write ROI [6336:6912, 9792:10368, 4608:5184] (576, 576, 576)
Recording block-done for octoS0SubroiZ15683136Y78409408X1097612544Difficultsoma_pred_affs/5792 with read ROI [5840:7408, 7568:9136, 2960:4528] (1568, 1568, 1568) and write ROI [6336:6912, 8064:8640, 3456:4032] (576, 576, 576)
Recorded block-done for octoS0SubroiZ15683136Y78409408X1097612544Difficultsoma_pred_affs/5792 with read ROI [5840:7408, 7568:9136, 2960:4528] (1568, 1568, 1568) and write ROI [6336:6912, 8064:8640, 3456:4032] (576, 576, 576)
Recording block-done for octoS0SubroiZ15683136Y78409408X1097612544Difficultsoma_pred_affs/10216 with read ROI [5840:7408, 7568:9136, 6992:8560] (1568, 1568, 1568) and write ROI [6336:6912, 8064:8640, 7488:8064] (576, 576, 576)
Recorded block-done for octoS0SubroiZ15683136Y78409408X1097612544Difficultsoma_pred_affs/10216 with read ROI [5840:7408, 7568:9136, 6992:8560] (1568, 1568, 1568) and write ROI [6336:6912, 8064:8640, 7488:8064] (576, 576, 576)
Recording block-done for octoS0SubroiZ15683136Y78409408X1097612544Difficultsoma_pred_affs/3042 with read ROI [6416:7984, 656:2224, 5840:7408] (1568, 1568, 1568) and write ROI [6912:7488, 1152:1728, 6336:6912] (576, 576, 576)
Recorded block-done for octoS0SubroiZ15683136Y78409408X1097612544Difficultsoma_pred_affs/3042 with read ROI [6416:7984, 656:2224, 5840:7408] (1568, 1568, 1568) and write ROI [6912:7488, 1152:1728, 6336:6912] (576, 576, 576)
Recording block-done for octoS0SubroiZ15683136Y78409408X1097612544Difficultsoma_pred_affs/2843 with read ROI [6416:7984, 4688:6256, 1232:2800] (1568, 1568, 1568) and write ROI [6912:7488, 5184:5760, 1728:2304] (576, 576, 576)
Recorded block-done for octoS0SubroiZ15683136Y78409408X1097612544Difficultsoma_pred_affs/2843 with read ROI [6416:7984, 4688:6256, 1232:2800] (1568, 1568, 1568) and write ROI [6912:7488, 5184:5760, 1728:2304] (576, 576, 576)
Recording block-done for octoS0SubroiZ15683136Y78409408X1097612544Difficultsoma_pred_affs/7323 with read ROI [6416:7984, 2960:4528, 8720:10288] (1568, 1568, 1568) and write ROI [6912:7488, 3456:4032, 9216:9792] (576, 576, 576)
Recorded block-done for octoS0SubroiZ15683136Y78409408X1097612544Difficultsoma_pred_affs/7323 with read ROI [6416:7984, 2960:4528, 8720:10288] (1568, 1568, 1568) and write ROI [6912:7488, 3456:4032, 9216:9792] (576, 576, 576)
Recording block-done for octoS0SubroiZ15683136Y78409408X1097612544Difficultsoma_pred_affs/8619 with read ROI [6416:7984, 2960:4528, 9872:11440] (1568, 1568, 1568) and write ROI [6912:7488, 3456:4032, 10368:10944] (576, 576, 576)
Recorded block-done for octoS0SubroiZ15683136Y78409408X1097612544Difficultsoma_pred_affs/8619 with read ROI [6416:7984, 2960:4528, 9872:11440] (1568, 1568, 1568) and write ROI [6912:7488, 3456:4032, 10368:10944] (576, 576, 576)
Recording block-done for octoS0SubroiZ15683136Y78409408X1097612544Difficultsoma_pred_affs/5744 with read ROI [6416:7984, 5840:7408, 4112:5680] (1568, 1568, 1568) and write ROI [6912:7488, 6336:6912, 4608:5184] (576, 576, 576)
Recorded block-done for octoS0SubroiZ15683136Y78409408X1097612544Difficultsoma_pred_affs/5744 with read ROI [6416:7984, 5840:7408, 4112:5680] (1568, 1568, 1568) and write ROI [6912:7488, 6336:6912, 4608:5184] (576, 576, 576)
Recording block-done for octoS0SubroiZ15683136Y78409408X1097612544Difficultsoma_pred_affs/2783 with read ROI [6416:7984, 2960:4528, 2960:4528] (1568, 1568, 1568) and write ROI [6912:7488, 3456:4032, 3456:4032] (576, 576, 576)
Recorded block-done for octoS0SubroiZ15683136Y78409408X1097612544Difficultsoma_pred_affs/2783 with read ROI [6416:7984, 2960:4528, 2960:4528] (1568, 1568, 1568) and write ROI [6912:7488, 3456:4032, 3456:4032] (576, 576, 576)
Recording block-done for octoS0SubroiZ15683136Y78409408X1097612544Difficultsoma_pred_affs/18901 with read ROI [6416:7984, 9872:11440, 9296:10864] (1568, 1568, 1568) and write ROI [6912:7488, 10368:10944, 9792:10368] (576, 576, 576)
Recorded block-done for octoS0SubroiZ15683136Y78409408X1097612544Difficultsoma_pred_affs/18901 with read ROI [6416:7984, 9872:11440, 9296:10864] (1568, 1568, 1568) and write ROI [6912:7488, 10368:10944, 9792:10368] (576, 576, 576)
Recording block-done for octoS0SubroiZ15683136Y78409408X1097612544Difficultsoma_pred_affs/8913 with read ROI [6416:7984, 9872:11440, 2960:4528] (1568, 1568, 1568) and write ROI [6912:7488, 10368:10944, 3456:4032] (576, 576, 576)
Recorded block-done for octoS0SubroiZ15683136Y78409408X1097612544Difficultsoma_pred_affs/8913 with read ROI [6416:7984, 9872:11440, 2960:4528] (1568, 1568, 1568) and write ROI [6912:7488, 10368:10944, 3456:4032] (576, 576, 576)
Recording block-done for octoS0SubroiZ15683136Y78409408X1097612544Difficultsoma_pred_affs/15570 with read ROI [6416:7984, 8144:9712, 9296:10864] (1568, 1568, 1568) and write ROI [6912:7488, 8640:9216, 9792:10368] (576, 576, 576)
Recorded block-done for octoS0SubroiZ15683136Y78409408X1097612544Difficultsoma_pred_affs/15570 with read ROI [6416:7984, 8144:9712, 9296:10864] (1568, 1568, 1568) and write ROI [6912:7488, 8640:9216, 9792:10368] (576, 576, 576)
Recording block-done for octoS0SubroiZ15683136Y78409408X1097612544Difficultsoma_pred_affs/16578 with read ROI [6416:7984, 7568:9136, 10448:12016] (1568, 1568, 1568) and write ROI [6912:7488, 8064:8640, 10944:11520] (576, 576, 576)
Recorded block-done for octoS0SubroiZ15683136Y78409408X1097612544Difficultsoma_pred_affs/16578 with read ROI [6416:7984, 7568:9136, 10448:12016] (1568, 1568, 1568) and write ROI [6912:7488, 8064:8640, 10944:11520] (576, 576, 576)
Recording block-done for octoS0SubroiZ15683136Y78409408X1097612544Difficultsoma_pred_affs/12759 with read ROI [6416:7984, 8720:10288, 6992:8560] (1568, 1568, 1568) and write ROI [6912:7488, 9216:9792, 7488:8064] (576, 576, 576)
Recorded block-done for octoS0SubroiZ15683136Y78409408X1097612544Difficultsoma_pred_affs/12759 with read ROI [6416:7984, 8720:10288, 6992:8560] (1568, 1568, 1568) and write ROI [6912:7488, 9216:9792, 7488:8064] (576, 576, 576)
Recording block-done for octoS0SubroiZ15683136Y78409408X1097612544Difficultsoma_pred_affs/1496 with read ROI [6992:8560, 1808:3376, 656:2224] (1568, 1568, 1568) and write ROI [7488:8064, 2304:2880, 1152:1728] (576, 576, 576)
Recorded block-done for octoS0SubroiZ15683136Y78409408X1097612544Difficultsoma_pred_affs/1496 with read ROI [6992:8560, 1808:3376, 656:2224] (1568, 1568, 1568) and write ROI [7488:8064, 2304:2880, 1152:1728] (576, 576, 576)
Recording block-done for octoS0SubroiZ15683136Y78409408X1097612544Difficultsoma_pred_affs/4679 with read ROI [6992:8560, 2384:3952, 5840:7408] (1568, 1568, 1568) and write ROI [7488:8064, 2880:3456, 6336:6912] (576, 576, 576)
Recorded block-done for octoS0SubroiZ15683136Y78409408X1097612544Difficultsoma_pred_affs/4679 with read ROI [6992:8560, 2384:3952, 5840:7408] (1568, 1568, 1568) and write ROI [7488:8064, 2880:3456, 6336:6912] (576, 576, 576)
Recording block-done for octoS0SubroiZ15683136Y78409408X1097612544Difficultsoma_pred_affs/2503 with read ROI [6992:8560, 2960:4528, 1808:3376] (1568, 1568, 1568) and write ROI [7488:8064, 3456:4032, 2304:2880] (576, 576, 576)
Recorded block-done for octoS0SubroiZ15683136Y78409408X1097612544Difficultsoma_pred_affs/2503 with read ROI [6992:8560, 2960:4528, 1808:3376] (1568, 1568, 1568) and write ROI [7488:8064, 3456:4032, 2304:2880] (576, 576, 576)
Recording block-done for octoS0SubroiZ15683136Y78409408X1097612544Difficultsoma_pred_affs/2823 with read ROI [6992:8560, 3536:5104, 1808:3376] (1568, 1568, 1568) and write ROI [7488:8064, 4032:4608, 2304:2880] (576, 576, 576)
Recorded block-done for octoS0SubroiZ15683136Y78409408X1097612544Difficultsoma_pred_affs/2823 with read ROI [6992:8560, 3536:5104, 1808:3376] (1568, 1568, 1568) and write ROI [7488:8064, 4032:4608, 2304:2880] (576, 576, 576)
Recording block-done for octoS0SubroiZ15683136Y78409408X1097612544Difficultsoma_pred_affs/2523 with read ROI [6992:8560, 3536:5104, 1232:2800] (1568, 1568, 1568) and write ROI [7488:8064, 4032:4608, 1728:2304] (576, 576, 576)
Recorded block-done for octoS0SubroiZ15683136Y78409408X1097612544Difficultsoma_pred_affs/2523 with read ROI [6992:8560, 3536:5104, 1232:2800] (1568, 1568, 1568) and write ROI [7488:8064, 4032:4608, 1728:2304] (576, 576, 576)
Recording block-done for octoS0SubroiZ15683136Y78409408X1097612544Difficultsoma_pred_affs/10146 with read ROI [6992:8560, 4688:6256, 8720:10288] (1568, 1568, 1568) and write ROI [7488:8064, 5184:5760, 9216:9792] (576, 576, 576)
Recorded block-done for octoS0SubroiZ15683136Y78409408X1097612544Difficultsoma_pred_affs/10146 with read ROI [6992:8560, 4688:6256, 8720:10288] (1568, 1568, 1568) and write ROI [7488:8064, 5184:5760, 9216:9792] (576, 576, 576)
Recording block-done for octoS0SubroiZ15683136Y78409408X1097612544Difficultsoma_pred_affs/3565 with read ROI [6992:8560, 5264:6832, 1232:2800] (1568, 1568, 1568) and write ROI [7488:8064, 5760:6336, 1728:2304] (576, 576, 576)
Recorded block-done for octoS0SubroiZ15683136Y78409408X1097612544Difficultsoma_pred_affs/3565 with read ROI [6992:8560, 5264:6832, 1232:2800] (1568, 1568, 1568) and write ROI [7488:8064, 5760:6336, 1728:2304] (576, 576, 576)
Recording block-done for octoS0SubroiZ15683136Y78409408X1097612544Difficultsoma_pred_affs/3589 with read ROI [6992:8560, 5840:7408, 656:2224] (1568, 1568, 1568) and write ROI [7488:8064, 6336:6912, 1152:1728] (576, 576, 576)
Recorded block-done for octoS0SubroiZ15683136Y78409408X1097612544Difficultsoma_pred_affs/3589 with read ROI [6992:8560, 5840:7408, 656:2224] (1568, 1568, 1568) and write ROI [7488:8064, 6336:6912, 1152:1728] (576, 576, 576)
Recording block-done for octoS0SubroiZ15683136Y78409408X1097612544Difficultsoma_pred_affs/6858 with read ROI [6992:8560, 5840:7408, 4688:6256] (1568, 1568, 1568) and write ROI [7488:8064, 6336:6912, 5184:5760] (576, 576, 576)
Recorded block-done for octoS0SubroiZ15683136Y78409408X1097612544Difficultsoma_pred_affs/6858 with read ROI [6992:8560, 5840:7408, 4688:6256] (1568, 1568, 1568) and write ROI [7488:8064, 6336:6912, 5184:5760] (576, 576, 576)
Recording block-done for octoS0SubroiZ15683136Y78409408X1097612544Difficultsoma_pred_affs/10169 with read ROI [6992:8560, 5264:6832, 8144:9712] (1568, 1568, 1568) and write ROI [7488:8064, 5760:6336, 8640:9216] (576, 576, 576)
Recorded block-done for octoS0SubroiZ15683136Y78409408X1097612544Difficultsoma_pred_affs/10169 with read ROI [6992:8560, 5264:6832, 8144:9712] (1568, 1568, 1568) and write ROI [7488:8064, 5760:6336, 8640:9216] (576, 576, 576)
Recording block-done for octoS0SubroiZ15683136Y78409408X1097612544Difficultsoma_pred_affs/5934 with read ROI [6992:8560, 9296:10864, 80:1648] (1568, 1568, 1568) and write ROI [7488:8064, 9792:10368, 576:1152] (576, 576, 576)
Recorded block-done for octoS0SubroiZ15683136Y78409408X1097612544Difficultsoma_pred_affs/5934 with read ROI [6992:8560, 9296:10864, 80:1648] (1568, 1568, 1568) and write ROI [7488:8064, 9792:10368, 576:1152] (576, 576, 576)
Recording block-done for octoS0SubroiZ15683136Y78409408X1097612544Difficultsoma_pred_affs/4859 with read ROI [6992:8560, 6992:8560, 1232:2800] (1568, 1568, 1568) and write ROI [7488:8064, 7488:8064, 1728:2304] (576, 576, 576)
Recorded block-done for octoS0SubroiZ15683136Y78409408X1097612544Difficultsoma_pred_affs/4859 with read ROI [6992:8560, 6992:8560, 1232:2800] (1568, 1568, 1568) and write ROI [7488:8064, 7488:8064, 1728:2304] (576, 576, 576)
Recording block-done for octoS0SubroiZ15683136Y78409408X1097612544Difficultsoma_pred_affs/6993 with read ROI [6992:8560, 8720:10288, 1808:3376] (1568, 1568, 1568) and write ROI [7488:8064, 9216:9792, 2304:2880] (576, 576, 576)
Recorded block-done for octoS0SubroiZ15683136Y78409408X1097612544Difficultsoma_pred_affs/6993 with read ROI [6992:8560, 8720:10288, 1808:3376] (1568, 1568, 1568) and write ROI [7488:8064, 9216:9792, 2304:2880] (576, 576, 576)
Recording block-done for octoS0SubroiZ15683136Y78409408X1097612544Difficultsoma_pred_affs/8855 with read ROI [6992:8560, 8144:9712, 4112:5680] (1568, 1568, 1568) and write ROI [7488:8064, 8640:9216, 4608:5184] (576, 576, 576)
Recorded block-done for octoS0SubroiZ15683136Y78409408X1097612544Difficultsoma_pred_affs/8855 with read ROI [6992:8560, 8144:9712, 4112:5680] (1568, 1568, 1568) and write ROI [7488:8064, 8640:9216, 4608:5184] (576, 576, 576)
Recording block-done for octoS0SubroiZ15683136Y78409408X1097612544Difficultsoma_pred_affs/20078 with read ROI [6992:8560, 9296:10864, 9872:11440] (1568, 1568, 1568) and write ROI [7488:8064, 9792:10368, 10368:10944] (576, 576, 576)
Recorded block-done for octoS0SubroiZ15683136Y78409408X1097612544Difficultsoma_pred_affs/20078 with read ROI [6992:8560, 9296:10864, 9872:11440] (1568, 1568, 1568) and write ROI [7488:8064, 9792:10368, 10368:10944] (576, 576, 576)
Recording block-done for octoS0SubroiZ15683136Y78409408X1097612544Difficultsoma_pred_affs/2734 with read ROI [7568:9136, 80:1648, 4688:6256] (1568, 1568, 1568) and write ROI [8064:8640, 576:1152, 5184:5760] (576, 576, 576)
Recorded block-done for octoS0SubroiZ15683136Y78409408X1097612544Difficultsoma_pred_affs/2734 with read ROI [7568:9136, 80:1648, 4688:6256] (1568, 1568, 1568) and write ROI [8064:8640, 576:1152, 5184:5760] (576, 576, 576)
Recording block-done for octoS0SubroiZ15683136Y78409408X1097612544Difficultsoma_pred_affs/1725 with read ROI [7568:9136, 1808:3376, 656:2224] (1568, 1568, 1568) and write ROI [8064:8640, 2304:2880, 1152:1728] (576, 576, 576)
Recorded block-done for octoS0SubroiZ15683136Y78409408X1097612544Difficultsoma_pred_affs/1725 with read ROI [7568:9136, 1808:3376, 656:2224] (1568, 1568, 1568) and write ROI [8064:8640, 2304:2880, 1152:1728] (576, 576, 576)
Recording block-done for octoS0SubroiZ15683136Y78409408X1097612544Difficultsoma_pred_affs/10421 with read ROI [6992:8560, 10448:12016, 2960:4528] (1568, 1568, 1568) and write ROI [7488:8064, 10944:11520, 3456:4032] (576, 576, 576)
Recorded block-done for octoS0SubroiZ15683136Y78409408X1097612544Difficultsoma_pred_affs/10421 with read ROI [6992:8560, 10448:12016, 2960:4528] (1568, 1568, 1568) and write ROI [7488:8064, 10944:11520, 3456:4032] (576, 576, 576)
Recording block-done for octoS0SubroiZ15683136Y78409408X1097612544Difficultsoma_pred_affs/5110 with read ROI [7568:9136, 656:2224, 7568:9136] (1568, 1568, 1568) and write ROI [8064:8640, 1152:1728, 8064:8640] (576, 576, 576)
Recorded block-done for octoS0SubroiZ15683136Y78409408X1097612544Difficultsoma_pred_affs/5110 with read ROI [7568:9136, 656:2224, 7568:9136] (1568, 1568, 1568) and write ROI [8064:8640, 1152:1728, 8064:8640] (576, 576, 576)
Recording block-done for octoS0SubroiZ15683136Y78409408X1097612544Difficultsoma_pred_affs/16756 with read ROI [6992:8560, 10448:12016, 6992:8560] (1568, 1568, 1568) and write ROI [7488:8064, 10944:11520, 7488:8064] (576, 576, 576)
Recorded block-done for octoS0SubroiZ15683136Y78409408X1097612544Difficultsoma_pred_affs/16756 with read ROI [6992:8560, 10448:12016, 6992:8560] (1568, 1568, 1568) and write ROI [7488:8064, 10944:11520, 7488:8064] (576, 576, 576)
Recording block-done for octoS0SubroiZ15683136Y78409408X1097612544Difficultsoma_pred_affs/11770 with read ROI [7568:9136, 4688:6256, 9296:10864] (1568, 1568, 1568) and write ROI [8064:8640, 5184:5760, 9792:10368] (576, 576, 576)
Recorded block-done for octoS0SubroiZ15683136Y78409408X1097612544Difficultsoma_pred_affs/11770 with read ROI [7568:9136, 4688:6256, 9296:10864] (1568, 1568, 1568) and write ROI [8064:8640, 5184:5760, 9792:10368] (576, 576, 576)
Recording block-done for octoS0SubroiZ15683136Y78409408X1097612544Difficultsoma_pred_affs/11747 with read ROI [7568:9136, 4112:5680, 9872:11440] (1568, 1568, 1568) and write ROI [8064:8640, 4608:5184, 10368:10944] (576, 576, 576)
Recorded block-done for octoS0SubroiZ15683136Y78409408X1097612544Difficultsoma_pred_affs/11747 with read ROI [7568:9136, 4112:5680, 9872:11440] (1568, 1568, 1568) and write ROI [8064:8640, 4608:5184, 10368:10944] (576, 576, 576)
Recording block-done for octoS0SubroiZ15683136Y78409408X1097612544Difficultsoma_pred_affs/3944 with read ROI [7568:9136, 4688:6256, 1808:3376] (1568, 1568, 1568) and write ROI [8064:8640, 5184:5760, 2304:2880] (576, 576, 576)
Recorded block-done for octoS0SubroiZ15683136Y78409408X1097612544Difficultsoma_pred_affs/3944 with read ROI [7568:9136, 4688:6256, 1808:3376] (1568, 1568, 1568) and write ROI [8064:8640, 5184:5760, 2304:2880] (576, 576, 576)
Recording block-done for octoS0SubroiZ15683136Y78409408X1097612544Difficultsoma_pred_affs/8660 with read ROI [7568:9136, 2960:4528, 8720:10288] (1568, 1568, 1568) and write ROI [8064:8640, 3456:4032, 9216:9792] (576, 576, 576)
Recorded block-done for octoS0SubroiZ15683136Y78409408X1097612544Difficultsoma_pred_affs/8660 with read ROI [7568:9136, 2960:4528, 8720:10288] (1568, 1568, 1568) and write ROI [8064:8640, 3456:4032, 9216:9792] (576, 576, 576)
Recording block-done for octoS0SubroiZ15683136Y78409408X1097612544Difficultsoma_pred_affs/4019 with read ROI [7568:9136, 6416:7984, 80:1648] (1568, 1568, 1568) and write ROI [8064:8640, 6912:7488, 576:1152] (576, 576, 576)
Recorded block-done for octoS0SubroiZ15683136Y78409408X1097612544Difficultsoma_pred_affs/4019 with read ROI [7568:9136, 6416:7984, 80:1648] (1568, 1568, 1568) and write ROI [8064:8640, 6912:7488, 576:1152] (576, 576, 576)
Recording block-done for octoS0SubroiZ15683136Y78409408X1097612544Difficultsoma_pred_affs/6349 with read ROI [7568:9136, 6416:7984, 2960:4528] (1568, 1568, 1568) and write ROI [8064:8640, 6912:7488, 3456:4032] (576, 576, 576)
Recorded block-done for octoS0SubroiZ15683136Y78409408X1097612544Difficultsoma_pred_affs/6349 with read ROI [7568:9136, 6416:7984, 2960:4528] (1568, 1568, 1568) and write ROI [8064:8640, 6912:7488, 3456:4032] (576, 576, 576)
Recording block-done for octoS0SubroiZ15683136Y78409408X1097612544Difficultsoma_pred_affs/5848 with read ROI [7568:9136, 6992:8560, 1808:3376] (1568, 1568, 1568) and write ROI [8064:8640, 7488:8064, 2304:2880] (576, 576, 576)
Recorded block-done for octoS0SubroiZ15683136Y78409408X1097612544Difficultsoma_pred_affs/5848 with read ROI [7568:9136, 6992:8560, 1808:3376] (1568, 1568, 1568) and write ROI [8064:8640, 7488:8064, 2304:2880] (576, 576, 576)
Recording block-done for octoS0SubroiZ15683136Y78409408X1097612544Difficultsoma_pred_affs/4887 with read ROI [7568:9136, 6992:8560, 656:2224] (1568, 1568, 1568) and write ROI [8064:8640, 7488:8064, 1152:1728] (576, 576, 576)
Recorded block-done for octoS0SubroiZ15683136Y78409408X1097612544Difficultsoma_pred_affs/4887 with read ROI [7568:9136, 6992:8560, 656:2224] (1568, 1568, 1568) and write ROI [8064:8640, 7488:8064, 1152:1728] (576, 576, 576)
Recording block-done for octoS0SubroiZ15683136Y78409408X1097612544Difficultsoma_pred_affs/4452 with read ROI [7568:9136, 6992:8560, 80:1648] (1568, 1568, 1568) and write ROI [8064:8640, 7488:8064, 576:1152] (576, 576, 576)
Recorded block-done for octoS0SubroiZ15683136Y78409408X1097612544Difficultsoma_pred_affs/4452 with read ROI [7568:9136, 6992:8560, 80:1648] (1568, 1568, 1568) and write ROI [8064:8640, 7488:8064, 576:1152] (576, 576, 576)
Recording block-done for octoS0SubroiZ15683136Y78409408X1097612544Difficultsoma_pred_affs/16664 with read ROI [7568:9136, 8144:9712, 8720:10288] (1568, 1568, 1568) and write ROI [8064:8640, 8640:9216, 9216:9792] (576, 576, 576)
Recorded block-done for octoS0SubroiZ15683136Y78409408X1097612544Difficultsoma_pred_affs/16664 with read ROI [7568:9136, 8144:9712, 8720:10288] (1568, 1568, 1568) and write ROI [8064:8640, 8640:9216, 9216:9792] (576, 576, 576)
Recording block-done for octoS0SubroiZ15683136Y78409408X1097612544Difficultsoma_pred_affs/9714 with read ROI [7568:9136, 10448:12016, 1808:3376] (1568, 1568, 1568) and write ROI [8064:8640, 10944:11520, 2304:2880] (576, 576, 576)
Recorded block-done for octoS0SubroiZ15683136Y78409408X1097612544Difficultsoma_pred_affs/9714 with read ROI [7568:9136, 10448:12016, 1808:3376] (1568, 1568, 1568) and write ROI [8064:8640, 10944:11520, 2304:2880] (576, 576, 576)
Recording block-done for octoS0SubroiZ15683136Y78409408X1097612544Difficultsoma_pred_affs/8345 with read ROI [7568:9136, 10448:12016, 656:2224] (1568, 1568, 1568) and write ROI [8064:8640, 10944:11520, 1152:1728] (576, 576, 576)
Recorded block-done for octoS0SubroiZ15683136Y78409408X1097612544Difficultsoma_pred_affs/8345 with read ROI [7568:9136, 10448:12016, 656:2224] (1568, 1568, 1568) and write ROI [8064:8640, 10944:11520, 1152:1728] (576, 576, 576)
Recording block-done for octoS0SubroiZ15683136Y78409408X1097612544Difficultsoma_pred_affs/12916 with read ROI [7568:9136, 10448:12016, 4112:5680] (1568, 1568, 1568) and write ROI [8064:8640, 10944:11520, 4608:5184] (576, 576, 576)
Recorded block-done for octoS0SubroiZ15683136Y78409408X1097612544Difficultsoma_pred_affs/12916 with read ROI [7568:9136, 10448:12016, 4112:5680] (1568, 1568, 1568) and write ROI [8064:8640, 10944:11520, 4608:5184] (576, 576, 576)
Recording block-done for octoS0SubroiZ15683136Y78409408X1097612544Difficultsoma_pred_affs/2505 with read ROI [8144:9712, 1808:3376, 1808:3376] (1568, 1568, 1568) and write ROI [8640:9216, 2304:2880, 2304:2880] (576, 576, 576)
Recorded block-done for octoS0SubroiZ15683136Y78409408X1097612544Difficultsoma_pred_affs/2505 with read ROI [8144:9712, 1808:3376, 1808:3376] (1568, 1568, 1568) and write ROI [8640:9216, 2304:2880, 2304:2880] (576, 576, 576)
Recording block-done for octoS0SubroiZ15683136Y78409408X1097612544Difficultsoma_pred_affs/9344 with read ROI [8144:9712, 1808:3376, 9872:11440] (1568, 1568, 1568) and write ROI [8640:9216, 2304:2880, 10368:10944] (576, 576, 576)
Recorded block-done for octoS0SubroiZ15683136Y78409408X1097612544Difficultsoma_pred_affs/9344 with read ROI [8144:9712, 1808:3376, 9872:11440] (1568, 1568, 1568) and write ROI [8640:9216, 2304:2880, 10368:10944] (576, 576, 576)
Recording block-done for octoS0SubroiZ15683136Y78409408X1097612544Difficultsoma_pred_affs/3994 with read ROI [8144:9712, 5264:6832, 656:2224] (1568, 1568, 1568) and write ROI [8640:9216, 5760:6336, 1152:1728] (576, 576, 576)
Recorded block-done for octoS0SubroiZ15683136Y78409408X1097612544Difficultsoma_pred_affs/3994 with read ROI [8144:9712, 5264:6832, 656:2224] (1568, 1568, 1568) and write ROI [8640:9216, 5760:6336, 1152:1728] (576, 576, 576)
Recording block-done for octoS0SubroiZ15683136Y78409408X1097612544Difficultsoma_pred_affs/7506 with read ROI [8144:9712, 5840:7408, 4112:5680] (1568, 1568, 1568) and write ROI [8640:9216, 6336:6912, 4608:5184] (576, 576, 576)
Recorded block-done for octoS0SubroiZ15683136Y78409408X1097612544Difficultsoma_pred_affs/7506 with read ROI [8144:9712, 5840:7408, 4112:5680] (1568, 1568, 1568) and write ROI [8640:9216, 6336:6912, 4608:5184] (576, 576, 576)
Recording block-done for octoS0SubroiZ15683136Y78409408X1097612544Difficultsoma_pred_affs/9385 with read ROI [8144:9712, 2960:4528, 8720:10288] (1568, 1568, 1568) and write ROI [8640:9216, 3456:4032, 9216:9792] (576, 576, 576)
Recorded block-done for octoS0SubroiZ15683136Y78409408X1097612544Difficultsoma_pred_affs/9385 with read ROI [8144:9712, 2960:4528, 8720:10288] (1568, 1568, 1568) and write ROI [8640:9216, 3456:4032, 9216:9792] (576, 576, 576)
Recording block-done for octoS0SubroiZ15683136Y78409408X1097612544Difficultsoma_pred_affs/10928 with read ROI [8144:9712, 3536:5104, 9296:10864] (1568, 1568, 1568) and write ROI [8640:9216, 4032:4608, 9792:10368] (576, 576, 576)
Recorded block-done for octoS0SubroiZ15683136Y78409408X1097612544Difficultsoma_pred_affs/10928 with read ROI [8144:9712, 3536:5104, 9296:10864] (1568, 1568, 1568) and write ROI [8640:9216, 4032:4608, 9792:10368] (576, 576, 576)
Recording block-done for octoS0SubroiZ15683136Y78409408X1097612544Difficultsoma_pred_affs/4888 with read ROI [8144:9712, 6416:7984, 656:2224] (1568, 1568, 1568) and write ROI [8640:9216, 6912:7488, 1152:1728] (576, 576, 576)
Recorded block-done for octoS0SubroiZ15683136Y78409408X1097612544Difficultsoma_pred_affs/4888 with read ROI [8144:9712, 6416:7984, 656:2224] (1568, 1568, 1568) and write ROI [8640:9216, 6912:7488, 1152:1728] (576, 576, 576)
Recording block-done for octoS0SubroiZ15683136Y78409408X1097612544Difficultsoma_pred_affs/3900 with read ROI [8144:9712, 2960:4528, 2960:4528] (1568, 1568, 1568) and write ROI [8640:9216, 3456:4032, 3456:4032] (576, 576, 576)
Recorded block-done for octoS0SubroiZ15683136Y78409408X1097612544Difficultsoma_pred_affs/3900 with read ROI [8144:9712, 2960:4528, 2960:4528] (1568, 1568, 1568) and write ROI [8640:9216, 3456:4032, 3456:4032] (576, 576, 576)
Recording block-done for octoS0SubroiZ15683136Y78409408X1097612544Difficultsoma_pred_affs/12917 with read ROI [8144:9712, 9872:11440, 4112:5680] (1568, 1568, 1568) and write ROI [8640:9216, 10368:10944, 4608:5184] (576, 576, 576)
Recorded block-done for octoS0SubroiZ15683136Y78409408X1097612544Difficultsoma_pred_affs/12917 with read ROI [8144:9712, 9872:11440, 4112:5680] (1568, 1568, 1568) and write ROI [8640:9216, 10368:10944, 4608:5184] (576, 576, 576)
Recording block-done for octoS0SubroiZ15683136Y78409408X1097612544Difficultsoma_pred_affs/7025 with read ROI [8144:9712, 8144:9712, 1232:2800] (1568, 1568, 1568) and write ROI [8640:9216, 8640:9216, 1728:2304] (576, 576, 576)
Recorded block-done for octoS0SubroiZ15683136Y78409408X1097612544Difficultsoma_pred_affs/7025 with read ROI [8144:9712, 8144:9712, 1232:2800] (1568, 1568, 1568) and write ROI [8640:9216, 8640:9216, 1728:2304] (576, 576, 576)
Recording block-done for octoS0SubroiZ15683136Y78409408X1097612544Difficultsoma_pred_affs/11960 with read ROI [8144:9712, 8144:9712, 5264:6832] (1568, 1568, 1568) and write ROI [8640:9216, 8640:9216, 5760:6336] (576, 576, 576)
Recorded block-done for octoS0SubroiZ15683136Y78409408X1097612544Difficultsoma_pred_affs/11960 with read ROI [8144:9712, 8144:9712, 5264:6832] (1568, 1568, 1568) and write ROI [8640:9216, 8640:9216, 5760:6336] (576, 576, 576)
Recording block-done for octoS0SubroiZ15683136Y78409408X1097612544Difficultsoma_pred_affs/10301 with read ROI [8144:9712, 6992:8560, 5264:6832] (1568, 1568, 1568) and write ROI [8640:9216, 7488:8064, 5760:6336] (576, 576, 576)
Recorded block-done for octoS0SubroiZ15683136Y78409408X1097612544Difficultsoma_pred_affs/10301 with read ROI [8144:9712, 6992:8560, 5264:6832] (1568, 1568, 1568) and write ROI [8640:9216, 7488:8064, 5760:6336] (576, 576, 576)
Recording block-done for octoS0SubroiZ15683136Y78409408X1097612544Difficultsoma_pred_affs/9046 with read ROI [8144:9712, 10448:12016, 656:2224] (1568, 1568, 1568) and write ROI [8640:9216, 10944:11520, 1152:1728] (576, 576, 576)
Recorded block-done for octoS0SubroiZ15683136Y78409408X1097612544Difficultsoma_pred_affs/9046 with read ROI [8144:9712, 10448:12016, 656:2224] (1568, 1568, 1568) and write ROI [8640:9216, 10944:11520, 1152:1728] (576, 576, 576)
Recording block-done for octoS0SubroiZ15683136Y78409408X1097612544Difficultsoma_pred_affs/22710 with read ROI [8144:9712, 10448:12016, 8720:10288] (1568, 1568, 1568) and write ROI [8640:9216, 10944:11520, 9216:9792] (576, 576, 576)
Recorded block-done for octoS0SubroiZ15683136Y78409408X1097612544Difficultsoma_pred_affs/22710 with read ROI [8144:9712, 10448:12016, 8720:10288] (1568, 1568, 1568) and write ROI [8640:9216, 10944:11520, 9216:9792] (576, 576, 576)
Recording block-done for octoS0SubroiZ15683136Y78409408X1097612544Difficultsoma_pred_affs/5725 with read ROI [8720:10288, 2960:4528, 4688:6256] (1568, 1568, 1568) and write ROI [9216:9792, 3456:4032, 5184:5760] (576, 576, 576)
Recorded block-done for octoS0SubroiZ15683136Y78409408X1097612544Difficultsoma_pred_affs/5725 with read ROI [8720:10288, 2960:4528, 4688:6256] (1568, 1568, 1568) and write ROI [9216:9792, 3456:4032, 5184:5760] (576, 576, 576)
Recording block-done for octoS0SubroiZ15683136Y78409408X1097612544Difficultsoma_pred_affs/3194 with read ROI [8720:10288, 2960:4528, 1232:2800] (1568, 1568, 1568) and write ROI [9216:9792, 3456:4032, 1728:2304] (576, 576, 576)
Recorded block-done for octoS0SubroiZ15683136Y78409408X1097612544Difficultsoma_pred_affs/3194 with read ROI [8720:10288, 2960:4528, 1232:2800] (1568, 1568, 1568) and write ROI [9216:9792, 3456:4032, 1728:2304] (576, 576, 576)
Recording block-done for octoS0SubroiZ15683136Y78409408X1097612544Difficultsoma_pred_affs/3131 with read ROI [8720:10288, 1232:2800, 2960:4528] (1568, 1568, 1568) and write ROI [9216:9792, 1728:2304, 3456:4032] (576, 576, 576)
Recorded block-done for octoS0SubroiZ15683136Y78409408X1097612544Difficultsoma_pred_affs/3131 with read ROI [8720:10288, 1232:2800, 2960:4528] (1568, 1568, 1568) and write ROI [9216:9792, 1728:2304, 3456:4032] (576, 576, 576)
Recording block-done for octoS0SubroiZ15683136Y78409408X1097612544Difficultsoma_pred_affs/4329 with read ROI [8720:10288, 2960:4528, 2960:4528] (1568, 1568, 1568) and write ROI [9216:9792, 3456:4032, 3456:4032] (576, 576, 576)
Recorded block-done for octoS0SubroiZ15683136Y78409408X1097612544Difficultsoma_pred_affs/4329 with read ROI [8720:10288, 2960:4528, 2960:4528] (1568, 1568, 1568) and write ROI [9216:9792, 3456:4032, 3456:4032] (576, 576, 576)
Recording block-done for octoS0SubroiZ15683136Y78409408X1097612544Difficultsoma_pred_affs/4787 with read ROI [8720:10288, 3536:5104, 2960:4528] (1568, 1568, 1568) and write ROI [9216:9792, 4032:4608, 3456:4032] (576, 576, 576)
Recorded block-done for octoS0SubroiZ15683136Y78409408X1097612544Difficultsoma_pred_affs/4787 with read ROI [8720:10288, 3536:5104, 2960:4528] (1568, 1568, 1568) and write ROI [9216:9792, 4032:4608, 3456:4032] (576, 576, 576)
Recording block-done for octoS0SubroiZ15683136Y78409408X1097612544Difficultsoma_pred_affs/9785 with read ROI [8720:10288, 10448:12016, 656:2224] (1568, 1568, 1568) and write ROI [9216:9792, 10944:11520, 1152:1728] (576, 576, 576)
Recorded block-done for octoS0SubroiZ15683136Y78409408X1097612544Difficultsoma_pred_affs/9785 with read ROI [8720:10288, 10448:12016, 656:2224] (1568, 1568, 1568) and write ROI [9216:9792, 10944:11520, 1152:1728] (576, 576, 576)
Recording block-done for octoS0SubroiZ15683136Y78409408X1097612544Difficultsoma_pred_affs/9750 with read ROI [8720:10288, 9872:11440, 1232:2800] (1568, 1568, 1568) and write ROI [9216:9792, 10368:10944, 1728:2304] (576, 576, 576)
Recorded block-done for octoS0SubroiZ15683136Y78409408X1097612544Difficultsoma_pred_affs/9750 with read ROI [8720:10288, 9872:11440, 1232:2800] (1568, 1568, 1568) and write ROI [9216:9792, 10368:10944, 1728:2304] (576, 576, 576)
Recording block-done for octoS0SubroiZ15683136Y78409408X1097612544Difficultsoma_pred_affs/7621 with read ROI [8720:10288, 7568:9136, 1808:3376] (1568, 1568, 1568) and write ROI [9216:9792, 8064:8640, 2304:2880] (576, 576, 576)
Recorded block-done for octoS0SubroiZ15683136Y78409408X1097612544Difficultsoma_pred_affs/7621 with read ROI [8720:10288, 7568:9136, 1808:3376] (1568, 1568, 1568) and write ROI [9216:9792, 8064:8640, 2304:2880] (576, 576, 576)
Recording block-done for octoS0SubroiZ15683136Y78409408X1097612544Difficultsoma_pred_affs/21471 with read ROI [8720:10288, 10448:12016, 7568:9136] (1568, 1568, 1568) and write ROI [9216:9792, 10944:11520, 8064:8640] (576, 576, 576)
Recorded block-done for octoS0SubroiZ15683136Y78409408X1097612544Difficultsoma_pred_affs/21471 with read ROI [8720:10288, 10448:12016, 7568:9136] (1568, 1568, 1568) and write ROI [9216:9792, 10944:11520, 8064:8640] (576, 576, 576)
Recording block-done for octoS0SubroiZ15683136Y78409408X1097612544Difficultsoma_pred_affs/9620 with read ROI [8720:10288, 7568:9136, 3536:5104] (1568, 1568, 1568) and write ROI [9216:9792, 8064:8640, 4032:4608] (576, 576, 576)
Recorded block-done for octoS0SubroiZ15683136Y78409408X1097612544Difficultsoma_pred_affs/9620 with read ROI [8720:10288, 7568:9136, 3536:5104] (1568, 1568, 1568) and write ROI [9216:9792, 8064:8640, 4032:4608] (576, 576, 576)
Recording block-done for octoS0SubroiZ15683136Y78409408X1097612544Difficultsoma_pred_affs/9534 with read ROI [9296:10864, 5264:6832, 5264:6832] (1568, 1568, 1568) and write ROI [9792:10368, 5760:6336, 5760:6336] (576, 576, 576)
Recorded block-done for octoS0SubroiZ15683136Y78409408X1097612544Difficultsoma_pred_affs/9534 with read ROI [9296:10864, 5264:6832, 5264:6832] (1568, 1568, 1568) and write ROI [9792:10368, 5760:6336, 5760:6336] (576, 576, 576)
Recording block-done for octoS0SubroiZ15683136Y78409408X1097612544Difficultsoma_pred_affs/5798 with read ROI [9296:10864, 4112:5680, 2960:4528] (1568, 1568, 1568) and write ROI [9792:10368, 4608:5184, 3456:4032] (576, 576, 576)
Recorded block-done for octoS0SubroiZ15683136Y78409408X1097612544Difficultsoma_pred_affs/5798 with read ROI [9296:10864, 4112:5680, 2960:4528] (1568, 1568, 1568) and write ROI [9792:10368, 4608:5184, 3456:4032] (576, 576, 576)
Recording block-done for octoS0SubroiZ15683136Y78409408X1097612544Difficultsoma_pred_affs/4788 with read ROI [9296:10864, 2960:4528, 2960:4528] (1568, 1568, 1568) and write ROI [9792:10368, 3456:4032, 3456:4032] (576, 576, 576)
Recorded block-done for octoS0SubroiZ15683136Y78409408X1097612544Difficultsoma_pred_affs/4788 with read ROI [9296:10864, 2960:4528, 2960:4528] (1568, 1568, 1568) and write ROI [9792:10368, 3456:4032, 3456:4032] (576, 576, 576)
Recording block-done for octoS0SubroiZ15683136Y78409408X1097612544Difficultsoma_pred_affs/5277 with read ROI [9296:10864, 3536:5104, 2960:4528] (1568, 1568, 1568) and write ROI [9792:10368, 4032:4608, 3456:4032] (576, 576, 576)
Recorded block-done for octoS0SubroiZ15683136Y78409408X1097612544Difficultsoma_pred_affs/5277 with read ROI [9296:10864, 3536:5104, 2960:4528] (1568, 1568, 1568) and write ROI [9792:10368, 4032:4608, 3456:4032] (576, 576, 576)
Recording block-done for octoS0SubroiZ15683136Y78409408X1097612544Difficultsoma_pred_affs/9432 with read ROI [9296:10864, 2960:4528, 7568:9136] (1568, 1568, 1568) and write ROI [9792:10368, 3456:4032, 8064:8640] (576, 576, 576)
Recorded block-done for octoS0SubroiZ15683136Y78409408X1097612544Difficultsoma_pred_affs/9432 with read ROI [9296:10864, 2960:4528, 7568:9136] (1568, 1568, 1568) and write ROI [9792:10368, 3456:4032, 8064:8640] (576, 576, 576)
Recording block-done for octoS0SubroiZ15683136Y78409408X1097612544Difficultsoma_pred_affs/16827 with read ROI [9296:10864, 9296:10864, 5840:7408] (1568, 1568, 1568) and write ROI [9792:10368, 9792:10368, 6336:6912] (576, 576, 576)
Recorded block-done for octoS0SubroiZ15683136Y78409408X1097612544Difficultsoma_pred_affs/16827 with read ROI [9296:10864, 9296:10864, 5840:7408] (1568, 1568, 1568) and write ROI [9792:10368, 9792:10368, 6336:6912] (576, 576, 576)
Recording block-done for octoS0SubroiZ15683136Y78409408X1097612544Difficultsoma_pred_affs/25416 with read ROI [9296:10864, 9296:10864, 9872:11440] (1568, 1568, 1568) and write ROI [9792:10368, 9792:10368, 10368:10944] (576, 576, 576)
Recorded block-done for octoS0SubroiZ15683136Y78409408X1097612544Difficultsoma_pred_affs/25416 with read ROI [9296:10864, 9296:10864, 9872:11440] (1568, 1568, 1568) and write ROI [9792:10368, 9792:10368, 10368:10944] (576, 576, 576)
Recording block-done for octoS0SubroiZ15683136Y78409408X1097612544Difficultsoma_pred_affs/2508 with read ROI [9872:11440, 80:1648, 1808:3376] (1568, 1568, 1568) and write ROI [10368:10944, 576:1152, 2304:2880] (576, 576, 576)
Recorded block-done for octoS0SubroiZ15683136Y78409408X1097612544Difficultsoma_pred_affs/2508 with read ROI [9872:11440, 80:1648, 1808:3376] (1568, 1568, 1568) and write ROI [10368:10944, 576:1152, 2304:2880] (576, 576, 576)
Recording block-done for octoS0SubroiZ15683136Y78409408X1097612544Difficultsoma_pred_affs/6212 with read ROI [9872:11440, 656:2224, 6416:7984] (1568, 1568, 1568) and write ROI [10368:10944, 1152:1728, 6912:7488] (576, 576, 576)
Recorded block-done for octoS0SubroiZ15683136Y78409408X1097612544Difficultsoma_pred_affs/6212 with read ROI [9872:11440, 656:2224, 6416:7984] (1568, 1568, 1568) and write ROI [10368:10944, 1152:1728, 6912:7488] (576, 576, 576)
Recording block-done for octoS0SubroiZ15683136Y78409408X1097612544Difficultsoma_pred_affs/4331 with read ROI [9872:11440, 1808:3376, 2960:4528] (1568, 1568, 1568) and write ROI [10368:10944, 2304:2880, 3456:4032] (576, 576, 576)
Recorded block-done for octoS0SubroiZ15683136Y78409408X1097612544Difficultsoma_pred_affs/4331 with read ROI [9872:11440, 1808:3376, 2960:4528] (1568, 1568, 1568) and write ROI [10368:10944, 2304:2880, 3456:4032] (576, 576, 576)
Recording block-done for octoS0SubroiZ15683136Y78409408X1097612544Difficultsoma_pred_affs/8166 with read ROI [9872:11440, 4688:6256, 4112:5680] (1568, 1568, 1568) and write ROI [10368:10944, 5184:5760, 4608:5184] (576, 576, 576)
Recorded block-done for octoS0SubroiZ15683136Y78409408X1097612544Difficultsoma_pred_affs/8166 with read ROI [9872:11440, 4688:6256, 4112:5680] (1568, 1568, 1568) and write ROI [10368:10944, 5184:5760, 4608:5184] (576, 576, 576)
Recording block-done for octoS0SubroiZ15683136Y78409408X1097612544Difficultsoma_pred_affs/4838 with read ROI [9872:11440, 3536:5104, 1808:3376] (1568, 1568, 1568) and write ROI [10368:10944, 4032:4608, 2304:2880] (576, 576, 576)
Recorded block-done for octoS0SubroiZ15683136Y78409408X1097612544Difficultsoma_pred_affs/4838 with read ROI [9872:11440, 3536:5104, 1808:3376] (1568, 1568, 1568) and write ROI [10368:10944, 4032:4608, 2304:2880] (576, 576, 576)
Recording block-done for octoS0SubroiZ15683136Y78409408X1097612544Difficultsoma_pred_affs/13697 with read ROI [9872:11440, 5840:7408, 6992:8560] (1568, 1568, 1568) and write ROI [10368:10944, 6336:6912, 7488:8064] (576, 576, 576)
Recorded block-done for octoS0SubroiZ15683136Y78409408X1097612544Difficultsoma_pred_affs/13697 with read ROI [9872:11440, 5840:7408, 6992:8560] (1568, 1568, 1568) and write ROI [10368:10944, 6336:6912, 7488:8064] (576, 576, 576)
Recording block-done for octoS0SubroiZ15683136Y78409408X1097612544Difficultsoma_pred_affs/7059 with read ROI [9872:11440, 6992:8560, 656:2224] (1568, 1568, 1568) and write ROI [10368:10944, 7488:8064, 1152:1728] (576, 576, 576)
Recorded block-done for octoS0SubroiZ15683136Y78409408X1097612544Difficultsoma_pred_affs/7059 with read ROI [9872:11440, 6992:8560, 656:2224] (1568, 1568, 1568) and write ROI [10368:10944, 7488:8064, 1152:1728] (576, 576, 576)
Recording block-done for octoS0SubroiZ15683136Y78409408X1097612544Difficultsoma_pred_affs/7686 with read ROI [9872:11440, 7568:9136, 656:2224] (1568, 1568, 1568) and write ROI [10368:10944, 8064:8640, 1152:1728] (576, 576, 576)
Recorded block-done for octoS0SubroiZ15683136Y78409408X1097612544Difficultsoma_pred_affs/7686 with read ROI [9872:11440, 7568:9136, 656:2224] (1568, 1568, 1568) and write ROI [10368:10944, 8064:8640, 1152:1728] (576, 576, 576)
Recording block-done for octoS0SubroiZ15683136Y78409408X1097612544Difficultsoma_pred_affs/15759 with read ROI [9872:11440, 8144:9712, 5840:7408] (1568, 1568, 1568) and write ROI [10368:10944, 8640:9216, 6336:6912] (576, 576, 576)
Recorded block-done for octoS0SubroiZ15683136Y78409408X1097612544Difficultsoma_pred_affs/15759 with read ROI [9872:11440, 8144:9712, 5840:7408] (1568, 1568, 1568) and write ROI [10368:10944, 8640:9216, 6336:6912] (576, 576, 576)
Recording block-done for octoS0SubroiZ15683136Y78409408X1097612544Difficultsoma_pred_affs/25452 with read ROI [9872:11440, 9296:10864, 9296:10864] (1568, 1568, 1568) and write ROI [10368:10944, 9792:10368, 9792:10368] (576, 576, 576)
Recorded block-done for octoS0SubroiZ15683136Y78409408X1097612544Difficultsoma_pred_affs/25452 with read ROI [9872:11440, 9296:10864, 9296:10864] (1568, 1568, 1568) and write ROI [10368:10944, 9792:10368, 9792:10368] (576, 576, 576)
Recording block-done for octoS0SubroiZ15683136Y78409408X1097612544Difficultsoma_pred_affs/9653 with read ROI [9872:11440, 6992:8560, 2960:4528] (1568, 1568, 1568) and write ROI [10368:10944, 7488:8064, 3456:4032] (576, 576, 576)
Recorded block-done for octoS0SubroiZ15683136Y78409408X1097612544Difficultsoma_pred_affs/9653 with read ROI [9872:11440, 6992:8560, 2960:4528] (1568, 1568, 1568) and write ROI [10368:10944, 7488:8064, 3456:4032] (576, 576, 576)
Recording block-done for octoS0SubroiZ15683136Y78409408X1097612544Difficultsoma_pred_affs/3548 with read ROI [10448:12016, 1232:2800, 1808:3376] (1568, 1568, 1568) and write ROI [10944:11520, 1728:2304, 2304:2880] (576, 576, 576)
Recorded block-done for octoS0SubroiZ15683136Y78409408X1097612544Difficultsoma_pred_affs/3548 with read ROI [10448:12016, 1232:2800, 1808:3376] (1568, 1568, 1568) and write ROI [10944:11520, 1728:2304, 2304:2880] (576, 576, 576)
Recording block-done for octoS0SubroiZ15683136Y78409408X1097612544Difficultsoma_pred_affs/4379 with read ROI [10448:12016, 2384:3952, 1808:3376] (1568, 1568, 1568) and write ROI [10944:11520, 2880:3456, 2304:2880] (576, 576, 576)
Recorded block-done for octoS0SubroiZ15683136Y78409408X1097612544Difficultsoma_pred_affs/4379 with read ROI [10448:12016, 2384:3952, 1808:3376] (1568, 1568, 1568) and write ROI [10944:11520, 2880:3456, 2304:2880] (576, 576, 576)
Recording block-done for octoS0SubroiZ15683136Y78409408X1097612544Difficultsoma_pred_affs/5385 with read ROI [10448:12016, 4688:6256, 656:2224] (1568, 1568, 1568) and write ROI [10944:11520, 5184:5760, 1152:1728] (576, 576, 576)
Recorded block-done for octoS0SubroiZ15683136Y78409408X1097612544Difficultsoma_pred_affs/5385 with read ROI [10448:12016, 4688:6256, 656:2224] (1568, 1568, 1568) and write ROI [10944:11520, 5184:5760, 1152:1728] (576, 576, 576)
Recording block-done for octoS0SubroiZ15683136Y78409408X1097612544Difficultsoma_pred_affs/12685 with read ROI [10448:12016, 2960:4528, 8720:10288] (1568, 1568, 1568) and write ROI [10944:11520, 3456:4032, 9216:9792] (576, 576, 576)
Recorded block-done for octoS0SubroiZ15683136Y78409408X1097612544Difficultsoma_pred_affs/12685 with read ROI [10448:12016, 2960:4528, 8720:10288] (1568, 1568, 1568) and write ROI [10944:11520, 3456:4032, 9216:9792] (576, 576, 576)
Recording block-done for octoS0SubroiZ15683136Y78409408X1097612544Difficultsoma_pred_affs/8780 with read ROI [10448:12016, 2960:4528, 5840:7408] (1568, 1568, 1568) and write ROI [10944:11520, 3456:4032, 6336:6912] (576, 576, 576)
Recorded block-done for octoS0SubroiZ15683136Y78409408X1097612544Difficultsoma_pred_affs/8780 with read ROI [10448:12016, 2960:4528, 5840:7408] (1568, 1568, 1568) and write ROI [10944:11520, 3456:4032, 6336:6912] (576, 576, 576)
Recording block-done for octoS0SubroiZ15683136Y78409408X1097612544Difficultsoma_pred_affs/11382 with read ROI [10448:12016, 9872:11440, 656:2224] (1568, 1568, 1568) and write ROI [10944:11520, 10368:10944, 1152:1728] (576, 576, 576)
Recorded block-done for octoS0SubroiZ15683136Y78409408X1097612544Difficultsoma_pred_affs/11382 with read ROI [10448:12016, 9872:11440, 656:2224] (1568, 1568, 1568) and write ROI [10944:11520, 10368:10944, 1152:1728] (576, 576, 576)
Recording block-done for octoS0SubroiZ15683136Y78409408X1097612544Difficultsoma_pred_affs/12888 with read ROI [10448:12016, 6992:8560, 4688:6256] (1568, 1568, 1568) and write ROI [10944:11520, 7488:8064, 5184:5760] (576, 576, 576)
Recorded block-done for octoS0SubroiZ15683136Y78409408X1097612544Difficultsoma_pred_affs/12888 with read ROI [10448:12016, 6992:8560, 4688:6256] (1568, 1568, 1568) and write ROI [10944:11520, 7488:8064, 5184:5760] (576, 576, 576)
Recording block-done for octoS0SubroiZ15683136Y78409408X1097612544Difficultsoma_pred_affs/24006 with read ROI [10448:12016, 7568:9136, 9872:11440] (1568, 1568, 1568) and write ROI [10944:11520, 8064:8640, 10368:10944] (576, 576, 576)
Recorded block-done for octoS0SubroiZ15683136Y78409408X1097612544Difficultsoma_pred_affs/24006 with read ROI [10448:12016, 7568:9136, 9872:11440] (1568, 1568, 1568) and write ROI [10944:11520, 8064:8640, 10368:10944] (576, 576, 576)
Recording block-done for octoS0SubroiZ15683136Y78409408X1097612544Difficultsoma_pred_affs/18018 with read ROI [10448:12016, 9872:11440, 4688:6256] (1568, 1568, 1568) and write ROI [10944:11520, 10368:10944, 5184:5760] (576, 576, 576)
Recorded block-done for octoS0SubroiZ15683136Y78409408X1097612544Difficultsoma_pred_affs/18018 with read ROI [10448:12016, 9872:11440, 4688:6256] (1568, 1568, 1568) and write ROI [10944:11520, 10368:10944, 5184:5760] (576, 576, 576)
Recording block-done for octoS0SubroiZ15683136Y78409408X1097612544Difficultsoma_pred_affs/846 with read ROI [656:2224, 2384:3952, 4688:6256] (1568, 1568, 1568) and write ROI [1152:1728, 2880:3456, 5184:5760] (576, 576, 576)
Recorded block-done for octoS0SubroiZ15683136Y78409408X1097612544Difficultsoma_pred_affs/846 with read ROI [656:2224, 2384:3952, 4688:6256] (1568, 1568, 1568) and write ROI [1152:1728, 2880:3456, 5184:5760] (576, 576, 576)
Recording block-done for octoS0SubroiZ15683136Y78409408X1097612544Difficultsoma_pred_affs/6687 with read ROI [2960:4528, 5264:6832, 9296:10864] (1568, 1568, 1568) and write ROI [3456:4032, 5760:6336, 9792:10368] (576, 576, 576)
Recorded block-done for octoS0SubroiZ15683136Y78409408X1097612544Difficultsoma_pred_affs/6687 with read ROI [2960:4528, 5264:6832, 9296:10864] (1568, 1568, 1568) and write ROI [3456:4032, 5760:6336, 9792:10368] (576, 576, 576)
Recording block-done for octoS0SubroiZ15683136Y78409408X1097612544Difficultsoma_pred_affs/777 with read ROI [2960:4528, 3536:5104, 656:2224] (1568, 1568, 1568) and write ROI [3456:4032, 4032:4608, 1152:1728] (576, 576, 576)
Recorded block-done for octoS0SubroiZ15683136Y78409408X1097612544Difficultsoma_pred_affs/777 with read ROI [2960:4528, 3536:5104, 656:2224] (1568, 1568, 1568) and write ROI [3456:4032, 4032:4608, 1152:1728] (576, 576, 576)
Recording block-done for octoS0SubroiZ15683136Y78409408X1097612544Difficultsoma_pred_affs/4392 with read ROI [3536:5104, 9872:11440, 1232:2800] (1568, 1568, 1568) and write ROI [4032:4608, 10368:10944, 1728:2304] (576, 576, 576)
Recorded block-done for octoS0SubroiZ15683136Y78409408X1097612544Difficultsoma_pred_affs/4392 with read ROI [3536:5104, 9872:11440, 1232:2800] (1568, 1568, 1568) and write ROI [4032:4608, 10368:10944, 1728:2304] (576, 576, 576)
Recording block-done for octoS0SubroiZ15683136Y78409408X1097612544Difficultsoma_pred_affs/6180 with read ROI [2960:4528, 6992:8560, 6992:8560] (1568, 1568, 1568) and write ROI [3456:4032, 7488:8064, 7488:8064] (576, 576, 576)
Recorded block-done for octoS0SubroiZ15683136Y78409408X1097612544Difficultsoma_pred_affs/6180 with read ROI [2960:4528, 6992:8560, 6992:8560] (1568, 1568, 1568) and write ROI [3456:4032, 7488:8064, 7488:8064] (576, 576, 576)
Recording block-done for octoS0SubroiZ15683136Y78409408X1097612544Difficultsoma_pred_affs/11769 with read ROI [6992:8560, 5264:6832, 9296:10864] (1568, 1568, 1568) and write ROI [7488:8064, 5760:6336, 9792:10368] (576, 576, 576)
Recorded block-done for octoS0SubroiZ15683136Y78409408X1097612544Difficultsoma_pred_affs/11769 with read ROI [6992:8560, 5264:6832, 9296:10864] (1568, 1568, 1568) and write ROI [7488:8064, 5760:6336, 9792:10368] (576, 576, 576)
Recording block-done for octoS0SubroiZ15683136Y78409408X1097612544Difficultsoma_pred_affs/6297 with read ROI [6992:8560, 5840:7408, 4112:5680] (1568, 1568, 1568) and write ROI [7488:8064, 6336:6912, 4608:5184] (576, 576, 576)
Recorded block-done for octoS0SubroiZ15683136Y78409408X1097612544Difficultsoma_pred_affs/6297 with read ROI [6992:8560, 5840:7408, 4112:5680] (1568, 1568, 1568) and write ROI [7488:8064, 6336:6912, 4608:5184] (576, 576, 576)
Recording block-done for octoS0SubroiZ15683136Y78409408X1097612544Difficultsoma_pred_affs/20141 with read ROI [6992:8560, 10448:12016, 8720:10288] (1568, 1568, 1568) and write ROI [7488:8064, 10944:11520, 9216:9792] (576, 576, 576)
Recorded block-done for octoS0SubroiZ15683136Y78409408X1097612544Difficultsoma_pred_affs/20141 with read ROI [6992:8560, 10448:12016, 8720:10288] (1568, 1568, 1568) and write ROI [7488:8064, 10944:11520, 9216:9792] (576, 576, 576)
Recording block-done for octoS0SubroiZ15683136Y78409408X1097612544Difficultsoma_pred_affs/5165 with read ROI [8144:9712, 1808:3376, 5840:7408] (1568, 1568, 1568) and write ROI [8640:9216, 2304:2880, 6336:6912] (576, 576, 576)
Recorded block-done for octoS0SubroiZ15683136Y78409408X1097612544Difficultsoma_pred_affs/5165 with read ROI [8144:9712, 1808:3376, 5840:7408] (1568, 1568, 1568) and write ROI [8640:9216, 2304:2880, 6336:6912] (576, 576, 576)
Recording block-done for octoS0SubroiZ15683136Y78409408X1097612544Difficultsoma_pred_affs/3822 with read ROI [8144:9712, 656:2224, 5264:6832] (1568, 1568, 1568) and write ROI [8640:9216, 1152:1728, 5760:6336] (576, 576, 576)
Recorded block-done for octoS0SubroiZ15683136Y78409408X1097612544Difficultsoma_pred_affs/3822 with read ROI [8144:9712, 656:2224, 5264:6832] (1568, 1568, 1568) and write ROI [8640:9216, 1152:1728, 5760:6336] (576, 576, 576)
Recording block-done for octoS0SubroiZ15683136Y78409408X1097612544Difficultsoma_pred_affs/15572 with read ROI [7568:9136, 6992:8560, 9296:10864] (1568, 1568, 1568) and write ROI [8064:8640, 7488:8064, 9792:10368] (576, 576, 576)
Recorded block-done for octoS0SubroiZ15683136Y78409408X1097612544Difficultsoma_pred_affs/15572 with read ROI [7568:9136, 6992:8560, 9296:10864] (1568, 1568, 1568) and write ROI [8064:8640, 7488:8064, 9792:10368] (576, 576, 576)
Recording block-done for octoS0SubroiZ15683136Y78409408X1097612544Difficultsoma_pred_affs/2548 with read ROI [9296:10864, 1808:3376, 656:2224] (1568, 1568, 1568) and write ROI [9792:10368, 2304:2880, 1152:1728] (576, 576, 576)
Recorded block-done for octoS0SubroiZ15683136Y78409408X1097612544Difficultsoma_pred_affs/2548 with read ROI [9296:10864, 1808:3376, 656:2224] (1568, 1568, 1568) and write ROI [9792:10368, 2304:2880, 1152:1728] (576, 576, 576)
Recording block-done for octoS0SubroiZ15683136Y78409408X1097612544Difficultsoma_pred_affs/16636 with read ROI [8144:9712, 6992:8560, 9296:10864] (1568, 1568, 1568) and write ROI [8640:9216, 7488:8064, 9792:10368] (576, 576, 576)
Recorded block-done for octoS0SubroiZ15683136Y78409408X1097612544Difficultsoma_pred_affs/16636 with read ROI [8144:9712, 6992:8560, 9296:10864] (1568, 1568, 1568) and write ROI [8640:9216, 7488:8064, 9792:10368] (576, 576, 576)
