MtlsdModel(
  (unet): UNet(
    (l_conv): ModuleList(
      (0): ConvPass(
        (conv_pass): Sequential(
          (0): Conv3d(1, 12, kernel_size=(3, 3, 3), stride=(1, 1, 1))
          (1): ReLU()
          (2): Conv3d(12, 12, kernel_size=(3, 3, 3), stride=(1, 1, 1))
          (3): ReLU()
        )
      )
      (1): ConvPass(
        (conv_pass): Sequential(
          (0): Conv3d(12, 60, kernel_size=(3, 3, 3), stride=(1, 1, 1))
          (1): ReLU()
          (2): Conv3d(60, 60, kernel_size=(3, 3, 3), stride=(1, 1, 1))
          (3): ReLU()
        )
      )
      (2): ConvPass(
        (conv_pass): Sequential(
          (0): Conv3d(60, 300, kernel_size=(3, 3, 3), stride=(1, 1, 1))
          (1): ReLU()
          (2): Conv3d(300, 300, kernel_size=(3, 3, 3), stride=(1, 1, 1))
          (3): ReLU()
        )
      )
      (3): ConvPass(
        (conv_pass): Sequential(
          (0): Conv3d(300, 1500, kernel_size=(3, 3, 3), stride=(1, 1, 1))
          (1): ReLU()
          (2): Conv3d(1500, 1500, kernel_size=(3, 3, 3), stride=(1, 1, 1))
          (3): ReLU()
        )
      )
    )
    (l_down): ModuleList(
      (0): Downsample(
        (down): MaxPool3d(kernel_size=[2, 2, 2], stride=[2, 2, 2], padding=0, dilation=1, ceil_mode=False)
      )
      (1): Downsample(
        (down): MaxPool3d(kernel_size=[2, 2, 2], stride=[2, 2, 2], padding=0, dilation=1, ceil_mode=False)
      )
      (2): Downsample(
        (down): MaxPool3d(kernel_size=[3, 3, 3], stride=[3, 3, 3], padding=0, dilation=1, ceil_mode=False)
      )
    )
    (r_up): ModuleList(
      (0): ModuleList(
        (0): Upsample(
          (up): ConvTranspose3d(60, 60, kernel_size=(2, 2, 2), stride=(2, 2, 2))
        )
        (1): Upsample(
          (up): ConvTranspose3d(300, 300, kernel_size=(2, 2, 2), stride=(2, 2, 2))
        )
        (2): Upsample(
          (up): ConvTranspose3d(1500, 1500, kernel_size=(3, 3, 3), stride=(3, 3, 3))
        )
      )
    )
    (r_conv): ModuleList(
      (0): ModuleList(
        (0): ConvPass(
          (conv_pass): Sequential(
            (0): Conv3d(72, 12, kernel_size=(3, 3, 3), stride=(1, 1, 1))
            (1): ReLU()
            (2): Conv3d(12, 12, kernel_size=(3, 3, 3), stride=(1, 1, 1))
            (3): ReLU()
          )
        )
        (1): ConvPass(
          (conv_pass): Sequential(
            (0): Conv3d(360, 60, kernel_size=(3, 3, 3), stride=(1, 1, 1))
            (1): ReLU()
            (2): Conv3d(60, 60, kernel_size=(3, 3, 3), stride=(1, 1, 1))
            (3): ReLU()
          )
        )
        (2): ConvPass(
          (conv_pass): Sequential(
            (0): Conv3d(1800, 300, kernel_size=(3, 3, 3), stride=(1, 1, 1))
            (1): ReLU()
            (2): Conv3d(300, 300, kernel_size=(3, 3, 3), stride=(1, 1, 1))
            (3): ReLU()
          )
        )
      )
    )
  )
  (lsd_head): ConvPass(
    (conv_pass): Sequential(
      (0): Conv3d(12, 10, kernel_size=(1, 1, 1), stride=(1, 1, 1))
      (1): Sigmoid()
    )
  )
  (aff_head): ConvPass(
    (conv_pass): Sequential(
      (0): Conv3d(12, 3, kernel_size=(1, 1, 1), stride=(1, 1, 1))
      (1): Sigmoid()
    )
  )
)
Model Parameters: 155.160M
Saving outputs to /media/samia/DATA/ark/lsd_outputs/MTLSD/3d/run-aclsd-together/model_checkpoint_300000/octo-s0-subroi_z1568-3136_y7840-9408_x10976-12544_difficultsoma.zarr
Recording block-done for octoS0SubroiZ15683136Y78409408X1097612544Difficultsoma_pred_affs/60 with read ROI [80:1648, 80:1648, 1808:3376] (1568, 1568, 1568) and write ROI [576:1152, 576:1152, 2304:2880] (576, 576, 576)
Recorded block-done for octoS0SubroiZ15683136Y78409408X1097612544Difficultsoma_pred_affs/60 with read ROI [80:1648, 80:1648, 1808:3376] (1568, 1568, 1568) and write ROI [576:1152, 576:1152, 2304:2880] (576, 576, 576)
Recording block-done for octoS0SubroiZ15683136Y78409408X1097612544Difficultsoma_pred_affs/63 with read ROI [80:1648, 656:2224, 1232:2800] (1568, 1568, 1568) and write ROI [576:1152, 1152:1728, 1728:2304] (576, 576, 576)
Recorded block-done for octoS0SubroiZ15683136Y78409408X1097612544Difficultsoma_pred_affs/63 with read ROI [80:1648, 656:2224, 1232:2800] (1568, 1568, 1568) and write ROI [576:1152, 1152:1728, 1728:2304] (576, 576, 576)
Recording block-done for octoS0SubroiZ15683136Y78409408X1097612544Difficultsoma_pred_affs/1144 with read ROI [80:1648, 80:1648, 8720:10288] (1568, 1568, 1568) and write ROI [576:1152, 576:1152, 9216:9792] (576, 576, 576)
Recorded block-done for octoS0SubroiZ15683136Y78409408X1097612544Difficultsoma_pred_affs/1144 with read ROI [80:1648, 80:1648, 8720:10288] (1568, 1568, 1568) and write ROI [576:1152, 576:1152, 9216:9792] (576, 576, 576)
Recording block-done for octoS0SubroiZ15683136Y78409408X1097612544Difficultsoma_pred_affs/172 with read ROI [80:1648, 656:2224, 2960:4528] (1568, 1568, 1568) and write ROI [576:1152, 1152:1728, 3456:4032] (576, 576, 576)
Recorded block-done for octoS0SubroiZ15683136Y78409408X1097612544Difficultsoma_pred_affs/172 with read ROI [80:1648, 656:2224, 2960:4528] (1568, 1568, 1568) and write ROI [576:1152, 1152:1728, 3456:4032] (576, 576, 576)
Recording block-done for octoS0SubroiZ15683136Y78409408X1097612544Difficultsoma_pred_affs/459 with read ROI [80:1648, 80:1648, 5840:7408] (1568, 1568, 1568) and write ROI [576:1152, 576:1152, 6336:6912] (576, 576, 576)
Recorded block-done for octoS0SubroiZ15683136Y78409408X1097612544Difficultsoma_pred_affs/459 with read ROI [80:1648, 80:1648, 5840:7408] (1568, 1568, 1568) and write ROI [576:1152, 576:1152, 6336:6912] (576, 576, 576)
Recording block-done for octoS0SubroiZ15683136Y78409408X1097612544Difficultsoma_pred_affs/2031 with read ROI [80:1648, 656:2224, 10448:12016] (1568, 1568, 1568) and write ROI [576:1152, 1152:1728, 10944:11520] (576, 576, 576)
Recorded block-done for octoS0SubroiZ15683136Y78409408X1097612544Difficultsoma_pred_affs/2031 with read ROI [80:1648, 656:2224, 10448:12016] (1568, 1568, 1568) and write ROI [576:1152, 1152:1728, 10944:11520] (576, 576, 576)
Recording block-done for octoS0SubroiZ15683136Y78409408X1097612544Difficultsoma_pred_affs/67 with read ROI [80:1648, 1232:2800, 656:2224] (1568, 1568, 1568) and write ROI [576:1152, 1728:2304, 1152:1728] (576, 576, 576)
Recorded block-done for octoS0SubroiZ15683136Y78409408X1097612544Difficultsoma_pred_affs/67 with read ROI [80:1648, 1232:2800, 656:2224] (1568, 1568, 1568) and write ROI [576:1152, 1728:2304, 1152:1728] (576, 576, 576)
Recording block-done for octoS0SubroiZ15683136Y78409408X1097612544Difficultsoma_pred_affs/131 with read ROI [80:1648, 1232:2800, 1808:3376] (1568, 1568, 1568) and write ROI [576:1152, 1728:2304, 2304:2880] (576, 576, 576)
Recorded block-done for octoS0SubroiZ15683136Y78409408X1097612544Difficultsoma_pred_affs/131 with read ROI [80:1648, 1232:2800, 1808:3376] (1568, 1568, 1568) and write ROI [576:1152, 1728:2304, 2304:2880] (576, 576, 576)
Recording block-done for octoS0SubroiZ15683136Y78409408X1097612544Difficultsoma_pred_affs/176 with read ROI [80:1648, 1232:2800, 2384:3952] (1568, 1568, 1568) and write ROI [576:1152, 1728:2304, 2880:3456] (576, 576, 576)
Recorded block-done for octoS0SubroiZ15683136Y78409408X1097612544Difficultsoma_pred_affs/176 with read ROI [80:1648, 1232:2800, 2384:3952] (1568, 1568, 1568) and write ROI [576:1152, 1728:2304, 2880:3456] (576, 576, 576)
Recording block-done for octoS0SubroiZ15683136Y78409408X1097612544Difficultsoma_pred_affs/236 with read ROI [80:1648, 1808:3376, 2384:3952] (1568, 1568, 1568) and write ROI [576:1152, 2304:2880, 2880:3456] (576, 576, 576)
Recorded block-done for octoS0SubroiZ15683136Y78409408X1097612544Difficultsoma_pred_affs/236 with read ROI [80:1648, 1808:3376, 2384:3952] (1568, 1568, 1568) and write ROI [576:1152, 2304:2880, 2880:3456] (576, 576, 576)
Recording block-done for octoS0SubroiZ15683136Y78409408X1097612544Difficultsoma_pred_affs/696 with read ROI [80:1648, 1808:3376, 5264:6832] (1568, 1568, 1568) and write ROI [576:1152, 2304:2880, 5760:6336] (576, 576, 576)
Recorded block-done for octoS0SubroiZ15683136Y78409408X1097612544Difficultsoma_pred_affs/696 with read ROI [80:1648, 1808:3376, 5264:6832] (1568, 1568, 1568) and write ROI [576:1152, 2304:2880, 5760:6336] (576, 576, 576)
Recording block-done for octoS0SubroiZ15683136Y78409408X1097612544Difficultsoma_pred_affs/985 with read ROI [80:1648, 1808:3376, 6416:7984] (1568, 1568, 1568) and write ROI [576:1152, 2304:2880, 6912:7488] (576, 576, 576)
Recorded block-done for octoS0SubroiZ15683136Y78409408X1097612544Difficultsoma_pred_affs/985 with read ROI [80:1648, 1808:3376, 6416:7984] (1568, 1568, 1568) and write ROI [576:1152, 2304:2880, 6912:7488] (576, 576, 576)
Recording block-done for octoS0SubroiZ15683136Y78409408X1097612544Difficultsoma_pred_affs/1156 with read ROI [80:1648, 1808:3376, 6992:8560] (1568, 1568, 1568) and write ROI [576:1152, 2304:2880, 7488:8064] (576, 576, 576)
Recorded block-done for octoS0SubroiZ15683136Y78409408X1097612544Difficultsoma_pred_affs/1156 with read ROI [80:1648, 1808:3376, 6992:8560] (1568, 1568, 1568) and write ROI [576:1152, 2304:2880, 7488:8064] (576, 576, 576)
Recording block-done for octoS0SubroiZ15683136Y78409408X1097612544Difficultsoma_pred_affs/242 with read ROI [80:1648, 2384:3952, 1808:3376] (1568, 1568, 1568) and write ROI [576:1152, 2880:3456, 2304:2880] (576, 576, 576)
Recorded block-done for octoS0SubroiZ15683136Y78409408X1097612544Difficultsoma_pred_affs/242 with read ROI [80:1648, 2384:3952, 1808:3376] (1568, 1568, 1568) and write ROI [576:1152, 2880:3456, 2304:2880] (576, 576, 576)
Recording block-done for octoS0SubroiZ15683136Y78409408X1097612544Difficultsoma_pred_affs/991 with read ROI [80:1648, 2384:3952, 5840:7408] (1568, 1568, 1568) and write ROI [576:1152, 2880:3456, 6336:6912] (576, 576, 576)
Recorded block-done for octoS0SubroiZ15683136Y78409408X1097612544Difficultsoma_pred_affs/991 with read ROI [80:1648, 2384:3952, 5840:7408] (1568, 1568, 1568) and write ROI [576:1152, 2880:3456, 6336:6912] (576, 576, 576)
Recording block-done for octoS0SubroiZ15683136Y78409408X1097612544Difficultsoma_pred_affs/2622 with read ROI [80:1648, 2384:3952, 9872:11440] (1568, 1568, 1568) and write ROI [576:1152, 2880:3456, 10368:10944] (576, 576, 576)
Recorded block-done for octoS0SubroiZ15683136Y78409408X1097612544Difficultsoma_pred_affs/2622 with read ROI [80:1648, 2384:3952, 9872:11440] (1568, 1568, 1568) and write ROI [576:1152, 2880:3456, 10368:10944] (576, 576, 576)
Recording block-done for octoS0SubroiZ15683136Y78409408X1097612544Difficultsoma_pred_affs/2046 with read ROI [80:1648, 2384:3952, 8720:10288] (1568, 1568, 1568) and write ROI [576:1152, 2880:3456, 9216:9792] (576, 576, 576)
Recorded block-done for octoS0SubroiZ15683136Y78409408X1097612544Difficultsoma_pred_affs/2046 with read ROI [80:1648, 2384:3952, 8720:10288] (1568, 1568, 1568) and write ROI [576:1152, 2880:3456, 9216:9792] (576, 576, 576)
Recording block-done for octoS0SubroiZ15683136Y78409408X1097612544Difficultsoma_pred_affs/1169 with read ROI [80:1648, 2960:4528, 5840:7408] (1568, 1568, 1568) and write ROI [576:1152, 3456:4032, 6336:6912] (576, 576, 576)
Recorded block-done for octoS0SubroiZ15683136Y78409408X1097612544Difficultsoma_pred_affs/1169 with read ROI [80:1648, 2960:4528, 5840:7408] (1568, 1568, 1568) and write ROI [576:1152, 3456:4032, 6336:6912] (576, 576, 576)
Recording block-done for octoS0SubroiZ15683136Y78409408X1097612544Difficultsoma_pred_affs/2329 with read ROI [80:1648, 2960:4528, 8720:10288] (1568, 1568, 1568) and write ROI [576:1152, 3456:4032, 9216:9792] (576, 576, 576)
Recorded block-done for octoS0SubroiZ15683136Y78409408X1097612544Difficultsoma_pred_affs/2329 with read ROI [80:1648, 2960:4528, 8720:10288] (1568, 1568, 1568) and write ROI [576:1152, 3456:4032, 9216:9792] (576, 576, 576)
Recording block-done for octoS0SubroiZ15683136Y78409408X1097612544Difficultsoma_pred_affs/257 with read ROI [80:1648, 3536:5104, 656:2224] (1568, 1568, 1568) and write ROI [576:1152, 4032:4608, 1152:1728] (576, 576, 576)
Recorded block-done for octoS0SubroiZ15683136Y78409408X1097612544Difficultsoma_pred_affs/257 with read ROI [80:1648, 3536:5104, 656:2224] (1568, 1568, 1568) and write ROI [576:1152, 4032:4608, 1152:1728] (576, 576, 576)
Recording block-done for octoS0SubroiZ15683136Y78409408X1097612544Difficultsoma_pred_affs/323 with read ROI [80:1648, 3536:5104, 1232:2800] (1568, 1568, 1568) and write ROI [576:1152, 4032:4608, 1728:2304] (576, 576, 576)
Recorded block-done for octoS0SubroiZ15683136Y78409408X1097612544Difficultsoma_pred_affs/323 with read ROI [80:1648, 3536:5104, 1232:2800] (1568, 1568, 1568) and write ROI [576:1152, 4032:4608, 1728:2304] (576, 576, 576)
Recording block-done for octoS0SubroiZ15683136Y78409408X1097612544Difficultsoma_pred_affs/589 with read ROI [80:1648, 2960:4528, 3536:5104] (1568, 1568, 1568) and write ROI [576:1152, 3456:4032, 4032:4608] (576, 576, 576)
Recorded block-done for octoS0SubroiZ15683136Y78409408X1097612544Difficultsoma_pred_affs/589 with read ROI [80:1648, 2960:4528, 3536:5104] (1568, 1568, 1568) and write ROI [576:1152, 3456:4032, 4032:4608] (576, 576, 576)
Recording block-done for octoS0SubroiZ15683136Y78409408X1097612544Difficultsoma_pred_affs/2962 with read ROI [80:1648, 3536:5104, 9296:10864] (1568, 1568, 1568) and write ROI [576:1152, 4032:4608, 9792:10368] (576, 576, 576)
Recorded block-done for octoS0SubroiZ15683136Y78409408X1097612544Difficultsoma_pred_affs/2962 with read ROI [80:1648, 3536:5104, 9296:10864] (1568, 1568, 1568) and write ROI [576:1152, 4032:4608, 9792:10368] (576, 576, 576)
Recording block-done for octoS0SubroiZ15683136Y78409408X1097612544Difficultsoma_pred_affs/501 with read ROI [80:1648, 4112:5680, 1808:3376] (1568, 1568, 1568) and write ROI [576:1152, 4608:5184, 2304:2880] (576, 576, 576)
Recorded block-done for octoS0SubroiZ15683136Y78409408X1097612544Difficultsoma_pred_affs/501 with read ROI [80:1648, 4112:5680, 1808:3376] (1568, 1568, 1568) and write ROI [576:1152, 4608:5184, 2304:2880] (576, 576, 576)
Recording block-done for octoS0SubroiZ15683136Y78409408X1097612544Difficultsoma_pred_affs/606 with read ROI [80:1648, 4112:5680, 2384:3952] (1568, 1568, 1568) and write ROI [576:1152, 4608:5184, 2880:3456] (576, 576, 576)
Recorded block-done for octoS0SubroiZ15683136Y78409408X1097612544Difficultsoma_pred_affs/606 with read ROI [80:1648, 4112:5680, 2384:3952] (1568, 1568, 1568) and write ROI [576:1152, 4608:5184, 2880:3456] (576, 576, 576)
Recording block-done for octoS0SubroiZ15683136Y78409408X1097612544Difficultsoma_pred_affs/1015 with read ROI [80:1648, 4112:5680, 4112:5680] (1568, 1568, 1568) and write ROI [576:1152, 4608:5184, 4608:5184] (576, 576, 576)
Recorded block-done for octoS0SubroiZ15683136Y78409408X1097612544Difficultsoma_pred_affs/1015 with read ROI [80:1648, 4112:5680, 4112:5680] (1568, 1568, 1568) and write ROI [576:1152, 4608:5184, 4608:5184] (576, 576, 576)
Recording block-done for octoS0SubroiZ15683136Y78409408X1097612544Difficultsoma_pred_affs/1808 with read ROI [80:1648, 3536:5104, 6992:8560] (1568, 1568, 1568) and write ROI [576:1152, 4032:4608, 7488:8064] (576, 576, 576)
Recorded block-done for octoS0SubroiZ15683136Y78409408X1097612544Difficultsoma_pred_affs/1808 with read ROI [80:1648, 3536:5104, 6992:8560] (1568, 1568, 1568) and write ROI [576:1152, 4032:4608, 7488:8064] (576, 576, 576)
Recording block-done for octoS0SubroiZ15683136Y78409408X1097612544Difficultsoma_pred_affs/420 with read ROI [80:1648, 4688:6256, 656:2224] (1568, 1568, 1568) and write ROI [576:1152, 5184:5760, 1152:1728] (576, 576, 576)
Recorded block-done for octoS0SubroiZ15683136Y78409408X1097612544Difficultsoma_pred_affs/420 with read ROI [80:1648, 4688:6256, 656:2224] (1568, 1568, 1568) and write ROI [576:1152, 5184:5760, 1152:1728] (576, 576, 576)
Recording block-done for octoS0SubroiZ15683136Y78409408X1097612544Difficultsoma_pred_affs/511 with read ROI [80:1648, 4688:6256, 1232:2800] (1568, 1568, 1568) and write ROI [576:1152, 5184:5760, 1728:2304] (576, 576, 576)
Recorded block-done for octoS0SubroiZ15683136Y78409408X1097612544Difficultsoma_pred_affs/511 with read ROI [80:1648, 4688:6256, 1232:2800] (1568, 1568, 1568) and write ROI [576:1152, 5184:5760, 1728:2304] (576, 576, 576)
Recording block-done for octoS0SubroiZ15683136Y78409408X1097612544Difficultsoma_pred_affs/4116 with read ROI [80:1648, 4688:6256, 9872:11440] (1568, 1568, 1568) and write ROI [576:1152, 5184:5760, 10368:10944] (576, 576, 576)
Recorded block-done for octoS0SubroiZ15683136Y78409408X1097612544Difficultsoma_pred_affs/4116 with read ROI [80:1648, 4688:6256, 9872:11440] (1568, 1568, 1568) and write ROI [576:1152, 5184:5760, 10368:10944] (576, 576, 576)
Recording block-done for octoS0SubroiZ15683136Y78409408X1097612544Difficultsoma_pred_affs/872 with read ROI [80:1648, 4688:6256, 2960:4528] (1568, 1568, 1568) and write ROI [576:1152, 5184:5760, 3456:4032] (576, 576, 576)
Recorded block-done for octoS0SubroiZ15683136Y78409408X1097612544Difficultsoma_pred_affs/872 with read ROI [80:1648, 4688:6256, 2960:4528] (1568, 1568, 1568) and write ROI [576:1152, 5184:5760, 3456:4032] (576, 576, 576)
Recording block-done for octoS0SubroiZ15683136Y78409408X1097612544Difficultsoma_pred_affs/2356 with read ROI [80:1648, 4688:6256, 6992:8560] (1568, 1568, 1568) and write ROI [576:1152, 5184:5760, 7488:8064] (576, 576, 576)
Recorded block-done for octoS0SubroiZ15683136Y78409408X1097612544Difficultsoma_pred_affs/2356 with read ROI [80:1648, 4688:6256, 6992:8560] (1568, 1568, 1568) and write ROI [576:1152, 5184:5760, 7488:8064] (576, 576, 576)
Recording block-done for octoS0SubroiZ15683136Y78409408X1097612544Difficultsoma_pred_affs/1838 with read ROI [80:1648, 5264:6832, 5264:6832] (1568, 1568, 1568) and write ROI [576:1152, 5760:6336, 5760:6336] (576, 576, 576)
Recorded block-done for octoS0SubroiZ15683136Y78409408X1097612544Difficultsoma_pred_affs/1838 with read ROI [80:1648, 5264:6832, 5264:6832] (1568, 1568, 1568) and write ROI [576:1152, 5760:6336, 5760:6336] (576, 576, 576)
Recording block-done for octoS0SubroiZ15683136Y78409408X1097612544Difficultsoma_pred_affs/3343 with read ROI [80:1648, 5264:6832, 8144:9712] (1568, 1568, 1568) and write ROI [576:1152, 5760:6336, 8640:9216] (576, 576, 576)
Recorded block-done for octoS0SubroiZ15683136Y78409408X1097612544Difficultsoma_pred_affs/3343 with read ROI [80:1648, 5264:6832, 8144:9712] (1568, 1568, 1568) and write ROI [576:1152, 5760:6336, 8640:9216] (576, 576, 576)
Recording block-done for octoS0SubroiZ15683136Y78409408X1097612544Difficultsoma_pred_affs/2103 with read ROI [80:1648, 5840:7408, 5264:6832] (1568, 1568, 1568) and write ROI [576:1152, 6336:6912, 5760:6336] (576, 576, 576)
Recorded block-done for octoS0SubroiZ15683136Y78409408X1097612544Difficultsoma_pred_affs/2103 with read ROI [80:1648, 5840:7408, 5264:6832] (1568, 1568, 1568) and write ROI [576:1152, 6336:6912, 5760:6336] (576, 576, 576)
Recording block-done for octoS0SubroiZ15683136Y78409408X1097612544Difficultsoma_pred_affs/895 with read ROI [80:1648, 5840:7408, 1808:3376] (1568, 1568, 1568) and write ROI [576:1152, 6336:6912, 2304:2880] (576, 576, 576)
Recorded block-done for octoS0SubroiZ15683136Y78409408X1097612544Difficultsoma_pred_affs/895 with read ROI [80:1648, 5840:7408, 1808:3376] (1568, 1568, 1568) and write ROI [576:1152, 6336:6912, 2304:2880] (576, 576, 576)
Recording block-done for octoS0SubroiZ15683136Y78409408X1097612544Difficultsoma_pred_affs/3733 with read ROI [80:1648, 5840:7408, 8144:9712] (1568, 1568, 1568) and write ROI [576:1152, 6336:6912, 8640:9216] (576, 576, 576)
Recorded block-done for octoS0SubroiZ15683136Y78409408X1097612544Difficultsoma_pred_affs/3733 with read ROI [80:1648, 5840:7408, 8144:9712] (1568, 1568, 1568) and write ROI [576:1152, 6336:6912, 8640:9216] (576, 576, 576)
Recording block-done for octoS0SubroiZ15683136Y78409408X1097612544Difficultsoma_pred_affs/5039 with read ROI [80:1648, 5840:7408, 9872:11440] (1568, 1568, 1568) and write ROI [576:1152, 6336:6912, 10368:10944] (576, 576, 576)
Recorded block-done for octoS0SubroiZ15683136Y78409408X1097612544Difficultsoma_pred_affs/5039 with read ROI [80:1648, 5840:7408, 9872:11440] (1568, 1568, 1568) and write ROI [576:1152, 6336:6912, 10368:10944] (576, 576, 576)
Recording block-done for octoS0SubroiZ15683136Y78409408X1097612544Difficultsoma_pred_affs/1232 with read ROI [80:1648, 6416:7984, 2384:3952] (1568, 1568, 1568) and write ROI [576:1152, 6912:7488, 2880:3456] (576, 576, 576)
Recorded block-done for octoS0SubroiZ15683136Y78409408X1097612544Difficultsoma_pred_affs/1232 with read ROI [80:1648, 6416:7984, 2384:3952] (1568, 1568, 1568) and write ROI [576:1152, 6912:7488, 2880:3456] (576, 576, 576)
Recording block-done for octoS0SubroiZ15683136Y78409408X1097612544Difficultsoma_pred_affs/2392 with read ROI [80:1648, 6416:7984, 5264:6832] (1568, 1568, 1568) and write ROI [576:1152, 6912:7488, 5760:6336] (576, 576, 576)
Recorded block-done for octoS0SubroiZ15683136Y78409408X1097612544Difficultsoma_pred_affs/2392 with read ROI [80:1648, 6416:7984, 5264:6832] (1568, 1568, 1568) and write ROI [576:1152, 6912:7488, 5760:6336] (576, 576, 576)
Recording block-done for octoS0SubroiZ15683136Y78409408X1097612544Difficultsoma_pred_affs/4152 with read ROI [80:1648, 6416:7984, 8144:9712] (1568, 1568, 1568) and write ROI [576:1152, 6912:7488, 8640:9216] (576, 576, 576)
Recorded block-done for octoS0SubroiZ15683136Y78409408X1097612544Difficultsoma_pred_affs/4152 with read ROI [80:1648, 6416:7984, 8144:9712] (1568, 1568, 1568) and write ROI [576:1152, 6912:7488, 8640:9216] (576, 576, 576)
Recording block-done for octoS0SubroiZ15683136Y78409408X1097612544Difficultsoma_pred_affs/6076 with read ROI [80:1648, 6416:7984, 10448:12016] (1568, 1568, 1568) and write ROI [576:1152, 6912:7488, 10944:11520] (576, 576, 576)
Recorded block-done for octoS0SubroiZ15683136Y78409408X1097612544Difficultsoma_pred_affs/6076 with read ROI [80:1648, 6416:7984, 10448:12016] (1568, 1568, 1568) and write ROI [576:1152, 6912:7488, 10944:11520] (576, 576, 576)
Recording block-done for octoS0SubroiZ15683136Y78409408X1097612544Difficultsoma_pred_affs/1075 with read ROI [80:1648, 6992:8560, 1232:2800] (1568, 1568, 1568) and write ROI [576:1152, 7488:8064, 1728:2304] (576, 576, 576)
Recorded block-done for octoS0SubroiZ15683136Y78409408X1097612544Difficultsoma_pred_affs/1075 with read ROI [80:1648, 6992:8560, 1232:2800] (1568, 1568, 1568) and write ROI [576:1152, 7488:8064, 1728:2304] (576, 576, 576)
Recording block-done for octoS0SubroiZ15683136Y78409408X1097612544Difficultsoma_pred_affs/2130 with read ROI [80:1648, 6992:8560, 4112:5680] (1568, 1568, 1568) and write ROI [576:1152, 7488:8064, 4608:5184] (576, 576, 576)
Recorded block-done for octoS0SubroiZ15683136Y78409408X1097612544Difficultsoma_pred_affs/2130 with read ROI [80:1648, 6992:8560, 4112:5680] (1568, 1568, 1568) and write ROI [576:1152, 7488:8064, 4608:5184] (576, 576, 576)
Recording block-done for octoS0SubroiZ15683136Y78409408X1097612544Difficultsoma_pred_affs/5562 with read ROI [80:1648, 6992:8560, 9296:10864] (1568, 1568, 1568) and write ROI [576:1152, 7488:8064, 9792:10368] (576, 576, 576)
Recorded block-done for octoS0SubroiZ15683136Y78409408X1097612544Difficultsoma_pred_affs/5562 with read ROI [80:1648, 6992:8560, 9296:10864] (1568, 1568, 1568) and write ROI [576:1152, 7488:8064, 9792:10368] (576, 576, 576)
Recording block-done for octoS0SubroiZ15683136Y78409408X1097612544Difficultsoma_pred_affs/7261 with read ROI [80:1648, 7568:9136, 10448:12016] (1568, 1568, 1568) and write ROI [576:1152, 8064:8640, 10944:11520] (576, 576, 576)
Recorded block-done for octoS0SubroiZ15683136Y78409408X1097612544Difficultsoma_pred_affs/7261 with read ROI [80:1648, 7568:9136, 10448:12016] (1568, 1568, 1568) and write ROI [576:1152, 8064:8640, 10944:11520] (576, 576, 576)
Recording block-done for octoS0SubroiZ15683136Y78409408X1097612544Difficultsoma_pred_affs/1106 with read ROI [80:1648, 8144:9712, 80:1648] (1568, 1568, 1568) and write ROI [576:1152, 8640:9216, 576:1152] (576, 576, 576)
Recorded block-done for octoS0SubroiZ15683136Y78409408X1097612544Difficultsoma_pred_affs/1106 with read ROI [80:1648, 8144:9712, 80:1648] (1568, 1568, 1568) and write ROI [576:1152, 8640:9216, 576:1152] (576, 576, 576)
Recording block-done for octoS0SubroiZ15683136Y78409408X1097612544Difficultsoma_pred_affs/5081 with read ROI [80:1648, 7568:9136, 8144:9712] (1568, 1568, 1568) and write ROI [576:1152, 8064:8640, 8640:9216] (576, 576, 576)
Recorded block-done for octoS0SubroiZ15683136Y78409408X1097612544Difficultsoma_pred_affs/5081 with read ROI [80:1648, 7568:9136, 8144:9712] (1568, 1568, 1568) and write ROI [576:1152, 8064:8640, 8640:9216] (576, 576, 576)
Recording block-done for octoS0SubroiZ15683136Y78409408X1097612544Difficultsoma_pred_affs/2737 with read ROI [80:1648, 8144:9712, 4112:5680] (1568, 1568, 1568) and write ROI [576:1152, 8640:9216, 4608:5184] (576, 576, 576)
Recorded block-done for octoS0SubroiZ15683136Y78409408X1097612544Difficultsoma_pred_affs/2737 with read ROI [80:1648, 8144:9712, 4112:5680] (1568, 1568, 1568) and write ROI [576:1152, 8640:9216, 4608:5184] (576, 576, 576)
Recording block-done for octoS0SubroiZ15683136Y78409408X1097612544Difficultsoma_pred_affs/1294 with read ROI [80:1648, 8720:10288, 80:1648] (1568, 1568, 1568) and write ROI [576:1152, 9216:9792, 576:1152] (576, 576, 576)
Recorded block-done for octoS0SubroiZ15683136Y78409408X1097612544Difficultsoma_pred_affs/1294 with read ROI [80:1648, 8720:10288, 80:1648] (1568, 1568, 1568) and write ROI [576:1152, 9216:9792, 576:1152] (576, 576, 576)
Recording block-done for octoS0SubroiZ15683136Y78409408X1097612544Difficultsoma_pred_affs/4632 with read ROI [80:1648, 8144:9712, 6992:8560] (1568, 1568, 1568) and write ROI [576:1152, 8640:9216, 7488:8064] (576, 576, 576)
Recorded block-done for octoS0SubroiZ15683136Y78409408X1097612544Difficultsoma_pred_affs/4632 with read ROI [80:1648, 8144:9712, 6992:8560] (1568, 1568, 1568) and write ROI [576:1152, 8640:9216, 7488:8064] (576, 576, 576)
Recording block-done for octoS0SubroiZ15683136Y78409408X1097612544Difficultsoma_pred_affs/2754 with read ROI [80:1648, 8720:10288, 3536:5104] (1568, 1568, 1568) and write ROI [576:1152, 9216:9792, 4032:4608] (576, 576, 576)
Recorded block-done for octoS0SubroiZ15683136Y78409408X1097612544Difficultsoma_pred_affs/2754 with read ROI [80:1648, 8720:10288, 3536:5104] (1568, 1568, 1568) and write ROI [576:1152, 9216:9792, 4032:4608] (576, 576, 576)
Recording block-done for octoS0SubroiZ15683136Y78409408X1097612544Difficultsoma_pred_affs/4214 with read ROI [80:1648, 8720:10288, 5840:7408] (1568, 1568, 1568) and write ROI [576:1152, 9216:9792, 6336:6912] (576, 576, 576)
Recorded block-done for octoS0SubroiZ15683136Y78409408X1097612544Difficultsoma_pred_affs/4214 with read ROI [80:1648, 8720:10288, 5840:7408] (1568, 1568, 1568) and write ROI [576:1152, 9216:9792, 6336:6912] (576, 576, 576)
Recording block-done for octoS0SubroiZ15683136Y78409408X1097612544Difficultsoma_pred_affs/6138 with read ROI [80:1648, 8720:10288, 8144:9712] (1568, 1568, 1568) and write ROI [576:1152, 9216:9792, 8640:9216] (576, 576, 576)
Recorded block-done for octoS0SubroiZ15683136Y78409408X1097612544Difficultsoma_pred_affs/6138 with read ROI [80:1648, 8720:10288, 8144:9712] (1568, 1568, 1568) and write ROI [576:1152, 9216:9792, 8640:9216] (576, 576, 576)
Recording block-done for octoS0SubroiZ15683136Y78409408X1097612544Difficultsoma_pred_affs/1712 with read ROI [80:1648, 9296:10864, 656:2224] (1568, 1568, 1568) and write ROI [576:1152, 9792:10368, 1152:1728] (576, 576, 576)
Recorded block-done for octoS0SubroiZ15683136Y78409408X1097612544Difficultsoma_pred_affs/1712 with read ROI [80:1648, 9296:10864, 656:2224] (1568, 1568, 1568) and write ROI [576:1152, 9792:10368, 1152:1728] (576, 576, 576)
Recording block-done for octoS0SubroiZ15683136Y78409408X1097612544Difficultsoma_pred_affs/1943 with read ROI [80:1648, 9296:10864, 1232:2800] (1568, 1568, 1568) and write ROI [576:1152, 9792:10368, 1728:2304] (576, 576, 576)
Recorded block-done for octoS0SubroiZ15683136Y78409408X1097612544Difficultsoma_pred_affs/1943 with read ROI [80:1648, 9296:10864, 1232:2800] (1568, 1568, 1568) and write ROI [576:1152, 9792:10368, 1728:2304] (576, 576, 576)
Recording block-done for octoS0SubroiZ15683136Y78409408X1097612544Difficultsoma_pred_affs/9311 with read ROI [80:1648, 9296:10864, 10448:12016] (1568, 1568, 1568) and write ROI [576:1152, 9792:10368, 10944:11520] (576, 576, 576)
Recorded block-done for octoS0SubroiZ15683136Y78409408X1097612544Difficultsoma_pred_affs/9311 with read ROI [80:1648, 9296:10864, 10448:12016] (1568, 1568, 1568) and write ROI [576:1152, 9792:10368, 10944:11520] (576, 576, 576)
Recording block-done for octoS0SubroiZ15683136Y78409408X1097612544Difficultsoma_pred_affs/3845 with read ROI [80:1648, 9872:11440, 4112:5680] (1568, 1568, 1568) and write ROI [576:1152, 10368:10944, 4608:5184] (576, 576, 576)
Recorded block-done for octoS0SubroiZ15683136Y78409408X1097612544Difficultsoma_pred_affs/3845 with read ROI [80:1648, 9872:11440, 4112:5680] (1568, 1568, 1568) and write ROI [576:1152, 10368:10944, 4608:5184] (576, 576, 576)
Recording block-done for octoS0SubroiZ15683136Y78409408X1097612544Difficultsoma_pred_affs/3467 with read ROI [80:1648, 9872:11440, 3536:5104] (1568, 1568, 1568) and write ROI [576:1152, 10368:10944, 4032:4608] (576, 576, 576)
Recorded block-done for octoS0SubroiZ15683136Y78409408X1097612544Difficultsoma_pred_affs/3467 with read ROI [80:1648, 9872:11440, 3536:5104] (1568, 1568, 1568) and write ROI [576:1152, 10368:10944, 4032:4608] (576, 576, 576)
Recording block-done for octoS0SubroiZ15683136Y78409408X1097612544Difficultsoma_pred_affs/3116 with read ROI [80:1648, 9872:11440, 2960:4528] (1568, 1568, 1568) and write ROI [576:1152, 10368:10944, 3456:4032] (576, 576, 576)
Recorded block-done for octoS0SubroiZ15683136Y78409408X1097612544Difficultsoma_pred_affs/3116 with read ROI [80:1648, 9872:11440, 2960:4528] (1568, 1568, 1568) and write ROI [576:1152, 10368:10944, 3456:4032] (576, 576, 576)
Recording block-done for octoS0SubroiZ15683136Y78409408X1097612544Difficultsoma_pred_affs/10071 with read ROI [80:1648, 9872:11440, 10448:12016] (1568, 1568, 1568) and write ROI [576:1152, 10368:10944, 10944:11520] (576, 576, 576)
Recorded block-done for octoS0SubroiZ15683136Y78409408X1097612544Difficultsoma_pred_affs/10071 with read ROI [80:1648, 9872:11440, 10448:12016] (1568, 1568, 1568) and write ROI [576:1152, 10368:10944, 10944:11520] (576, 576, 576)
Recording block-done for octoS0SubroiZ15683136Y78409408X1097612544Difficultsoma_pred_affs/1982 with read ROI [80:1648, 10448:12016, 80:1648] (1568, 1568, 1568) and write ROI [576:1152, 10944:11520, 576:1152] (576, 576, 576)
Recorded block-done for octoS0SubroiZ15683136Y78409408X1097612544Difficultsoma_pred_affs/1982 with read ROI [80:1648, 10448:12016, 80:1648] (1568, 1568, 1568) and write ROI [576:1152, 10944:11520, 576:1152] (576, 576, 576)
Recording block-done for octoS0SubroiZ15683136Y78409408X1097612544Difficultsoma_pred_affs/6756 with read ROI [80:1648, 10448:12016, 6992:8560] (1568, 1568, 1568) and write ROI [576:1152, 10944:11520, 7488:8064] (576, 576, 576)
Recorded block-done for octoS0SubroiZ15683136Y78409408X1097612544Difficultsoma_pred_affs/6756 with read ROI [80:1648, 10448:12016, 6992:8560] (1568, 1568, 1568) and write ROI [576:1152, 10944:11520, 7488:8064] (576, 576, 576)
Recording block-done for octoS0SubroiZ15683136Y78409408X1097612544Difficultsoma_pred_affs/1338 with read ROI [656:2224, 80:1648, 8720:10288] (1568, 1568, 1568) and write ROI [1152:1728, 576:1152, 9216:9792] (576, 576, 576)
Recorded block-done for octoS0SubroiZ15683136Y78409408X1097612544Difficultsoma_pred_affs/1338 with read ROI [656:2224, 80:1648, 8720:10288] (1568, 1568, 1568) and write ROI [1152:1728, 576:1152, 9216:9792] (576, 576, 576)
Recording block-done for octoS0SubroiZ15683136Y78409408X1097612544Difficultsoma_pred_affs/1548 with read ROI [656:2224, 80:1648, 9296:10864] (1568, 1568, 1568) and write ROI [1152:1728, 576:1152, 9792:10368] (576, 576, 576)
Recorded block-done for octoS0SubroiZ15683136Y78409408X1097612544Difficultsoma_pred_affs/1548 with read ROI [656:2224, 80:1648, 9296:10864] (1568, 1568, 1568) and write ROI [1152:1728, 576:1152, 9792:10368] (576, 576, 576)
Recording block-done for octoS0SubroiZ15683136Y78409408X1097612544Difficultsoma_pred_affs/228 with read ROI [656:2224, 80:1648, 3536:5104] (1568, 1568, 1568) and write ROI [1152:1728, 576:1152, 4032:4608] (576, 576, 576)
Recorded block-done for octoS0SubroiZ15683136Y78409408X1097612544Difficultsoma_pred_affs/228 with read ROI [656:2224, 80:1648, 3536:5104] (1568, 1568, 1568) and write ROI [1152:1728, 576:1152, 4032:4608] (576, 576, 576)
Recording block-done for octoS0SubroiZ15683136Y78409408X1097612544Difficultsoma_pred_affs/977 with read ROI [656:2224, 80:1648, 7568:9136] (1568, 1568, 1568) and write ROI [1152:1728, 576:1152, 8064:8640] (576, 576, 576)
Recorded block-done for octoS0SubroiZ15683136Y78409408X1097612544Difficultsoma_pred_affs/977 with read ROI [656:2224, 80:1648, 7568:9136] (1568, 1568, 1568) and write ROI [1152:1728, 576:1152, 8064:8640] (576, 576, 576)
Recording block-done for octoS0SubroiZ15683136Y78409408X1097612544Difficultsoma_pred_affs/1148 with read ROI [656:2224, 80:1648, 8144:9712] (1568, 1568, 1568) and write ROI [1152:1728, 576:1152, 8640:9216] (576, 576, 576)
Recorded block-done for octoS0SubroiZ15683136Y78409408X1097612544Difficultsoma_pred_affs/1148 with read ROI [656:2224, 80:1648, 8144:9712] (1568, 1568, 1568) and write ROI [1152:1728, 576:1152, 8640:9216] (576, 576, 576)
Recording block-done for octoS0SubroiZ15683136Y78409408X1097612544Difficultsoma_pred_affs/986 with read ROI [656:2224, 1232:2800, 6416:7984] (1568, 1568, 1568) and write ROI [1152:1728, 1728:2304, 6912:7488] (576, 576, 576)
Recorded block-done for octoS0SubroiZ15683136Y78409408X1097612544Difficultsoma_pred_affs/986 with read ROI [656:2224, 1232:2800, 6416:7984] (1568, 1568, 1568) and write ROI [1152:1728, 1728:2304, 6912:7488] (576, 576, 576)
Recording block-done for octoS0SubroiZ15683136Y78409408X1097612544Difficultsoma_pred_affs/1552 with read ROI [656:2224, 656:2224, 8720:10288] (1568, 1568, 1568) and write ROI [1152:1728, 1152:1728, 9216:9792] (576, 576, 576)
Recorded block-done for octoS0SubroiZ15683136Y78409408X1097612544Difficultsoma_pred_affs/1552 with read ROI [656:2224, 656:2224, 8720:10288] (1568, 1568, 1568) and write ROI [1152:1728, 1152:1728, 9216:9792] (576, 576, 576)
Recording block-done for octoS0SubroiZ15683136Y78409408X1097612544Difficultsoma_pred_affs/237 with read ROI [656:2224, 1232:2800, 2384:3952] (1568, 1568, 1568) and write ROI [1152:1728, 1728:2304, 2880:3456] (576, 576, 576)
Recorded block-done for octoS0SubroiZ15683136Y78409408X1097612544Difficultsoma_pred_affs/237 with read ROI [656:2224, 1232:2800, 2384:3952] (1568, 1568, 1568) and write ROI [1152:1728, 1728:2304, 2880:3456] (576, 576, 576)
Recording block-done for octoS0SubroiZ15683136Y78409408X1097612544Difficultsoma_pred_affs/381 with read ROI [656:2224, 1232:2800, 3536:5104] (1568, 1568, 1568) and write ROI [1152:1728, 1728:2304, 4032:4608] (576, 576, 576)
Recorded block-done for octoS0SubroiZ15683136Y78409408X1097612544Difficultsoma_pred_affs/381 with read ROI [656:2224, 1232:2800, 3536:5104] (1568, 1568, 1568) and write ROI [1152:1728, 1728:2304, 4032:4608] (576, 576, 576)
Recording block-done for octoS0SubroiZ15683136Y78409408X1097612544Difficultsoma_pred_affs/1157 with read ROI [656:2224, 1232:2800, 6992:8560] (1568, 1568, 1568) and write ROI [1152:1728, 1728:2304, 7488:8064] (576, 576, 576)
Recorded block-done for octoS0SubroiZ15683136Y78409408X1097612544Difficultsoma_pred_affs/1157 with read ROI [656:2224, 1232:2800, 6992:8560] (1568, 1568, 1568) and write ROI [1152:1728, 1728:2304, 7488:8064] (576, 576, 576)
Recording block-done for octoS0SubroiZ15683136Y78409408X1097612544Difficultsoma_pred_affs/2623 with read ROI [656:2224, 1808:3376, 9872:11440] (1568, 1568, 1568) and write ROI [1152:1728, 2304:2880, 10368:10944] (576, 576, 576)
Recorded block-done for octoS0SubroiZ15683136Y78409408X1097612544Difficultsoma_pred_affs/2623 with read ROI [656:2224, 1808:3376, 9872:11440] (1568, 1568, 1568) and write ROI [1152:1728, 2304:2880, 10368:10944] (576, 576, 576)
Recording block-done for octoS0SubroiZ15683136Y78409408X1097612544Difficultsoma_pred_affs/143 with read ROI [656:2224, 1808:3376, 656:2224] (1568, 1568, 1568) and write ROI [1152:1728, 2304:2880, 1152:1728] (576, 576, 576)
Recorded block-done for octoS0SubroiZ15683136Y78409408X1097612544Difficultsoma_pred_affs/143 with read ROI [656:2224, 1808:3376, 656:2224] (1568, 1568, 1568) and write ROI [1152:1728, 2304:2880, 1152:1728] (576, 576, 576)
Recording block-done for octoS0SubroiZ15683136Y78409408X1097612544Difficultsoma_pred_affs/703 with read ROI [656:2224, 1808:3376, 4688:6256] (1568, 1568, 1568) and write ROI [1152:1728, 2304:2880, 5184:5760] (576, 576, 576)
Recorded block-done for octoS0SubroiZ15683136Y78409408X1097612544Difficultsoma_pred_affs/703 with read ROI [656:2224, 1808:3376, 4688:6256] (1568, 1568, 1568) and write ROI [1152:1728, 2304:2880, 5184:5760] (576, 576, 576)
Recording block-done for octoS0SubroiZ15683136Y78409408X1097612544Difficultsoma_pred_affs/195 with read ROI [656:2224, 2384:3952, 656:2224] (1568, 1568, 1568) and write ROI [1152:1728, 2880:3456, 1152:1728] (576, 576, 576)
Recorded block-done for octoS0SubroiZ15683136Y78409408X1097612544Difficultsoma_pred_affs/195 with read ROI [656:2224, 2384:3952, 656:2224] (1568, 1568, 1568) and write ROI [1152:1728, 2880:3456, 1152:1728] (576, 576, 576)
Recording block-done for octoS0SubroiZ15683136Y78409408X1097612544Difficultsoma_pred_affs/1563 with read ROI [656:2224, 1808:3376, 7568:9136] (1568, 1568, 1568) and write ROI [1152:1728, 2304:2880, 8064:8640] (576, 576, 576)
Recorded block-done for octoS0SubroiZ15683136Y78409408X1097612544Difficultsoma_pred_affs/1563 with read ROI [656:2224, 1808:3376, 7568:9136] (1568, 1568, 1568) and write ROI [1152:1728, 2304:2880, 8064:8640] (576, 576, 576)
Recording block-done for octoS0SubroiZ15683136Y78409408X1097612544Difficultsoma_pred_affs/203 with read ROI [656:2224, 2960:4528, 80:1648] (1568, 1568, 1568) and write ROI [1152:1728, 3456:4032, 576:1152] (576, 576, 576)
Recorded block-done for octoS0SubroiZ15683136Y78409408X1097612544Difficultsoma_pred_affs/203 with read ROI [656:2224, 2960:4528, 80:1648] (1568, 1568, 1568) and write ROI [1152:1728, 3456:4032, 576:1152] (576, 576, 576)
Recording block-done for octoS0SubroiZ15683136Y78409408X1097612544Difficultsoma_pred_affs/258 with read ROI [656:2224, 2960:4528, 656:2224] (1568, 1568, 1568) and write ROI [1152:1728, 3456:4032, 1152:1728] (576, 576, 576)
Recorded block-done for octoS0SubroiZ15683136Y78409408X1097612544Difficultsoma_pred_affs/258 with read ROI [656:2224, 2960:4528, 656:2224] (1568, 1568, 1568) and write ROI [1152:1728, 3456:4032, 1152:1728] (576, 576, 576)
Recording block-done for octoS0SubroiZ15683136Y78409408X1097612544Difficultsoma_pred_affs/1368 with read ROI [656:2224, 2960:4528, 5840:7408] (1568, 1568, 1568) and write ROI [1152:1728, 3456:4032, 6336:6912] (576, 576, 576)
Recorded block-done for octoS0SubroiZ15683136Y78409408X1097612544Difficultsoma_pred_affs/1368 with read ROI [656:2224, 2960:4528, 5840:7408] (1568, 1568, 1568) and write ROI [1152:1728, 3456:4032, 6336:6912] (576, 576, 576)
Recording block-done for octoS0SubroiZ15683136Y78409408X1097612544Difficultsoma_pred_affs/3692 with read ROI [656:2224, 2960:4528, 10448:12016] (1568, 1568, 1568) and write ROI [1152:1728, 3456:4032, 10944:11520] (576, 576, 576)
Recorded block-done for octoS0SubroiZ15683136Y78409408X1097612544Difficultsoma_pred_affs/3692 with read ROI [656:2224, 2960:4528, 10448:12016] (1568, 1568, 1568) and write ROI [1152:1728, 3456:4032, 10944:11520] (576, 576, 576)
Recording block-done for octoS0SubroiZ15683136Y78409408X1097612544Difficultsoma_pred_affs/1809 with read ROI [656:2224, 2960:4528, 6992:8560] (1568, 1568, 1568) and write ROI [1152:1728, 3456:4032, 7488:8064] (576, 576, 576)
Recorded block-done for octoS0SubroiZ15683136Y78409408X1097612544Difficultsoma_pred_affs/1809 with read ROI [656:2224, 2960:4528, 6992:8560] (1568, 1568, 1568) and write ROI [1152:1728, 3456:4032, 7488:8064] (576, 576, 576)
Recording block-done for octoS0SubroiZ15683136Y78409408X1097612544Difficultsoma_pred_affs/1187 with read ROI [656:2224, 3536:5104, 4688:6256] (1568, 1568, 1568) and write ROI [1152:1728, 4032:4608, 5184:5760] (576, 576, 576)
Recorded block-done for octoS0SubroiZ15683136Y78409408X1097612544Difficultsoma_pred_affs/1187 with read ROI [656:2224, 3536:5104, 4688:6256] (1568, 1568, 1568) and write ROI [1152:1728, 4032:4608, 5184:5760] (576, 576, 576)
Recording block-done for octoS0SubroiZ15683136Y78409408X1097612544Difficultsoma_pred_affs/737 with read ROI [656:2224, 4112:5680, 2384:3952] (1568, 1568, 1568) and write ROI [1152:1728, 4608:5184, 2880:3456] (576, 576, 576)
Recorded block-done for octoS0SubroiZ15683136Y78409408X1097612544Difficultsoma_pred_affs/737 with read ROI [656:2224, 4112:5680, 2384:3952] (1568, 1568, 1568) and write ROI [1152:1728, 4608:5184, 2880:3456] (576, 576, 576)
Recording block-done for octoS0SubroiZ15683136Y78409408X1097612544Difficultsoma_pred_affs/2972 with read ROI [656:2224, 3536:5104, 8720:10288] (1568, 1568, 1568) and write ROI [1152:1728, 4032:4608, 9216:9792] (576, 576, 576)
Recorded block-done for octoS0SubroiZ15683136Y78409408X1097612544Difficultsoma_pred_affs/2972 with read ROI [656:2224, 3536:5104, 8720:10288] (1568, 1568, 1568) and write ROI [1152:1728, 4032:4608, 9216:9792] (576, 576, 576)
Recording block-done for octoS0SubroiZ15683136Y78409408X1097612544Difficultsoma_pred_affs/4107 with read ROI [656:2224, 3536:5104, 10448:12016] (1568, 1568, 1568) and write ROI [1152:1728, 4032:4608, 10944:11520] (576, 576, 576)
Recorded block-done for octoS0SubroiZ15683136Y78409408X1097612544Difficultsoma_pred_affs/4107 with read ROI [656:2224, 3536:5104, 10448:12016] (1568, 1568, 1568) and write ROI [1152:1728, 4032:4608, 10944:11520] (576, 576, 576)
Recording block-done for octoS0SubroiZ15683136Y78409408X1097612544Difficultsoma_pred_affs/1597 with read ROI [656:2224, 4112:5680, 5264:6832] (1568, 1568, 1568) and write ROI [1152:1728, 4608:5184, 5760:6336] (576, 576, 576)
Recorded block-done for octoS0SubroiZ15683136Y78409408X1097612544Difficultsoma_pred_affs/1597 with read ROI [656:2224, 4112:5680, 5264:6832] (1568, 1568, 1568) and write ROI [1152:1728, 4608:5184, 5760:6336] (576, 576, 576)
Recording block-done for octoS0SubroiZ15683136Y78409408X1097612544Difficultsoma_pred_affs/2982 with read ROI [656:2224, 4112:5680, 8144:9712] (1568, 1568, 1568) and write ROI [1152:1728, 4608:5184, 8640:9216] (576, 576, 576)
Recorded block-done for octoS0SubroiZ15683136Y78409408X1097612544Difficultsoma_pred_affs/2982 with read ROI [656:2224, 4112:5680, 8144:9712] (1568, 1568, 1568) and write ROI [1152:1728, 4608:5184, 8640:9216] (576, 576, 576)
Recording block-done for octoS0SubroiZ15683136Y78409408X1097612544Difficultsoma_pred_affs/432 with read ROI [656:2224, 4688:6256, 80:1648] (1568, 1568, 1568) and write ROI [1152:1728, 5184:5760, 576:1152] (576, 576, 576)
Recorded block-done for octoS0SubroiZ15683136Y78409408X1097612544Difficultsoma_pred_affs/432 with read ROI [656:2224, 4688:6256, 80:1648] (1568, 1568, 1568) and write ROI [1152:1728, 5184:5760, 576:1152] (576, 576, 576)
Recording block-done for octoS0SubroiZ15683136Y78409408X1097612544Difficultsoma_pred_affs/1398 with read ROI [656:2224, 4688:6256, 4112:5680] (1568, 1568, 1568) and write ROI [1152:1728, 5184:5760, 4608:5184] (576, 576, 576)
Recorded block-done for octoS0SubroiZ15683136Y78409408X1097612544Difficultsoma_pred_affs/1398 with read ROI [656:2224, 4688:6256, 4112:5680] (1568, 1568, 1568) and write ROI [1152:1728, 5184:5760, 4608:5184] (576, 576, 576)
Recording block-done for octoS0SubroiZ15683136Y78409408X1097612544Difficultsoma_pred_affs/2668 with read ROI [656:2224, 4688:6256, 6992:8560] (1568, 1568, 1568) and write ROI [1152:1728, 5184:5760, 7488:8064] (576, 576, 576)
Recorded block-done for octoS0SubroiZ15683136Y78409408X1097612544Difficultsoma_pred_affs/2668 with read ROI [656:2224, 4688:6256, 6992:8560] (1568, 1568, 1568) and write ROI [1152:1728, 5184:5760, 7488:8064] (576, 576, 576)
Recording block-done for octoS0SubroiZ15683136Y78409408X1097612544Difficultsoma_pred_affs/1208 with read ROI [656:2224, 4688:6256, 3536:5104] (1568, 1568, 1568) and write ROI [1152:1728, 5184:5760, 4032:4608] (576, 576, 576)
Recorded block-done for octoS0SubroiZ15683136Y78409408X1097612544Difficultsoma_pred_affs/1208 with read ROI [656:2224, 4688:6256, 3536:5104] (1568, 1568, 1568) and write ROI [1152:1728, 5184:5760, 4032:4608] (576, 576, 576)
Recording block-done for octoS0SubroiZ15683136Y78409408X1097612544Difficultsoma_pred_affs/535 with read ROI [656:2224, 5264:6832, 80:1648] (1568, 1568, 1568) and write ROI [1152:1728, 5760:6336, 576:1152] (576, 576, 576)
Recorded block-done for octoS0SubroiZ15683136Y78409408X1097612544Difficultsoma_pred_affs/535 with read ROI [656:2224, 5264:6832, 80:1648] (1568, 1568, 1568) and write ROI [1152:1728, 5760:6336, 576:1152] (576, 576, 576)
Recording block-done for octoS0SubroiZ15683136Y78409408X1097612544Difficultsoma_pred_affs/5040 with read ROI [656:2224, 5264:6832, 9872:11440] (1568, 1568, 1568) and write ROI [1152:1728, 5760:6336, 10368:10944] (576, 576, 576)
Recorded block-done for octoS0SubroiZ15683136Y78409408X1097612544Difficultsoma_pred_affs/5040 with read ROI [656:2224, 5264:6832, 9872:11440] (1568, 1568, 1568) and write ROI [1152:1728, 5760:6336, 10368:10944] (576, 576, 576)
Recording block-done for octoS0SubroiZ15683136Y78409408X1097612544Difficultsoma_pred_affs/3005 with read ROI [656:2224, 5264:6832, 6992:8560] (1568, 1568, 1568) and write ROI [1152:1728, 5760:6336, 7488:8064] (576, 576, 576)
Recorded block-done for octoS0SubroiZ15683136Y78409408X1097612544Difficultsoma_pred_affs/3005 with read ROI [656:2224, 5264:6832, 6992:8560] (1568, 1568, 1568) and write ROI [1152:1728, 5760:6336, 7488:8064] (576, 576, 576)
Recording block-done for octoS0SubroiZ15683136Y78409408X1097612544Difficultsoma_pred_affs/909 with read ROI [656:2224, 5840:7408, 1232:2800] (1568, 1568, 1568) and write ROI [1152:1728, 6336:6912, 1728:2304] (576, 576, 576)
Recorded block-done for octoS0SubroiZ15683136Y78409408X1097612544Difficultsoma_pred_affs/909 with read ROI [656:2224, 5840:7408, 1232:2800] (1568, 1568, 1568) and write ROI [1152:1728, 6336:6912, 1728:2304] (576, 576, 576)
Recording block-done for octoS0SubroiZ15683136Y78409408X1097612544Difficultsoma_pred_affs/2117 with read ROI [656:2224, 5840:7408, 4688:6256] (1568, 1568, 1568) and write ROI [1152:1728, 6336:6912, 5184:5760] (576, 576, 576)
Recorded block-done for octoS0SubroiZ15683136Y78409408X1097612544Difficultsoma_pred_affs/2117 with read ROI [656:2224, 5840:7408, 4688:6256] (1568, 1568, 1568) and write ROI [1152:1728, 6336:6912, 5184:5760] (576, 576, 576)
Recording block-done for octoS0SubroiZ15683136Y78409408X1097612544Difficultsoma_pred_affs/1647 with read ROI [656:2224, 6416:7984, 2960:4528] (1568, 1568, 1568) and write ROI [1152:1728, 6912:7488, 3456:4032] (576, 576, 576)
Recorded block-done for octoS0SubroiZ15683136Y78409408X1097612544Difficultsoma_pred_affs/1647 with read ROI [656:2224, 6416:7984, 2960:4528] (1568, 1568, 1568) and write ROI [1152:1728, 6912:7488, 3456:4032] (576, 576, 576)
Recording block-done for octoS0SubroiZ15683136Y78409408X1097612544Difficultsoma_pred_affs/3747 with read ROI [656:2224, 5840:7408, 7568:9136] (1568, 1568, 1568) and write ROI [1152:1728, 6336:6912, 8064:8640] (576, 576, 576)
Recorded block-done for octoS0SubroiZ15683136Y78409408X1097612544Difficultsoma_pred_affs/3747 with read ROI [656:2224, 5840:7408, 7568:9136] (1568, 1568, 1568) and write ROI [1152:1728, 6336:6912, 8064:8640] (576, 576, 576)
Recording block-done for octoS0SubroiZ15683136Y78409408X1097612544Difficultsoma_pred_affs/2407 with read ROI [656:2224, 6416:7984, 4688:6256] (1568, 1568, 1568) and write ROI [1152:1728, 6912:7488, 5184:5760] (576, 576, 576)
Recorded block-done for octoS0SubroiZ15683136Y78409408X1097612544Difficultsoma_pred_affs/2407 with read ROI [656:2224, 6416:7984, 4688:6256] (1568, 1568, 1568) and write ROI [1152:1728, 6912:7488, 5184:5760] (576, 576, 576)
Recording block-done for octoS0SubroiZ15683136Y78409408X1097612544Difficultsoma_pred_affs/2707 with read ROI [656:2224, 6416:7984, 5264:6832] (1568, 1568, 1568) and write ROI [1152:1728, 6912:7488, 5760:6336] (576, 576, 576)
Recorded block-done for octoS0SubroiZ15683136Y78409408X1097612544Difficultsoma_pred_affs/2707 with read ROI [656:2224, 6416:7984, 5264:6832] (1568, 1568, 1568) and write ROI [1152:1728, 6912:7488, 5760:6336] (576, 576, 576)
Recording block-done for octoS0SubroiZ15683136Y78409408X1097612544Difficultsoma_pred_affs/3398 with read ROI [656:2224, 6992:8560, 5840:7408] (1568, 1568, 1568) and write ROI [1152:1728, 7488:8064, 6336:6912] (576, 576, 576)
Recorded block-done for octoS0SubroiZ15683136Y78409408X1097612544Difficultsoma_pred_affs/3398 with read ROI [656:2224, 6992:8560, 5840:7408] (1568, 1568, 1568) and write ROI [1152:1728, 7488:8064, 6336:6912] (576, 576, 576)
Recording block-done for octoS0SubroiZ15683136Y78409408X1097612544Difficultsoma_pred_affs/938 with read ROI [656:2224, 6992:8560, 80:1648] (1568, 1568, 1568) and write ROI [1152:1728, 7488:8064, 576:1152] (576, 576, 576)
Recorded block-done for octoS0SubroiZ15683136Y78409408X1097612544Difficultsoma_pred_affs/938 with read ROI [656:2224, 6992:8560, 80:1648] (1568, 1568, 1568) and write ROI [1152:1728, 7488:8064, 576:1152] (576, 576, 576)
Recording block-done for octoS0SubroiZ15683136Y78409408X1097612544Difficultsoma_pred_affs/5578 with read ROI [656:2224, 6992:8560, 8720:10288] (1568, 1568, 1568) and write ROI [1152:1728, 7488:8064, 9216:9792] (576, 576, 576)
Recorded block-done for octoS0SubroiZ15683136Y78409408X1097612544Difficultsoma_pred_affs/5578 with read ROI [656:2224, 6992:8560, 8720:10288] (1568, 1568, 1568) and write ROI [1152:1728, 7488:8064, 9216:9792] (576, 576, 576)
Recording block-done for octoS0SubroiZ15683136Y78409408X1097612544Difficultsoma_pred_affs/6667 with read ROI [656:2224, 6992:8560, 9872:11440] (1568, 1568, 1568) and write ROI [1152:1728, 7488:8064, 10368:10944] (576, 576, 576)
Recorded block-done for octoS0SubroiZ15683136Y78409408X1097612544Difficultsoma_pred_affs/6667 with read ROI [656:2224, 6992:8560, 9872:11440] (1568, 1568, 1568) and write ROI [1152:1728, 7488:8064, 10368:10944] (576, 576, 576)
Recording block-done for octoS0SubroiZ15683136Y78409408X1097612544Difficultsoma_pred_affs/1107 with read ROI [656:2224, 7568:9136, 80:1648] (1568, 1568, 1568) and write ROI [1152:1728, 8064:8640, 576:1152] (576, 576, 576)
Recorded block-done for octoS0SubroiZ15683136Y78409408X1097612544Difficultsoma_pred_affs/1107 with read ROI [656:2224, 7568:9136, 80:1648] (1568, 1568, 1568) and write ROI [1152:1728, 8064:8640, 576:1152] (576, 576, 576)
Recording block-done for octoS0SubroiZ15683136Y78409408X1097612544Difficultsoma_pred_affs/4198 with read ROI [656:2224, 7568:9136, 6416:7984] (1568, 1568, 1568) and write ROI [1152:1728, 8064:8640, 6912:7488] (576, 576, 576)
Recorded block-done for octoS0SubroiZ15683136Y78409408X1097612544Difficultsoma_pred_affs/4198 with read ROI [656:2224, 7568:9136, 6416:7984] (1568, 1568, 1568) and write ROI [1152:1728, 8064:8640, 6912:7488] (576, 576, 576)
Recording block-done for octoS0SubroiZ15683136Y78409408X1097612544Difficultsoma_pred_affs/7908 with read ROI [656:2224, 7568:9136, 10448:12016] (1568, 1568, 1568) and write ROI [1152:1728, 8064:8640, 10944:11520] (576, 576, 576)
Recorded block-done for octoS0SubroiZ15683136Y78409408X1097612544Difficultsoma_pred_affs/7908 with read ROI [656:2224, 7568:9136, 10448:12016] (1568, 1568, 1568) and write ROI [1152:1728, 8064:8640, 10944:11520] (576, 576, 576)
Recording block-done for octoS0SubroiZ15683136Y78409408X1097612544Difficultsoma_pred_affs/2755 with read ROI [656:2224, 8144:9712, 3536:5104] (1568, 1568, 1568) and write ROI [1152:1728, 8640:9216, 4032:4608] (576, 576, 576)
Recorded block-done for octoS0SubroiZ15683136Y78409408X1097612544Difficultsoma_pred_affs/2755 with read ROI [656:2224, 8144:9712, 3536:5104] (1568, 1568, 1568) and write ROI [1152:1728, 8640:9216, 4032:4608] (576, 576, 576)
Recording block-done for octoS0SubroiZ15683136Y78409408X1097612544Difficultsoma_pred_affs/2197 with read ROI [656:2224, 8720:10288, 1808:3376] (1568, 1568, 1568) and write ROI [1152:1728, 9216:9792, 2304:2880] (576, 576, 576)
Recorded block-done for octoS0SubroiZ15683136Y78409408X1097612544Difficultsoma_pred_affs/2197 with read ROI [656:2224, 8720:10288, 1808:3376] (1568, 1568, 1568) and write ROI [1152:1728, 9216:9792, 2304:2880] (576, 576, 576)
Recording block-done for octoS0SubroiZ15683136Y78409408X1097612544Difficultsoma_pred_affs/7925 with read ROI [656:2224, 8144:9712, 9872:11440] (1568, 1568, 1568) and write ROI [1152:1728, 8640:9216, 10368:10944] (576, 576, 576)
Recorded block-done for octoS0SubroiZ15683136Y78409408X1097612544Difficultsoma_pred_affs/7925 with read ROI [656:2224, 8144:9712, 9872:11440] (1568, 1568, 1568) and write ROI [1152:1728, 8640:9216, 10368:10944] (576, 576, 576)
Recording block-done for octoS0SubroiZ15683136Y78409408X1097612544Difficultsoma_pred_affs/8591 with read ROI [656:2224, 8144:9712, 10448:12016] (1568, 1568, 1568) and write ROI [1152:1728, 8640:9216, 10944:11520] (576, 576, 576)
Recorded block-done for octoS0SubroiZ15683136Y78409408X1097612544Difficultsoma_pred_affs/8591 with read ROI [656:2224, 8144:9712, 10448:12016] (1568, 1568, 1568) and write ROI [1152:1728, 8640:9216, 10944:11520] (576, 576, 576)
Recording block-done for octoS0SubroiZ15683136Y78409408X1097612544Difficultsoma_pred_affs/5611 with read ROI [656:2224, 8144:9712, 7568:9136] (1568, 1568, 1568) and write ROI [1152:1728, 8640:9216, 8064:8640] (576, 576, 576)
Recorded block-done for octoS0SubroiZ15683136Y78409408X1097612544Difficultsoma_pred_affs/5611 with read ROI [656:2224, 8144:9712, 7568:9136] (1568, 1568, 1568) and write ROI [1152:1728, 8640:9216, 8064:8640] (576, 576, 576)
Recording block-done for octoS0SubroiZ15683136Y78409408X1097612544Difficultsoma_pred_affs/7943 with read ROI [656:2224, 8720:10288, 9296:10864] (1568, 1568, 1568) and write ROI [1152:1728, 9216:9792, 9792:10368] (576, 576, 576)
Recorded block-done for octoS0SubroiZ15683136Y78409408X1097612544Difficultsoma_pred_affs/7943 with read ROI [656:2224, 8720:10288, 9296:10864] (1568, 1568, 1568) and write ROI [1152:1728, 9216:9792, 9792:10368] (576, 576, 576)
Recording block-done for octoS0SubroiZ15683136Y78409408X1097612544Difficultsoma_pred_affs/2492 with read ROI [656:2224, 9296:10864, 1808:3376] (1568, 1568, 1568) and write ROI [1152:1728, 9792:10368, 2304:2880] (576, 576, 576)
Recorded block-done for octoS0SubroiZ15683136Y78409408X1097612544Difficultsoma_pred_affs/2492 with read ROI [656:2224, 9296:10864, 1808:3376] (1568, 1568, 1568) and write ROI [1152:1728, 9792:10368, 2304:2880] (576, 576, 576)
Recording block-done for octoS0SubroiZ15683136Y78409408X1097612544Difficultsoma_pred_affs/5152 with read ROI [656:2224, 9296:10864, 5840:7408] (1568, 1568, 1568) and write ROI [1152:1728, 9792:10368, 6336:6912] (576, 576, 576)
Recorded block-done for octoS0SubroiZ15683136Y78409408X1097612544Difficultsoma_pred_affs/5152 with read ROI [656:2224, 9296:10864, 5840:7408] (1568, 1568, 1568) and write ROI [1152:1728, 9792:10368, 6336:6912] (576, 576, 576)
Recording block-done for octoS0SubroiZ15683136Y78409408X1097612544Difficultsoma_pred_affs/3468 with read ROI [656:2224, 9296:10864, 3536:5104] (1568, 1568, 1568) and write ROI [1152:1728, 9792:10368, 4032:4608] (576, 576, 576)
Recorded block-done for octoS0SubroiZ15683136Y78409408X1097612544Difficultsoma_pred_affs/3468 with read ROI [656:2224, 9296:10864, 3536:5104] (1568, 1568, 1568) and write ROI [1152:1728, 9792:10368, 4032:4608] (576, 576, 576)
Recording block-done for octoS0SubroiZ15683136Y78409408X1097612544Difficultsoma_pred_affs/10072 with read ROI [656:2224, 9296:10864, 10448:12016] (1568, 1568, 1568) and write ROI [1152:1728, 9792:10368, 10944:11520] (576, 576, 576)
Recorded block-done for octoS0SubroiZ15683136Y78409408X1097612544Difficultsoma_pred_affs/10072 with read ROI [656:2224, 9296:10864, 10448:12016] (1568, 1568, 1568) and write ROI [1152:1728, 9792:10368, 10944:11520] (576, 576, 576)
Recording block-done for octoS0SubroiZ15683136Y78409408X1097612544Difficultsoma_pred_affs/3866 with read ROI [656:2224, 9872:11440, 3536:5104] (1568, 1568, 1568) and write ROI [1152:1728, 10368:10944, 4032:4608] (576, 576, 576)
Recorded block-done for octoS0SubroiZ15683136Y78409408X1097612544Difficultsoma_pred_affs/3866 with read ROI [656:2224, 9872:11440, 3536:5104] (1568, 1568, 1568) and write ROI [1152:1728, 10368:10944, 4032:4608] (576, 576, 576)
Recording block-done for octoS0SubroiZ15683136Y78409408X1097612544Difficultsoma_pred_affs/7352 with read ROI [656:2224, 9872:11440, 7568:9136] (1568, 1568, 1568) and write ROI [1152:1728, 10368:10944, 8064:8640] (576, 576, 576)
Recorded block-done for octoS0SubroiZ15683136Y78409408X1097612544Difficultsoma_pred_affs/7352 with read ROI [656:2224, 9872:11440, 7568:9136] (1568, 1568, 1568) and write ROI [1152:1728, 10368:10944, 8064:8640] (576, 576, 576)
Recording block-done for octoS0SubroiZ15683136Y78409408X1097612544Difficultsoma_pred_affs/4728 with read ROI [656:2224, 10448:12016, 4112:5680] (1568, 1568, 1568) and write ROI [1152:1728, 10944:11520, 4608:5184] (576, 576, 576)
Recorded block-done for octoS0SubroiZ15683136Y78409408X1097612544Difficultsoma_pred_affs/4728 with read ROI [656:2224, 10448:12016, 4112:5680] (1568, 1568, 1568) and write ROI [1152:1728, 10944:11520, 4608:5184] (576, 576, 576)
Recording block-done for octoS0SubroiZ15683136Y78409408X1097612544Difficultsoma_pred_affs/3158 with read ROI [656:2224, 10448:12016, 1808:3376] (1568, 1568, 1568) and write ROI [1152:1728, 10944:11520, 2304:2880] (576, 576, 576)
Recorded block-done for octoS0SubroiZ15683136Y78409408X1097612544Difficultsoma_pred_affs/3158 with read ROI [656:2224, 10448:12016, 1808:3376] (1568, 1568, 1568) and write ROI [1152:1728, 10944:11520, 2304:2880] (576, 576, 576)
Recording block-done for octoS0SubroiZ15683136Y78409408X1097612544Difficultsoma_pred_affs/9372 with read ROI [656:2224, 10448:12016, 8720:10288] (1568, 1568, 1568) and write ROI [1152:1728, 10944:11520, 9216:9792] (576, 576, 576)
Recorded block-done for octoS0SubroiZ15683136Y78409408X1097612544Difficultsoma_pred_affs/9372 with read ROI [656:2224, 10448:12016, 8720:10288] (1568, 1568, 1568) and write ROI [1152:1728, 10944:11520, 9216:9792] (576, 576, 576)
Recording block-done for octoS0SubroiZ15683136Y78409408X1097612544Difficultsoma_pred_affs/133 with read ROI [1232:2800, 80:1648, 1808:3376] (1568, 1568, 1568) and write ROI [1728:2304, 576:1152, 2304:2880] (576, 576, 576)
Recorded block-done for octoS0SubroiZ15683136Y78409408X1097612544Difficultsoma_pred_affs/133 with read ROI [1232:2800, 80:1648, 1808:3376] (1568, 1568, 1568) and write ROI [1728:2304, 576:1152, 2304:2880] (576, 576, 576)
Recording block-done for octoS0SubroiZ15683136Y78409408X1097612544Difficultsoma_pred_affs/102 with read ROI [1232:2800, 656:2224, 656:2224] (1568, 1568, 1568) and write ROI [1728:2304, 1152:1728, 1152:1728] (576, 576, 576)
Recorded block-done for octoS0SubroiZ15683136Y78409408X1097612544Difficultsoma_pred_affs/102 with read ROI [1232:2800, 656:2224, 656:2224] (1568, 1568, 1568) and write ROI [1728:2304, 1152:1728, 1152:1728] (576, 576, 576)
Recording block-done for octoS0SubroiZ15683136Y78409408X1097612544Difficultsoma_pred_affs/138 with read ROI [1232:2800, 656:2224, 1232:2800] (1568, 1568, 1568) and write ROI [1728:2304, 1152:1728, 1728:2304] (576, 576, 576)
Recorded block-done for octoS0SubroiZ15683136Y78409408X1097612544Difficultsoma_pred_affs/138 with read ROI [1232:2800, 656:2224, 1232:2800] (1568, 1568, 1568) and write ROI [1728:2304, 1152:1728, 1728:2304] (576, 576, 576)
Recording block-done for octoS0SubroiZ15683136Y78409408X1097612544Difficultsoma_pred_affs/829 with read ROI [1232:2800, 80:1648, 6416:7984] (1568, 1568, 1568) and write ROI [1728:2304, 576:1152, 6912:7488] (576, 576, 576)
Recorded block-done for octoS0SubroiZ15683136Y78409408X1097612544Difficultsoma_pred_affs/829 with read ROI [1232:2800, 80:1648, 6416:7984] (1568, 1568, 1568) and write ROI [1728:2304, 576:1152, 6912:7488] (576, 576, 576)
Recording block-done for octoS0SubroiZ15683136Y78409408X1097612544Difficultsoma_pred_affs/1153 with read ROI [1232:2800, 80:1648, 7568:9136] (1568, 1568, 1568) and write ROI [1728:2304, 576:1152, 8064:8640] (576, 576, 576)
Recorded block-done for octoS0SubroiZ15683136Y78409408X1097612544Difficultsoma_pred_affs/1153 with read ROI [1232:2800, 80:1648, 7568:9136] (1568, 1568, 1568) and write ROI [1728:2304, 576:1152, 8064:8640] (576, 576, 576)
Recording block-done for octoS0SubroiZ15683136Y78409408X1097612544Difficultsoma_pred_affs/473 with read ROI [1232:2800, 656:2224, 4112:5680] (1568, 1568, 1568) and write ROI [1728:2304, 1152:1728, 4608:5184] (576, 576, 576)
Recorded block-done for octoS0SubroiZ15683136Y78409408X1097612544Difficultsoma_pred_affs/473 with read ROI [1232:2800, 656:2224, 4112:5680] (1568, 1568, 1568) and write ROI [1728:2304, 1152:1728, 4608:5184] (576, 576, 576)
Recording block-done for octoS0SubroiZ15683136Y78409408X1097612544Difficultsoma_pred_affs/2618 with read ROI [1232:2800, 656:2224, 10448:12016] (1568, 1568, 1568) and write ROI [1728:2304, 1152:1728, 10944:11520] (576, 576, 576)
Recorded block-done for octoS0SubroiZ15683136Y78409408X1097612544Difficultsoma_pred_affs/2618 with read ROI [1232:2800, 656:2224, 10448:12016] (1568, 1568, 1568) and write ROI [1728:2304, 1152:1728, 10944:11520] (576, 576, 576)
Recording block-done for octoS0SubroiZ15683136Y78409408X1097612544Difficultsoma_pred_affs/479 with read ROI [1232:2800, 1232:2800, 3536:5104] (1568, 1568, 1568) and write ROI [1728:2304, 1728:2304, 4032:4608] (576, 576, 576)
Recorded block-done for octoS0SubroiZ15683136Y78409408X1097612544Difficultsoma_pred_affs/479 with read ROI [1232:2800, 1232:2800, 3536:5104] (1568, 1568, 1568) and write ROI [1728:2304, 1728:2304, 4032:4608] (576, 576, 576)
Recording block-done for octoS0SubroiZ15683136Y78409408X1097612544Difficultsoma_pred_affs/1564 with read ROI [1232:2800, 1232:2800, 7568:9136] (1568, 1568, 1568) and write ROI [1728:2304, 1728:2304, 8064:8640] (576, 576, 576)
Recorded block-done for octoS0SubroiZ15683136Y78409408X1097612544Difficultsoma_pred_affs/1564 with read ROI [1232:2800, 1232:2800, 7568:9136] (1568, 1568, 1568) and write ROI [1728:2304, 1728:2304, 8064:8640] (576, 576, 576)
Recording block-done for octoS0SubroiZ15683136Y78409408X1097612544Difficultsoma_pred_affs/1558 with read ROI [1232:2800, 656:2224, 8144:9712] (1568, 1568, 1568) and write ROI [1728:2304, 1152:1728, 8640:9216] (576, 576, 576)
Recorded block-done for octoS0SubroiZ15683136Y78409408X1097612544Difficultsoma_pred_affs/1558 with read ROI [1232:2800, 656:2224, 8144:9712] (1568, 1568, 1568) and write ROI [1728:2304, 1152:1728, 8640:9216] (576, 576, 576)
Recording block-done for octoS0SubroiZ15683136Y78409408X1097612544Difficultsoma_pred_affs/2949 with read ROI [1232:2800, 1232:2800, 10448:12016] (1568, 1568, 1568) and write ROI [1728:2304, 1728:2304, 10944:11520] (576, 576, 576)
Recorded block-done for octoS0SubroiZ15683136Y78409408X1097612544Difficultsoma_pred_affs/2949 with read ROI [1232:2800, 1232:2800, 10448:12016] (1568, 1568, 1568) and write ROI [1728:2304, 1728:2304, 10944:11520] (576, 576, 576)
Recording block-done for octoS0SubroiZ15683136Y78409408X1097612544Difficultsoma_pred_affs/847 with read ROI [1232:2800, 1808:3376, 4688:6256] (1568, 1568, 1568) and write ROI [1728:2304, 2304:2880, 5184:5760] (576, 576, 576)
Recorded block-done for octoS0SubroiZ15683136Y78409408X1097612544Difficultsoma_pred_affs/847 with read ROI [1232:2800, 1808:3376, 4688:6256] (1568, 1568, 1568) and write ROI [1728:2304, 2304:2880, 5184:5760] (576, 576, 576)
Recording block-done for octoS0SubroiZ15683136Y78409408X1097612544Difficultsoma_pred_affs/259 with read ROI [1232:2800, 2384:3952, 656:2224] (1568, 1568, 1568) and write ROI [1728:2304, 2880:3456, 1152:1728] (576, 576, 576)
Recorded block-done for octoS0SubroiZ15683136Y78409408X1097612544Difficultsoma_pred_affs/259 with read ROI [1232:2800, 2384:3952, 656:2224] (1568, 1568, 1568) and write ROI [1728:2304, 2880:3456, 1152:1728] (576, 576, 576)
Recording block-done for octoS0SubroiZ15683136Y78409408X1097612544Difficultsoma_pred_affs/1361 with read ROI [1232:2800, 1808:3376, 6416:7984] (1568, 1568, 1568) and write ROI [1728:2304, 2304:2880, 6912:7488] (576, 576, 576)
Recorded block-done for octoS0SubroiZ15683136Y78409408X1097612544Difficultsoma_pred_affs/1361 with read ROI [1232:2800, 1808:3376, 6416:7984] (1568, 1568, 1568) and write ROI [1728:2304, 2304:2880, 6912:7488] (576, 576, 576)
Recording block-done for octoS0SubroiZ15683136Y78409408X1097612544Difficultsoma_pred_affs/2055 with read ROI [1232:2800, 1808:3376, 8144:9712] (1568, 1568, 1568) and write ROI [1728:2304, 2304:2880, 8640:9216] (576, 576, 576)
Recorded block-done for octoS0SubroiZ15683136Y78409408X1097612544Difficultsoma_pred_affs/2055 with read ROI [1232:2800, 1808:3376, 8144:9712] (1568, 1568, 1568) and write ROI [1728:2304, 2304:2880, 8640:9216] (576, 576, 576)
Recording block-done for octoS0SubroiZ15683136Y78409408X1097612544Difficultsoma_pred_affs/1179 with read ROI [1232:2800, 2384:3952, 5264:6832] (1568, 1568, 1568) and write ROI [1728:2304, 2880:3456, 5760:6336] (576, 576, 576)
Recorded block-done for octoS0SubroiZ15683136Y78409408X1097612544Difficultsoma_pred_affs/1179 with read ROI [1232:2800, 2384:3952, 5264:6832] (1568, 1568, 1568) and write ROI [1728:2304, 2880:3456, 5760:6336] (576, 576, 576)
Recording block-done for octoS0SubroiZ15683136Y78409408X1097612544Difficultsoma_pred_affs/3693 with read ROI [1232:2800, 2384:3952, 10448:12016] (1568, 1568, 1568) and write ROI [1728:2304, 2880:3456, 10944:11520] (576, 576, 576)
Recorded block-done for octoS0SubroiZ15683136Y78409408X1097612544Difficultsoma_pred_affs/3693 with read ROI [1232:2800, 2384:3952, 10448:12016] (1568, 1568, 1568) and write ROI [1728:2304, 2880:3456, 10944:11520] (576, 576, 576)
Recording block-done for octoS0SubroiZ15683136Y78409408X1097612544Difficultsoma_pred_affs/2973 with read ROI [1232:2800, 2960:4528, 8720:10288] (1568, 1568, 1568) and write ROI [1728:2304, 3456:4032, 9216:9792] (576, 576, 576)
Recorded block-done for octoS0SubroiZ15683136Y78409408X1097612544Difficultsoma_pred_affs/2973 with read ROI [1232:2800, 2960:4528, 8720:10288] (1568, 1568, 1568) and write ROI [1728:2304, 3456:4032, 9216:9792] (576, 576, 576)
Recording block-done for octoS0SubroiZ15683136Y78409408X1097612544Difficultsoma_pred_affs/412 with read ROI [1232:2800, 2960:4528, 1232:2800] (1568, 1568, 1568) and write ROI [1728:2304, 3456:4032, 1728:2304] (576, 576, 576)
Recorded block-done for octoS0SubroiZ15683136Y78409408X1097612544Difficultsoma_pred_affs/412 with read ROI [1232:2800, 2960:4528, 1232:2800] (1568, 1568, 1568) and write ROI [1728:2304, 3456:4032, 1728:2304] (576, 576, 576)
Recording block-done for octoS0SubroiZ15683136Y78409408X1097612544Difficultsoma_pred_affs/728 with read ROI [1232:2800, 2960:4528, 2960:4528] (1568, 1568, 1568) and write ROI [1728:2304, 3456:4032, 3456:4032] (576, 576, 576)
Recorded block-done for octoS0SubroiZ15683136Y78409408X1097612544Difficultsoma_pred_affs/728 with read ROI [1232:2800, 2960:4528, 2960:4528] (1568, 1568, 1568) and write ROI [1728:2304, 3456:4032, 3456:4032] (576, 576, 576)
Recording block-done for octoS0SubroiZ15683136Y78409408X1097612544Difficultsoma_pred_affs/344 with read ROI [1232:2800, 3536:5104, 80:1648] (1568, 1568, 1568) and write ROI [1728:2304, 4032:4608, 576:1152] (576, 576, 576)
Recorded block-done for octoS0SubroiZ15683136Y78409408X1097612544Difficultsoma_pred_affs/344 with read ROI [1232:2800, 3536:5104, 80:1648] (1568, 1568, 1568) and write ROI [1728:2304, 4032:4608, 576:1152] (576, 576, 576)
Recording block-done for octoS0SubroiZ15683136Y78409408X1097612544Difficultsoma_pred_affs/2648 with read ROI [1232:2800, 2960:4528, 8144:9712] (1568, 1568, 1568) and write ROI [1728:2304, 3456:4032, 8640:9216] (576, 576, 576)
Recorded block-done for octoS0SubroiZ15683136Y78409408X1097612544Difficultsoma_pred_affs/2648 with read ROI [1232:2800, 2960:4528, 8144:9712] (1568, 1568, 1568) and write ROI [1728:2304, 3456:4032, 8640:9216] (576, 576, 576)
Recording block-done for octoS0SubroiZ15683136Y78409408X1097612544Difficultsoma_pred_affs/738 with read ROI [1232:2800, 3536:5104, 2384:3952] (1568, 1568, 1568) and write ROI [1728:2304, 4032:4608, 2880:3456] (576, 576, 576)
Recorded block-done for octoS0SubroiZ15683136Y78409408X1097612544Difficultsoma_pred_affs/738 with read ROI [1232:2800, 3536:5104, 2384:3952] (1568, 1568, 1568) and write ROI [1728:2304, 4032:4608, 2880:3456] (576, 576, 576)
Recording block-done for octoS0SubroiZ15683136Y78409408X1097612544Difficultsoma_pred_affs/885 with read ROI [1232:2800, 4112:5680, 2384:3952] (1568, 1568, 1568) and write ROI [1728:2304, 4608:5184, 2880:3456] (576, 576, 576)
Recorded block-done for octoS0SubroiZ15683136Y78409408X1097612544Difficultsoma_pred_affs/885 with read ROI [1232:2800, 4112:5680, 2384:3952] (1568, 1568, 1568) and write ROI [1728:2304, 4608:5184, 2880:3456] (576, 576, 576)
Recording block-done for octoS0SubroiZ15683136Y78409408X1097612544Difficultsoma_pred_affs/1840 with read ROI [1232:2800, 4112:5680, 5264:6832] (1568, 1568, 1568) and write ROI [1728:2304, 4608:5184, 5760:6336] (576, 576, 576)
Recorded block-done for octoS0SubroiZ15683136Y78409408X1097612544Difficultsoma_pred_affs/1840 with read ROI [1232:2800, 4112:5680, 5264:6832] (1568, 1568, 1568) and write ROI [1728:2304, 4608:5184, 5760:6336] (576, 576, 576)
Recording block-done for octoS0SubroiZ15683136Y78409408X1097612544Difficultsoma_pred_affs/1209 with read ROI [1232:2800, 4112:5680, 3536:5104] (1568, 1568, 1568) and write ROI [1728:2304, 4608:5184, 4032:4608] (576, 576, 576)
Recorded block-done for octoS0SubroiZ15683136Y78409408X1097612544Difficultsoma_pred_affs/1209 with read ROI [1232:2800, 4112:5680, 3536:5104] (1568, 1568, 1568) and write ROI [1728:2304, 4608:5184, 4032:4608] (576, 576, 576)
Recording block-done for octoS0SubroiZ15683136Y78409408X1097612544Difficultsoma_pred_affs/3723 with read ROI [1232:2800, 4112:5680, 8720:10288] (1568, 1568, 1568) and write ROI [1728:2304, 4608:5184, 9216:9792] (576, 576, 576)
Recorded block-done for octoS0SubroiZ15683136Y78409408X1097612544Difficultsoma_pred_affs/3723 with read ROI [1232:2800, 4112:5680, 8720:10288] (1568, 1568, 1568) and write ROI [1728:2304, 4608:5184, 9216:9792] (576, 576, 576)
Recording block-done for octoS0SubroiZ15683136Y78409408X1097612544Difficultsoma_pred_affs/2983 with read ROI [1232:2800, 3536:5104, 8144:9712] (1568, 1568, 1568) and write ROI [1728:2304, 4032:4608, 8640:9216] (576, 576, 576)
Recorded block-done for octoS0SubroiZ15683136Y78409408X1097612544Difficultsoma_pred_affs/2983 with read ROI [1232:2800, 3536:5104, 8144:9712] (1568, 1568, 1568) and write ROI [1728:2304, 4032:4608, 8640:9216] (576, 576, 576)
Recording block-done for octoS0SubroiZ15683136Y78409408X1097612544Difficultsoma_pred_affs/4129 with read ROI [1232:2800, 4112:5680, 9296:10864] (1568, 1568, 1568) and write ROI [1728:2304, 4608:5184, 9792:10368] (576, 576, 576)
Recorded block-done for octoS0SubroiZ15683136Y78409408X1097612544Difficultsoma_pred_affs/4129 with read ROI [1232:2800, 4112:5680, 9296:10864] (1568, 1568, 1568) and write ROI [1728:2304, 4608:5184, 9792:10368] (576, 576, 576)
Recording block-done for octoS0SubroiZ15683136Y78409408X1097612544Difficultsoma_pred_affs/4576 with read ROI [1232:2800, 4688:6256, 9296:10864] (1568, 1568, 1568) and write ROI [1728:2304, 5184:5760, 9792:10368] (576, 576, 576)
Recorded block-done for octoS0SubroiZ15683136Y78409408X1097612544Difficultsoma_pred_affs/4576 with read ROI [1232:2800, 4688:6256, 9296:10864] (1568, 1568, 1568) and write ROI [1728:2304, 5184:5760, 9792:10368] (576, 576, 576)
Recording block-done for octoS0SubroiZ15683136Y78409408X1097612544Difficultsoma_pred_affs/897 with read ROI [1232:2800, 4688:6256, 1808:3376] (1568, 1568, 1568) and write ROI [1728:2304, 5184:5760, 2304:2880] (576, 576, 576)
Recorded block-done for octoS0SubroiZ15683136Y78409408X1097612544Difficultsoma_pred_affs/897 with read ROI [1232:2800, 4688:6256, 1808:3376] (1568, 1568, 1568) and write ROI [1728:2304, 5184:5760, 2304:2880] (576, 576, 576)
Recording block-done for octoS0SubroiZ15683136Y78409408X1097612544Difficultsoma_pred_affs/1411 with read ROI [1232:2800, 4688:6256, 3536:5104] (1568, 1568, 1568) and write ROI [1728:2304, 5184:5760, 4032:4608] (576, 576, 576)
Recorded block-done for octoS0SubroiZ15683136Y78409408X1097612544Difficultsoma_pred_affs/1411 with read ROI [1232:2800, 4688:6256, 3536:5104] (1568, 1568, 1568) and write ROI [1728:2304, 5184:5760, 4032:4608] (576, 576, 576)
Recording block-done for octoS0SubroiZ15683136Y78409408X1097612544Difficultsoma_pred_affs/3735 with read ROI [1232:2800, 4688:6256, 8144:9712] (1568, 1568, 1568) and write ROI [1728:2304, 5184:5760, 8640:9216] (576, 576, 576)
Recorded block-done for octoS0SubroiZ15683136Y78409408X1097612544Difficultsoma_pred_affs/3735 with read ROI [1232:2800, 4688:6256, 8144:9712] (1568, 1568, 1568) and write ROI [1728:2304, 5184:5760, 8640:9216] (576, 576, 576)
Recording block-done for octoS0SubroiZ15683136Y78409408X1097612544Difficultsoma_pred_affs/1234 with read ROI [1232:2800, 5264:6832, 2384:3952] (1568, 1568, 1568) and write ROI [1728:2304, 5760:6336, 2880:3456] (576, 576, 576)
Recorded block-done for octoS0SubroiZ15683136Y78409408X1097612544Difficultsoma_pred_affs/1234 with read ROI [1232:2800, 5264:6832, 2384:3952] (1568, 1568, 1568) and write ROI [1728:2304, 5760:6336, 2880:3456] (576, 576, 576)
Recording block-done for octoS0SubroiZ15683136Y78409408X1097612544Difficultsoma_pred_affs/2118 with read ROI [1232:2800, 5264:6832, 4688:6256] (1568, 1568, 1568) and write ROI [1728:2304, 5760:6336, 5184:5760] (576, 576, 576)
Recorded block-done for octoS0SubroiZ15683136Y78409408X1097612544Difficultsoma_pred_affs/2118 with read ROI [1232:2800, 5264:6832, 4688:6256] (1568, 1568, 1568) and write ROI [1728:2304, 5760:6336, 5184:5760] (576, 576, 576)
Recording block-done for octoS0SubroiZ15683136Y78409408X1097612544Difficultsoma_pred_affs/2132 with read ROI [1232:2800, 5840:7408, 4112:5680] (1568, 1568, 1568) and write ROI [1728:2304, 6336:6912, 4608:5184] (576, 576, 576)
Recorded block-done for octoS0SubroiZ15683136Y78409408X1097612544Difficultsoma_pred_affs/2132 with read ROI [1232:2800, 5840:7408, 4112:5680] (1568, 1568, 1568) and write ROI [1728:2304, 6336:6912, 4608:5184] (576, 576, 576)
Recording block-done for octoS0SubroiZ15683136Y78409408X1097612544Difficultsoma_pred_affs/3033 with read ROI [1232:2800, 5840:7408, 5840:7408] (1568, 1568, 1568) and write ROI [1728:2304, 6336:6912, 6336:6912] (576, 576, 576)
Recorded block-done for octoS0SubroiZ15683136Y78409408X1097612544Difficultsoma_pred_affs/3033 with read ROI [1232:2800, 5840:7408, 5840:7408] (1568, 1568, 1568) and write ROI [1728:2304, 6336:6912, 6336:6912] (576, 576, 576)
Recording block-done for octoS0SubroiZ15683136Y78409408X1097612544Difficultsoma_pred_affs/6092 with read ROI [1232:2800, 5840:7408, 9872:11440] (1568, 1568, 1568) and write ROI [1728:2304, 6336:6912, 10368:10944] (576, 576, 576)
Recorded block-done for octoS0SubroiZ15683136Y78409408X1097612544Difficultsoma_pred_affs/6092 with read ROI [1232:2800, 5840:7408, 9872:11440] (1568, 1568, 1568) and write ROI [1728:2304, 6336:6912, 10368:10944] (576, 576, 576)
Recording block-done for octoS0SubroiZ15683136Y78409408X1097612544Difficultsoma_pred_affs/5579 with read ROI [1232:2800, 6416:7984, 8720:10288] (1568, 1568, 1568) and write ROI [1728:2304, 6912:7488, 9216:9792] (576, 576, 576)
Recorded block-done for octoS0SubroiZ15683136Y78409408X1097612544Difficultsoma_pred_affs/5579 with read ROI [1232:2800, 6416:7984, 8720:10288] (1568, 1568, 1568) and write ROI [1728:2304, 6912:7488, 9216:9792] (576, 576, 576)
Recording block-done for octoS0SubroiZ15683136Y78409408X1097612544Difficultsoma_pred_affs/2147 with read ROI [1232:2800, 6416:7984, 3536:5104] (1568, 1568, 1568) and write ROI [1728:2304, 6912:7488, 4032:4608] (576, 576, 576)
Recorded block-done for octoS0SubroiZ15683136Y78409408X1097612544Difficultsoma_pred_affs/2147 with read ROI [1232:2800, 6416:7984, 3536:5104] (1568, 1568, 1568) and write ROI [1728:2304, 6912:7488, 4032:4608] (576, 576, 576)
Recording block-done for octoS0SubroiZ15683136Y78409408X1097612544Difficultsoma_pred_affs/1108 with read ROI [1232:2800, 6992:8560, 80:1648] (1568, 1568, 1568) and write ROI [1728:2304, 7488:8064, 576:1152] (576, 576, 576)
Recorded block-done for octoS0SubroiZ15683136Y78409408X1097612544Difficultsoma_pred_affs/1108 with read ROI [1232:2800, 6992:8560, 80:1648] (1568, 1568, 1568) and write ROI [1728:2304, 7488:8064, 576:1152] (576, 576, 576)
Recording block-done for octoS0SubroiZ15683136Y78409408X1097612544Difficultsoma_pred_affs/4183 with read ROI [1232:2800, 6416:7984, 6992:8560] (1568, 1568, 1568) and write ROI [1728:2304, 6912:7488, 7488:8064] (576, 576, 576)
Recorded block-done for octoS0SubroiZ15683136Y78409408X1097612544Difficultsoma_pred_affs/4183 with read ROI [1232:2800, 6416:7984, 6992:8560] (1568, 1568, 1568) and write ROI [1728:2304, 6912:7488, 7488:8064] (576, 576, 576)
Recording block-done for octoS0SubroiZ15683136Y78409408X1097612544Difficultsoma_pred_affs/2439 with read ROI [1232:2800, 6992:8560, 3536:5104] (1568, 1568, 1568) and write ROI [1728:2304, 7488:8064, 4032:4608] (576, 576, 576)
Recorded block-done for octoS0SubroiZ15683136Y78409408X1097612544Difficultsoma_pred_affs/2439 with read ROI [1232:2800, 6992:8560, 3536:5104] (1568, 1568, 1568) and write ROI [1728:2304, 7488:8064, 4032:4608] (576, 576, 576)
Recording block-done for octoS0SubroiZ15683136Y78409408X1097612544Difficultsoma_pred_affs/7909 with read ROI [1232:2800, 6992:8560, 10448:12016] (1568, 1568, 1568) and write ROI [1728:2304, 7488:8064, 10944:11520] (576, 576, 576)
Recorded block-done for octoS0SubroiZ15683136Y78409408X1097612544Difficultsoma_pred_affs/7909 with read ROI [1232:2800, 6992:8560, 10448:12016] (1568, 1568, 1568) and write ROI [1728:2304, 7488:8064, 10944:11520] (576, 576, 576)
Recording block-done for octoS0SubroiZ15683136Y78409408X1097612544Difficultsoma_pred_affs/1696 with read ROI [1232:2800, 7568:9136, 1232:2800] (1568, 1568, 1568) and write ROI [1728:2304, 8064:8640, 1728:2304] (576, 576, 576)
Recorded block-done for octoS0SubroiZ15683136Y78409408X1097612544Difficultsoma_pred_affs/1696 with read ROI [1232:2800, 7568:9136, 1232:2800] (1568, 1568, 1568) and write ROI [1728:2304, 8064:8640, 1728:2304] (576, 576, 576)
Recording block-done for octoS0SubroiZ15683136Y78409408X1097612544Difficultsoma_pred_affs/3810 with read ROI [1232:2800, 7568:9136, 5264:6832] (1568, 1568, 1568) and write ROI [1728:2304, 8064:8640, 5760:6336] (576, 576, 576)
Recorded block-done for octoS0SubroiZ15683136Y78409408X1097612544Difficultsoma_pred_affs/3810 with read ROI [1232:2800, 7568:9136, 5264:6832] (1568, 1568, 1568) and write ROI [1728:2304, 8064:8640, 5760:6336] (576, 576, 576)
Recording block-done for octoS0SubroiZ15683136Y78409408X1097612544Difficultsoma_pred_affs/3081 with read ROI [1232:2800, 7568:9136, 4112:5680] (1568, 1568, 1568) and write ROI [1728:2304, 8064:8640, 4608:5184] (576, 576, 576)
Recorded block-done for octoS0SubroiZ15683136Y78409408X1097612544Difficultsoma_pred_affs/3081 with read ROI [1232:2800, 7568:9136, 4112:5680] (1568, 1568, 1568) and write ROI [1728:2304, 8064:8640, 4608:5184] (576, 576, 576)
Recording block-done for octoS0SubroiZ15683136Y78409408X1097612544Difficultsoma_pred_affs/6701 with read ROI [1232:2800, 7568:9136, 8720:10288] (1568, 1568, 1568) and write ROI [1728:2304, 8064:8640, 9216:9792] (576, 576, 576)
Recorded block-done for octoS0SubroiZ15683136Y78409408X1097612544Difficultsoma_pred_affs/6701 with read ROI [1232:2800, 7568:9136, 8720:10288] (1568, 1568, 1568) and write ROI [1728:2304, 8064:8640, 9216:9792] (576, 576, 576)
Recording block-done for octoS0SubroiZ15683136Y78409408X1097612544Difficultsoma_pred_affs/2793 with read ROI [1232:2800, 8720:10288, 2384:3952] (1568, 1568, 1568) and write ROI [1728:2304, 9216:9792, 2880:3456] (576, 576, 576)
Recorded block-done for octoS0SubroiZ15683136Y78409408X1097612544Difficultsoma_pred_affs/2793 with read ROI [1232:2800, 8720:10288, 2384:3952] (1568, 1568, 1568) and write ROI [1728:2304, 9216:9792, 2880:3456] (576, 576, 576)
Recording block-done for octoS0SubroiZ15683136Y78409408X1097612544Difficultsoma_pred_affs/5649 with read ROI [1232:2800, 8720:10288, 6416:7984] (1568, 1568, 1568) and write ROI [1728:2304, 9216:9792, 6912:7488] (576, 576, 576)
Recorded block-done for octoS0SubroiZ15683136Y78409408X1097612544Difficultsoma_pred_affs/5649 with read ROI [1232:2800, 8720:10288, 6416:7984] (1568, 1568, 1568) and write ROI [1728:2304, 9216:9792, 6912:7488] (576, 576, 576)
Recording block-done for octoS0SubroiZ15683136Y78409408X1097612544Difficultsoma_pred_affs/2774 with read ROI [1232:2800, 8144:9712, 2960:4528] (1568, 1568, 1568) and write ROI [1728:2304, 8640:9216, 3456:4032] (576, 576, 576)
Recorded block-done for octoS0SubroiZ15683136Y78409408X1097612544Difficultsoma_pred_affs/2774 with read ROI [1232:2800, 8144:9712, 2960:4528] (1568, 1568, 1568) and write ROI [1728:2304, 8640:9216, 3456:4032] (576, 576, 576)
Recording block-done for octoS0SubroiZ15683136Y78409408X1097612544Difficultsoma_pred_affs/6158 with read ROI [1232:2800, 8144:9712, 7568:9136] (1568, 1568, 1568) and write ROI [1728:2304, 8640:9216, 8064:8640] (576, 576, 576)
Recorded block-done for octoS0SubroiZ15683136Y78409408X1097612544Difficultsoma_pred_affs/6158 with read ROI [1232:2800, 8144:9712, 7568:9136] (1568, 1568, 1568) and write ROI [1728:2304, 8640:9216, 8064:8640] (576, 576, 576)
Recording block-done for octoS0SubroiZ15683136Y78409408X1097612544Difficultsoma_pred_affs/6177 with read ROI [1232:2800, 8720:10288, 6992:8560] (1568, 1568, 1568) and write ROI [1728:2304, 9216:9792, 7488:8064] (576, 576, 576)
Recorded block-done for octoS0SubroiZ15683136Y78409408X1097612544Difficultsoma_pred_affs/6177 with read ROI [1232:2800, 8720:10288, 6992:8560] (1568, 1568, 1568) and write ROI [1728:2304, 9216:9792, 7488:8064] (576, 576, 576)
Recording block-done for octoS0SubroiZ15683136Y78409408X1097612544Difficultsoma_pred_affs/2813 with read ROI [1232:2800, 9296:10864, 1808:3376] (1568, 1568, 1568) and write ROI [1728:2304, 9792:10368, 2304:2880] (576, 576, 576)
Recorded block-done for octoS0SubroiZ15683136Y78409408X1097612544Difficultsoma_pred_affs/2813 with read ROI [1232:2800, 9296:10864, 1808:3376] (1568, 1568, 1568) and write ROI [1728:2304, 9792:10368, 2304:2880] (576, 576, 576)
Recording block-done for octoS0SubroiZ15683136Y78409408X1097612544Difficultsoma_pred_affs/6197 with read ROI [1232:2800, 9296:10864, 6416:7984] (1568, 1568, 1568) and write ROI [1728:2304, 9792:10368, 6912:7488] (576, 576, 576)
Recorded block-done for octoS0SubroiZ15683136Y78409408X1097612544Difficultsoma_pred_affs/6197 with read ROI [1232:2800, 9296:10864, 6416:7984] (1568, 1568, 1568) and write ROI [1728:2304, 9792:10368, 6912:7488] (576, 576, 576)
Recording block-done for octoS0SubroiZ15683136Y78409408X1097612544Difficultsoma_pred_affs/7983 with read ROI [1232:2800, 9296:10864, 8144:9712] (1568, 1568, 1568) and write ROI [1728:2304, 9792:10368, 8640:9216] (576, 576, 576)
Recorded block-done for octoS0SubroiZ15683136Y78409408X1097612544Difficultsoma_pred_affs/7983 with read ROI [1232:2800, 9296:10864, 8144:9712] (1568, 1568, 1568) and write ROI [1728:2304, 9792:10368, 8640:9216] (576, 576, 576)
Recording block-done for octoS0SubroiZ15683136Y78409408X1097612544Difficultsoma_pred_affs/10093 with read ROI [1232:2800, 9296:10864, 9872:11440] (1568, 1568, 1568) and write ROI [1728:2304, 9792:10368, 10368:10944] (576, 576, 576)
Recorded block-done for octoS0SubroiZ15683136Y78409408X1097612544Difficultsoma_pred_affs/10093 with read ROI [1232:2800, 9296:10864, 9872:11440] (1568, 1568, 1568) and write ROI [1728:2304, 9792:10368, 10368:10944] (576, 576, 576)
Recording block-done for octoS0SubroiZ15683136Y78409408X1097612544Difficultsoma_pred_affs/2258 with read ROI [1232:2800, 9872:11440, 80:1648] (1568, 1568, 1568) and write ROI [1728:2304, 10368:10944, 576:1152] (576, 576, 576)
Recorded block-done for octoS0SubroiZ15683136Y78409408X1097612544Difficultsoma_pred_affs/2258 with read ROI [1232:2800, 9872:11440, 80:1648] (1568, 1568, 1568) and write ROI [1728:2304, 10368:10944, 576:1152] (576, 576, 576)
Recording block-done for octoS0SubroiZ15683136Y78409408X1097612544Difficultsoma_pred_affs/7374 with read ROI [1232:2800, 9872:11440, 6992:8560] (1568, 1568, 1568) and write ROI [1728:2304, 10368:10944, 7488:8064] (576, 576, 576)
Recorded block-done for octoS0SubroiZ15683136Y78409408X1097612544Difficultsoma_pred_affs/7374 with read ROI [1232:2800, 9872:11440, 6992:8560] (1568, 1568, 1568) and write ROI [1728:2304, 10368:10944, 7488:8064] (576, 576, 576)
Recording block-done for octoS0SubroiZ15683136Y78409408X1097612544Difficultsoma_pred_affs/10114 with read ROI [1232:2800, 9872:11440, 9296:10864] (1568, 1568, 1568) and write ROI [1728:2304, 10368:10944, 9792:10368] (576, 576, 576)
Recorded block-done for octoS0SubroiZ15683136Y78409408X1097612544Difficultsoma_pred_affs/10114 with read ROI [1232:2800, 9872:11440, 9296:10864] (1568, 1568, 1568) and write ROI [1728:2304, 10368:10944, 9792:10368] (576, 576, 576)
Recording block-done for octoS0SubroiZ15683136Y78409408X1097612544Difficultsoma_pred_affs/3910 with read ROI [1232:2800, 10448:12016, 2384:3952] (1568, 1568, 1568) and write ROI [1728:2304, 10944:11520, 2880:3456] (576, 576, 576)
Recorded block-done for octoS0SubroiZ15683136Y78409408X1097612544Difficultsoma_pred_affs/3910 with read ROI [1232:2800, 10448:12016, 2384:3952] (1568, 1568, 1568) and write ROI [1728:2304, 10944:11520, 2880:3456] (576, 576, 576)
Recording block-done for octoS0SubroiZ15683136Y78409408X1097612544Difficultsoma_pred_affs/5712 with read ROI [1232:2800, 10448:12016, 4688:6256] (1568, 1568, 1568) and write ROI [1728:2304, 10944:11520, 5184:5760] (576, 576, 576)
Recorded block-done for octoS0SubroiZ15683136Y78409408X1097612544Difficultsoma_pred_affs/5712 with read ROI [1232:2800, 10448:12016, 4688:6256] (1568, 1568, 1568) and write ROI [1728:2304, 10944:11520, 5184:5760] (576, 576, 576)
Recording block-done for octoS0SubroiZ15683136Y78409408X1097612544Difficultsoma_pred_affs/5216 with read ROI [1232:2800, 10448:12016, 4112:5680] (1568, 1568, 1568) and write ROI [1728:2304, 10944:11520, 4608:5184] (576, 576, 576)
Recorded block-done for octoS0SubroiZ15683136Y78409408X1097612544Difficultsoma_pred_affs/5216 with read ROI [1232:2800, 10448:12016, 4112:5680] (1568, 1568, 1568) and write ROI [1728:2304, 10944:11520, 4608:5184] (576, 576, 576)
Recording block-done for octoS0SubroiZ15683136Y78409408X1097612544Difficultsoma_pred_affs/12597 with read ROI [1232:2800, 10448:12016, 10448:12016] (1568, 1568, 1568) and write ROI [1728:2304, 10944:11520, 10944:11520] (576, 576, 576)
Recorded block-done for octoS0SubroiZ15683136Y78409408X1097612544Difficultsoma_pred_affs/12597 with read ROI [1232:2800, 10448:12016, 10448:12016] (1568, 1568, 1568) and write ROI [1728:2304, 10944:11520, 10944:11520] (576, 576, 576)
Recording block-done for octoS0SubroiZ15683136Y78409408X1097612544Difficultsoma_pred_affs/190 with read ROI [1808:3376, 656:2224, 1232:2800] (1568, 1568, 1568) and write ROI [2304:2880, 1152:1728, 1728:2304] (576, 576, 576)
Recorded block-done for octoS0SubroiZ15683136Y78409408X1097612544Difficultsoma_pred_affs/190 with read ROI [1808:3376, 656:2224, 1232:2800] (1568, 1568, 1568) and write ROI [2304:2880, 1152:1728, 1728:2304] (576, 576, 576)
Recording block-done for octoS0SubroiZ15683136Y78409408X1097612544Difficultsoma_pred_affs/1790 with read ROI [1808:3376, 80:1648, 8720:10288] (1568, 1568, 1568) and write ROI [2304:2880, 576:1152, 9216:9792] (576, 576, 576)
Recorded block-done for octoS0SubroiZ15683136Y78409408X1097612544Difficultsoma_pred_affs/1790 with read ROI [1808:3376, 80:1648, 8720:10288] (1568, 1568, 1568) and write ROI [2304:2880, 576:1152, 9216:9792] (576, 576, 576)
Recording block-done for octoS0SubroiZ15683136Y78409408X1097612544Difficultsoma_pred_affs/699 with read ROI [1808:3376, 80:1648, 5264:6832] (1568, 1568, 1568) and write ROI [2304:2880, 576:1152, 5760:6336] (576, 576, 576)
Recorded block-done for octoS0SubroiZ15683136Y78409408X1097612544Difficultsoma_pred_affs/699 with read ROI [1808:3376, 80:1648, 5264:6832] (1568, 1568, 1568) and write ROI [2304:2880, 576:1152, 5760:6336] (576, 576, 576)
Recording block-done for octoS0SubroiZ15683136Y78409408X1097612544Difficultsoma_pred_affs/2043 with read ROI [1808:3376, 80:1648, 9296:10864] (1568, 1568, 1568) and write ROI [2304:2880, 576:1152, 9792:10368] (576, 576, 576)
Recorded block-done for octoS0SubroiZ15683136Y78409408X1097612544Difficultsoma_pred_affs/2043 with read ROI [1808:3376, 80:1648, 9296:10864] (1568, 1568, 1568) and write ROI [2304:2880, 576:1152, 9792:10368] (576, 576, 576)
Recording block-done for octoS0SubroiZ15683136Y78409408X1097612544Difficultsoma_pred_affs/2619 with read ROI [1808:3376, 80:1648, 10448:12016] (1568, 1568, 1568) and write ROI [2304:2880, 576:1152, 10944:11520] (576, 576, 576)
Recorded block-done for octoS0SubroiZ15683136Y78409408X1097612544Difficultsoma_pred_affs/2619 with read ROI [1808:3376, 80:1648, 10448:12016] (1568, 1568, 1568) and write ROI [2304:2880, 576:1152, 10944:11520] (576, 576, 576)
Recording block-done for octoS0SubroiZ15683136Y78409408X1097612544Difficultsoma_pred_affs/1165 with read ROI [1808:3376, 656:2224, 6416:7984] (1568, 1568, 1568) and write ROI [2304:2880, 1152:1728, 6912:7488] (576, 576, 576)
Recorded block-done for octoS0SubroiZ15683136Y78409408X1097612544Difficultsoma_pred_affs/1165 with read ROI [1808:3376, 656:2224, 6416:7984] (1568, 1568, 1568) and write ROI [2304:2880, 1152:1728, 6912:7488] (576, 576, 576)
Recording block-done for octoS0SubroiZ15683136Y78409408X1097612544Difficultsoma_pred_affs/1172 with read ROI [1808:3376, 1232:2800, 5840:7408] (1568, 1568, 1568) and write ROI [2304:2880, 1728:2304, 6336:6912] (576, 576, 576)
Recorded block-done for octoS0SubroiZ15683136Y78409408X1097612544Difficultsoma_pred_affs/1172 with read ROI [1808:3376, 1232:2800, 5840:7408] (1568, 1568, 1568) and write ROI [2304:2880, 1728:2304, 6336:6912] (576, 576, 576)
Recording block-done for octoS0SubroiZ15683136Y78409408X1097612544Difficultsoma_pred_affs/2325 with read ROI [1808:3376, 656:2224, 9296:10864] (1568, 1568, 1568) and write ROI [2304:2880, 1152:1728, 9792:10368] (576, 576, 576)
Recorded block-done for octoS0SubroiZ15683136Y78409408X1097612544Difficultsoma_pred_affs/2325 with read ROI [1808:3376, 656:2224, 9296:10864] (1568, 1568, 1568) and write ROI [2304:2880, 1152:1728, 9792:10368] (576, 576, 576)
Recording block-done for octoS0SubroiZ15683136Y78409408X1097612544Difficultsoma_pred_affs/487 with read ROI [1808:3376, 1232:2800, 2960:4528] (1568, 1568, 1568) and write ROI [2304:2880, 1728:2304, 3456:4032] (576, 576, 576)
Recorded block-done for octoS0SubroiZ15683136Y78409408X1097612544Difficultsoma_pred_affs/487 with read ROI [1808:3376, 1232:2800, 2960:4528] (1568, 1568, 1568) and write ROI [2304:2880, 1728:2304, 3456:4032] (576, 576, 576)
Recording block-done for octoS0SubroiZ15683136Y78409408X1097612544Difficultsoma_pred_affs/1803 with read ROI [1808:3376, 1232:2800, 7568:9136] (1568, 1568, 1568) and write ROI [2304:2880, 1728:2304, 8064:8640] (576, 576, 576)
Recorded block-done for octoS0SubroiZ15683136Y78409408X1097612544Difficultsoma_pred_affs/1803 with read ROI [1808:3376, 1232:2800, 7568:9136] (1568, 1568, 1568) and write ROI [2304:2880, 1728:2304, 8064:8640] (576, 576, 576)
Recording block-done for octoS0SubroiZ15683136Y78409408X1097612544Difficultsoma_pred_affs/1180 with read ROI [1808:3376, 1808:3376, 5264:6832] (1568, 1568, 1568) and write ROI [2304:2880, 2304:2880, 5760:6336] (576, 576, 576)
Recorded block-done for octoS0SubroiZ15683136Y78409408X1097612544Difficultsoma_pred_affs/1180 with read ROI [1808:3376, 1808:3376, 5264:6832] (1568, 1568, 1568) and write ROI [2304:2880, 2304:2880, 5760:6336] (576, 576, 576)
Recording block-done for octoS0SubroiZ15683136Y78409408X1097612544Difficultsoma_pred_affs/404 with read ROI [1808:3376, 1808:3376, 1808:3376] (1568, 1568, 1568) and write ROI [2304:2880, 2304:2880, 2304:2880] (576, 576, 576)
Recorded block-done for octoS0SubroiZ15683136Y78409408X1097612544Difficultsoma_pred_affs/404 with read ROI [1808:3376, 1808:3376, 1808:3376] (1568, 1568, 1568) and write ROI [2304:2880, 2304:2880, 2304:2880] (576, 576, 576)
Recording block-done for octoS0SubroiZ15683136Y78409408X1097612544Difficultsoma_pred_affs/205 with read ROI [1808:3376, 1808:3376, 80:1648] (1568, 1568, 1568) and write ROI [2304:2880, 2304:2880, 576:1152] (576, 576, 576)
Recorded block-done for octoS0SubroiZ15683136Y78409408X1097612544Difficultsoma_pred_affs/205 with read ROI [1808:3376, 1808:3376, 80:1648] (1568, 1568, 1568) and write ROI [2304:2880, 2304:2880, 576:1152] (576, 576, 576)
Recording block-done for octoS0SubroiZ15683136Y78409408X1097612544Difficultsoma_pred_affs/2340 with read ROI [1808:3376, 1808:3376, 8144:9712] (1568, 1568, 1568) and write ROI [2304:2880, 2304:2880, 8640:9216] (576, 576, 576)
Recorded block-done for octoS0SubroiZ15683136Y78409408X1097612544Difficultsoma_pred_affs/2340 with read ROI [1808:3376, 1808:3376, 8144:9712] (1568, 1568, 1568) and write ROI [2304:2880, 2304:2880, 8640:9216] (576, 576, 576)
Recording block-done for octoS0SubroiZ15683136Y78409408X1097612544Difficultsoma_pred_affs/269 with read ROI [1808:3376, 2384:3952, 80:1648] (1568, 1568, 1568) and write ROI [2304:2880, 2880:3456, 576:1152] (576, 576, 576)
Recorded block-done for octoS0SubroiZ15683136Y78409408X1097612544Difficultsoma_pred_affs/269 with read ROI [1808:3376, 2384:3952, 80:1648] (1568, 1568, 1568) and write ROI [2304:2880, 2880:3456, 576:1152] (576, 576, 576)
Recording block-done for octoS0SubroiZ15683136Y78409408X1097612544Difficultsoma_pred_affs/1589 with read ROI [1808:3376, 2384:3952, 5840:7408] (1568, 1568, 1568) and write ROI [2304:2880, 2880:3456, 6336:6912] (576, 576, 576)
Recorded block-done for octoS0SubroiZ15683136Y78409408X1097612544Difficultsoma_pred_affs/1589 with read ROI [1808:3376, 2384:3952, 5840:7408] (1568, 1568, 1568) and write ROI [2304:2880, 2880:3456, 6336:6912] (576, 576, 576)
Recording block-done for octoS0SubroiZ15683136Y78409408X1097612544Difficultsoma_pred_affs/3325 with read ROI [1808:3376, 2384:3952, 9296:10864] (1568, 1568, 1568) and write ROI [2304:2880, 2880:3456, 9792:10368] (576, 576, 576)
Recorded block-done for octoS0SubroiZ15683136Y78409408X1097612544Difficultsoma_pred_affs/3325 with read ROI [1808:3376, 2384:3952, 9296:10864] (1568, 1568, 1568) and write ROI [2304:2880, 2880:3456, 9792:10368] (576, 576, 576)
Recording block-done for octoS0SubroiZ15683136Y78409408X1097612544Difficultsoma_pred_affs/729 with read ROI [1808:3376, 2384:3952, 2960:4528] (1568, 1568, 1568) and write ROI [2304:2880, 2880:3456, 3456:4032] (576, 576, 576)
Recorded block-done for octoS0SubroiZ15683136Y78409408X1097612544Difficultsoma_pred_affs/729 with read ROI [1808:3376, 2384:3952, 2960:4528] (1568, 1568, 1568) and write ROI [2304:2880, 2880:3456, 3456:4032] (576, 576, 576)
Recording block-done for octoS0SubroiZ15683136Y78409408X1097612544Difficultsoma_pred_affs/1389 with read ROI [1808:3376, 2960:4528, 4688:6256] (1568, 1568, 1568) and write ROI [2304:2880, 3456:4032, 5184:5760] (576, 576, 576)
Recorded block-done for octoS0SubroiZ15683136Y78409408X1097612544Difficultsoma_pred_affs/1389 with read ROI [1808:3376, 2960:4528, 4688:6256] (1568, 1568, 1568) and write ROI [2304:2880, 3456:4032, 5184:5760] (576, 576, 576)
Recording block-done for octoS0SubroiZ15683136Y78409408X1097612544Difficultsoma_pred_affs/630 with read ROI [1808:3376, 3536:5104, 1232:2800] (1568, 1568, 1568) and write ROI [2304:2880, 4032:4608, 1728:2304] (576, 576, 576)
Recorded block-done for octoS0SubroiZ15683136Y78409408X1097612544Difficultsoma_pred_affs/630 with read ROI [1808:3376, 3536:5104, 1232:2800] (1568, 1568, 1568) and write ROI [2304:2880, 4032:4608, 1728:2304] (576, 576, 576)
Recording block-done for octoS0SubroiZ15683136Y78409408X1097612544Difficultsoma_pred_affs/1039 with read ROI [1808:3376, 3536:5104, 2960:4528] (1568, 1568, 1568) and write ROI [2304:2880, 4032:4608, 3456:4032] (576, 576, 576)
Recorded block-done for octoS0SubroiZ15683136Y78409408X1097612544Difficultsoma_pred_affs/1039 with read ROI [1808:3376, 3536:5104, 2960:4528] (1568, 1568, 1568) and write ROI [2304:2880, 4032:4608, 3456:4032] (576, 576, 576)
Recording block-done for octoS0SubroiZ15683136Y78409408X1097612544Difficultsoma_pred_affs/2984 with read ROI [1808:3376, 2960:4528, 8144:9712] (1568, 1568, 1568) and write ROI [2304:2880, 3456:4032, 8640:9216] (576, 576, 576)
Recorded block-done for octoS0SubroiZ15683136Y78409408X1097612544Difficultsoma_pred_affs/2984 with read ROI [1808:3376, 2960:4528, 8144:9712] (1568, 1568, 1568) and write ROI [2304:2880, 3456:4032, 8640:9216] (576, 576, 576)
Recording block-done for octoS0SubroiZ15683136Y78409408X1097612544Difficultsoma_pred_affs/2670 with read ROI [1808:3376, 3536:5104, 6992:8560] (1568, 1568, 1568) and write ROI [2304:2880, 4032:4608, 7488:8064] (576, 576, 576)
Recorded block-done for octoS0SubroiZ15683136Y78409408X1097612544Difficultsoma_pred_affs/2670 with read ROI [1808:3376, 3536:5104, 6992:8560] (1568, 1568, 1568) and write ROI [2304:2880, 4032:4608, 7488:8064] (576, 576, 576)
Recording block-done for octoS0SubroiZ15683136Y78409408X1097612544Difficultsoma_pred_affs/1622 with read ROI [1808:3376, 4112:5680, 4112:5680] (1568, 1568, 1568) and write ROI [2304:2880, 4608:5184, 4608:5184] (576, 576, 576)
Recorded block-done for octoS0SubroiZ15683136Y78409408X1097612544Difficultsoma_pred_affs/1622 with read ROI [1808:3376, 4112:5680, 4112:5680] (1568, 1568, 1568) and write ROI [2304:2880, 4608:5184, 4608:5184] (576, 576, 576)
Recording block-done for octoS0SubroiZ15683136Y78409408X1097612544Difficultsoma_pred_affs/4577 with read ROI [1808:3376, 4112:5680, 9296:10864] (1568, 1568, 1568) and write ROI [2304:2880, 4608:5184, 9792:10368] (576, 576, 576)
Recorded block-done for octoS0SubroiZ15683136Y78409408X1097612544Difficultsoma_pred_affs/4577 with read ROI [1808:3376, 4112:5680, 9296:10864] (1568, 1568, 1568) and write ROI [2304:2880, 4608:5184, 9792:10368] (576, 576, 576)
Recording block-done for octoS0SubroiZ15683136Y78409408X1097612544Difficultsoma_pred_affs/3736 with read ROI [1808:3376, 4112:5680, 8144:9712] (1568, 1568, 1568) and write ROI [2304:2880, 4608:5184, 8640:9216] (576, 576, 576)
Recorded block-done for octoS0SubroiZ15683136Y78409408X1097612544Difficultsoma_pred_affs/3736 with read ROI [1808:3376, 4112:5680, 8144:9712] (1568, 1568, 1568) and write ROI [2304:2880, 4608:5184, 8640:9216] (576, 576, 576)
Recording block-done for octoS0SubroiZ15683136Y78409408X1097612544Difficultsoma_pred_affs/775 with read ROI [1808:3376, 4688:6256, 656:2224] (1568, 1568, 1568) and write ROI [2304:2880, 5184:5760, 1152:1728] (576, 576, 576)
Recorded block-done for octoS0SubroiZ15683136Y78409408X1097612544Difficultsoma_pred_affs/775 with read ROI [1808:3376, 4688:6256, 656:2224] (1568, 1568, 1568) and write ROI [2304:2880, 5184:5760, 1152:1728] (576, 576, 576)
Recording block-done for octoS0SubroiZ15683136Y78409408X1097612544Difficultsoma_pred_affs/1425 with read ROI [1808:3376, 4688:6256, 2960:4528] (1568, 1568, 1568) and write ROI [2304:2880, 5184:5760, 3456:4032] (576, 576, 576)
Recorded block-done for octoS0SubroiZ15683136Y78409408X1097612544Difficultsoma_pred_affs/1425 with read ROI [1808:3376, 4688:6256, 2960:4528] (1568, 1568, 1568) and write ROI [2304:2880, 5184:5760, 3456:4032] (576, 576, 576)
Recording block-done for octoS0SubroiZ15683136Y78409408X1097612544Difficultsoma_pred_affs/2133 with read ROI [1808:3376, 5264:6832, 4112:5680] (1568, 1568, 1568) and write ROI [2304:2880, 5760:6336, 4608:5184] (576, 576, 576)
Recorded block-done for octoS0SubroiZ15683136Y78409408X1097612544Difficultsoma_pred_affs/2133 with read ROI [1808:3376, 5264:6832, 4112:5680] (1568, 1568, 1568) and write ROI [2304:2880, 5760:6336, 4608:5184] (576, 576, 576)
Recording block-done for octoS0SubroiZ15683136Y78409408X1097612544Difficultsoma_pred_affs/1439 with read ROI [1808:3376, 5264:6832, 2384:3952] (1568, 1568, 1568) and write ROI [2304:2880, 5760:6336, 2880:3456] (576, 576, 576)
Recorded block-done for octoS0SubroiZ15683136Y78409408X1097612544Difficultsoma_pred_affs/1439 with read ROI [1808:3376, 5264:6832, 2384:3952] (1568, 1568, 1568) and write ROI [2304:2880, 5760:6336, 2880:3456] (576, 576, 576)
Recording block-done for octoS0SubroiZ15683136Y78409408X1097612544Difficultsoma_pred_affs/3749 with read ROI [1808:3376, 4688:6256, 7568:9136] (1568, 1568, 1568) and write ROI [2304:2880, 5184:5760, 8064:8640] (576, 576, 576)
Recorded block-done for octoS0SubroiZ15683136Y78409408X1097612544Difficultsoma_pred_affs/3749 with read ROI [1808:3376, 4688:6256, 7568:9136] (1568, 1568, 1568) and write ROI [2304:2880, 5184:5760, 8064:8640] (576, 576, 576)
Recording block-done for octoS0SubroiZ15683136Y78409408X1097612544Difficultsoma_pred_affs/1649 with read ROI [1808:3376, 5264:6832, 2960:4528] (1568, 1568, 1568) and write ROI [2304:2880, 5760:6336, 3456:4032] (576, 576, 576)
Recorded block-done for octoS0SubroiZ15683136Y78409408X1097612544Difficultsoma_pred_affs/1649 with read ROI [1808:3376, 5264:6832, 2960:4528] (1568, 1568, 1568) and write ROI [2304:2880, 5760:6336, 3456:4032] (576, 576, 576)
Recording block-done for octoS0SubroiZ15683136Y78409408X1097612544Difficultsoma_pred_affs/6654 with read ROI [1808:3376, 5264:6832, 10448:12016] (1568, 1568, 1568) and write ROI [2304:2880, 5760:6336, 10944:11520] (576, 576, 576)
Recorded block-done for octoS0SubroiZ15683136Y78409408X1097612544Difficultsoma_pred_affs/6654 with read ROI [1808:3376, 5264:6832, 10448:12016] (1568, 1568, 1568) and write ROI [2304:2880, 5760:6336, 10944:11520] (576, 576, 576)
Recording block-done for octoS0SubroiZ15683136Y78409408X1097612544Difficultsoma_pred_affs/3049 with read ROI [1808:3376, 5840:7408, 5264:6832] (1568, 1568, 1568) and write ROI [2304:2880, 6336:6912, 5760:6336] (576, 576, 576)
Recorded block-done for octoS0SubroiZ15683136Y78409408X1097612544Difficultsoma_pred_affs/3049 with read ROI [1808:3376, 5840:7408, 5264:6832] (1568, 1568, 1568) and write ROI [2304:2880, 6336:6912, 5760:6336] (576, 576, 576)
Recording block-done for octoS0SubroiZ15683136Y78409408X1097612544Difficultsoma_pred_affs/2424 with read ROI [1808:3376, 5840:7408, 4112:5680] (1568, 1568, 1568) and write ROI [2304:2880, 6336:6912, 4608:5184] (576, 576, 576)
Recorded block-done for octoS0SubroiZ15683136Y78409408X1097612544Difficultsoma_pred_affs/2424 with read ROI [1808:3376, 5840:7408, 4112:5680] (1568, 1568, 1568) and write ROI [2304:2880, 6336:6912, 4608:5184] (576, 576, 576)
Recording block-done for octoS0SubroiZ15683136Y78409408X1097612544Difficultsoma_pred_affs/4619 with read ROI [1808:3376, 5840:7408, 7568:9136] (1568, 1568, 1568) and write ROI [2304:2880, 6336:6912, 8064:8640] (576, 576, 576)
Recorded block-done for octoS0SubroiZ15683136Y78409408X1097612544Difficultsoma_pred_affs/4619 with read ROI [1808:3376, 5840:7408, 7568:9136] (1568, 1568, 1568) and write ROI [2304:2880, 6336:6912, 8064:8640] (576, 576, 576)
Recording block-done for octoS0SubroiZ15683136Y78409408X1097612544Difficultsoma_pred_affs/2164 with read ROI [1808:3376, 6416:7984, 2960:4528] (1568, 1568, 1568) and write ROI [2304:2880, 6912:7488, 3456:4032] (576, 576, 576)
Recorded block-done for octoS0SubroiZ15683136Y78409408X1097612544Difficultsoma_pred_affs/2164 with read ROI [1808:3376, 6416:7984, 2960:4528] (1568, 1568, 1568) and write ROI [2304:2880, 6912:7488, 3456:4032] (576, 576, 576)
Recording block-done for octoS0SubroiZ15683136Y78409408X1097612544Difficultsoma_pred_affs/4635 with read ROI [1808:3376, 6416:7984, 6992:8560] (1568, 1568, 1568) and write ROI [2304:2880, 6912:7488, 7488:8064] (576, 576, 576)
Recorded block-done for octoS0SubroiZ15683136Y78409408X1097612544Difficultsoma_pred_affs/4635 with read ROI [1808:3376, 6416:7984, 6992:8560] (1568, 1568, 1568) and write ROI [2304:2880, 6912:7488, 7488:8064] (576, 576, 576)
Recording block-done for octoS0SubroiZ15683136Y78409408X1097612544Difficultsoma_pred_affs/6124 with read ROI [1808:3376, 6416:7984, 8720:10288] (1568, 1568, 1568) and write ROI [2304:2880, 6912:7488, 9216:9792] (576, 576, 576)
Recorded block-done for octoS0SubroiZ15683136Y78409408X1097612544Difficultsoma_pred_affs/6124 with read ROI [1808:3376, 6416:7984, 8720:10288] (1568, 1568, 1568) and write ROI [2304:2880, 6912:7488, 9216:9792] (576, 576, 576)
Recording block-done for octoS0SubroiZ15683136Y78409408X1097612544Difficultsoma_pred_affs/7280 with read ROI [1808:3376, 6416:7984, 9872:11440] (1568, 1568, 1568) and write ROI [2304:2880, 6912:7488, 10368:10944] (576, 576, 576)
Recorded block-done for octoS0SubroiZ15683136Y78409408X1097612544Difficultsoma_pred_affs/7280 with read ROI [1808:3376, 6416:7984, 9872:11440] (1568, 1568, 1568) and write ROI [2304:2880, 6912:7488, 10368:10944] (576, 576, 576)
Recording block-done for octoS0SubroiZ15683136Y78409408X1097612544Difficultsoma_pred_affs/3082 with read ROI [1808:3376, 6992:8560, 4112:5680] (1568, 1568, 1568) and write ROI [2304:2880, 7488:8064, 4608:5184] (576, 576, 576)
Recorded block-done for octoS0SubroiZ15683136Y78409408X1097612544Difficultsoma_pred_affs/3082 with read ROI [1808:3376, 6992:8560, 4112:5680] (1568, 1568, 1568) and write ROI [2304:2880, 7488:8064, 4608:5184] (576, 576, 576)
Recording block-done for octoS0SubroiZ15683136Y78409408X1097612544Difficultsoma_pred_affs/1505 with read ROI [1808:3376, 7568:9136, 80:1648] (1568, 1568, 1568) and write ROI [2304:2880, 8064:8640, 576:1152] (576, 576, 576)
Recorded block-done for octoS0SubroiZ15683136Y78409408X1097612544Difficultsoma_pred_affs/1505 with read ROI [1808:3376, 7568:9136, 80:1648] (1568, 1568, 1568) and write ROI [2304:2880, 8064:8640, 576:1152] (576, 576, 576)
Recording block-done for octoS0SubroiZ15683136Y78409408X1097612544Difficultsoma_pred_affs/8593 with read ROI [1808:3376, 6992:8560, 10448:12016] (1568, 1568, 1568) and write ROI [2304:2880, 7488:8064, 10944:11520] (576, 576, 576)
Recorded block-done for octoS0SubroiZ15683136Y78409408X1097612544Difficultsoma_pred_affs/8593 with read ROI [1808:3376, 6992:8560, 10448:12016] (1568, 1568, 1568) and write ROI [2304:2880, 7488:8064, 10944:11520] (576, 576, 576)
Recording block-done for octoS0SubroiZ15683136Y78409408X1097612544Difficultsoma_pred_affs/2775 with read ROI [1808:3376, 7568:9136, 2960:4528] (1568, 1568, 1568) and write ROI [2304:2880, 8064:8640, 3456:4032] (576, 576, 576)
Recorded block-done for octoS0SubroiZ15683136Y78409408X1097612544Difficultsoma_pred_affs/2775 with read ROI [1808:3376, 7568:9136, 2960:4528] (1568, 1568, 1568) and write ROI [2304:2880, 8064:8640, 3456:4032] (576, 576, 576)
Recording block-done for octoS0SubroiZ15683136Y78409408X1097612544Difficultsoma_pred_affs/1965 with read ROI [1808:3376, 8144:9712, 656:2224] (1568, 1568, 1568) and write ROI [2304:2880, 8640:9216, 1152:1728] (576, 576, 576)
Recorded block-done for octoS0SubroiZ15683136Y78409408X1097612544Difficultsoma_pred_affs/1965 with read ROI [1808:3376, 8144:9712, 656:2224] (1568, 1568, 1568) and write ROI [2304:2880, 8640:9216, 1152:1728] (576, 576, 576)
Recording block-done for octoS0SubroiZ15683136Y78409408X1097612544Difficultsoma_pred_affs/3119 with read ROI [1808:3376, 8144:9712, 2960:4528] (1568, 1568, 1568) and write ROI [2304:2880, 8640:9216, 3456:4032] (576, 576, 576)
Recorded block-done for octoS0SubroiZ15683136Y78409408X1097612544Difficultsoma_pred_affs/3119 with read ROI [1808:3376, 8144:9712, 2960:4528] (1568, 1568, 1568) and write ROI [2304:2880, 8640:9216, 3456:4032] (576, 576, 576)
Recording block-done for octoS0SubroiZ15683136Y78409408X1097612544Difficultsoma_pred_affs/10074 with read ROI [1808:3376, 8144:9712, 10448:12016] (1568, 1568, 1568) and write ROI [2304:2880, 8640:9216, 10944:11520] (576, 576, 576)
Recorded block-done for octoS0SubroiZ15683136Y78409408X1097612544Difficultsoma_pred_affs/10074 with read ROI [1808:3376, 8144:9712, 10448:12016] (1568, 1568, 1568) and write ROI [2304:2880, 8640:9216, 10944:11520] (576, 576, 576)
Recording block-done for octoS0SubroiZ15683136Y78409408X1097612544Difficultsoma_pred_affs/2535 with read ROI [1808:3376, 9296:10864, 656:2224] (1568, 1568, 1568) and write ROI [2304:2880, 9792:10368, 1152:1728] (576, 576, 576)
Recorded block-done for octoS0SubroiZ15683136Y78409408X1097612544Difficultsoma_pred_affs/2535 with read ROI [1808:3376, 9296:10864, 656:2224] (1568, 1568, 1568) and write ROI [2304:2880, 9792:10368, 1152:1728] (576, 576, 576)
Recording block-done for octoS0SubroiZ15683136Y78409408X1097612544Difficultsoma_pred_affs/5195 with read ROI [1808:3376, 9296:10864, 4688:6256] (1568, 1568, 1568) and write ROI [2304:2880, 9792:10368, 5184:5760] (576, 576, 576)
Recorded block-done for octoS0SubroiZ15683136Y78409408X1097612544Difficultsoma_pred_affs/5195 with read ROI [1808:3376, 9296:10864, 4688:6256] (1568, 1568, 1568) and write ROI [2304:2880, 9792:10368, 5184:5760] (576, 576, 576)
Recording block-done for octoS0SubroiZ15683136Y78409408X1097612544Difficultsoma_pred_affs/6219 with read ROI [1808:3376, 9296:10864, 5840:7408] (1568, 1568, 1568) and write ROI [2304:2880, 9792:10368, 6336:6912] (576, 576, 576)
Recorded block-done for octoS0SubroiZ15683136Y78409408X1097612544Difficultsoma_pred_affs/6219 with read ROI [1808:3376, 9296:10864, 5840:7408] (1568, 1568, 1568) and write ROI [2304:2880, 9792:10368, 6336:6912] (576, 576, 576)
Recording block-done for octoS0SubroiZ15683136Y78409408X1097612544Difficultsoma_pred_affs/4295 with read ROI [1808:3376, 9296:10864, 3536:5104] (1568, 1568, 1568) and write ROI [2304:2880, 9792:10368, 4032:4608] (576, 576, 576)
Recorded block-done for octoS0SubroiZ15683136Y78409408X1097612544Difficultsoma_pred_affs/4295 with read ROI [1808:3376, 9296:10864, 3536:5104] (1568, 1568, 1568) and write ROI [2304:2880, 9792:10368, 4032:4608] (576, 576, 576)
Recording block-done for octoS0SubroiZ15683136Y78409408X1097612544Difficultsoma_pred_affs/2557 with read ROI [1808:3376, 9872:11440, 80:1648] (1568, 1568, 1568) and write ROI [2304:2880, 10368:10944, 576:1152] (576, 576, 576)
Recorded block-done for octoS0SubroiZ15683136Y78409408X1097612544Difficultsoma_pred_affs/2557 with read ROI [1808:3376, 9872:11440, 80:1648] (1568, 1568, 1568) and write ROI [2304:2880, 10368:10944, 576:1152] (576, 576, 576)
Recording block-done for octoS0SubroiZ15683136Y78409408X1097612544Difficultsoma_pred_affs/10137 with read ROI [1808:3376, 9872:11440, 8720:10288] (1568, 1568, 1568) and write ROI [2304:2880, 10368:10944, 9216:9792] (576, 576, 576)
Recorded block-done for octoS0SubroiZ15683136Y78409408X1097612544Difficultsoma_pred_affs/10137 with read ROI [1808:3376, 9872:11440, 8720:10288] (1568, 1568, 1568) and write ROI [2304:2880, 10368:10944, 9216:9792] (576, 576, 576)
Recording block-done for octoS0SubroiZ15683136Y78409408X1097612544Difficultsoma_pred_affs/12598 with read ROI [1808:3376, 9872:11440, 10448:12016] (1568, 1568, 1568) and write ROI [2304:2880, 10368:10944, 10944:11520] (576, 576, 576)
Recorded block-done for octoS0SubroiZ15683136Y78409408X1097612544Difficultsoma_pred_affs/12598 with read ROI [1808:3376, 9872:11440, 10448:12016] (1568, 1568, 1568) and write ROI [2304:2880, 10368:10944, 10944:11520] (576, 576, 576)
Recording block-done for octoS0SubroiZ15683136Y78409408X1097612544Difficultsoma_pred_affs/6264 with read ROI [1808:3376, 10448:12016, 4688:6256] (1568, 1568, 1568) and write ROI [2304:2880, 10944:11520, 5184:5760] (576, 576, 576)
Recorded block-done for octoS0SubroiZ15683136Y78409408X1097612544Difficultsoma_pred_affs/6264 with read ROI [1808:3376, 10448:12016, 4688:6256] (1568, 1568, 1568) and write ROI [2304:2880, 10944:11520, 5184:5760] (576, 576, 576)
Recording block-done for octoS0SubroiZ15683136Y78409408X1097612544Difficultsoma_pred_affs/9396 with read ROI [1808:3376, 9872:11440, 8144:9712] (1568, 1568, 1568) and write ROI [2304:2880, 10368:10944, 8640:9216] (576, 576, 576)
Recorded block-done for octoS0SubroiZ15683136Y78409408X1097612544Difficultsoma_pred_affs/9396 with read ROI [1808:3376, 9872:11440, 8144:9712] (1568, 1568, 1568) and write ROI [2304:2880, 10368:10944, 8640:9216] (576, 576, 576)
Recording block-done for octoS0SubroiZ15683136Y78409408X1097612544Difficultsoma_pred_affs/7420 with read ROI [1808:3376, 10448:12016, 5840:7408] (1568, 1568, 1568) and write ROI [2304:2880, 10944:11520, 6336:6912] (576, 576, 576)
Recorded block-done for octoS0SubroiZ15683136Y78409408X1097612544Difficultsoma_pred_affs/7420 with read ROI [1808:3376, 10448:12016, 5840:7408] (1568, 1568, 1568) and write ROI [2304:2880, 10944:11520, 6336:6912] (576, 576, 576)
Recording block-done for octoS0SubroiZ15683136Y78409408X1097612544Difficultsoma_pred_affs/10940 with read ROI [1808:3376, 10448:12016, 8720:10288] (1568, 1568, 1568) and write ROI [2304:2880, 10944:11520, 9216:9792] (576, 576, 576)
Recorded block-done for octoS0SubroiZ15683136Y78409408X1097612544Difficultsoma_pred_affs/10940 with read ROI [1808:3376, 10448:12016, 8720:10288] (1568, 1568, 1568) and write ROI [2304:2880, 10944:11520, 9216:9792] (576, 576, 576)
Recording block-done for octoS0SubroiZ15683136Y78409408X1097612544Difficultsoma_pred_affs/13524 with read ROI [1808:3376, 10448:12016, 10448:12016] (1568, 1568, 1568) and write ROI [2304:2880, 10944:11520, 10944:11520] (576, 576, 576)
Recorded block-done for octoS0SubroiZ15683136Y78409408X1097612544Difficultsoma_pred_affs/13524 with read ROI [1808:3376, 10448:12016, 10448:12016] (1568, 1568, 1568) and write ROI [2304:2880, 10944:11520, 10944:11520] (576, 576, 576)
Recording block-done for octoS0SubroiZ15683136Y78409408X1097612544Difficultsoma_pred_affs/198 with read ROI [2384:3952, 656:2224, 656:2224] (1568, 1568, 1568) and write ROI [2880:3456, 1152:1728, 1152:1728] (576, 576, 576)
Recorded block-done for octoS0SubroiZ15683136Y78409408X1097612544Difficultsoma_pred_affs/198 with read ROI [2384:3952, 656:2224, 656:2224] (1568, 1568, 1568) and write ROI [2880:3456, 1152:1728, 1152:1728] (576, 576, 576)
Recording block-done for octoS0SubroiZ15683136Y78409408X1097612544Difficultsoma_pred_affs/397 with read ROI [2384:3952, 656:2224, 2384:3952] (1568, 1568, 1568) and write ROI [2880:3456, 1152:1728, 2880:3456] (576, 576, 576)
Recorded block-done for octoS0SubroiZ15683136Y78409408X1097612544Difficultsoma_pred_affs/397 with read ROI [2384:3952, 656:2224, 2384:3952] (1568, 1568, 1568) and write ROI [2880:3456, 1152:1728, 2880:3456] (576, 576, 576)
Recording block-done for octoS0SubroiZ15683136Y78409408X1097612544Difficultsoma_pred_affs/706 with read ROI [2384:3952, 80:1648, 4688:6256] (1568, 1568, 1568) and write ROI [2880:3456, 576:1152, 5184:5760] (576, 576, 576)
Recorded block-done for octoS0SubroiZ15683136Y78409408X1097612544Difficultsoma_pred_affs/706 with read ROI [2384:3952, 80:1648, 4688:6256] (1568, 1568, 1568) and write ROI [2880:3456, 576:1152, 5184:5760] (576, 576, 576)
Recording block-done for octoS0SubroiZ15683136Y78409408X1097612544Difficultsoma_pred_affs/2326 with read ROI [2384:3952, 80:1648, 9296:10864] (1568, 1568, 1568) and write ROI [2880:3456, 576:1152, 9792:10368] (576, 576, 576)
Recorded block-done for octoS0SubroiZ15683136Y78409408X1097612544Difficultsoma_pred_affs/2326 with read ROI [2384:3952, 80:1648, 9296:10864] (1568, 1568, 1568) and write ROI [2880:3456, 576:1152, 9792:10368] (576, 576, 576)
Recording block-done for octoS0SubroiZ15683136Y78409408X1097612544Difficultsoma_pred_affs/1566 with read ROI [2384:3952, 80:1648, 7568:9136] (1568, 1568, 1568) and write ROI [2880:3456, 576:1152, 8064:8640] (576, 576, 576)
Recorded block-done for octoS0SubroiZ15683136Y78409408X1097612544Difficultsoma_pred_affs/1566 with read ROI [2384:3952, 80:1648, 7568:9136] (1568, 1568, 1568) and write ROI [2880:3456, 576:1152, 8064:8640] (576, 576, 576)
Recording block-done for octoS0SubroiZ15683136Y78409408X1097612544Difficultsoma_pred_affs/1581 with read ROI [2384:3952, 1232:2800, 6416:7984] (1568, 1568, 1568) and write ROI [2880:3456, 1728:2304, 6912:7488] (576, 576, 576)
Recorded block-done for octoS0SubroiZ15683136Y78409408X1097612544Difficultsoma_pred_affs/1581 with read ROI [2384:3952, 1232:2800, 6416:7984] (1568, 1568, 1568) and write ROI [2880:3456, 1728:2304, 6912:7488] (576, 576, 576)
Recording block-done for octoS0SubroiZ15683136Y78409408X1097612544Difficultsoma_pred_affs/327 with read ROI [2384:3952, 1232:2800, 1232:2800] (1568, 1568, 1568) and write ROI [2880:3456, 1728:2304, 1728:2304] (576, 576, 576)
Recorded block-done for octoS0SubroiZ15683136Y78409408X1097612544Difficultsoma_pred_affs/327 with read ROI [2384:3952, 1232:2800, 1232:2800] (1568, 1568, 1568) and write ROI [2880:3456, 1728:2304, 1728:2304] (576, 576, 576)
Recording block-done for octoS0SubroiZ15683136Y78409408X1097612544Difficultsoma_pred_affs/2057 with read ROI [2384:3952, 656:2224, 8144:9712] (1568, 1568, 1568) and write ROI [2880:3456, 1152:1728, 8640:9216] (576, 576, 576)
Recorded block-done for octoS0SubroiZ15683136Y78409408X1097612544Difficultsoma_pred_affs/2057 with read ROI [2384:3952, 656:2224, 8144:9712] (1568, 1568, 1568) and write ROI [2880:3456, 1152:1728, 8640:9216] (576, 576, 576)
Recording block-done for octoS0SubroiZ15683136Y78409408X1097612544Difficultsoma_pred_affs/721 with read ROI [2384:3952, 1232:2800, 3536:5104] (1568, 1568, 1568) and write ROI [2880:3456, 1728:2304, 4032:4608] (576, 576, 576)
Recorded block-done for octoS0SubroiZ15683136Y78409408X1097612544Difficultsoma_pred_affs/721 with read ROI [2384:3952, 1232:2800, 3536:5104] (1568, 1568, 1568) and write ROI [2880:3456, 1728:2304, 4032:4608] (576, 576, 576)
Recording block-done for octoS0SubroiZ15683136Y78409408X1097612544Difficultsoma_pred_affs/336 with read ROI [2384:3952, 1808:3376, 656:2224] (1568, 1568, 1568) and write ROI [2880:3456, 2304:2880, 1152:1728] (576, 576, 576)
Recorded block-done for octoS0SubroiZ15683136Y78409408X1097612544Difficultsoma_pred_affs/336 with read ROI [2384:3952, 1808:3376, 656:2224] (1568, 1568, 1568) and write ROI [2880:3456, 2304:2880, 1152:1728] (576, 576, 576)
Recording block-done for octoS0SubroiZ15683136Y78409408X1097612544Difficultsoma_pred_affs/1019 with read ROI [2384:3952, 1808:3376, 4112:5680] (1568, 1568, 1568) and write ROI [2880:3456, 2304:2880, 4608:5184] (576, 576, 576)
Recorded block-done for octoS0SubroiZ15683136Y78409408X1097612544Difficultsoma_pred_affs/1019 with read ROI [2384:3952, 1808:3376, 4112:5680] (1568, 1568, 1568) and write ROI [2880:3456, 2304:2880, 4608:5184] (576, 576, 576)
Recording block-done for octoS0SubroiZ15683136Y78409408X1097612544Difficultsoma_pred_affs/2074 with read ROI [2384:3952, 1808:3376, 6992:8560] (1568, 1568, 1568) and write ROI [2880:3456, 2304:2880, 7488:8064] (576, 576, 576)
Recorded block-done for octoS0SubroiZ15683136Y78409408X1097612544Difficultsoma_pred_affs/2074 with read ROI [2384:3952, 1808:3376, 6992:8560] (1568, 1568, 1568) and write ROI [2880:3456, 2304:2880, 7488:8064] (576, 576, 576)
Recording block-done for octoS0SubroiZ15683136Y78409408X1097612544Difficultsoma_pred_affs/2975 with read ROI [2384:3952, 1808:3376, 8720:10288] (1568, 1568, 1568) and write ROI [2880:3456, 2304:2880, 9216:9792] (576, 576, 576)
Recorded block-done for octoS0SubroiZ15683136Y78409408X1097612544Difficultsoma_pred_affs/2975 with read ROI [2384:3952, 1808:3376, 8720:10288] (1568, 1568, 1568) and write ROI [2880:3456, 2304:2880, 9216:9792] (576, 576, 576)
Recording block-done for octoS0SubroiZ15683136Y78409408X1097612544Difficultsoma_pred_affs/424 with read ROI [2384:3952, 2384:3952, 656:2224] (1568, 1568, 1568) and write ROI [2880:3456, 2880:3456, 1152:1728] (576, 576, 576)
Recorded block-done for octoS0SubroiZ15683136Y78409408X1097612544Difficultsoma_pred_affs/424 with read ROI [2384:3952, 2384:3952, 656:2224] (1568, 1568, 1568) and write ROI [2880:3456, 2880:3456, 1152:1728] (576, 576, 576)
Recording block-done for octoS0SubroiZ15683136Y78409408X1097612544Difficultsoma_pred_affs/1390 with read ROI [2384:3952, 2384:3952, 4688:6256] (1568, 1568, 1568) and write ROI [2880:3456, 2880:3456, 5184:5760] (576, 576, 576)
Recorded block-done for octoS0SubroiZ15683136Y78409408X1097612544Difficultsoma_pred_affs/1390 with read ROI [2384:3952, 2384:3952, 4688:6256] (1568, 1568, 1568) and write ROI [2880:3456, 2880:3456, 5184:5760] (576, 576, 576)
Recording block-done for octoS0SubroiZ15683136Y78409408X1097612544Difficultsoma_pred_affs/2084 with read ROI [2384:3952, 2384:3952, 6416:7984] (1568, 1568, 1568) and write ROI [2880:3456, 2880:3456, 6912:7488] (576, 576, 576)
Recorded block-done for octoS0SubroiZ15683136Y78409408X1097612544Difficultsoma_pred_affs/2084 with read ROI [2384:3952, 2384:3952, 6416:7984] (1568, 1568, 1568) and write ROI [2880:3456, 2880:3456, 6912:7488] (576, 576, 576)
Recording block-done for octoS0SubroiZ15683136Y78409408X1097612544Difficultsoma_pred_affs/4555 with read ROI [2384:3952, 2384:3952, 10448:12016] (1568, 1568, 1568) and write ROI [2880:3456, 2880:3456, 10944:11520] (576, 576, 576)
Recorded block-done for octoS0SubroiZ15683136Y78409408X1097612544Difficultsoma_pred_affs/4555 with read ROI [2384:3952, 2384:3952, 10448:12016] (1568, 1568, 1568) and write ROI [2880:3456, 2880:3456, 10944:11520] (576, 576, 576)
Recording block-done for octoS0SubroiZ15683136Y78409408X1097612544Difficultsoma_pred_affs/2371 with read ROI [2384:3952, 2960:4528, 6416:7984] (1568, 1568, 1568) and write ROI [2880:3456, 3456:4032, 6912:7488] (576, 576, 576)
Recorded block-done for octoS0SubroiZ15683136Y78409408X1097612544Difficultsoma_pred_affs/2371 with read ROI [2384:3952, 2960:4528, 6416:7984] (1568, 1568, 1568) and write ROI [2880:3456, 3456:4032, 6912:7488] (576, 576, 576)
Recording block-done for octoS0SubroiZ15683136Y78409408X1097612544Difficultsoma_pred_affs/1401 with read ROI [2384:3952, 2960:4528, 4112:5680] (1568, 1568, 1568) and write ROI [2880:3456, 3456:4032, 4608:5184] (576, 576, 576)
Recorded block-done for octoS0SubroiZ15683136Y78409408X1097612544Difficultsoma_pred_affs/1401 with read ROI [2384:3952, 2960:4528, 4112:5680] (1568, 1568, 1568) and write ROI [2880:3456, 3456:4032, 4608:5184] (576, 576, 576)
Recording block-done for octoS0SubroiZ15683136Y78409408X1097612544Difficultsoma_pred_affs/763 with read ROI [2384:3952, 3536:5104, 1232:2800] (1568, 1568, 1568) and write ROI [2880:3456, 4032:4608, 1728:2304] (576, 576, 576)
Recorded block-done for octoS0SubroiZ15683136Y78409408X1097612544Difficultsoma_pred_affs/763 with read ROI [2384:3952, 3536:5104, 1232:2800] (1568, 1568, 1568) and write ROI [2880:3456, 4032:4608, 1728:2304] (576, 576, 576)
Recording block-done for octoS0SubroiZ15683136Y78409408X1097612544Difficultsoma_pred_affs/643 with read ROI [2384:3952, 3536:5104, 656:2224] (1568, 1568, 1568) and write ROI [2880:3456, 4032:4608, 1152:1728] (576, 576, 576)
Recorded block-done for octoS0SubroiZ15683136Y78409408X1097612544Difficultsoma_pred_affs/643 with read ROI [2384:3952, 3536:5104, 656:2224] (1568, 1568, 1568) and write ROI [2880:3456, 4032:4608, 1152:1728] (576, 576, 576)
Recording block-done for octoS0SubroiZ15683136Y78409408X1097612544Difficultsoma_pred_affs/1040 with read ROI [2384:3952, 2960:4528, 2960:4528] (1568, 1568, 1568) and write ROI [2880:3456, 3456:4032, 3456:4032] (576, 576, 576)
Recorded block-done for octoS0SubroiZ15683136Y78409408X1097612544Difficultsoma_pred_affs/1040 with read ROI [2384:3952, 2960:4528, 2960:4528] (1568, 1568, 1568) and write ROI [2880:3456, 3456:4032, 3456:4032] (576, 576, 576)
Recording block-done for octoS0SubroiZ15683136Y78409408X1097612544Difficultsoma_pred_affs/1636 with read ROI [2384:3952, 4112:5680, 3536:5104] (1568, 1568, 1568) and write ROI [2880:3456, 4608:5184, 4032:4608] (576, 576, 576)
Recorded block-done for octoS0SubroiZ15683136Y78409408X1097612544Difficultsoma_pred_affs/1636 with read ROI [2384:3952, 4112:5680, 3536:5104] (1568, 1568, 1568) and write ROI [2880:3456, 4608:5184, 4032:4608] (576, 576, 576)
Recording block-done for octoS0SubroiZ15683136Y78409408X1097612544Difficultsoma_pred_affs/2396 with read ROI [2384:3952, 4112:5680, 5264:6832] (1568, 1568, 1568) and write ROI [2880:3456, 4608:5184, 5760:6336] (576, 576, 576)
Recorded block-done for octoS0SubroiZ15683136Y78409408X1097612544Difficultsoma_pred_affs/2396 with read ROI [2384:3952, 4112:5680, 5264:6832] (1568, 1568, 1568) and write ROI [2880:3456, 4608:5184, 5760:6336] (576, 576, 576)
Recording block-done for octoS0SubroiZ15683136Y78409408X1097612544Difficultsoma_pred_affs/4143 with read ROI [2384:3952, 3536:5104, 8720:10288] (1568, 1568, 1568) and write ROI [2880:3456, 4032:4608, 9216:9792] (576, 576, 576)
Recorded block-done for octoS0SubroiZ15683136Y78409408X1097612544Difficultsoma_pred_affs/4143 with read ROI [2384:3952, 3536:5104, 8720:10288] (1568, 1568, 1568) and write ROI [2880:3456, 4032:4608, 9216:9792] (576, 576, 576)
Recording block-done for octoS0SubroiZ15683136Y78409408X1097612544Difficultsoma_pred_affs/5552 with read ROI [2384:3952, 4112:5680, 9872:11440] (1568, 1568, 1568) and write ROI [2880:3456, 4608:5184, 10368:10944] (576, 576, 576)
Recorded block-done for octoS0SubroiZ15683136Y78409408X1097612544Difficultsoma_pred_affs/5552 with read ROI [2384:3952, 4112:5680, 9872:11440] (1568, 1568, 1568) and write ROI [2880:3456, 4608:5184, 10368:10944] (576, 576, 576)
Recording block-done for octoS0SubroiZ15683136Y78409408X1097612544Difficultsoma_pred_affs/926 with read ROI [2384:3952, 4688:6256, 656:2224] (1568, 1568, 1568) and write ROI [2880:3456, 5184:5760, 1152:1728] (576, 576, 576)
Recorded block-done for octoS0SubroiZ15683136Y78409408X1097612544Difficultsoma_pred_affs/926 with read ROI [2384:3952, 4688:6256, 656:2224] (1568, 1568, 1568) and write ROI [2880:3456, 5184:5760, 1152:1728] (576, 576, 576)
Recording block-done for octoS0SubroiZ15683136Y78409408X1097612544Difficultsoma_pred_affs/1440 with read ROI [2384:3952, 4688:6256, 2384:3952] (1568, 1568, 1568) and write ROI [2880:3456, 5184:5760, 2880:3456] (576, 576, 576)
Recorded block-done for octoS0SubroiZ15683136Y78409408X1097612544Difficultsoma_pred_affs/1440 with read ROI [2384:3952, 4688:6256, 2384:3952] (1568, 1568, 1568) and write ROI [2880:3456, 5184:5760, 2880:3456] (576, 576, 576)
Recording block-done for octoS0SubroiZ15683136Y78409408X1097612544Difficultsoma_pred_affs/6094 with read ROI [2384:3952, 4688:6256, 9872:11440] (1568, 1568, 1568) and write ROI [2880:3456, 5184:5760, 10368:10944] (576, 576, 576)
Recorded block-done for octoS0SubroiZ15683136Y78409408X1097612544Difficultsoma_pred_affs/6094 with read ROI [2384:3952, 4688:6256, 9872:11440] (1568, 1568, 1568) and write ROI [2880:3456, 5184:5760, 10368:10944] (576, 576, 576)
Recording block-done for octoS0SubroiZ15683136Y78409408X1097612544Difficultsoma_pred_affs/2710 with read ROI [2384:3952, 4688:6256, 5264:6832] (1568, 1568, 1568) and write ROI [2880:3456, 5184:5760, 5760:6336] (576, 576, 576)
Recorded block-done for octoS0SubroiZ15683136Y78409408X1097612544Difficultsoma_pred_affs/2710 with read ROI [2384:3952, 4688:6256, 5264:6832] (1568, 1568, 1568) and write ROI [2880:3456, 5184:5760, 5760:6336] (576, 576, 576)
Recording block-done for octoS0SubroiZ15683136Y78409408X1097612544Difficultsoma_pred_affs/2425 with read ROI [2384:3952, 5264:6832, 4112:5680] (1568, 1568, 1568) and write ROI [2880:3456, 5760:6336, 4608:5184] (576, 576, 576)
Recorded block-done for octoS0SubroiZ15683136Y78409408X1097612544Difficultsoma_pred_affs/2425 with read ROI [2384:3952, 5264:6832, 4112:5680] (1568, 1568, 1568) and write ROI [2880:3456, 5760:6336, 4608:5184] (576, 576, 576)
Recording block-done for octoS0SubroiZ15683136Y78409408X1097612544Difficultsoma_pred_affs/4170 with read ROI [2384:3952, 4688:6256, 7568:9136] (1568, 1568, 1568) and write ROI [2880:3456, 5184:5760, 8064:8640] (576, 576, 576)
Recorded block-done for octoS0SubroiZ15683136Y78409408X1097612544Difficultsoma_pred_affs/4170 with read ROI [2384:3952, 4688:6256, 7568:9136] (1568, 1568, 1568) and write ROI [2880:3456, 5184:5760, 8064:8640] (576, 576, 576)
Recording block-done for octoS0SubroiZ15683136Y78409408X1097612544Difficultsoma_pred_affs/4201 with read ROI [2384:3952, 5840:7408, 6416:7984] (1568, 1568, 1568) and write ROI [2880:3456, 6336:6912, 6912:7488] (576, 576, 576)
Recorded block-done for octoS0SubroiZ15683136Y78409408X1097612544Difficultsoma_pred_affs/4201 with read ROI [2384:3952, 5840:7408, 6416:7984] (1568, 1568, 1568) and write ROI [2880:3456, 6336:6912, 6912:7488] (576, 576, 576)
Recording block-done for octoS0SubroiZ15683136Y78409408X1097612544Difficultsoma_pred_affs/1281 with read ROI [2384:3952, 5840:7408, 656:2224] (1568, 1568, 1568) and write ROI [2880:3456, 6336:6912, 1152:1728] (576, 576, 576)
Recorded block-done for octoS0SubroiZ15683136Y78409408X1097612544Difficultsoma_pred_affs/1281 with read ROI [2384:3952, 5840:7408, 656:2224] (1568, 1568, 1568) and write ROI [2880:3456, 6336:6912, 1152:1728] (576, 576, 576)
Recording block-done for octoS0SubroiZ15683136Y78409408X1097612544Difficultsoma_pred_affs/4185 with read ROI [2384:3952, 5264:6832, 6992:8560] (1568, 1568, 1568) and write ROI [2880:3456, 5760:6336, 7488:8064] (576, 576, 576)
Recorded block-done for octoS0SubroiZ15683136Y78409408X1097612544Difficultsoma_pred_affs/4185 with read ROI [2384:3952, 5264:6832, 6992:8560] (1568, 1568, 1568) and write ROI [2880:3456, 5760:6336, 7488:8064] (576, 576, 576)
Recording block-done for octoS0SubroiZ15683136Y78409408X1097612544Difficultsoma_pred_affs/7281 with read ROI [2384:3952, 5840:7408, 9872:11440] (1568, 1568, 1568) and write ROI [2880:3456, 6336:6912, 10368:10944] (576, 576, 576)
Recorded block-done for octoS0SubroiZ15683136Y78409408X1097612544Difficultsoma_pred_affs/7281 with read ROI [2384:3952, 5840:7408, 9872:11440] (1568, 1568, 1568) and write ROI [2880:3456, 6336:6912, 10368:10944] (576, 576, 576)
Recording block-done for octoS0SubroiZ15683136Y78409408X1097612544Difficultsoma_pred_affs/4636 with read ROI [2384:3952, 5840:7408, 6992:8560] (1568, 1568, 1568) and write ROI [2880:3456, 6336:6912, 7488:8064] (576, 576, 576)
Recorded block-done for octoS0SubroiZ15683136Y78409408X1097612544Difficultsoma_pred_affs/4636 with read ROI [2384:3952, 5840:7408, 6992:8560] (1568, 1568, 1568) and write ROI [2880:3456, 6336:6912, 7488:8064] (576, 576, 576)
Recording block-done for octoS0SubroiZ15683136Y78409408X1097612544Difficultsoma_pred_affs/3812 with read ROI [2384:3952, 6416:7984, 5264:6832] (1568, 1568, 1568) and write ROI [2880:3456, 6912:7488, 5760:6336] (576, 576, 576)
Recorded block-done for octoS0SubroiZ15683136Y78409408X1097612544Difficultsoma_pred_affs/3812 with read ROI [2384:3952, 6416:7984, 5264:6832] (1568, 1568, 1568) and write ROI [2880:3456, 6912:7488, 5760:6336] (576, 576, 576)
Recording block-done for octoS0SubroiZ15683136Y78409408X1097612544Difficultsoma_pred_affs/1698 with read ROI [2384:3952, 6416:7984, 1232:2800] (1568, 1568, 1568) and write ROI [2880:3456, 6912:7488, 1728:2304] (576, 576, 576)
Recorded block-done for octoS0SubroiZ15683136Y78409408X1097612544Difficultsoma_pred_affs/1698 with read ROI [2384:3952, 6416:7984, 1232:2800] (1568, 1568, 1568) and write ROI [2880:3456, 6912:7488, 1728:2304] (576, 576, 576)
Recording block-done for octoS0SubroiZ15683136Y78409408X1097612544Difficultsoma_pred_affs/1506 with read ROI [2384:3952, 6992:8560, 80:1648] (1568, 1568, 1568) and write ROI [2880:3456, 7488:8064, 576:1152] (576, 576, 576)
Recorded block-done for octoS0SubroiZ15683136Y78409408X1097612544Difficultsoma_pred_affs/1506 with read ROI [2384:3952, 6992:8560, 80:1648] (1568, 1568, 1568) and write ROI [2880:3456, 7488:8064, 576:1152] (576, 576, 576)
Recording block-done for octoS0SubroiZ15683136Y78409408X1097612544Difficultsoma_pred_affs/2476 with read ROI [2384:3952, 6992:8560, 2384:3952] (1568, 1568, 1568) and write ROI [2880:3456, 7488:8064, 2880:3456] (576, 576, 576)
Recorded block-done for octoS0SubroiZ15683136Y78409408X1097612544Difficultsoma_pred_affs/2476 with read ROI [2384:3952, 6992:8560, 2384:3952] (1568, 1568, 1568) and write ROI [2880:3456, 7488:8064, 2880:3456] (576, 576, 576)
Recording block-done for octoS0SubroiZ15683136Y78409408X1097612544Difficultsoma_pred_affs/4255 with read ROI [2384:3952, 7568:9136, 4688:6256] (1568, 1568, 1568) and write ROI [2880:3456, 8064:8640, 5184:5760] (576, 576, 576)
Recorded block-done for octoS0SubroiZ15683136Y78409408X1097612544Difficultsoma_pred_affs/4255 with read ROI [2384:3952, 7568:9136, 4688:6256] (1568, 1568, 1568) and write ROI [2880:3456, 8064:8640, 5184:5760] (576, 576, 576)
Recording block-done for octoS0SubroiZ15683136Y78409408X1097612544Difficultsoma_pred_affs/5651 with read ROI [2384:3952, 7568:9136, 6416:7984] (1568, 1568, 1568) and write ROI [2880:3456, 8064:8640, 6912:7488] (576, 576, 576)
Recorded block-done for octoS0SubroiZ15683136Y78409408X1097612544Difficultsoma_pred_affs/5651 with read ROI [2384:3952, 7568:9136, 6416:7984] (1568, 1568, 1568) and write ROI [2880:3456, 8064:8640, 6912:7488] (576, 576, 576)
Recording block-done for octoS0SubroiZ15683136Y78409408X1097612544Difficultsoma_pred_affs/5632 with read ROI [2384:3952, 6992:8560, 6992:8560] (1568, 1568, 1568) and write ROI [2880:3456, 7488:8064, 7488:8064] (576, 576, 576)
Recorded block-done for octoS0SubroiZ15683136Y78409408X1097612544Difficultsoma_pred_affs/5632 with read ROI [2384:3952, 6992:8560, 6992:8560] (1568, 1568, 1568) and write ROI [2880:3456, 7488:8064, 7488:8064] (576, 576, 576)
Recording block-done for octoS0SubroiZ15683136Y78409408X1097612544Difficultsoma_pred_affs/6721 with read ROI [2384:3952, 6992:8560, 8144:9712] (1568, 1568, 1568) and write ROI [2880:3456, 7488:8064, 8640:9216] (576, 576, 576)
Recorded block-done for octoS0SubroiZ15683136Y78409408X1097612544Difficultsoma_pred_affs/6721 with read ROI [2384:3952, 6992:8560, 8144:9712] (1568, 1568, 1568) and write ROI [2880:3456, 7488:8064, 8640:9216] (576, 576, 576)
Recording block-done for octoS0SubroiZ15683136Y78409408X1097612544Difficultsoma_pred_affs/7965 with read ROI [2384:3952, 7568:9136, 8720:10288] (1568, 1568, 1568) and write ROI [2880:3456, 8064:8640, 9216:9792] (576, 576, 576)
Recorded block-done for octoS0SubroiZ15683136Y78409408X1097612544Difficultsoma_pred_affs/7965 with read ROI [2384:3952, 7568:9136, 8720:10288] (1568, 1568, 1568) and write ROI [2880:3456, 8064:8640, 9216:9792] (576, 576, 576)
Recording block-done for octoS0SubroiZ15683136Y78409408X1097612544Difficultsoma_pred_affs/5175 with read ROI [2384:3952, 8144:9712, 5264:6832] (1568, 1568, 1568) and write ROI [2880:3456, 8640:9216, 5760:6336] (576, 576, 576)
Recorded block-done for octoS0SubroiZ15683136Y78409408X1097612544Difficultsoma_pred_affs/5175 with read ROI [2384:3952, 8144:9712, 5264:6832] (1568, 1568, 1568) and write ROI [2880:3456, 8640:9216, 5760:6336] (576, 576, 576)
Recording block-done for octoS0SubroiZ15683136Y78409408X1097612544Difficultsoma_pred_affs/9354 with read ROI [2384:3952, 8144:9712, 9296:10864] (1568, 1568, 1568) and write ROI [2880:3456, 8640:9216, 9792:10368] (576, 576, 576)
Recorded block-done for octoS0SubroiZ15683136Y78409408X1097612544Difficultsoma_pred_affs/9354 with read ROI [2384:3952, 8144:9712, 9296:10864] (1568, 1568, 1568) and write ROI [2880:3456, 8640:9216, 9792:10368] (576, 576, 576)
Recording block-done for octoS0SubroiZ15683136Y78409408X1097612544Difficultsoma_pred_affs/7355 with read ROI [2384:3952, 8144:9712, 7568:9136] (1568, 1568, 1568) and write ROI [2880:3456, 8640:9216, 8064:8640] (576, 576, 576)
Recorded block-done for octoS0SubroiZ15683136Y78409408X1097612544Difficultsoma_pred_affs/7355 with read ROI [2384:3952, 8144:9712, 7568:9136] (1568, 1568, 1568) and write ROI [2880:3456, 8640:9216, 8064:8640] (576, 576, 576)
Recording block-done for octoS0SubroiZ15683136Y78409408X1097612544Difficultsoma_pred_affs/7985 with read ROI [2384:3952, 8144:9712, 8144:9712] (1568, 1568, 1568) and write ROI [2880:3456, 8640:9216, 8640:9216] (576, 576, 576)
Recorded block-done for octoS0SubroiZ15683136Y78409408X1097612544Difficultsoma_pred_affs/7985 with read ROI [2384:3952, 8144:9712, 8144:9712] (1568, 1568, 1568) and write ROI [2880:3456, 8640:9216, 8640:9216] (576, 576, 576)
Recording block-done for octoS0SubroiZ15683136Y78409408X1097612544Difficultsoma_pred_affs/6760 with read ROI [2384:3952, 8144:9712, 6992:8560] (1568, 1568, 1568) and write ROI [2880:3456, 8640:9216, 7488:8064] (576, 576, 576)
Recorded block-done for octoS0SubroiZ15683136Y78409408X1097612544Difficultsoma_pred_affs/6760 with read ROI [2384:3952, 8144:9712, 6992:8560] (1568, 1568, 1568) and write ROI [2880:3456, 8640:9216, 7488:8064] (576, 576, 576)
Recording block-done for octoS0SubroiZ15683136Y78409408X1097612544Difficultsoma_pred_affs/3183 with read ROI [2384:3952, 9296:10864, 1232:2800] (1568, 1568, 1568) and write ROI [2880:3456, 9792:10368, 1728:2304] (576, 576, 576)
Recorded block-done for octoS0SubroiZ15683136Y78409408X1097612544Difficultsoma_pred_affs/3183 with read ROI [2384:3952, 9296:10864, 1232:2800] (1568, 1568, 1568) and write ROI [2880:3456, 9792:10368, 1728:2304] (576, 576, 576)
Recording block-done for octoS0SubroiZ15683136Y78409408X1097612544Difficultsoma_pred_affs/6803 with read ROI [2384:3952, 9296:10864, 5840:7408] (1568, 1568, 1568) and write ROI [2880:3456, 9792:10368, 6336:6912] (576, 576, 576)
Recorded block-done for octoS0SubroiZ15683136Y78409408X1097612544Difficultsoma_pred_affs/6803 with read ROI [2384:3952, 9296:10864, 5840:7408] (1568, 1568, 1568) and write ROI [2880:3456, 9792:10368, 6336:6912] (576, 576, 576)
Recording block-done for octoS0SubroiZ15683136Y78409408X1097612544Difficultsoma_pred_affs/3534 with read ROI [2384:3952, 9296:10864, 1808:3376] (1568, 1568, 1568) and write ROI [2880:3456, 9792:10368, 2304:2880] (576, 576, 576)
Recorded block-done for octoS0SubroiZ15683136Y78409408X1097612544Difficultsoma_pred_affs/3534 with read ROI [2384:3952, 9296:10864, 1808:3376] (1568, 1568, 1568) and write ROI [2880:3456, 9792:10368, 2304:2880] (576, 576, 576)
Recording block-done for octoS0SubroiZ15683136Y78409408X1097612544Difficultsoma_pred_affs/7398 with read ROI [2384:3952, 9296:10864, 6416:7984] (1568, 1568, 1568) and write ROI [2880:3456, 9792:10368, 6912:7488] (576, 576, 576)
Recorded block-done for octoS0SubroiZ15683136Y78409408X1097612544Difficultsoma_pred_affs/7398 with read ROI [2384:3952, 9296:10864, 6416:7984] (1568, 1568, 1568) and write ROI [2880:3456, 9792:10368, 6912:7488] (576, 576, 576)
Recording block-done for octoS0SubroiZ15683136Y78409408X1097612544Difficultsoma_pred_affs/8028 with read ROI [2384:3952, 9296:10864, 6992:8560] (1568, 1568, 1568) and write ROI [2880:3456, 9792:10368, 7488:8064] (576, 576, 576)
Recorded block-done for octoS0SubroiZ15683136Y78409408X1097612544Difficultsoma_pred_affs/8028 with read ROI [2384:3952, 9296:10864, 6992:8560] (1568, 1568, 1568) and write ROI [2880:3456, 9792:10368, 7488:8064] (576, 576, 576)
Recording block-done for octoS0SubroiZ15683136Y78409408X1097612544Difficultsoma_pred_affs/3230 with read ROI [2384:3952, 10448:12016, 80:1648] (1568, 1568, 1568) and write ROI [2880:3456, 10944:11520, 576:1152] (576, 576, 576)
Recorded block-done for octoS0SubroiZ15683136Y78409408X1097612544Difficultsoma_pred_affs/3230 with read ROI [2384:3952, 10448:12016, 80:1648] (1568, 1568, 1568) and write ROI [2880:3456, 10944:11520, 576:1152] (576, 576, 576)
Recording block-done for octoS0SubroiZ15683136Y78409408X1097612544Difficultsoma_pred_affs/13525 with read ROI [2384:3952, 9872:11440, 10448:12016] (1568, 1568, 1568) and write ROI [2880:3456, 10368:10944, 10944:11520] (576, 576, 576)
Recorded block-done for octoS0SubroiZ15683136Y78409408X1097612544Difficultsoma_pred_affs/13525 with read ROI [2384:3952, 9872:11440, 10448:12016] (1568, 1568, 1568) and write ROI [2880:3456, 10368:10944, 10944:11520] (576, 576, 576)
Recording block-done for octoS0SubroiZ15683136Y78409408X1097612544Difficultsoma_pred_affs/6850 with read ROI [2384:3952, 10448:12016, 4688:6256] (1568, 1568, 1568) and write ROI [2880:3456, 10944:11520, 5184:5760] (576, 576, 576)
Recorded block-done for octoS0SubroiZ15683136Y78409408X1097612544Difficultsoma_pred_affs/6850 with read ROI [2384:3952, 10448:12016, 4688:6256] (1568, 1568, 1568) and write ROI [2880:3456, 10944:11520, 5184:5760] (576, 576, 576)
Recording block-done for octoS0SubroiZ15683136Y78409408X1097612544Difficultsoma_pred_affs/4776 with read ROI [2384:3952, 9872:11440, 2960:4528] (1568, 1568, 1568) and write ROI [2880:3456, 10368:10944, 3456:4032] (576, 576, 576)
Recorded block-done for octoS0SubroiZ15683136Y78409408X1097612544Difficultsoma_pred_affs/4776 with read ROI [2384:3952, 9872:11440, 2960:4528] (1568, 1568, 1568) and write ROI [2880:3456, 10368:10944, 3456:4032] (576, 576, 576)
Recording block-done for octoS0SubroiZ15683136Y78409408X1097612544Difficultsoma_pred_affs/13549 with read ROI [2384:3952, 10448:12016, 9872:11440] (1568, 1568, 1568) and write ROI [2880:3456, 10944:11520, 10368:10944] (576, 576, 576)
Recorded block-done for octoS0SubroiZ15683136Y78409408X1097612544Difficultsoma_pred_affs/13549 with read ROI [2384:3952, 10448:12016, 9872:11440] (1568, 1568, 1568) and write ROI [2880:3456, 10944:11520, 10368:10944] (576, 576, 576)
Recording block-done for octoS0SubroiZ15683136Y78409408X1097612544Difficultsoma_pred_affs/9444 with read ROI [2384:3952, 10448:12016, 6992:8560] (1568, 1568, 1568) and write ROI [2880:3456, 10944:11520, 7488:8064] (576, 576, 576)
Recorded block-done for octoS0SubroiZ15683136Y78409408X1097612544Difficultsoma_pred_affs/9444 with read ROI [2384:3952, 10448:12016, 6992:8560] (1568, 1568, 1568) and write ROI [2880:3456, 10944:11520, 7488:8064] (576, 576, 576)
Recording block-done for octoS0SubroiZ15683136Y78409408X1097612544Difficultsoma_pred_affs/199 with read ROI [2960:4528, 80:1648, 656:2224] (1568, 1568, 1568) and write ROI [3456:4032, 576:1152, 1152:1728] (576, 576, 576)
Recorded block-done for octoS0SubroiZ15683136Y78409408X1097612544Difficultsoma_pred_affs/199 with read ROI [2960:4528, 80:1648, 656:2224] (1568, 1568, 1568) and write ROI [3456:4032, 576:1152, 1152:1728] (576, 576, 576)
Recording block-done for octoS0SubroiZ15683136Y78409408X1097612544Difficultsoma_pred_affs/262 with read ROI [2960:4528, 656:2224, 656:2224] (1568, 1568, 1568) and write ROI [3456:4032, 1152:1728, 1152:1728] (576, 576, 576)
Recorded block-done for octoS0SubroiZ15683136Y78409408X1097612544Difficultsoma_pred_affs/262 with read ROI [2960:4528, 656:2224, 656:2224] (1568, 1568, 1568) and write ROI [3456:4032, 1152:1728, 1152:1728] (576, 576, 576)
Recording block-done for octoS0SubroiZ15683136Y78409408X1097612544Difficultsoma_pred_affs/328 with read ROI [2960:4528, 656:2224, 1232:2800] (1568, 1568, 1568) and write ROI [3456:4032, 1152:1728, 1728:2304] (576, 576, 576)
Recorded block-done for octoS0SubroiZ15683136Y78409408X1097612544Difficultsoma_pred_affs/328 with read ROI [2960:4528, 656:2224, 1232:2800] (1568, 1568, 1568) and write ROI [3456:4032, 1152:1728, 1728:2304] (576, 576, 576)
Recording block-done for octoS0SubroiZ15683136Y78409408X1097612544Difficultsoma_pred_affs/497 with read ROI [2960:4528, 656:2224, 2384:3952] (1568, 1568, 1568) and write ROI [3456:4032, 1152:1728, 2880:3456] (576, 576, 576)
Recorded block-done for octoS0SubroiZ15683136Y78409408X1097612544Difficultsoma_pred_affs/497 with read ROI [2960:4528, 656:2224, 2384:3952] (1568, 1568, 1568) and write ROI [3456:4032, 1152:1728, 2880:3456] (576, 576, 576)
Recording block-done for octoS0SubroiZ15683136Y78409408X1097612544Difficultsoma_pred_affs/2959 with read ROI [2960:4528, 80:1648, 9872:11440] (1568, 1568, 1568) and write ROI [3456:4032, 576:1152, 10368:10944] (576, 576, 576)
Recorded block-done for octoS0SubroiZ15683136Y78409408X1097612544Difficultsoma_pred_affs/2959 with read ROI [2960:4528, 80:1648, 9872:11440] (1568, 1568, 1568) and write ROI [3456:4032, 576:1152, 10368:10944] (576, 576, 576)
Recording block-done for octoS0SubroiZ15683136Y78409408X1097612544Difficultsoma_pred_affs/271 with read ROI [2960:4528, 1232:2800, 80:1648] (1568, 1568, 1568) and write ROI [3456:4032, 1728:2304, 576:1152] (576, 576, 576)
Recorded block-done for octoS0SubroiZ15683136Y78409408X1097612544Difficultsoma_pred_affs/271 with read ROI [2960:4528, 1232:2800, 80:1648] (1568, 1568, 1568) and write ROI [3456:4032, 1728:2304, 576:1152] (576, 576, 576)
Recording block-done for octoS0SubroiZ15683136Y78409408X1097612544Difficultsoma_pred_affs/337 with read ROI [2960:4528, 1232:2800, 656:2224] (1568, 1568, 1568) and write ROI [3456:4032, 1728:2304, 1152:1728] (576, 576, 576)
Recorded block-done for octoS0SubroiZ15683136Y78409408X1097612544Difficultsoma_pred_affs/337 with read ROI [2960:4528, 1232:2800, 656:2224] (1568, 1568, 1568) and write ROI [3456:4032, 1728:2304, 1152:1728] (576, 576, 576)
Recording block-done for octoS0SubroiZ15683136Y78409408X1097612544Difficultsoma_pred_affs/2342 with read ROI [2960:4528, 656:2224, 8144:9712] (1568, 1568, 1568) and write ROI [3456:4032, 1152:1728, 8640:9216] (576, 576, 576)
Recorded block-done for octoS0SubroiZ15683136Y78409408X1097612544Difficultsoma_pred_affs/2342 with read ROI [2960:4528, 656:2224, 8144:9712] (1568, 1568, 1568) and write ROI [3456:4032, 1152:1728, 8640:9216] (576, 576, 576)
Recording block-done for octoS0SubroiZ15683136Y78409408X1097612544Difficultsoma_pred_affs/2651 with read ROI [2960:4528, 1232:2800, 8144:9712] (1568, 1568, 1568) and write ROI [3456:4032, 1728:2304, 8640:9216] (576, 576, 576)
Recorded block-done for octoS0SubroiZ15683136Y78409408X1097612544Difficultsoma_pred_affs/2651 with read ROI [2960:4528, 1232:2800, 8144:9712] (1568, 1568, 1568) and write ROI [3456:4032, 1728:2304, 8640:9216] (576, 576, 576)
Recording block-done for octoS0SubroiZ15683136Y78409408X1097612544Difficultsoma_pred_affs/1030 with read ROI [2960:4528, 1808:3376, 3536:5104] (1568, 1568, 1568) and write ROI [3456:4032, 2304:2880, 4032:4608] (576, 576, 576)
Recorded block-done for octoS0SubroiZ15683136Y78409408X1097612544Difficultsoma_pred_affs/1030 with read ROI [2960:4528, 1808:3376, 3536:5104] (1568, 1568, 1568) and write ROI [3456:4032, 2304:2880, 4032:4608] (576, 576, 576)
Recording block-done for octoS0SubroiZ15683136Y78409408X1097612544Difficultsoma_pred_affs/1402 with read ROI [2960:4528, 2384:3952, 4112:5680] (1568, 1568, 1568) and write ROI [3456:4032, 2880:3456, 4608:5184] (576, 576, 576)
Recorded block-done for octoS0SubroiZ15683136Y78409408X1097612544Difficultsoma_pred_affs/1402 with read ROI [2960:4528, 2384:3952, 4112:5680] (1568, 1568, 1568) and write ROI [3456:4032, 2880:3456, 4608:5184] (576, 576, 576)
Recording block-done for octoS0SubroiZ15683136Y78409408X1097612544Difficultsoma_pred_affs/1843 with read ROI [2960:4528, 2384:3952, 5264:6832] (1568, 1568, 1568) and write ROI [3456:4032, 2880:3456, 5760:6336] (576, 576, 576)
Recorded block-done for octoS0SubroiZ15683136Y78409408X1097612544Difficultsoma_pred_affs/1843 with read ROI [2960:4528, 2384:3952, 5264:6832] (1568, 1568, 1568) and write ROI [3456:4032, 2880:3456, 5760:6336] (576, 576, 576)
Recording block-done for octoS0SubroiZ15683136Y78409408X1097612544Difficultsoma_pred_affs/1041 with read ROI [2960:4528, 2384:3952, 2960:4528] (1568, 1568, 1568) and write ROI [3456:4032, 2880:3456, 3456:4032] (576, 576, 576)
Recorded block-done for octoS0SubroiZ15683136Y78409408X1097612544Difficultsoma_pred_affs/1041 with read ROI [2960:4528, 2384:3952, 2960:4528] (1568, 1568, 1568) and write ROI [3456:4032, 2880:3456, 3456:4032] (576, 576, 576)
Recording block-done for octoS0SubroiZ15683136Y78409408X1097612544Difficultsoma_pred_affs/1212 with read ROI [2960:4528, 2384:3952, 3536:5104] (1568, 1568, 1568) and write ROI [3456:4032, 2880:3456, 4032:4608] (576, 576, 576)
Recorded block-done for octoS0SubroiZ15683136Y78409408X1097612544Difficultsoma_pred_affs/1212 with read ROI [2960:4528, 2384:3952, 3536:5104] (1568, 1568, 1568) and write ROI [3456:4032, 2880:3456, 4032:4608] (576, 576, 576)
Recording block-done for octoS0SubroiZ15683136Y78409408X1097612544Difficultsoma_pred_affs/2684 with read ROI [2960:4528, 2960:4528, 6416:7984] (1568, 1568, 1568) and write ROI [3456:4032, 3456:4032, 6912:7488] (576, 576, 576)
Recorded block-done for octoS0SubroiZ15683136Y78409408X1097612544Difficultsoma_pred_affs/2684 with read ROI [2960:4528, 2960:4528, 6416:7984] (1568, 1568, 1568) and write ROI [3456:4032, 3456:4032, 6912:7488] (576, 576, 576)
Recording block-done for octoS0SubroiZ15683136Y78409408X1097612544Difficultsoma_pred_affs/5540 with read ROI [2960:4528, 2960:4528, 10448:12016] (1568, 1568, 1568) and write ROI [3456:4032, 3456:4032, 10944:11520] (576, 576, 576)
Recorded block-done for octoS0SubroiZ15683136Y78409408X1097612544Difficultsoma_pred_affs/5540 with read ROI [2960:4528, 2960:4528, 10448:12016] (1568, 1568, 1568) and write ROI [3456:4032, 3456:4032, 10944:11520] (576, 576, 576)
Recording block-done for octoS0SubroiZ15683136Y78409408X1097612544Difficultsoma_pred_affs/2121 with read ROI [2960:4528, 3536:5104, 4688:6256] (1568, 1568, 1568) and write ROI [3456:4032, 4032:4608, 5184:5760] (576, 576, 576)
Recorded block-done for octoS0SubroiZ15683136Y78409408X1097612544Difficultsoma_pred_affs/2121 with read ROI [2960:4528, 3536:5104, 4688:6256] (1568, 1568, 1568) and write ROI [3456:4032, 4032:4608, 5184:5760] (576, 576, 576)
Recording block-done for octoS0SubroiZ15683136Y78409408X1097612544Difficultsoma_pred_affs/3738 with read ROI [2960:4528, 2960:4528, 8144:9712] (1568, 1568, 1568) and write ROI [3456:4032, 3456:4032, 8640:9216] (576, 576, 576)
Recorded block-done for octoS0SubroiZ15683136Y78409408X1097612544Difficultsoma_pred_affs/3738 with read ROI [2960:4528, 2960:4528, 8144:9712] (1568, 1568, 1568) and write ROI [3456:4032, 3456:4032, 8640:9216] (576, 576, 576)
Recording block-done for octoS0SubroiZ15683136Y78409408X1097612544Difficultsoma_pred_affs/4592 with read ROI [2960:4528, 3536:5104, 8720:10288] (1568, 1568, 1568) and write ROI [3456:4032, 4032:4608, 9216:9792] (576, 576, 576)
Recorded block-done for octoS0SubroiZ15683136Y78409408X1097612544Difficultsoma_pred_affs/4592 with read ROI [2960:4528, 3536:5104, 8720:10288] (1568, 1568, 1568) and write ROI [3456:4032, 4032:4608, 9216:9792] (576, 576, 576)
Recording block-done for octoS0SubroiZ15683136Y78409408X1097612544Difficultsoma_pred_affs/3765 with read ROI [2960:4528, 4112:5680, 6992:8560] (1568, 1568, 1568) and write ROI [3456:4032, 4608:5184, 7488:8064] (576, 576, 576)
Recorded block-done for octoS0SubroiZ15683136Y78409408X1097612544Difficultsoma_pred_affs/3765 with read ROI [2960:4528, 4112:5680, 6992:8560] (1568, 1568, 1568) and write ROI [3456:4032, 4608:5184, 7488:8064] (576, 576, 576)
Recording block-done for octoS0SubroiZ15683136Y78409408X1097612544Difficultsoma_pred_affs/942 with read ROI [2960:4528, 4688:6256, 80:1648] (1568, 1568, 1568) and write ROI [3456:4032, 5184:5760, 576:1152] (576, 576, 576)
Recorded block-done for octoS0SubroiZ15683136Y78409408X1097612544Difficultsoma_pred_affs/942 with read ROI [2960:4528, 4688:6256, 80:1648] (1568, 1568, 1568) and write ROI [3456:4032, 5184:5760, 576:1152] (576, 576, 576)
Recording block-done for octoS0SubroiZ15683136Y78409408X1097612544Difficultsoma_pred_affs/1095 with read ROI [2960:4528, 4688:6256, 656:2224] (1568, 1568, 1568) and write ROI [3456:4032, 5184:5760, 1152:1728] (576, 576, 576)
Recorded block-done for octoS0SubroiZ15683136Y78409408X1097612544Difficultsoma_pred_affs/1095 with read ROI [2960:4528, 4688:6256, 656:2224] (1568, 1568, 1568) and write ROI [3456:4032, 5184:5760, 1152:1728] (576, 576, 576)
Recording block-done for octoS0SubroiZ15683136Y78409408X1097612544Difficultsoma_pred_affs/4171 with read ROI [2960:4528, 4112:5680, 7568:9136] (1568, 1568, 1568) and write ROI [3456:4032, 4608:5184, 8064:8640] (576, 576, 576)
Recorded block-done for octoS0SubroiZ15683136Y78409408X1097612544Difficultsoma_pred_affs/4171 with read ROI [2960:4528, 4112:5680, 7568:9136] (1568, 1568, 1568) and write ROI [3456:4032, 4608:5184, 8064:8640] (576, 576, 576)
Recording block-done for octoS0SubroiZ15683136Y78409408X1097612544Difficultsoma_pred_affs/2150 with read ROI [2960:4528, 4688:6256, 3536:5104] (1568, 1568, 1568) and write ROI [3456:4032, 5184:5760, 4032:4608] (576, 576, 576)
Recorded block-done for octoS0SubroiZ15683136Y78409408X1097612544Difficultsoma_pred_affs/2150 with read ROI [2960:4528, 4688:6256, 3536:5104] (1568, 1568, 1568) and write ROI [3456:4032, 5184:5760, 4032:4608] (576, 576, 576)
Recording block-done for octoS0SubroiZ15683136Y78409408X1097612544Difficultsoma_pred_affs/5582 with read ROI [2960:4528, 4688:6256, 8720:10288] (1568, 1568, 1568) and write ROI [3456:4032, 5184:5760, 9216:9792] (576, 576, 576)
Recorded block-done for octoS0SubroiZ15683136Y78409408X1097612544Difficultsoma_pred_affs/5582 with read ROI [2960:4528, 4688:6256, 8720:10288] (1568, 1568, 1568) and write ROI [3456:4032, 5184:5760, 9216:9792] (576, 576, 576)
Recording block-done for octoS0SubroiZ15683136Y78409408X1097612544Difficultsoma_pred_affs/1913 with read ROI [2960:4528, 5264:6832, 2384:3952] (1568, 1568, 1568) and write ROI [3456:4032, 5760:6336, 2880:3456] (576, 576, 576)
Recorded block-done for octoS0SubroiZ15683136Y78409408X1097612544Difficultsoma_pred_affs/1913 with read ROI [2960:4528, 5264:6832, 2384:3952] (1568, 1568, 1568) and write ROI [3456:4032, 5760:6336, 2880:3456] (576, 576, 576)
Recording block-done for octoS0SubroiZ15683136Y78409408X1097612544Difficultsoma_pred_affs/1472 with read ROI [2960:4528, 5264:6832, 1232:2800] (1568, 1568, 1568) and write ROI [3456:4032, 5760:6336, 1728:2304] (576, 576, 576)
Recorded block-done for octoS0SubroiZ15683136Y78409408X1097612544Difficultsoma_pred_affs/1472 with read ROI [2960:4528, 5264:6832, 1232:2800] (1568, 1568, 1568) and write ROI [3456:4032, 5760:6336, 1728:2304] (576, 576, 576)
Recording block-done for octoS0SubroiZ15683136Y78409408X1097612544Difficultsoma_pred_affs/3067 with read ROI [2960:4528, 5264:6832, 4688:6256] (1568, 1568, 1568) and write ROI [3456:4032, 5760:6336, 5184:5760] (576, 576, 576)
Recorded block-done for octoS0SubroiZ15683136Y78409408X1097612544Difficultsoma_pred_affs/3067 with read ROI [2960:4528, 5264:6832, 4688:6256] (1568, 1568, 1568) and write ROI [3456:4032, 5760:6336, 5184:5760] (576, 576, 576)
Recording block-done for octoS0SubroiZ15683136Y78409408X1097612544Difficultsoma_pred_affs/7282 with read ROI [2960:4528, 5264:6832, 9872:11440] (1568, 1568, 1568) and write ROI [3456:4032, 5760:6336, 10368:10944] (576, 576, 576)
Recorded block-done for octoS0SubroiZ15683136Y78409408X1097612544Difficultsoma_pred_affs/7282 with read ROI [2960:4528, 5264:6832, 9872:11440] (1568, 1568, 1568) and write ROI [3456:4032, 5760:6336, 10368:10944] (576, 576, 576)
Recording block-done for octoS0SubroiZ15683136Y78409408X1097612544Difficultsoma_pred_affs/1930 with read ROI [2960:4528, 5840:7408, 1808:3376] (1568, 1568, 1568) and write ROI [3456:4032, 6336:6912, 2304:2880] (576, 576, 576)
Recorded block-done for octoS0SubroiZ15683136Y78409408X1097612544Difficultsoma_pred_affs/1930 with read ROI [2960:4528, 5840:7408, 1808:3376] (1568, 1568, 1568) and write ROI [3456:4032, 6336:6912, 2304:2880] (576, 576, 576)
Recording block-done for octoS0SubroiZ15683136Y78409408X1097612544Difficultsoma_pred_affs/3435 with read ROI [2960:4528, 5840:7408, 4688:6256] (1568, 1568, 1568) and write ROI [3456:4032, 6336:6912, 5184:5760] (576, 576, 576)
Recorded block-done for octoS0SubroiZ15683136Y78409408X1097612544Difficultsoma_pred_affs/3435 with read ROI [2960:4528, 5840:7408, 4688:6256] (1568, 1568, 1568) and write ROI [3456:4032, 6336:6912, 5184:5760] (576, 576, 576)
Recording block-done for octoS0SubroiZ15683136Y78409408X1097612544Difficultsoma_pred_affs/4219 with read ROI [2960:4528, 5840:7408, 5840:7408] (1568, 1568, 1568) and write ROI [3456:4032, 6336:6912, 6336:6912] (576, 576, 576)
Recorded block-done for octoS0SubroiZ15683136Y78409408X1097612544Difficultsoma_pred_affs/4219 with read ROI [2960:4528, 5840:7408, 5840:7408] (1568, 1568, 1568) and write ROI [3456:4032, 6336:6912, 6336:6912] (576, 576, 576)
Recording block-done for octoS0SubroiZ15683136Y78409408X1097612544Difficultsoma_pred_affs/7929 with read ROI [2960:4528, 5840:7408, 9872:11440] (1568, 1568, 1568) and write ROI [3456:4032, 6336:6912, 10368:10944] (576, 576, 576)
Recorded block-done for octoS0SubroiZ15683136Y78409408X1097612544Difficultsoma_pred_affs/7929 with read ROI [2960:4528, 5840:7408, 9872:11440] (1568, 1568, 1568) and write ROI [3456:4032, 6336:6912, 10368:10944] (576, 576, 576)
Recording block-done for octoS0SubroiZ15683136Y78409408X1097612544Difficultsoma_pred_affs/2201 with read ROI [2960:4528, 6416:7984, 1808:3376] (1568, 1568, 1568) and write ROI [3456:4032, 6912:7488, 2304:2880] (576, 576, 576)
Recorded block-done for octoS0SubroiZ15683136Y78409408X1097612544Difficultsoma_pred_affs/2201 with read ROI [2960:4528, 6416:7984, 1808:3376] (1568, 1568, 1568) and write ROI [3456:4032, 6912:7488, 2304:2880] (576, 576, 576)
Recording block-done for octoS0SubroiZ15683136Y78409408X1097612544Difficultsoma_pred_affs/3831 with read ROI [2960:4528, 6416:7984, 4688:6256] (1568, 1568, 1568) and write ROI [3456:4032, 6912:7488, 5184:5760] (576, 576, 576)
Recorded block-done for octoS0SubroiZ15683136Y78409408X1097612544Difficultsoma_pred_affs/3831 with read ROI [2960:4528, 6416:7984, 4688:6256] (1568, 1568, 1568) and write ROI [3456:4032, 6912:7488, 5184:5760] (576, 576, 576)
Recording block-done for octoS0SubroiZ15683136Y78409408X1097612544Difficultsoma_pred_affs/5137 with read ROI [2960:4528, 6416:7984, 6416:7984] (1568, 1568, 1568) and write ROI [3456:4032, 6912:7488, 6912:7488] (576, 576, 576)
Recorded block-done for octoS0SubroiZ15683136Y78409408X1097612544Difficultsoma_pred_affs/5137 with read ROI [2960:4528, 6416:7984, 6416:7984] (1568, 1568, 1568) and write ROI [3456:4032, 6912:7488, 6912:7488] (576, 576, 576)
Recording block-done for octoS0SubroiZ15683136Y78409408X1097612544Difficultsoma_pred_affs/6143 with read ROI [2960:4528, 5840:7408, 8144:9712] (1568, 1568, 1568) and write ROI [3456:4032, 6336:6912, 8640:9216] (576, 576, 576)
Recorded block-done for octoS0SubroiZ15683136Y78409408X1097612544Difficultsoma_pred_affs/6143 with read ROI [2960:4528, 5840:7408, 8144:9712] (1568, 1568, 1568) and write ROI [3456:4032, 6336:6912, 8640:9216] (576, 576, 576)
Recording block-done for octoS0SubroiZ15683136Y78409408X1097612544Difficultsoma_pred_affs/5652 with read ROI [2960:4528, 6992:8560, 6416:7984] (1568, 1568, 1568) and write ROI [3456:4032, 7488:8064, 6912:7488] (576, 576, 576)
Recorded block-done for octoS0SubroiZ15683136Y78409408X1097612544Difficultsoma_pred_affs/5652 with read ROI [2960:4528, 6992:8560, 6416:7984] (1568, 1568, 1568) and write ROI [3456:4032, 7488:8064, 6912:7488] (576, 576, 576)
Recording block-done for octoS0SubroiZ15683136Y78409408X1097612544Difficultsoma_pred_affs/2816 with read ROI [2960:4528, 7568:9136, 1808:3376] (1568, 1568, 1568) and write ROI [3456:4032, 8064:8640, 2304:2880] (576, 576, 576)
Recorded block-done for octoS0SubroiZ15683136Y78409408X1097612544Difficultsoma_pred_affs/2816 with read ROI [2960:4528, 7568:9136, 1808:3376] (1568, 1568, 1568) and write ROI [3456:4032, 8064:8640, 2304:2880] (576, 576, 576)
Recording block-done for octoS0SubroiZ15683136Y78409408X1097612544Difficultsoma_pred_affs/3472 with read ROI [2960:4528, 6992:8560, 3536:5104] (1568, 1568, 1568) and write ROI [3456:4032, 7488:8064, 4032:4608] (576, 576, 576)
Recorded block-done for octoS0SubroiZ15683136Y78409408X1097612544Difficultsoma_pred_affs/3472 with read ROI [2960:4528, 6992:8560, 3536:5104] (1568, 1568, 1568) and write ROI [3456:4032, 7488:8064, 4032:4608] (576, 576, 576)
Recording block-done for octoS0SubroiZ15683136Y78409408X1097612544Difficultsoma_pred_affs/3870 with read ROI [2960:4528, 7568:9136, 3536:5104] (1568, 1568, 1568) and write ROI [3456:4032, 8064:8640, 4032:4608] (576, 576, 576)
Recorded block-done for octoS0SubroiZ15683136Y78409408X1097612544Difficultsoma_pred_affs/3870 with read ROI [2960:4528, 7568:9136, 3536:5104] (1568, 1568, 1568) and write ROI [3456:4032, 8064:8640, 4032:4608] (576, 576, 576)
Recording block-done for octoS0SubroiZ15683136Y78409408X1097612544Difficultsoma_pred_affs/3184 with read ROI [2960:4528, 8720:10288, 1232:2800] (1568, 1568, 1568) and write ROI [3456:4032, 9216:9792, 1728:2304] (576, 576, 576)
Recorded block-done for octoS0SubroiZ15683136Y78409408X1097612544Difficultsoma_pred_affs/3184 with read ROI [2960:4528, 8720:10288, 1232:2800] (1568, 1568, 1568) and write ROI [3456:4032, 9216:9792, 1728:2304] (576, 576, 576)
Recording block-done for octoS0SubroiZ15683136Y78409408X1097612544Difficultsoma_pred_affs/6243 with read ROI [2960:4528, 8720:10288, 5264:6832] (1568, 1568, 1568) and write ROI [3456:4032, 9216:9792, 5760:6336] (576, 576, 576)
Recorded block-done for octoS0SubroiZ15683136Y78409408X1097612544Difficultsoma_pred_affs/6243 with read ROI [2960:4528, 8720:10288, 5264:6832] (1568, 1568, 1568) and write ROI [3456:4032, 9216:9792, 5760:6336] (576, 576, 576)
Recording block-done for octoS0SubroiZ15683136Y78409408X1097612544Difficultsoma_pred_affs/3891 with read ROI [2960:4528, 8144:9712, 2960:4528] (1568, 1568, 1568) and write ROI [3456:4032, 8640:9216, 3456:4032] (576, 576, 576)
Recorded block-done for octoS0SubroiZ15683136Y78409408X1097612544Difficultsoma_pred_affs/3891 with read ROI [2960:4528, 8144:9712, 2960:4528] (1568, 1568, 1568) and write ROI [3456:4032, 8640:9216, 3456:4032] (576, 576, 576)
Recording block-done for octoS0SubroiZ15683136Y78409408X1097612544Difficultsoma_pred_affs/10139 with read ROI [2960:4528, 8720:10288, 8720:10288] (1568, 1568, 1568) and write ROI [3456:4032, 9216:9792, 9216:9792] (576, 576, 576)
Recorded block-done for octoS0SubroiZ15683136Y78409408X1097612544Difficultsoma_pred_affs/10139 with read ROI [2960:4528, 8720:10288, 8720:10288] (1568, 1568, 1568) and write ROI [3456:4032, 9216:9792, 9216:9792] (576, 576, 576)
Recording block-done for octoS0SubroiZ15683136Y78409408X1097612544Difficultsoma_pred_affs/8007 with read ROI [2960:4528, 8144:9712, 7568:9136] (1568, 1568, 1568) and write ROI [3456:4032, 8640:9216, 8064:8640] (576, 576, 576)
Recorded block-done for octoS0SubroiZ15683136Y78409408X1097612544Difficultsoma_pred_affs/8007 with read ROI [2960:4528, 8144:9712, 7568:9136] (1568, 1568, 1568) and write ROI [3456:4032, 8640:9216, 8064:8640] (576, 576, 576)
Recording block-done for octoS0SubroiZ15683136Y78409408X1097612544Difficultsoma_pred_affs/8052 with read ROI [2960:4528, 9296:10864, 6416:7984] (1568, 1568, 1568) and write ROI [3456:4032, 9792:10368, 6912:7488] (576, 576, 576)
Recorded block-done for octoS0SubroiZ15683136Y78409408X1097612544Difficultsoma_pred_affs/8052 with read ROI [2960:4528, 9296:10864, 6416:7984] (1568, 1568, 1568) and write ROI [3456:4032, 9792:10368, 6912:7488] (576, 576, 576)
Recording block-done for octoS0SubroiZ15683136Y78409408X1097612544Difficultsoma_pred_affs/6827 with read ROI [2960:4528, 9296:10864, 5264:6832] (1568, 1568, 1568) and write ROI [3456:4032, 9792:10368, 5760:6336] (576, 576, 576)
Recorded block-done for octoS0SubroiZ15683136Y78409408X1097612544Difficultsoma_pred_affs/6827 with read ROI [2960:4528, 9296:10864, 5264:6832] (1568, 1568, 1568) and write ROI [3456:4032, 9792:10368, 5760:6336] (576, 576, 576)
Recording block-done for octoS0SubroiZ15683136Y78409408X1097612544Difficultsoma_pred_affs/3960 with read ROI [2960:4528, 9872:11440, 1232:2800] (1568, 1568, 1568) and write ROI [3456:4032, 10368:10944, 1728:2304] (576, 576, 576)
Recorded block-done for octoS0SubroiZ15683136Y78409408X1097612544Difficultsoma_pred_affs/3960 with read ROI [2960:4528, 9872:11440, 1232:2800] (1568, 1568, 1568) and write ROI [3456:4032, 10368:10944, 1728:2304] (576, 576, 576)
Recording block-done for octoS0SubroiZ15683136Y78409408X1097612544Difficultsoma_pred_affs/13550 with read ROI [2960:4528, 9872:11440, 9872:11440] (1568, 1568, 1568) and write ROI [3456:4032, 10368:10944, 10368:10944] (576, 576, 576)
Recorded block-done for octoS0SubroiZ15683136Y78409408X1097612544Difficultsoma_pred_affs/13550 with read ROI [2960:4528, 9872:11440, 9872:11440] (1568, 1568, 1568) and write ROI [3456:4032, 10368:10944, 10368:10944] (576, 576, 576)
Recording block-done for octoS0SubroiZ15683136Y78409408X1097612544Difficultsoma_pred_affs/14496 with read ROI [2960:4528, 9872:11440, 10448:12016] (1568, 1568, 1568) and write ROI [3456:4032, 10368:10944, 10944:11520] (576, 576, 576)
Recorded block-done for octoS0SubroiZ15683136Y78409408X1097612544Difficultsoma_pred_affs/14496 with read ROI [2960:4528, 9872:11440, 10448:12016] (1568, 1568, 1568) and write ROI [3456:4032, 10368:10944, 10944:11520] (576, 576, 576)
Recording block-done for octoS0SubroiZ15683136Y78409408X1097612544Difficultsoma_pred_affs/10966 with read ROI [2960:4528, 9872:11440, 8144:9712] (1568, 1568, 1568) and write ROI [3456:4032, 10368:10944, 8640:9216] (576, 576, 576)
Recorded block-done for octoS0SubroiZ15683136Y78409408X1097612544Difficultsoma_pred_affs/10966 with read ROI [2960:4528, 9872:11440, 8144:9712] (1568, 1568, 1568) and write ROI [3456:4032, 10368:10944, 8640:9216] (576, 576, 576)
Recording block-done for octoS0SubroiZ15683136Y78409408X1097612544Difficultsoma_pred_affs/5291 with read ROI [2960:4528, 10448:12016, 2384:3952] (1568, 1568, 1568) and write ROI [3456:4032, 10944:11520, 2880:3456] (576, 576, 576)
Recorded block-done for octoS0SubroiZ15683136Y78409408X1097612544Difficultsoma_pred_affs/5291 with read ROI [2960:4528, 10448:12016, 2384:3952] (1568, 1568, 1568) and write ROI [3456:4032, 10944:11520, 2880:3456] (576, 576, 576)
Recording block-done for octoS0SubroiZ15683136Y78409408X1097612544Difficultsoma_pred_affs/9470 with read ROI [2960:4528, 10448:12016, 6416:7984] (1568, 1568, 1568) and write ROI [3456:4032, 10944:11520, 6912:7488] (576, 576, 576)
Recorded block-done for octoS0SubroiZ15683136Y78409408X1097612544Difficultsoma_pred_affs/9470 with read ROI [2960:4528, 10448:12016, 6416:7984] (1568, 1568, 1568) and write ROI [3456:4032, 10944:11520, 6912:7488] (576, 576, 576)
Recording block-done for octoS0SubroiZ15683136Y78409408X1097612544Difficultsoma_pred_affs/15511 with read ROI [2960:4528, 10448:12016, 10448:12016] (1568, 1568, 1568) and write ROI [3456:4032, 10944:11520, 10944:11520] (576, 576, 576)
Recorded block-done for octoS0SubroiZ15683136Y78409408X1097612544Difficultsoma_pred_affs/15511 with read ROI [2960:4528, 10448:12016, 10448:12016] (1568, 1568, 1568) and write ROI [3456:4032, 10944:11520, 10944:11520] (576, 576, 576)
Recording block-done for octoS0SubroiZ15683136Y78409408X1097612544Difficultsoma_pred_affs/329 with read ROI [3536:5104, 80:1648, 1232:2800] (1568, 1568, 1568) and write ROI [4032:4608, 576:1152, 1728:2304] (576, 576, 576)
Recorded block-done for octoS0SubroiZ15683136Y78409408X1097612544Difficultsoma_pred_affs/329 with read ROI [3536:5104, 80:1648, 1232:2800] (1568, 1568, 1568) and write ROI [4032:4608, 576:1152, 1728:2304] (576, 576, 576)
Recording block-done for octoS0SubroiZ15683136Y78409408X1097612544Difficultsoma_pred_affs/416 with read ROI [3536:5104, 656:2224, 1232:2800] (1568, 1568, 1568) and write ROI [4032:4608, 1152:1728, 1728:2304] (576, 576, 576)
Recorded block-done for octoS0SubroiZ15683136Y78409408X1097612544Difficultsoma_pred_affs/416 with read ROI [3536:5104, 656:2224, 1232:2800] (1568, 1568, 1568) and write ROI [4032:4608, 1152:1728, 1728:2304] (576, 576, 576)
Recording block-done for octoS0SubroiZ15683136Y78409408X1097612544Difficultsoma_pred_affs/1183 with read ROI [3536:5104, 80:1648, 5264:6832] (1568, 1568, 1568) and write ROI [4032:4608, 576:1152, 5760:6336] (576, 576, 576)
Recorded block-done for octoS0SubroiZ15683136Y78409408X1097612544Difficultsoma_pred_affs/1183 with read ROI [3536:5104, 80:1648, 5264:6832] (1568, 1568, 1568) and write ROI [4032:4608, 576:1152, 5760:6336] (576, 576, 576)
Recording block-done for octoS0SubroiZ15683136Y78409408X1097612544Difficultsoma_pred_affs/272 with read ROI [3536:5104, 656:2224, 80:1648] (1568, 1568, 1568) and write ROI [4032:4608, 1152:1728, 576:1152] (576, 576, 576)
Recorded block-done for octoS0SubroiZ15683136Y78409408X1097612544Difficultsoma_pred_affs/272 with read ROI [3536:5104, 656:2224, 80:1648] (1568, 1568, 1568) and write ROI [4032:4608, 1152:1728, 576:1152] (576, 576, 576)
Recording block-done for octoS0SubroiZ15683136Y78409408X1097612544Difficultsoma_pred_affs/3697 with read ROI [3536:5104, 80:1648, 10448:12016] (1568, 1568, 1568) and write ROI [4032:4608, 576:1152, 10944:11520] (576, 576, 576)
Recorded block-done for octoS0SubroiZ15683136Y78409408X1097612544Difficultsoma_pred_affs/3697 with read ROI [3536:5104, 80:1648, 10448:12016] (1568, 1568, 1568) and write ROI [4032:4608, 576:1152, 10944:11520] (576, 576, 576)
Recording block-done for octoS0SubroiZ15683136Y78409408X1097612544Difficultsoma_pred_affs/3328 with read ROI [3536:5104, 656:2224, 9296:10864] (1568, 1568, 1568) and write ROI [4032:4608, 1152:1728, 9792:10368] (576, 576, 576)
Recorded block-done for octoS0SubroiZ15683136Y78409408X1097612544Difficultsoma_pred_affs/3328 with read ROI [3536:5104, 656:2224, 9296:10864] (1568, 1568, 1568) and write ROI [4032:4608, 1152:1728, 9792:10368] (576, 576, 576)
Recording block-done for octoS0SubroiZ15683136Y78409408X1097612544Difficultsoma_pred_affs/742 with read ROI [3536:5104, 1232:2800, 2384:3952] (1568, 1568, 1568) and write ROI [4032:4608, 1728:2304, 2880:3456] (576, 576, 576)
Recorded block-done for octoS0SubroiZ15683136Y78409408X1097612544Difficultsoma_pred_affs/742 with read ROI [3536:5104, 1232:2800, 2384:3952] (1568, 1568, 1568) and write ROI [4032:4608, 1728:2304, 2880:3456] (576, 576, 576)
Recording block-done for octoS0SubroiZ15683136Y78409408X1097612544Difficultsoma_pred_affs/517 with read ROI [3536:5104, 1232:2800, 1232:2800] (1568, 1568, 1568) and write ROI [4032:4608, 1728:2304, 1728:2304] (576, 576, 576)
Recorded block-done for octoS0SubroiZ15683136Y78409408X1097612544Difficultsoma_pred_affs/517 with read ROI [3536:5104, 1232:2800, 1232:2800] (1568, 1568, 1568) and write ROI [4032:4608, 1728:2304, 1728:2304] (576, 576, 576)
Recording block-done for octoS0SubroiZ15683136Y78409408X1097612544Difficultsoma_pred_affs/348 with read ROI [3536:5104, 1232:2800, 80:1648] (1568, 1568, 1568) and write ROI [4032:4608, 1728:2304, 576:1152] (576, 576, 576)
Recorded block-done for octoS0SubroiZ15683136Y78409408X1097612544Difficultsoma_pred_affs/348 with read ROI [3536:5104, 1232:2800, 80:1648] (1568, 1568, 1568) and write ROI [4032:4608, 1728:2304, 576:1152] (576, 576, 576)
Recording block-done for octoS0SubroiZ15683136Y78409408X1097612544Difficultsoma_pred_affs/2076 with read ROI [3536:5104, 656:2224, 6992:8560] (1568, 1568, 1568) and write ROI [4032:4608, 1152:1728, 7488:8064] (576, 576, 576)
Recorded block-done for octoS0SubroiZ15683136Y78409408X1097612544Difficultsoma_pred_affs/2076 with read ROI [3536:5104, 656:2224, 6992:8560] (1568, 1568, 1568) and write ROI [4032:4608, 1152:1728, 7488:8064] (576, 576, 576)
Recording block-done for octoS0SubroiZ15683136Y78409408X1097612544Difficultsoma_pred_affs/4557 with read ROI [3536:5104, 1232:2800, 10448:12016] (1568, 1568, 1568) and write ROI [4032:4608, 1728:2304, 10944:11520] (576, 576, 576)
Recorded block-done for octoS0SubroiZ15683136Y78409408X1097612544Difficultsoma_pred_affs/4557 with read ROI [3536:5104, 1232:2800, 10448:12016] (1568, 1568, 1568) and write ROI [4032:4608, 1728:2304, 10944:11520] (576, 576, 576)
Recording block-done for octoS0SubroiZ15683136Y78409408X1097612544Difficultsoma_pred_affs/437 with read ROI [3536:5104, 1808:3376, 80:1648] (1568, 1568, 1568) and write ROI [4032:4608, 2304:2880, 576:1152] (576, 576, 576)
Recorded block-done for octoS0SubroiZ15683136Y78409408X1097612544Difficultsoma_pred_affs/437 with read ROI [3536:5104, 1808:3376, 80:1648] (1568, 1568, 1568) and write ROI [4032:4608, 2304:2880, 576:1152] (576, 576, 576)
Recording block-done for octoS0SubroiZ15683136Y78409408X1097612544Difficultsoma_pred_affs/753 with read ROI [3536:5104, 1808:3376, 1808:3376] (1568, 1568, 1568) and write ROI [4032:4608, 2304:2880, 2304:2880] (576, 576, 576)
Recorded block-done for octoS0SubroiZ15683136Y78409408X1097612544Difficultsoma_pred_affs/753 with read ROI [3536:5104, 1808:3376, 1808:3376] (1568, 1568, 1568) and write ROI [4032:4608, 2304:2880, 2304:2880] (576, 576, 576)
Recording block-done for octoS0SubroiZ15683136Y78409408X1097612544Difficultsoma_pred_affs/1042 with read ROI [3536:5104, 1808:3376, 2960:4528] (1568, 1568, 1568) and write ROI [4032:4608, 2304:2880, 3456:4032] (576, 576, 576)
Recorded block-done for octoS0SubroiZ15683136Y78409408X1097612544Difficultsoma_pred_affs/1042 with read ROI [3536:5104, 1808:3376, 2960:4528] (1568, 1568, 1568) and write ROI [4032:4608, 2304:2880, 3456:4032] (576, 576, 576)
Recording block-done for octoS0SubroiZ15683136Y78409408X1097612544Difficultsoma_pred_affs/2998 with read ROI [3536:5104, 1808:3376, 7568:9136] (1568, 1568, 1568) and write ROI [4032:4608, 2304:2880, 8064:8640] (576, 576, 576)
Recorded block-done for octoS0SubroiZ15683136Y78409408X1097612544Difficultsoma_pred_affs/2998 with read ROI [3536:5104, 1808:3376, 7568:9136] (1568, 1568, 1568) and write ROI [4032:4608, 2304:2880, 8064:8640] (576, 576, 576)
Recording block-done for octoS0SubroiZ15683136Y78409408X1097612544Difficultsoma_pred_affs/2385 with read ROI [3536:5104, 2384:3952, 5840:7408] (1568, 1568, 1568) and write ROI [4032:4608, 2880:3456, 6336:6912] (576, 576, 576)
Recorded block-done for octoS0SubroiZ15683136Y78409408X1097612544Difficultsoma_pred_affs/2385 with read ROI [3536:5104, 2384:3952, 5840:7408] (1568, 1568, 1568) and write ROI [4032:4608, 2880:3456, 6336:6912] (576, 576, 576)
Recording block-done for octoS0SubroiZ15683136Y78409408X1097612544Difficultsoma_pred_affs/2685 with read ROI [3536:5104, 2384:3952, 6416:7984] (1568, 1568, 1568) and write ROI [4032:4608, 2880:3456, 6912:7488] (576, 576, 576)
Recorded block-done for octoS0SubroiZ15683136Y78409408X1097612544Difficultsoma_pred_affs/2685 with read ROI [3536:5104, 2384:3952, 6416:7984] (1568, 1568, 1568) and write ROI [4032:4608, 2880:3456, 6912:7488] (576, 576, 576)
Recording block-done for octoS0SubroiZ15683136Y78409408X1097612544Difficultsoma_pred_affs/1225 with read ROI [3536:5104, 2384:3952, 2960:4528] (1568, 1568, 1568) and write ROI [4032:4608, 2880:3456, 3456:4032] (576, 576, 576)
Recorded block-done for octoS0SubroiZ15683136Y78409408X1097612544Difficultsoma_pred_affs/1225 with read ROI [3536:5104, 2384:3952, 2960:4528] (1568, 1568, 1568) and write ROI [4032:4608, 2880:3456, 3456:4032] (576, 576, 576)
Recording block-done for octoS0SubroiZ15683136Y78409408X1097612544Difficultsoma_pred_affs/5541 with read ROI [3536:5104, 2384:3952, 10448:12016] (1568, 1568, 1568) and write ROI [4032:4608, 2880:3456, 10944:11520] (576, 576, 576)
Recorded block-done for octoS0SubroiZ15683136Y78409408X1097612544Difficultsoma_pred_affs/5541 with read ROI [3536:5104, 2384:3952, 10448:12016] (1568, 1568, 1568) and write ROI [4032:4608, 2880:3456, 10944:11520] (576, 576, 576)
Recording block-done for octoS0SubroiZ15683136Y78409408X1097612544Difficultsoma_pred_affs/6082 with read ROI [3536:5104, 2960:4528, 10448:12016] (1568, 1568, 1568) and write ROI [4032:4608, 3456:4032, 10944:11520] (576, 576, 576)
Recorded block-done for octoS0SubroiZ15683136Y78409408X1097612544Difficultsoma_pred_affs/6082 with read ROI [3536:5104, 2960:4528, 10448:12016] (1568, 1568, 1568) and write ROI [4032:4608, 3456:4032, 10944:11520] (576, 576, 576)
Recording block-done for octoS0SubroiZ15683136Y78409408X1097612544Difficultsoma_pred_affs/1081 with read ROI [3536:5104, 3536:5104, 1232:2800] (1568, 1568, 1568) and write ROI [4032:4608, 4032:4608, 1728:2304] (576, 576, 576)
Recorded block-done for octoS0SubroiZ15683136Y78409408X1097612544Difficultsoma_pred_affs/1081 with read ROI [3536:5104, 3536:5104, 1232:2800] (1568, 1568, 1568) and write ROI [4032:4608, 4032:4608, 1728:2304] (576, 576, 576)
Recording block-done for octoS0SubroiZ15683136Y78409408X1097612544Difficultsoma_pred_affs/4158 with read ROI [3536:5104, 2960:4528, 8144:9712] (1568, 1568, 1568) and write ROI [4032:4608, 3456:4032, 8640:9216] (576, 576, 576)
Recorded block-done for octoS0SubroiZ15683136Y78409408X1097612544Difficultsoma_pred_affs/4158 with read ROI [3536:5104, 2960:4528, 8144:9712] (1568, 1568, 1568) and write ROI [4032:4608, 3456:4032, 8640:9216] (576, 576, 576)
Recording block-done for octoS0SubroiZ15683136Y78409408X1097612544Difficultsoma_pred_affs/3374 with read ROI [3536:5104, 2960:4528, 6992:8560] (1568, 1568, 1568) and write ROI [4032:4608, 3456:4032, 7488:8064] (576, 576, 576)
Recorded block-done for octoS0SubroiZ15683136Y78409408X1097612544Difficultsoma_pred_affs/3374 with read ROI [3536:5104, 2960:4528, 6992:8560] (1568, 1568, 1568) and write ROI [4032:4608, 3456:4032, 7488:8064] (576, 576, 576)
Recording block-done for octoS0SubroiZ15683136Y78409408X1097612544Difficultsoma_pred_affs/1667 with read ROI [3536:5104, 4112:5680, 2384:3952] (1568, 1568, 1568) and write ROI [4032:4608, 4608:5184, 2880:3456] (576, 576, 576)
Recorded block-done for octoS0SubroiZ15683136Y78409408X1097612544Difficultsoma_pred_affs/1667 with read ROI [3536:5104, 4112:5680, 2384:3952] (1568, 1568, 1568) and write ROI [4032:4608, 4608:5184, 2880:3456] (576, 576, 576)
Recording block-done for octoS0SubroiZ15683136Y78409408X1097612544Difficultsoma_pred_affs/6657 with read ROI [3536:5104, 3536:5104, 10448:12016] (1568, 1568, 1568) and write ROI [4032:4608, 4032:4608, 10944:11520] (576, 576, 576)
Recorded block-done for octoS0SubroiZ15683136Y78409408X1097612544Difficultsoma_pred_affs/6657 with read ROI [3536:5104, 3536:5104, 10448:12016] (1568, 1568, 1568) and write ROI [4032:4608, 4032:4608, 10944:11520] (576, 576, 576)
Recording block-done for octoS0SubroiZ15683136Y78409408X1097612544Difficultsoma_pred_affs/2727 with read ROI [3536:5104, 4112:5680, 4688:6256] (1568, 1568, 1568) and write ROI [4032:4608, 4608:5184, 5184:5760] (576, 576, 576)
Recorded block-done for octoS0SubroiZ15683136Y78409408X1097612544Difficultsoma_pred_affs/2727 with read ROI [3536:5104, 4112:5680, 4688:6256] (1568, 1568, 1568) and write ROI [4032:4608, 4608:5184, 5184:5760] (576, 576, 576)
Recording block-done for octoS0SubroiZ15683136Y78409408X1097612544Difficultsoma_pred_affs/1683 with read ROI [3536:5104, 4688:6256, 1808:3376] (1568, 1568, 1568) and write ROI [4032:4608, 5184:5760, 2304:2880] (576, 576, 576)
Recorded block-done for octoS0SubroiZ15683136Y78409408X1097612544Difficultsoma_pred_affs/1683 with read ROI [3536:5104, 4688:6256, 1808:3376] (1568, 1568, 1568) and write ROI [4032:4608, 5184:5760, 2304:2880] (576, 576, 576)
Recording block-done for octoS0SubroiZ15683136Y78409408X1097612544Difficultsoma_pred_affs/5087 with read ROI [3536:5104, 4112:5680, 8144:9712] (1568, 1568, 1568) and write ROI [4032:4608, 4608:5184, 8640:9216] (576, 576, 576)
Recorded block-done for octoS0SubroiZ15683136Y78409408X1097612544Difficultsoma_pred_affs/5087 with read ROI [3536:5104, 4112:5680, 8144:9712] (1568, 1568, 1568) and write ROI [4032:4608, 4608:5184, 8640:9216] (576, 576, 576)
Recording block-done for octoS0SubroiZ15683136Y78409408X1097612544Difficultsoma_pred_affs/4638 with read ROI [3536:5104, 4688:6256, 6992:8560] (1568, 1568, 1568) and write ROI [4032:4608, 5184:5760, 7488:8064] (576, 576, 576)
Recorded block-done for octoS0SubroiZ15683136Y78409408X1097612544Difficultsoma_pred_affs/4638 with read ROI [3536:5104, 4688:6256, 6992:8560] (1568, 1568, 1568) and write ROI [4032:4608, 5184:5760, 7488:8064] (576, 576, 576)
Recording block-done for octoS0SubroiZ15683136Y78409408X1097612544Difficultsoma_pred_affs/3814 with read ROI [3536:5104, 5264:6832, 5264:6832] (1568, 1568, 1568) and write ROI [4032:4608, 5760:6336, 5760:6336] (576, 576, 576)
Recorded block-done for octoS0SubroiZ15683136Y78409408X1097612544Difficultsoma_pred_affs/3814 with read ROI [3536:5104, 5264:6832, 5264:6832] (1568, 1568, 1568) and write ROI [4032:4608, 5760:6336, 5760:6336] (576, 576, 576)
Recording block-done for octoS0SubroiZ15683136Y78409408X1097612544Difficultsoma_pred_affs/2760 with read ROI [3536:5104, 5264:6832, 3536:5104] (1568, 1568, 1568) and write ROI [4032:4608, 5760:6336, 4032:4608] (576, 576, 576)
Recorded block-done for octoS0SubroiZ15683136Y78409408X1097612544Difficultsoma_pred_affs/2760 with read ROI [3536:5104, 5264:6832, 3536:5104] (1568, 1568, 1568) and write ROI [4032:4608, 5760:6336, 4032:4608] (576, 576, 576)
Recording block-done for octoS0SubroiZ15683136Y78409408X1097612544Difficultsoma_pred_affs/7300 with read ROI [3536:5104, 5264:6832, 9296:10864] (1568, 1568, 1568) and write ROI [4032:4608, 5760:6336, 9792:10368] (576, 576, 576)
Recorded block-done for octoS0SubroiZ15683136Y78409408X1097612544Difficultsoma_pred_affs/7300 with read ROI [3536:5104, 5264:6832, 9296:10864] (1568, 1568, 1568) and write ROI [4032:4608, 5760:6336, 9792:10368] (576, 576, 576)
Recording block-done for octoS0SubroiZ15683136Y78409408X1097612544Difficultsoma_pred_affs/1508 with read ROI [3536:5104, 5840:7408, 80:1648] (1568, 1568, 1568) and write ROI [4032:4608, 6336:6912, 576:1152] (576, 576, 576)
Recorded block-done for octoS0SubroiZ15683136Y78409408X1097612544Difficultsoma_pred_affs/1508 with read ROI [3536:5104, 5840:7408, 80:1648] (1568, 1568, 1568) and write ROI [4032:4608, 6336:6912, 576:1152] (576, 576, 576)
Recording block-done for octoS0SubroiZ15683136Y78409408X1097612544Difficultsoma_pred_affs/9317 with read ROI [3536:5104, 5840:7408, 10448:12016] (1568, 1568, 1568) and write ROI [4032:4608, 6336:6912, 10944:11520] (576, 576, 576)
Recorded block-done for octoS0SubroiZ15683136Y78409408X1097612544Difficultsoma_pred_affs/9317 with read ROI [3536:5104, 5840:7408, 10448:12016] (1568, 1568, 1568) and write ROI [4032:4608, 6336:6912, 10944:11520] (576, 576, 576)
Recording block-done for octoS0SubroiZ15683136Y78409408X1097612544Difficultsoma_pred_affs/8614 with read ROI [3536:5104, 5840:7408, 9872:11440] (1568, 1568, 1568) and write ROI [4032:4608, 6336:6912, 10368:10944] (576, 576, 576)
Recorded block-done for octoS0SubroiZ15683136Y78409408X1097612544Difficultsoma_pred_affs/8614 with read ROI [3536:5104, 5840:7408, 9872:11440] (1568, 1568, 1568) and write ROI [4032:4608, 6336:6912, 10368:10944] (576, 576, 576)
Recording block-done for octoS0SubroiZ15683136Y78409408X1097612544Difficultsoma_pred_affs/5634 with read ROI [3536:5104, 5840:7408, 6992:8560] (1568, 1568, 1568) and write ROI [4032:4608, 6336:6912, 7488:8064] (576, 576, 576)
Recorded block-done for octoS0SubroiZ15683136Y78409408X1097612544Difficultsoma_pred_affs/5634 with read ROI [3536:5104, 5840:7408, 6992:8560] (1568, 1568, 1568) and write ROI [4032:4608, 6336:6912, 7488:8064] (576, 576, 576)
Recording block-done for octoS0SubroiZ15683136Y78409408X1097612544Difficultsoma_pred_affs/6162 with read ROI [3536:5104, 5840:7408, 7568:9136] (1568, 1568, 1568) and write ROI [4032:4608, 6336:6912, 8064:8640] (576, 576, 576)
Recorded block-done for octoS0SubroiZ15683136Y78409408X1097612544Difficultsoma_pred_affs/6162 with read ROI [3536:5104, 5840:7408, 7568:9136] (1568, 1568, 1568) and write ROI [4032:4608, 6336:6912, 8064:8640] (576, 576, 576)
Recording block-done for octoS0SubroiZ15683136Y78409408X1097612544Difficultsoma_pred_affs/2817 with read ROI [3536:5104, 6992:8560, 1808:3376] (1568, 1568, 1568) and write ROI [4032:4608, 7488:8064, 2304:2880] (576, 576, 576)
Recorded block-done for octoS0SubroiZ15683136Y78409408X1097612544Difficultsoma_pred_affs/2817 with read ROI [3536:5104, 6992:8560, 1808:3376] (1568, 1568, 1568) and write ROI [4032:4608, 7488:8064, 2304:2880] (576, 576, 576)
Recording block-done for octoS0SubroiZ15683136Y78409408X1097612544Difficultsoma_pred_affs/5673 with read ROI [3536:5104, 6992:8560, 5840:7408] (1568, 1568, 1568) and write ROI [4032:4608, 7488:8064, 6336:6912] (576, 576, 576)
Recorded block-done for octoS0SubroiZ15683136Y78409408X1097612544Difficultsoma_pred_affs/5673 with read ROI [3536:5104, 6992:8560, 5840:7408] (1568, 1568, 1568) and write ROI [4032:4608, 7488:8064, 6336:6912] (576, 576, 576)
Recording block-done for octoS0SubroiZ15683136Y78409408X1097612544Difficultsoma_pred_affs/9356 with read ROI [3536:5104, 6992:8560, 9296:10864] (1568, 1568, 1568) and write ROI [4032:4608, 7488:8064, 9792:10368] (576, 576, 576)
Recorded block-done for octoS0SubroiZ15683136Y78409408X1097612544Difficultsoma_pred_affs/9356 with read ROI [3536:5104, 6992:8560, 9296:10864] (1568, 1568, 1568) and write ROI [4032:4608, 7488:8064, 9792:10368] (576, 576, 576)
Recording block-done for octoS0SubroiZ15683136Y78409408X1097612544Difficultsoma_pred_affs/5694 with read ROI [3536:5104, 7568:9136, 5264:6832] (1568, 1568, 1568) and write ROI [4032:4608, 8064:8640, 5760:6336] (576, 576, 576)
Recorded block-done for octoS0SubroiZ15683136Y78409408X1097612544Difficultsoma_pred_affs/5694 with read ROI [3536:5104, 7568:9136, 5264:6832] (1568, 1568, 1568) and write ROI [4032:4608, 8064:8640, 5760:6336] (576, 576, 576)
Recording block-done for octoS0SubroiZ15683136Y78409408X1097612544Difficultsoma_pred_affs/5716 with read ROI [3536:5104, 8144:9712, 4688:6256] (1568, 1568, 1568) and write ROI [4032:4608, 8640:9216, 5184:5760] (576, 576, 576)
Recorded block-done for octoS0SubroiZ15683136Y78409408X1097612544Difficultsoma_pred_affs/5716 with read ROI [3536:5104, 8144:9712, 4688:6256] (1568, 1568, 1568) and write ROI [4032:4608, 8640:9216, 5184:5760] (576, 576, 576)
Recording block-done for octoS0SubroiZ15683136Y78409408X1097612544Difficultsoma_pred_affs/3914 with read ROI [3536:5104, 8144:9712, 2384:3952] (1568, 1568, 1568) and write ROI [4032:4608, 8640:9216, 2880:3456] (576, 576, 576)
Recorded block-done for octoS0SubroiZ15683136Y78409408X1097612544Difficultsoma_pred_affs/3914 with read ROI [3536:5104, 8144:9712, 2384:3952] (1568, 1568, 1568) and write ROI [4032:4608, 8640:9216, 2880:3456] (576, 576, 576)
Recording block-done for octoS0SubroiZ15683136Y78409408X1097612544Difficultsoma_pred_affs/3185 with read ROI [3536:5104, 8144:9712, 1232:2800] (1568, 1568, 1568) and write ROI [4032:4608, 8640:9216, 1728:2304] (576, 576, 576)
Recorded block-done for octoS0SubroiZ15683136Y78409408X1097612544Difficultsoma_pred_affs/3185 with read ROI [3536:5104, 8144:9712, 1232:2800] (1568, 1568, 1568) and write ROI [4032:4608, 8640:9216, 1728:2304] (576, 576, 576)
Recording block-done for octoS0SubroiZ15683136Y78409408X1097612544Difficultsoma_pred_affs/6828 with read ROI [3536:5104, 8720:10288, 5264:6832] (1568, 1568, 1568) and write ROI [4032:4608, 9216:9792, 5760:6336] (576, 576, 576)
Recorded block-done for octoS0SubroiZ15683136Y78409408X1097612544Difficultsoma_pred_affs/6828 with read ROI [3536:5104, 8720:10288, 5264:6832] (1568, 1568, 1568) and write ROI [4032:4608, 9216:9792, 5760:6336] (576, 576, 576)
Recording block-done for octoS0SubroiZ15683136Y78409408X1097612544Difficultsoma_pred_affs/4778 with read ROI [3536:5104, 8720:10288, 2960:4528] (1568, 1568, 1568) and write ROI [4032:4608, 9216:9792, 3456:4032] (576, 576, 576)
Recorded block-done for octoS0SubroiZ15683136Y78409408X1097612544Difficultsoma_pred_affs/4778 with read ROI [3536:5104, 8720:10288, 2960:4528] (1568, 1568, 1568) and write ROI [4032:4608, 9216:9792, 3456:4032] (576, 576, 576)
Recording block-done for octoS0SubroiZ15683136Y78409408X1097612544Difficultsoma_pred_affs/5243 with read ROI [3536:5104, 8720:10288, 3536:5104] (1568, 1568, 1568) and write ROI [4032:4608, 9216:9792, 4032:4608] (576, 576, 576)
Recorded block-done for octoS0SubroiZ15683136Y78409408X1097612544Difficultsoma_pred_affs/5243 with read ROI [3536:5104, 8720:10288, 3536:5104] (1568, 1568, 1568) and write ROI [4032:4608, 9216:9792, 4032:4608] (576, 576, 576)
Recording block-done for octoS0SubroiZ15683136Y78409408X1097612544Difficultsoma_pred_affs/8719 with read ROI [3536:5104, 8720:10288, 6992:8560] (1568, 1568, 1568) and write ROI [4032:4608, 9216:9792, 7488:8064] (576, 576, 576)
Recorded block-done for octoS0SubroiZ15683136Y78409408X1097612544Difficultsoma_pred_affs/8719 with read ROI [3536:5104, 8720:10288, 6992:8560] (1568, 1568, 1568) and write ROI [4032:4608, 9216:9792, 7488:8064] (576, 576, 576)
Recording block-done for octoS0SubroiZ15683136Y78409408X1097612544Difficultsoma_pred_affs/10943 with read ROI [3536:5104, 8720:10288, 8720:10288] (1568, 1568, 1568) and write ROI [4032:4608, 9216:9792, 9216:9792] (576, 576, 576)
Recorded block-done for octoS0SubroiZ15683136Y78409408X1097612544Difficultsoma_pred_affs/10943 with read ROI [3536:5104, 8720:10288, 8720:10288] (1568, 1568, 1568) and write ROI [4032:4608, 9216:9792, 9216:9792] (576, 576, 576)
Recording block-done for octoS0SubroiZ15683136Y78409408X1097612544Difficultsoma_pred_affs/7447 with read ROI [3536:5104, 9296:10864, 5264:6832] (1568, 1568, 1568) and write ROI [4032:4608, 9792:10368, 5760:6336] (576, 576, 576)
Recorded block-done for octoS0SubroiZ15683136Y78409408X1097612544Difficultsoma_pred_affs/7447 with read ROI [3536:5104, 9296:10864, 5264:6832] (1568, 1568, 1568) and write ROI [4032:4608, 9792:10368, 5760:6336] (576, 576, 576)
Recording block-done for octoS0SubroiZ15683136Y78409408X1097612544Difficultsoma_pred_affs/11787 with read ROI [3536:5104, 9296:10864, 8720:10288] (1568, 1568, 1568) and write ROI [4032:4608, 9792:10368, 9216:9792] (576, 576, 576)
Recorded block-done for octoS0SubroiZ15683136Y78409408X1097612544Difficultsoma_pred_affs/11787 with read ROI [3536:5104, 9296:10864, 8720:10288] (1568, 1568, 1568) and write ROI [4032:4608, 9792:10368, 9216:9792] (576, 576, 576)
Recording block-done for octoS0SubroiZ15683136Y78409408X1097612544Difficultsoma_pred_affs/10967 with read ROI [3536:5104, 9296:10864, 8144:9712] (1568, 1568, 1568) and write ROI [4032:4608, 9792:10368, 8640:9216] (576, 576, 576)
Recorded block-done for octoS0SubroiZ15683136Y78409408X1097612544Difficultsoma_pred_affs/10967 with read ROI [3536:5104, 9296:10864, 8144:9712] (1568, 1568, 1568) and write ROI [4032:4608, 9792:10368, 8640:9216] (576, 576, 576)
Recording block-done for octoS0SubroiZ15683136Y78409408X1097612544Difficultsoma_pred_affs/5292 with read ROI [3536:5104, 9872:11440, 2384:3952] (1568, 1568, 1568) and write ROI [4032:4608, 10368:10944, 2880:3456] (576, 576, 576)
Recorded block-done for octoS0SubroiZ15683136Y78409408X1097612544Difficultsoma_pred_affs/5292 with read ROI [3536:5104, 9872:11440, 2384:3952] (1568, 1568, 1568) and write ROI [4032:4608, 10368:10944, 2880:3456] (576, 576, 576)
Recording block-done for octoS0SubroiZ15683136Y78409408X1097612544Difficultsoma_pred_affs/10212 with read ROI [3536:5104, 9872:11440, 6992:8560] (1568, 1568, 1568) and write ROI [4032:4608, 10368:10944, 7488:8064] (576, 576, 576)
Recorded block-done for octoS0SubroiZ15683136Y78409408X1097612544Difficultsoma_pred_affs/10212 with read ROI [3536:5104, 9872:11440, 6992:8560] (1568, 1568, 1568) and write ROI [4032:4608, 10368:10944, 7488:8064] (576, 576, 576)
Recording block-done for octoS0SubroiZ15683136Y78409408X1097612544Difficultsoma_pred_affs/6903 with read ROI [3536:5104, 10448:12016, 3536:5104] (1568, 1568, 1568) and write ROI [4032:4608, 10944:11520, 4032:4608] (576, 576, 576)
Recorded block-done for octoS0SubroiZ15683136Y78409408X1097612544Difficultsoma_pred_affs/6903 with read ROI [3536:5104, 10448:12016, 3536:5104] (1568, 1568, 1568) and write ROI [4032:4608, 10944:11520, 4032:4608] (576, 576, 576)
Recording block-done for octoS0SubroiZ15683136Y78409408X1097612544Difficultsoma_pred_affs/6342 with read ROI [3536:5104, 10448:12016, 2960:4528] (1568, 1568, 1568) and write ROI [4032:4608, 10944:11520, 3456:4032] (576, 576, 576)
Recorded block-done for octoS0SubroiZ15683136Y78409408X1097612544Difficultsoma_pred_affs/6342 with read ROI [3536:5104, 10448:12016, 2960:4528] (1568, 1568, 1568) and write ROI [4032:4608, 10944:11520, 3456:4032] (576, 576, 576)
Recording block-done for octoS0SubroiZ15683136Y78409408X1097612544Difficultsoma_pred_affs/10238 with read ROI [3536:5104, 10448:12016, 6416:7984] (1568, 1568, 1568) and write ROI [4032:4608, 10944:11520, 6912:7488] (576, 576, 576)
Recorded block-done for octoS0SubroiZ15683136Y78409408X1097612544Difficultsoma_pred_affs/10238 with read ROI [3536:5104, 10448:12016, 6416:7984] (1568, 1568, 1568) and write ROI [4032:4608, 10944:11520, 6912:7488] (576, 576, 576)
Recording block-done for octoS0SubroiZ15683136Y78409408X1097612544Difficultsoma_pred_affs/1022 with read ROI [4112:5680, 80:1648, 4112:5680] (1568, 1568, 1568) and write ROI [4608:5184, 576:1152, 4608:5184] (576, 576, 576)
Recorded block-done for octoS0SubroiZ15683136Y78409408X1097612544Difficultsoma_pred_affs/1022 with read ROI [4112:5680, 80:1648, 4112:5680] (1568, 1568, 1568) and write ROI [4608:5184, 576:1152, 4608:5184] (576, 576, 576)
Recording block-done for octoS0SubroiZ15683136Y78409408X1097612544Difficultsoma_pred_affs/3329 with read ROI [4112:5680, 80:1648, 9296:10864] (1568, 1568, 1568) and write ROI [4608:5184, 576:1152, 9792:10368] (576, 576, 576)
Recorded block-done for octoS0SubroiZ15683136Y78409408X1097612544Difficultsoma_pred_affs/3329 with read ROI [4112:5680, 80:1648, 9296:10864] (1568, 1568, 1568) and write ROI [4608:5184, 576:1152, 9792:10368] (576, 576, 576)
Recording block-done for octoS0SubroiZ15683136Y78409408X1097612544Difficultsoma_pred_affs/3707 with read ROI [4112:5680, 80:1648, 9872:11440] (1568, 1568, 1568) and write ROI [4608:5184, 576:1152, 10368:10944] (576, 576, 576)
Recorded block-done for octoS0SubroiZ15683136Y78409408X1097612544Difficultsoma_pred_affs/3707 with read ROI [4112:5680, 80:1648, 9872:11440] (1568, 1568, 1568) and write ROI [4608:5184, 576:1152, 10368:10944] (576, 576, 576)
Recording block-done for octoS0SubroiZ15683136Y78409408X1097612544Difficultsoma_pred_affs/869 with read ROI [4112:5680, 80:1648, 3536:5104] (1568, 1568, 1568) and write ROI [4608:5184, 576:1152, 4032:4608] (576, 576, 576)
Recorded block-done for octoS0SubroiZ15683136Y78409408X1097612544Difficultsoma_pred_affs/869 with read ROI [4112:5680, 80:1648, 3536:5104] (1568, 1568, 1568) and write ROI [4608:5184, 576:1152, 4032:4608] (576, 576, 576)
Recording block-done for octoS0SubroiZ15683136Y78409408X1097612544Difficultsoma_pred_affs/2353 with read ROI [4112:5680, 80:1648, 7568:9136] (1568, 1568, 1568) and write ROI [4608:5184, 576:1152, 8064:8640] (576, 576, 576)
Recorded block-done for octoS0SubroiZ15683136Y78409408X1097612544Difficultsoma_pred_affs/2353 with read ROI [4112:5680, 80:1648, 7568:9136] (1568, 1568, 1568) and write ROI [4608:5184, 576:1152, 8064:8640] (576, 576, 576)
Recording block-done for octoS0SubroiZ15683136Y78409408X1097612544Difficultsoma_pred_affs/3339 with read ROI [4112:5680, 656:2224, 8720:10288] (1568, 1568, 1568) and write ROI [4608:5184, 1152:1728, 9216:9792] (576, 576, 576)
Recorded block-done for octoS0SubroiZ15683136Y78409408X1097612544Difficultsoma_pred_affs/3339 with read ROI [4112:5680, 656:2224, 8720:10288] (1568, 1568, 1568) and write ROI [4608:5184, 1152:1728, 9216:9792] (576, 576, 576)
Recording block-done for octoS0SubroiZ15683136Y78409408X1097612544Difficultsoma_pred_affs/4123 with read ROI [4112:5680, 656:2224, 9872:11440] (1568, 1568, 1568) and write ROI [4608:5184, 1152:1728, 10368:10944] (576, 576, 576)
Recorded block-done for octoS0SubroiZ15683136Y78409408X1097612544Difficultsoma_pred_affs/4123 with read ROI [4112:5680, 656:2224, 9872:11440] (1568, 1568, 1568) and write ROI [4608:5184, 1152:1728, 10368:10944] (576, 576, 576)
Recording block-done for octoS0SubroiZ15683136Y78409408X1097612544Difficultsoma_pred_affs/754 with read ROI [4112:5680, 1232:2800, 1808:3376] (1568, 1568, 1568) and write ROI [4608:5184, 1728:2304, 2304:2880] (576, 576, 576)
Recorded block-done for octoS0SubroiZ15683136Y78409408X1097612544Difficultsoma_pred_affs/754 with read ROI [4112:5680, 1232:2800, 1808:3376] (1568, 1568, 1568) and write ROI [4608:5184, 1728:2304, 2304:2880] (576, 576, 576)
Recording block-done for octoS0SubroiZ15683136Y78409408X1097612544Difficultsoma_pred_affs/1845 with read ROI [4112:5680, 1232:2800, 5264:6832] (1568, 1568, 1568) and write ROI [4608:5184, 1728:2304, 5760:6336] (576, 576, 576)
Recorded block-done for octoS0SubroiZ15683136Y78409408X1097612544Difficultsoma_pred_affs/1845 with read ROI [4112:5680, 1232:2800, 5264:6832] (1568, 1568, 1568) and write ROI [4608:5184, 1728:2304, 5760:6336] (576, 576, 576)
Recording block-done for octoS0SubroiZ15683136Y78409408X1097612544Difficultsoma_pred_affs/5034 with read ROI [4112:5680, 1232:2800, 10448:12016] (1568, 1568, 1568) and write ROI [4608:5184, 1728:2304, 10944:11520] (576, 576, 576)
Recorded block-done for octoS0SubroiZ15683136Y78409408X1097612544Difficultsoma_pred_affs/5034 with read ROI [4112:5680, 1232:2800, 10448:12016] (1568, 1568, 1568) and write ROI [4608:5184, 1728:2304, 10944:11520] (576, 576, 576)
Recording block-done for octoS0SubroiZ15683136Y78409408X1097612544Difficultsoma_pred_affs/902 with read ROI [4112:5680, 1808:3376, 1808:3376] (1568, 1568, 1568) and write ROI [4608:5184, 2304:2880, 2304:2880] (576, 576, 576)
Recorded block-done for octoS0SubroiZ15683136Y78409408X1097612544Difficultsoma_pred_affs/902 with read ROI [4112:5680, 1808:3376, 1808:3376] (1568, 1568, 1568) and write ROI [4608:5184, 2304:2880, 2304:2880] (576, 576, 576)
Recording block-done for octoS0SubroiZ15683136Y78409408X1097612544Difficultsoma_pred_affs/779 with read ROI [4112:5680, 2384:3952, 656:2224] (1568, 1568, 1568) and write ROI [4608:5184, 2880:3456, 1152:1728] (576, 576, 576)
Recorded block-done for octoS0SubroiZ15683136Y78409408X1097612544Difficultsoma_pred_affs/779 with read ROI [4112:5680, 2384:3952, 656:2224] (1568, 1568, 1568) and write ROI [4608:5184, 2880:3456, 1152:1728] (576, 576, 576)
Recording block-done for octoS0SubroiZ15683136Y78409408X1097612544Difficultsoma_pred_affs/1857 with read ROI [4112:5680, 1808:3376, 4688:6256] (1568, 1568, 1568) and write ROI [4608:5184, 2304:2880, 5184:5760] (576, 576, 576)
Recorded block-done for octoS0SubroiZ15683136Y78409408X1097612544Difficultsoma_pred_affs/1857 with read ROI [4112:5680, 1808:3376, 4688:6256] (1568, 1568, 1568) and write ROI [4608:5184, 2304:2880, 5184:5760] (576, 576, 576)
Recording block-done for octoS0SubroiZ15683136Y78409408X1097612544Difficultsoma_pred_affs/3011 with read ROI [4112:5680, 1808:3376, 6992:8560] (1568, 1568, 1568) and write ROI [4608:5184, 2304:2880, 7488:8064] (576, 576, 576)
Recorded block-done for octoS0SubroiZ15683136Y78409408X1097612544Difficultsoma_pred_affs/3011 with read ROI [4112:5680, 1808:3376, 6992:8560] (1568, 1568, 1568) and write ROI [4608:5184, 2304:2880, 7488:8064] (576, 576, 576)
Recording block-done for octoS0SubroiZ15683136Y78409408X1097612544Difficultsoma_pred_affs/1416 with read ROI [4112:5680, 1808:3376, 3536:5104] (1568, 1568, 1568) and write ROI [4608:5184, 2304:2880, 4032:4608] (576, 576, 576)
Recorded block-done for octoS0SubroiZ15683136Y78409408X1097612544Difficultsoma_pred_affs/1416 with read ROI [4112:5680, 1808:3376, 3536:5104] (1568, 1568, 1568) and write ROI [4608:5184, 2304:2880, 4032:4608] (576, 576, 576)
Recording block-done for octoS0SubroiZ15683136Y78409408X1097612544Difficultsoma_pred_affs/2123 with read ROI [4112:5680, 2384:3952, 4688:6256] (1568, 1568, 1568) and write ROI [4608:5184, 2880:3456, 5184:5760] (576, 576, 576)
Recorded block-done for octoS0SubroiZ15683136Y78409408X1097612544Difficultsoma_pred_affs/2123 with read ROI [4112:5680, 2384:3952, 4688:6256] (1568, 1568, 1568) and write ROI [4608:5184, 2880:3456, 5184:5760] (576, 576, 576)
Recording block-done for octoS0SubroiZ15683136Y78409408X1097612544Difficultsoma_pred_affs/3753 with read ROI [4112:5680, 2384:3952, 7568:9136] (1568, 1568, 1568) and write ROI [4608:5184, 2880:3456, 8064:8640] (576, 576, 576)
Recorded block-done for octoS0SubroiZ15683136Y78409408X1097612544Difficultsoma_pred_affs/3753 with read ROI [4112:5680, 2384:3952, 7568:9136] (1568, 1568, 1568) and write ROI [4608:5184, 2880:3456, 8064:8640] (576, 576, 576)
Recording block-done for octoS0SubroiZ15683136Y78409408X1097612544Difficultsoma_pred_affs/793 with read ROI [4112:5680, 2960:4528, 80:1648] (1568, 1568, 1568) and write ROI [4608:5184, 3456:4032, 576:1152] (576, 576, 576)
Recorded block-done for octoS0SubroiZ15683136Y78409408X1097612544Difficultsoma_pred_affs/793 with read ROI [4112:5680, 2960:4528, 80:1648] (1568, 1568, 1568) and write ROI [4608:5184, 3456:4032, 576:1152] (576, 576, 576)
Recording block-done for octoS0SubroiZ15683136Y78409408X1097612544Difficultsoma_pred_affs/6097 with read ROI [4112:5680, 2960:4528, 9872:11440] (1568, 1568, 1568) and write ROI [4608:5184, 3456:4032, 10368:10944] (576, 576, 576)
Recorded block-done for octoS0SubroiZ15683136Y78409408X1097612544Difficultsoma_pred_affs/6097 with read ROI [4112:5680, 2960:4528, 9872:11440] (1568, 1568, 1568) and write ROI [4608:5184, 3456:4032, 10368:10944] (576, 576, 576)
Recording block-done for octoS0SubroiZ15683136Y78409408X1097612544Difficultsoma_pred_affs/5073 with read ROI [4112:5680, 2960:4528, 8720:10288] (1568, 1568, 1568) and write ROI [4608:5184, 3456:4032, 9216:9792] (576, 576, 576)
Recorded block-done for octoS0SubroiZ15683136Y78409408X1097612544Difficultsoma_pred_affs/5073 with read ROI [4112:5680, 2960:4528, 8720:10288] (1568, 1568, 1568) and write ROI [4608:5184, 3456:4032, 9216:9792] (576, 576, 576)
Recording block-done for octoS0SubroiZ15683136Y78409408X1097612544Difficultsoma_pred_affs/1474 with read ROI [4112:5680, 4112:5680, 1232:2800] (1568, 1568, 1568) and write ROI [4608:5184, 4608:5184, 1728:2304] (576, 576, 576)
Recorded block-done for octoS0SubroiZ15683136Y78409408X1097612544Difficultsoma_pred_affs/1474 with read ROI [4112:5680, 4112:5680, 1232:2800] (1568, 1568, 1568) and write ROI [4608:5184, 4608:5184, 1728:2304] (576, 576, 576)
Recording block-done for octoS0SubroiZ15683136Y78409408X1097612544Difficultsoma_pred_affs/1915 with read ROI [4112:5680, 4112:5680, 2384:3952] (1568, 1568, 1568) and write ROI [4608:5184, 4608:5184, 2880:3456] (576, 576, 576)
Recorded block-done for octoS0SubroiZ15683136Y78409408X1097612544Difficultsoma_pred_affs/1915 with read ROI [4112:5680, 4112:5680, 2384:3952] (1568, 1568, 1568) and write ROI [4608:5184, 4608:5184, 2880:3456] (576, 576, 576)
Recording block-done for octoS0SubroiZ15683136Y78409408X1097612544Difficultsoma_pred_affs/1284 with read ROI [4112:5680, 4112:5680, 656:2224] (1568, 1568, 1568) and write ROI [4608:5184, 4608:5184, 1152:1728] (576, 576, 576)
Recorded block-done for octoS0SubroiZ15683136Y78409408X1097612544Difficultsoma_pred_affs/1284 with read ROI [4112:5680, 4112:5680, 656:2224] (1568, 1568, 1568) and write ROI [4608:5184, 4608:5184, 1152:1728] (576, 576, 576)
Recording block-done for octoS0SubroiZ15683136Y78409408X1097612544Difficultsoma_pred_affs/2152 with read ROI [4112:5680, 3536:5104, 3536:5104] (1568, 1568, 1568) and write ROI [4608:5184, 4032:4608, 4032:4608] (576, 576, 576)
Recorded block-done for octoS0SubroiZ15683136Y78409408X1097612544Difficultsoma_pred_affs/2152 with read ROI [4112:5680, 3536:5104, 3536:5104] (1568, 1568, 1568) and write ROI [4608:5184, 4032:4608, 4032:4608] (576, 576, 576)
Recording block-done for octoS0SubroiZ15683136Y78409408X1097612544Difficultsoma_pred_affs/4623 with read ROI [4112:5680, 3536:5104, 7568:9136] (1568, 1568, 1568) and write ROI [4608:5184, 4032:4608, 8064:8640] (576, 576, 576)
Recorded block-done for octoS0SubroiZ15683136Y78409408X1097612544Difficultsoma_pred_affs/4623 with read ROI [4112:5680, 3536:5104, 7568:9136] (1568, 1568, 1568) and write ROI [4608:5184, 4032:4608, 8064:8640] (576, 576, 576)
Recording block-done for octoS0SubroiZ15683136Y78409408X1097612544Difficultsoma_pred_affs/1301 with read ROI [4112:5680, 4688:6256, 80:1648] (1568, 1568, 1568) and write ROI [4608:5184, 5184:5760, 576:1152] (576, 576, 576)
Recorded block-done for octoS0SubroiZ15683136Y78409408X1097612544Difficultsoma_pred_affs/1301 with read ROI [4112:5680, 4688:6256, 80:1648] (1568, 1568, 1568) and write ROI [4608:5184, 5184:5760, 576:1152] (576, 576, 576)
Recording block-done for octoS0SubroiZ15683136Y78409408X1097612544Difficultsoma_pred_affs/1701 with read ROI [4112:5680, 4688:6256, 1232:2800] (1568, 1568, 1568) and write ROI [4608:5184, 5184:5760, 1728:2304] (576, 576, 576)
Recorded block-done for octoS0SubroiZ15683136Y78409408X1097612544Difficultsoma_pred_affs/1701 with read ROI [4112:5680, 4688:6256, 1232:2800] (1568, 1568, 1568) and write ROI [4608:5184, 5184:5760, 1728:2304] (576, 576, 576)
Recording block-done for octoS0SubroiZ15683136Y78409408X1097612544Difficultsoma_pred_affs/2185 with read ROI [4112:5680, 4688:6256, 2384:3952] (1568, 1568, 1568) and write ROI [4608:5184, 5184:5760, 2880:3456] (576, 576, 576)
Recorded block-done for octoS0SubroiZ15683136Y78409408X1097612544Difficultsoma_pred_affs/2185 with read ROI [4112:5680, 4688:6256, 2384:3952] (1568, 1568, 1568) and write ROI [4608:5184, 5184:5760, 2880:3456] (576, 576, 576)
Recording block-done for octoS0SubroiZ15683136Y78409408X1097612544Difficultsoma_pred_affs/4656 with read ROI [4112:5680, 4688:6256, 6416:7984] (1568, 1568, 1568) and write ROI [4608:5184, 5184:5760, 6912:7488] (576, 576, 576)
Recorded block-done for octoS0SubroiZ15683136Y78409408X1097612544Difficultsoma_pred_affs/4656 with read ROI [4112:5680, 4688:6256, 6416:7984] (1568, 1568, 1568) and write ROI [4608:5184, 5184:5760, 6912:7488] (576, 576, 576)
Recording block-done for octoS0SubroiZ15683136Y78409408X1097612544Difficultsoma_pred_affs/6145 with read ROI [4112:5680, 4688:6256, 8144:9712] (1568, 1568, 1568) and write ROI [4608:5184, 5184:5760, 8640:9216] (576, 576, 576)
Recorded block-done for octoS0SubroiZ15683136Y78409408X1097612544Difficultsoma_pred_affs/6145 with read ROI [4112:5680, 4688:6256, 8144:9712] (1568, 1568, 1568) and write ROI [4608:5184, 5184:5760, 8640:9216] (576, 576, 576)
Recording block-done for octoS0SubroiZ15683136Y78409408X1097612544Difficultsoma_pred_affs/5139 with read ROI [4112:5680, 5264:6832, 6416:7984] (1568, 1568, 1568) and write ROI [4608:5184, 5760:6336, 6912:7488] (576, 576, 576)
Recorded block-done for octoS0SubroiZ15683136Y78409408X1097612544Difficultsoma_pred_affs/5139 with read ROI [4112:5680, 5264:6832, 6416:7984] (1568, 1568, 1568) and write ROI [4608:5184, 5760:6336, 6912:7488] (576, 576, 576)
Recording block-done for octoS0SubroiZ15683136Y78409408X1097612544Difficultsoma_pred_affs/5635 with read ROI [4112:5680, 5264:6832, 6992:8560] (1568, 1568, 1568) and write ROI [4608:5184, 5760:6336, 7488:8064] (576, 576, 576)
Recorded block-done for octoS0SubroiZ15683136Y78409408X1097612544Difficultsoma_pred_affs/5635 with read ROI [4112:5680, 5264:6832, 6992:8560] (1568, 1568, 1568) and write ROI [4608:5184, 5760:6336, 7488:8064] (576, 576, 576)
Recording block-done for octoS0SubroiZ15683136Y78409408X1097612544Difficultsoma_pred_affs/8615 with read ROI [4112:5680, 5264:6832, 9872:11440] (1568, 1568, 1568) and write ROI [4608:5184, 5760:6336, 10368:10944] (576, 576, 576)
Recorded block-done for octoS0SubroiZ15683136Y78409408X1097612544Difficultsoma_pred_affs/8615 with read ROI [4112:5680, 5264:6832, 9872:11440] (1568, 1568, 1568) and write ROI [4608:5184, 5760:6336, 10368:10944] (576, 576, 576)
Recording block-done for octoS0SubroiZ15683136Y78409408X1097612544Difficultsoma_pred_affs/2798 with read ROI [4112:5680, 5840:7408, 2384:3952] (1568, 1568, 1568) and write ROI [4608:5184, 6336:6912, 2880:3456] (576, 576, 576)
Recorded block-done for octoS0SubroiZ15683136Y78409408X1097612544Difficultsoma_pred_affs/2798 with read ROI [4112:5680, 5840:7408, 2384:3952] (1568, 1568, 1568) and write ROI [4608:5184, 6336:6912, 2880:3456] (576, 576, 576)
Recording block-done for octoS0SubroiZ15683136Y78409408X1097612544Difficultsoma_pred_affs/5654 with read ROI [4112:5680, 5840:7408, 6416:7984] (1568, 1568, 1568) and write ROI [4608:5184, 6336:6912, 6912:7488] (576, 576, 576)
Recorded block-done for octoS0SubroiZ15683136Y78409408X1097612544Difficultsoma_pred_affs/5654 with read ROI [4112:5680, 5840:7408, 6416:7984] (1568, 1568, 1568) and write ROI [4608:5184, 6336:6912, 6912:7488] (576, 576, 576)
Recording block-done for octoS0SubroiZ15683136Y78409408X1097612544Difficultsoma_pred_affs/8634 with read ROI [4112:5680, 5840:7408, 9296:10864] (1568, 1568, 1568) and write ROI [4608:5184, 6336:6912, 9792:10368] (576, 576, 576)
Recorded block-done for octoS0SubroiZ15683136Y78409408X1097612544Difficultsoma_pred_affs/8634 with read ROI [4112:5680, 5840:7408, 9296:10864] (1568, 1568, 1568) and write ROI [4608:5184, 6336:6912, 9792:10368] (576, 576, 576)
Recording block-done for octoS0SubroiZ15683136Y78409408X1097612544Difficultsoma_pred_affs/2518 with read ROI [4112:5680, 6416:7984, 1232:2800] (1568, 1568, 1568) and write ROI [4608:5184, 6912:7488, 1728:2304] (576, 576, 576)
Recorded block-done for octoS0SubroiZ15683136Y78409408X1097612544Difficultsoma_pred_affs/2518 with read ROI [4112:5680, 6416:7984, 1232:2800] (1568, 1568, 1568) and write ROI [4608:5184, 6912:7488, 1728:2304] (576, 576, 576)
Recording block-done for octoS0SubroiZ15683136Y78409408X1097612544Difficultsoma_pred_affs/1989 with read ROI [4112:5680, 6416:7984, 80:1648] (1568, 1568, 1568) and write ROI [4608:5184, 6912:7488, 576:1152] (576, 576, 576)
Recorded block-done for octoS0SubroiZ15683136Y78409408X1097612544Difficultsoma_pred_affs/1989 with read ROI [4112:5680, 6416:7984, 80:1648] (1568, 1568, 1568) and write ROI [4608:5184, 6912:7488, 576:1152] (576, 576, 576)
Recording block-done for octoS0SubroiZ15683136Y78409408X1097612544Difficultsoma_pred_affs/8654 with read ROI [4112:5680, 6416:7984, 8720:10288] (1568, 1568, 1568) and write ROI [4608:5184, 6912:7488, 9216:9792] (576, 576, 576)
Recorded block-done for octoS0SubroiZ15683136Y78409408X1097612544Difficultsoma_pred_affs/8654 with read ROI [4112:5680, 6416:7984, 8720:10288] (1568, 1568, 1568) and write ROI [4608:5184, 6912:7488, 9216:9792] (576, 576, 576)
Recording block-done for octoS0SubroiZ15683136Y78409408X1097612544Difficultsoma_pred_affs/5221 with read ROI [4112:5680, 7568:9136, 4112:5680] (1568, 1568, 1568) and write ROI [4608:5184, 8064:8640, 4608:5184] (576, 576, 576)
Recorded block-done for octoS0SubroiZ15683136Y78409408X1097612544Difficultsoma_pred_affs/5221 with read ROI [4112:5680, 7568:9136, 4112:5680] (1568, 1568, 1568) and write ROI [4608:5184, 8064:8640, 4608:5184] (576, 576, 576)
Recording block-done for octoS0SubroiZ15683136Y78409408X1097612544Difficultsoma_pred_affs/12602 with read ROI [4112:5680, 7568:9136, 10448:12016] (1568, 1568, 1568) and write ROI [4608:5184, 8064:8640, 10944:11520] (576, 576, 576)
Recorded block-done for octoS0SubroiZ15683136Y78409408X1097612544Difficultsoma_pred_affs/12602 with read ROI [4112:5680, 7568:9136, 10448:12016] (1568, 1568, 1568) and write ROI [4608:5184, 8064:8640, 10944:11520] (576, 576, 576)
Recording block-done for octoS0SubroiZ15683136Y78409408X1097612544Difficultsoma_pred_affs/4344 with read ROI [4112:5680, 8144:9712, 2384:3952] (1568, 1568, 1568) and write ROI [4608:5184, 8640:9216, 2880:3456] (576, 576, 576)
Recorded block-done for octoS0SubroiZ15683136Y78409408X1097612544Difficultsoma_pred_affs/4344 with read ROI [4112:5680, 8144:9712, 2384:3952] (1568, 1568, 1568) and write ROI [4608:5184, 8640:9216, 2880:3456] (576, 576, 576)
Recording block-done for octoS0SubroiZ15683136Y78409408X1097612544Difficultsoma_pred_affs/7424 with read ROI [4112:5680, 8144:9712, 5840:7408] (1568, 1568, 1568) and write ROI [4608:5184, 8640:9216, 6336:6912] (576, 576, 576)
Recorded block-done for octoS0SubroiZ15683136Y78409408X1097612544Difficultsoma_pred_affs/7424 with read ROI [4112:5680, 8144:9712, 5840:7408] (1568, 1568, 1568) and write ROI [4608:5184, 8640:9216, 6336:6912] (576, 576, 576)
Recording block-done for octoS0SubroiZ15683136Y78409408X1097612544Difficultsoma_pred_affs/5244 with read ROI [4112:5680, 8144:9712, 3536:5104] (1568, 1568, 1568) and write ROI [4608:5184, 8640:9216, 4032:4608] (576, 576, 576)
Recorded block-done for octoS0SubroiZ15683136Y78409408X1097612544Difficultsoma_pred_affs/5244 with read ROI [4112:5680, 8144:9712, 3536:5104] (1568, 1568, 1568) and write ROI [4608:5184, 8640:9216, 4032:4608] (576, 576, 576)
Recording block-done for octoS0SubroiZ15683136Y78409408X1097612544Difficultsoma_pred_affs/4779 with read ROI [4112:5680, 8144:9712, 2960:4528] (1568, 1568, 1568) and write ROI [4608:5184, 8640:9216, 3456:4032] (576, 576, 576)
Recorded block-done for octoS0SubroiZ15683136Y78409408X1097612544Difficultsoma_pred_affs/4779 with read ROI [4112:5680, 8144:9712, 2960:4528] (1568, 1568, 1568) and write ROI [4608:5184, 8640:9216, 3456:4032] (576, 576, 576)
Recording block-done for octoS0SubroiZ15683136Y78409408X1097612544Difficultsoma_pred_affs/13528 with read ROI [4112:5680, 8144:9712, 10448:12016] (1568, 1568, 1568) and write ROI [4608:5184, 8640:9216, 10944:11520] (576, 576, 576)
Recorded block-done for octoS0SubroiZ15683136Y78409408X1097612544Difficultsoma_pred_affs/13528 with read ROI [4112:5680, 8144:9712, 10448:12016] (1568, 1568, 1568) and write ROI [4608:5184, 8640:9216, 10944:11520] (576, 576, 576)
Recording block-done for octoS0SubroiZ15683136Y78409408X1097612544Difficultsoma_pred_affs/6853 with read ROI [4112:5680, 8720:10288, 4688:6256] (1568, 1568, 1568) and write ROI [4608:5184, 9216:9792, 5184:5760] (576, 576, 576)
Recorded block-done for octoS0SubroiZ15683136Y78409408X1097612544Difficultsoma_pred_affs/6853 with read ROI [4112:5680, 8720:10288, 4688:6256] (1568, 1568, 1568) and write ROI [4608:5184, 9216:9792, 5184:5760] (576, 576, 576)
Recording block-done for octoS0SubroiZ15683136Y78409408X1097612544Difficultsoma_pred_affs/4828 with read ROI [4112:5680, 9296:10864, 1808:3376] (1568, 1568, 1568) and write ROI [4608:5184, 9792:10368, 2304:2880] (576, 576, 576)
Recorded block-done for octoS0SubroiZ15683136Y78409408X1097612544Difficultsoma_pred_affs/4828 with read ROI [4112:5680, 9296:10864, 1808:3376] (1568, 1568, 1568) and write ROI [4608:5184, 9792:10368, 2304:2880] (576, 576, 576)
Recording block-done for octoS0SubroiZ15683136Y78409408X1097612544Difficultsoma_pred_affs/3987 with read ROI [4112:5680, 9296:10864, 656:2224] (1568, 1568, 1568) and write ROI [4608:5184, 9792:10368, 1152:1728] (576, 576, 576)
Recorded block-done for octoS0SubroiZ15683136Y78409408X1097612544Difficultsoma_pred_affs/3987 with read ROI [4112:5680, 9296:10864, 656:2224] (1568, 1568, 1568) and write ROI [4608:5184, 9792:10368, 1152:1728] (576, 576, 576)
Recording block-done for octoS0SubroiZ15683136Y78409408X1097612544Difficultsoma_pred_affs/5789 with read ROI [4112:5680, 9296:10864, 2960:4528] (1568, 1568, 1568) and write ROI [4608:5184, 9792:10368, 3456:4032] (576, 576, 576)
Recorded block-done for octoS0SubroiZ15683136Y78409408X1097612544Difficultsoma_pred_affs/5789 with read ROI [4112:5680, 9296:10864, 2960:4528] (1568, 1568, 1568) and write ROI [4608:5184, 9792:10368, 3456:4032] (576, 576, 576)
Recording block-done for octoS0SubroiZ15683136Y78409408X1097612544Difficultsoma_pred_affs/8103 with read ROI [4112:5680, 9296:10864, 5264:6832] (1568, 1568, 1568) and write ROI [4608:5184, 9792:10368, 5760:6336] (576, 576, 576)
Recorded block-done for octoS0SubroiZ15683136Y78409408X1097612544Difficultsoma_pred_affs/8103 with read ROI [4112:5680, 9296:10864, 5264:6832] (1568, 1568, 1568) and write ROI [4608:5184, 9792:10368, 5760:6336] (576, 576, 576)
Recording block-done for octoS0SubroiZ15683136Y78409408X1097612544Difficultsoma_pred_affs/8129 with read ROI [4112:5680, 9872:11440, 4688:6256] (1568, 1568, 1568) and write ROI [4608:5184, 10368:10944, 5184:5760] (576, 576, 576)
Recorded block-done for octoS0SubroiZ15683136Y78409408X1097612544Difficultsoma_pred_affs/8129 with read ROI [4112:5680, 9872:11440, 4688:6256] (1568, 1568, 1568) and write ROI [4608:5184, 10368:10944, 5184:5760] (576, 576, 576)
Recording block-done for octoS0SubroiZ15683136Y78409408X1097612544Difficultsoma_pred_affs/8795 with read ROI [4112:5680, 9872:11440, 5264:6832] (1568, 1568, 1568) and write ROI [4608:5184, 10368:10944, 5760:6336] (576, 576, 576)
Recorded block-done for octoS0SubroiZ15683136Y78409408X1097612544Difficultsoma_pred_affs/8795 with read ROI [4112:5680, 9872:11440, 5264:6832] (1568, 1568, 1568) and write ROI [4608:5184, 10368:10944, 5760:6336] (576, 576, 576)
Recording block-done for octoS0SubroiZ15683136Y78409408X1097612544Difficultsoma_pred_affs/14549 with read ROI [4112:5680, 9872:11440, 9296:10864] (1568, 1568, 1568) and write ROI [4608:5184, 10368:10944, 9792:10368] (576, 576, 576)
Recorded block-done for octoS0SubroiZ15683136Y78409408X1097612544Difficultsoma_pred_affs/14549 with read ROI [4112:5680, 9872:11440, 9296:10864] (1568, 1568, 1568) and write ROI [4608:5184, 10368:10944, 9792:10368] (576, 576, 576)
Recording block-done for octoS0SubroiZ15683136Y78409408X1097612544Difficultsoma_pred_affs/16574 with read ROI [4112:5680, 9872:11440, 10448:12016] (1568, 1568, 1568) and write ROI [4608:5184, 10368:10944, 10944:11520] (576, 576, 576)
Recorded block-done for octoS0SubroiZ15683136Y78409408X1097612544Difficultsoma_pred_affs/16574 with read ROI [4112:5680, 9872:11440, 10448:12016] (1568, 1568, 1568) and write ROI [4608:5184, 10368:10944, 10944:11520] (576, 576, 576)
Recording block-done for octoS0SubroiZ15683136Y78409408X1097612544Difficultsoma_pred_affs/4881 with read ROI [4112:5680, 10448:12016, 656:2224] (1568, 1568, 1568) and write ROI [4608:5184, 10944:11520, 1152:1728] (576, 576, 576)
Recorded block-done for octoS0SubroiZ15683136Y78409408X1097612544Difficultsoma_pred_affs/4881 with read ROI [4112:5680, 10448:12016, 656:2224] (1568, 1568, 1568) and write ROI [4608:5184, 10944:11520, 1152:1728] (576, 576, 576)
Recording block-done for octoS0SubroiZ15683136Y78409408X1097612544Difficultsoma_pred_affs/16601 with read ROI [4112:5680, 10448:12016, 9872:11440] (1568, 1568, 1568) and write ROI [4608:5184, 10944:11520, 10368:10944] (576, 576, 576)
Recorded block-done for octoS0SubroiZ15683136Y78409408X1097612544Difficultsoma_pred_affs/16601 with read ROI [4112:5680, 10448:12016, 9872:11440] (1568, 1568, 1568) and write ROI [4608:5184, 10944:11520, 10368:10944] (576, 576, 576)
Recording block-done for octoS0SubroiZ15683136Y78409408X1097612544Difficultsoma_pred_affs/13630 with read ROI [4112:5680, 10448:12016, 8144:9712] (1568, 1568, 1568) and write ROI [4608:5184, 10944:11520, 8640:9216] (576, 576, 576)
Recorded block-done for octoS0SubroiZ15683136Y78409408X1097612544Difficultsoma_pred_affs/13630 with read ROI [4112:5680, 10448:12016, 8144:9712] (1568, 1568, 1568) and write ROI [4608:5184, 10944:11520, 8640:9216] (576, 576, 576)
Recording block-done for octoS0SubroiZ15683136Y78409408X1097612544Difficultsoma_pred_affs/891 with read ROI [4688:6256, 656:2224, 2384:3952] (1568, 1568, 1568) and write ROI [5184:5760, 1152:1728, 2880:3456] (576, 576, 576)
Recorded block-done for octoS0SubroiZ15683136Y78409408X1097612544Difficultsoma_pred_affs/891 with read ROI [4688:6256, 656:2224, 2384:3952] (1568, 1568, 1568) and write ROI [5184:5760, 1152:1728, 2880:3456] (576, 576, 576)
Recording block-done for octoS0SubroiZ15683136Y78409408X1097612544Difficultsoma_pred_affs/1604 with read ROI [4688:6256, 80:1648, 5264:6832] (1568, 1568, 1568) and write ROI [5184:5760, 576:1152, 5760:6336] (576, 576, 576)
Recorded block-done for octoS0SubroiZ15683136Y78409408X1097612544Difficultsoma_pred_affs/1604 with read ROI [4688:6256, 80:1648, 5264:6832] (1568, 1568, 1568) and write ROI [5184:5760, 576:1152, 5760:6336] (576, 576, 576)
Recording block-done for octoS0SubroiZ15683136Y78409408X1097612544Difficultsoma_pred_affs/4124 with read ROI [4688:6256, 80:1648, 9872:11440] (1568, 1568, 1568) and write ROI [5184:5760, 576:1152, 10368:10944] (576, 576, 576)
Recorded block-done for octoS0SubroiZ15683136Y78409408X1097612544Difficultsoma_pred_affs/4124 with read ROI [4688:6256, 80:1648, 9872:11440] (1568, 1568, 1568) and write ROI [5184:5760, 576:1152, 10368:10944] (576, 576, 576)
Recording block-done for octoS0SubroiZ15683136Y78409408X1097612544Difficultsoma_pred_affs/2664 with read ROI [4688:6256, 80:1648, 7568:9136] (1568, 1568, 1568) and write ROI [5184:5760, 576:1152, 8064:8640] (576, 576, 576)
Recorded block-done for octoS0SubroiZ15683136Y78409408X1097612544Difficultsoma_pred_affs/2664 with read ROI [4688:6256, 80:1648, 7568:9136] (1568, 1568, 1568) and write ROI [5184:5760, 576:1152, 8064:8640] (576, 576, 576)
Recording block-done for octoS0SubroiZ15683136Y78409408X1097612544Difficultsoma_pred_affs/4135 with read ROI [4688:6256, 656:2224, 9296:10864] (1568, 1568, 1568) and write ROI [5184:5760, 1152:1728, 9792:10368] (576, 576, 576)
Recorded block-done for octoS0SubroiZ15683136Y78409408X1097612544Difficultsoma_pred_affs/4135 with read ROI [4688:6256, 656:2224, 9296:10864] (1568, 1568, 1568) and write ROI [5184:5760, 1152:1728, 9792:10368] (576, 576, 576)
Recording block-done for octoS0SubroiZ15683136Y78409408X1097612544Difficultsoma_pred_affs/2687 with read ROI [4688:6256, 1232:2800, 6416:7984] (1568, 1568, 1568) and write ROI [5184:5760, 1728:2304, 6912:7488] (576, 576, 576)
Recorded block-done for octoS0SubroiZ15683136Y78409408X1097612544Difficultsoma_pred_affs/2687 with read ROI [4688:6256, 1232:2800, 6416:7984] (1568, 1568, 1568) and write ROI [5184:5760, 1728:2304, 6912:7488] (576, 576, 576)
Recording block-done for octoS0SubroiZ15683136Y78409408X1097612544Difficultsoma_pred_affs/1056 with read ROI [4688:6256, 1232:2800, 2384:3952] (1568, 1568, 1568) and write ROI [5184:5760, 1728:2304, 2880:3456] (576, 576, 576)
Recorded block-done for octoS0SubroiZ15683136Y78409408X1097612544Difficultsoma_pred_affs/1056 with read ROI [4688:6256, 1232:2800, 2384:3952] (1568, 1568, 1568) and write ROI [5184:5760, 1728:2304, 2880:3456] (576, 576, 576)
Recording block-done for octoS0SubroiZ15683136Y78409408X1097612544Difficultsoma_pred_affs/2675 with read ROI [4688:6256, 656:2224, 6992:8560] (1568, 1568, 1568) and write ROI [5184:5760, 1152:1728, 7488:8064] (576, 576, 576)
Recorded block-done for octoS0SubroiZ15683136Y78409408X1097612544Difficultsoma_pred_affs/2675 with read ROI [4688:6256, 656:2224, 6992:8560] (1568, 1568, 1568) and write ROI [5184:5760, 1152:1728, 7488:8064] (576, 576, 576)
Recording block-done for octoS0SubroiZ15683136Y78409408X1097612544Difficultsoma_pred_affs/4147 with read ROI [4688:6256, 1232:2800, 8720:10288] (1568, 1568, 1568) and write ROI [5184:5760, 1728:2304, 9216:9792] (576, 576, 576)
Recorded block-done for octoS0SubroiZ15683136Y78409408X1097612544Difficultsoma_pred_affs/4147 with read ROI [4688:6256, 1232:2800, 8720:10288] (1568, 1568, 1568) and write ROI [5184:5760, 1728:2304, 9216:9792] (576, 576, 576)
Recording block-done for octoS0SubroiZ15683136Y78409408X1097612544Difficultsoma_pred_affs/5060 with read ROI [4688:6256, 1808:3376, 9296:10864] (1568, 1568, 1568) and write ROI [5184:5760, 2304:2880, 9792:10368] (576, 576, 576)
Recorded block-done for octoS0SubroiZ15683136Y78409408X1097612544Difficultsoma_pred_affs/5060 with read ROI [4688:6256, 1808:3376, 9296:10864] (1568, 1568, 1568) and write ROI [5184:5760, 2304:2880, 9792:10368] (576, 576, 576)
Recording block-done for octoS0SubroiZ15683136Y78409408X1097612544Difficultsoma_pred_affs/5556 with read ROI [4688:6256, 1808:3376, 9872:11440] (1568, 1568, 1568) and write ROI [5184:5760, 2304:2880, 10368:10944] (576, 576, 576)
Recorded block-done for octoS0SubroiZ15683136Y78409408X1097612544Difficultsoma_pred_affs/5556 with read ROI [4688:6256, 1808:3376, 9872:11440] (1568, 1568, 1568) and write ROI [5184:5760, 2304:2880, 10368:10944] (576, 576, 576)
Recording block-done for octoS0SubroiZ15683136Y78409408X1097612544Difficultsoma_pred_affs/660 with read ROI [4688:6256, 1808:3376, 80:1648] (1568, 1568, 1568) and write ROI [5184:5760, 2304:2880, 576:1152] (576, 576, 576)
Recorded block-done for octoS0SubroiZ15683136Y78409408X1097612544Difficultsoma_pred_affs/660 with read ROI [4688:6256, 1808:3376, 80:1648] (1568, 1568, 1568) and write ROI [5184:5760, 2304:2880, 576:1152] (576, 576, 576)
Recording block-done for octoS0SubroiZ15683136Y78409408X1097612544Difficultsoma_pred_affs/1871 with read ROI [4688:6256, 1808:3376, 4112:5680] (1568, 1568, 1568) and write ROI [5184:5760, 2304:2880, 4608:5184] (576, 576, 576)
Recorded block-done for octoS0SubroiZ15683136Y78409408X1097612544Difficultsoma_pred_affs/1871 with read ROI [4688:6256, 1808:3376, 4112:5680] (1568, 1568, 1568) and write ROI [5184:5760, 2304:2880, 4608:5184] (576, 576, 576)
Recording block-done for octoS0SubroiZ15683136Y78409408X1097612544Difficultsoma_pred_affs/2700 with read ROI [4688:6256, 1808:3376, 5840:7408] (1568, 1568, 1568) and write ROI [5184:5760, 2304:2880, 6336:6912] (576, 576, 576)
Recorded block-done for octoS0SubroiZ15683136Y78409408X1097612544Difficultsoma_pred_affs/2700 with read ROI [4688:6256, 1808:3376, 5840:7408] (1568, 1568, 1568) and write ROI [5184:5760, 2304:2880, 6336:6912] (576, 576, 576)
Recording block-done for octoS0SubroiZ15683136Y78409408X1097612544Difficultsoma_pred_affs/3039 with read ROI [4688:6256, 2384:3952, 5840:7408] (1568, 1568, 1568) and write ROI [5184:5760, 2880:3456, 6336:6912] (576, 576, 576)
Recorded block-done for octoS0SubroiZ15683136Y78409408X1097612544Difficultsoma_pred_affs/3039 with read ROI [4688:6256, 2384:3952, 5840:7408] (1568, 1568, 1568) and write ROI [5184:5760, 2880:3456, 6336:6912] (576, 576, 576)
Recording block-done for octoS0SubroiZ15683136Y78409408X1097612544Difficultsoma_pred_affs/3390 with read ROI [4688:6256, 2384:3952, 6416:7984] (1568, 1568, 1568) and write ROI [5184:5760, 2880:3456, 6912:7488] (576, 576, 576)
Recorded block-done for octoS0SubroiZ15683136Y78409408X1097612544Difficultsoma_pred_affs/3390 with read ROI [4688:6256, 2384:3952, 6416:7984] (1568, 1568, 1568) and write ROI [5184:5760, 2880:3456, 6912:7488] (576, 576, 576)
Recording block-done for octoS0SubroiZ15683136Y78409408X1097612544Difficultsoma_pred_affs/6098 with read ROI [4688:6256, 2384:3952, 9872:11440] (1568, 1568, 1568) and write ROI [5184:5760, 2880:3456, 10368:10944] (576, 576, 576)
Recorded block-done for octoS0SubroiZ15683136Y78409408X1097612544Difficultsoma_pred_affs/6098 with read ROI [4688:6256, 2384:3952, 9872:11440] (1568, 1568, 1568) and write ROI [5184:5760, 2880:3456, 10368:10944] (576, 576, 576)
Recording block-done for octoS0SubroiZ15683136Y78409408X1097612544Difficultsoma_pred_affs/4609 with read ROI [4688:6256, 2384:3952, 8144:9712] (1568, 1568, 1568) and write ROI [5184:5760, 2880:3456, 8640:9216] (576, 576, 576)
Recorded block-done for octoS0SubroiZ15683136Y78409408X1097612544Difficultsoma_pred_affs/4609 with read ROI [4688:6256, 2384:3952, 8144:9712] (1568, 1568, 1568) and write ROI [5184:5760, 2880:3456, 8640:9216] (576, 576, 576)
Recording block-done for octoS0SubroiZ15683136Y78409408X1097612544Difficultsoma_pred_affs/3783 with read ROI [4688:6256, 2960:4528, 6416:7984] (1568, 1568, 1568) and write ROI [5184:5760, 3456:4032, 6912:7488] (576, 576, 576)
Recorded block-done for octoS0SubroiZ15683136Y78409408X1097612544Difficultsoma_pred_affs/3783 with read ROI [4688:6256, 2960:4528, 6416:7984] (1568, 1568, 1568) and write ROI [5184:5760, 3456:4032, 6912:7488] (576, 576, 576)
Recording block-done for octoS0SubroiZ15683136Y78409408X1097612544Difficultsoma_pred_affs/4624 with read ROI [4688:6256, 2960:4528, 7568:9136] (1568, 1568, 1568) and write ROI [5184:5760, 3456:4032, 8064:8640] (576, 576, 576)
Recorded block-done for octoS0SubroiZ15683136Y78409408X1097612544Difficultsoma_pred_affs/4624 with read ROI [4688:6256, 2960:4528, 7568:9136] (1568, 1568, 1568) and write ROI [5184:5760, 3456:4032, 8064:8640] (576, 576, 576)
Recording block-done for octoS0SubroiZ15683136Y78409408X1097612544Difficultsoma_pred_affs/1475 with read ROI [4688:6256, 3536:5104, 1232:2800] (1568, 1568, 1568) and write ROI [5184:5760, 4032:4608, 1728:2304] (576, 576, 576)
Recorded block-done for octoS0SubroiZ15683136Y78409408X1097612544Difficultsoma_pred_affs/1475 with read ROI [4688:6256, 3536:5104, 1232:2800] (1568, 1568, 1568) and write ROI [5184:5760, 4032:4608, 1728:2304] (576, 576, 576)
Recording block-done for octoS0SubroiZ15683136Y78409408X1097612544Difficultsoma_pred_affs/1492 with read ROI [4688:6256, 4112:5680, 656:2224] (1568, 1568, 1568) and write ROI [5184:5760, 4608:5184, 1152:1728] (576, 576, 576)
Recorded block-done for octoS0SubroiZ15683136Y78409408X1097612544Difficultsoma_pred_affs/1492 with read ROI [4688:6256, 4112:5680, 656:2224] (1568, 1568, 1568) and write ROI [5184:5760, 4608:5184, 1152:1728] (576, 576, 576)
Recording block-done for octoS0SubroiZ15683136Y78409408X1097612544Difficultsoma_pred_affs/2462 with read ROI [4688:6256, 4112:5680, 2960:4528] (1568, 1568, 1568) and write ROI [5184:5760, 4608:5184, 3456:4032] (576, 576, 576)
Recorded block-done for octoS0SubroiZ15683136Y78409408X1097612544Difficultsoma_pred_affs/2462 with read ROI [4688:6256, 4112:5680, 2960:4528] (1568, 1568, 1568) and write ROI [5184:5760, 4608:5184, 3456:4032] (576, 576, 576)
Recording block-done for octoS0SubroiZ15683136Y78409408X1097612544Difficultsoma_pred_affs/5105 with read ROI [4688:6256, 3536:5104, 7568:9136] (1568, 1568, 1568) and write ROI [5184:5760, 4032:4608, 8064:8640] (576, 576, 576)
Recorded block-done for octoS0SubroiZ15683136Y78409408X1097612544Difficultsoma_pred_affs/5105 with read ROI [4688:6256, 3536:5104, 7568:9136] (1568, 1568, 1568) and write ROI [5184:5760, 4032:4608, 8064:8640] (576, 576, 576)
Recording block-done for octoS0SubroiZ15683136Y78409408X1097612544Difficultsoma_pred_affs/4240 with read ROI [4688:6256, 4688:6256, 5264:6832] (1568, 1568, 1568) and write ROI [5184:5760, 5184:5760, 5760:6336] (576, 576, 576)
Recorded block-done for octoS0SubroiZ15683136Y78409408X1097612544Difficultsoma_pred_affs/4240 with read ROI [4688:6256, 4688:6256, 5264:6832] (1568, 1568, 1568) and write ROI [5184:5760, 5184:5760, 5760:6336] (576, 576, 576)
Recording block-done for octoS0SubroiZ15683136Y78409408X1097612544Difficultsoma_pred_affs/3834 with read ROI [4688:6256, 4688:6256, 4688:6256] (1568, 1568, 1568) and write ROI [5184:5760, 5184:5760, 5184:5760] (576, 576, 576)
Recorded block-done for octoS0SubroiZ15683136Y78409408X1097612544Difficultsoma_pred_affs/3834 with read ROI [4688:6256, 4688:6256, 4688:6256] (1568, 1568, 1568) and write ROI [5184:5760, 5184:5760, 5184:5760] (576, 576, 576)
Recording block-done for octoS0SubroiZ15683136Y78409408X1097612544Difficultsoma_pred_affs/5140 with read ROI [4688:6256, 4688:6256, 6416:7984] (1568, 1568, 1568) and write ROI [5184:5760, 5184:5760, 6912:7488] (576, 576, 576)
Recorded block-done for octoS0SubroiZ15683136Y78409408X1097612544Difficultsoma_pred_affs/5140 with read ROI [4688:6256, 4688:6256, 6416:7984] (1568, 1568, 1568) and write ROI [5184:5760, 5184:5760, 6912:7488] (576, 576, 576)
Recording block-done for octoS0SubroiZ15683136Y78409408X1097612544Difficultsoma_pred_affs/6146 with read ROI [4688:6256, 4112:5680, 8144:9712] (1568, 1568, 1568) and write ROI [5184:5760, 4608:5184, 8640:9216] (576, 576, 576)
Recorded block-done for octoS0SubroiZ15683136Y78409408X1097612544Difficultsoma_pred_affs/6146 with read ROI [4688:6256, 4112:5680, 8144:9712] (1568, 1568, 1568) and write ROI [5184:5760, 4608:5184, 8640:9216] (576, 576, 576)
Recording block-done for octoS0SubroiZ15683136Y78409408X1097612544Difficultsoma_pred_affs/2223 with read ROI [4688:6256, 5264:6832, 1232:2800] (1568, 1568, 1568) and write ROI [5184:5760, 5760:6336, 1728:2304] (576, 576, 576)
Recorded block-done for octoS0SubroiZ15683136Y78409408X1097612544Difficultsoma_pred_affs/2223 with read ROI [4688:6256, 5264:6832, 1232:2800] (1568, 1568, 1568) and write ROI [5184:5760, 5760:6336, 1728:2304] (576, 576, 576)
Recording block-done for octoS0SubroiZ15683136Y78409408X1097612544Difficultsoma_pred_affs/5655 with read ROI [4688:6256, 5264:6832, 6416:7984] (1568, 1568, 1568) and write ROI [5184:5760, 5760:6336, 6912:7488] (576, 576, 576)
Recorded block-done for octoS0SubroiZ15683136Y78409408X1097612544Difficultsoma_pred_affs/5655 with read ROI [4688:6256, 5264:6832, 6416:7984] (1568, 1568, 1568) and write ROI [5184:5760, 5760:6336, 6912:7488] (576, 576, 576)
Recording block-done for octoS0SubroiZ15683136Y78409408X1097612544Difficultsoma_pred_affs/6744 with read ROI [4688:6256, 5264:6832, 7568:9136] (1568, 1568, 1568) and write ROI [5184:5760, 5760:6336, 8064:8640] (576, 576, 576)
Recorded block-done for octoS0SubroiZ15683136Y78409408X1097612544Difficultsoma_pred_affs/6744 with read ROI [4688:6256, 5264:6832, 7568:9136] (1568, 1568, 1568) and write ROI [5184:5760, 5760:6336, 8064:8640] (576, 576, 576)
Recording block-done for octoS0SubroiZ15683136Y78409408X1097612544Difficultsoma_pred_affs/7339 with read ROI [4688:6256, 5264:6832, 8144:9712] (1568, 1568, 1568) and write ROI [5184:5760, 5760:6336, 8640:9216] (576, 576, 576)
Recorded block-done for octoS0SubroiZ15683136Y78409408X1097612544Difficultsoma_pred_affs/7339 with read ROI [4688:6256, 5264:6832, 8144:9712] (1568, 1568, 1568) and write ROI [5184:5760, 5760:6336, 8640:9216] (576, 576, 576)
Recording block-done for octoS0SubroiZ15683136Y78409408X1097612544Difficultsoma_pred_affs/6183 with read ROI [4688:6256, 5264:6832, 6992:8560] (1568, 1568, 1568) and write ROI [5184:5760, 5760:6336, 7488:8064] (576, 576, 576)
Recorded block-done for octoS0SubroiZ15683136Y78409408X1097612544Difficultsoma_pred_affs/6183 with read ROI [4688:6256, 5264:6832, 6992:8560] (1568, 1568, 1568) and write ROI [5184:5760, 5760:6336, 7488:8064] (576, 576, 576)
Recording block-done for octoS0SubroiZ15683136Y78409408X1097612544Difficultsoma_pred_affs/10099 with read ROI [4688:6256, 5840:7408, 9872:11440] (1568, 1568, 1568) and write ROI [5184:5760, 6336:6912, 10368:10944] (576, 576, 576)
Recorded block-done for octoS0SubroiZ15683136Y78409408X1097612544Difficultsoma_pred_affs/10099 with read ROI [4688:6256, 5840:7408, 9872:11440] (1568, 1568, 1568) and write ROI [5184:5760, 6336:6912, 10368:10944] (576, 576, 576)
Recording block-done for octoS0SubroiZ15683136Y78409408X1097612544Difficultsoma_pred_affs/3165 with read ROI [4688:6256, 6416:7984, 1808:3376] (1568, 1568, 1568) and write ROI [5184:5760, 6912:7488, 2304:2880] (576, 576, 576)
Recorded block-done for octoS0SubroiZ15683136Y78409408X1097612544Difficultsoma_pred_affs/3165 with read ROI [4688:6256, 6416:7984, 1808:3376] (1568, 1568, 1568) and write ROI [5184:5760, 6912:7488, 2304:2880] (576, 576, 576)
Recording block-done for octoS0SubroiZ15683136Y78409408X1097612544Difficultsoma_pred_affs/2540 with read ROI [4688:6256, 6416:7984, 656:2224] (1568, 1568, 1568) and write ROI [5184:5760, 6912:7488, 1152:1728] (576, 576, 576)
Recorded block-done for octoS0SubroiZ15683136Y78409408X1097612544Difficultsoma_pred_affs/2540 with read ROI [4688:6256, 6416:7984, 656:2224] (1568, 1568, 1568) and write ROI [5184:5760, 6912:7488, 1152:1728] (576, 576, 576)
Recording block-done for octoS0SubroiZ15683136Y78409408X1097612544Difficultsoma_pred_affs/2264 with read ROI [4688:6256, 6416:7984, 80:1648] (1568, 1568, 1568) and write ROI [5184:5760, 6912:7488, 576:1152] (576, 576, 576)
Recorded block-done for octoS0SubroiZ15683136Y78409408X1097612544Difficultsoma_pred_affs/2264 with read ROI [4688:6256, 6416:7984, 80:1648] (1568, 1568, 1568) and write ROI [5184:5760, 6912:7488, 576:1152] (576, 576, 576)
Recording block-done for octoS0SubroiZ15683136Y78409408X1097612544Difficultsoma_pred_affs/8676 with read ROI [4688:6256, 6416:7984, 8144:9712] (1568, 1568, 1568) and write ROI [5184:5760, 6912:7488, 8640:9216] (576, 576, 576)
Recorded block-done for octoS0SubroiZ15683136Y78409408X1097612544Difficultsoma_pred_affs/8676 with read ROI [4688:6256, 6416:7984, 8144:9712] (1568, 1568, 1568) and write ROI [5184:5760, 6912:7488, 8640:9216] (576, 576, 576)
Recording block-done for octoS0SubroiZ15683136Y78409408X1097612544Difficultsoma_pred_affs/3916 with read ROI [4688:6256, 6992:8560, 2384:3952] (1568, 1568, 1568) and write ROI [5184:5760, 7488:8064, 2880:3456] (576, 576, 576)
Recorded block-done for octoS0SubroiZ15683136Y78409408X1097612544Difficultsoma_pred_affs/3916 with read ROI [4688:6256, 6992:8560, 2384:3952] (1568, 1568, 1568) and write ROI [5184:5760, 7488:8064, 2880:3456] (576, 576, 576)
Recording block-done for octoS0SubroiZ15683136Y78409408X1097612544Difficultsoma_pred_affs/3210 with read ROI [4688:6256, 7568:9136, 656:2224] (1568, 1568, 1568) and write ROI [5184:5760, 8064:8640, 1152:1728] (576, 576, 576)
Recorded block-done for octoS0SubroiZ15683136Y78409408X1097612544Difficultsoma_pred_affs/3210 with read ROI [4688:6256, 7568:9136, 656:2224] (1568, 1568, 1568) and write ROI [5184:5760, 8064:8640, 1152:1728] (576, 576, 576)
Recording block-done for octoS0SubroiZ15683136Y78409408X1097612544Difficultsoma_pred_affs/6807 with read ROI [4688:6256, 6992:8560, 5840:7408] (1568, 1568, 1568) and write ROI [5184:5760, 7488:8064, 6336:6912] (576, 576, 576)
Recorded block-done for octoS0SubroiZ15683136Y78409408X1097612544Difficultsoma_pred_affs/6807 with read ROI [4688:6256, 6992:8560, 5840:7408] (1568, 1568, 1568) and write ROI [5184:5760, 7488:8064, 6336:6912] (576, 576, 576)
Recording block-done for octoS0SubroiZ15683136Y78409408X1097612544Difficultsoma_pred_affs/9401 with read ROI [4688:6256, 6992:8560, 8144:9712] (1568, 1568, 1568) and write ROI [5184:5760, 7488:8064, 8640:9216] (576, 576, 576)
Recorded block-done for octoS0SubroiZ15683136Y78409408X1097612544Difficultsoma_pred_affs/9401 with read ROI [4688:6256, 6992:8560, 8144:9712] (1568, 1568, 1568) and write ROI [5184:5760, 7488:8064, 8640:9216] (576, 576, 576)
Recording block-done for octoS0SubroiZ15683136Y78409408X1097612544Difficultsoma_pred_affs/8698 with read ROI [4688:6256, 6992:8560, 7568:9136] (1568, 1568, 1568) and write ROI [5184:5760, 7488:8064, 8064:8640] (576, 576, 576)
Recorded block-done for octoS0SubroiZ15683136Y78409408X1097612544Difficultsoma_pred_affs/8698 with read ROI [4688:6256, 6992:8560, 7568:9136] (1568, 1568, 1568) and write ROI [5184:5760, 7488:8064, 8064:8640] (576, 576, 576)
Recording block-done for octoS0SubroiZ15683136Y78409408X1097612544Difficultsoma_pred_affs/5741 with read ROI [4688:6256, 7568:9136, 4112:5680] (1568, 1568, 1568) and write ROI [5184:5760, 8064:8640, 4608:5184] (576, 576, 576)
Recorded block-done for octoS0SubroiZ15683136Y78409408X1097612544Difficultsoma_pred_affs/5741 with read ROI [4688:6256, 7568:9136, 4112:5680] (1568, 1568, 1568) and write ROI [5184:5760, 8064:8640, 4608:5184] (576, 576, 576)
Recording block-done for octoS0SubroiZ15683136Y78409408X1097612544Difficultsoma_pred_affs/3585 with read ROI [4688:6256, 8144:9712, 656:2224] (1568, 1568, 1568) and write ROI [5184:5760, 8640:9216, 1152:1728] (576, 576, 576)
Recorded block-done for octoS0SubroiZ15683136Y78409408X1097612544Difficultsoma_pred_affs/3585 with read ROI [4688:6256, 8144:9712, 656:2224] (1568, 1568, 1568) and write ROI [5184:5760, 8640:9216, 1152:1728] (576, 576, 576)
Recording block-done for octoS0SubroiZ15683136Y78409408X1097612544Difficultsoma_pred_affs/7449 with read ROI [4688:6256, 8144:9712, 5264:6832] (1568, 1568, 1568) and write ROI [5184:5760, 8640:9216, 5760:6336] (576, 576, 576)
Recorded block-done for octoS0SubroiZ15683136Y78409408X1097612544Difficultsoma_pred_affs/7449 with read ROI [4688:6256, 8144:9712, 5264:6832] (1568, 1568, 1568) and write ROI [5184:5760, 8640:9216, 5760:6336] (576, 576, 576)
Recording block-done for octoS0SubroiZ15683136Y78409408X1097612544Difficultsoma_pred_affs/8079 with read ROI [4688:6256, 8144:9712, 5840:7408] (1568, 1568, 1568) and write ROI [5184:5760, 8640:9216, 6336:6912] (576, 576, 576)
Recorded block-done for octoS0SubroiZ15683136Y78409408X1097612544Difficultsoma_pred_affs/8079 with read ROI [4688:6256, 8144:9712, 5840:7408] (1568, 1568, 1568) and write ROI [5184:5760, 8640:9216, 6336:6912] (576, 576, 576)
Recording block-done for octoS0SubroiZ15683136Y78409408X1097612544Difficultsoma_pred_affs/11789 with read ROI [4688:6256, 8144:9712, 8720:10288] (1568, 1568, 1568) and write ROI [5184:5760, 8640:9216, 9216:9792] (576, 576, 576)
Recorded block-done for octoS0SubroiZ15683136Y78409408X1097612544Difficultsoma_pred_affs/11789 with read ROI [4688:6256, 8144:9712, 8720:10288] (1568, 1568, 1568) and write ROI [5184:5760, 8640:9216, 9216:9792] (576, 576, 576)
Recording block-done for octoS0SubroiZ15683136Y78409408X1097612544Difficultsoma_pred_affs/3988 with read ROI [4688:6256, 8720:10288, 656:2224] (1568, 1568, 1568) and write ROI [5184:5760, 9216:9792, 1152:1728] (576, 576, 576)
Recorded block-done for octoS0SubroiZ15683136Y78409408X1097612544Difficultsoma_pred_affs/3988 with read ROI [4688:6256, 8720:10288, 656:2224] (1568, 1568, 1568) and write ROI [5184:5760, 9216:9792, 1152:1728] (576, 576, 576)
Recording block-done for octoS0SubroiZ15683136Y78409408X1097612544Difficultsoma_pred_affs/14524 with read ROI [4688:6256, 8720:10288, 9872:11440] (1568, 1568, 1568) and write ROI [5184:5760, 9216:9792, 10368:10944] (576, 576, 576)
Recorded block-done for octoS0SubroiZ15683136Y78409408X1097612544Difficultsoma_pred_affs/14524 with read ROI [4688:6256, 8720:10288, 9872:11440] (1568, 1568, 1568) and write ROI [5184:5760, 9216:9792, 10368:10944] (576, 576, 576)
Recording block-done for octoS0SubroiZ15683136Y78409408X1097612544Difficultsoma_pred_affs/10994 with read ROI [4688:6256, 8720:10288, 7568:9136] (1568, 1568, 1568) and write ROI [5184:5760, 9216:9792, 8064:8640] (576, 576, 576)
Recorded block-done for octoS0SubroiZ15683136Y78409408X1097612544Difficultsoma_pred_affs/10994 with read ROI [4688:6256, 8720:10288, 7568:9136] (1568, 1568, 1568) and write ROI [5184:5760, 9216:9792, 8064:8640] (576, 576, 576)
Recording block-done for octoS0SubroiZ15683136Y78409408X1097612544Difficultsoma_pred_affs/10214 with read ROI [4688:6256, 8720:10288, 6992:8560] (1568, 1568, 1568) and write ROI [5184:5760, 9216:9792, 7488:8064] (576, 576, 576)
Recorded block-done for octoS0SubroiZ15683136Y78409408X1097612544Difficultsoma_pred_affs/10214 with read ROI [4688:6256, 8720:10288, 6992:8560] (1568, 1568, 1568) and write ROI [5184:5760, 9216:9792, 7488:8064] (576, 576, 576)
Recording block-done for octoS0SubroiZ15683136Y78409408X1097612544Difficultsoma_pred_affs/5816 with read ROI [4688:6256, 9296:10864, 2384:3952] (1568, 1568, 1568) and write ROI [5184:5760, 9792:10368, 2880:3456] (576, 576, 576)
Recorded block-done for octoS0SubroiZ15683136Y78409408X1097612544Difficultsoma_pred_affs/5816 with read ROI [4688:6256, 9296:10864, 2384:3952] (1568, 1568, 1568) and write ROI [5184:5760, 9792:10368, 2880:3456] (576, 576, 576)
Recording block-done for octoS0SubroiZ15683136Y78409408X1097612544Difficultsoma_pred_affs/6344 with read ROI [4688:6256, 9296:10864, 2960:4528] (1568, 1568, 1568) and write ROI [5184:5760, 9792:10368, 3456:4032] (576, 576, 576)
Recorded block-done for octoS0SubroiZ15683136Y78409408X1097612544Difficultsoma_pred_affs/6344 with read ROI [4688:6256, 9296:10864, 2960:4528] (1568, 1568, 1568) and write ROI [5184:5760, 9792:10368, 3456:4032] (576, 576, 576)
Recording block-done for octoS0SubroiZ15683136Y78409408X1097612544Difficultsoma_pred_affs/9526 with read ROI [4688:6256, 9872:11440, 5264:6832] (1568, 1568, 1568) and write ROI [5184:5760, 10368:10944, 5760:6336] (576, 576, 576)
Recorded block-done for octoS0SubroiZ15683136Y78409408X1097612544Difficultsoma_pred_affs/9526 with read ROI [4688:6256, 9872:11440, 5264:6832] (1568, 1568, 1568) and write ROI [5184:5760, 10368:10944, 5760:6336] (576, 576, 576)
Recording block-done for octoS0SubroiZ15683136Y78409408X1097612544Difficultsoma_pred_affs/8157 with read ROI [4688:6256, 9872:11440, 4112:5680] (1568, 1568, 1568) and write ROI [5184:5760, 10368:10944, 4608:5184] (576, 576, 576)
Recorded block-done for octoS0SubroiZ15683136Y78409408X1097612544Difficultsoma_pred_affs/8157 with read ROI [4688:6256, 9872:11440, 4112:5680] (1568, 1568, 1568) and write ROI [5184:5760, 10368:10944, 4608:5184] (576, 576, 576)
Recording block-done for octoS0SubroiZ15683136Y78409408X1097612544Difficultsoma_pred_affs/10267 with read ROI [4688:6256, 9872:11440, 5840:7408] (1568, 1568, 1568) and write ROI [5184:5760, 10368:10944, 6336:6912] (576, 576, 576)
Recorded block-done for octoS0SubroiZ15683136Y78409408X1097612544Difficultsoma_pred_affs/10267 with read ROI [4688:6256, 9872:11440, 5840:7408] (1568, 1568, 1568) and write ROI [5184:5760, 10368:10944, 6336:6912] (576, 576, 576)
Recording block-done for octoS0SubroiZ15683136Y78409408X1097612544Difficultsoma_pred_affs/17683 with read ROI [4688:6256, 9872:11440, 10448:12016] (1568, 1568, 1568) and write ROI [5184:5760, 10368:10944, 10944:11520] (576, 576, 576)
Recorded block-done for octoS0SubroiZ15683136Y78409408X1097612544Difficultsoma_pred_affs/17683 with read ROI [4688:6256, 9872:11440, 10448:12016] (1568, 1568, 1568) and write ROI [5184:5760, 10368:10944, 10944:11520] (576, 576, 576)
Recording block-done for octoS0SubroiZ15683136Y78409408X1097612544Difficultsoma_pred_affs/6960 with read ROI [4688:6256, 10448:12016, 2384:3952] (1568, 1568, 1568) and write ROI [5184:5760, 10944:11520, 2880:3456] (576, 576, 576)
Recorded block-done for octoS0SubroiZ15683136Y78409408X1097612544Difficultsoma_pred_affs/6960 with read ROI [4688:6256, 10448:12016, 2384:3952] (1568, 1568, 1568) and write ROI [5184:5760, 10944:11520, 2880:3456] (576, 576, 576)
Recording block-done for octoS0SubroiZ15683136Y78409408X1097612544Difficultsoma_pred_affs/11895 with read ROI [4688:6256, 10448:12016, 6416:7984] (1568, 1568, 1568) and write ROI [5184:5760, 10944:11520, 6912:7488] (576, 576, 576)
Recorded block-done for octoS0SubroiZ15683136Y78409408X1097612544Difficultsoma_pred_affs/11895 with read ROI [4688:6256, 10448:12016, 6416:7984] (1568, 1568, 1568) and write ROI [5184:5760, 10944:11520, 6912:7488] (576, 576, 576)
Recording block-done for octoS0SubroiZ15683136Y78409408X1097612544Difficultsoma_pred_affs/10295 with read ROI [4688:6256, 10448:12016, 5264:6832] (1568, 1568, 1568) and write ROI [5184:5760, 10944:11520, 5760:6336] (576, 576, 576)
Recorded block-done for octoS0SubroiZ15683136Y78409408X1097612544Difficultsoma_pred_affs/10295 with read ROI [4688:6256, 10448:12016, 5264:6832] (1568, 1568, 1568) and write ROI [5184:5760, 10944:11520, 5760:6336] (576, 576, 576)
Recording block-done for octoS0SubroiZ15683136Y78409408X1097612544Difficultsoma_pred_affs/15595 with read ROI [4688:6256, 10448:12016, 8720:10288] (1568, 1568, 1568) and write ROI [5184:5760, 10944:11520, 9216:9792] (576, 576, 576)
Recorded block-done for octoS0SubroiZ15683136Y78409408X1097612544Difficultsoma_pred_affs/15595 with read ROI [4688:6256, 10448:12016, 8720:10288] (1568, 1568, 1568) and write ROI [5184:5760, 10944:11520, 9216:9792] (576, 576, 576)
Recording block-done for octoS0SubroiZ15683136Y78409408X1097612544Difficultsoma_pred_affs/1406 with read ROI [5264:6832, 80:1648, 4112:5680] (1568, 1568, 1568) and write ROI [5760:6336, 576:1152, 4608:5184] (576, 576, 576)
Recorded block-done for octoS0SubroiZ15683136Y78409408X1097612544Difficultsoma_pred_affs/1406 with read ROI [5264:6832, 80:1648, 4112:5680] (1568, 1568, 1568) and write ROI [5760:6336, 576:1152, 4608:5184] (576, 576, 576)
Recording block-done for octoS0SubroiZ15683136Y78409408X1097612544Difficultsoma_pred_affs/4136 with read ROI [5264:6832, 80:1648, 9296:10864] (1568, 1568, 1568) and write ROI [5760:6336, 576:1152, 9792:10368] (576, 576, 576)
Recorded block-done for octoS0SubroiZ15683136Y78409408X1097612544Difficultsoma_pred_affs/4136 with read ROI [5264:6832, 80:1648, 9296:10864] (1568, 1568, 1568) and write ROI [5760:6336, 576:1152, 9792:10368] (576, 576, 576)
Recording block-done for octoS0SubroiZ15683136Y78409408X1097612544Difficultsoma_pred_affs/1228 with read ROI [5264:6832, 656:2224, 2960:4528] (1568, 1568, 1568) and write ROI [5760:6336, 1152:1728, 3456:4032] (576, 576, 576)
Recorded block-done for octoS0SubroiZ15683136Y78409408X1097612544Difficultsoma_pred_affs/1228 with read ROI [5264:6832, 656:2224, 2960:4528] (1568, 1568, 1568) and write ROI [5760:6336, 1152:1728, 3456:4032] (576, 576, 576)
Recording block-done for octoS0SubroiZ15683136Y78409408X1097612544Difficultsoma_pred_affs/1045 with read ROI [5264:6832, 80:1648, 2960:4528] (1568, 1568, 1568) and write ROI [5760:6336, 576:1152, 3456:4032] (576, 576, 576)
Recorded block-done for octoS0SubroiZ15683136Y78409408X1097612544Difficultsoma_pred_affs/1045 with read ROI [5264:6832, 80:1648, 2960:4528] (1568, 1568, 1568) and write ROI [5760:6336, 576:1152, 3456:4032] (576, 576, 576)
Recording block-done for octoS0SubroiZ15683136Y78409408X1097612544Difficultsoma_pred_affs/1628 with read ROI [5264:6832, 656:2224, 4112:5680] (1568, 1568, 1568) and write ROI [5760:6336, 1152:1728, 4608:5184] (576, 576, 576)
Recorded block-done for octoS0SubroiZ15683136Y78409408X1097612544Difficultsoma_pred_affs/1628 with read ROI [5264:6832, 656:2224, 4112:5680] (1568, 1568, 1568) and write ROI [5760:6336, 1152:1728, 4608:5184] (576, 576, 576)
Recording block-done for octoS0SubroiZ15683136Y78409408X1097612544Difficultsoma_pred_affs/2125 with read ROI [5264:6832, 1232:2800, 4688:6256] (1568, 1568, 1568) and write ROI [5760:6336, 1728:2304, 5184:5760] (576, 576, 576)
Recorded block-done for octoS0SubroiZ15683136Y78409408X1097612544Difficultsoma_pred_affs/2125 with read ROI [5264:6832, 1232:2800, 4688:6256] (1568, 1568, 1568) and write ROI [5760:6336, 1728:2304, 5184:5760] (576, 576, 576)
Recording block-done for octoS0SubroiZ15683136Y78409408X1097612544Difficultsoma_pred_affs/3026 with read ROI [5264:6832, 1232:2800, 6416:7984] (1568, 1568, 1568) and write ROI [5760:6336, 1728:2304, 6912:7488] (576, 576, 576)
Recorded block-done for octoS0SubroiZ15683136Y78409408X1097612544Difficultsoma_pred_affs/3026 with read ROI [5264:6832, 1232:2800, 6416:7984] (1568, 1568, 1568) and write ROI [5760:6336, 1728:2304, 6912:7488] (576, 576, 576)
Recording block-done for octoS0SubroiZ15683136Y78409408X1097612544Difficultsoma_pred_affs/4148 with read ROI [5264:6832, 656:2224, 8720:10288] (1568, 1568, 1568) and write ROI [5760:6336, 1152:1728, 9216:9792] (576, 576, 576)
Recorded block-done for octoS0SubroiZ15683136Y78409408X1097612544Difficultsoma_pred_affs/4148 with read ROI [5264:6832, 656:2224, 8720:10288] (1568, 1568, 1568) and write ROI [5760:6336, 1152:1728, 9216:9792] (576, 576, 576)
Recording block-done for octoS0SubroiZ15683136Y78409408X1097612544Difficultsoma_pred_affs/661 with read ROI [5264:6832, 1232:2800, 80:1648] (1568, 1568, 1568) and write ROI [5760:6336, 1728:2304, 576:1152] (576, 576, 576)
Recorded block-done for octoS0SubroiZ15683136Y78409408X1097612544Difficultsoma_pred_affs/661 with read ROI [5264:6832, 1232:2800, 80:1648] (1568, 1568, 1568) and write ROI [5760:6336, 1728:2304, 576:1152] (576, 576, 576)
Recording block-done for octoS0SubroiZ15683136Y78409408X1097612544Difficultsoma_pred_affs/3377 with read ROI [5264:6832, 1232:2800, 6992:8560] (1568, 1568, 1568) and write ROI [5760:6336, 1728:2304, 7488:8064] (576, 576, 576)
Recorded block-done for octoS0SubroiZ15683136Y78409408X1097612544Difficultsoma_pred_affs/3377 with read ROI [5264:6832, 1232:2800, 6992:8560] (1568, 1568, 1568) and write ROI [5760:6336, 1728:2304, 7488:8064] (576, 576, 576)
Recording block-done for octoS0SubroiZ15683136Y78409408X1097612544Difficultsoma_pred_affs/2715 with read ROI [5264:6832, 1808:3376, 5264:6832] (1568, 1568, 1568) and write ROI [5760:6336, 2304:2880, 5760:6336] (576, 576, 576)
Recorded block-done for octoS0SubroiZ15683136Y78409408X1097612544Difficultsoma_pred_affs/2715 with read ROI [5264:6832, 1808:3376, 5264:6832] (1568, 1568, 1568) and write ROI [5760:6336, 2304:2880, 5760:6336] (576, 576, 576)
Recording block-done for octoS0SubroiZ15683136Y78409408X1097612544Difficultsoma_pred_affs/5557 with read ROI [5264:6832, 1232:2800, 9872:11440] (1568, 1568, 1568) and write ROI [5760:6336, 1728:2304, 10368:10944] (576, 576, 576)
Recorded block-done for octoS0SubroiZ15683136Y78409408X1097612544Difficultsoma_pred_affs/5557 with read ROI [5264:6832, 1232:2800, 9872:11440] (1568, 1568, 1568) and write ROI [5760:6336, 1728:2304, 10368:10944] (576, 576, 576)
Recording block-done for octoS0SubroiZ15683136Y78409408X1097612544Difficultsoma_pred_affs/6099 with read ROI [5264:6832, 1808:3376, 9872:11440] (1568, 1568, 1568) and write ROI [5760:6336, 2304:2880, 10368:10944] (576, 576, 576)
Recorded block-done for octoS0SubroiZ15683136Y78409408X1097612544Difficultsoma_pred_affs/6099 with read ROI [5264:6832, 1808:3376, 9872:11440] (1568, 1568, 1568) and write ROI [5760:6336, 2304:2880, 10368:10944] (576, 576, 576)
Recording block-done for octoS0SubroiZ15683136Y78409408X1097612544Difficultsoma_pred_affs/5075 with read ROI [5264:6832, 1808:3376, 8720:10288] (1568, 1568, 1568) and write ROI [5760:6336, 2304:2880, 9216:9792] (576, 576, 576)
Recorded block-done for octoS0SubroiZ15683136Y78409408X1097612544Difficultsoma_pred_affs/5075 with read ROI [5264:6832, 1808:3376, 8720:10288] (1568, 1568, 1568) and write ROI [5760:6336, 2304:2880, 9216:9792] (576, 576, 576)
Recording block-done for octoS0SubroiZ15683136Y78409408X1097612544Difficultsoma_pred_affs/795 with read ROI [5264:6832, 1808:3376, 80:1648] (1568, 1568, 1568) and write ROI [5760:6336, 2304:2880, 576:1152] (576, 576, 576)
Recorded block-done for octoS0SubroiZ15683136Y78409408X1097612544Difficultsoma_pred_affs/795 with read ROI [5264:6832, 1808:3376, 80:1648] (1568, 1568, 1568) and write ROI [5760:6336, 2304:2880, 576:1152] (576, 576, 576)
Recording block-done for octoS0SubroiZ15683136Y78409408X1097612544Difficultsoma_pred_affs/1270 with read ROI [5264:6832, 2384:3952, 1232:2800] (1568, 1568, 1568) and write ROI [5760:6336, 2880:3456, 1728:2304] (576, 576, 576)
Recorded block-done for octoS0SubroiZ15683136Y78409408X1097612544Difficultsoma_pred_affs/1270 with read ROI [5264:6832, 2384:3952, 1232:2800] (1568, 1568, 1568) and write ROI [5760:6336, 2880:3456, 1728:2304] (576, 576, 576)
Recording block-done for octoS0SubroiZ15683136Y78409408X1097612544Difficultsoma_pred_affs/2154 with read ROI [5264:6832, 2384:3952, 3536:5104] (1568, 1568, 1568) and write ROI [5760:6336, 2880:3456, 4032:4608] (576, 576, 576)
Recorded block-done for octoS0SubroiZ15683136Y78409408X1097612544Difficultsoma_pred_affs/2154 with read ROI [5264:6832, 2384:3952, 3536:5104] (1568, 1568, 1568) and write ROI [5760:6336, 2880:3456, 4032:4608] (576, 576, 576)
Recording block-done for octoS0SubroiZ15683136Y78409408X1097612544Difficultsoma_pred_affs/5090 with read ROI [5264:6832, 2384:3952, 8144:9712] (1568, 1568, 1568) and write ROI [5760:6336, 2880:3456, 8640:9216] (576, 576, 576)
Recorded block-done for octoS0SubroiZ15683136Y78409408X1097612544Difficultsoma_pred_affs/5090 with read ROI [5264:6832, 2384:3952, 8144:9712] (1568, 1568, 1568) and write ROI [5760:6336, 2880:3456, 8640:9216] (576, 576, 576)
Recording block-done for octoS0SubroiZ15683136Y78409408X1097612544Difficultsoma_pred_affs/4206 with read ROI [5264:6832, 2960:4528, 6416:7984] (1568, 1568, 1568) and write ROI [5760:6336, 3456:4032, 6912:7488] (576, 576, 576)
Recorded block-done for octoS0SubroiZ15683136Y78409408X1097612544Difficultsoma_pred_affs/4206 with read ROI [5264:6832, 2960:4528, 6416:7984] (1568, 1568, 1568) and write ROI [5760:6336, 3456:4032, 6912:7488] (576, 576, 576)
Recording block-done for octoS0SubroiZ15683136Y78409408X1097612544Difficultsoma_pred_affs/2170 with read ROI [5264:6832, 2960:4528, 2960:4528] (1568, 1568, 1568) and write ROI [5760:6336, 3456:4032, 3456:4032] (576, 576, 576)
Recorded block-done for octoS0SubroiZ15683136Y78409408X1097612544Difficultsoma_pred_affs/2170 with read ROI [5264:6832, 2960:4528, 2960:4528] (1568, 1568, 1568) and write ROI [5760:6336, 3456:4032, 3456:4032] (576, 576, 576)
Recording block-done for octoS0SubroiZ15683136Y78409408X1097612544Difficultsoma_pred_affs/7933 with read ROI [5264:6832, 3536:5104, 9872:11440] (1568, 1568, 1568) and write ROI [5760:6336, 4032:4608, 10368:10944] (576, 576, 576)
Recorded block-done for octoS0SubroiZ15683136Y78409408X1097612544Difficultsoma_pred_affs/7933 with read ROI [5264:6832, 3536:5104, 9872:11440] (1568, 1568, 1568) and write ROI [5760:6336, 4032:4608, 10368:10944] (576, 576, 576)
Recording block-done for octoS0SubroiZ15683136Y78409408X1097612544Difficultsoma_pred_affs/4223 with read ROI [5264:6832, 3536:5104, 5840:7408] (1568, 1568, 1568) and write ROI [5760:6336, 4032:4608, 6336:6912] (576, 576, 576)
Recorded block-done for octoS0SubroiZ15683136Y78409408X1097612544Difficultsoma_pred_affs/4223 with read ROI [5264:6832, 3536:5104, 5840:7408] (1568, 1568, 1568) and write ROI [5760:6336, 4032:4608, 6336:6912] (576, 576, 576)
Recording block-done for octoS0SubroiZ15683136Y78409408X1097612544Difficultsoma_pred_affs/8599 with read ROI [5264:6832, 3536:5104, 10448:12016] (1568, 1568, 1568) and write ROI [5760:6336, 4032:4608, 10944:11520] (576, 576, 576)
Recorded block-done for octoS0SubroiZ15683136Y78409408X1097612544Difficultsoma_pred_affs/8599 with read ROI [5264:6832, 3536:5104, 10448:12016] (1568, 1568, 1568) and write ROI [5760:6336, 4032:4608, 10944:11520] (576, 576, 576)
Recording block-done for octoS0SubroiZ15683136Y78409408X1097612544Difficultsoma_pred_affs/2763 with read ROI [5264:6832, 3536:5104, 3536:5104] (1568, 1568, 1568) and write ROI [5760:6336, 4032:4608, 4032:4608] (576, 576, 576)
Recorded block-done for octoS0SubroiZ15683136Y78409408X1097612544Difficultsoma_pred_affs/2763 with read ROI [5264:6832, 3536:5104, 3536:5104] (1568, 1568, 1568) and write ROI [5760:6336, 4032:4608, 4032:4608] (576, 576, 576)
Recording block-done for octoS0SubroiZ15683136Y78409408X1097612544Difficultsoma_pred_affs/6147 with read ROI [5264:6832, 3536:5104, 8144:9712] (1568, 1568, 1568) and write ROI [5760:6336, 4032:4608, 8640:9216] (576, 576, 576)
Recorded block-done for octoS0SubroiZ15683136Y78409408X1097612544Difficultsoma_pred_affs/6147 with read ROI [5264:6832, 3536:5104, 8144:9712] (1568, 1568, 1568) and write ROI [5760:6336, 4032:4608, 8640:9216] (576, 576, 576)
Recording block-done for octoS0SubroiZ15683136Y78409408X1097612544Difficultsoma_pred_affs/7321 with read ROI [5264:6832, 4112:5680, 8720:10288] (1568, 1568, 1568) and write ROI [5760:6336, 4608:5184, 9216:9792] (576, 576, 576)
Recorded block-done for octoS0SubroiZ15683136Y78409408X1097612544Difficultsoma_pred_affs/7321 with read ROI [5264:6832, 4112:5680, 8720:10288] (1568, 1568, 1568) and write ROI [5760:6336, 4608:5184, 9216:9792] (576, 576, 576)
Recording block-done for octoS0SubroiZ15683136Y78409408X1097612544Difficultsoma_pred_affs/8617 with read ROI [5264:6832, 4112:5680, 9872:11440] (1568, 1568, 1568) and write ROI [5760:6336, 4608:5184, 10368:10944] (576, 576, 576)
Recorded block-done for octoS0SubroiZ15683136Y78409408X1097612544Difficultsoma_pred_affs/8617 with read ROI [5264:6832, 4112:5680, 9872:11440] (1568, 1568, 1568) and write ROI [5760:6336, 4608:5184, 10368:10944] (576, 576, 576)
Recording block-done for octoS0SubroiZ15683136Y78409408X1097612544Difficultsoma_pred_affs/2800 with read ROI [5264:6832, 4688:6256, 2384:3952] (1568, 1568, 1568) and write ROI [5760:6336, 5184:5760, 2880:3456] (576, 576, 576)
Recorded block-done for octoS0SubroiZ15683136Y78409408X1097612544Difficultsoma_pred_affs/2800 with read ROI [5264:6832, 4688:6256, 2384:3952] (1568, 1568, 1568) and write ROI [5760:6336, 5184:5760, 2880:3456] (576, 576, 576)
Recording block-done for octoS0SubroiZ15683136Y78409408X1097612544Difficultsoma_pred_affs/6745 with read ROI [5264:6832, 4688:6256, 7568:9136] (1568, 1568, 1568) and write ROI [5760:6336, 5184:5760, 8064:8640] (576, 576, 576)
Recorded block-done for octoS0SubroiZ15683136Y78409408X1097612544Difficultsoma_pred_affs/6745 with read ROI [5264:6832, 4688:6256, 7568:9136] (1568, 1568, 1568) and write ROI [5760:6336, 5184:5760, 8064:8640] (576, 576, 576)
Recording block-done for octoS0SubroiZ15683136Y78409408X1097612544Difficultsoma_pred_affs/8656 with read ROI [5264:6832, 5264:6832, 8720:10288] (1568, 1568, 1568) and write ROI [5760:6336, 5760:6336, 9216:9792] (576, 576, 576)
Recorded block-done for octoS0SubroiZ15683136Y78409408X1097612544Difficultsoma_pred_affs/8656 with read ROI [5264:6832, 5264:6832, 8720:10288] (1568, 1568, 1568) and write ROI [5760:6336, 5760:6336, 9216:9792] (576, 576, 576)
Recording block-done for octoS0SubroiZ15683136Y78409408X1097612544Difficultsoma_pred_affs/2541 with read ROI [5264:6832, 5840:7408, 656:2224] (1568, 1568, 1568) and write ROI [5760:6336, 6336:6912, 1152:1728] (576, 576, 576)
Recorded block-done for octoS0SubroiZ15683136Y78409408X1097612544Difficultsoma_pred_affs/2541 with read ROI [5264:6832, 5840:7408, 656:2224] (1568, 1568, 1568) and write ROI [5760:6336, 6336:6912, 1152:1728] (576, 576, 576)
Recording block-done for octoS0SubroiZ15683136Y78409408X1097612544Difficultsoma_pred_affs/3874 with read ROI [5264:6832, 5264:6832, 3536:5104] (1568, 1568, 1568) and write ROI [5760:6336, 5760:6336, 4032:4608] (576, 576, 576)
Recorded block-done for octoS0SubroiZ15683136Y78409408X1097612544Difficultsoma_pred_affs/3874 with read ROI [5264:6832, 5264:6832, 3536:5104] (1568, 1568, 1568) and write ROI [5760:6336, 5760:6336, 4032:4608] (576, 576, 576)
Recording block-done for octoS0SubroiZ15683136Y78409408X1097612544Difficultsoma_pred_affs/3496 with read ROI [5264:6832, 5264:6832, 2960:4528] (1568, 1568, 1568) and write ROI [5760:6336, 5760:6336, 3456:4032] (576, 576, 576)
Recorded block-done for octoS0SubroiZ15683136Y78409408X1097612544Difficultsoma_pred_affs/3496 with read ROI [5264:6832, 5264:6832, 2960:4528] (1568, 1568, 1568) and write ROI [5760:6336, 5760:6336, 3456:4032] (576, 576, 576)
Recording block-done for octoS0SubroiZ15683136Y78409408X1097612544Difficultsoma_pred_affs/4736 with read ROI [5264:6832, 5840:7408, 4112:5680] (1568, 1568, 1568) and write ROI [5760:6336, 6336:6912, 4608:5184] (576, 576, 576)
Recorded block-done for octoS0SubroiZ15683136Y78409408X1097612544Difficultsoma_pred_affs/4736 with read ROI [5264:6832, 5840:7408, 4112:5680] (1568, 1568, 1568) and write ROI [5760:6336, 6336:6912, 4608:5184] (576, 576, 576)
Recording block-done for octoS0SubroiZ15683136Y78409408X1097612544Difficultsoma_pred_affs/10901 with read ROI [5264:6832, 5840:7408, 9872:11440] (1568, 1568, 1568) and write ROI [5760:6336, 6336:6912, 10368:10944] (576, 576, 576)
Recorded block-done for octoS0SubroiZ15683136Y78409408X1097612544Difficultsoma_pred_affs/10901 with read ROI [5264:6832, 5840:7408, 9872:11440] (1568, 1568, 1568) and write ROI [5760:6336, 6336:6912, 10368:10944] (576, 576, 576)
Recording block-done for octoS0SubroiZ15683136Y78409408X1097612544Difficultsoma_pred_affs/3917 with read ROI [5264:6832, 6416:7984, 2384:3952] (1568, 1568, 1568) and write ROI [5760:6336, 6912:7488, 2880:3456] (576, 576, 576)
Recorded block-done for octoS0SubroiZ15683136Y78409408X1097612544Difficultsoma_pred_affs/3917 with read ROI [5264:6832, 6416:7984, 2384:3952] (1568, 1568, 1568) and write ROI [5760:6336, 6912:7488, 2880:3456] (576, 576, 576)
Recording block-done for octoS0SubroiZ15683136Y78409408X1097612544Difficultsoma_pred_affs/4758 with read ROI [5264:6832, 6416:7984, 3536:5104] (1568, 1568, 1568) and write ROI [5760:6336, 6912:7488, 4032:4608] (576, 576, 576)
Recorded block-done for octoS0SubroiZ15683136Y78409408X1097612544Difficultsoma_pred_affs/4758 with read ROI [5264:6832, 6416:7984, 3536:5104] (1568, 1568, 1568) and write ROI [5760:6336, 6912:7488, 4032:4608] (576, 576, 576)
Recording block-done for octoS0SubroiZ15683136Y78409408X1097612544Difficultsoma_pred_affs/5223 with read ROI [5264:6832, 6416:7984, 4112:5680] (1568, 1568, 1568) and write ROI [5760:6336, 6912:7488, 4608:5184] (576, 576, 576)
Recorded block-done for octoS0SubroiZ15683136Y78409408X1097612544Difficultsoma_pred_affs/5223 with read ROI [5264:6832, 6416:7984, 4112:5680] (1568, 1568, 1568) and write ROI [5760:6336, 6912:7488, 4608:5184] (576, 576, 576)
Recording block-done for octoS0SubroiZ15683136Y78409408X1097612544Difficultsoma_pred_affs/6247 with read ROI [5264:6832, 6416:7984, 5264:6832] (1568, 1568, 1568) and write ROI [5760:6336, 6912:7488, 5760:6336] (576, 576, 576)
Recorded block-done for octoS0SubroiZ15683136Y78409408X1097612544Difficultsoma_pred_affs/6247 with read ROI [5264:6832, 6416:7984, 5264:6832] (1568, 1568, 1568) and write ROI [5760:6336, 6912:7488, 5760:6336] (576, 576, 576)
Recording block-done for octoS0SubroiZ15683136Y78409408X1097612544Difficultsoma_pred_affs/10946 with read ROI [5264:6832, 6992:8560, 8720:10288] (1568, 1568, 1568) and write ROI [5760:6336, 7488:8064, 9216:9792] (576, 576, 576)
Recorded block-done for octoS0SubroiZ15683136Y78409408X1097612544Difficultsoma_pred_affs/10946 with read ROI [5264:6832, 6992:8560, 8720:10288] (1568, 1568, 1568) and write ROI [5760:6336, 7488:8064, 9216:9792] (576, 576, 576)
Recording block-done for octoS0SubroiZ15683136Y78409408X1097612544Difficultsoma_pred_affs/13530 with read ROI [5264:6832, 6992:8560, 10448:12016] (1568, 1568, 1568) and write ROI [5760:6336, 7488:8064, 10944:11520] (576, 576, 576)
Recorded block-done for octoS0SubroiZ15683136Y78409408X1097612544Difficultsoma_pred_affs/13530 with read ROI [5264:6832, 6992:8560, 10448:12016] (1568, 1568, 1568) and write ROI [5760:6336, 7488:8064, 10944:11520] (576, 576, 576)
Recording block-done for octoS0SubroiZ15683136Y78409408X1097612544Difficultsoma_pred_affs/8746 with read ROI [5264:6832, 7568:9136, 6416:7984] (1568, 1568, 1568) and write ROI [5760:6336, 8064:8640, 6912:7488] (576, 576, 576)
Recorded block-done for octoS0SubroiZ15683136Y78409408X1097612544Difficultsoma_pred_affs/8746 with read ROI [5264:6832, 7568:9136, 6416:7984] (1568, 1568, 1568) and write ROI [5760:6336, 8064:8640, 6912:7488] (576, 576, 576)
Recording block-done for octoS0SubroiZ15683136Y78409408X1097612544Difficultsoma_pred_affs/12651 with read ROI [5264:6832, 7568:9136, 9296:10864] (1568, 1568, 1568) and write ROI [5760:6336, 8064:8640, 9792:10368] (576, 576, 576)
Recorded block-done for octoS0SubroiZ15683136Y78409408X1097612544Difficultsoma_pred_affs/12651 with read ROI [5264:6832, 7568:9136, 9296:10864] (1568, 1568, 1568) and write ROI [5760:6336, 8064:8640, 9792:10368] (576, 576, 576)
Recording block-done for octoS0SubroiZ15683136Y78409408X1097612544Difficultsoma_pred_affs/9425 with read ROI [5264:6832, 6992:8560, 7568:9136] (1568, 1568, 1568) and write ROI [5760:6336, 7488:8064, 8064:8640] (576, 576, 576)
Recorded block-done for octoS0SubroiZ15683136Y78409408X1097612544Difficultsoma_pred_affs/9425 with read ROI [5264:6832, 6992:8560, 7568:9136] (1568, 1568, 1568) and write ROI [5760:6336, 7488:8064, 8064:8640] (576, 576, 576)
Recording block-done for octoS0SubroiZ15683136Y78409408X1097612544Difficultsoma_pred_affs/4395 with read ROI [5264:6832, 8144:9712, 1232:2800] (1568, 1568, 1568) and write ROI [5760:6336, 8640:9216, 1728:2304] (576, 576, 576)
Recorded block-done for octoS0SubroiZ15683136Y78409408X1097612544Difficultsoma_pred_affs/4395 with read ROI [5264:6832, 8144:9712, 1232:2800] (1568, 1568, 1568) and write ROI [5760:6336, 8640:9216, 1728:2304] (576, 576, 576)
Recording block-done for octoS0SubroiZ15683136Y78409408X1097612544Difficultsoma_pred_affs/5791 with read ROI [5264:6832, 8144:9712, 2960:4528] (1568, 1568, 1568) and write ROI [5760:6336, 8640:9216, 3456:4032] (576, 576, 576)
Recorded block-done for octoS0SubroiZ15683136Y78409408X1097612544Difficultsoma_pred_affs/5791 with read ROI [5264:6832, 8144:9712, 2960:4528] (1568, 1568, 1568) and write ROI [5760:6336, 8640:9216, 3456:4032] (576, 576, 576)
Recording block-done for octoS0SubroiZ15683136Y78409408X1097612544Difficultsoma_pred_affs/14525 with read ROI [5264:6832, 8144:9712, 9872:11440] (1568, 1568, 1568) and write ROI [5760:6336, 8640:9216, 10368:10944] (576, 576, 576)
Recorded block-done for octoS0SubroiZ15683136Y78409408X1097612544Difficultsoma_pred_affs/14525 with read ROI [5264:6832, 8144:9712, 9872:11440] (1568, 1568, 1568) and write ROI [5760:6336, 8640:9216, 10368:10944] (576, 576, 576)
Recording block-done for octoS0SubroiZ15683136Y78409408X1097612544Difficultsoma_pred_affs/10215 with read ROI [5264:6832, 8144:9712, 6992:8560] (1568, 1568, 1568) and write ROI [5760:6336, 8640:9216, 7488:8064] (576, 576, 576)
Recorded block-done for octoS0SubroiZ15683136Y78409408X1097612544Difficultsoma_pred_affs/10215 with read ROI [5264:6832, 8144:9712, 6992:8560] (1568, 1568, 1568) and write ROI [5760:6336, 8640:9216, 7488:8064] (576, 576, 576)
Recording block-done for octoS0SubroiZ15683136Y78409408X1097612544Difficultsoma_pred_affs/11815 with read ROI [5264:6832, 8144:9712, 8144:9712] (1568, 1568, 1568) and write ROI [5760:6336, 8640:9216, 8640:9216] (576, 576, 576)
Recorded block-done for octoS0SubroiZ15683136Y78409408X1097612544Difficultsoma_pred_affs/11815 with read ROI [5264:6832, 8144:9712, 8144:9712] (1568, 1568, 1568) and write ROI [5760:6336, 8640:9216, 8640:9216] (576, 576, 576)
Recording block-done for octoS0SubroiZ15683136Y78409408X1097612544Difficultsoma_pred_affs/10241 with read ROI [5264:6832, 8720:10288, 6416:7984] (1568, 1568, 1568) and write ROI [5760:6336, 9216:9792, 6912:7488] (576, 576, 576)
Recorded block-done for octoS0SubroiZ15683136Y78409408X1097612544Difficultsoma_pred_affs/10241 with read ROI [5264:6832, 8720:10288, 6416:7984] (1568, 1568, 1568) and write ROI [5760:6336, 9216:9792, 6912:7488] (576, 576, 576)
Recording block-done for octoS0SubroiZ15683136Y78409408X1097612544Difficultsoma_pred_affs/8158 with read ROI [5264:6832, 9296:10864, 4112:5680] (1568, 1568, 1568) and write ROI [5760:6336, 9792:10368, 4608:5184] (576, 576, 576)
Recorded block-done for octoS0SubroiZ15683136Y78409408X1097612544Difficultsoma_pred_affs/8158 with read ROI [5264:6832, 9296:10864, 4112:5680] (1568, 1568, 1568) and write ROI [5760:6336, 9792:10368, 4608:5184] (576, 576, 576)
Recording block-done for octoS0SubroiZ15683136Y78409408X1097612544Difficultsoma_pred_affs/10268 with read ROI [5264:6832, 9296:10864, 5840:7408] (1568, 1568, 1568) and write ROI [5760:6336, 9792:10368, 6336:6912] (576, 576, 576)
Recorded block-done for octoS0SubroiZ15683136Y78409408X1097612544Difficultsoma_pred_affs/10268 with read ROI [5264:6832, 9296:10864, 5840:7408] (1568, 1568, 1568) and write ROI [5760:6336, 9792:10368, 6336:6912] (576, 576, 576)
Recording block-done for octoS0SubroiZ15683136Y78409408X1097612544Difficultsoma_pred_affs/11048 with read ROI [5264:6832, 9296:10864, 6416:7984] (1568, 1568, 1568) and write ROI [5760:6336, 9792:10368, 6912:7488] (576, 576, 576)
Recorded block-done for octoS0SubroiZ15683136Y78409408X1097612544Difficultsoma_pred_affs/11048 with read ROI [5264:6832, 9296:10864, 6416:7984] (1568, 1568, 1568) and write ROI [5760:6336, 9792:10368, 6912:7488] (576, 576, 576)
Recording block-done for octoS0SubroiZ15683136Y78409408X1097612544Difficultsoma_pred_affs/4883 with read ROI [5264:6832, 9296:10864, 656:2224] (1568, 1568, 1568) and write ROI [5760:6336, 9792:10368, 1152:1728] (576, 576, 576)
Recorded block-done for octoS0SubroiZ15683136Y78409408X1097612544Difficultsoma_pred_affs/4883 with read ROI [5264:6832, 9296:10864, 656:2224] (1568, 1568, 1568) and write ROI [5760:6336, 9792:10368, 1152:1728] (576, 576, 576)
Recording block-done for octoS0SubroiZ15683136Y78409408X1097612544Difficultsoma_pred_affs/5872 with read ROI [5264:6832, 9872:11440, 1232:2800] (1568, 1568, 1568) and write ROI [5760:6336, 10368:10944, 1728:2304] (576, 576, 576)
Recorded block-done for octoS0SubroiZ15683136Y78409408X1097612544Difficultsoma_pred_affs/5872 with read ROI [5264:6832, 9872:11440, 1232:2800] (1568, 1568, 1568) and write ROI [5760:6336, 10368:10944, 1728:2304] (576, 576, 576)
Recording block-done for octoS0SubroiZ15683136Y78409408X1097612544Difficultsoma_pred_affs/9555 with read ROI [5264:6832, 9872:11440, 4688:6256] (1568, 1568, 1568) and write ROI [5760:6336, 10368:10944, 5184:5760] (576, 576, 576)
Recorded block-done for octoS0SubroiZ15683136Y78409408X1097612544Difficultsoma_pred_affs/9555 with read ROI [5264:6832, 9872:11440, 4688:6256] (1568, 1568, 1568) and write ROI [5760:6336, 10368:10944, 5184:5760] (576, 576, 576)
Recording block-done for octoS0SubroiZ15683136Y78409408X1097612544Difficultsoma_pred_affs/16631 with read ROI [5264:6832, 9872:11440, 9296:10864] (1568, 1568, 1568) and write ROI [5760:6336, 10368:10944, 9792:10368] (576, 576, 576)
Recorded block-done for octoS0SubroiZ15683136Y78409408X1097612544Difficultsoma_pred_affs/16631 with read ROI [5264:6832, 9872:11440, 9296:10864] (1568, 1568, 1568) and write ROI [5760:6336, 10368:10944, 9792:10368] (576, 576, 576)
Recording block-done for octoS0SubroiZ15683136Y78409408X1097612544Difficultsoma_pred_affs/8186 with read ROI [5264:6832, 9872:11440, 3536:5104] (1568, 1568, 1568) and write ROI [5760:6336, 10368:10944, 4032:4608] (576, 576, 576)
Recorded block-done for octoS0SubroiZ15683136Y78409408X1097612544Difficultsoma_pred_affs/8186 with read ROI [5264:6832, 9872:11440, 3536:5104] (1568, 1568, 1568) and write ROI [5760:6336, 10368:10944, 4032:4608] (576, 576, 576)
Recording block-done for octoS0SubroiZ15683136Y78409408X1097612544Difficultsoma_pred_affs/12757 with read ROI [5264:6832, 9872:11440, 6992:8560] (1568, 1568, 1568) and write ROI [5760:6336, 10368:10944, 7488:8064] (576, 576, 576)
Recorded block-done for octoS0SubroiZ15683136Y78409408X1097612544Difficultsoma_pred_affs/12757 with read ROI [5264:6832, 9872:11440, 6992:8560] (1568, 1568, 1568) and write ROI [5760:6336, 10368:10944, 7488:8064] (576, 576, 576)
Recording block-done for octoS0SubroiZ15683136Y78409408X1097612544Difficultsoma_pred_affs/11105 with read ROI [5264:6832, 10448:12016, 5264:6832] (1568, 1568, 1568) and write ROI [5760:6336, 10944:11520, 5760:6336] (576, 576, 576)
Recorded block-done for octoS0SubroiZ15683136Y78409408X1097612544Difficultsoma_pred_affs/11105 with read ROI [5264:6832, 10448:12016, 5264:6832] (1568, 1568, 1568) and write ROI [5760:6336, 10944:11520, 5760:6336] (576, 576, 576)
Recording block-done for octoS0SubroiZ15683136Y78409408X1097612544Difficultsoma_pred_affs/16660 with read ROI [5264:6832, 10448:12016, 8720:10288] (1568, 1568, 1568) and write ROI [5760:6336, 10944:11520, 9216:9792] (576, 576, 576)
Recorded block-done for octoS0SubroiZ15683136Y78409408X1097612544Difficultsoma_pred_affs/16660 with read ROI [5264:6832, 10448:12016, 8720:10288] (1568, 1568, 1568) and write ROI [5760:6336, 10944:11520, 9216:9792] (576, 576, 576)
Recording block-done for octoS0SubroiZ15683136Y78409408X1097612544Difficultsoma_pred_affs/13689 with read ROI [5264:6832, 10448:12016, 6992:8560] (1568, 1568, 1568) and write ROI [5760:6336, 10944:11520, 7488:8064] (576, 576, 576)
Recorded block-done for octoS0SubroiZ15683136Y78409408X1097612544Difficultsoma_pred_affs/13689 with read ROI [5264:6832, 10448:12016, 6992:8560] (1568, 1568, 1568) and write ROI [5760:6336, 10944:11520, 7488:8064] (576, 576, 576)
Recording block-done for octoS0SubroiZ15683136Y78409408X1097612544Difficultsoma_pred_affs/544 with read ROI [5840:7408, 80:1648, 80:1648] (1568, 1568, 1568) and write ROI [6336:6912, 576:1152, 576:1152] (576, 576, 576)
Recorded block-done for octoS0SubroiZ15683136Y78409408X1097612544Difficultsoma_pred_affs/544 with read ROI [5840:7408, 80:1648, 80:1648] (1568, 1568, 1568) and write ROI [6336:6912, 576:1152, 576:1152] (576, 576, 576)
Recording block-done for octoS0SubroiZ15683136Y78409408X1097612544Difficultsoma_pred_affs/1629 with read ROI [5840:7408, 80:1648, 4112:5680] (1568, 1568, 1568) and write ROI [6336:6912, 576:1152, 4608:5184] (576, 576, 576)
Recorded block-done for octoS0SubroiZ15683136Y78409408X1097612544Difficultsoma_pred_affs/1629 with read ROI [5840:7408, 80:1648, 4112:5680] (1568, 1568, 1568) and write ROI [6336:6912, 576:1152, 4608:5184] (576, 576, 576)
Recording block-done for octoS0SubroiZ15683136Y78409408X1097612544Difficultsoma_pred_affs/782 with read ROI [5840:7408, 656:2224, 656:2224] (1568, 1568, 1568) and write ROI [6336:6912, 1152:1728, 1152:1728] (576, 576, 576)
Recorded block-done for octoS0SubroiZ15683136Y78409408X1097612544Difficultsoma_pred_affs/782 with read ROI [5840:7408, 656:2224, 656:2224] (1568, 1568, 1568) and write ROI [6336:6912, 1152:1728, 1152:1728] (576, 576, 576)
Recording block-done for octoS0SubroiZ15683136Y78409408X1097612544Difficultsoma_pred_affs/1071 with read ROI [5840:7408, 656:2224, 1808:3376] (1568, 1568, 1568) and write ROI [6336:6912, 1152:1728, 2304:2880] (576, 576, 576)
Recorded block-done for octoS0SubroiZ15683136Y78409408X1097612544Difficultsoma_pred_affs/1071 with read ROI [5840:7408, 656:2224, 1808:3376] (1568, 1568, 1568) and write ROI [6336:6912, 1152:1728, 2304:2880] (576, 576, 576)
Recording block-done for octoS0SubroiZ15683136Y78409408X1097612544Difficultsoma_pred_affs/5049 with read ROI [5840:7408, 80:1648, 9872:11440] (1568, 1568, 1568) and write ROI [6336:6912, 576:1152, 10368:10944] (576, 576, 576)
Recorded block-done for octoS0SubroiZ15683136Y78409408X1097612544Difficultsoma_pred_affs/5049 with read ROI [5840:7408, 80:1648, 9872:11440] (1568, 1568, 1568) and write ROI [6336:6912, 576:1152, 10368:10944] (576, 576, 576)
Recording block-done for octoS0SubroiZ15683136Y78409408X1097612544Difficultsoma_pred_affs/1873 with read ROI [5840:7408, 656:2224, 4112:5680] (1568, 1568, 1568) and write ROI [6336:6912, 1152:1728, 4608:5184] (576, 576, 576)
Recorded block-done for octoS0SubroiZ15683136Y78409408X1097612544Difficultsoma_pred_affs/1873 with read ROI [5840:7408, 656:2224, 4112:5680] (1568, 1568, 1568) and write ROI [6336:6912, 1152:1728, 4608:5184] (576, 576, 576)
Recording block-done for octoS0SubroiZ15683136Y78409408X1097612544Difficultsoma_pred_affs/4597 with read ROI [5840:7408, 656:2224, 8720:10288] (1568, 1568, 1568) and write ROI [6336:6912, 1152:1728, 9216:9792] (576, 576, 576)
Recorded block-done for octoS0SubroiZ15683136Y78409408X1097612544Difficultsoma_pred_affs/4597 with read ROI [5840:7408, 656:2224, 8720:10288] (1568, 1568, 1568) and write ROI [6336:6912, 1152:1728, 9216:9792] (576, 576, 576)
Recording block-done for octoS0SubroiZ15683136Y78409408X1097612544Difficultsoma_pred_affs/1656 with read ROI [5840:7408, 1232:2800, 2960:4528] (1568, 1568, 1568) and write ROI [6336:6912, 1728:2304, 3456:4032] (576, 576, 576)
Recorded block-done for octoS0SubroiZ15683136Y78409408X1097612544Difficultsoma_pred_affs/1656 with read ROI [5840:7408, 1232:2800, 2960:4528] (1568, 1568, 1568) and write ROI [6336:6912, 1728:2304, 3456:4032] (576, 576, 576)
Recording block-done for octoS0SubroiZ15683136Y78409408X1097612544Difficultsoma_pred_affs/3770 with read ROI [5840:7408, 1232:2800, 6992:8560] (1568, 1568, 1568) and write ROI [6336:6912, 1728:2304, 7488:8064] (576, 576, 576)
Recorded block-done for octoS0SubroiZ15683136Y78409408X1097612544Difficultsoma_pred_affs/3770 with read ROI [5840:7408, 1232:2800, 6992:8560] (1568, 1568, 1568) and write ROI [6336:6912, 1728:2304, 7488:8064] (576, 576, 576)
Recording block-done for octoS0SubroiZ15683136Y78409408X1097612544Difficultsoma_pred_affs/4611 with read ROI [5840:7408, 1232:2800, 8144:9712] (1568, 1568, 1568) and write ROI [6336:6912, 1728:2304, 8640:9216] (576, 576, 576)
Recorded block-done for octoS0SubroiZ15683136Y78409408X1097612544Difficultsoma_pred_affs/4611 with read ROI [5840:7408, 1232:2800, 8144:9712] (1568, 1568, 1568) and write ROI [6336:6912, 1728:2304, 8640:9216] (576, 576, 576)
Recording block-done for octoS0SubroiZ15683136Y78409408X1097612544Difficultsoma_pred_affs/7271 with read ROI [5840:7408, 1808:3376, 10448:12016] (1568, 1568, 1568) and write ROI [6336:6912, 2304:2880, 10944:11520] (576, 576, 576)
Recorded block-done for octoS0SubroiZ15683136Y78409408X1097612544Difficultsoma_pred_affs/7271 with read ROI [5840:7408, 1808:3376, 10448:12016] (1568, 1568, 1568) and write ROI [6336:6912, 2304:2880, 10944:11520] (576, 576, 576)
Recording block-done for octoS0SubroiZ15683136Y78409408X1097612544Difficultsoma_pred_affs/947 with read ROI [5840:7408, 1808:3376, 80:1648] (1568, 1568, 1568) and write ROI [6336:6912, 2304:2880, 576:1152] (576, 576, 576)
Recorded block-done for octoS0SubroiZ15683136Y78409408X1097612544Difficultsoma_pred_affs/947 with read ROI [5840:7408, 1808:3376, 80:1648] (1568, 1568, 1568) and write ROI [6336:6912, 2304:2880, 576:1152] (576, 576, 576)
Recording block-done for octoS0SubroiZ15683136Y78409408X1097612544Difficultsoma_pred_affs/2731 with read ROI [5840:7408, 1808:3376, 4688:6256] (1568, 1568, 1568) and write ROI [6336:6912, 2304:2880, 5184:5760] (576, 576, 576)
Recorded block-done for octoS0SubroiZ15683136Y78409408X1097612544Difficultsoma_pred_affs/2731 with read ROI [5840:7408, 1808:3376, 4688:6256] (1568, 1568, 1568) and write ROI [6336:6912, 2304:2880, 5184:5760] (576, 576, 576)
Recording block-done for octoS0SubroiZ15683136Y78409408X1097612544Difficultsoma_pred_affs/4191 with read ROI [5840:7408, 1808:3376, 6992:8560] (1568, 1568, 1568) and write ROI [6336:6912, 2304:2880, 7488:8064] (576, 576, 576)
Recorded block-done for octoS0SubroiZ15683136Y78409408X1097612544Difficultsoma_pred_affs/4191 with read ROI [5840:7408, 1808:3376, 6992:8560] (1568, 1568, 1568) and write ROI [6336:6912, 2304:2880, 7488:8064] (576, 576, 576)
Recording block-done for octoS0SubroiZ15683136Y78409408X1097612544Difficultsoma_pred_affs/3072 with read ROI [5840:7408, 2384:3952, 4688:6256] (1568, 1568, 1568) and write ROI [6336:6912, 2880:3456, 5184:5760] (576, 576, 576)
Recorded block-done for octoS0SubroiZ15683136Y78409408X1097612544Difficultsoma_pred_affs/3072 with read ROI [5840:7408, 2384:3952, 4688:6256] (1568, 1568, 1568) and write ROI [6336:6912, 2880:3456, 5184:5760] (576, 576, 576)
Recording block-done for octoS0SubroiZ15683136Y78409408X1097612544Difficultsoma_pred_affs/4207 with read ROI [5840:7408, 2384:3952, 6416:7984] (1568, 1568, 1568) and write ROI [6336:6912, 2880:3456, 6912:7488] (576, 576, 576)
Recorded block-done for octoS0SubroiZ15683136Y78409408X1097612544Difficultsoma_pred_affs/4207 with read ROI [5840:7408, 2384:3952, 6416:7984] (1568, 1568, 1568) and write ROI [6336:6912, 2880:3456, 6912:7488] (576, 576, 576)
Recording block-done for octoS0SubroiZ15683136Y78409408X1097612544Difficultsoma_pred_affs/7287 with read ROI [5840:7408, 2384:3952, 9872:11440] (1568, 1568, 1568) and write ROI [6336:6912, 2880:3456, 10368:10944] (576, 576, 576)
Recorded block-done for octoS0SubroiZ15683136Y78409408X1097612544Difficultsoma_pred_affs/7287 with read ROI [5840:7408, 2384:3952, 9872:11440] (1568, 1568, 1568) and write ROI [6336:6912, 2880:3456, 10368:10944] (576, 576, 576)
Recording block-done for octoS0SubroiZ15683136Y78409408X1097612544Difficultsoma_pred_affs/7917 with read ROI [5840:7408, 2384:3952, 10448:12016] (1568, 1568, 1568) and write ROI [6336:6912, 2880:3456, 10944:11520] (576, 576, 576)
Recorded block-done for octoS0SubroiZ15683136Y78409408X1097612544Difficultsoma_pred_affs/7917 with read ROI [5840:7408, 2384:3952, 10448:12016] (1568, 1568, 1568) and write ROI [6336:6912, 2880:3456, 10944:11520] (576, 576, 576)
Recording block-done for octoS0SubroiZ15683136Y78409408X1097612544Difficultsoma_pred_affs/2188 with read ROI [5840:7408, 2960:4528, 2384:3952] (1568, 1568, 1568) and write ROI [6336:6912, 3456:4032, 2880:3456] (576, 576, 576)
Recorded block-done for octoS0SubroiZ15683136Y78409408X1097612544Difficultsoma_pred_affs/2188 with read ROI [5840:7408, 2960:4528, 2384:3952] (1568, 1568, 1568) and write ROI [6336:6912, 3456:4032, 2880:3456] (576, 576, 576)
Recording block-done for octoS0SubroiZ15683136Y78409408X1097612544Difficultsoma_pred_affs/8600 with read ROI [5840:7408, 2960:4528, 10448:12016] (1568, 1568, 1568) and write ROI [6336:6912, 3456:4032, 10944:11520] (576, 576, 576)
Recorded block-done for octoS0SubroiZ15683136Y78409408X1097612544Difficultsoma_pred_affs/8600 with read ROI [5840:7408, 2960:4528, 10448:12016] (1568, 1568, 1568) and write ROI [6336:6912, 3456:4032, 10944:11520] (576, 576, 576)
Recording block-done for octoS0SubroiZ15683136Y78409408X1097612544Difficultsoma_pred_affs/6709 with read ROI [5840:7408, 2960:4528, 8720:10288] (1568, 1568, 1568) and write ROI [6336:6912, 3456:4032, 9216:9792] (576, 576, 576)
Recorded block-done for octoS0SubroiZ15683136Y78409408X1097612544Difficultsoma_pred_affs/6709 with read ROI [5840:7408, 2960:4528, 8720:10288] (1568, 1568, 1568) and write ROI [6336:6912, 3456:4032, 9216:9792] (576, 576, 576)
Recording block-done for octoS0SubroiZ15683136Y78409408X1097612544Difficultsoma_pred_affs/1512 with read ROI [5840:7408, 3536:5104, 80:1648] (1568, 1568, 1568) and write ROI [6336:6912, 4032:4608, 576:1152] (576, 576, 576)
Recorded block-done for octoS0SubroiZ15683136Y78409408X1097612544Difficultsoma_pred_affs/1512 with read ROI [5840:7408, 3536:5104, 80:1648] (1568, 1568, 1568) and write ROI [6336:6912, 4032:4608, 576:1152] (576, 576, 576)
Recording block-done for octoS0SubroiZ15683136Y78409408X1097612544Difficultsoma_pred_affs/4242 with read ROI [5840:7408, 3536:5104, 5264:6832] (1568, 1568, 1568) and write ROI [6336:6912, 4032:4608, 5760:6336] (576, 576, 576)
Recorded block-done for octoS0SubroiZ15683136Y78409408X1097612544Difficultsoma_pred_affs/4242 with read ROI [5840:7408, 3536:5104, 5264:6832] (1568, 1568, 1568) and write ROI [6336:6912, 4032:4608, 5760:6336] (576, 576, 576)
Recording block-done for octoS0SubroiZ15683136Y78409408X1097612544Difficultsoma_pred_affs/1741 with read ROI [5840:7408, 4112:5680, 80:1648] (1568, 1568, 1568) and write ROI [6336:6912, 4608:5184, 576:1152] (576, 576, 576)
Recorded block-done for octoS0SubroiZ15683136Y78409408X1097612544Difficultsoma_pred_affs/1741 with read ROI [5840:7408, 4112:5680, 80:1648] (1568, 1568, 1568) and write ROI [6336:6912, 4608:5184, 576:1152] (576, 576, 576)
Recording block-done for octoS0SubroiZ15683136Y78409408X1097612544Difficultsoma_pred_affs/2801 with read ROI [5840:7408, 4112:5680, 2384:3952] (1568, 1568, 1568) and write ROI [6336:6912, 4608:5184, 2880:3456] (576, 576, 576)
Recorded block-done for octoS0SubroiZ15683136Y78409408X1097612544Difficultsoma_pred_affs/2801 with read ROI [5840:7408, 4112:5680, 2384:3952] (1568, 1568, 1568) and write ROI [6336:6912, 4608:5184, 2880:3456] (576, 576, 576)
Recording block-done for octoS0SubroiZ15683136Y78409408X1097612544Difficultsoma_pred_affs/3855 with read ROI [5840:7408, 4112:5680, 4112:5680] (1568, 1568, 1568) and write ROI [6336:6912, 4608:5184, 4608:5184] (576, 576, 576)
Recorded block-done for octoS0SubroiZ15683136Y78409408X1097612544Difficultsoma_pred_affs/3855 with read ROI [5840:7408, 4112:5680, 4112:5680] (1568, 1568, 1568) and write ROI [6336:6912, 4608:5184, 4608:5184] (576, 576, 576)
Recording block-done for octoS0SubroiZ15683136Y78409408X1097612544Difficultsoma_pred_affs/4261 with read ROI [5840:7408, 4112:5680, 4688:6256] (1568, 1568, 1568) and write ROI [6336:6912, 4608:5184, 5184:5760] (576, 576, 576)
Recorded block-done for octoS0SubroiZ15683136Y78409408X1097612544Difficultsoma_pred_affs/4261 with read ROI [5840:7408, 4112:5680, 4688:6256] (1568, 1568, 1568) and write ROI [6336:6912, 4608:5184, 5184:5760] (576, 576, 576)
Recording block-done for octoS0SubroiZ15683136Y78409408X1097612544Difficultsoma_pred_affs/5161 with read ROI [5840:7408, 4112:5680, 5840:7408] (1568, 1568, 1568) and write ROI [6336:6912, 4608:5184, 6336:6912] (576, 576, 576)
Recorded block-done for octoS0SubroiZ15683136Y78409408X1097612544Difficultsoma_pred_affs/5161 with read ROI [5840:7408, 4112:5680, 5840:7408] (1568, 1568, 1568) and write ROI [6336:6912, 4608:5184, 6336:6912] (576, 576, 576)
Recording block-done for octoS0SubroiZ15683136Y78409408X1097612544Difficultsoma_pred_affs/3497 with read ROI [5840:7408, 4688:6256, 2960:4528] (1568, 1568, 1568) and write ROI [6336:6912, 5184:5760, 3456:4032] (576, 576, 576)
Recorded block-done for octoS0SubroiZ15683136Y78409408X1097612544Difficultsoma_pred_affs/3497 with read ROI [5840:7408, 4688:6256, 2960:4528] (1568, 1568, 1568) and write ROI [6336:6912, 5184:5760, 3456:4032] (576, 576, 576)
Recording block-done for octoS0SubroiZ15683136Y78409408X1097612544Difficultsoma_pred_affs/10101 with read ROI [5840:7408, 4688:6256, 9872:11440] (1568, 1568, 1568) and write ROI [6336:6912, 5184:5760, 10368:10944] (576, 576, 576)
Recorded block-done for octoS0SubroiZ15683136Y78409408X1097612544Difficultsoma_pred_affs/10101 with read ROI [5840:7408, 4688:6256, 9872:11440] (1568, 1568, 1568) and write ROI [6336:6912, 5184:5760, 10368:10944] (576, 576, 576)
Recording block-done for octoS0SubroiZ15683136Y78409408X1097612544Difficultsoma_pred_affs/9360 with read ROI [5840:7408, 4688:6256, 9296:10864] (1568, 1568, 1568) and write ROI [6336:6912, 5184:5760, 9792:10368] (576, 576, 576)
Recorded block-done for octoS0SubroiZ15683136Y78409408X1097612544Difficultsoma_pred_affs/9360 with read ROI [5840:7408, 4688:6256, 9296:10864] (1568, 1568, 1568) and write ROI [6336:6912, 5184:5760, 9792:10368] (576, 576, 576)
Recording block-done for octoS0SubroiZ15683136Y78409408X1097612544Difficultsoma_pred_affs/6766 with read ROI [5840:7408, 4688:6256, 6992:8560] (1568, 1568, 1568) and write ROI [6336:6912, 5184:5760, 7488:8064] (576, 576, 576)
Recorded block-done for octoS0SubroiZ15683136Y78409408X1097612544Difficultsoma_pred_affs/6766 with read ROI [5840:7408, 4688:6256, 6992:8560] (1568, 1568, 1568) and write ROI [6336:6912, 5184:5760, 7488:8064] (576, 576, 576)
Recording block-done for octoS0SubroiZ15683136Y78409408X1097612544Difficultsoma_pred_affs/3167 with read ROI [5840:7408, 5264:6832, 1808:3376] (1568, 1568, 1568) and write ROI [6336:6912, 5760:6336, 2304:2880] (576, 576, 576)
Recorded block-done for octoS0SubroiZ15683136Y78409408X1097612544Difficultsoma_pred_affs/3167 with read ROI [5840:7408, 5264:6832, 1808:3376] (1568, 1568, 1568) and write ROI [6336:6912, 5760:6336, 2304:2880] (576, 576, 576)
Recording block-done for octoS0SubroiZ15683136Y78409408X1097612544Difficultsoma_pred_affs/5720 with read ROI [5840:7408, 5840:7408, 4688:6256] (1568, 1568, 1568) and write ROI [6336:6912, 6336:6912, 5184:5760] (576, 576, 576)
Recorded block-done for octoS0SubroiZ15683136Y78409408X1097612544Difficultsoma_pred_affs/5720 with read ROI [5840:7408, 5840:7408, 4688:6256] (1568, 1568, 1568) and write ROI [6336:6912, 6336:6912, 5184:5760] (576, 576, 576)
Recording block-done for octoS0SubroiZ15683136Y78409408X1097612544Difficultsoma_pred_affs/3189 with read ROI [5840:7408, 5840:7408, 1232:2800] (1568, 1568, 1568) and write ROI [6336:6912, 6336:6912, 1728:2304] (576, 576, 576)
Recorded block-done for octoS0SubroiZ15683136Y78409408X1097612544Difficultsoma_pred_affs/3189 with read ROI [5840:7408, 5840:7408, 1232:2800] (1568, 1568, 1568) and write ROI [6336:6912, 6336:6912, 1728:2304] (576, 576, 576)
Recording block-done for octoS0SubroiZ15683136Y78409408X1097612544Difficultsoma_pred_affs/3540 with read ROI [5840:7408, 5840:7408, 1808:3376] (1568, 1568, 1568) and write ROI [6336:6912, 6336:6912, 2304:2880] (576, 576, 576)
Recorded block-done for octoS0SubroiZ15683136Y78409408X1097612544Difficultsoma_pred_affs/3540 with read ROI [5840:7408, 5840:7408, 1808:3376] (1568, 1568, 1568) and write ROI [6336:6912, 6336:6912, 2304:2880] (576, 576, 576)
Recording block-done for octoS0SubroiZ15683136Y78409408X1097612544Difficultsoma_pred_affs/3918 with read ROI [5840:7408, 5840:7408, 2384:3952] (1568, 1568, 1568) and write ROI [6336:6912, 6336:6912, 2880:3456] (576, 576, 576)
Recorded block-done for octoS0SubroiZ15683136Y78409408X1097612544Difficultsoma_pred_affs/3918 with read ROI [5840:7408, 5840:7408, 2384:3952] (1568, 1568, 1568) and write ROI [6336:6912, 6336:6912, 2880:3456] (576, 576, 576)
Recording block-done for octoS0SubroiZ15683136Y78409408X1097612544Difficultsoma_pred_affs/8678 with read ROI [5840:7408, 5264:6832, 8144:9712] (1568, 1568, 1568) and write ROI [6336:6912, 5760:6336, 8640:9216] (576, 576, 576)
Recorded block-done for octoS0SubroiZ15683136Y78409408X1097612544Difficultsoma_pred_affs/8678 with read ROI [5840:7408, 5264:6832, 8144:9712] (1568, 1568, 1568) and write ROI [6336:6912, 5760:6336, 8640:9216] (576, 576, 576)
Recording block-done for octoS0SubroiZ15683136Y78409408X1097612544Difficultsoma_pred_affs/10144 with read ROI [5840:7408, 5840:7408, 8720:10288] (1568, 1568, 1568) and write ROI [6336:6912, 6336:6912, 9216:9792] (576, 576, 576)
Recorded block-done for octoS0SubroiZ15683136Y78409408X1097612544Difficultsoma_pred_affs/10144 with read ROI [5840:7408, 5840:7408, 8720:10288] (1568, 1568, 1568) and write ROI [6336:6912, 6336:6912, 9216:9792] (576, 576, 576)
Recording block-done for octoS0SubroiZ15683136Y78409408X1097612544Difficultsoma_pred_affs/10947 with read ROI [5840:7408, 6416:7984, 8720:10288] (1568, 1568, 1568) and write ROI [6336:6912, 6912:7488, 9216:9792] (576, 576, 576)
Recorded block-done for octoS0SubroiZ15683136Y78409408X1097612544Difficultsoma_pred_affs/10947 with read ROI [5840:7408, 6416:7984, 8720:10288] (1568, 1568, 1568) and write ROI [6336:6912, 6912:7488, 9216:9792] (576, 576, 576)
Recording block-done for octoS0SubroiZ15683136Y78409408X1097612544Difficultsoma_pred_affs/3965 with read ROI [5840:7408, 6992:8560, 1232:2800] (1568, 1568, 1568) and write ROI [6336:6912, 7488:8064, 1728:2304] (576, 576, 576)
Recorded block-done for octoS0SubroiZ15683136Y78409408X1097612544Difficultsoma_pred_affs/3965 with read ROI [5840:7408, 6992:8560, 1232:2800] (1568, 1568, 1568) and write ROI [6336:6912, 7488:8064, 1728:2304] (576, 576, 576)
Recording block-done for octoS0SubroiZ15683136Y78409408X1097612544Difficultsoma_pred_affs/8723 with read ROI [5840:7408, 6416:7984, 6992:8560] (1568, 1568, 1568) and write ROI [6336:6912, 6912:7488, 7488:8064] (576, 576, 576)
Recorded block-done for octoS0SubroiZ15683136Y78409408X1097612544Difficultsoma_pred_affs/8723 with read ROI [5840:7408, 6416:7984, 6992:8560] (1568, 1568, 1568) and write ROI [6336:6912, 6912:7488, 7488:8064] (576, 576, 576)
Recording block-done for octoS0SubroiZ15683136Y78409408X1097612544Difficultsoma_pred_affs/6295 with read ROI [5840:7408, 6992:8560, 4112:5680] (1568, 1568, 1568) and write ROI [6336:6912, 7488:8064, 4608:5184] (576, 576, 576)
Recorded block-done for octoS0SubroiZ15683136Y78409408X1097612544Difficultsoma_pred_affs/6295 with read ROI [5840:7408, 6992:8560, 4112:5680] (1568, 1568, 1568) and write ROI [6336:6912, 7488:8064, 4608:5184] (576, 576, 576)
Recording block-done for octoS0SubroiZ15683136Y78409408X1097612544Difficultsoma_pred_affs/8081 with read ROI [5840:7408, 6992:8560, 5840:7408] (1568, 1568, 1568) and write ROI [6336:6912, 7488:8064, 6336:6912] (576, 576, 576)
Recorded block-done for octoS0SubroiZ15683136Y78409408X1097612544Difficultsoma_pred_affs/8081 with read ROI [5840:7408, 6992:8560, 5840:7408] (1568, 1568, 1568) and write ROI [6336:6912, 7488:8064, 6336:6912] (576, 576, 576)
Recording block-done for octoS0SubroiZ15683136Y78409408X1097612544Difficultsoma_pred_affs/14501 with read ROI [5840:7408, 6992:8560, 10448:12016] (1568, 1568, 1568) and write ROI [6336:6912, 7488:8064, 10944:11520] (576, 576, 576)
Recorded block-done for octoS0SubroiZ15683136Y78409408X1097612544Difficultsoma_pred_affs/14501 with read ROI [5840:7408, 6992:8560, 10448:12016] (1568, 1568, 1568) and write ROI [6336:6912, 7488:8064, 10944:11520] (576, 576, 576)
Recording block-done for octoS0SubroiZ15683136Y78409408X1097612544Difficultsoma_pred_affs/5296 with read ROI [5840:7408, 7568:9136, 2384:3952] (1568, 1568, 1568) and write ROI [6336:6912, 8064:8640, 2880:3456] (576, 576, 576)
Recorded block-done for octoS0SubroiZ15683136Y78409408X1097612544Difficultsoma_pred_affs/5296 with read ROI [5840:7408, 7568:9136, 2384:3952] (1568, 1568, 1568) and write ROI [6336:6912, 8064:8640, 2880:3456] (576, 576, 576)
Recording block-done for octoS0SubroiZ15683136Y78409408X1097612544Difficultsoma_pred_affs/7476 with read ROI [5840:7408, 7568:9136, 4688:6256] (1568, 1568, 1568) and write ROI [6336:6912, 8064:8640, 5184:5760] (576, 576, 576)
Recorded block-done for octoS0SubroiZ15683136Y78409408X1097612544Difficultsoma_pred_affs/7476 with read ROI [5840:7408, 7568:9136, 4688:6256] (1568, 1568, 1568) and write ROI [6336:6912, 8064:8640, 5184:5760] (576, 576, 576)
Recording block-done for octoS0SubroiZ15683136Y78409408X1097612544Difficultsoma_pred_affs/12677 with read ROI [5840:7408, 7568:9136, 8720:10288] (1568, 1568, 1568) and write ROI [6336:6912, 8064:8640, 9216:9792] (576, 576, 576)
Recorded block-done for octoS0SubroiZ15683136Y78409408X1097612544Difficultsoma_pred_affs/12677 with read ROI [5840:7408, 7568:9136, 8720:10288] (1568, 1568, 1568) and write ROI [6336:6912, 8064:8640, 9216:9792] (576, 576, 576)
Recording block-done for octoS0SubroiZ15683136Y78409408X1097612544Difficultsoma_pred_affs/5818 with read ROI [5840:7408, 8144:9712, 2384:3952] (1568, 1568, 1568) and write ROI [6336:6912, 8640:9216, 2880:3456] (576, 576, 576)
Recorded block-done for octoS0SubroiZ15683136Y78409408X1097612544Difficultsoma_pred_affs/5818 with read ROI [5840:7408, 8144:9712, 2384:3952] (1568, 1568, 1568) and write ROI [6336:6912, 8640:9216, 2880:3456] (576, 576, 576)
Recording block-done for octoS0SubroiZ15683136Y78409408X1097612544Difficultsoma_pred_affs/8798 with read ROI [5840:7408, 8144:9712, 5264:6832] (1568, 1568, 1568) and write ROI [6336:6912, 8640:9216, 5760:6336] (576, 576, 576)
Recorded block-done for octoS0SubroiZ15683136Y78409408X1097612544Difficultsoma_pred_affs/8798 with read ROI [5840:7408, 8144:9712, 5264:6832] (1568, 1568, 1568) and write ROI [6336:6912, 8640:9216, 5760:6336] (576, 576, 576)
Recording block-done for octoS0SubroiZ15683136Y78409408X1097612544Difficultsoma_pred_affs/9501 with read ROI [5840:7408, 8144:9712, 5840:7408] (1568, 1568, 1568) and write ROI [6336:6912, 8640:9216, 6336:6912] (576, 576, 576)
Recorded block-done for octoS0SubroiZ15683136Y78409408X1097612544Difficultsoma_pred_affs/9501 with read ROI [5840:7408, 8144:9712, 5840:7408] (1568, 1568, 1568) and write ROI [6336:6912, 8640:9216, 6336:6912] (576, 576, 576)
Recording block-done for octoS0SubroiZ15683136Y78409408X1097612544Difficultsoma_pred_affs/14552 with read ROI [5840:7408, 8144:9712, 9296:10864] (1568, 1568, 1568) and write ROI [6336:6912, 8640:9216, 9792:10368] (576, 576, 576)
Recorded block-done for octoS0SubroiZ15683136Y78409408X1097612544Difficultsoma_pred_affs/14552 with read ROI [5840:7408, 8144:9712, 9296:10864] (1568, 1568, 1568) and write ROI [6336:6912, 8640:9216, 9792:10368] (576, 576, 576)
Recording block-done for octoS0SubroiZ15683136Y78409408X1097612544Difficultsoma_pred_affs/8825 with read ROI [5840:7408, 8720:10288, 4688:6256] (1568, 1568, 1568) and write ROI [6336:6912, 9216:9792, 5184:5760] (576, 576, 576)
Recorded block-done for octoS0SubroiZ15683136Y78409408X1097612544Difficultsoma_pred_affs/8825 with read ROI [5840:7408, 8720:10288, 4688:6256] (1568, 1568, 1568) and write ROI [6336:6912, 9216:9792, 5184:5760] (576, 576, 576)
Recording block-done for octoS0SubroiZ15683136Y78409408X1097612544Difficultsoma_pred_affs/6934 with read ROI [5840:7408, 8720:10288, 2960:4528] (1568, 1568, 1568) and write ROI [6336:6912, 9216:9792, 3456:4032] (576, 576, 576)
Recorded block-done for octoS0SubroiZ15683136Y78409408X1097612544Difficultsoma_pred_affs/6934 with read ROI [5840:7408, 8720:10288, 2960:4528] (1568, 1568, 1568) and write ROI [6336:6912, 9216:9792, 3456:4032] (576, 576, 576)
Recording block-done for octoS0SubroiZ15683136Y78409408X1097612544Difficultsoma_pred_affs/5377 with read ROI [5840:7408, 9296:10864, 656:2224] (1568, 1568, 1568) and write ROI [6336:6912, 9792:10368, 1152:1728] (576, 576, 576)
Recorded block-done for octoS0SubroiZ15683136Y78409408X1097612544Difficultsoma_pred_affs/5377 with read ROI [5840:7408, 9296:10864, 656:2224] (1568, 1568, 1568) and write ROI [6336:6912, 9792:10368, 1152:1728] (576, 576, 576)
Recording block-done for octoS0SubroiZ15683136Y78409408X1097612544Difficultsoma_pred_affs/6401 with read ROI [5840:7408, 9296:10864, 1808:3376] (1568, 1568, 1568) and write ROI [6336:6912, 9792:10368, 2304:2880] (576, 576, 576)
Recorded block-done for octoS0SubroiZ15683136Y78409408X1097612544Difficultsoma_pred_affs/6401 with read ROI [5840:7408, 9296:10864, 1808:3376] (1568, 1568, 1568) and write ROI [6336:6912, 9792:10368, 2304:2880] (576, 576, 576)
Recording block-done for octoS0SubroiZ15683136Y78409408X1097612544Difficultsoma_pred_affs/9556 with read ROI [5840:7408, 9296:10864, 4688:6256] (1568, 1568, 1568) and write ROI [6336:6912, 9792:10368, 5184:5760] (576, 576, 576)
Recorded block-done for octoS0SubroiZ15683136Y78409408X1097612544Difficultsoma_pred_affs/9556 with read ROI [5840:7408, 9296:10864, 4688:6256] (1568, 1568, 1568) and write ROI [6336:6912, 9792:10368, 5184:5760] (576, 576, 576)
Recording block-done for octoS0SubroiZ15683136Y78409408X1097612544Difficultsoma_pred_affs/7557 with read ROI [5840:7408, 9296:10864, 2960:4528] (1568, 1568, 1568) and write ROI [6336:6912, 9792:10368, 3456:4032] (576, 576, 576)
Recorded block-done for octoS0SubroiZ15683136Y78409408X1097612544Difficultsoma_pred_affs/7557 with read ROI [5840:7408, 9296:10864, 2960:4528] (1568, 1568, 1568) and write ROI [6336:6912, 9792:10368, 3456:4032] (576, 576, 576)
Recording block-done for octoS0SubroiZ15683136Y78409408X1097612544Difficultsoma_pred_affs/12787 with read ROI [5840:7408, 9872:11440, 6416:7984] (1568, 1568, 1568) and write ROI [6336:6912, 10368:10944, 6912:7488] (576, 576, 576)
Recorded block-done for octoS0SubroiZ15683136Y78409408X1097612544Difficultsoma_pred_affs/12787 with read ROI [5840:7408, 9872:11440, 6416:7984] (1568, 1568, 1568) and write ROI [6336:6912, 10368:10944, 6912:7488] (576, 576, 576)
Recording block-done for octoS0SubroiZ15683136Y78409408X1097612544Difficultsoma_pred_affs/10326 with read ROI [5840:7408, 9872:11440, 4688:6256] (1568, 1568, 1568) and write ROI [6336:6912, 10368:10944, 5184:5760] (576, 576, 576)
Recorded block-done for octoS0SubroiZ15683136Y78409408X1097612544Difficultsoma_pred_affs/10326 with read ROI [5840:7408, 9872:11440, 4688:6256] (1568, 1568, 1568) and write ROI [6336:6912, 10368:10944, 5184:5760] (576, 576, 576)
Recording block-done for octoS0SubroiZ15683136Y78409408X1097612544Difficultsoma_pred_affs/16661 with read ROI [5840:7408, 9872:11440, 8720:10288] (1568, 1568, 1568) and write ROI [6336:6912, 10368:10944, 9216:9792] (576, 576, 576)
Recorded block-done for octoS0SubroiZ15683136Y78409408X1097612544Difficultsoma_pred_affs/16661 with read ROI [5840:7408, 9872:11440, 8720:10288] (1568, 1568, 1568) and write ROI [6336:6912, 10368:10944, 9216:9792] (576, 576, 576)
Recording block-done for octoS0SubroiZ15683136Y78409408X1097612544Difficultsoma_pred_affs/15656 with read ROI [5840:7408, 10448:12016, 7568:9136] (1568, 1568, 1568) and write ROI [6336:6912, 10944:11520, 8064:8640] (576, 576, 576)
Recorded block-done for octoS0SubroiZ15683136Y78409408X1097612544Difficultsoma_pred_affs/15656 with read ROI [5840:7408, 10448:12016, 7568:9136] (1568, 1568, 1568) and write ROI [6336:6912, 10944:11520, 8064:8640] (576, 576, 576)
Recording block-done for octoS0SubroiZ15683136Y78409408X1097612544Difficultsoma_pred_affs/797 with read ROI [6416:7984, 656:2224, 80:1648] (1568, 1568, 1568) and write ROI [6912:7488, 1152:1728, 576:1152] (576, 576, 576)
Recorded block-done for octoS0SubroiZ15683136Y78409408X1097612544Difficultsoma_pred_affs/797 with read ROI [6416:7984, 656:2224, 80:1648] (1568, 1568, 1568) and write ROI [6912:7488, 1152:1728, 576:1152] (576, 576, 576)
Recording block-done for octoS0SubroiZ15683136Y78409408X1097612544Difficultsoma_pred_affs/5063 with read ROI [6416:7984, 80:1648, 9296:10864] (1568, 1568, 1568) and write ROI [6912:7488, 576:1152, 9792:10368] (576, 576, 576)
Recorded block-done for octoS0SubroiZ15683136Y78409408X1097612544Difficultsoma_pred_affs/5063 with read ROI [6416:7984, 80:1648, 9296:10864] (1568, 1568, 1568) and write ROI [6912:7488, 576:1152, 9792:10368] (576, 576, 576)
Recording block-done for octoS0SubroiZ15683136Y78409408X1097612544Difficultsoma_pred_affs/4598 with read ROI [6416:7984, 80:1648, 8720:10288] (1568, 1568, 1568) and write ROI [6912:7488, 576:1152, 9216:9792] (576, 576, 576)
Recorded block-done for octoS0SubroiZ15683136Y78409408X1097612544Difficultsoma_pred_affs/4598 with read ROI [6416:7984, 80:1648, 8720:10288] (1568, 1568, 1568) and write ROI [6912:7488, 576:1152, 9216:9792] (576, 576, 576)
Recording block-done for octoS0SubroiZ15683136Y78409408X1097612544Difficultsoma_pred_affs/2703 with read ROI [6416:7984, 80:1648, 5840:7408] (1568, 1568, 1568) and write ROI [6912:7488, 576:1152, 6336:6912] (576, 576, 576)
Recorded block-done for octoS0SubroiZ15683136Y78409408X1097612544Difficultsoma_pred_affs/2703 with read ROI [6416:7984, 80:1648, 5840:7408] (1568, 1568, 1568) and write ROI [6912:7488, 576:1152, 6336:6912] (576, 576, 576)
Recording block-done for octoS0SubroiZ15683136Y78409408X1097612544Difficultsoma_pred_affs/1272 with read ROI [6416:7984, 1232:2800, 1232:2800] (1568, 1568, 1568) and write ROI [6912:7488, 1728:2304, 1728:2304] (576, 576, 576)
Recorded block-done for octoS0SubroiZ15683136Y78409408X1097612544Difficultsoma_pred_affs/1272 with read ROI [6416:7984, 1232:2800, 1232:2800] (1568, 1568, 1568) and write ROI [6912:7488, 1728:2304, 1728:2304] (576, 576, 576)
Recording block-done for octoS0SubroiZ15683136Y78409408X1097612544Difficultsoma_pred_affs/5573 with read ROI [6416:7984, 656:2224, 9296:10864] (1568, 1568, 1568) and write ROI [6912:7488, 1152:1728, 9792:10368] (576, 576, 576)
Recorded block-done for octoS0SubroiZ15683136Y78409408X1097612544Difficultsoma_pred_affs/5573 with read ROI [6416:7984, 656:2224, 9296:10864] (1568, 1568, 1568) and write ROI [6912:7488, 1152:1728, 9792:10368] (576, 576, 576)
Recording block-done for octoS0SubroiZ15683136Y78409408X1097612544Difficultsoma_pred_affs/3408 with read ROI [6416:7984, 1232:2800, 5840:7408] (1568, 1568, 1568) and write ROI [6912:7488, 1728:2304, 6336:6912] (576, 576, 576)
Recorded block-done for octoS0SubroiZ15683136Y78409408X1097612544Difficultsoma_pred_affs/3408 with read ROI [6416:7984, 1232:2800, 5840:7408] (1568, 1568, 1568) and write ROI [6912:7488, 1728:2304, 6336:6912] (576, 576, 576)
Recording block-done for octoS0SubroiZ15683136Y78409408X1097612544Difficultsoma_pred_affs/1888 with read ROI [6416:7984, 656:2224, 3536:5104] (1568, 1568, 1568) and write ROI [6912:7488, 1152:1728, 4032:4608] (576, 576, 576)
Recorded block-done for octoS0SubroiZ15683136Y78409408X1097612544Difficultsoma_pred_affs/1888 with read ROI [6416:7984, 656:2224, 3536:5104] (1568, 1568, 1568) and write ROI [6912:7488, 1152:1728, 4032:4608] (576, 576, 576)
Recording block-done for octoS0SubroiZ15683136Y78409408X1097612544Difficultsoma_pred_affs/5092 with read ROI [6416:7984, 1232:2800, 8144:9712] (1568, 1568, 1568) and write ROI [6912:7488, 1728:2304, 8640:9216] (576, 576, 576)
Recorded block-done for octoS0SubroiZ15683136Y78409408X1097612544Difficultsoma_pred_affs/5092 with read ROI [6416:7984, 1232:2800, 8144:9712] (1568, 1568, 1568) and write ROI [6912:7488, 1728:2304, 8640:9216] (576, 576, 576)
Recording block-done for octoS0SubroiZ15683136Y78409408X1097612544Difficultsoma_pred_affs/1288 with read ROI [6416:7984, 1808:3376, 656:2224] (1568, 1568, 1568) and write ROI [6912:7488, 2304:2880, 1152:1728] (576, 576, 576)
Recorded block-done for octoS0SubroiZ15683136Y78409408X1097612544Difficultsoma_pred_affs/1288 with read ROI [6416:7984, 1808:3376, 656:2224] (1568, 1568, 1568) and write ROI [6912:7488, 2304:2880, 1152:1728] (576, 576, 576)
Recording block-done for octoS0SubroiZ15683136Y78409408X1097612544Difficultsoma_pred_affs/4208 with read ROI [6416:7984, 1808:3376, 6416:7984] (1568, 1568, 1568) and write ROI [6912:7488, 2304:2880, 6912:7488] (576, 576, 576)
Recorded block-done for octoS0SubroiZ15683136Y78409408X1097612544Difficultsoma_pred_affs/4208 with read ROI [6416:7984, 1808:3376, 6416:7984] (1568, 1568, 1568) and write ROI [6912:7488, 2304:2880, 6912:7488] (576, 576, 576)
Recording block-done for octoS0SubroiZ15683136Y78409408X1097612544Difficultsoma_pred_affs/1495 with read ROI [6416:7984, 2384:3952, 656:2224] (1568, 1568, 1568) and write ROI [6912:7488, 2880:3456, 1152:1728] (576, 576, 576)
Recorded block-done for octoS0SubroiZ15683136Y78409408X1097612544Difficultsoma_pred_affs/1495 with read ROI [6416:7984, 2384:3952, 656:2224] (1568, 1568, 1568) and write ROI [6912:7488, 2880:3456, 1152:1728] (576, 576, 576)
Recording block-done for octoS0SubroiZ15683136Y78409408X1097612544Difficultsoma_pred_affs/2172 with read ROI [6416:7984, 1808:3376, 2960:4528] (1568, 1568, 1568) and write ROI [6912:7488, 2304:2880, 3456:4032] (576, 576, 576)
Recorded block-done for octoS0SubroiZ15683136Y78409408X1097612544Difficultsoma_pred_affs/2172 with read ROI [6416:7984, 1808:3376, 2960:4528] (1568, 1568, 1568) and write ROI [6912:7488, 2304:2880, 3456:4032] (576, 576, 576)
Recording block-done for octoS0SubroiZ15683136Y78409408X1097612544Difficultsoma_pred_affs/2765 with read ROI [6416:7984, 2384:3952, 3536:5104] (1568, 1568, 1568) and write ROI [6912:7488, 2880:3456, 4032:4608] (576, 576, 576)
Recorded block-done for octoS0SubroiZ15683136Y78409408X1097612544Difficultsoma_pred_affs/2765 with read ROI [6416:7984, 2384:3952, 3536:5104] (1568, 1568, 1568) and write ROI [6912:7488, 2880:3456, 4032:4608] (576, 576, 576)
Recording block-done for octoS0SubroiZ15683136Y78409408X1097612544Difficultsoma_pred_affs/7935 with read ROI [6416:7984, 2384:3952, 9872:11440] (1568, 1568, 1568) and write ROI [6912:7488, 2880:3456, 10368:10944] (576, 576, 576)
Recorded block-done for octoS0SubroiZ15683136Y78409408X1097612544Difficultsoma_pred_affs/7935 with read ROI [6416:7984, 2384:3952, 9872:11440] (1568, 1568, 1568) and write ROI [6912:7488, 2880:3456, 10368:10944] (576, 576, 576)
Recording block-done for octoS0SubroiZ15683136Y78409408X1097612544Difficultsoma_pred_affs/5125 with read ROI [6416:7984, 2384:3952, 6992:8560] (1568, 1568, 1568) and write ROI [6912:7488, 2880:3456, 7488:8064] (576, 576, 576)
Recorded block-done for octoS0SubroiZ15683136Y78409408X1097612544Difficultsoma_pred_affs/5125 with read ROI [6416:7984, 2384:3952, 6992:8560] (1568, 1568, 1568) and write ROI [6912:7488, 2880:3456, 7488:8064] (576, 576, 576)
Recording block-done for octoS0SubroiZ15683136Y78409408X1097612544Difficultsoma_pred_affs/2207 with read ROI [6416:7984, 2960:4528, 1808:3376] (1568, 1568, 1568) and write ROI [6912:7488, 3456:4032, 2304:2880] (576, 576, 576)
Recorded block-done for octoS0SubroiZ15683136Y78409408X1097612544Difficultsoma_pred_affs/2207 with read ROI [6416:7984, 2960:4528, 1808:3376] (1568, 1568, 1568) and write ROI [6912:7488, 3456:4032, 2304:2880] (576, 576, 576)
Recording block-done for octoS0SubroiZ15683136Y78409408X1097612544Difficultsoma_pred_affs/5639 with read ROI [6416:7984, 2960:4528, 6992:8560] (1568, 1568, 1568) and write ROI [6912:7488, 3456:4032, 7488:8064] (576, 576, 576)
Recorded block-done for octoS0SubroiZ15683136Y78409408X1097612544Difficultsoma_pred_affs/5639 with read ROI [6416:7984, 2960:4528, 6992:8560] (1568, 1568, 1568) and write ROI [6912:7488, 3456:4032, 7488:8064] (576, 576, 576)
Recording block-done for octoS0SubroiZ15683136Y78409408X1097612544Difficultsoma_pred_affs/3856 with read ROI [6416:7984, 3536:5104, 4112:5680] (1568, 1568, 1568) and write ROI [6912:7488, 4032:4608, 4608:5184] (576, 576, 576)
Recorded block-done for octoS0SubroiZ15683136Y78409408X1097612544Difficultsoma_pred_affs/3856 with read ROI [6416:7984, 3536:5104, 4112:5680] (1568, 1568, 1568) and write ROI [6912:7488, 4032:4608, 4608:5184] (576, 576, 576)
Recording block-done for octoS0SubroiZ15683136Y78409408X1097612544Difficultsoma_pred_affs/3108 with read ROI [6416:7984, 2960:4528, 3536:5104] (1568, 1568, 1568) and write ROI [6912:7488, 3456:4032, 4032:4608] (576, 576, 576)
Recorded block-done for octoS0SubroiZ15683136Y78409408X1097612544Difficultsoma_pred_affs/3108 with read ROI [6416:7984, 2960:4528, 3536:5104] (1568, 1568, 1568) and write ROI [6912:7488, 3456:4032, 4032:4608] (576, 576, 576)
Recording block-done for octoS0SubroiZ15683136Y78409408X1097612544Difficultsoma_pred_affs/1742 with read ROI [6416:7984, 3536:5104, 80:1648] (1568, 1568, 1568) and write ROI [6912:7488, 4032:4608, 576:1152] (576, 576, 576)
Recorded block-done for octoS0SubroiZ15683136Y78409408X1097612544Difficultsoma_pred_affs/1742 with read ROI [6416:7984, 3536:5104, 80:1648] (1568, 1568, 1568) and write ROI [6912:7488, 4032:4608, 576:1152] (576, 576, 576)
Recording block-done for octoS0SubroiZ15683136Y78409408X1097612544Difficultsoma_pred_affs/1993 with read ROI [6416:7984, 4112:5680, 80:1648] (1568, 1568, 1568) and write ROI [6912:7488, 4608:5184, 576:1152] (576, 576, 576)
Recorded block-done for octoS0SubroiZ15683136Y78409408X1097612544Difficultsoma_pred_affs/1993 with read ROI [6416:7984, 4112:5680, 80:1648] (1568, 1568, 1568) and write ROI [6912:7488, 4608:5184, 576:1152] (576, 576, 576)
Recording block-done for octoS0SubroiZ15683136Y78409408X1097612544Difficultsoma_pred_affs/4282 with read ROI [6416:7984, 4112:5680, 4112:5680] (1568, 1568, 1568) and write ROI [6912:7488, 4608:5184, 4608:5184] (576, 576, 576)
Recorded block-done for octoS0SubroiZ15683136Y78409408X1097612544Difficultsoma_pred_affs/4282 with read ROI [6416:7984, 4112:5680, 4112:5680] (1568, 1568, 1568) and write ROI [6912:7488, 4608:5184, 4608:5184] (576, 576, 576)
Recording block-done for octoS0SubroiZ15683136Y78409408X1097612544Difficultsoma_pred_affs/5678 with read ROI [6416:7984, 4112:5680, 5840:7408] (1568, 1568, 1568) and write ROI [6912:7488, 4608:5184, 6336:6912] (576, 576, 576)
Recorded block-done for octoS0SubroiZ15683136Y78409408X1097612544Difficultsoma_pred_affs/5678 with read ROI [6416:7984, 4112:5680, 5840:7408] (1568, 1568, 1568) and write ROI [6912:7488, 4608:5184, 6336:6912] (576, 576, 576)
Recording block-done for octoS0SubroiZ15683136Y78409408X1097612544Difficultsoma_pred_affs/4717 with read ROI [6416:7984, 4112:5680, 4688:6256] (1568, 1568, 1568) and write ROI [6912:7488, 4608:5184, 5184:5760] (576, 576, 576)
Recorded block-done for octoS0SubroiZ15683136Y78409408X1097612544Difficultsoma_pred_affs/4717 with read ROI [6416:7984, 4112:5680, 4688:6256] (1568, 1568, 1568) and write ROI [6912:7488, 4608:5184, 5184:5760] (576, 576, 576)
Recording block-done for octoS0SubroiZ15683136Y78409408X1097612544Difficultsoma_pred_affs/9382 with read ROI [6416:7984, 4688:6256, 8720:10288] (1568, 1568, 1568) and write ROI [6912:7488, 5184:5760, 9216:9792] (576, 576, 576)
Recorded block-done for octoS0SubroiZ15683136Y78409408X1097612544Difficultsoma_pred_affs/9382 with read ROI [6416:7984, 4688:6256, 8720:10288] (1568, 1568, 1568) and write ROI [6912:7488, 5184:5760, 9216:9792] (576, 576, 576)
Recording block-done for octoS0SubroiZ15683136Y78409408X1097612544Difficultsoma_pred_affs/3519 with read ROI [6416:7984, 4688:6256, 2384:3952] (1568, 1568, 1568) and write ROI [6912:7488, 5184:5760, 2880:3456] (576, 576, 576)
Recorded block-done for octoS0SubroiZ15683136Y78409408X1097612544Difficultsoma_pred_affs/3519 with read ROI [6416:7984, 4688:6256, 2384:3952] (1568, 1568, 1568) and write ROI [6912:7488, 5184:5760, 2880:3456] (576, 576, 576)
Recording block-done for octoS0SubroiZ15683136Y78409408X1097612544Difficultsoma_pred_affs/7362 with read ROI [6416:7984, 4112:5680, 7568:9136] (1568, 1568, 1568) and write ROI [6912:7488, 4608:5184, 8064:8640] (576, 576, 576)
Recorded block-done for octoS0SubroiZ15683136Y78409408X1097612544Difficultsoma_pred_affs/7362 with read ROI [6416:7984, 4112:5680, 7568:9136] (1568, 1568, 1568) and write ROI [6912:7488, 4608:5184, 8064:8640] (576, 576, 576)
Recording block-done for octoS0SubroiZ15683136Y78409408X1097612544Difficultsoma_pred_affs/8013 with read ROI [6416:7984, 4688:6256, 7568:9136] (1568, 1568, 1568) and write ROI [6912:7488, 5184:5760, 8064:8640] (576, 576, 576)
Recorded block-done for octoS0SubroiZ15683136Y78409408X1097612544Difficultsoma_pred_affs/8013 with read ROI [6416:7984, 4688:6256, 7568:9136] (1568, 1568, 1568) and write ROI [6912:7488, 5184:5760, 8064:8640] (576, 576, 576)
Recording block-done for octoS0SubroiZ15683136Y78409408X1097612544Difficultsoma_pred_affs/3190 with read ROI [6416:7984, 5264:6832, 1232:2800] (1568, 1568, 1568) and write ROI [6912:7488, 5760:6336, 1728:2304] (576, 576, 576)
Recorded block-done for octoS0SubroiZ15683136Y78409408X1097612544Difficultsoma_pred_affs/3190 with read ROI [6416:7984, 5264:6832, 1232:2800] (1568, 1568, 1568) and write ROI [6912:7488, 5760:6336, 1728:2304] (576, 576, 576)
Recording block-done for octoS0SubroiZ15683136Y78409408X1097612544Difficultsoma_pred_affs/6249 with read ROI [6416:7984, 5264:6832, 5264:6832] (1568, 1568, 1568) and write ROI [6912:7488, 5760:6336, 5760:6336] (576, 576, 576)
Recorded block-done for octoS0SubroiZ15683136Y78409408X1097612544Difficultsoma_pred_affs/6249 with read ROI [6416:7984, 5264:6832, 5264:6832] (1568, 1568, 1568) and write ROI [6912:7488, 5760:6336, 5760:6336] (576, 576, 576)
Recording block-done for octoS0SubroiZ15683136Y78409408X1097612544Difficultsoma_pred_affs/11745 with read ROI [6416:7984, 5264:6832, 9872:11440] (1568, 1568, 1568) and write ROI [6912:7488, 5760:6336, 10368:10944] (576, 576, 576)
Recorded block-done for octoS0SubroiZ15683136Y78409408X1097612544Difficultsoma_pred_affs/11745 with read ROI [6416:7984, 5264:6832, 9872:11440] (1568, 1568, 1568) and write ROI [6912:7488, 5760:6336, 10368:10944] (576, 576, 576)
Recording block-done for octoS0SubroiZ15683136Y78409408X1097612544Difficultsoma_pred_affs/4348 with read ROI [6416:7984, 5840:7408, 2384:3952] (1568, 1568, 1568) and write ROI [6912:7488, 6336:6912, 2880:3456] (576, 576, 576)
Recorded block-done for octoS0SubroiZ15683136Y78409408X1097612544Difficultsoma_pred_affs/4348 with read ROI [6416:7984, 5840:7408, 2384:3952] (1568, 1568, 1568) and write ROI [6912:7488, 6336:6912, 2880:3456] (576, 576, 576)
Recording block-done for octoS0SubroiZ15683136Y78409408X1097612544Difficultsoma_pred_affs/9404 with read ROI [6416:7984, 5264:6832, 8144:9712] (1568, 1568, 1568) and write ROI [6912:7488, 5760:6336, 8640:9216] (576, 576, 576)
Recorded block-done for octoS0SubroiZ15683136Y78409408X1097612544Difficultsoma_pred_affs/9404 with read ROI [6416:7984, 5264:6832, 8144:9712] (1568, 1568, 1568) and write ROI [6912:7488, 5760:6336, 8640:9216] (576, 576, 576)
Recording block-done for octoS0SubroiZ15683136Y78409408X1097612544Difficultsoma_pred_affs/6272 with read ROI [6416:7984, 5840:7408, 4688:6256] (1568, 1568, 1568) and write ROI [6912:7488, 6336:6912, 5184:5760] (576, 576, 576)
Recorded block-done for octoS0SubroiZ15683136Y78409408X1097612544Difficultsoma_pred_affs/6272 with read ROI [6416:7984, 5840:7408, 4688:6256] (1568, 1568, 1568) and write ROI [6912:7488, 6336:6912, 5184:5760] (576, 576, 576)
Recording block-done for octoS0SubroiZ15683136Y78409408X1097612544Difficultsoma_pred_affs/8724 with read ROI [6416:7984, 5840:7408, 6992:8560] (1568, 1568, 1568) and write ROI [6912:7488, 6336:6912, 7488:8064] (576, 576, 576)
Recorded block-done for octoS0SubroiZ15683136Y78409408X1097612544Difficultsoma_pred_affs/8724 with read ROI [6416:7984, 5840:7408, 6992:8560] (1568, 1568, 1568) and write ROI [6912:7488, 6336:6912, 7488:8064] (576, 576, 576)
Recording block-done for octoS0SubroiZ15683136Y78409408X1097612544Difficultsoma_pred_affs/6296 with read ROI [6416:7984, 6416:7984, 4112:5680] (1568, 1568, 1568) and write ROI [6912:7488, 6912:7488, 4608:5184] (576, 576, 576)
Recorded block-done for octoS0SubroiZ15683136Y78409408X1097612544Difficultsoma_pred_affs/6296 with read ROI [6416:7984, 6416:7984, 4112:5680] (1568, 1568, 1568) and write ROI [6912:7488, 6912:7488, 4608:5184] (576, 576, 576)
Recording block-done for octoS0SubroiZ15683136Y78409408X1097612544Difficultsoma_pred_affs/8082 with read ROI [6416:7984, 6416:7984, 5840:7408] (1568, 1568, 1568) and write ROI [6912:7488, 6912:7488, 6336:6912] (576, 576, 576)
Recorded block-done for octoS0SubroiZ15683136Y78409408X1097612544Difficultsoma_pred_affs/8082 with read ROI [6416:7984, 6416:7984, 5840:7408] (1568, 1568, 1568) and write ROI [6912:7488, 6912:7488, 6336:6912] (576, 576, 576)
Recording block-done for octoS0SubroiZ15683136Y78409408X1097612544Difficultsoma_pred_affs/4807 with read ROI [6416:7984, 6416:7984, 2384:3952] (1568, 1568, 1568) and write ROI [6912:7488, 6912:7488, 2880:3456] (576, 576, 576)
Recorded block-done for octoS0SubroiZ15683136Y78409408X1097612544Difficultsoma_pred_affs/4807 with read ROI [6416:7984, 6416:7984, 2384:3952] (1568, 1568, 1568) and write ROI [6912:7488, 6912:7488, 2880:3456] (576, 576, 576)
Recording block-done for octoS0SubroiZ15683136Y78409408X1097612544Difficultsoma_pred_affs/10192 with read ROI [6416:7984, 6416:7984, 7568:9136] (1568, 1568, 1568) and write ROI [6912:7488, 6912:7488, 8064:8640] (576, 576, 576)
Recorded block-done for octoS0SubroiZ15683136Y78409408X1097612544Difficultsoma_pred_affs/10192 with read ROI [6416:7984, 6416:7984, 7568:9136] (1568, 1568, 1568) and write ROI [6912:7488, 6912:7488, 8064:8640] (576, 576, 576)
Recording block-done for octoS0SubroiZ15683136Y78409408X1097612544Difficultsoma_pred_affs/4832 with read ROI [6416:7984, 6992:8560, 1808:3376] (1568, 1568, 1568) and write ROI [6912:7488, 7488:8064, 2304:2880] (576, 576, 576)
Recorded block-done for octoS0SubroiZ15683136Y78409408X1097612544Difficultsoma_pred_affs/4832 with read ROI [6416:7984, 6992:8560, 1808:3376] (1568, 1568, 1568) and write ROI [6912:7488, 7488:8064, 2304:2880] (576, 576, 576)
Recording block-done for octoS0SubroiZ15683136Y78409408X1097612544Difficultsoma_pred_affs/5323 with read ROI [6416:7984, 7568:9136, 1808:3376] (1568, 1568, 1568) and write ROI [6912:7488, 8064:8640, 2304:2880] (576, 576, 576)
Recorded block-done for octoS0SubroiZ15683136Y78409408X1097612544Difficultsoma_pred_affs/5323 with read ROI [6416:7984, 7568:9136, 1808:3376] (1568, 1568, 1568) and write ROI [6912:7488, 8064:8640, 2304:2880] (576, 576, 576)
Recording block-done for octoS0SubroiZ15683136Y78409408X1097612544Difficultsoma_pred_affs/12678 with read ROI [6416:7984, 6992:8560, 8720:10288] (1568, 1568, 1568) and write ROI [6912:7488, 7488:8064, 9216:9792] (576, 576, 576)
Recorded block-done for octoS0SubroiZ15683136Y78409408X1097612544Difficultsoma_pred_affs/12678 with read ROI [6416:7984, 6992:8560, 8720:10288] (1568, 1568, 1568) and write ROI [6912:7488, 7488:8064, 9216:9792] (576, 576, 576)
Recording block-done for octoS0SubroiZ15683136Y78409408X1097612544Difficultsoma_pred_affs/15517 with read ROI [6416:7984, 6992:8560, 10448:12016] (1568, 1568, 1568) and write ROI [6912:7488, 7488:8064, 10944:11520] (576, 576, 576)
Recorded block-done for octoS0SubroiZ15683136Y78409408X1097612544Difficultsoma_pred_affs/15517 with read ROI [6416:7984, 6992:8560, 10448:12016] (1568, 1568, 1568) and write ROI [6912:7488, 7488:8064, 10944:11520] (576, 576, 576)
Recording block-done for octoS0SubroiZ15683136Y78409408X1097612544Difficultsoma_pred_affs/6374 with read ROI [6416:7984, 8144:9712, 2384:3952] (1568, 1568, 1568) and write ROI [6912:7488, 8640:9216, 2880:3456] (576, 576, 576)
Recorded block-done for octoS0SubroiZ15683136Y78409408X1097612544Difficultsoma_pred_affs/6374 with read ROI [6416:7984, 8144:9712, 2384:3952] (1568, 1568, 1568) and write ROI [6912:7488, 8640:9216, 2880:3456] (576, 576, 576)
Recording block-done for octoS0SubroiZ15683136Y78409408X1097612544Difficultsoma_pred_affs/11023 with read ROI [6416:7984, 7568:9136, 6992:8560] (1568, 1568, 1568) and write ROI [6912:7488, 8064:8640, 7488:8064] (576, 576, 576)
Recorded block-done for octoS0SubroiZ15683136Y78409408X1097612544Difficultsoma_pred_affs/11023 with read ROI [6416:7984, 7568:9136, 6992:8560] (1568, 1568, 1568) and write ROI [6912:7488, 8064:8640, 7488:8064] (576, 576, 576)
Recording block-done for octoS0SubroiZ15683136Y78409408X1097612544Difficultsoma_pred_affs/17686 with read ROI [6416:7984, 8144:9712, 10448:12016] (1568, 1568, 1568) and write ROI [6912:7488, 8640:9216, 10944:11520] (576, 576, 576)
Recorded block-done for octoS0SubroiZ15683136Y78409408X1097612544Difficultsoma_pred_affs/17686 with read ROI [6416:7984, 8144:9712, 10448:12016] (1568, 1568, 1568) and write ROI [6912:7488, 8640:9216, 10944:11520] (576, 576, 576)
Recording block-done for octoS0SubroiZ15683136Y78409408X1097612544Difficultsoma_pred_affs/5874 with read ROI [6416:7984, 8720:10288, 1232:2800] (1568, 1568, 1568) and write ROI [6912:7488, 9216:9792, 1728:2304] (576, 576, 576)
Recorded block-done for octoS0SubroiZ15683136Y78409408X1097612544Difficultsoma_pred_affs/5874 with read ROI [6416:7984, 8720:10288, 1232:2800] (1568, 1568, 1568) and write ROI [6912:7488, 9216:9792, 1728:2304] (576, 576, 576)
Recording block-done for octoS0SubroiZ15683136Y78409408X1097612544Difficultsoma_pred_affs/5378 with read ROI [6416:7984, 8720:10288, 656:2224] (1568, 1568, 1568) and write ROI [6912:7488, 9216:9792, 1152:1728] (576, 576, 576)
Recorded block-done for octoS0SubroiZ15683136Y78409408X1097612544Difficultsoma_pred_affs/5378 with read ROI [6416:7984, 8720:10288, 656:2224] (1568, 1568, 1568) and write ROI [6912:7488, 9216:9792, 1152:1728] (576, 576, 576)
Recording block-done for octoS0SubroiZ15683136Y78409408X1097612544Difficultsoma_pred_affs/10298 with read ROI [6416:7984, 8720:10288, 5264:6832] (1568, 1568, 1568) and write ROI [6912:7488, 9216:9792, 5760:6336] (576, 576, 576)
Recorded block-done for octoS0SubroiZ15683136Y78409408X1097612544Difficultsoma_pred_affs/10298 with read ROI [6416:7984, 8720:10288, 5264:6832] (1568, 1568, 1568) and write ROI [6912:7488, 9216:9792, 5760:6336] (576, 576, 576)
Recording block-done for octoS0SubroiZ15683136Y78409408X1097612544Difficultsoma_pred_affs/6992 with read ROI [6416:7984, 9296:10864, 1808:3376] (1568, 1568, 1568) and write ROI [6912:7488, 9792:10368, 2304:2880] (576, 576, 576)
Recorded block-done for octoS0SubroiZ15683136Y78409408X1097612544Difficultsoma_pred_affs/6992 with read ROI [6416:7984, 9296:10864, 1808:3376] (1568, 1568, 1568) and write ROI [6912:7488, 9792:10368, 2304:2880] (576, 576, 576)
Recording block-done for octoS0SubroiZ15683136Y78409408X1097612544Difficultsoma_pred_affs/10327 with read ROI [6416:7984, 9296:10864, 4688:6256] (1568, 1568, 1568) and write ROI [6912:7488, 9792:10368, 5184:5760] (576, 576, 576)
Recorded block-done for octoS0SubroiZ15683136Y78409408X1097612544Difficultsoma_pred_affs/10327 with read ROI [6416:7984, 9296:10864, 4688:6256] (1568, 1568, 1568) and write ROI [6912:7488, 9792:10368, 5184:5760] (576, 576, 576)
Recording block-done for octoS0SubroiZ15683136Y78409408X1097612544Difficultsoma_pred_affs/11927 with read ROI [6416:7984, 9296:10864, 5840:7408] (1568, 1568, 1568) and write ROI [6912:7488, 9792:10368, 6336:6912] (576, 576, 576)
Recorded block-done for octoS0SubroiZ15683136Y78409408X1097612544Difficultsoma_pred_affs/11927 with read ROI [6416:7984, 9296:10864, 5840:7408] (1568, 1568, 1568) and write ROI [6912:7488, 9792:10368, 6336:6912] (576, 576, 576)
Recording block-done for octoS0SubroiZ15683136Y78409408X1097612544Difficultsoma_pred_affs/16662 with read ROI [6416:7984, 9296:10864, 8720:10288] (1568, 1568, 1568) and write ROI [6912:7488, 9792:10368, 9216:9792] (576, 576, 576)
Recorded block-done for octoS0SubroiZ15683136Y78409408X1097612544Difficultsoma_pred_affs/16662 with read ROI [6416:7984, 9296:10864, 8720:10288] (1568, 1568, 1568) and write ROI [6912:7488, 9792:10368, 9216:9792] (576, 576, 576)
Recording block-done for octoS0SubroiZ15683136Y78409408X1097612544Difficultsoma_pred_affs/13691 with read ROI [6416:7984, 9296:10864, 6992:8560] (1568, 1568, 1568) and write ROI [6912:7488, 9792:10368, 7488:8064] (576, 576, 576)
Recorded block-done for octoS0SubroiZ15683136Y78409408X1097612544Difficultsoma_pred_affs/13691 with read ROI [6416:7984, 9296:10864, 6992:8560] (1568, 1568, 1568) and write ROI [6912:7488, 9792:10368, 7488:8064] (576, 576, 576)
Recording block-done for octoS0SubroiZ15683136Y78409408X1097612544Difficultsoma_pred_affs/10357 with read ROI [6416:7984, 9872:11440, 4112:5680] (1568, 1568, 1568) and write ROI [6912:7488, 10368:10944, 4608:5184] (576, 576, 576)
Recorded block-done for octoS0SubroiZ15683136Y78409408X1097612544Difficultsoma_pred_affs/10357 with read ROI [6416:7984, 9872:11440, 4112:5680] (1568, 1568, 1568) and write ROI [6912:7488, 10368:10944, 4608:5184] (576, 576, 576)
Recording block-done for octoS0SubroiZ15683136Y78409408X1097612544Difficultsoma_pred_affs/20077 with read ROI [6416:7984, 9872:11440, 9872:11440] (1568, 1568, 1568) and write ROI [6912:7488, 10368:10944, 10368:10944] (576, 576, 576)
Recorded block-done for octoS0SubroiZ15683136Y78409408X1097612544Difficultsoma_pred_affs/20077 with read ROI [6416:7984, 9872:11440, 9872:11440] (1568, 1568, 1568) and write ROI [6912:7488, 10368:10944, 10368:10944] (576, 576, 576)
Recording block-done for octoS0SubroiZ15683136Y78409408X1097612544Difficultsoma_pred_affs/16692 with read ROI [6416:7984, 9872:11440, 8144:9712] (1568, 1568, 1568) and write ROI [6912:7488, 10368:10944, 8640:9216] (576, 576, 576)
Recorded block-done for octoS0SubroiZ15683136Y78409408X1097612544Difficultsoma_pred_affs/16692 with read ROI [6416:7984, 9872:11440, 8144:9712] (1568, 1568, 1568) and write ROI [6912:7488, 10368:10944, 8640:9216] (576, 576, 576)
Recording block-done for octoS0SubroiZ15683136Y78409408X1097612544Difficultsoma_pred_affs/9647 with read ROI [6416:7984, 10448:12016, 2960:4528] (1568, 1568, 1568) and write ROI [6912:7488, 10944:11520, 3456:4032] (576, 576, 576)
Recorded block-done for octoS0SubroiZ15683136Y78409408X1097612544Difficultsoma_pred_affs/9647 with read ROI [6416:7984, 10448:12016, 2960:4528] (1568, 1568, 1568) and write ROI [6912:7488, 10944:11520, 3456:4032] (576, 576, 576)
Recording block-done for octoS0SubroiZ15683136Y78409408X1097612544Difficultsoma_pred_affs/22608 with read ROI [6416:7984, 10448:12016, 10448:12016] (1568, 1568, 1568) and write ROI [6912:7488, 10944:11520, 10944:11520] (576, 576, 576)
Recorded block-done for octoS0SubroiZ15683136Y78409408X1097612544Difficultsoma_pred_affs/22608 with read ROI [6416:7984, 10448:12016, 10448:12016] (1568, 1568, 1568) and write ROI [6912:7488, 10944:11520, 10944:11520] (576, 576, 576)
Recording block-done for octoS0SubroiZ15683136Y78409408X1097612544Difficultsoma_pred_affs/949 with read ROI [6992:8560, 656:2224, 80:1648] (1568, 1568, 1568) and write ROI [7488:8064, 1152:1728, 576:1152] (576, 576, 576)
Recorded block-done for octoS0SubroiZ15683136Y78409408X1097612544Difficultsoma_pred_affs/949 with read ROI [6992:8560, 656:2224, 80:1648] (1568, 1568, 1568) and write ROI [7488:8064, 1152:1728, 576:1152] (576, 576, 576)
Recording block-done for octoS0SubroiZ15683136Y78409408X1097612544Difficultsoma_pred_affs/2718 with read ROI [6992:8560, 80:1648, 5264:6832] (1568, 1568, 1568) and write ROI [7488:8064, 576:1152, 5760:6336] (576, 576, 576)
Recorded block-done for octoS0SubroiZ15683136Y78409408X1097612544Difficultsoma_pred_affs/2718 with read ROI [6992:8560, 80:1648, 5264:6832] (1568, 1568, 1568) and write ROI [7488:8064, 576:1152, 5760:6336] (576, 576, 576)
Recording block-done for octoS0SubroiZ15683136Y78409408X1097612544Difficultsoma_pred_affs/5078 with read ROI [6992:8560, 80:1648, 8720:10288] (1568, 1568, 1568) and write ROI [7488:8064, 576:1152, 9216:9792] (576, 576, 576)
Recorded block-done for octoS0SubroiZ15683136Y78409408X1097612544Difficultsoma_pred_affs/5078 with read ROI [6992:8560, 80:1648, 8720:10288] (1568, 1568, 1568) and write ROI [7488:8064, 576:1152, 9216:9792] (576, 576, 576)
Recording block-done for octoS0SubroiZ15683136Y78409408X1097612544Difficultsoma_pred_affs/3772 with read ROI [6992:8560, 80:1648, 6992:8560] (1568, 1568, 1568) and write ROI [7488:8064, 576:1152, 7488:8064] (576, 576, 576)
Recorded block-done for octoS0SubroiZ15683136Y78409408X1097612544Difficultsoma_pred_affs/3772 with read ROI [6992:8560, 80:1648, 6992:8560] (1568, 1568, 1568) and write ROI [7488:8064, 576:1152, 7488:8064] (576, 576, 576)
Recording block-done for octoS0SubroiZ15683136Y78409408X1097612544Difficultsoma_pred_affs/1889 with read ROI [6992:8560, 80:1648, 3536:5104] (1568, 1568, 1568) and write ROI [7488:8064, 576:1152, 4032:4608] (576, 576, 576)
Recorded block-done for octoS0SubroiZ15683136Y78409408X1097612544Difficultsoma_pred_affs/1889 with read ROI [6992:8560, 80:1648, 3536:5104] (1568, 1568, 1568) and write ROI [7488:8064, 576:1152, 4032:4608] (576, 576, 576)
Recording block-done for octoS0SubroiZ15683136Y78409408X1097612544Difficultsoma_pred_affs/6678 with read ROI [6992:8560, 656:2224, 9872:11440] (1568, 1568, 1568) and write ROI [7488:8064, 1152:1728, 10368:10944] (576, 576, 576)
Recorded block-done for octoS0SubroiZ15683136Y78409408X1097612544Difficultsoma_pred_affs/6678 with read ROI [6992:8560, 656:2224, 9872:11440] (1568, 1568, 1568) and write ROI [7488:8064, 1152:1728, 10368:10944] (576, 576, 576)
Recording block-done for octoS0SubroiZ15683136Y78409408X1097612544Difficultsoma_pred_affs/1289 with read ROI [6992:8560, 1232:2800, 656:2224] (1568, 1568, 1568) and write ROI [7488:8064, 1728:2304, 1152:1728] (576, 576, 576)
Recorded block-done for octoS0SubroiZ15683136Y78409408X1097612544Difficultsoma_pred_affs/1289 with read ROI [6992:8560, 1232:2800, 656:2224] (1568, 1568, 1568) and write ROI [7488:8064, 1728:2304, 1152:1728] (576, 576, 576)
Recording block-done for octoS0SubroiZ15683136Y78409408X1097612544Difficultsoma_pred_affs/3425 with read ROI [6992:8560, 1232:2800, 5264:6832] (1568, 1568, 1568) and write ROI [7488:8064, 1728:2304, 5760:6336] (576, 576, 576)
Recorded block-done for octoS0SubroiZ15683136Y78409408X1097612544Difficultsoma_pred_affs/3425 with read ROI [6992:8560, 1232:2800, 5264:6832] (1568, 1568, 1568) and write ROI [7488:8064, 1728:2304, 5760:6336] (576, 576, 576)
Recording block-done for octoS0SubroiZ15683136Y78409408X1097612544Difficultsoma_pred_affs/4209 with read ROI [6992:8560, 1232:2800, 6416:7984] (1568, 1568, 1568) and write ROI [7488:8064, 1728:2304, 6912:7488] (576, 576, 576)
Recorded block-done for octoS0SubroiZ15683136Y78409408X1097612544Difficultsoma_pred_affs/4209 with read ROI [6992:8560, 1232:2800, 6416:7984] (1568, 1568, 1568) and write ROI [7488:8064, 1728:2304, 6912:7488] (576, 576, 576)
Recording block-done for octoS0SubroiZ15683136Y78409408X1097612544Difficultsoma_pred_affs/6133 with read ROI [6992:8560, 1232:2800, 8720:10288] (1568, 1568, 1568) and write ROI [7488:8064, 1728:2304, 9216:9792] (576, 576, 576)
Recorded block-done for octoS0SubroiZ15683136Y78409408X1097612544Difficultsoma_pred_affs/6133 with read ROI [6992:8560, 1232:2800, 8720:10288] (1568, 1568, 1568) and write ROI [7488:8064, 1728:2304, 9216:9792] (576, 576, 576)
Recording block-done for octoS0SubroiZ15683136Y78409408X1097612544Difficultsoma_pred_affs/2190 with read ROI [6992:8560, 1808:3376, 2384:3952] (1568, 1568, 1568) and write ROI [7488:8064, 2304:2880, 2880:3456] (576, 576, 576)
Recorded block-done for octoS0SubroiZ15683136Y78409408X1097612544Difficultsoma_pred_affs/2190 with read ROI [6992:8560, 1808:3376, 2384:3952] (1568, 1568, 1568) and write ROI [7488:8064, 2304:2880, 2880:3456] (576, 576, 576)
Recording block-done for octoS0SubroiZ15683136Y78409408X1097612544Difficultsoma_pred_affs/3091 with read ROI [6992:8560, 1808:3376, 4112:5680] (1568, 1568, 1568) and write ROI [7488:8064, 2304:2880, 4608:5184] (576, 576, 576)
Recorded block-done for octoS0SubroiZ15683136Y78409408X1097612544Difficultsoma_pred_affs/3091 with read ROI [6992:8560, 1808:3376, 4112:5680] (1568, 1568, 1568) and write ROI [7488:8064, 2304:2880, 4608:5184] (576, 576, 576)
Recording block-done for octoS0SubroiZ15683136Y78409408X1097612544Difficultsoma_pred_affs/4661 with read ROI [6992:8560, 1808:3376, 6416:7984] (1568, 1568, 1568) and write ROI [7488:8064, 2304:2880, 6912:7488] (576, 576, 576)
Recorded block-done for octoS0SubroiZ15683136Y78409408X1097612544Difficultsoma_pred_affs/4661 with read ROI [6992:8560, 1808:3376, 6416:7984] (1568, 1568, 1568) and write ROI [7488:8064, 2304:2880, 6912:7488] (576, 576, 576)
Recording block-done for octoS0SubroiZ15683136Y78409408X1097612544Difficultsoma_pred_affs/5622 with read ROI [6992:8560, 1808:3376, 7568:9136] (1568, 1568, 1568) and write ROI [7488:8064, 2304:2880, 8064:8640] (576, 576, 576)
Recorded block-done for octoS0SubroiZ15683136Y78409408X1097612544Difficultsoma_pred_affs/5622 with read ROI [6992:8560, 1808:3376, 7568:9136] (1568, 1568, 1568) and write ROI [7488:8064, 2304:2880, 8064:8640] (576, 576, 576)
Recording block-done for octoS0SubroiZ15683136Y78409408X1097612544Difficultsoma_pred_affs/3838 with read ROI [6992:8560, 2384:3952, 4688:6256] (1568, 1568, 1568) and write ROI [7488:8064, 2880:3456, 5184:5760] (576, 576, 576)
Recorded block-done for octoS0SubroiZ15683136Y78409408X1097612544Difficultsoma_pred_affs/3838 with read ROI [6992:8560, 2384:3952, 4688:6256] (1568, 1568, 1568) and write ROI [7488:8064, 2880:3456, 5184:5760] (576, 576, 576)
Recording block-done for octoS0SubroiZ15683136Y78409408X1097612544Difficultsoma_pred_affs/2784 with read ROI [6992:8560, 2384:3952, 2960:4528] (1568, 1568, 1568) and write ROI [7488:8064, 2880:3456, 3456:4032] (576, 576, 576)
Recorded block-done for octoS0SubroiZ15683136Y78409408X1097612544Difficultsoma_pred_affs/2784 with read ROI [6992:8560, 2384:3952, 2960:4528] (1568, 1568, 1568) and write ROI [7488:8064, 2880:3456, 3456:4032] (576, 576, 576)
Recording block-done for octoS0SubroiZ15683136Y78409408X1097612544Difficultsoma_pred_affs/7324 with read ROI [6992:8560, 2384:3952, 8720:10288] (1568, 1568, 1568) and write ROI [7488:8064, 2880:3456, 9216:9792] (576, 576, 576)
Recorded block-done for octoS0SubroiZ15683136Y78409408X1097612544Difficultsoma_pred_affs/7324 with read ROI [6992:8560, 2384:3952, 8720:10288] (1568, 1568, 1568) and write ROI [7488:8064, 2880:3456, 9216:9792] (576, 576, 576)
Recording block-done for octoS0SubroiZ15683136Y78409408X1097612544Difficultsoma_pred_affs/6729 with read ROI [6992:8560, 2384:3952, 8144:9712] (1568, 1568, 1568) and write ROI [7488:8064, 2880:3456, 8640:9216] (576, 576, 576)
Recorded block-done for octoS0SubroiZ15683136Y78409408X1097612544Difficultsoma_pred_affs/6729 with read ROI [6992:8560, 2384:3952, 8144:9712] (1568, 1568, 1568) and write ROI [7488:8064, 2880:3456, 8640:9216] (576, 576, 576)
Recording block-done for octoS0SubroiZ15683136Y78409408X1097612544Difficultsoma_pred_affs/8639 with read ROI [6992:8560, 2960:4528, 9296:10864] (1568, 1568, 1568) and write ROI [7488:8064, 3456:4032, 9792:10368] (576, 576, 576)
Recorded block-done for octoS0SubroiZ15683136Y78409408X1097612544Difficultsoma_pred_affs/8639 with read ROI [6992:8560, 2960:4528, 9296:10864] (1568, 1568, 1568) and write ROI [7488:8064, 3456:4032, 9792:10368] (576, 576, 576)
Recording block-done for octoS0SubroiZ15683136Y78409408X1097612544Difficultsoma_pred_affs/1994 with read ROI [6992:8560, 3536:5104, 80:1648] (1568, 1568, 1568) and write ROI [7488:8064, 4032:4608, 576:1152] (576, 576, 576)
Recorded block-done for octoS0SubroiZ15683136Y78409408X1097612544Difficultsoma_pred_affs/1994 with read ROI [6992:8560, 3536:5104, 80:1648] (1568, 1568, 1568) and write ROI [7488:8064, 4032:4608, 576:1152] (576, 576, 576)
Recording block-done for octoS0SubroiZ15683136Y78409408X1097612544Difficultsoma_pred_affs/3148 with read ROI [6992:8560, 3536:5104, 2384:3952] (1568, 1568, 1568) and write ROI [7488:8064, 4032:4608, 2880:3456] (576, 576, 576)
Recorded block-done for octoS0SubroiZ15683136Y78409408X1097612544Difficultsoma_pred_affs/3148 with read ROI [6992:8560, 3536:5104, 2384:3952] (1568, 1568, 1568) and write ROI [7488:8064, 4032:4608, 2880:3456] (576, 576, 576)
Recording block-done for octoS0SubroiZ15683136Y78409408X1097612544Difficultsoma_pred_affs/3128 with read ROI [6992:8560, 2960:4528, 2960:4528] (1568, 1568, 1568) and write ROI [7488:8064, 3456:4032, 3456:4032] (576, 576, 576)
Recorded block-done for octoS0SubroiZ15683136Y78409408X1097612544Difficultsoma_pred_affs/3128 with read ROI [6992:8560, 2960:4528, 2960:4528] (1568, 1568, 1568) and write ROI [7488:8064, 3456:4032, 3456:4032] (576, 576, 576)
Recording block-done for octoS0SubroiZ15683136Y78409408X1097612544Difficultsoma_pred_affs/6748 with read ROI [6992:8560, 2960:4528, 7568:9136] (1568, 1568, 1568) and write ROI [7488:8064, 3456:4032, 8064:8640] (576, 576, 576)
Recorded block-done for octoS0SubroiZ15683136Y78409408X1097612544Difficultsoma_pred_affs/6748 with read ROI [6992:8560, 2960:4528, 7568:9136] (1568, 1568, 1568) and write ROI [7488:8064, 3456:4032, 8064:8640] (576, 576, 576)
Recording block-done for octoS0SubroiZ15683136Y78409408X1097612544Difficultsoma_pred_affs/3898 with read ROI [6992:8560, 4112:5680, 2960:4528] (1568, 1568, 1568) and write ROI [7488:8064, 4608:5184, 3456:4032] (576, 576, 576)
Recorded block-done for octoS0SubroiZ15683136Y78409408X1097612544Difficultsoma_pred_affs/3898 with read ROI [6992:8560, 4112:5680, 2960:4528] (1568, 1568, 1568) and write ROI [7488:8064, 4608:5184, 3456:4032] (576, 576, 576)
Recording block-done for octoS0SubroiZ15683136Y78409408X1097612544Difficultsoma_pred_affs/10883 with read ROI [6992:8560, 3536:5104, 10448:12016] (1568, 1568, 1568) and write ROI [7488:8064, 4032:4608, 10944:11520] (576, 576, 576)
Recorded block-done for octoS0SubroiZ15683136Y78409408X1097612544Difficultsoma_pred_affs/10883 with read ROI [6992:8560, 3536:5104, 10448:12016] (1568, 1568, 1568) and write ROI [7488:8064, 4032:4608, 10944:11520] (576, 576, 576)
Recording block-done for octoS0SubroiZ15683136Y78409408X1097612544Difficultsoma_pred_affs/2566 with read ROI [6992:8560, 4688:6256, 80:1648] (1568, 1568, 1568) and write ROI [7488:8064, 5184:5760, 576:1152] (576, 576, 576)
Recorded block-done for octoS0SubroiZ15683136Y78409408X1097612544Difficultsoma_pred_affs/2566 with read ROI [6992:8560, 4688:6256, 80:1648] (1568, 1568, 1568) and write ROI [7488:8064, 5184:5760, 576:1152] (576, 576, 576)
Recording block-done for octoS0SubroiZ15683136Y78409408X1097612544Difficultsoma_pred_affs/8014 with read ROI [6992:8560, 4112:5680, 7568:9136] (1568, 1568, 1568) and write ROI [7488:8064, 4608:5184, 8064:8640] (576, 576, 576)
Recorded block-done for octoS0SubroiZ15683136Y78409408X1097612544Difficultsoma_pred_affs/8014 with read ROI [6992:8560, 4112:5680, 7568:9136] (1568, 1568, 1568) and write ROI [7488:8064, 4608:5184, 8064:8640] (576, 576, 576)
Recording block-done for octoS0SubroiZ15683136Y78409408X1097612544Difficultsoma_pred_affs/11746 with read ROI [6992:8560, 4688:6256, 9872:11440] (1568, 1568, 1568) and write ROI [7488:8064, 5184:5760, 10368:10944] (576, 576, 576)
Recorded block-done for octoS0SubroiZ15683136Y78409408X1097612544Difficultsoma_pred_affs/11746 with read ROI [6992:8560, 4688:6256, 9872:11440] (1568, 1568, 1568) and write ROI [7488:8064, 5184:5760, 10368:10944] (576, 576, 576)
Recording block-done for octoS0SubroiZ15683136Y78409408X1097612544Difficultsoma_pred_affs/4761 with read ROI [6992:8560, 4688:6256, 3536:5104] (1568, 1568, 1568) and write ROI [7488:8064, 5184:5760, 4032:4608] (576, 576, 576)
Recorded block-done for octoS0SubroiZ15683136Y78409408X1097612544Difficultsoma_pred_affs/4761 with read ROI [6992:8560, 4688:6256, 3536:5104] (1568, 1568, 1568) and write ROI [7488:8064, 5184:5760, 4032:4608] (576, 576, 576)
Recording block-done for octoS0SubroiZ15683136Y78409408X1097612544Difficultsoma_pred_affs/6273 with read ROI [6992:8560, 5264:6832, 4688:6256] (1568, 1568, 1568) and write ROI [7488:8064, 5760:6336, 5184:5760] (576, 576, 576)
Recorded block-done for octoS0SubroiZ15683136Y78409408X1097612544Difficultsoma_pred_affs/6273 with read ROI [6992:8560, 5264:6832, 4688:6256] (1568, 1568, 1568) and write ROI [7488:8064, 5760:6336, 5184:5760] (576, 576, 576)
Recording block-done for octoS0SubroiZ15683136Y78409408X1097612544Difficultsoma_pred_affs/4784 with read ROI [6992:8560, 5264:6832, 2960:4528] (1568, 1568, 1568) and write ROI [7488:8064, 5760:6336, 3456:4032] (576, 576, 576)
Recorded block-done for octoS0SubroiZ15683136Y78409408X1097612544Difficultsoma_pred_affs/4784 with read ROI [6992:8560, 5264:6832, 2960:4528] (1568, 1568, 1568) and write ROI [7488:8064, 5760:6336, 3456:4032] (576, 576, 576)
Recording block-done for octoS0SubroiZ15683136Y78409408X1097612544Difficultsoma_pred_affs/5273 with read ROI [6992:8560, 5840:7408, 2960:4528] (1568, 1568, 1568) and write ROI [7488:8064, 6336:6912, 3456:4032] (576, 576, 576)
Recorded block-done for octoS0SubroiZ15683136Y78409408X1097612544Difficultsoma_pred_affs/5273 with read ROI [6992:8560, 5840:7408, 2960:4528] (1568, 1568, 1568) and write ROI [7488:8064, 6336:6912, 3456:4032] (576, 576, 576)
Recording block-done for octoS0SubroiZ15683136Y78409408X1097612544Difficultsoma_pred_affs/5769 with read ROI [6992:8560, 5840:7408, 3536:5104] (1568, 1568, 1568) and write ROI [7488:8064, 6336:6912, 4032:4608] (576, 576, 576)
Recorded block-done for octoS0SubroiZ15683136Y78409408X1097612544Difficultsoma_pred_affs/5769 with read ROI [6992:8560, 5840:7408, 3536:5104] (1568, 1568, 1568) and write ROI [7488:8064, 6336:6912, 4032:4608] (576, 576, 576)
Recording block-done for octoS0SubroiZ15683136Y78409408X1097612544Difficultsoma_pred_affs/3614 with read ROI [6992:8560, 6416:7984, 80:1648] (1568, 1568, 1568) and write ROI [7488:8064, 6912:7488, 576:1152] (576, 576, 576)
Recorded block-done for octoS0SubroiZ15683136Y78409408X1097612544Difficultsoma_pred_affs/3614 with read ROI [6992:8560, 6416:7984, 80:1648] (1568, 1568, 1568) and write ROI [7488:8064, 6912:7488, 576:1152] (576, 576, 576)
Recording block-done for octoS0SubroiZ15683136Y78409408X1097612544Difficultsoma_pred_affs/4833 with read ROI [6992:8560, 6416:7984, 1808:3376] (1568, 1568, 1568) and write ROI [7488:8064, 6912:7488, 2304:2880] (576, 576, 576)
Recorded block-done for octoS0SubroiZ15683136Y78409408X1097612544Difficultsoma_pred_affs/4833 with read ROI [6992:8560, 6416:7984, 1808:3376] (1568, 1568, 1568) and write ROI [7488:8064, 6912:7488, 2304:2880] (576, 576, 576)
Recording block-done for octoS0SubroiZ15683136Y78409408X1097612544Difficultsoma_pred_affs/8800 with read ROI [6992:8560, 6992:8560, 5264:6832] (1568, 1568, 1568) and write ROI [7488:8064, 7488:8064, 5760:6336] (576, 576, 576)
Recorded block-done for octoS0SubroiZ15683136Y78409408X1097612544Difficultsoma_pred_affs/8800 with read ROI [6992:8560, 6992:8560, 5264:6832] (1568, 1568, 1568) and write ROI [7488:8064, 7488:8064, 5760:6336] (576, 576, 576)
Recording block-done for octoS0SubroiZ15683136Y78409408X1097612544Difficultsoma_pred_affs/8134 with read ROI [6992:8560, 6992:8560, 4688:6256] (1568, 1568, 1568) and write ROI [7488:8064, 7488:8064, 5184:5760] (576, 576, 576)
Recorded block-done for octoS0SubroiZ15683136Y78409408X1097612544Difficultsoma_pred_affs/8134 with read ROI [6992:8560, 6992:8560, 4688:6256] (1568, 1568, 1568) and write ROI [7488:8064, 7488:8064, 5184:5760] (576, 576, 576)
Recording block-done for octoS0SubroiZ15683136Y78409408X1097612544Difficultsoma_pred_affs/6375 with read ROI [6992:8560, 7568:9136, 2384:3952] (1568, 1568, 1568) and write ROI [7488:8064, 8064:8640, 2880:3456] (576, 576, 576)
Recorded block-done for octoS0SubroiZ15683136Y78409408X1097612544Difficultsoma_pred_affs/6375 with read ROI [6992:8560, 7568:9136, 2384:3952] (1568, 1568, 1568) and write ROI [7488:8064, 8064:8640, 2880:3456] (576, 576, 576)
Recording block-done for octoS0SubroiZ15683136Y78409408X1097612544Difficultsoma_pred_affs/6909 with read ROI [6992:8560, 6992:8560, 3536:5104] (1568, 1568, 1568) and write ROI [7488:8064, 7488:8064, 4032:4608] (576, 576, 576)
Recorded block-done for octoS0SubroiZ15683136Y78409408X1097612544Difficultsoma_pred_affs/6909 with read ROI [6992:8560, 6992:8560, 3536:5104] (1568, 1568, 1568) and write ROI [7488:8064, 7488:8064, 4032:4608] (576, 576, 576)
Recording block-done for octoS0SubroiZ15683136Y78409408X1097612544Difficultsoma_pred_affs/9530 with read ROI [6992:8560, 7568:9136, 5264:6832] (1568, 1568, 1568) and write ROI [7488:8064, 8064:8640, 5760:6336] (576, 576, 576)
Recorded block-done for octoS0SubroiZ15683136Y78409408X1097612544Difficultsoma_pred_affs/9530 with read ROI [6992:8560, 7568:9136, 5264:6832] (1568, 1568, 1568) and write ROI [7488:8064, 8064:8640, 5760:6336] (576, 576, 576)
Recording block-done for octoS0SubroiZ15683136Y78409408X1097612544Difficultsoma_pred_affs/11899 with read ROI [6992:8560, 8144:9712, 6416:7984] (1568, 1568, 1568) and write ROI [7488:8064, 8640:9216, 6912:7488] (576, 576, 576)
Recorded block-done for octoS0SubroiZ15683136Y78409408X1097612544Difficultsoma_pred_affs/11899 with read ROI [6992:8560, 8144:9712, 6416:7984] (1568, 1568, 1568) and write ROI [7488:8064, 8640:9216, 6912:7488] (576, 576, 576)
Recording block-done for octoS0SubroiZ15683136Y78409408X1097612544Difficultsoma_pred_affs/11108 with read ROI [6992:8560, 8720:10288, 5264:6832] (1568, 1568, 1568) and write ROI [7488:8064, 9216:9792, 5760:6336] (576, 576, 576)
Recorded block-done for octoS0SubroiZ15683136Y78409408X1097612544Difficultsoma_pred_affs/11108 with read ROI [6992:8560, 8720:10288, 5264:6832] (1568, 1568, 1568) and write ROI [7488:8064, 9216:9792, 5760:6336] (576, 576, 576)
Recording block-done for octoS0SubroiZ15683136Y78409408X1097612544Difficultsoma_pred_affs/17744 with read ROI [6992:8560, 8720:10288, 9296:10864] (1568, 1568, 1568) and write ROI [7488:8064, 9216:9792, 9792:10368] (576, 576, 576)
Recorded block-done for octoS0SubroiZ15683136Y78409408X1097612544Difficultsoma_pred_affs/17744 with read ROI [6992:8560, 8720:10288, 9296:10864] (1568, 1568, 1568) and write ROI [7488:8064, 9216:9792, 9792:10368] (576, 576, 576)
Recording block-done for octoS0SubroiZ15683136Y78409408X1097612544Difficultsoma_pred_affs/13692 with read ROI [6992:8560, 8720:10288, 6992:8560] (1568, 1568, 1568) and write ROI [7488:8064, 9216:9792, 7488:8064] (576, 576, 576)
Recorded block-done for octoS0SubroiZ15683136Y78409408X1097612544Difficultsoma_pred_affs/13692 with read ROI [6992:8560, 8720:10288, 6992:8560] (1568, 1568, 1568) and write ROI [7488:8064, 9216:9792, 7488:8064] (576, 576, 576)
Recording block-done for octoS0SubroiZ15683136Y78409408X1097612544Difficultsoma_pred_affs/14638 with read ROI [6992:8560, 8720:10288, 7568:9136] (1568, 1568, 1568) and write ROI [7488:8064, 9216:9792, 8064:8640] (576, 576, 576)
Recorded block-done for octoS0SubroiZ15683136Y78409408X1097612544Difficultsoma_pred_affs/14638 with read ROI [6992:8560, 8720:10288, 7568:9136] (1568, 1568, 1568) and write ROI [7488:8064, 9216:9792, 8064:8640] (576, 576, 576)
Recording block-done for octoS0SubroiZ15683136Y78409408X1097612544Difficultsoma_pred_affs/18902 with read ROI [6992:8560, 9296:10864, 9296:10864] (1568, 1568, 1568) and write ROI [7488:8064, 9792:10368, 9792:10368] (576, 576, 576)
Recorded block-done for octoS0SubroiZ15683136Y78409408X1097612544Difficultsoma_pred_affs/18902 with read ROI [6992:8560, 9296:10864, 9296:10864] (1568, 1568, 1568) and write ROI [7488:8064, 9792:10368, 9792:10368] (576, 576, 576)
Recording block-done for octoS0SubroiZ15683136Y78409408X1097612544Difficultsoma_pred_affs/13663 with read ROI [6992:8560, 8144:9712, 7568:9136] (1568, 1568, 1568) and write ROI [7488:8064, 8640:9216, 8064:8640] (576, 576, 576)
Recorded block-done for octoS0SubroiZ15683136Y78409408X1097612544Difficultsoma_pred_affs/13663 with read ROI [6992:8560, 8144:9712, 7568:9136] (1568, 1568, 1568) and write ROI [7488:8064, 8640:9216, 8064:8640] (576, 576, 576)
Recording block-done for octoS0SubroiZ15683136Y78409408X1097612544Difficultsoma_pred_affs/21303 with read ROI [6992:8560, 9296:10864, 10448:12016] (1568, 1568, 1568) and write ROI [7488:8064, 9792:10368, 10944:11520] (576, 576, 576)
Recorded block-done for octoS0SubroiZ15683136Y78409408X1097612544Difficultsoma_pred_affs/21303 with read ROI [6992:8560, 9296:10864, 10448:12016] (1568, 1568, 1568) and write ROI [7488:8064, 9792:10368, 10944:11520] (576, 576, 576)
Recording block-done for octoS0SubroiZ15683136Y78409408X1097612544Difficultsoma_pred_affs/13753 with read ROI [6992:8560, 9872:11440, 5840:7408] (1568, 1568, 1568) and write ROI [7488:8064, 10368:10944, 6336:6912] (576, 576, 576)
Recorded block-done for octoS0SubroiZ15683136Y78409408X1097612544Difficultsoma_pred_affs/13753 with read ROI [6992:8560, 9872:11440, 5840:7408] (1568, 1568, 1568) and write ROI [7488:8064, 10368:10944, 6336:6912] (576, 576, 576)
Recording block-done for octoS0SubroiZ15683136Y78409408X1097612544Difficultsoma_pred_affs/7681 with read ROI [6992:8560, 10448:12016, 656:2224] (1568, 1568, 1568) and write ROI [7488:8064, 10944:11520, 1152:1728] (576, 576, 576)
Recorded block-done for octoS0SubroiZ15683136Y78409408X1097612544Difficultsoma_pred_affs/7681 with read ROI [6992:8560, 10448:12016, 656:2224] (1568, 1568, 1568) and write ROI [7488:8064, 10944:11520, 1152:1728] (576, 576, 576)
Recording block-done for octoS0SubroiZ15683136Y78409408X1097612544Difficultsoma_pred_affs/8311 with read ROI [6992:8560, 10448:12016, 1232:2800] (1568, 1568, 1568) and write ROI [7488:8064, 10944:11520, 1728:2304] (576, 576, 576)
Recorded block-done for octoS0SubroiZ15683136Y78409408X1097612544Difficultsoma_pred_affs/8311 with read ROI [6992:8560, 10448:12016, 1232:2800] (1568, 1568, 1568) and write ROI [7488:8064, 10944:11520, 1728:2304] (576, 576, 576)
Recording block-done for octoS0SubroiZ15683136Y78409408X1097612544Difficultsoma_pred_affs/15721 with read ROI [6992:8560, 10448:12016, 6416:7984] (1568, 1568, 1568) and write ROI [7488:8064, 10944:11520, 6912:7488] (576, 576, 576)
Recorded block-done for octoS0SubroiZ15683136Y78409408X1097612544Difficultsoma_pred_affs/15721 with read ROI [6992:8560, 10448:12016, 6416:7984] (1568, 1568, 1568) and write ROI [7488:8064, 10944:11520, 6912:7488] (576, 576, 576)
Recording block-done for octoS0SubroiZ15683136Y78409408X1097612544Difficultsoma_pred_affs/18965 with read ROI [6992:8560, 10448:12016, 8144:9712] (1568, 1568, 1568) and write ROI [7488:8064, 10944:11520, 8640:9216] (576, 576, 576)
Recorded block-done for octoS0SubroiZ15683136Y78409408X1097612544Difficultsoma_pred_affs/18965 with read ROI [6992:8560, 10448:12016, 8144:9712] (1568, 1568, 1568) and write ROI [7488:8064, 10944:11520, 8640:9216] (576, 576, 576)
Recording block-done for octoS0SubroiZ15683136Y78409408X1097612544Difficultsoma_pred_affs/1921 with read ROI [7568:9136, 656:2224, 2384:3952] (1568, 1568, 1568) and write ROI [8064:8640, 1152:1728, 2880:3456] (576, 576, 576)
Recorded block-done for octoS0SubroiZ15683136Y78409408X1097612544Difficultsoma_pred_affs/1921 with read ROI [7568:9136, 656:2224, 2384:3952] (1568, 1568, 1568) and write ROI [8064:8640, 1152:1728, 2880:3456] (576, 576, 576)
Recording block-done for octoS0SubroiZ15683136Y78409408X1097612544Difficultsoma_pred_affs/3788 with read ROI [7568:9136, 80:1648, 6416:7984] (1568, 1568, 1568) and write ROI [8064:8640, 576:1152, 6912:7488] (576, 576, 576)
Recorded block-done for octoS0SubroiZ15683136Y78409408X1097612544Difficultsoma_pred_affs/3788 with read ROI [7568:9136, 80:1648, 6416:7984] (1568, 1568, 1568) and write ROI [8064:8640, 576:1152, 6912:7488] (576, 576, 576)
Recording block-done for octoS0SubroiZ15683136Y78409408X1097612544Difficultsoma_pred_affs/7274 with read ROI [7568:9136, 80:1648, 10448:12016] (1568, 1568, 1568) and write ROI [8064:8640, 576:1152, 10944:11520] (576, 576, 576)
Recorded block-done for octoS0SubroiZ15683136Y78409408X1097612544Difficultsoma_pred_affs/7274 with read ROI [7568:9136, 80:1648, 10448:12016] (1568, 1568, 1568) and write ROI [8064:8640, 576:1152, 10944:11520] (576, 576, 576)
Recording block-done for octoS0SubroiZ15683136Y78409408X1097612544Difficultsoma_pred_affs/1905 with read ROI [7568:9136, 80:1648, 2960:4528] (1568, 1568, 1568) and write ROI [8064:8640, 576:1152, 3456:4032] (576, 576, 576)
Recorded block-done for octoS0SubroiZ15683136Y78409408X1097612544Difficultsoma_pred_affs/1905 with read ROI [7568:9136, 80:1648, 2960:4528] (1568, 1568, 1568) and write ROI [8064:8640, 576:1152, 3456:4032] (576, 576, 576)
Recording block-done for octoS0SubroiZ15683136Y78409408X1097612544Difficultsoma_pred_affs/4194 with read ROI [7568:9136, 80:1648, 6992:8560] (1568, 1568, 1568) and write ROI [8064:8640, 576:1152, 7488:8064] (576, 576, 576)
Recorded block-done for octoS0SubroiZ15683136Y78409408X1097612544Difficultsoma_pred_affs/4194 with read ROI [7568:9136, 80:1648, 6992:8560] (1568, 1568, 1568) and write ROI [8064:8640, 576:1152, 7488:8064] (576, 576, 576)
Recording block-done for octoS0SubroiZ15683136Y78409408X1097612544Difficultsoma_pred_affs/7290 with read ROI [7568:9136, 656:2224, 9872:11440] (1568, 1568, 1568) and write ROI [8064:8640, 1152:1728, 10368:10944] (576, 576, 576)
Recorded block-done for octoS0SubroiZ15683136Y78409408X1097612544Difficultsoma_pred_affs/7290 with read ROI [7568:9136, 656:2224, 9872:11440] (1568, 1568, 1568) and write ROI [8064:8640, 1152:1728, 10368:10944] (576, 576, 576)
Recording block-done for octoS0SubroiZ15683136Y78409408X1097612544Difficultsoma_pred_affs/1497 with read ROI [7568:9136, 1232:2800, 656:2224] (1568, 1568, 1568) and write ROI [8064:8640, 1728:2304, 1152:1728] (576, 576, 576)
Recorded block-done for octoS0SubroiZ15683136Y78409408X1097612544Difficultsoma_pred_affs/1497 with read ROI [7568:9136, 1232:2800, 656:2224] (1568, 1568, 1568) and write ROI [8064:8640, 1728:2304, 1152:1728] (576, 576, 576)
Recording block-done for octoS0SubroiZ15683136Y78409408X1097612544Difficultsoma_pred_affs/1707 with read ROI [7568:9136, 1232:2800, 1232:2800] (1568, 1568, 1568) and write ROI [8064:8640, 1728:2304, 1728:2304] (576, 576, 576)
Recorded block-done for octoS0SubroiZ15683136Y78409408X1097612544Difficultsoma_pred_affs/1707 with read ROI [7568:9136, 1232:2800, 1232:2800] (1568, 1568, 1568) and write ROI [8064:8640, 1728:2304, 1728:2304] (576, 576, 576)
Recording block-done for octoS0SubroiZ15683136Y78409408X1097612544Difficultsoma_pred_affs/3092 with read ROI [7568:9136, 1232:2800, 4112:5680] (1568, 1568, 1568) and write ROI [8064:8640, 1728:2304, 4608:5184] (576, 576, 576)
Recorded block-done for octoS0SubroiZ15683136Y78409408X1097612544Difficultsoma_pred_affs/3092 with read ROI [7568:9136, 1232:2800, 4112:5680] (1568, 1568, 1568) and write ROI [8064:8640, 1728:2304, 4608:5184] (576, 576, 576)
Recording block-done for octoS0SubroiZ15683136Y78409408X1097612544Difficultsoma_pred_affs/3821 with read ROI [7568:9136, 1232:2800, 5264:6832] (1568, 1568, 1568) and write ROI [8064:8640, 1728:2304, 5760:6336] (576, 576, 576)
Recorded block-done for octoS0SubroiZ15683136Y78409408X1097612544Difficultsoma_pred_affs/3821 with read ROI [7568:9136, 1232:2800, 5264:6832] (1568, 1568, 1568) and write ROI [8064:8640, 1728:2304, 5760:6336] (576, 576, 576)
Recording block-done for octoS0SubroiZ15683136Y78409408X1097612544Difficultsoma_pred_affs/1515 with read ROI [7568:9136, 1808:3376, 80:1648] (1568, 1568, 1568) and write ROI [8064:8640, 2304:2880, 576:1152] (576, 576, 576)
Recorded block-done for octoS0SubroiZ15683136Y78409408X1097612544Difficultsoma_pred_affs/1515 with read ROI [7568:9136, 1808:3376, 80:1648] (1568, 1568, 1568) and write ROI [8064:8640, 2304:2880, 576:1152] (576, 576, 576)
Recording block-done for octoS0SubroiZ15683136Y78409408X1097612544Difficultsoma_pred_affs/5145 with read ROI [7568:9136, 1808:3376, 6416:7984] (1568, 1568, 1568) and write ROI [8064:8640, 2304:2880, 6912:7488] (576, 576, 576)
Recorded block-done for octoS0SubroiZ15683136Y78409408X1097612544Difficultsoma_pred_affs/5145 with read ROI [7568:9136, 1808:3376, 6416:7984] (1568, 1568, 1568) and write ROI [8064:8640, 2304:2880, 6912:7488] (576, 576, 576)
Recording block-done for octoS0SubroiZ15683136Y78409408X1097612544Difficultsoma_pred_affs/3858 with read ROI [7568:9136, 2384:3952, 4112:5680] (1568, 1568, 1568) and write ROI [8064:8640, 2880:3456, 4608:5184] (576, 576, 576)
Recorded block-done for octoS0SubroiZ15683136Y78409408X1097612544Difficultsoma_pred_affs/3858 with read ROI [7568:9136, 2384:3952, 4112:5680] (1568, 1568, 1568) and write ROI [8064:8640, 2880:3456, 4608:5184] (576, 576, 576)
Recording block-done for octoS0SubroiZ15683136Y78409408X1097612544Difficultsoma_pred_affs/4264 with read ROI [7568:9136, 2384:3952, 4688:6256] (1568, 1568, 1568) and write ROI [8064:8640, 2880:3456, 5184:5760] (576, 576, 576)
Recorded block-done for octoS0SubroiZ15683136Y78409408X1097612544Difficultsoma_pred_affs/4264 with read ROI [7568:9136, 2384:3952, 4688:6256] (1568, 1568, 1568) and write ROI [8064:8640, 2880:3456, 5184:5760] (576, 576, 576)
Recording block-done for octoS0SubroiZ15683136Y78409408X1097612544Difficultsoma_pred_affs/7974 with read ROI [7568:9136, 2384:3952, 8720:10288] (1568, 1568, 1568) and write ROI [8064:8640, 2880:3456, 9216:9792] (576, 576, 576)
Recorded block-done for octoS0SubroiZ15683136Y78409408X1097612544Difficultsoma_pred_affs/7974 with read ROI [7568:9136, 2384:3952, 8720:10288] (1568, 1568, 1568) and write ROI [8064:8640, 2880:3456, 9216:9792] (576, 576, 576)
Recording block-done for octoS0SubroiZ15683136Y78409408X1097612544Difficultsoma_pred_affs/6208 with read ROI [7568:9136, 2960:4528, 6416:7984] (1568, 1568, 1568) and write ROI [8064:8640, 3456:4032, 6912:7488] (576, 576, 576)
Recorded block-done for octoS0SubroiZ15683136Y78409408X1097612544Difficultsoma_pred_affs/6208 with read ROI [7568:9136, 2960:4528, 6416:7984] (1568, 1568, 1568) and write ROI [8064:8640, 3456:4032, 6912:7488] (576, 576, 576)
Recording block-done for octoS0SubroiZ15683136Y78409408X1097612544Difficultsoma_pred_affs/2269 with read ROI [7568:9136, 3536:5104, 80:1648] (1568, 1568, 1568) and write ROI [8064:8640, 4032:4608, 576:1152] (576, 576, 576)
Recorded block-done for octoS0SubroiZ15683136Y78409408X1097612544Difficultsoma_pred_affs/2269 with read ROI [7568:9136, 3536:5104, 80:1648] (1568, 1568, 1568) and write ROI [8064:8640, 4032:4608, 576:1152] (576, 576, 576)
Recording block-done for octoS0SubroiZ15683136Y78409408X1097612544Difficultsoma_pred_affs/3878 with read ROI [7568:9136, 2960:4528, 3536:5104] (1568, 1568, 1568) and write ROI [8064:8640, 3456:4032, 4032:4608] (576, 576, 576)
Recorded block-done for octoS0SubroiZ15683136Y78409408X1097612544Difficultsoma_pred_affs/3878 with read ROI [7568:9136, 2960:4528, 3536:5104] (1568, 1568, 1568) and write ROI [8064:8640, 3456:4032, 4032:4608] (576, 576, 576)
Recording block-done for octoS0SubroiZ15683136Y78409408X1097612544Difficultsoma_pred_affs/7994 with read ROI [7568:9136, 2960:4528, 8144:9712] (1568, 1568, 1568) and write ROI [8064:8640, 3456:4032, 8640:9216] (576, 576, 576)
Recorded block-done for octoS0SubroiZ15683136Y78409408X1097612544Difficultsoma_pred_affs/7994 with read ROI [7568:9136, 2960:4528, 8144:9712] (1568, 1568, 1568) and write ROI [8064:8640, 3456:4032, 8640:9216] (576, 576, 576)
Recording block-done for octoS0SubroiZ15683136Y78409408X1097612544Difficultsoma_pred_affs/5227 with read ROI [7568:9136, 4112:5680, 4112:5680] (1568, 1568, 1568) and write ROI [8064:8640, 4608:5184, 4608:5184] (576, 576, 576)
Recorded block-done for octoS0SubroiZ15683136Y78409408X1097612544Difficultsoma_pred_affs/5227 with read ROI [7568:9136, 4112:5680, 4112:5680] (1568, 1568, 1568) and write ROI [8064:8640, 4608:5184, 4608:5184] (576, 576, 576)
Recording block-done for octoS0SubroiZ15683136Y78409408X1097612544Difficultsoma_pred_affs/10125 with read ROI [7568:9136, 3536:5104, 9296:10864] (1568, 1568, 1568) and write ROI [8064:8640, 4032:4608, 9792:10368] (576, 576, 576)
Recorded block-done for octoS0SubroiZ15683136Y78409408X1097612544Difficultsoma_pred_affs/10125 with read ROI [7568:9136, 3536:5104, 9296:10864] (1568, 1568, 1568) and write ROI [8064:8640, 4032:4608, 9792:10368] (576, 576, 576)
Recording block-done for octoS0SubroiZ15683136Y78409408X1097612544Difficultsoma_pred_affs/7407 with read ROI [7568:9136, 4112:5680, 6416:7984] (1568, 1568, 1568) and write ROI [8064:8640, 4608:5184, 6912:7488] (576, 576, 576)
Recorded block-done for octoS0SubroiZ15683136Y78409408X1097612544Difficultsoma_pred_affs/7407 with read ROI [7568:9136, 4112:5680, 6416:7984] (1568, 1568, 1568) and write ROI [8064:8640, 4608:5184, 6912:7488] (576, 576, 576)
Recording block-done for octoS0SubroiZ15683136Y78409408X1097612544Difficultsoma_pred_affs/3566 with read ROI [7568:9136, 4688:6256, 1232:2800] (1568, 1568, 1568) and write ROI [8064:8640, 5184:5760, 1728:2304] (576, 576, 576)
Recorded block-done for octoS0SubroiZ15683136Y78409408X1097612544Difficultsoma_pred_affs/3566 with read ROI [7568:9136, 4688:6256, 1232:2800] (1568, 1568, 1568) and write ROI [8064:8640, 5184:5760, 1728:2304] (576, 576, 576)
Recording block-done for octoS0SubroiZ15683136Y78409408X1097612544Difficultsoma_pred_affs/8015 with read ROI [7568:9136, 3536:5104, 7568:9136] (1568, 1568, 1568) and write ROI [8064:8640, 4032:4608, 8064:8640] (576, 576, 576)
Recorded block-done for octoS0SubroiZ15683136Y78409408X1097612544Difficultsoma_pred_affs/8015 with read ROI [7568:9136, 3536:5104, 7568:9136] (1568, 1568, 1568) and write ROI [8064:8640, 4032:4608, 8064:8640] (576, 576, 576)
Recording block-done for octoS0SubroiZ15683136Y78409408X1097612544Difficultsoma_pred_affs/4785 with read ROI [7568:9136, 4688:6256, 2960:4528] (1568, 1568, 1568) and write ROI [8064:8640, 5184:5760, 3456:4032] (576, 576, 576)
Recorded block-done for octoS0SubroiZ15683136Y78409408X1097612544Difficultsoma_pred_affs/4785 with read ROI [7568:9136, 4688:6256, 2960:4528] (1568, 1568, 1568) and write ROI [8064:8640, 5184:5760, 3456:4032] (576, 576, 576)
Recording block-done for octoS0SubroiZ15683136Y78409408X1097612544Difficultsoma_pred_affs/6298 with read ROI [7568:9136, 5264:6832, 4112:5680] (1568, 1568, 1568) and write ROI [8064:8640, 5760:6336, 4608:5184] (576, 576, 576)
Recorded block-done for octoS0SubroiZ15683136Y78409408X1097612544Difficultsoma_pred_affs/6298 with read ROI [7568:9136, 5264:6832, 4112:5680] (1568, 1568, 1568) and write ROI [8064:8640, 5760:6336, 4608:5184] (576, 576, 576)
Recording block-done for octoS0SubroiZ15683136Y78409408X1097612544Difficultsoma_pred_affs/7454 with read ROI [7568:9136, 5264:6832, 5264:6832] (1568, 1568, 1568) and write ROI [8064:8640, 5760:6336, 5760:6336] (576, 576, 576)
Recorded block-done for octoS0SubroiZ15683136Y78409408X1097612544Difficultsoma_pred_affs/7454 with read ROI [7568:9136, 5264:6832, 5264:6832] (1568, 1568, 1568) and write ROI [8064:8640, 5760:6336, 5760:6336] (576, 576, 576)
Recording block-done for octoS0SubroiZ15683136Y78409408X1097612544Difficultsoma_pred_affs/3993 with read ROI [7568:9136, 5840:7408, 656:2224] (1568, 1568, 1568) and write ROI [8064:8640, 6336:6912, 1152:1728] (576, 576, 576)
Recorded block-done for octoS0SubroiZ15683136Y78409408X1097612544Difficultsoma_pred_affs/3993 with read ROI [7568:9136, 5840:7408, 656:2224] (1568, 1568, 1568) and write ROI [8064:8640, 6336:6912, 1152:1728] (576, 576, 576)
Recording block-done for octoS0SubroiZ15683136Y78409408X1097612544Difficultsoma_pred_affs/5299 with read ROI [7568:9136, 5840:7408, 2384:3952] (1568, 1568, 1568) and write ROI [8064:8640, 6336:6912, 2880:3456] (576, 576, 576)
Recorded block-done for octoS0SubroiZ15683136Y78409408X1097612544Difficultsoma_pred_affs/5299 with read ROI [7568:9136, 5840:7408, 2384:3952] (1568, 1568, 1568) and write ROI [8064:8640, 6336:6912, 2880:3456] (576, 576, 576)
Recording block-done for octoS0SubroiZ15683136Y78409408X1097612544Difficultsoma_pred_affs/3615 with read ROI [7568:9136, 5840:7408, 80:1648] (1568, 1568, 1568) and write ROI [8064:8640, 6336:6912, 576:1152] (576, 576, 576)
Recorded block-done for octoS0SubroiZ15683136Y78409408X1097612544Difficultsoma_pred_affs/3615 with read ROI [7568:9136, 5840:7408, 80:1648] (1568, 1568, 1568) and write ROI [8064:8640, 6336:6912, 576:1152] (576, 576, 576)
Recording block-done for octoS0SubroiZ15683136Y78409408X1097612544Difficultsoma_pred_affs/9478 with read ROI [7568:9136, 5840:7408, 6416:7984] (1568, 1568, 1568) and write ROI [8064:8640, 6336:6912, 6912:7488] (576, 576, 576)
Recorded block-done for octoS0SubroiZ15683136Y78409408X1097612544Difficultsoma_pred_affs/9478 with read ROI [7568:9136, 5840:7408, 6416:7984] (1568, 1568, 1568) and write ROI [8064:8640, 6336:6912, 6912:7488] (576, 576, 576)
Recording block-done for octoS0SubroiZ15683136Y78409408X1097612544Difficultsoma_pred_affs/10999 with read ROI [7568:9136, 5840:7408, 7568:9136] (1568, 1568, 1568) and write ROI [8064:8640, 6336:6912, 8064:8640] (576, 576, 576)
Recorded block-done for octoS0SubroiZ15683136Y78409408X1097612544Difficultsoma_pred_affs/10999 with read ROI [7568:9136, 5840:7408, 7568:9136] (1568, 1568, 1568) and write ROI [8064:8640, 6336:6912, 8064:8640] (576, 576, 576)
Recording block-done for octoS0SubroiZ15683136Y78409408X1097612544Difficultsoma_pred_affs/5821 with read ROI [7568:9136, 6416:7984, 2384:3952] (1568, 1568, 1568) and write ROI [8064:8640, 6912:7488, 2880:3456] (576, 576, 576)
Recorded block-done for octoS0SubroiZ15683136Y78409408X1097612544Difficultsoma_pred_affs/5821 with read ROI [7568:9136, 6416:7984, 2384:3952] (1568, 1568, 1568) and write ROI [8064:8640, 6912:7488, 2880:3456] (576, 576, 576)
Recording block-done for octoS0SubroiZ15683136Y78409408X1097612544Difficultsoma_pred_affs/7505 with read ROI [7568:9136, 6416:7984, 4112:5680] (1568, 1568, 1568) and write ROI [8064:8640, 6912:7488, 4608:5184] (576, 576, 576)
Recorded block-done for octoS0SubroiZ15683136Y78409408X1097612544Difficultsoma_pred_affs/7505 with read ROI [7568:9136, 6416:7984, 4112:5680] (1568, 1568, 1568) and write ROI [8064:8640, 6912:7488, 4608:5184] (576, 576, 576)
Recording block-done for octoS0SubroiZ15683136Y78409408X1097612544Difficultsoma_pred_affs/13609 with read ROI [7568:9136, 6416:7984, 8720:10288] (1568, 1568, 1568) and write ROI [8064:8640, 6912:7488, 9216:9792] (576, 576, 576)
Recorded block-done for octoS0SubroiZ15683136Y78409408X1097612544Difficultsoma_pred_affs/13609 with read ROI [7568:9136, 6416:7984, 8720:10288] (1568, 1568, 1568) and write ROI [8064:8640, 6912:7488, 9216:9792] (576, 576, 576)
Recording block-done for octoS0SubroiZ15683136Y78409408X1097612544Difficultsoma_pred_affs/8162 with read ROI [7568:9136, 6992:8560, 4112:5680] (1568, 1568, 1568) and write ROI [8064:8640, 7488:8064, 4608:5184] (576, 576, 576)
Recorded block-done for octoS0SubroiZ15683136Y78409408X1097612544Difficultsoma_pred_affs/8162 with read ROI [7568:9136, 6992:8560, 4112:5680] (1568, 1568, 1568) and write ROI [8064:8640, 7488:8064, 4608:5184] (576, 576, 576)
Recording block-done for octoS0SubroiZ15683136Y78409408X1097612544Difficultsoma_pred_affs/17688 with read ROI [7568:9136, 6992:8560, 10448:12016] (1568, 1568, 1568) and write ROI [8064:8640, 7488:8064, 10944:11520] (576, 576, 576)
Recorded block-done for octoS0SubroiZ15683136Y78409408X1097612544Difficultsoma_pred_affs/17688 with read ROI [7568:9136, 6992:8560, 10448:12016] (1568, 1568, 1568) and write ROI [8064:8640, 7488:8064, 10944:11520] (576, 576, 576)
Recording block-done for octoS0SubroiZ15683136Y78409408X1097612544Difficultsoma_pred_affs/12733 with read ROI [7568:9136, 6992:8560, 7568:9136] (1568, 1568, 1568) and write ROI [8064:8640, 7488:8064, 8064:8640] (576, 576, 576)
Recorded block-done for octoS0SubroiZ15683136Y78409408X1097612544Difficultsoma_pred_affs/12733 with read ROI [7568:9136, 6992:8560, 7568:9136] (1568, 1568, 1568) and write ROI [8064:8640, 7488:8064, 8064:8640] (576, 576, 576)
Recording block-done for octoS0SubroiZ15683136Y78409408X1097612544Difficultsoma_pred_affs/10300 with read ROI [7568:9136, 7568:9136, 5264:6832] (1568, 1568, 1568) and write ROI [8064:8640, 8064:8640, 5760:6336] (576, 576, 576)
Recorded block-done for octoS0SubroiZ15683136Y78409408X1097612544Difficultsoma_pred_affs/10300 with read ROI [7568:9136, 7568:9136, 5264:6832] (1568, 1568, 1568) and write ROI [8064:8640, 8064:8640, 5760:6336] (576, 576, 576)
Recording block-done for octoS0SubroiZ15683136Y78409408X1097612544Difficultsoma_pred_affs/18844 with read ROI [7568:9136, 7568:9136, 10448:12016] (1568, 1568, 1568) and write ROI [8064:8640, 8064:8640, 10944:11520] (576, 576, 576)
Recorded block-done for octoS0SubroiZ15683136Y78409408X1097612544Difficultsoma_pred_affs/18844 with read ROI [7568:9136, 7568:9136, 10448:12016] (1568, 1568, 1568) and write ROI [8064:8640, 8064:8640, 10944:11520] (576, 576, 576)
Recording block-done for octoS0SubroiZ15683136Y78409408X1097612544Difficultsoma_pred_affs/8190 with read ROI [7568:9136, 7568:9136, 3536:5104] (1568, 1568, 1568) and write ROI [8064:8640, 8064:8640, 4032:4608] (576, 576, 576)
Recorded block-done for octoS0SubroiZ15683136Y78409408X1097612544Difficultsoma_pred_affs/8190 with read ROI [7568:9136, 7568:9136, 3536:5104] (1568, 1568, 1568) and write ROI [8064:8640, 8064:8640, 4032:4608] (576, 576, 576)
Recording block-done for octoS0SubroiZ15683136Y78409408X1097612544Difficultsoma_pred_affs/11929 with read ROI [7568:9136, 8144:9712, 5840:7408] (1568, 1568, 1568) and write ROI [8064:8640, 8640:9216, 6336:6912] (576, 576, 576)
Recorded block-done for octoS0SubroiZ15683136Y78409408X1097612544Difficultsoma_pred_affs/11929 with read ROI [7568:9136, 8144:9712, 5840:7408] (1568, 1568, 1568) and write ROI [8064:8640, 8640:9216, 6336:6912] (576, 576, 576)
Recording block-done for octoS0SubroiZ15683136Y78409408X1097612544Difficultsoma_pred_affs/13664 with read ROI [7568:9136, 7568:9136, 7568:9136] (1568, 1568, 1568) and write ROI [8064:8640, 8064:8640, 8064:8640] (576, 576, 576)
Recorded block-done for octoS0SubroiZ15683136Y78409408X1097612544Difficultsoma_pred_affs/13664 with read ROI [7568:9136, 7568:9136, 7568:9136] (1568, 1568, 1568) and write ROI [8064:8640, 8064:8640, 8064:8640] (576, 576, 576)
Recording block-done for octoS0SubroiZ15683136Y78409408X1097612544Difficultsoma_pred_affs/20049 with read ROI [7568:9136, 8144:9712, 10448:12016] (1568, 1568, 1568) and write ROI [8064:8640, 8640:9216, 10944:11520] (576, 576, 576)
Recorded block-done for octoS0SubroiZ15683136Y78409408X1097612544Difficultsoma_pred_affs/20049 with read ROI [7568:9136, 8144:9712, 10448:12016] (1568, 1568, 1568) and write ROI [8064:8640, 8640:9216, 10944:11520] (576, 576, 576)
Recording block-done for octoS0SubroiZ15683136Y78409408X1097612544Difficultsoma_pred_affs/12820 with read ROI [7568:9136, 8720:10288, 5840:7408] (1568, 1568, 1568) and write ROI [8064:8640, 9216:9792, 6336:6912] (576, 576, 576)
Recorded block-done for octoS0SubroiZ15683136Y78409408X1097612544Difficultsoma_pred_affs/12820 with read ROI [7568:9136, 8720:10288, 5840:7408] (1568, 1568, 1568) and write ROI [8064:8640, 9216:9792, 6336:6912] (576, 576, 576)
Recording block-done for octoS0SubroiZ15683136Y78409408X1097612544Difficultsoma_pred_affs/20079 with read ROI [7568:9136, 8720:10288, 9872:11440] (1568, 1568, 1568) and write ROI [8064:8640, 9216:9792, 10368:10944] (576, 576, 576)
Recorded block-done for octoS0SubroiZ15683136Y78409408X1097612544Difficultsoma_pred_affs/20079 with read ROI [7568:9136, 8720:10288, 9872:11440] (1568, 1568, 1568) and write ROI [8064:8640, 9216:9792, 10368:10944] (576, 576, 576)
Recording block-done for octoS0SubroiZ15683136Y78409408X1097612544Difficultsoma_pred_affs/16694 with read ROI [7568:9136, 8720:10288, 8144:9712] (1568, 1568, 1568) and write ROI [8064:8640, 9216:9792, 8640:9216] (576, 576, 576)
Recorded block-done for octoS0SubroiZ15683136Y78409408X1097612544Difficultsoma_pred_affs/16694 with read ROI [7568:9136, 8720:10288, 8144:9712] (1568, 1568, 1568) and write ROI [8064:8640, 9216:9792, 8640:9216] (576, 576, 576)
Recording block-done for octoS0SubroiZ15683136Y78409408X1097612544Difficultsoma_pred_affs/7055 with read ROI [7568:9136, 9296:10864, 656:2224] (1568, 1568, 1568) and write ROI [8064:8640, 9792:10368, 1152:1728] (576, 576, 576)
Recorded block-done for octoS0SubroiZ15683136Y78409408X1097612544Difficultsoma_pred_affs/7055 with read ROI [7568:9136, 9296:10864, 656:2224] (1568, 1568, 1568) and write ROI [8064:8640, 9792:10368, 1152:1728] (576, 576, 576)
Recording block-done for octoS0SubroiZ15683136Y78409408X1097612544Difficultsoma_pred_affs/11170 with read ROI [7568:9136, 9296:10864, 4112:5680] (1568, 1568, 1568) and write ROI [8064:8640, 9792:10368, 4608:5184] (576, 576, 576)
Recorded block-done for octoS0SubroiZ15683136Y78409408X1097612544Difficultsoma_pred_affs/11170 with read ROI [7568:9136, 9296:10864, 4112:5680] (1568, 1568, 1568) and write ROI [8064:8640, 9792:10368, 4608:5184] (576, 576, 576)
Recording block-done for octoS0SubroiZ15683136Y78409408X1097612544Difficultsoma_pred_affs/14700 with read ROI [7568:9136, 9296:10864, 6416:7984] (1568, 1568, 1568) and write ROI [8064:8640, 9792:10368, 6912:7488] (576, 576, 576)
Recorded block-done for octoS0SubroiZ15683136Y78409408X1097612544Difficultsoma_pred_affs/14700 with read ROI [7568:9136, 9296:10864, 6416:7984] (1568, 1568, 1568) and write ROI [8064:8640, 9792:10368, 6912:7488] (576, 576, 576)
Recording block-done for octoS0SubroiZ15683136Y78409408X1097612544Difficultsoma_pred_affs/7682 with read ROI [7568:9136, 9872:11440, 656:2224] (1568, 1568, 1568) and write ROI [8064:8640, 10368:10944, 1152:1728] (576, 576, 576)
Recorded block-done for octoS0SubroiZ15683136Y78409408X1097612544Difficultsoma_pred_affs/7682 with read ROI [7568:9136, 9872:11440, 656:2224] (1568, 1568, 1568) and write ROI [8064:8640, 10368:10944, 1152:1728] (576, 576, 576)
Recording block-done for octoS0SubroiZ15683136Y78409408X1097612544Difficultsoma_pred_affs/10422 with read ROI [7568:9136, 9872:11440, 2960:4528] (1568, 1568, 1568) and write ROI [8064:8640, 10368:10944, 3456:4032] (576, 576, 576)
Recorded block-done for octoS0SubroiZ15683136Y78409408X1097612544Difficultsoma_pred_affs/10422 with read ROI [7568:9136, 9872:11440, 2960:4528] (1568, 1568, 1568) and write ROI [8064:8640, 10368:10944, 3456:4032] (576, 576, 576)
Recording block-done for octoS0SubroiZ15683136Y78409408X1097612544Difficultsoma_pred_affs/16725 with read ROI [7568:9136, 9296:10864, 7568:9136] (1568, 1568, 1568) and write ROI [8064:8640, 9792:10368, 8064:8640] (576, 576, 576)
Recorded block-done for octoS0SubroiZ15683136Y78409408X1097612544Difficultsoma_pred_affs/16725 with read ROI [7568:9136, 9296:10864, 7568:9136] (1568, 1568, 1568) and write ROI [8064:8640, 9792:10368, 8064:8640] (576, 576, 576)
Recording block-done for octoS0SubroiZ15683136Y78409408X1097612544Difficultsoma_pred_affs/20142 with read ROI [7568:9136, 9872:11440, 8720:10288] (1568, 1568, 1568) and write ROI [8064:8640, 10368:10944, 9216:9792] (576, 576, 576)
Recorded block-done for octoS0SubroiZ15683136Y78409408X1097612544Difficultsoma_pred_affs/20142 with read ROI [7568:9136, 9872:11440, 8720:10288] (1568, 1568, 1568) and write ROI [8064:8640, 10368:10944, 9216:9792] (576, 576, 576)
Recording block-done for octoS0SubroiZ15683136Y78409408X1097612544Difficultsoma_pred_affs/16757 with read ROI [7568:9136, 9872:11440, 6992:8560] (1568, 1568, 1568) and write ROI [8064:8640, 10368:10944, 7488:8064] (576, 576, 576)
Recorded block-done for octoS0SubroiZ15683136Y78409408X1097612544Difficultsoma_pred_affs/16757 with read ROI [7568:9136, 9872:11440, 6992:8560] (1568, 1568, 1568) and write ROI [8064:8640, 10368:10944, 7488:8064] (576, 576, 576)
Recording block-done for octoS0SubroiZ15683136Y78409408X1097612544Difficultsoma_pred_affs/24001 with read ROI [7568:9136, 10448:12016, 9872:11440] (1568, 1568, 1568) and write ROI [8064:8640, 10944:11520, 10368:10944] (576, 576, 576)
Recorded block-done for octoS0SubroiZ15683136Y78409408X1097612544Difficultsoma_pred_affs/24001 with read ROI [7568:9136, 10448:12016, 9872:11440] (1568, 1568, 1568) and write ROI [8064:8640, 10944:11520, 10368:10944] (576, 576, 576)
Recording block-done for octoS0SubroiZ15683136Y78409408X1097612544Difficultsoma_pred_affs/20175 with read ROI [7568:9136, 10448:12016, 8144:9712] (1568, 1568, 1568) and write ROI [8064:8640, 10944:11520, 8640:9216] (576, 576, 576)
Recorded block-done for octoS0SubroiZ15683136Y78409408X1097612544Difficultsoma_pred_affs/20175 with read ROI [7568:9136, 10448:12016, 8144:9712] (1568, 1568, 1568) and write ROI [8064:8640, 10944:11520, 8640:9216] (576, 576, 576)
Recording block-done for octoS0SubroiZ15683136Y78409408X1097612544Difficultsoma_pred_affs/1939 with read ROI [8144:9712, 656:2224, 1808:3376] (1568, 1568, 1568) and write ROI [8640:9216, 1152:1728, 2304:2880] (576, 576, 576)
Recorded block-done for octoS0SubroiZ15683136Y78409408X1097612544Difficultsoma_pred_affs/1939 with read ROI [8144:9712, 656:2224, 1808:3376] (1568, 1568, 1568) and write ROI [8640:9216, 1152:1728, 2304:2880] (576, 576, 576)
Recording block-done for octoS0SubroiZ15683136Y78409408X1097612544Difficultsoma_pred_affs/6696 with read ROI [8144:9712, 80:1648, 9296:10864] (1568, 1568, 1568) and write ROI [8640:9216, 576:1152, 9792:10368] (576, 576, 576)
Recorded block-done for octoS0SubroiZ15683136Y78409408X1097612544Difficultsoma_pred_affs/6696 with read ROI [8144:9712, 80:1648, 9296:10864] (1568, 1568, 1568) and write ROI [8640:9216, 576:1152, 9792:10368] (576, 576, 576)
Recording block-done for octoS0SubroiZ15683136Y78409408X1097612544Difficultsoma_pred_affs/3805 with read ROI [8144:9712, 80:1648, 5840:7408] (1568, 1568, 1568) and write ROI [8640:9216, 576:1152, 6336:6912] (576, 576, 576)
Recorded block-done for octoS0SubroiZ15683136Y78409408X1097612544Difficultsoma_pred_affs/3805 with read ROI [8144:9712, 80:1648, 5840:7408] (1568, 1568, 1568) and write ROI [8640:9216, 576:1152, 6336:6912] (576, 576, 576)
Recording block-done for octoS0SubroiZ15683136Y78409408X1097612544Difficultsoma_pred_affs/4211 with read ROI [8144:9712, 80:1648, 6416:7984] (1568, 1568, 1568) and write ROI [8640:9216, 576:1152, 6912:7488] (576, 576, 576)
Recorded block-done for octoS0SubroiZ15683136Y78409408X1097612544Difficultsoma_pred_affs/4211 with read ROI [8144:9712, 80:1648, 6416:7984] (1568, 1568, 1568) and write ROI [8640:9216, 576:1152, 6912:7488] (576, 576, 576)
Recording block-done for octoS0SubroiZ15683136Y78409408X1097612544Difficultsoma_pred_affs/2468 with read ROI [8144:9712, 656:2224, 2960:4528] (1568, 1568, 1568) and write ROI [8640:9216, 1152:1728, 3456:4032] (576, 576, 576)
Recorded block-done for octoS0SubroiZ15683136Y78409408X1097612544Difficultsoma_pred_affs/2468 with read ROI [8144:9712, 656:2224, 2960:4528] (1568, 1568, 1568) and write ROI [8640:9216, 1152:1728, 3456:4032] (576, 576, 576)
Recording block-done for octoS0SubroiZ15683136Y78409408X1097612544Difficultsoma_pred_affs/6152 with read ROI [8144:9712, 656:2224, 8144:9712] (1568, 1568, 1568) and write ROI [8640:9216, 1152:1728, 8640:9216] (576, 576, 576)
Recorded block-done for octoS0SubroiZ15683136Y78409408X1097612544Difficultsoma_pred_affs/6152 with read ROI [8144:9712, 656:2224, 8144:9712] (1568, 1568, 1568) and write ROI [8640:9216, 1152:1728, 8640:9216] (576, 576, 576)
Recording block-done for octoS0SubroiZ15683136Y78409408X1097612544Difficultsoma_pred_affs/1516 with read ROI [8144:9712, 1232:2800, 80:1648] (1568, 1568, 1568) and write ROI [8640:9216, 1728:2304, 576:1152] (576, 576, 576)
Recorded block-done for octoS0SubroiZ15683136Y78409408X1097612544Difficultsoma_pred_affs/1516 with read ROI [8144:9712, 1232:2800, 80:1648] (1568, 1568, 1568) and write ROI [8640:9216, 1728:2304, 576:1152] (576, 576, 576)
Recording block-done for octoS0SubroiZ15683136Y78409408X1097612544Difficultsoma_pred_affs/4246 with read ROI [8144:9712, 1232:2800, 5264:6832] (1568, 1568, 1568) and write ROI [8640:9216, 1728:2304, 5760:6336] (576, 576, 576)
Recorded block-done for octoS0SubroiZ15683136Y78409408X1097612544Difficultsoma_pred_affs/4246 with read ROI [8144:9712, 1232:2800, 5264:6832] (1568, 1568, 1568) and write ROI [8640:9216, 1728:2304, 5760:6336] (576, 576, 576)
Recording block-done for octoS0SubroiZ15683136Y78409408X1097612544Difficultsoma_pred_affs/3111 with read ROI [8144:9712, 1232:2800, 3536:5104] (1568, 1568, 1568) and write ROI [8640:9216, 1728:2304, 4032:4608] (576, 576, 576)
Recorded block-done for octoS0SubroiZ15683136Y78409408X1097612544Difficultsoma_pred_affs/3111 with read ROI [8144:9712, 1232:2800, 3536:5104] (1568, 1568, 1568) and write ROI [8640:9216, 1728:2304, 4032:4608] (576, 576, 576)
Recording block-done for octoS0SubroiZ15683136Y78409408X1097612544Difficultsoma_pred_affs/1976 with read ROI [8144:9712, 1808:3376, 656:2224] (1568, 1568, 1568) and write ROI [8640:9216, 2304:2880, 1152:1728] (576, 576, 576)
Recorded block-done for octoS0SubroiZ15683136Y78409408X1097612544Difficultsoma_pred_affs/1976 with read ROI [8144:9712, 1808:3376, 656:2224] (1568, 1568, 1568) and write ROI [8640:9216, 2304:2880, 1152:1728] (576, 576, 576)
Recording block-done for octoS0SubroiZ15683136Y78409408X1097612544Difficultsoma_pred_affs/3859 with read ROI [8144:9712, 1808:3376, 4112:5680] (1568, 1568, 1568) and write ROI [8640:9216, 2304:2880, 4608:5184] (576, 576, 576)
Recorded block-done for octoS0SubroiZ15683136Y78409408X1097612544Difficultsoma_pred_affs/3859 with read ROI [8144:9712, 1808:3376, 4112:5680] (1568, 1568, 1568) and write ROI [8640:9216, 2304:2880, 4608:5184] (576, 576, 576)
Recording block-done for octoS0SubroiZ15683136Y78409408X1097612544Difficultsoma_pred_affs/5661 with read ROI [8144:9712, 1808:3376, 6416:7984] (1568, 1568, 1568) and write ROI [8640:9216, 2304:2880, 6912:7488] (576, 576, 576)
Recorded block-done for octoS0SubroiZ15683136Y78409408X1097612544Difficultsoma_pred_affs/5661 with read ROI [8144:9712, 1808:3376, 6416:7984] (1568, 1568, 1568) and write ROI [8640:9216, 2304:2880, 6912:7488] (576, 576, 576)
Recording block-done for octoS0SubroiZ15683136Y78409408X1097612544Difficultsoma_pred_affs/5681 with read ROI [8144:9712, 2384:3952, 5840:7408] (1568, 1568, 1568) and write ROI [8640:9216, 2880:3456, 6336:6912] (576, 576, 576)
Recorded block-done for octoS0SubroiZ15683136Y78409408X1097612544Difficultsoma_pred_affs/5681 with read ROI [8144:9712, 2384:3952, 5840:7408] (1568, 1568, 1568) and write ROI [8640:9216, 2880:3456, 6336:6912] (576, 576, 576)
Recording block-done for octoS0SubroiZ15683136Y78409408X1097612544Difficultsoma_pred_affs/6209 with read ROI [8144:9712, 2384:3952, 6416:7984] (1568, 1568, 1568) and write ROI [8640:9216, 2880:3456, 6912:7488] (576, 576, 576)
Recorded block-done for octoS0SubroiZ15683136Y78409408X1097612544Difficultsoma_pred_affs/6209 with read ROI [8144:9712, 2384:3952, 6416:7984] (1568, 1568, 1568) and write ROI [8640:9216, 2880:3456, 6912:7488] (576, 576, 576)
Recording block-done for octoS0SubroiZ15683136Y78409408X1097612544Difficultsoma_pred_affs/3879 with read ROI [8144:9712, 2384:3952, 3536:5104] (1568, 1568, 1568) and write ROI [8640:9216, 2880:3456, 4032:4608] (576, 576, 576)
Recorded block-done for octoS0SubroiZ15683136Y78409408X1097612544Difficultsoma_pred_affs/3879 with read ROI [8144:9712, 2384:3952, 3536:5104] (1568, 1568, 1568) and write ROI [8640:9216, 2880:3456, 4032:4608] (576, 576, 576)
Recording block-done for octoS0SubroiZ15683136Y78409408X1097612544Difficultsoma_pred_affs/7995 with read ROI [8144:9712, 2384:3952, 8144:9712] (1568, 1568, 1568) and write ROI [8640:9216, 2880:3456, 8640:9216] (576, 576, 576)
Recorded block-done for octoS0SubroiZ15683136Y78409408X1097612544Difficultsoma_pred_affs/7995 with read ROI [8144:9712, 2384:3952, 8144:9712] (1568, 1568, 1568) and write ROI [8640:9216, 2880:3456, 8640:9216] (576, 576, 576)
Recording block-done for octoS0SubroiZ15683136Y78409408X1097612544Difficultsoma_pred_affs/2270 with read ROI [8144:9712, 2960:4528, 80:1648] (1568, 1568, 1568) and write ROI [8640:9216, 3456:4032, 576:1152] (576, 576, 576)
Recorded block-done for octoS0SubroiZ15683136Y78409408X1097612544Difficultsoma_pred_affs/2270 with read ROI [8144:9712, 2960:4528, 80:1648] (1568, 1568, 1568) and write ROI [8640:9216, 3456:4032, 576:1152] (576, 576, 576)
Recording block-done for octoS0SubroiZ15683136Y78409408X1097612544Difficultsoma_pred_affs/5702 with read ROI [8144:9712, 2960:4528, 5264:6832] (1568, 1568, 1568) and write ROI [8640:9216, 3456:4032, 5760:6336] (576, 576, 576)
Recorded block-done for octoS0SubroiZ15683136Y78409408X1097612544Difficultsoma_pred_affs/5702 with read ROI [8144:9712, 2960:4528, 5264:6832] (1568, 1568, 1568) and write ROI [8640:9216, 3456:4032, 5760:6336] (576, 576, 576)
Recording block-done for octoS0SubroiZ15683136Y78409408X1097612544Difficultsoma_pred_affs/3922 with read ROI [8144:9712, 3536:5104, 2384:3952] (1568, 1568, 1568) and write ROI [8640:9216, 4032:4608, 2880:3456] (576, 576, 576)
Recorded block-done for octoS0SubroiZ15683136Y78409408X1097612544Difficultsoma_pred_affs/3922 with read ROI [8144:9712, 3536:5104, 2384:3952] (1568, 1568, 1568) and write ROI [8640:9216, 4032:4608, 2880:3456] (576, 576, 576)
Recording block-done for octoS0SubroiZ15683136Y78409408X1097612544Difficultsoma_pred_affs/4306 with read ROI [8144:9712, 2960:4528, 3536:5104] (1568, 1568, 1568) and write ROI [8640:9216, 3456:4032, 4032:4608] (576, 576, 576)
Recorded block-done for octoS0SubroiZ15683136Y78409408X1097612544Difficultsoma_pred_affs/4306 with read ROI [8144:9712, 2960:4528, 3536:5104] (1568, 1568, 1568) and write ROI [8640:9216, 3456:4032, 4032:4608] (576, 576, 576)
Recording block-done for octoS0SubroiZ15683136Y78409408X1097612544Difficultsoma_pred_affs/3216 with read ROI [8144:9712, 4112:5680, 656:2224] (1568, 1568, 1568) and write ROI [8640:9216, 4608:5184, 1152:1728] (576, 576, 576)
Recorded block-done for octoS0SubroiZ15683136Y78409408X1097612544Difficultsoma_pred_affs/3216 with read ROI [8144:9712, 4112:5680, 656:2224] (1568, 1568, 1568) and write ROI [8640:9216, 4608:5184, 1152:1728] (576, 576, 576)
Recording block-done for octoS0SubroiZ15683136Y78409408X1097612544Difficultsoma_pred_affs/5724 with read ROI [8144:9712, 3536:5104, 4688:6256] (1568, 1568, 1568) and write ROI [8640:9216, 4032:4608, 5184:5760] (576, 576, 576)
Recorded block-done for octoS0SubroiZ15683136Y78409408X1097612544Difficultsoma_pred_affs/5724 with read ROI [8144:9712, 3536:5104, 4688:6256] (1568, 1568, 1568) and write ROI [8640:9216, 4032:4608, 5184:5760] (576, 576, 576)
Recording block-done for octoS0SubroiZ15683136Y78409408X1097612544Difficultsoma_pred_affs/7431 with read ROI [8144:9712, 4112:5680, 5840:7408] (1568, 1568, 1568) and write ROI [8640:9216, 4608:5184, 6336:6912] (576, 576, 576)
Recorded block-done for octoS0SubroiZ15683136Y78409408X1097612544Difficultsoma_pred_affs/7431 with read ROI [8144:9712, 4112:5680, 5840:7408] (1568, 1568, 1568) and write ROI [8640:9216, 4608:5184, 6336:6912] (576, 576, 576)
Recording block-done for octoS0SubroiZ15683136Y78409408X1097612544Difficultsoma_pred_affs/10148 with read ROI [8144:9712, 3536:5104, 8720:10288] (1568, 1568, 1568) and write ROI [8640:9216, 4032:4608, 9216:9792] (576, 576, 576)
Recorded block-done for octoS0SubroiZ15683136Y78409408X1097612544Difficultsoma_pred_affs/10148 with read ROI [8144:9712, 3536:5104, 8720:10288] (1568, 1568, 1568) and write ROI [8640:9216, 4032:4608, 9216:9792] (576, 576, 576)
Recording block-done for octoS0SubroiZ15683136Y78409408X1097612544Difficultsoma_pred_affs/12632 with read ROI [8144:9712, 4112:5680, 9872:11440] (1568, 1568, 1568) and write ROI [8640:9216, 4608:5184, 10368:10944] (576, 576, 576)
Recorded block-done for octoS0SubroiZ15683136Y78409408X1097612544Difficultsoma_pred_affs/12632 with read ROI [8144:9712, 4112:5680, 9872:11440] (1568, 1568, 1568) and write ROI [8640:9216, 4608:5184, 10368:10944] (576, 576, 576)
Recording block-done for octoS0SubroiZ15683136Y78409408X1097612544Difficultsoma_pred_affs/9430 with read ROI [8144:9712, 4112:5680, 7568:9136] (1568, 1568, 1568) and write ROI [8640:9216, 4608:5184, 8064:8640] (576, 576, 576)
Recorded block-done for octoS0SubroiZ15683136Y78409408X1097612544Difficultsoma_pred_affs/9430 with read ROI [8144:9712, 4112:5680, 7568:9136] (1568, 1568, 1568) and write ROI [8640:9216, 4608:5184, 8064:8640] (576, 576, 576)
Recording block-done for octoS0SubroiZ15683136Y78409408X1097612544Difficultsoma_pred_affs/8704 with read ROI [8144:9712, 3536:5104, 7568:9136] (1568, 1568, 1568) and write ROI [8640:9216, 4032:4608, 8064:8640] (576, 576, 576)
Recorded block-done for octoS0SubroiZ15683136Y78409408X1097612544Difficultsoma_pred_affs/8704 with read ROI [8144:9712, 3536:5104, 7568:9136] (1568, 1568, 1568) and write ROI [8640:9216, 4032:4608, 8064:8640] (576, 576, 576)
Recording block-done for octoS0SubroiZ15683136Y78409408X1097612544Difficultsoma_pred_affs/5771 with read ROI [8144:9712, 4688:6256, 3536:5104] (1568, 1568, 1568) and write ROI [8640:9216, 5184:5760, 4032:4608] (576, 576, 576)
Recorded block-done for octoS0SubroiZ15683136Y78409408X1097612544Difficultsoma_pred_affs/5771 with read ROI [8144:9712, 4688:6256, 3536:5104] (1568, 1568, 1568) and write ROI [8640:9216, 5184:5760, 4032:4608] (576, 576, 576)
Recording block-done for octoS0SubroiZ15683136Y78409408X1097612544Difficultsoma_pred_affs/14505 with read ROI [8144:9712, 4688:6256, 10448:12016] (1568, 1568, 1568) and write ROI [8640:9216, 5184:5760, 10944:11520] (576, 576, 576)
Recorded block-done for octoS0SubroiZ15683136Y78409408X1097612544Difficultsoma_pred_affs/14505 with read ROI [8144:9712, 4688:6256, 10448:12016] (1568, 1568, 1568) and write ROI [8640:9216, 5184:5760, 10944:11520] (576, 576, 576)
Recording block-done for octoS0SubroiZ15683136Y78409408X1097612544Difficultsoma_pred_affs/4020 with read ROI [8144:9712, 5840:7408, 80:1648] (1568, 1568, 1568) and write ROI [8640:9216, 6336:6912, 576:1152] (576, 576, 576)
Recorded block-done for octoS0SubroiZ15683136Y78409408X1097612544Difficultsoma_pred_affs/4020 with read ROI [8144:9712, 5840:7408, 80:1648] (1568, 1568, 1568) and write ROI [8640:9216, 6336:6912, 576:1152] (576, 576, 576)
Recording block-done for octoS0SubroiZ15683136Y78409408X1097612544Difficultsoma_pred_affs/6377 with read ROI [8144:9712, 6416:7984, 2384:3952] (1568, 1568, 1568) and write ROI [8640:9216, 6912:7488, 2880:3456] (576, 576, 576)
Recorded block-done for octoS0SubroiZ15683136Y78409408X1097612544Difficultsoma_pred_affs/6377 with read ROI [8144:9712, 6416:7984, 2384:3952] (1568, 1568, 1568) and write ROI [8640:9216, 6912:7488, 2880:3456] (576, 576, 576)
Recording block-done for octoS0SubroiZ15683136Y78409408X1097612544Difficultsoma_pred_affs/11026 with read ROI [8144:9712, 5840:7408, 6992:8560] (1568, 1568, 1568) and write ROI [8640:9216, 6336:6912, 7488:8064] (576, 576, 576)
Recorded block-done for octoS0SubroiZ15683136Y78409408X1097612544Difficultsoma_pred_affs/11026 with read ROI [8144:9712, 5840:7408, 6992:8560] (1568, 1568, 1568) and write ROI [8640:9216, 6336:6912, 7488:8064] (576, 576, 576)
Recording block-done for octoS0SubroiZ15683136Y78409408X1097612544Difficultsoma_pred_affs/11053 with read ROI [8144:9712, 6416:7984, 6416:7984] (1568, 1568, 1568) and write ROI [8640:9216, 6912:7488, 6912:7488] (576, 576, 576)
Recorded block-done for octoS0SubroiZ15683136Y78409408X1097612544Difficultsoma_pred_affs/11053 with read ROI [8144:9712, 6416:7984, 6416:7984] (1568, 1568, 1568) and write ROI [8640:9216, 6912:7488, 6912:7488] (576, 576, 576)
Recording block-done for octoS0SubroiZ15683136Y78409408X1097612544Difficultsoma_pred_affs/16608 with read ROI [8144:9712, 6416:7984, 9872:11440] (1568, 1568, 1568) and write ROI [8640:9216, 6912:7488, 10368:10944] (576, 576, 576)
Recorded block-done for octoS0SubroiZ15683136Y78409408X1097612544Difficultsoma_pred_affs/16608 with read ROI [8144:9712, 6416:7984, 9872:11440] (1568, 1568, 1568) and write ROI [8640:9216, 6912:7488, 10368:10944] (576, 576, 576)
Recording block-done for octoS0SubroiZ15683136Y78409408X1097612544Difficultsoma_pred_affs/11081 with read ROI [8144:9712, 6992:8560, 5840:7408] (1568, 1568, 1568) and write ROI [8640:9216, 7488:8064, 6336:6912] (576, 576, 576)
Recorded block-done for octoS0SubroiZ15683136Y78409408X1097612544Difficultsoma_pred_affs/11081 with read ROI [8144:9712, 6992:8560, 5840:7408] (1568, 1568, 1568) and write ROI [8640:9216, 7488:8064, 6336:6912] (576, 576, 576)
Recording block-done for octoS0SubroiZ15683136Y78409408X1097612544Difficultsoma_pred_affs/8857 with read ROI [8144:9712, 6992:8560, 4112:5680] (1568, 1568, 1568) and write ROI [8640:9216, 7488:8064, 4608:5184] (576, 576, 576)
Recorded block-done for octoS0SubroiZ15683136Y78409408X1097612544Difficultsoma_pred_affs/8857 with read ROI [8144:9712, 6992:8560, 4112:5680] (1568, 1568, 1568) and write ROI [8640:9216, 7488:8064, 4608:5184] (576, 576, 576)
Recording block-done for octoS0SubroiZ15683136Y78409408X1097612544Difficultsoma_pred_affs/11901 with read ROI [8144:9712, 6992:8560, 6416:7984] (1568, 1568, 1568) and write ROI [8640:9216, 7488:8064, 6912:7488] (576, 576, 576)
Recorded block-done for octoS0SubroiZ15683136Y78409408X1097612544Difficultsoma_pred_affs/11901 with read ROI [8144:9712, 6992:8560, 6416:7984] (1568, 1568, 1568) and write ROI [8640:9216, 7488:8064, 6912:7488] (576, 576, 576)
Recording block-done for octoS0SubroiZ15683136Y78409408X1097612544Difficultsoma_pred_affs/5906 with read ROI [8144:9712, 7568:9136, 656:2224] (1568, 1568, 1568) and write ROI [8640:9216, 8064:8640, 1152:1728] (576, 576, 576)
Recorded block-done for octoS0SubroiZ15683136Y78409408X1097612544Difficultsoma_pred_affs/5906 with read ROI [8144:9712, 7568:9136, 656:2224] (1568, 1568, 1568) and write ROI [8640:9216, 8064:8640, 1152:1728] (576, 576, 576)
Recording block-done for octoS0SubroiZ15683136Y78409408X1097612544Difficultsoma_pred_affs/8250 with read ROI [8144:9712, 8144:9712, 2384:3952] (1568, 1568, 1568) and write ROI [8640:9216, 8640:9216, 2880:3456] (576, 576, 576)
Recorded block-done for octoS0SubroiZ15683136Y78409408X1097612544Difficultsoma_pred_affs/8250 with read ROI [8144:9712, 8144:9712, 2384:3952] (1568, 1568, 1568) and write ROI [8640:9216, 8640:9216, 2880:3456] (576, 576, 576)
Recording block-done for octoS0SubroiZ15683136Y78409408X1097612544Difficultsoma_pred_affs/20050 with read ROI [8144:9712, 7568:9136, 10448:12016] (1568, 1568, 1568) and write ROI [8640:9216, 8064:8640, 10944:11520] (576, 576, 576)
Recorded block-done for octoS0SubroiZ15683136Y78409408X1097612544Difficultsoma_pred_affs/20050 with read ROI [8144:9712, 7568:9136, 10448:12016] (1568, 1568, 1568) and write ROI [8640:9216, 8064:8640, 10944:11520] (576, 576, 576)
Recording block-done for octoS0SubroiZ15683136Y78409408X1097612544Difficultsoma_pred_affs/11140 with read ROI [8144:9712, 8144:9712, 4688:6256] (1568, 1568, 1568) and write ROI [8640:9216, 8640:9216, 5184:5760] (576, 576, 576)
Recorded block-done for octoS0SubroiZ15683136Y78409408X1097612544Difficultsoma_pred_affs/11140 with read ROI [8144:9712, 8144:9712, 4688:6256] (1568, 1568, 1568) and write ROI [8640:9216, 8640:9216, 5184:5760] (576, 576, 576)
Recording block-done for octoS0SubroiZ15683136Y78409408X1097612544Difficultsoma_pred_affs/6495 with read ROI [8144:9712, 8720:10288, 80:1648] (1568, 1568, 1568) and write ROI [8640:9216, 9216:9792, 576:1152] (576, 576, 576)
Recorded block-done for octoS0SubroiZ15683136Y78409408X1097612544Difficultsoma_pred_affs/6495 with read ROI [8144:9712, 8720:10288, 80:1648] (1568, 1568, 1568) and write ROI [8640:9216, 9216:9792, 576:1152] (576, 576, 576)
Recording block-done for octoS0SubroiZ15683136Y78409408X1097612544Difficultsoma_pred_affs/15630 with read ROI [8144:9712, 7568:9136, 8144:9712] (1568, 1568, 1568) and write ROI [8640:9216, 8064:8640, 8640:9216] (576, 576, 576)
Recorded block-done for octoS0SubroiZ15683136Y78409408X1097612544Difficultsoma_pred_affs/15630 with read ROI [8144:9712, 7568:9136, 8144:9712] (1568, 1568, 1568) and write ROI [8640:9216, 8064:8640, 8640:9216] (576, 576, 576)
Recording block-done for octoS0SubroiZ15683136Y78409408X1097612544Difficultsoma_pred_affs/20080 with read ROI [8144:9712, 8144:9712, 9872:11440] (1568, 1568, 1568) and write ROI [8640:9216, 8640:9216, 10368:10944] (576, 576, 576)
Recorded block-done for octoS0SubroiZ15683136Y78409408X1097612544Difficultsoma_pred_affs/20080 with read ROI [8144:9712, 8144:9712, 9872:11440] (1568, 1568, 1568) and write ROI [8640:9216, 8640:9216, 10368:10944] (576, 576, 576)
Recording block-done for octoS0SubroiZ15683136Y78409408X1097612544Difficultsoma_pred_affs/21336 with read ROI [8144:9712, 8720:10288, 9872:11440] (1568, 1568, 1568) and write ROI [8640:9216, 9216:9792, 10368:10944] (576, 576, 576)
Recorded block-done for octoS0SubroiZ15683136Y78409408X1097612544Difficultsoma_pred_affs/21336 with read ROI [8144:9712, 8720:10288, 9872:11440] (1568, 1568, 1568) and write ROI [8640:9216, 9216:9792, 10368:10944] (576, 576, 576)
Recording block-done for octoS0SubroiZ15683136Y78409408X1097612544Difficultsoma_pred_affs/7683 with read ROI [8144:9712, 9296:10864, 656:2224] (1568, 1568, 1568) and write ROI [8640:9216, 9792:10368, 1152:1728] (576, 576, 576)
Recorded block-done for octoS0SubroiZ15683136Y78409408X1097612544Difficultsoma_pred_affs/7683 with read ROI [8144:9712, 9296:10864, 656:2224] (1568, 1568, 1568) and write ROI [8640:9216, 9792:10368, 1152:1728] (576, 576, 576)
Recording block-done for octoS0SubroiZ15683136Y78409408X1097612544Difficultsoma_pred_affs/15691 with read ROI [8144:9712, 8720:10288, 6992:8560] (1568, 1568, 1568) and write ROI [8640:9216, 9216:9792, 7488:8064] (576, 576, 576)
Recorded block-done for octoS0SubroiZ15683136Y78409408X1097612544Difficultsoma_pred_affs/15691 with read ROI [8144:9712, 8720:10288, 6992:8560] (1568, 1568, 1568) and write ROI [8640:9216, 9216:9792, 7488:8064] (576, 576, 576)
Recording block-done for octoS0SubroiZ15683136Y78409408X1097612544Difficultsoma_pred_affs/16726 with read ROI [8144:9712, 8720:10288, 7568:9136] (1568, 1568, 1568) and write ROI [8640:9216, 9216:9792, 8064:8640] (576, 576, 576)
Recorded block-done for octoS0SubroiZ15683136Y78409408X1097612544Difficultsoma_pred_affs/16726 with read ROI [8144:9712, 8720:10288, 7568:9136] (1568, 1568, 1568) and write ROI [8640:9216, 9216:9792, 8064:8640] (576, 576, 576)
Recording block-done for octoS0SubroiZ15683136Y78409408X1097612544Difficultsoma_pred_affs/12023 with read ROI [8144:9712, 9296:10864, 4112:5680] (1568, 1568, 1568) and write ROI [8640:9216, 9792:10368, 4608:5184] (576, 576, 576)
Recorded block-done for octoS0SubroiZ15683136Y78409408X1097612544Difficultsoma_pred_affs/12023 with read ROI [8144:9712, 9296:10864, 4112:5680] (1568, 1568, 1568) and write ROI [8640:9216, 9792:10368, 4608:5184] (576, 576, 576)
Recording block-done for octoS0SubroiZ15683136Y78409408X1097612544Difficultsoma_pred_affs/22643 with read ROI [8144:9712, 9296:10864, 9872:11440] (1568, 1568, 1568) and write ROI [8640:9216, 9792:10368, 10368:10944] (576, 576, 576)
Recorded block-done for octoS0SubroiZ15683136Y78409408X1097612544Difficultsoma_pred_affs/22643 with read ROI [8144:9712, 9296:10864, 9872:11440] (1568, 1568, 1568) and write ROI [8640:9216, 9792:10368, 10368:10944] (576, 576, 576)
Recording block-done for octoS0SubroiZ15683136Y78409408X1097612544Difficultsoma_pred_affs/10456 with read ROI [8144:9712, 9872:11440, 2384:3952] (1568, 1568, 1568) and write ROI [8640:9216, 10368:10944, 2880:3456] (576, 576, 576)
Recorded block-done for octoS0SubroiZ15683136Y78409408X1097612544Difficultsoma_pred_affs/10456 with read ROI [8144:9712, 9872:11440, 2384:3952] (1568, 1568, 1568) and write ROI [8640:9216, 10368:10944, 2880:3456] (576, 576, 576)
Recording block-done for octoS0SubroiZ15683136Y78409408X1097612544Difficultsoma_pred_affs/15756 with read ROI [8144:9712, 9872:11440, 5840:7408] (1568, 1568, 1568) and write ROI [8640:9216, 10368:10944, 6336:6912] (576, 576, 576)
Recorded block-done for octoS0SubroiZ15683136Y78409408X1097612544Difficultsoma_pred_affs/15756 with read ROI [8144:9712, 9872:11440, 5840:7408] (1568, 1568, 1568) and write ROI [8640:9216, 10368:10944, 6336:6912] (576, 576, 576)
Recording block-done for octoS0SubroiZ15683136Y78409408X1097612544Difficultsoma_pred_affs/13820 with read ROI [8144:9712, 9872:11440, 4688:6256] (1568, 1568, 1568) and write ROI [8640:9216, 10368:10944, 5184:5760] (576, 576, 576)
Recorded block-done for octoS0SubroiZ15683136Y78409408X1097612544Difficultsoma_pred_affs/13820 with read ROI [8144:9712, 9872:11440, 4688:6256] (1568, 1568, 1568) and write ROI [8640:9216, 10368:10944, 5184:5760] (576, 576, 576)
Recording block-done for octoS0SubroiZ15683136Y78409408X1097612544Difficultsoma_pred_affs/17872 with read ROI [8144:9712, 9872:11440, 6992:8560] (1568, 1568, 1568) and write ROI [8640:9216, 10368:10944, 7488:8064] (576, 576, 576)
Recorded block-done for octoS0SubroiZ15683136Y78409408X1097612544Difficultsoma_pred_affs/17872 with read ROI [8144:9712, 9872:11440, 6992:8560] (1568, 1568, 1568) and write ROI [8640:9216, 10368:10944, 7488:8064] (576, 576, 576)
Recording block-done for octoS0SubroiZ15683136Y78409408X1097612544Difficultsoma_pred_affs/8380 with read ROI [8144:9712, 10448:12016, 80:1648] (1568, 1568, 1568) and write ROI [8640:9216, 10944:11520, 576:1152] (576, 576, 576)
Recorded block-done for octoS0SubroiZ15683136Y78409408X1097612544Difficultsoma_pred_affs/8380 with read ROI [8144:9712, 10448:12016, 80:1648] (1568, 1568, 1568) and write ROI [8640:9216, 10944:11520, 576:1152] (576, 576, 576)
Recording block-done for octoS0SubroiZ15683136Y78409408X1097612544Difficultsoma_pred_affs/17906 with read ROI [8144:9712, 10448:12016, 6416:7984] (1568, 1568, 1568) and write ROI [8640:9216, 10944:11520, 6912:7488] (576, 576, 576)
Recorded block-done for octoS0SubroiZ15683136Y78409408X1097612544Difficultsoma_pred_affs/17906 with read ROI [8144:9712, 10448:12016, 6416:7984] (1568, 1568, 1568) and write ROI [8640:9216, 10944:11520, 6912:7488] (576, 576, 576)
Recording block-done for octoS0SubroiZ15683136Y78409408X1097612544Difficultsoma_pred_affs/1940 with read ROI [8720:10288, 80:1648, 1808:3376] (1568, 1568, 1568) and write ROI [9216:9792, 576:1152, 2304:2880] (576, 576, 576)
Recorded block-done for octoS0SubroiZ15683136Y78409408X1097612544Difficultsoma_pred_affs/1940 with read ROI [8720:10288, 80:1648, 1808:3376] (1568, 1568, 1568) and write ROI [9216:9792, 576:1152, 2304:2880] (576, 576, 576)
Recording block-done for octoS0SubroiZ15683136Y78409408X1097612544Difficultsoma_pred_affs/2487 with read ROI [8720:10288, 656:2224, 2384:3952] (1568, 1568, 1568) and write ROI [9216:9792, 1152:1728, 2880:3456] (576, 576, 576)
Recorded block-done for octoS0SubroiZ15683136Y78409408X1097612544Difficultsoma_pred_affs/2487 with read ROI [8720:10288, 656:2224, 2384:3952] (1568, 1568, 1568) and write ROI [9216:9792, 1152:1728, 2880:3456] (576, 576, 576)
Recording block-done for octoS0SubroiZ15683136Y78409408X1097612544Difficultsoma_pred_affs/2469 with read ROI [8720:10288, 80:1648, 2960:4528] (1568, 1568, 1568) and write ROI [9216:9792, 576:1152, 3456:4032] (576, 576, 576)
Recorded block-done for octoS0SubroiZ15683136Y78409408X1097612544Difficultsoma_pred_affs/2469 with read ROI [8720:10288, 80:1648, 2960:4528] (1568, 1568, 1568) and write ROI [9216:9792, 576:1152, 3456:4032] (576, 576, 576)
Recording block-done for octoS0SubroiZ15683136Y78409408X1097612544Difficultsoma_pred_affs/5625 with read ROI [8720:10288, 80:1648, 7568:9136] (1568, 1568, 1568) and write ROI [9216:9792, 576:1152, 8064:8640] (576, 576, 576)
Recorded block-done for octoS0SubroiZ15683136Y78409408X1097612544Difficultsoma_pred_affs/5625 with read ROI [8720:10288, 80:1648, 7568:9136] (1568, 1568, 1568) and write ROI [9216:9792, 576:1152, 8064:8640] (576, 576, 576)
Recording block-done for octoS0SubroiZ15683136Y78409408X1097612544Difficultsoma_pred_affs/6153 with read ROI [8720:10288, 80:1648, 8144:9712] (1568, 1568, 1568) and write ROI [9216:9792, 576:1152, 8640:9216] (576, 576, 576)
Recorded block-done for octoS0SubroiZ15683136Y78409408X1097612544Difficultsoma_pred_affs/6153 with read ROI [8720:10288, 80:1648, 8144:9712] (1568, 1568, 1568) and write ROI [9216:9792, 576:1152, 8640:9216] (576, 576, 576)
Recording block-done for octoS0SubroiZ15683136Y78409408X1097612544Difficultsoma_pred_affs/4247 with read ROI [8720:10288, 656:2224, 5264:6832] (1568, 1568, 1568) and write ROI [9216:9792, 1152:1728, 5760:6336] (576, 576, 576)
Recorded block-done for octoS0SubroiZ15683136Y78409408X1097612544Difficultsoma_pred_affs/4247 with read ROI [8720:10288, 656:2224, 5264:6832] (1568, 1568, 1568) and write ROI [9216:9792, 1152:1728, 5760:6336] (576, 576, 576)
Recording block-done for octoS0SubroiZ15683136Y78409408X1097612544Difficultsoma_pred_affs/3860 with read ROI [8720:10288, 1232:2800, 4112:5680] (1568, 1568, 1568) and write ROI [9216:9792, 1728:2304, 4608:5184] (576, 576, 576)
Recorded block-done for octoS0SubroiZ15683136Y78409408X1097612544Difficultsoma_pred_affs/3860 with read ROI [8720:10288, 1232:2800, 4112:5680] (1568, 1568, 1568) and write ROI [9216:9792, 1728:2304, 4608:5184] (576, 576, 576)
Recording block-done for octoS0SubroiZ15683136Y78409408X1097612544Difficultsoma_pred_affs/4701 with read ROI [8720:10288, 1232:2800, 5264:6832] (1568, 1568, 1568) and write ROI [9216:9792, 1728:2304, 5760:6336] (576, 576, 576)
Recorded block-done for octoS0SubroiZ15683136Y78409408X1097612544Difficultsoma_pred_affs/4701 with read ROI [8720:10288, 1232:2800, 5264:6832] (1568, 1568, 1568) and write ROI [9216:9792, 1728:2304, 5760:6336] (576, 576, 576)
Recording block-done for octoS0SubroiZ15683136Y78409408X1097612544Difficultsoma_pred_affs/5662 with read ROI [8720:10288, 1232:2800, 6416:7984] (1568, 1568, 1568) and write ROI [9216:9792, 1728:2304, 6912:7488] (576, 576, 576)
Recorded block-done for octoS0SubroiZ15683136Y78409408X1097612544Difficultsoma_pred_affs/5662 with read ROI [8720:10288, 1232:2800, 6416:7984] (1568, 1568, 1568) and write ROI [9216:9792, 1728:2304, 6912:7488] (576, 576, 576)
Recording block-done for octoS0SubroiZ15683136Y78409408X1097612544Difficultsoma_pred_affs/2506 with read ROI [8720:10288, 1232:2800, 1808:3376] (1568, 1568, 1568) and write ROI [9216:9792, 1728:2304, 2304:2880] (576, 576, 576)
Recorded block-done for octoS0SubroiZ15683136Y78409408X1097612544Difficultsoma_pred_affs/2506 with read ROI [8720:10288, 1232:2800, 1808:3376] (1568, 1568, 1568) and write ROI [9216:9792, 1728:2304, 2304:2880] (576, 576, 576)
Recording block-done for octoS0SubroiZ15683136Y78409408X1097612544Difficultsoma_pred_affs/10086 with read ROI [8720:10288, 1232:2800, 10448:12016] (1568, 1568, 1568) and write ROI [9216:9792, 1728:2304, 10944:11520] (576, 576, 576)
Recorded block-done for octoS0SubroiZ15683136Y78409408X1097612544Difficultsoma_pred_affs/10086 with read ROI [8720:10288, 1232:2800, 10448:12016] (1568, 1568, 1568) and write ROI [9216:9792, 1728:2304, 10944:11520] (576, 576, 576)
Recording block-done for octoS0SubroiZ15683136Y78409408X1097612544Difficultsoma_pred_affs/1997 with read ROI [8720:10288, 1808:3376, 80:1648] (1568, 1568, 1568) and write ROI [9216:9792, 2304:2880, 576:1152] (576, 576, 576)
Recorded block-done for octoS0SubroiZ15683136Y78409408X1097612544Difficultsoma_pred_affs/1997 with read ROI [8720:10288, 1808:3376, 80:1648] (1568, 1568, 1568) and write ROI [9216:9792, 2304:2880, 576:1152] (576, 576, 576)
Recording block-done for octoS0SubroiZ15683136Y78409408X1097612544Difficultsoma_pred_affs/5682 with read ROI [8720:10288, 1808:3376, 5840:7408] (1568, 1568, 1568) and write ROI [9216:9792, 2304:2880, 6336:6912] (576, 576, 576)
Recorded block-done for octoS0SubroiZ15683136Y78409408X1097612544Difficultsoma_pred_affs/5682 with read ROI [8720:10288, 1808:3376, 5840:7408] (1568, 1568, 1568) and write ROI [9216:9792, 2304:2880, 6336:6912] (576, 576, 576)
Recording block-done for octoS0SubroiZ15683136Y78409408X1097612544Difficultsoma_pred_affs/3523 with read ROI [8720:10288, 2384:3952, 2384:3952] (1568, 1568, 1568) and write ROI [9216:9792, 2880:3456, 2880:3456] (576, 576, 576)
Recorded block-done for octoS0SubroiZ15683136Y78409408X1097612544Difficultsoma_pred_affs/3523 with read ROI [8720:10288, 2384:3952, 2384:3952] (1568, 1568, 1568) and write ROI [9216:9792, 2880:3456, 2880:3456] (576, 576, 576)
Recording block-done for octoS0SubroiZ15683136Y78409408X1097612544Difficultsoma_pred_affs/4307 with read ROI [8720:10288, 2384:3952, 3536:5104] (1568, 1568, 1568) and write ROI [9216:9792, 2880:3456, 4032:4608] (576, 576, 576)
Recorded block-done for octoS0SubroiZ15683136Y78409408X1097612544Difficultsoma_pred_affs/4307 with read ROI [8720:10288, 2384:3952, 3536:5104] (1568, 1568, 1568) and write ROI [9216:9792, 2880:3456, 4032:4608] (576, 576, 576)
Recording block-done for octoS0SubroiZ15683136Y78409408X1097612544Difficultsoma_pred_affs/4742 with read ROI [8720:10288, 2384:3952, 4112:5680] (1568, 1568, 1568) and write ROI [9216:9792, 2880:3456, 4608:5184] (576, 576, 576)
Recorded block-done for octoS0SubroiZ15683136Y78409408X1097612544Difficultsoma_pred_affs/4742 with read ROI [8720:10288, 2384:3952, 4112:5680] (1568, 1568, 1568) and write ROI [9216:9792, 2880:3456, 4608:5184] (576, 576, 576)
Recording block-done for octoS0SubroiZ15683136Y78409408X1097612544Difficultsoma_pred_affs/7387 with read ROI [8720:10288, 2384:3952, 6992:8560] (1568, 1568, 1568) and write ROI [9216:9792, 2880:3456, 7488:8064] (576, 576, 576)
Recorded block-done for octoS0SubroiZ15683136Y78409408X1097612544Difficultsoma_pred_affs/7387 with read ROI [8720:10288, 2384:3952, 6992:8560] (1568, 1568, 1568) and write ROI [9216:9792, 2880:3456, 7488:8064] (576, 576, 576)
Recording block-done for octoS0SubroiZ15683136Y78409408X1097612544Difficultsoma_pred_affs/6253 with read ROI [8720:10288, 2960:4528, 5264:6832] (1568, 1568, 1568) and write ROI [9216:9792, 3456:4032, 5760:6336] (576, 576, 576)
Recorded block-done for octoS0SubroiZ15683136Y78409408X1097612544Difficultsoma_pred_affs/6253 with read ROI [8720:10288, 2960:4528, 5264:6832] (1568, 1568, 1568) and write ROI [9216:9792, 3456:4032, 5760:6336] (576, 576, 576)
Recording block-done for octoS0SubroiZ15683136Y78409408X1097612544Difficultsoma_pred_affs/11749 with read ROI [8720:10288, 2960:4528, 9872:11440] (1568, 1568, 1568) and write ROI [9216:9792, 3456:4032, 10368:10944] (576, 576, 576)
Recorded block-done for octoS0SubroiZ15683136Y78409408X1097612544Difficultsoma_pred_affs/11749 with read ROI [8720:10288, 2960:4528, 9872:11440] (1568, 1568, 1568) and write ROI [9216:9792, 3456:4032, 10368:10944] (576, 576, 576)
Recording block-done for octoS0SubroiZ15683136Y78409408X1097612544Difficultsoma_pred_affs/3217 with read ROI [8720:10288, 3536:5104, 656:2224] (1568, 1568, 1568) and write ROI [9216:9792, 4032:4608, 1152:1728] (576, 576, 576)
Recorded block-done for octoS0SubroiZ15683136Y78409408X1097612544Difficultsoma_pred_affs/3217 with read ROI [8720:10288, 3536:5104, 656:2224] (1568, 1568, 1568) and write ROI [9216:9792, 4032:4608, 1152:1728] (576, 576, 576)
Recording block-done for octoS0SubroiZ15683136Y78409408X1097612544Difficultsoma_pred_affs/8039 with read ROI [8720:10288, 2960:4528, 6992:8560] (1568, 1568, 1568) and write ROI [9216:9792, 3456:4032, 7488:8064] (576, 576, 576)
Recorded block-done for octoS0SubroiZ15683136Y78409408X1097612544Difficultsoma_pred_affs/8039 with read ROI [8720:10288, 2960:4528, 6992:8560] (1568, 1568, 1568) and write ROI [9216:9792, 3456:4032, 7488:8064] (576, 576, 576)
Recording block-done for octoS0SubroiZ15683136Y78409408X1097612544Difficultsoma_pred_affs/5748 with read ROI [8720:10288, 3536:5104, 4112:5680] (1568, 1568, 1568) and write ROI [9216:9792, 4032:4608, 4608:5184] (576, 576, 576)
Recorded block-done for octoS0SubroiZ15683136Y78409408X1097612544Difficultsoma_pred_affs/5748 with read ROI [8720:10288, 3536:5104, 4112:5680] (1568, 1568, 1568) and write ROI [9216:9792, 4032:4608, 4608:5184] (576, 576, 576)
Recording block-done for octoS0SubroiZ15683136Y78409408X1097612544Difficultsoma_pred_affs/8062 with read ROI [8720:10288, 3536:5104, 6416:7984] (1568, 1568, 1568) and write ROI [9216:9792, 4032:4608, 6912:7488] (576, 576, 576)
Recorded block-done for octoS0SubroiZ15683136Y78409408X1097612544Difficultsoma_pred_affs/8062 with read ROI [8720:10288, 3536:5104, 6416:7984] (1568, 1568, 1568) and write ROI [9216:9792, 4032:4608, 6912:7488] (576, 576, 576)
Recording block-done for octoS0SubroiZ15683136Y78409408X1097612544Difficultsoma_pred_affs/3592 with read ROI [8720:10288, 4112:5680, 656:2224] (1568, 1568, 1568) and write ROI [9216:9792, 4608:5184, 1152:1728] (576, 576, 576)
Recorded block-done for octoS0SubroiZ15683136Y78409408X1097612544Difficultsoma_pred_affs/3592 with read ROI [8720:10288, 4112:5680, 656:2224] (1568, 1568, 1568) and write ROI [9216:9792, 4608:5184, 1152:1728] (576, 576, 576)
Recording block-done for octoS0SubroiZ15683136Y78409408X1097612544Difficultsoma_pred_affs/4811 with read ROI [8720:10288, 4112:5680, 2384:3952] (1568, 1568, 1568) and write ROI [9216:9792, 4608:5184, 2880:3456] (576, 576, 576)
Recorded block-done for octoS0SubroiZ15683136Y78409408X1097612544Difficultsoma_pred_affs/4811 with read ROI [8720:10288, 4112:5680, 2384:3952] (1568, 1568, 1568) and write ROI [9216:9792, 4608:5184, 2880:3456] (576, 576, 576)
Recording block-done for octoS0SubroiZ15683136Y78409408X1097612544Difficultsoma_pred_affs/8086 with read ROI [8720:10288, 4112:5680, 5840:7408] (1568, 1568, 1568) and write ROI [9216:9792, 4608:5184, 6336:6912] (576, 576, 576)
Recorded block-done for octoS0SubroiZ15683136Y78409408X1097612544Difficultsoma_pred_affs/8086 with read ROI [8720:10288, 4112:5680, 5840:7408] (1568, 1568, 1568) and write ROI [9216:9792, 4608:5184, 6336:6912] (576, 576, 576)
Recording block-done for octoS0SubroiZ15683136Y78409408X1097612544Difficultsoma_pred_affs/11796 with read ROI [8720:10288, 4112:5680, 8720:10288] (1568, 1568, 1568) and write ROI [9216:9792, 4608:5184, 9216:9792] (576, 576, 576)
Recorded block-done for octoS0SubroiZ15683136Y78409408X1097612544Difficultsoma_pred_affs/11796 with read ROI [8720:10288, 4112:5680, 8720:10288] (1568, 1568, 1568) and write ROI [9216:9792, 4608:5184, 9216:9792] (576, 576, 576)
Recording block-done for octoS0SubroiZ15683136Y78409408X1097612544Difficultsoma_pred_affs/12657 with read ROI [8720:10288, 4112:5680, 9296:10864] (1568, 1568, 1568) and write ROI [9216:9792, 4608:5184, 9792:10368] (576, 576, 576)
Recorded block-done for octoS0SubroiZ15683136Y78409408X1097612544Difficultsoma_pred_affs/12657 with read ROI [8720:10288, 4112:5680, 9296:10864] (1568, 1568, 1568) and write ROI [9216:9792, 4608:5184, 9792:10368] (576, 576, 576)
Recording block-done for octoS0SubroiZ15683136Y78409408X1097612544Difficultsoma_pred_affs/12682 with read ROI [8720:10288, 4688:6256, 8720:10288] (1568, 1568, 1568) and write ROI [9216:9792, 5184:5760, 9216:9792] (576, 576, 576)
Recording block-done for octoS0SubroiZ15683136Y78409408X1097612544Difficultsoma_pred_affs/6325 with read ROI [8720:10288, 4688:6256, 3536:5104] (1568, 1568, 1568) and write ROI [9216:9792, 5184:5760, 4032:4608] (576, 576, 576)
Recorded block-done for octoS0SubroiZ15683136Y78409408X1097612544Difficultsoma_pred_affs/12682 with read ROI [8720:10288, 4688:6256, 8720:10288] (1568, 1568, 1568) and write ROI [9216:9792, 5184:5760, 9216:9792] (576, 576, 576)
Recorded block-done for octoS0SubroiZ15683136Y78409408X1097612544Difficultsoma_pred_affs/6325 with read ROI [8720:10288, 4688:6256, 3536:5104] (1568, 1568, 1568) and write ROI [9216:9792, 5184:5760, 4032:4608] (576, 576, 576)
Recording block-done for octoS0SubroiZ15683136Y78409408X1097612544Difficultsoma_pred_affs/15521 with read ROI [8720:10288, 4688:6256, 10448:12016] (1568, 1568, 1568) and write ROI [9216:9792, 5184:5760, 10944:11520] (576, 576, 576)
Recorded block-done for octoS0SubroiZ15683136Y78409408X1097612544Difficultsoma_pred_affs/15521 with read ROI [8720:10288, 4688:6256, 10448:12016] (1568, 1568, 1568) and write ROI [9216:9792, 5184:5760, 10944:11520] (576, 576, 576)
Recording block-done for octoS0SubroiZ15683136Y78409408X1097612544Difficultsoma_pred_affs/6351 with read ROI [8720:10288, 5264:6832, 2960:4528] (1568, 1568, 1568) and write ROI [9216:9792, 5760:6336, 3456:4032] (576, 576, 576)
Recorded block-done for octoS0SubroiZ15683136Y78409408X1097612544Difficultsoma_pred_affs/6351 with read ROI [8720:10288, 5264:6832, 2960:4528] (1568, 1568, 1568) and write ROI [9216:9792, 5760:6336, 3456:4032] (576, 576, 576)
Recording block-done for octoS0SubroiZ15683136Y78409408X1097612544Difficultsoma_pred_affs/7507 with read ROI [8720:10288, 5264:6832, 4112:5680] (1568, 1568, 1568) and write ROI [9216:9792, 5760:6336, 4608:5184] (576, 576, 576)
Recorded block-done for octoS0SubroiZ15683136Y78409408X1097612544Difficultsoma_pred_affs/7507 with read ROI [8720:10288, 5264:6832, 4112:5680] (1568, 1568, 1568) and write ROI [9216:9792, 5760:6336, 4608:5184] (576, 576, 576)
Recording block-done for octoS0SubroiZ15683136Y78409408X1097612544Difficultsoma_pred_affs/5354 with read ROI [8720:10288, 5840:7408, 1232:2800] (1568, 1568, 1568) and write ROI [9216:9792, 6336:6912, 1728:2304] (576, 576, 576)
Recorded block-done for octoS0SubroiZ15683136Y78409408X1097612544Difficultsoma_pred_affs/5354 with read ROI [8720:10288, 5840:7408, 1232:2800] (1568, 1568, 1568) and write ROI [9216:9792, 6336:6912, 1728:2304] (576, 576, 576)
Recording block-done for octoS0SubroiZ15683136Y78409408X1097612544Difficultsoma_pred_affs/7534 with read ROI [8720:10288, 5840:7408, 3536:5104] (1568, 1568, 1568) and write ROI [9216:9792, 6336:6912, 4032:4608] (576, 576, 576)
Recorded block-done for octoS0SubroiZ15683136Y78409408X1097612544Difficultsoma_pred_affs/7534 with read ROI [8720:10288, 5840:7408, 3536:5104] (1568, 1568, 1568) and write ROI [9216:9792, 6336:6912, 4032:4608] (576, 576, 576)
Recording block-done for octoS0SubroiZ15683136Y78409408X1097612544Difficultsoma_pred_affs/14584 with read ROI [8720:10288, 5840:7408, 8720:10288] (1568, 1568, 1568) and write ROI [9216:9792, 6336:6912, 9216:9792] (576, 576, 576)
Recorded block-done for octoS0SubroiZ15683136Y78409408X1097612544Difficultsoma_pred_affs/14584 with read ROI [8720:10288, 5840:7408, 8720:10288] (1568, 1568, 1568) and write ROI [9216:9792, 6336:6912, 9216:9792] (576, 576, 576)
Recording block-done for octoS0SubroiZ15683136Y78409408X1097612544Difficultsoma_pred_affs/11874 with read ROI [8720:10288, 5840:7408, 6992:8560] (1568, 1568, 1568) and write ROI [9216:9792, 6336:6912, 7488:8064] (576, 576, 576)
Recorded block-done for octoS0SubroiZ15683136Y78409408X1097612544Difficultsoma_pred_affs/11874 with read ROI [8720:10288, 5840:7408, 6992:8560] (1568, 1568, 1568) and write ROI [9216:9792, 6336:6912, 7488:8064] (576, 576, 576)
Recording block-done for octoS0SubroiZ15683136Y78409408X1097612544Difficultsoma_pred_affs/5382 with read ROI [8720:10288, 6416:7984, 656:2224] (1568, 1568, 1568) and write ROI [9216:9792, 6912:7488, 1152:1728] (576, 576, 576)
Recorded block-done for octoS0SubroiZ15683136Y78409408X1097612544Difficultsoma_pred_affs/5382 with read ROI [8720:10288, 6416:7984, 656:2224] (1568, 1568, 1568) and write ROI [9216:9792, 6912:7488, 1152:1728] (576, 576, 576)
Recording block-done for octoS0SubroiZ15683136Y78409408X1097612544Difficultsoma_pred_affs/7562 with read ROI [8720:10288, 6416:7984, 2960:4528] (1568, 1568, 1568) and write ROI [9216:9792, 6912:7488, 3456:4032] (576, 576, 576)
Recorded block-done for octoS0SubroiZ15683136Y78409408X1097612544Difficultsoma_pred_affs/7562 with read ROI [8720:10288, 6416:7984, 2960:4528] (1568, 1568, 1568) and write ROI [9216:9792, 6912:7488, 3456:4032] (576, 576, 576)
Recording block-done for octoS0SubroiZ15683136Y78409408X1097612544Difficultsoma_pred_affs/11902 with read ROI [8720:10288, 6416:7984, 6416:7984] (1568, 1568, 1568) and write ROI [9216:9792, 6912:7488, 6912:7488] (576, 576, 576)
Recorded block-done for octoS0SubroiZ15683136Y78409408X1097612544Difficultsoma_pred_affs/11902 with read ROI [8720:10288, 6416:7984, 6416:7984] (1568, 1568, 1568) and write ROI [9216:9792, 6912:7488, 6912:7488] (576, 576, 576)
Recording block-done for octoS0SubroiZ15683136Y78409408X1097612544Difficultsoma_pred_affs/15602 with read ROI [8720:10288, 6416:7984, 8720:10288] (1568, 1568, 1568) and write ROI [9216:9792, 6912:7488, 9216:9792] (576, 576, 576)
Recorded block-done for octoS0SubroiZ15683136Y78409408X1097612544Difficultsoma_pred_affs/15602 with read ROI [8720:10288, 6416:7984, 8720:10288] (1568, 1568, 1568) and write ROI [9216:9792, 6912:7488, 9216:9792] (576, 576, 576)
Recording block-done for octoS0SubroiZ15683136Y78409408X1097612544Difficultsoma_pred_affs/20051 with read ROI [8720:10288, 6992:8560, 10448:12016] (1568, 1568, 1568) and write ROI [9216:9792, 7488:8064, 10944:11520] (576, 576, 576)
Recorded block-done for octoS0SubroiZ15683136Y78409408X1097612544Difficultsoma_pred_affs/20051 with read ROI [8720:10288, 6992:8560, 10448:12016] (1568, 1568, 1568) and write ROI [9216:9792, 7488:8064, 10944:11520] (576, 576, 576)
Recording block-done for octoS0SubroiZ15683136Y78409408X1097612544Difficultsoma_pred_affs/8887 with read ROI [8720:10288, 6992:8560, 3536:5104] (1568, 1568, 1568) and write ROI [9216:9792, 7488:8064, 4032:4608] (576, 576, 576)
Recorded block-done for octoS0SubroiZ15683136Y78409408X1097612544Difficultsoma_pred_affs/8887 with read ROI [8720:10288, 6992:8560, 3536:5104] (1568, 1568, 1568) and write ROI [9216:9792, 7488:8064, 4032:4608] (576, 576, 576)
Recording block-done for octoS0SubroiZ15683136Y78409408X1097612544Difficultsoma_pred_affs/6465 with read ROI [8720:10288, 7568:9136, 656:2224] (1568, 1568, 1568) and write ROI [9216:9792, 8064:8640, 1152:1728] (576, 576, 576)
Recorded block-done for octoS0SubroiZ15683136Y78409408X1097612544Difficultsoma_pred_affs/6465 with read ROI [8720:10288, 7568:9136, 656:2224] (1568, 1568, 1568) and write ROI [9216:9792, 8064:8640, 1152:1728] (576, 576, 576)
Recording block-done for octoS0SubroiZ15683136Y78409408X1097612544Difficultsoma_pred_affs/14641 with read ROI [8720:10288, 6992:8560, 7568:9136] (1568, 1568, 1568) and write ROI [9216:9792, 7488:8064, 8064:8640] (576, 576, 576)
Recorded block-done for octoS0SubroiZ15683136Y78409408X1097612544Difficultsoma_pred_affs/14641 with read ROI [8720:10288, 6992:8560, 7568:9136] (1568, 1568, 1568) and write ROI [9216:9792, 7488:8064, 8064:8640] (576, 576, 576)
Recording block-done for octoS0SubroiZ15683136Y78409408X1097612544Difficultsoma_pred_affs/8948 with read ROI [8720:10288, 8144:9712, 2384:3952] (1568, 1568, 1568) and write ROI [9216:9792, 8640:9216, 2880:3456] (576, 576, 576)
Recorded block-done for octoS0SubroiZ15683136Y78409408X1097612544Difficultsoma_pred_affs/8948 with read ROI [8720:10288, 8144:9712, 2384:3952] (1568, 1568, 1568) and write ROI [9216:9792, 8640:9216, 2880:3456] (576, 576, 576)
Recording block-done for octoS0SubroiZ15683136Y78409408X1097612544Difficultsoma_pred_affs/7652 with read ROI [8720:10288, 8144:9712, 1232:2800] (1568, 1568, 1568) and write ROI [9216:9792, 8640:9216, 1728:2304] (576, 576, 576)
Recorded block-done for octoS0SubroiZ15683136Y78409408X1097612544Difficultsoma_pred_affs/7652 with read ROI [8720:10288, 8144:9712, 1232:2800] (1568, 1568, 1568) and write ROI [9216:9792, 8640:9216, 1728:2304] (576, 576, 576)
Recording block-done for octoS0SubroiZ15683136Y78409408X1097612544Difficultsoma_pred_affs/6496 with read ROI [8720:10288, 8144:9712, 80:1648] (1568, 1568, 1568) and write ROI [9216:9792, 8640:9216, 576:1152] (576, 576, 576)
Recorded block-done for octoS0SubroiZ15683136Y78409408X1097612544Difficultsoma_pred_affs/6496 with read ROI [8720:10288, 8144:9712, 80:1648] (1568, 1568, 1568) and write ROI [9216:9792, 8640:9216, 576:1152] (576, 576, 576)
Recording block-done for octoS0SubroiZ15683136Y78409408X1097612544Difficultsoma_pred_affs/11992 with read ROI [8720:10288, 8144:9712, 4688:6256] (1568, 1568, 1568) and write ROI [9216:9792, 8640:9216, 5184:5760] (576, 576, 576)
Recorded block-done for octoS0SubroiZ15683136Y78409408X1097612544Difficultsoma_pred_affs/11992 with read ROI [8720:10288, 8144:9712, 4688:6256] (1568, 1568, 1568) and write ROI [9216:9792, 8640:9216, 5184:5760] (576, 576, 576)
Recording block-done for octoS0SubroiZ15683136Y78409408X1097612544Difficultsoma_pred_affs/14734 with read ROI [8720:10288, 8720:10288, 5840:7408] (1568, 1568, 1568) and write ROI [9216:9792, 9216:9792, 6336:6912] (576, 576, 576)
Recorded block-done for octoS0SubroiZ15683136Y78409408X1097612544Difficultsoma_pred_affs/14734 with read ROI [8720:10288, 8720:10288, 5840:7408] (1568, 1568, 1568) and write ROI [9216:9792, 9216:9792, 6336:6912] (576, 576, 576)
Recording block-done for octoS0SubroiZ15683136Y78409408X1097612544Difficultsoma_pred_affs/16759 with read ROI [8720:10288, 8720:10288, 6992:8560] (1568, 1568, 1568) and write ROI [9216:9792, 9216:9792, 7488:8064] (576, 576, 576)
Recorded block-done for octoS0SubroiZ15683136Y78409408X1097612544Difficultsoma_pred_affs/16759 with read ROI [8720:10288, 8720:10288, 6992:8560] (1568, 1568, 1568) and write ROI [9216:9792, 9216:9792, 7488:8064] (576, 576, 576)
Recording block-done for octoS0SubroiZ15683136Y78409408X1097612544Difficultsoma_pred_affs/17840 with read ROI [8720:10288, 8720:10288, 7568:9136] (1568, 1568, 1568) and write ROI [9216:9792, 9216:9792, 8064:8640] (576, 576, 576)
Recorded block-done for octoS0SubroiZ15683136Y78409408X1097612544Difficultsoma_pred_affs/17840 with read ROI [8720:10288, 8720:10288, 7568:9136] (1568, 1568, 1568) and write ROI [9216:9792, 9216:9792, 8064:8640] (576, 576, 576)
Recording block-done for octoS0SubroiZ15683136Y78409408X1097612544Difficultsoma_pred_affs/23970 with read ROI [8720:10288, 8720:10288, 10448:12016] (1568, 1568, 1568) and write ROI [9216:9792, 9216:9792, 10944:11520] (576, 576, 576)
Recorded block-done for octoS0SubroiZ15683136Y78409408X1097612544Difficultsoma_pred_affs/23970 with read ROI [8720:10288, 8720:10288, 10448:12016] (1568, 1568, 1568) and write ROI [9216:9792, 9216:9792, 10944:11520] (576, 576, 576)
Recording block-done for octoS0SubroiZ15683136Y78409408X1097612544Difficultsoma_pred_affs/8347 with read ROI [8720:10288, 9296:10864, 656:2224] (1568, 1568, 1568) and write ROI [9216:9792, 9792:10368, 1152:1728] (576, 576, 576)
Recorded block-done for octoS0SubroiZ15683136Y78409408X1097612544Difficultsoma_pred_affs/8347 with read ROI [8720:10288, 9296:10864, 656:2224] (1568, 1568, 1568) and write ROI [9216:9792, 9792:10368, 1152:1728] (576, 576, 576)
Recording block-done for octoS0SubroiZ15683136Y78409408X1097612544Difficultsoma_pred_affs/12918 with read ROI [8720:10288, 9296:10864, 4112:5680] (1568, 1568, 1568) and write ROI [9216:9792, 9792:10368, 4608:5184] (576, 576, 576)
Recorded block-done for octoS0SubroiZ15683136Y78409408X1097612544Difficultsoma_pred_affs/12918 with read ROI [8720:10288, 9296:10864, 4112:5680] (1568, 1568, 1568) and write ROI [9216:9792, 9792:10368, 4608:5184] (576, 576, 576)
Recording block-done for octoS0SubroiZ15683136Y78409408X1097612544Difficultsoma_pred_affs/20177 with read ROI [8720:10288, 9296:10864, 8144:9712] (1568, 1568, 1568) and write ROI [9216:9792, 9792:10368, 8640:9216] (576, 576, 576)
Recorded block-done for octoS0SubroiZ15683136Y78409408X1097612544Difficultsoma_pred_affs/20177 with read ROI [8720:10288, 9296:10864, 8144:9712] (1568, 1568, 1568) and write ROI [9216:9792, 9792:10368, 8640:9216] (576, 576, 576)
Recording block-done for octoS0SubroiZ15683136Y78409408X1097612544Difficultsoma_pred_affs/14801 with read ROI [8720:10288, 9872:11440, 4688:6256] (1568, 1568, 1568) and write ROI [9216:9792, 10368:10944, 5184:5760] (576, 576, 576)
Recorded block-done for octoS0SubroiZ15683136Y78409408X1097612544Difficultsoma_pred_affs/14801 with read ROI [8720:10288, 9872:11440, 4688:6256] (1568, 1568, 1568) and write ROI [9216:9792, 10368:10944, 5184:5760] (576, 576, 576)
Recording block-done for octoS0SubroiZ15683136Y78409408X1097612544Difficultsoma_pred_affs/19035 with read ROI [8720:10288, 9872:11440, 6992:8560] (1568, 1568, 1568) and write ROI [9216:9792, 10368:10944, 7488:8064] (576, 576, 576)
Recorded block-done for octoS0SubroiZ15683136Y78409408X1097612544Difficultsoma_pred_affs/19035 with read ROI [8720:10288, 9872:11440, 6992:8560] (1568, 1568, 1568) and write ROI [9216:9792, 10368:10944, 7488:8064] (576, 576, 576)
Recording block-done for octoS0SubroiZ15683136Y78409408X1097612544Difficultsoma_pred_affs/20211 with read ROI [8720:10288, 9872:11440, 7568:9136] (1568, 1568, 1568) and write ROI [9216:9792, 10368:10944, 8064:8640] (576, 576, 576)
Recorded block-done for octoS0SubroiZ15683136Y78409408X1097612544Difficultsoma_pred_affs/20211 with read ROI [8720:10288, 9872:11440, 7568:9136] (1568, 1568, 1568) and write ROI [9216:9792, 10368:10944, 8064:8640] (576, 576, 576)
Recording block-done for octoS0SubroiZ15683136Y78409408X1097612544Difficultsoma_pred_affs/26846 with read ROI [8720:10288, 9872:11440, 10448:12016] (1568, 1568, 1568) and write ROI [9216:9792, 10368:10944, 10944:11520] (576, 576, 576)
Recorded block-done for octoS0SubroiZ15683136Y78409408X1097612544Difficultsoma_pred_affs/26846 with read ROI [8720:10288, 9872:11440, 10448:12016] (1568, 1568, 1568) and write ROI [9216:9792, 10368:10944, 10944:11520] (576, 576, 576)
Recording block-done for octoS0SubroiZ15683136Y78409408X1097612544Difficultsoma_pred_affs/28366 with read ROI [8720:10288, 10448:12016, 10448:12016] (1568, 1568, 1568) and write ROI [9216:9792, 10944:11520, 10944:11520] (576, 576, 576)
Recorded block-done for octoS0SubroiZ15683136Y78409408X1097612544Difficultsoma_pred_affs/28366 with read ROI [8720:10288, 10448:12016, 10448:12016] (1568, 1568, 1568) and write ROI [9216:9792, 10944:11520, 10944:11520] (576, 576, 576)
Recording block-done for octoS0SubroiZ15683136Y78409408X1097612544Difficultsoma_pred_affs/19070 with read ROI [8720:10288, 10448:12016, 6416:7984] (1568, 1568, 1568) and write ROI [9216:9792, 10944:11520, 6912:7488] (576, 576, 576)
Recorded block-done for octoS0SubroiZ15683136Y78409408X1097612544Difficultsoma_pred_affs/19070 with read ROI [8720:10288, 10448:12016, 6416:7984] (1568, 1568, 1568) and write ROI [9216:9792, 10944:11520, 6912:7488] (576, 576, 576)
Recording block-done for octoS0SubroiZ15683136Y78409408X1097612544Difficultsoma_pred_affs/2488 with read ROI [9296:10864, 80:1648, 2384:3952] (1568, 1568, 1568) and write ROI [9792:10368, 576:1152, 2880:3456] (576, 576, 576)
Recorded block-done for octoS0SubroiZ15683136Y78409408X1097612544Difficultsoma_pred_affs/2488 with read ROI [9296:10864, 80:1648, 2384:3952] (1568, 1568, 1568) and write ROI [9792:10368, 576:1152, 2880:3456] (576, 576, 576)
Recording block-done for octoS0SubroiZ15683136Y78409408X1097612544Difficultsoma_pred_affs/2507 with read ROI [9296:10864, 656:2224, 1808:3376] (1568, 1568, 1568) and write ROI [9792:10368, 1152:1728, 2304:2880] (576, 576, 576)
Recorded block-done for octoS0SubroiZ15683136Y78409408X1097612544Difficultsoma_pred_affs/2507 with read ROI [9296:10864, 656:2224, 1808:3376] (1568, 1568, 1568) and write ROI [9792:10368, 1152:1728, 2304:2880] (576, 576, 576)
Recording block-done for octoS0SubroiZ15683136Y78409408X1097612544Difficultsoma_pred_affs/3464 with read ROI [9296:10864, 80:1648, 4112:5680] (1568, 1568, 1568) and write ROI [9792:10368, 576:1152, 4608:5184] (576, 576, 576)
Recorded block-done for octoS0SubroiZ15683136Y78409408X1097612544Difficultsoma_pred_affs/3464 with read ROI [9296:10864, 80:1648, 4112:5680] (1568, 1568, 1568) and write ROI [9792:10368, 576:1152, 4608:5184] (576, 576, 576)
Recording block-done for octoS0SubroiZ15683136Y78409408X1097612544Difficultsoma_pred_affs/3113 with read ROI [9296:10864, 80:1648, 3536:5104] (1568, 1568, 1568) and write ROI [9792:10368, 576:1152, 4032:4608] (576, 576, 576)
Recorded block-done for octoS0SubroiZ15683136Y78409408X1097612544Difficultsoma_pred_affs/3113 with read ROI [9296:10864, 80:1648, 3536:5104] (1568, 1568, 1568) and write ROI [9792:10368, 576:1152, 4032:4608] (576, 576, 576)
Recording block-done for octoS0SubroiZ15683136Y78409408X1097612544Difficultsoma_pred_affs/6172 with read ROI [9296:10864, 80:1648, 7568:9136] (1568, 1568, 1568) and write ROI [9792:10368, 576:1152, 8064:8640] (576, 576, 576)
Recorded block-done for octoS0SubroiZ15683136Y78409408X1097612544Difficultsoma_pred_affs/6172 with read ROI [9296:10864, 80:1648, 7568:9136] (1568, 1568, 1568) and write ROI [9792:10368, 576:1152, 8064:8640] (576, 576, 576)
Recording block-done for octoS0SubroiZ15683136Y78409408X1097612544Difficultsoma_pred_affs/5663 with read ROI [9296:10864, 656:2224, 6416:7984] (1568, 1568, 1568) and write ROI [9792:10368, 1152:1728, 6912:7488] (576, 576, 576)
Recorded block-done for octoS0SubroiZ15683136Y78409408X1097612544Difficultsoma_pred_affs/5663 with read ROI [9296:10864, 656:2224, 6416:7984] (1568, 1568, 1568) and write ROI [9792:10368, 1152:1728, 6912:7488] (576, 576, 576)
Recording block-done for octoS0SubroiZ15683136Y78409408X1097612544Difficultsoma_pred_affs/2827 with read ROI [9296:10864, 1232:2800, 1808:3376] (1568, 1568, 1568) and write ROI [9792:10368, 1728:2304, 2304:2880] (576, 576, 576)
Recorded block-done for octoS0SubroiZ15683136Y78409408X1097612544Difficultsoma_pred_affs/2827 with read ROI [9296:10864, 1232:2800, 1808:3376] (1568, 1568, 1568) and write ROI [9792:10368, 1728:2304, 2304:2880] (576, 576, 576)
Recording block-done for octoS0SubroiZ15683136Y78409408X1097612544Difficultsoma_pred_affs/3152 with read ROI [9296:10864, 1232:2800, 2384:3952] (1568, 1568, 1568) and write ROI [9792:10368, 1728:2304, 2880:3456] (576, 576, 576)
Recorded block-done for octoS0SubroiZ15683136Y78409408X1097612544Difficultsoma_pred_affs/3152 with read ROI [9296:10864, 1232:2800, 2384:3952] (1568, 1568, 1568) and write ROI [9792:10368, 1728:2304, 2880:3456] (576, 576, 576)
Recording block-done for octoS0SubroiZ15683136Y78409408X1097612544Difficultsoma_pred_affs/7367 with read ROI [9296:10864, 1232:2800, 7568:9136] (1568, 1568, 1568) and write ROI [9792:10368, 1728:2304, 8064:8640] (576, 576, 576)
Recorded block-done for octoS0SubroiZ15683136Y78409408X1097612544Difficultsoma_pred_affs/7367 with read ROI [9296:10864, 1232:2800, 7568:9136] (1568, 1568, 1568) and write ROI [9792:10368, 1728:2304, 8064:8640] (576, 576, 576)
Recording block-done for octoS0SubroiZ15683136Y78409408X1097612544Difficultsoma_pred_affs/7347 with read ROI [9296:10864, 656:2224, 8144:9712] (1568, 1568, 1568) and write ROI [9792:10368, 1152:1728, 8640:9216] (576, 576, 576)
Recorded block-done for octoS0SubroiZ15683136Y78409408X1097612544Difficultsoma_pred_affs/7347 with read ROI [9296:10864, 656:2224, 8144:9712] (1568, 1568, 1568) and write ROI [9792:10368, 1152:1728, 8640:9216] (576, 576, 576)
Recording block-done for octoS0SubroiZ15683136Y78409408X1097612544Difficultsoma_pred_affs/10908 with read ROI [9296:10864, 1808:3376, 9872:11440] (1568, 1568, 1568) and write ROI [9792:10368, 2304:2880, 10368:10944] (576, 576, 576)
Recorded block-done for octoS0SubroiZ15683136Y78409408X1097612544Difficultsoma_pred_affs/10908 with read ROI [9296:10864, 1808:3376, 9872:11440] (1568, 1568, 1568) and write ROI [9792:10368, 2304:2880, 10368:10944] (576, 576, 576)
Recording block-done for octoS0SubroiZ15683136Y78409408X1097612544Difficultsoma_pred_affs/5208 with read ROI [9296:10864, 1808:3376, 4688:6256] (1568, 1568, 1568) and write ROI [9792:10368, 2304:2880, 5184:5760] (576, 576, 576)
Recorded block-done for octoS0SubroiZ15683136Y78409408X1097612544Difficultsoma_pred_affs/5208 with read ROI [9296:10864, 1808:3376, 4688:6256] (1568, 1568, 1568) and write ROI [9792:10368, 2304:2880, 5184:5760] (576, 576, 576)
Recording block-done for octoS0SubroiZ15683136Y78409408X1097612544Difficultsoma_pred_affs/8018 with read ROI [9296:10864, 1808:3376, 7568:9136] (1568, 1568, 1568) and write ROI [9792:10368, 2304:2880, 8064:8640] (576, 576, 576)
Recorded block-done for octoS0SubroiZ15683136Y78409408X1097612544Difficultsoma_pred_affs/8018 with read ROI [9296:10864, 1808:3376, 7568:9136] (1568, 1568, 1568) and write ROI [9792:10368, 2304:2880, 8064:8640] (576, 576, 576)
Recording block-done for octoS0SubroiZ15683136Y78409408X1097612544Difficultsoma_pred_affs/4308 with read ROI [9296:10864, 1808:3376, 3536:5104] (1568, 1568, 1568) and write ROI [9792:10368, 2304:2880, 4032:4608] (576, 576, 576)
Recorded block-done for octoS0SubroiZ15683136Y78409408X1097612544Difficultsoma_pred_affs/4308 with read ROI [9296:10864, 1808:3376, 3536:5104] (1568, 1568, 1568) and write ROI [9792:10368, 2304:2880, 4032:4608] (576, 576, 576)
Recording block-done for octoS0SubroiZ15683136Y78409408X1097612544Difficultsoma_pred_affs/3546 with read ROI [9296:10864, 2384:3952, 1808:3376] (1568, 1568, 1568) and write ROI [9792:10368, 2880:3456, 2304:2880] (576, 576, 576)
Recorded block-done for octoS0SubroiZ15683136Y78409408X1097612544Difficultsoma_pred_affs/3546 with read ROI [9296:10864, 2384:3952, 1808:3376] (1568, 1568, 1568) and write ROI [9792:10368, 2880:3456, 2304:2880] (576, 576, 576)
Recording block-done for octoS0SubroiZ15683136Y78409408X1097612544Difficultsoma_pred_affs/10930 with read ROI [9296:10864, 2384:3952, 9296:10864] (1568, 1568, 1568) and write ROI [9792:10368, 2880:3456, 9792:10368] (576, 576, 576)
Recorded block-done for octoS0SubroiZ15683136Y78409408X1097612544Difficultsoma_pred_affs/10930 with read ROI [9296:10864, 2384:3952, 9296:10864] (1568, 1568, 1568) and write ROI [9792:10368, 2880:3456, 9792:10368] (576, 576, 576)
Recording block-done for octoS0SubroiZ15683136Y78409408X1097612544Difficultsoma_pred_affs/7410 with read ROI [9296:10864, 2384:3952, 6416:7984] (1568, 1568, 1568) and write ROI [9792:10368, 2880:3456, 6912:7488] (576, 576, 576)
Recorded block-done for octoS0SubroiZ15683136Y78409408X1097612544Difficultsoma_pred_affs/7410 with read ROI [9296:10864, 2384:3952, 6416:7984] (1568, 1568, 1568) and write ROI [9792:10368, 2880:3456, 6912:7488] (576, 576, 576)
Recording block-done for octoS0SubroiZ15683136Y78409408X1097612544Difficultsoma_pred_affs/3218 with read ROI [9296:10864, 2960:4528, 656:2224] (1568, 1568, 1568) and write ROI [9792:10368, 3456:4032, 1152:1728] (576, 576, 576)
Recorded block-done for octoS0SubroiZ15683136Y78409408X1097612544Difficultsoma_pred_affs/3218 with read ROI [9296:10864, 2960:4528, 656:2224] (1568, 1568, 1568) and write ROI [9792:10368, 3456:4032, 1152:1728] (576, 576, 576)
Recording block-done for octoS0SubroiZ15683136Y78409408X1097612544Difficultsoma_pred_affs/10953 with read ROI [9296:10864, 2960:4528, 8720:10288] (1568, 1568, 1568) and write ROI [9792:10368, 3456:4032, 9216:9792] (576, 576, 576)
Recorded block-done for octoS0SubroiZ15683136Y78409408X1097612544Difficultsoma_pred_affs/10953 with read ROI [9296:10864, 2960:4528, 8720:10288] (1568, 1568, 1568) and write ROI [9792:10368, 3456:4032, 9216:9792] (576, 576, 576)
Recording block-done for octoS0SubroiZ15683136Y78409408X1097612544Difficultsoma_pred_affs/13537 with read ROI [9296:10864, 2960:4528, 10448:12016] (1568, 1568, 1568) and write ROI [9792:10368, 3456:4032, 10944:11520] (576, 576, 576)
Recorded block-done for octoS0SubroiZ15683136Y78409408X1097612544Difficultsoma_pred_affs/13537 with read ROI [9296:10864, 2960:4528, 10448:12016] (1568, 1568, 1568) and write ROI [9792:10368, 3456:4032, 10944:11520] (576, 576, 576)
Recording block-done for octoS0SubroiZ15683136Y78409408X1097612544Difficultsoma_pred_affs/3593 with read ROI [9296:10864, 3536:5104, 656:2224] (1568, 1568, 1568) and write ROI [9792:10368, 4032:4608, 1152:1728] (576, 576, 576)
Recorded block-done for octoS0SubroiZ15683136Y78409408X1097612544Difficultsoma_pred_affs/3593 with read ROI [9296:10864, 3536:5104, 656:2224] (1568, 1568, 1568) and write ROI [9792:10368, 4032:4608, 1152:1728] (576, 576, 576)
Recording block-done for octoS0SubroiZ15683136Y78409408X1097612544Difficultsoma_pred_affs/3618 with read ROI [9296:10864, 4112:5680, 80:1648] (1568, 1568, 1568) and write ROI [9792:10368, 4608:5184, 576:1152] (576, 576, 576)
Recorded block-done for octoS0SubroiZ15683136Y78409408X1097612544Difficultsoma_pred_affs/3618 with read ROI [9296:10864, 4112:5680, 80:1648] (1568, 1568, 1568) and write ROI [9792:10368, 4608:5184, 576:1152] (576, 576, 576)
Recording block-done for octoS0SubroiZ15683136Y78409408X1097612544Difficultsoma_pred_affs/3996 with read ROI [9296:10864, 4112:5680, 656:2224] (1568, 1568, 1568) and write ROI [9792:10368, 4608:5184, 1152:1728] (576, 576, 576)
Recorded block-done for octoS0SubroiZ15683136Y78409408X1097612544Difficultsoma_pred_affs/3996 with read ROI [9296:10864, 4112:5680, 656:2224] (1568, 1568, 1568) and write ROI [9792:10368, 4608:5184, 1152:1728] (576, 576, 576)
Recording block-done for octoS0SubroiZ15683136Y78409408X1097612544Difficultsoma_pred_affs/6301 with read ROI [9296:10864, 3536:5104, 4112:5680] (1568, 1568, 1568) and write ROI [9792:10368, 4032:4608, 4608:5184] (576, 576, 576)
Recorded block-done for octoS0SubroiZ15683136Y78409408X1097612544Difficultsoma_pred_affs/6301 with read ROI [9296:10864, 3536:5104, 4112:5680] (1568, 1568, 1568) and write ROI [9792:10368, 4032:4608, 4608:5184] (576, 576, 576)
Recording block-done for octoS0SubroiZ15683136Y78409408X1097612544Difficultsoma_pred_affs/6326 with read ROI [9296:10864, 4112:5680, 3536:5104] (1568, 1568, 1568) and write ROI [9792:10368, 4608:5184, 4032:4608] (576, 576, 576)
Recorded block-done for octoS0SubroiZ15683136Y78409408X1097612544Difficultsoma_pred_affs/6326 with read ROI [9296:10864, 4112:5680, 3536:5104] (1568, 1568, 1568) and write ROI [9792:10368, 4608:5184, 4032:4608] (576, 576, 576)
Recording block-done for octoS0SubroiZ15683136Y78409408X1097612544Difficultsoma_pred_affs/5773 with read ROI [9296:10864, 3536:5104, 3536:5104] (1568, 1568, 1568) and write ROI [9792:10368, 4032:4608, 4032:4608] (576, 576, 576)
Recorded block-done for octoS0SubroiZ15683136Y78409408X1097612544Difficultsoma_pred_affs/5773 with read ROI [9296:10864, 3536:5104, 3536:5104] (1568, 1568, 1568) and write ROI [9792:10368, 4032:4608, 4032:4608] (576, 576, 576)
Recording block-done for octoS0SubroiZ15683136Y78409408X1097612544Difficultsoma_pred_affs/8112 with read ROI [9296:10864, 4112:5680, 5264:6832] (1568, 1568, 1568) and write ROI [9792:10368, 4608:5184, 5760:6336] (576, 576, 576)
Recorded block-done for octoS0SubroiZ15683136Y78409408X1097612544Difficultsoma_pred_affs/8112 with read ROI [9296:10864, 4112:5680, 5264:6832] (1568, 1568, 1568) and write ROI [9792:10368, 4608:5184, 5760:6336] (576, 576, 576)
Recording block-done for octoS0SubroiZ15683136Y78409408X1097612544Difficultsoma_pred_affs/13586 with read ROI [9296:10864, 4112:5680, 9296:10864] (1568, 1568, 1568) and write ROI [9792:10368, 4608:5184, 9792:10368] (576, 576, 576)
Recorded block-done for octoS0SubroiZ15683136Y78409408X1097612544Difficultsoma_pred_affs/13586 with read ROI [9296:10864, 4112:5680, 9296:10864] (1568, 1568, 1568) and write ROI [9792:10368, 4608:5184, 9792:10368] (576, 576, 576)
Recording block-done for octoS0SubroiZ15683136Y78409408X1097612544Difficultsoma_pred_affs/10248 with read ROI [9296:10864, 4688:6256, 6416:7984] (1568, 1568, 1568) and write ROI [9792:10368, 5184:5760, 6912:7488] (576, 576, 576)
Recorded block-done for octoS0SubroiZ15683136Y78409408X1097612544Difficultsoma_pred_affs/10248 with read ROI [9296:10864, 4688:6256, 6416:7984] (1568, 1568, 1568) and write ROI [9792:10368, 5184:5760, 6912:7488] (576, 576, 576)
Recording block-done for octoS0SubroiZ15683136Y78409408X1097612544Difficultsoma_pred_affs/5824 with read ROI [9296:10864, 4688:6256, 2384:3952] (1568, 1568, 1568) and write ROI [9792:10368, 5184:5760, 2880:3456] (576, 576, 576)
Recorded block-done for octoS0SubroiZ15683136Y78409408X1097612544Difficultsoma_pred_affs/5824 with read ROI [9296:10864, 4688:6256, 2384:3952] (1568, 1568, 1568) and write ROI [9792:10368, 5184:5760, 2880:3456] (576, 576, 576)
Recording block-done for octoS0SubroiZ15683136Y78409408X1097612544Difficultsoma_pred_affs/6352 with read ROI [9296:10864, 4688:6256, 2960:4528] (1568, 1568, 1568) and write ROI [9792:10368, 5184:5760, 3456:4032] (576, 576, 576)
Recorded block-done for octoS0SubroiZ15683136Y78409408X1097612544Difficultsoma_pred_affs/6352 with read ROI [9296:10864, 4688:6256, 2960:4528] (1568, 1568, 1568) and write ROI [9792:10368, 5184:5760, 3456:4032] (576, 576, 576)
Recording block-done for octoS0SubroiZ15683136Y78409408X1097612544Difficultsoma_pred_affs/5355 with read ROI [9296:10864, 5264:6832, 1232:2800] (1568, 1568, 1568) and write ROI [9792:10368, 5760:6336, 1728:2304] (576, 576, 576)
Recorded block-done for octoS0SubroiZ15683136Y78409408X1097612544Difficultsoma_pred_affs/5355 with read ROI [9296:10864, 5264:6832, 1232:2800] (1568, 1568, 1568) and write ROI [9792:10368, 5760:6336, 1728:2304] (576, 576, 576)
Recording block-done for octoS0SubroiZ15683136Y78409408X1097612544Difficultsoma_pred_affs/5383 with read ROI [9296:10864, 5840:7408, 656:2224] (1568, 1568, 1568) and write ROI [9792:10368, 6336:6912, 1152:1728] (576, 576, 576)
Recorded block-done for octoS0SubroiZ15683136Y78409408X1097612544Difficultsoma_pred_affs/5383 with read ROI [9296:10864, 5840:7408, 656:2224] (1568, 1568, 1568) and write ROI [9792:10368, 6336:6912, 1152:1728] (576, 576, 576)
Recording block-done for octoS0SubroiZ15683136Y78409408X1097612544Difficultsoma_pred_affs/6940 with read ROI [9296:10864, 5264:6832, 2960:4528] (1568, 1568, 1568) and write ROI [9792:10368, 5760:6336, 3456:4032] (576, 576, 576)
Recorded block-done for octoS0SubroiZ15683136Y78409408X1097612544Difficultsoma_pred_affs/6940 with read ROI [9296:10864, 5264:6832, 2960:4528] (1568, 1568, 1568) and write ROI [9792:10368, 5760:6336, 3456:4032] (576, 576, 576)
Recording block-done for octoS0SubroiZ15683136Y78409408X1097612544Difficultsoma_pred_affs/11875 with read ROI [9296:10864, 5264:6832, 6992:8560] (1568, 1568, 1568) and write ROI [9792:10368, 5760:6336, 7488:8064] (576, 576, 576)
Recorded block-done for octoS0SubroiZ15683136Y78409408X1097612544Difficultsoma_pred_affs/11875 with read ROI [9296:10864, 5264:6832, 6992:8560] (1568, 1568, 1568) and write ROI [9792:10368, 5760:6336, 7488:8064] (576, 576, 576)
Recording block-done for octoS0SubroiZ15683136Y78409408X1097612544Difficultsoma_pred_affs/13639 with read ROI [9296:10864, 5264:6832, 8144:9712] (1568, 1568, 1568) and write ROI [9792:10368, 5760:6336, 8640:9216] (576, 576, 576)
Recorded block-done for octoS0SubroiZ15683136Y78409408X1097612544Difficultsoma_pred_affs/13639 with read ROI [9296:10864, 5264:6832, 8144:9712] (1568, 1568, 1568) and write ROI [9792:10368, 5760:6336, 8640:9216] (576, 576, 576)
Recording block-done for octoS0SubroiZ15683136Y78409408X1097612544Difficultsoma_pred_affs/6997 with read ROI [9296:10864, 6416:7984, 1808:3376] (1568, 1568, 1568) and write ROI [9792:10368, 6912:7488, 2304:2880] (576, 576, 576)
Recorded block-done for octoS0SubroiZ15683136Y78409408X1097612544Difficultsoma_pred_affs/6997 with read ROI [9296:10864, 6416:7984, 1808:3376] (1568, 1568, 1568) and write ROI [9792:10368, 6912:7488, 2304:2880] (576, 576, 576)
Recording block-done for octoS0SubroiZ15683136Y78409408X1097612544Difficultsoma_pred_affs/6436 with read ROI [9296:10864, 6416:7984, 1232:2800] (1568, 1568, 1568) and write ROI [9792:10368, 6912:7488, 1728:2304] (576, 576, 576)
Recorded block-done for octoS0SubroiZ15683136Y78409408X1097612544Difficultsoma_pred_affs/6436 with read ROI [9296:10864, 6416:7984, 1232:2800] (1568, 1568, 1568) and write ROI [9792:10368, 6912:7488, 1728:2304] (576, 576, 576)
Recording block-done for octoS0SubroiZ15683136Y78409408X1097612544Difficultsoma_pred_affs/9591 with read ROI [9296:10864, 6416:7984, 4112:5680] (1568, 1568, 1568) and write ROI [9792:10368, 6912:7488, 4608:5184] (576, 576, 576)
Recorded block-done for octoS0SubroiZ15683136Y78409408X1097612544Difficultsoma_pred_affs/9591 with read ROI [9296:10864, 6416:7984, 4112:5680] (1568, 1568, 1568) and write ROI [9792:10368, 6912:7488, 4608:5184] (576, 576, 576)
Recording block-done for octoS0SubroiZ15683136Y78409408X1097612544Difficultsoma_pred_affs/8222 with read ROI [9296:10864, 6416:7984, 2960:4528] (1568, 1568, 1568) and write ROI [9792:10368, 6912:7488, 3456:4032] (576, 576, 576)
Recorded block-done for octoS0SubroiZ15683136Y78409408X1097612544Difficultsoma_pred_affs/8222 with read ROI [9296:10864, 6416:7984, 2960:4528] (1568, 1568, 1568) and write ROI [9792:10368, 6912:7488, 3456:4032] (576, 576, 576)
Recording block-done for octoS0SubroiZ15683136Y78409408X1097612544Difficultsoma_pred_affs/13667 with read ROI [9296:10864, 5840:7408, 7568:9136] (1568, 1568, 1568) and write ROI [9792:10368, 6336:6912, 8064:8640] (576, 576, 576)
Recorded block-done for octoS0SubroiZ15683136Y78409408X1097612544Difficultsoma_pred_affs/13667 with read ROI [9296:10864, 5840:7408, 7568:9136] (1568, 1568, 1568) and write ROI [9792:10368, 6336:6912, 8064:8640] (576, 576, 576)
Recording block-done for octoS0SubroiZ15683136Y78409408X1097612544Difficultsoma_pred_affs/17778 with read ROI [9296:10864, 6992:8560, 8720:10288] (1568, 1568, 1568) and write ROI [9792:10368, 7488:8064, 9216:9792] (576, 576, 576)
Recorded block-done for octoS0SubroiZ15683136Y78409408X1097612544Difficultsoma_pred_affs/17778 with read ROI [9296:10864, 6992:8560, 8720:10288] (1568, 1568, 1568) and write ROI [9792:10368, 7488:8064, 9216:9792] (576, 576, 576)
Recording block-done for octoS0SubroiZ15683136Y78409408X1097612544Difficultsoma_pred_affs/11142 with read ROI [9296:10864, 6992:8560, 4688:6256] (1568, 1568, 1568) and write ROI [9792:10368, 7488:8064, 5184:5760] (576, 576, 576)
Recorded block-done for octoS0SubroiZ15683136Y78409408X1097612544Difficultsoma_pred_affs/11142 with read ROI [9296:10864, 6992:8560, 4688:6256] (1568, 1568, 1568) and write ROI [9792:10368, 7488:8064, 5184:5760] (576, 576, 576)
Recording block-done for octoS0SubroiZ15683136Y78409408X1097612544Difficultsoma_pred_affs/13696 with read ROI [9296:10864, 6416:7984, 6992:8560] (1568, 1568, 1568) and write ROI [9792:10368, 6912:7488, 7488:8064] (576, 576, 576)
Recorded block-done for octoS0SubroiZ15683136Y78409408X1097612544Difficultsoma_pred_affs/13696 with read ROI [9296:10864, 6416:7984, 6992:8560] (1568, 1568, 1568) and write ROI [9792:10368, 6912:7488, 7488:8064] (576, 576, 576)
Recording block-done for octoS0SubroiZ15683136Y78409408X1097612544Difficultsoma_pred_affs/21307 with read ROI [9296:10864, 6992:8560, 10448:12016] (1568, 1568, 1568) and write ROI [9792:10368, 7488:8064, 10944:11520] (576, 576, 576)
Recorded block-done for octoS0SubroiZ15683136Y78409408X1097612544Difficultsoma_pred_affs/21307 with read ROI [9296:10864, 6992:8560, 10448:12016] (1568, 1568, 1568) and write ROI [9792:10368, 7488:8064, 10944:11520] (576, 576, 576)
Recording block-done for octoS0SubroiZ15683136Y78409408X1097612544Difficultsoma_pred_affs/8949 with read ROI [9296:10864, 7568:9136, 2384:3952] (1568, 1568, 1568) and write ROI [9792:10368, 8064:8640, 2880:3456] (576, 576, 576)
Recorded block-done for octoS0SubroiZ15683136Y78409408X1097612544Difficultsoma_pred_affs/8949 with read ROI [9296:10864, 7568:9136, 2384:3952] (1568, 1568, 1568) and write ROI [9792:10368, 8064:8640, 2880:3456] (576, 576, 576)
Recording block-done for octoS0SubroiZ15683136Y78409408X1097612544Difficultsoma_pred_affs/14703 with read ROI [9296:10864, 7568:9136, 6416:7984] (1568, 1568, 1568) and write ROI [9792:10368, 8064:8640, 6912:7488] (576, 576, 576)
Recorded block-done for octoS0SubroiZ15683136Y78409408X1097612544Difficultsoma_pred_affs/14703 with read ROI [9296:10864, 7568:9136, 6416:7984] (1568, 1568, 1568) and write ROI [9792:10368, 8064:8640, 6912:7488] (576, 576, 576)
Recording block-done for octoS0SubroiZ15683136Y78409408X1097612544Difficultsoma_pred_affs/11173 with read ROI [9296:10864, 7568:9136, 4112:5680] (1568, 1568, 1568) and write ROI [9792:10368, 8064:8640, 4608:5184] (576, 576, 576)
Recorded block-done for octoS0SubroiZ15683136Y78409408X1097612544Difficultsoma_pred_affs/11173 with read ROI [9296:10864, 7568:9136, 4112:5680] (1568, 1568, 1568) and write ROI [9792:10368, 8064:8640, 4608:5184] (576, 576, 576)
Recording block-done for octoS0SubroiZ15683136Y78409408X1097612544Difficultsoma_pred_affs/7090 with read ROI [9296:10864, 8144:9712, 80:1648] (1568, 1568, 1568) and write ROI [9792:10368, 8640:9216, 576:1152] (576, 576, 576)
Recorded block-done for octoS0SubroiZ15683136Y78409408X1097612544Difficultsoma_pred_affs/7090 with read ROI [9296:10864, 8144:9712, 80:1648] (1568, 1568, 1568) and write ROI [9792:10368, 8640:9216, 576:1152] (576, 576, 576)
Recording block-done for octoS0SubroiZ15683136Y78409408X1097612544Difficultsoma_pred_affs/14735 with read ROI [9296:10864, 8144:9712, 5840:7408] (1568, 1568, 1568) and write ROI [9792:10368, 8640:9216, 6336:6912] (576, 576, 576)
Recorded block-done for octoS0SubroiZ15683136Y78409408X1097612544Difficultsoma_pred_affs/14735 with read ROI [9296:10864, 8144:9712, 5840:7408] (1568, 1568, 1568) and write ROI [9792:10368, 8640:9216, 6336:6912] (576, 576, 576)
Recording block-done for octoS0SubroiZ15683136Y78409408X1097612544Difficultsoma_pred_affs/20145 with read ROI [9296:10864, 8144:9712, 8720:10288] (1568, 1568, 1568) and write ROI [9792:10368, 8640:9216, 9216:9792] (576, 576, 576)
Recorded block-done for octoS0SubroiZ15683136Y78409408X1097612544Difficultsoma_pred_affs/20145 with read ROI [9296:10864, 8144:9712, 8720:10288] (1568, 1568, 1568) and write ROI [9792:10368, 8640:9216, 9216:9792] (576, 576, 576)
Recording block-done for octoS0SubroiZ15683136Y78409408X1097612544Difficultsoma_pred_affs/21370 with read ROI [9296:10864, 8144:9712, 9296:10864] (1568, 1568, 1568) and write ROI [9792:10368, 8640:9216, 9792:10368] (576, 576, 576)
Recorded block-done for octoS0SubroiZ15683136Y78409408X1097612544Difficultsoma_pred_affs/21370 with read ROI [9296:10864, 8144:9712, 9296:10864] (1568, 1568, 1568) and write ROI [9792:10368, 8640:9216, 9792:10368] (576, 576, 576)
Recording block-done for octoS0SubroiZ15683136Y78409408X1097612544Difficultsoma_pred_affs/18969 with read ROI [9296:10864, 8144:9712, 8144:9712] (1568, 1568, 1568) and write ROI [9792:10368, 8640:9216, 8640:9216] (576, 576, 576)
Recorded block-done for octoS0SubroiZ15683136Y78409408X1097612544Difficultsoma_pred_affs/18969 with read ROI [9296:10864, 8144:9712, 8144:9712] (1568, 1568, 1568) and write ROI [9792:10368, 8640:9216, 8640:9216] (576, 576, 576)
Recording block-done for octoS0SubroiZ15683136Y78409408X1097612544Difficultsoma_pred_affs/12058 with read ROI [9296:10864, 8720:10288, 3536:5104] (1568, 1568, 1568) and write ROI [9792:10368, 9216:9792, 4032:4608] (576, 576, 576)
Recorded block-done for octoS0SubroiZ15683136Y78409408X1097612544Difficultsoma_pred_affs/12058 with read ROI [9296:10864, 8720:10288, 3536:5104] (1568, 1568, 1568) and write ROI [9792:10368, 9216:9792, 4032:4608] (576, 576, 576)
Recording block-done for octoS0SubroiZ15683136Y78409408X1097612544Difficultsoma_pred_affs/9048 with read ROI [9296:10864, 9296:10864, 656:2224] (1568, 1568, 1568) and write ROI [9792:10368, 9792:10368, 1152:1728] (576, 576, 576)
Recorded block-done for octoS0SubroiZ15683136Y78409408X1097612544Difficultsoma_pred_affs/9048 with read ROI [9296:10864, 9296:10864, 656:2224] (1568, 1568, 1568) and write ROI [9792:10368, 9792:10368, 1152:1728] (576, 576, 576)
Recording block-done for octoS0SubroiZ15683136Y78409408X1097612544Difficultsoma_pred_affs/11272 with read ROI [9296:10864, 9296:10864, 2384:3952] (1568, 1568, 1568) and write ROI [9792:10368, 9792:10368, 2880:3456] (576, 576, 576)
Recorded block-done for octoS0SubroiZ15683136Y78409408X1097612544Difficultsoma_pred_affs/11272 with read ROI [9296:10864, 9296:10864, 2384:3952] (1568, 1568, 1568) and write ROI [9792:10368, 9792:10368, 2880:3456] (576, 576, 576)
Recording block-done for octoS0SubroiZ15683136Y78409408X1097612544Difficultsoma_pred_affs/9083 with read ROI [9296:10864, 9872:11440, 80:1648] (1568, 1568, 1568) and write ROI [9792:10368, 10368:10944, 576:1152] (576, 576, 576)
Recorded block-done for octoS0SubroiZ15683136Y78409408X1097612544Difficultsoma_pred_affs/9083 with read ROI [9296:10864, 9872:11440, 80:1648] (1568, 1568, 1568) and write ROI [9792:10368, 10368:10944, 576:1152] (576, 576, 576)
Recording block-done for octoS0SubroiZ15683136Y78409408X1097612544Difficultsoma_pred_affs/12127 with read ROI [9296:10864, 9872:11440, 2384:3952] (1568, 1568, 1568) and write ROI [9792:10368, 10368:10944, 2880:3456] (576, 576, 576)
Recorded block-done for octoS0SubroiZ15683136Y78409408X1097612544Difficultsoma_pred_affs/12127 with read ROI [9296:10864, 9872:11440, 2384:3952] (1568, 1568, 1568) and write ROI [9792:10368, 10368:10944, 2880:3456] (576, 576, 576)
Recording block-done for octoS0SubroiZ15683136Y78409408X1097612544Difficultsoma_pred_affs/19036 with read ROI [9296:10864, 9296:10864, 6992:8560] (1568, 1568, 1568) and write ROI [9792:10368, 9792:10368, 7488:8064] (576, 576, 576)
Recorded block-done for octoS0SubroiZ15683136Y78409408X1097612544Difficultsoma_pred_affs/19036 with read ROI [9296:10864, 9296:10864, 6992:8560] (1568, 1568, 1568) and write ROI [9792:10368, 9792:10368, 7488:8064] (576, 576, 576)
Recording block-done for octoS0SubroiZ15683136Y78409408X1097612544Difficultsoma_pred_affs/20247 with read ROI [9296:10864, 9872:11440, 6992:8560] (1568, 1568, 1568) and write ROI [9792:10368, 10368:10944, 7488:8064] (576, 576, 576)
Recorded block-done for octoS0SubroiZ15683136Y78409408X1097612544Difficultsoma_pred_affs/20247 with read ROI [9296:10864, 9872:11440, 6992:8560] (1568, 1568, 1568) and write ROI [9792:10368, 10368:10944, 7488:8064] (576, 576, 576)
Recording block-done for octoS0SubroiZ15683136Y78409408X1097612544Difficultsoma_pred_affs/12988 with read ROI [9296:10864, 9872:11440, 2960:4528] (1568, 1568, 1568) and write ROI [9792:10368, 10368:10944, 3456:4032] (576, 576, 576)
Recorded block-done for octoS0SubroiZ15683136Y78409408X1097612544Difficultsoma_pred_affs/12988 with read ROI [9296:10864, 9872:11440, 2960:4528] (1568, 1568, 1568) and write ROI [9792:10368, 10368:10944, 3456:4032] (576, 576, 576)
Recording block-done for octoS0SubroiZ15683136Y78409408X1097612544Difficultsoma_pred_affs/25487 with read ROI [9296:10864, 10448:12016, 8720:10288] (1568, 1568, 1568) and write ROI [9792:10368, 10944:11520, 9216:9792] (576, 576, 576)
Recorded block-done for octoS0SubroiZ15683136Y78409408X1097612544Difficultsoma_pred_affs/25487 with read ROI [9296:10864, 10448:12016, 8720:10288] (1568, 1568, 1568) and write ROI [9792:10368, 10944:11520, 9216:9792] (576, 576, 576)
Recording block-done for octoS0SubroiZ15683136Y78409408X1097612544Difficultsoma_pred_affs/14873 with read ROI [9296:10864, 10448:12016, 3536:5104] (1568, 1568, 1568) and write ROI [9792:10368, 10944:11520, 4032:4608] (576, 576, 576)
Recorded block-done for octoS0SubroiZ15683136Y78409408X1097612544Difficultsoma_pred_affs/14873 with read ROI [9296:10864, 10448:12016, 3536:5104] (1568, 1568, 1568) and write ROI [9792:10368, 10944:11520, 4032:4608] (576, 576, 576)
Recording block-done for octoS0SubroiZ15683136Y78409408X1097612544Difficultsoma_pred_affs/2232 with read ROI [9872:11440, 80:1648, 1232:2800] (1568, 1568, 1568) and write ROI [10368:10944, 576:1152, 1728:2304] (576, 576, 576)
Recorded block-done for octoS0SubroiZ15683136Y78409408X1097612544Difficultsoma_pred_affs/2232 with read ROI [9872:11440, 80:1648, 1232:2800] (1568, 1568, 1568) and write ROI [10368:10944, 576:1152, 1728:2304] (576, 576, 576)
Recording block-done for octoS0SubroiZ15683136Y78409408X1097612544Difficultsoma_pred_affs/1999 with read ROI [9872:11440, 656:2224, 80:1648] (1568, 1568, 1568) and write ROI [10368:10944, 1152:1728, 576:1152] (576, 576, 576)
Recorded block-done for octoS0SubroiZ15683136Y78409408X1097612544Difficultsoma_pred_affs/1999 with read ROI [9872:11440, 656:2224, 80:1648] (1568, 1568, 1568) and write ROI [10368:10944, 1152:1728, 576:1152] (576, 576, 576)
Recording block-done for octoS0SubroiZ15683136Y78409408X1097612544Difficultsoma_pred_affs/2808 with read ROI [9872:11440, 80:1648, 2384:3952] (1568, 1568, 1568) and write ROI [10368:10944, 576:1152, 2880:3456] (576, 576, 576)
Recorded block-done for octoS0SubroiZ15683136Y78409408X1097612544Difficultsoma_pred_affs/2808 with read ROI [9872:11440, 80:1648, 2384:3952] (1568, 1568, 1568) and write ROI [10368:10944, 576:1152, 2880:3456] (576, 576, 576)
Recording block-done for octoS0SubroiZ15683136Y78409408X1097612544Difficultsoma_pred_affs/10088 with read ROI [9872:11440, 80:1648, 10448:12016] (1568, 1568, 1568) and write ROI [10368:10944, 576:1152, 10944:11520] (576, 576, 576)
Recorded block-done for octoS0SubroiZ15683136Y78409408X1097612544Difficultsoma_pred_affs/10088 with read ROI [9872:11440, 80:1648, 10448:12016] (1568, 1568, 1568) and write ROI [10368:10944, 576:1152, 10944:11520] (576, 576, 576)
Recording block-done for octoS0SubroiZ15683136Y78409408X1097612544Difficultsoma_pred_affs/6753 with read ROI [9872:11440, 80:1648, 7568:9136] (1568, 1568, 1568) and write ROI [10368:10944, 576:1152, 8064:8640] (576, 576, 576)
Recorded block-done for octoS0SubroiZ15683136Y78409408X1097612544Difficultsoma_pred_affs/6753 with read ROI [9872:11440, 80:1648, 7568:9136] (1568, 1568, 1568) and write ROI [10368:10944, 576:1152, 8064:8640] (576, 576, 576)
Recording block-done for octoS0SubroiZ15683136Y78409408X1097612544Difficultsoma_pred_affs/4288 with read ROI [9872:11440, 656:2224, 4112:5680] (1568, 1568, 1568) and write ROI [10368:10944, 1152:1728, 4608:5184] (576, 576, 576)
Recorded block-done for octoS0SubroiZ15683136Y78409408X1097612544Difficultsoma_pred_affs/4288 with read ROI [9872:11440, 656:2224, 4112:5680] (1568, 1568, 1568) and write ROI [10368:10944, 1152:1728, 4608:5184] (576, 576, 576)
Recording block-done for octoS0SubroiZ15683136Y78409408X1097612544Difficultsoma_pred_affs/2549 with read ROI [9872:11440, 1232:2800, 656:2224] (1568, 1568, 1568) and write ROI [10368:10944, 1728:2304, 1152:1728] (576, 576, 576)
Recorded block-done for octoS0SubroiZ15683136Y78409408X1097612544Difficultsoma_pred_affs/2549 with read ROI [9872:11440, 1232:2800, 656:2224] (1568, 1568, 1568) and write ROI [10368:10944, 1728:2304, 1152:1728] (576, 576, 576)
Recording block-done for octoS0SubroiZ15683136Y78409408X1097612544Difficultsoma_pred_affs/3174 with read ROI [9872:11440, 1232:2800, 1808:3376] (1568, 1568, 1568) and write ROI [10368:10944, 1728:2304, 2304:2880] (576, 576, 576)
Recorded block-done for octoS0SubroiZ15683136Y78409408X1097612544Difficultsoma_pred_affs/3174 with read ROI [9872:11440, 1232:2800, 1808:3376] (1568, 1568, 1568) and write ROI [10368:10944, 1728:2304, 2304:2880] (576, 576, 576)
Recording block-done for octoS0SubroiZ15683136Y78409408X1097612544Difficultsoma_pred_affs/7998 with read ROI [9872:11440, 656:2224, 8144:9712] (1568, 1568, 1568) and write ROI [10368:10944, 1152:1728, 8640:9216] (576, 576, 576)
Recorded block-done for octoS0SubroiZ15683136Y78409408X1097612544Difficultsoma_pred_affs/7998 with read ROI [9872:11440, 656:2224, 8144:9712] (1568, 1568, 1568) and write ROI [10368:10944, 1152:1728, 8640:9216] (576, 576, 576)
Recording block-done for octoS0SubroiZ15683136Y78409408X1097612544Difficultsoma_pred_affs/4309 with read ROI [9872:11440, 1232:2800, 3536:5104] (1568, 1568, 1568) and write ROI [10368:10944, 1728:2304, 4032:4608] (576, 576, 576)
Recorded block-done for octoS0SubroiZ15683136Y78409408X1097612544Difficultsoma_pred_affs/4309 with read ROI [9872:11440, 1232:2800, 3536:5104] (1568, 1568, 1568) and write ROI [10368:10944, 1728:2304, 4032:4608] (576, 576, 576)
Recording block-done for octoS0SubroiZ15683136Y78409408X1097612544Difficultsoma_pred_affs/9388 with read ROI [9872:11440, 1232:2800, 8720:10288] (1568, 1568, 1568) and write ROI [10368:10944, 1728:2304, 9216:9792] (576, 576, 576)
Recorded block-done for octoS0SubroiZ15683136Y78409408X1097612544Difficultsoma_pred_affs/9388 with read ROI [9872:11440, 1232:2800, 8720:10288] (1568, 1568, 1568) and write ROI [10368:10944, 1728:2304, 9216:9792] (576, 576, 576)
Recording block-done for octoS0SubroiZ15683136Y78409408X1097612544Difficultsoma_pred_affs/8041 with read ROI [9872:11440, 1808:3376, 6992:8560] (1568, 1568, 1568) and write ROI [10368:10944, 2304:2880, 7488:8064] (576, 576, 576)
Recorded block-done for octoS0SubroiZ15683136Y78409408X1097612544Difficultsoma_pred_affs/8041 with read ROI [9872:11440, 1808:3376, 6992:8560] (1568, 1568, 1568) and write ROI [10368:10944, 2304:2880, 7488:8064] (576, 576, 576)
Recording block-done for octoS0SubroiZ15683136Y78409408X1097612544Difficultsoma_pred_affs/12612 with read ROI [9872:11440, 1808:3376, 10448:12016] (1568, 1568, 1568) and write ROI [10368:10944, 2304:2880, 10944:11520] (576, 576, 576)
Recorded block-done for octoS0SubroiZ15683136Y78409408X1097612544Difficultsoma_pred_affs/12612 with read ROI [9872:11440, 1808:3376, 10448:12016] (1568, 1568, 1568) and write ROI [10368:10944, 2304:2880, 10944:11520] (576, 576, 576)
Recording block-done for octoS0SubroiZ15683136Y78409408X1097612544Difficultsoma_pred_affs/2871 with read ROI [9872:11440, 1808:3376, 656:2224] (1568, 1568, 1568) and write ROI [10368:10944, 2304:2880, 1152:1728] (576, 576, 576)
Recorded block-done for octoS0SubroiZ15683136Y78409408X1097612544Difficultsoma_pred_affs/2871 with read ROI [9872:11440, 1808:3376, 656:2224] (1568, 1568, 1568) and write ROI [10368:10944, 2304:2880, 1152:1728] (576, 576, 576)
Recording block-done for octoS0SubroiZ15683136Y78409408X1097612544Difficultsoma_pred_affs/2894 with read ROI [9872:11440, 2384:3952, 80:1648] (1568, 1568, 1568) and write ROI [10368:10944, 2880:3456, 576:1152] (576, 576, 576)
Recorded block-done for octoS0SubroiZ15683136Y78409408X1097612544Difficultsoma_pred_affs/2894 with read ROI [9872:11440, 2384:3952, 80:1648] (1568, 1568, 1568) and write ROI [10368:10944, 2880:3456, 576:1152] (576, 576, 576)
Recording block-done for octoS0SubroiZ15683136Y78409408X1097612544Difficultsoma_pred_affs/7434 with read ROI [9872:11440, 2384:3952, 5840:7408] (1568, 1568, 1568) and write ROI [10368:10944, 2880:3456, 6336:6912] (576, 576, 576)
Recorded block-done for octoS0SubroiZ15683136Y78409408X1097612544Difficultsoma_pred_affs/7434 with read ROI [9872:11440, 2384:3952, 5840:7408] (1568, 1568, 1568) and write ROI [10368:10944, 2880:3456, 6336:6912] (576, 576, 576)
Recording block-done for octoS0SubroiZ15683136Y78409408X1097612544Difficultsoma_pred_affs/13538 with read ROI [9872:11440, 2384:3952, 10448:12016] (1568, 1568, 1568) and write ROI [10368:10944, 2880:3456, 10944:11520] (576, 576, 576)
Recorded block-done for octoS0SubroiZ15683136Y78409408X1097612544Difficultsoma_pred_affs/13538 with read ROI [9872:11440, 2384:3952, 10448:12016] (1568, 1568, 1568) and write ROI [10368:10944, 2880:3456, 10944:11520] (576, 576, 576)
Recording block-done for octoS0SubroiZ15683136Y78409408X1097612544Difficultsoma_pred_affs/10954 with read ROI [9872:11440, 2384:3952, 8720:10288] (1568, 1568, 1568) and write ROI [10368:10944, 2880:3456, 9216:9792] (576, 576, 576)
Recorded block-done for octoS0SubroiZ15683136Y78409408X1097612544Difficultsoma_pred_affs/10954 with read ROI [9872:11440, 2384:3952, 8720:10288] (1568, 1568, 1568) and write ROI [10368:10944, 2880:3456, 9216:9792] (576, 576, 576)
Recording block-done for octoS0SubroiZ15683136Y78409408X1097612544Difficultsoma_pred_affs/3243 with read ROI [9872:11440, 2960:4528, 80:1648] (1568, 1568, 1568) and write ROI [10368:10944, 3456:4032, 576:1152] (576, 576, 576)
Recorded block-done for octoS0SubroiZ15683136Y78409408X1097612544Difficultsoma_pred_affs/3243 with read ROI [9872:11440, 2960:4528, 80:1648] (1568, 1568, 1568) and write ROI [10368:10944, 3456:4032, 576:1152] (576, 576, 576)
Recording block-done for octoS0SubroiZ15683136Y78409408X1097612544Difficultsoma_pred_affs/6302 with read ROI [9872:11440, 2960:4528, 4112:5680] (1568, 1568, 1568) and write ROI [10368:10944, 3456:4032, 4608:5184] (576, 576, 576)
Recorded block-done for octoS0SubroiZ15683136Y78409408X1097612544Difficultsoma_pred_affs/6302 with read ROI [9872:11440, 2960:4528, 4112:5680] (1568, 1568, 1568) and write ROI [10368:10944, 3456:4032, 4608:5184] (576, 576, 576)
Recording block-done for octoS0SubroiZ15683136Y78409408X1097612544Difficultsoma_pred_affs/5303 with read ROI [9872:11440, 3536:5104, 2384:3952] (1568, 1568, 1568) and write ROI [10368:10944, 4032:4608, 2880:3456] (576, 576, 576)
Recorded block-done for octoS0SubroiZ15683136Y78409408X1097612544Difficultsoma_pred_affs/5303 with read ROI [9872:11440, 3536:5104, 2384:3952] (1568, 1568, 1568) and write ROI [10368:10944, 4032:4608, 2880:3456] (576, 576, 576)
Recording block-done for octoS0SubroiZ15683136Y78409408X1097612544Difficultsoma_pred_affs/8779 with read ROI [9872:11440, 3536:5104, 5840:7408] (1568, 1568, 1568) and write ROI [10368:10944, 4032:4608, 6336:6912] (576, 576, 576)
Recorded block-done for octoS0SubroiZ15683136Y78409408X1097612544Difficultsoma_pred_affs/8779 with read ROI [9872:11440, 3536:5104, 5840:7408] (1568, 1568, 1568) and write ROI [10368:10944, 4032:4608, 6336:6912] (576, 576, 576)
Recording block-done for octoS0SubroiZ15683136Y78409408X1097612544Difficultsoma_pred_affs/10978 with read ROI [9872:11440, 2960:4528, 8144:9712] (1568, 1568, 1568) and write ROI [10368:10944, 3456:4032, 8640:9216] (576, 576, 576)
Recorded block-done for octoS0SubroiZ15683136Y78409408X1097612544Difficultsoma_pred_affs/10978 with read ROI [9872:11440, 2960:4528, 8144:9712] (1568, 1568, 1568) and write ROI [10368:10944, 3456:4032, 8640:9216] (576, 576, 576)
Recording block-done for octoS0SubroiZ15683136Y78409408X1097612544Difficultsoma_pred_affs/5825 with read ROI [9872:11440, 4112:5680, 2384:3952] (1568, 1568, 1568) and write ROI [10368:10944, 4608:5184, 2880:3456] (576, 576, 576)
Recorded block-done for octoS0SubroiZ15683136Y78409408X1097612544Difficultsoma_pred_affs/5825 with read ROI [9872:11440, 4112:5680, 2384:3952] (1568, 1568, 1568) and write ROI [10368:10944, 4608:5184, 2880:3456] (576, 576, 576)
Recording block-done for octoS0SubroiZ15683136Y78409408X1097612544Difficultsoma_pred_affs/7509 with read ROI [9872:11440, 4112:5680, 4112:5680] (1568, 1568, 1568) and write ROI [10368:10944, 4608:5184, 4608:5184] (576, 576, 576)
Recorded block-done for octoS0SubroiZ15683136Y78409408X1097612544Difficultsoma_pred_affs/7509 with read ROI [9872:11440, 4112:5680, 4112:5680] (1568, 1568, 1568) and write ROI [10368:10944, 4608:5184, 4608:5184] (576, 576, 576)
Recording block-done for octoS0SubroiZ15683136Y78409408X1097612544Difficultsoma_pred_affs/10223 with read ROI [9872:11440, 3536:5104, 6992:8560] (1568, 1568, 1568) and write ROI [10368:10944, 4032:4608, 7488:8064] (576, 576, 576)
Recorded block-done for octoS0SubroiZ15683136Y78409408X1097612544Difficultsoma_pred_affs/10223 with read ROI [9872:11440, 3536:5104, 6992:8560] (1568, 1568, 1568) and write ROI [10368:10944, 4032:4608, 7488:8064] (576, 576, 576)
Recording block-done for octoS0SubroiZ15683136Y78409408X1097612544Difficultsoma_pred_affs/10249 with read ROI [9872:11440, 4112:5680, 6416:7984] (1568, 1568, 1568) and write ROI [10368:10944, 4608:5184, 6912:7488] (576, 576, 576)
Recorded block-done for octoS0SubroiZ15683136Y78409408X1097612544Difficultsoma_pred_affs/10249 with read ROI [9872:11440, 4112:5680, 6416:7984] (1568, 1568, 1568) and write ROI [10368:10944, 4608:5184, 6912:7488] (576, 576, 576)
Recording block-done for octoS0SubroiZ15683136Y78409408X1097612544Difficultsoma_pred_affs/11056 with read ROI [9872:11440, 4688:6256, 6416:7984] (1568, 1568, 1568) and write ROI [10368:10944, 5184:5760, 6912:7488] (576, 576, 576)
Recorded block-done for octoS0SubroiZ15683136Y78409408X1097612544Difficultsoma_pred_affs/11056 with read ROI [9872:11440, 4688:6256, 6416:7984] (1568, 1568, 1568) and write ROI [10368:10944, 5184:5760, 6912:7488] (576, 576, 576)
Recording block-done for octoS0SubroiZ15683136Y78409408X1097612544Difficultsoma_pred_affs/5852 with read ROI [9872:11440, 4688:6256, 1808:3376] (1568, 1568, 1568) and write ROI [10368:10944, 5184:5760, 2304:2880] (576, 576, 576)
Recorded block-done for octoS0SubroiZ15683136Y78409408X1097612544Difficultsoma_pred_affs/5852 with read ROI [9872:11440, 4688:6256, 1808:3376] (1568, 1568, 1568) and write ROI [10368:10944, 5184:5760, 2304:2880] (576, 576, 576)
Recording block-done for octoS0SubroiZ15683136Y78409408X1097612544Difficultsoma_pred_affs/12710 with read ROI [9872:11440, 4112:5680, 8144:9712] (1568, 1568, 1568) and write ROI [10368:10944, 4608:5184, 8640:9216] (576, 576, 576)
Recorded block-done for octoS0SubroiZ15683136Y78409408X1097612544Difficultsoma_pred_affs/12710 with read ROI [9872:11440, 4112:5680, 8144:9712] (1568, 1568, 1568) and write ROI [10368:10944, 4608:5184, 8640:9216] (576, 576, 576)
Recording block-done for octoS0SubroiZ15683136Y78409408X1097612544Difficultsoma_pred_affs/7536 with read ROI [9872:11440, 4688:6256, 3536:5104] (1568, 1568, 1568) and write ROI [10368:10944, 5184:5760, 4032:4608] (576, 576, 576)
Recorded block-done for octoS0SubroiZ15683136Y78409408X1097612544Difficultsoma_pred_affs/7536 with read ROI [9872:11440, 4688:6256, 3536:5104] (1568, 1568, 1568) and write ROI [10368:10944, 5184:5760, 4032:4608] (576, 576, 576)
Recording block-done for octoS0SubroiZ15683136Y78409408X1097612544Difficultsoma_pred_affs/6969 with read ROI [9872:11440, 5264:6832, 2384:3952] (1568, 1568, 1568) and write ROI [10368:10944, 5760:6336, 2880:3456] (576, 576, 576)
Recorded block-done for octoS0SubroiZ15683136Y78409408X1097612544Difficultsoma_pred_affs/6969 with read ROI [9872:11440, 5264:6832, 2384:3952] (1568, 1568, 1568) and write ROI [10368:10944, 5760:6336, 2880:3456] (576, 576, 576)
Recording block-done for octoS0SubroiZ15683136Y78409408X1097612544Difficultsoma_pred_affs/5384 with read ROI [9872:11440, 5264:6832, 656:2224] (1568, 1568, 1568) and write ROI [10368:10944, 5760:6336, 1152:1728] (576, 576, 576)
Recorded block-done for octoS0SubroiZ15683136Y78409408X1097612544Difficultsoma_pred_affs/5384 with read ROI [9872:11440, 5264:6832, 656:2224] (1568, 1568, 1568) and write ROI [10368:10944, 5760:6336, 1152:1728] (576, 576, 576)
Recording block-done for octoS0SubroiZ15683136Y78409408X1097612544Difficultsoma_pred_affs/15604 with read ROI [9872:11440, 5264:6832, 8720:10288] (1568, 1568, 1568) and write ROI [10368:10944, 5760:6336, 9216:9792] (576, 576, 576)
Recorded block-done for octoS0SubroiZ15683136Y78409408X1097612544Difficultsoma_pred_affs/15604 with read ROI [9872:11440, 5264:6832, 8720:10288] (1568, 1568, 1568) and write ROI [10368:10944, 5760:6336, 9216:9792] (576, 576, 576)
Recording block-done for octoS0SubroiZ15683136Y78409408X1097612544Difficultsoma_pred_affs/12765 with read ROI [9872:11440, 5264:6832, 6992:8560] (1568, 1568, 1568) and write ROI [10368:10944, 5760:6336, 7488:8064] (576, 576, 576)
Recorded block-done for octoS0SubroiZ15683136Y78409408X1097612544Difficultsoma_pred_affs/12765 with read ROI [9872:11440, 5264:6832, 6992:8560] (1568, 1568, 1568) and write ROI [10368:10944, 5760:6336, 7488:8064] (576, 576, 576)
Recording block-done for octoS0SubroiZ15683136Y78409408X1097612544Difficultsoma_pred_affs/8223 with read ROI [9872:11440, 5840:7408, 2960:4528] (1568, 1568, 1568) and write ROI [10368:10944, 6336:6912, 3456:4032] (576, 576, 576)
Recorded block-done for octoS0SubroiZ15683136Y78409408X1097612544Difficultsoma_pred_affs/8223 with read ROI [9872:11440, 5840:7408, 2960:4528] (1568, 1568, 1568) and write ROI [10368:10944, 6336:6912, 3456:4032] (576, 576, 576)
Recording block-done for octoS0SubroiZ15683136Y78409408X1097612544Difficultsoma_pred_affs/11933 with read ROI [9872:11440, 5840:7408, 5840:7408] (1568, 1568, 1568) and write ROI [10368:10944, 6336:6912, 6336:6912] (576, 576, 576)
Recorded block-done for octoS0SubroiZ15683136Y78409408X1097612544Difficultsoma_pred_affs/11933 with read ROI [9872:11440, 5840:7408, 5840:7408] (1568, 1568, 1568) and write ROI [10368:10944, 6336:6912, 6336:6912] (576, 576, 576)
Recording block-done for octoS0SubroiZ15683136Y78409408X1097612544Difficultsoma_pred_affs/17749 with read ROI [9872:11440, 5840:7408, 9296:10864] (1568, 1568, 1568) and write ROI [10368:10944, 6336:6912, 9792:10368] (576, 576, 576)
Recorded block-done for octoS0SubroiZ15683136Y78409408X1097612544Difficultsoma_pred_affs/17749 with read ROI [9872:11440, 5840:7408, 9296:10864] (1568, 1568, 1568) and write ROI [10368:10944, 6336:6912, 9792:10368] (576, 576, 576)
Recording block-done for octoS0SubroiZ15683136Y78409408X1097612544Difficultsoma_pred_affs/12824 with read ROI [9872:11440, 6416:7984, 5840:7408] (1568, 1568, 1568) and write ROI [10368:10944, 6912:7488, 6336:6912] (576, 576, 576)
Recorded block-done for octoS0SubroiZ15683136Y78409408X1097612544Difficultsoma_pred_affs/12824 with read ROI [9872:11440, 6416:7984, 5840:7408] (1568, 1568, 1568) and write ROI [10368:10944, 6912:7488, 6336:6912] (576, 576, 576)
Recording block-done for octoS0SubroiZ15683136Y78409408X1097612544Difficultsoma_pred_affs/5939 with read ROI [9872:11440, 6416:7984, 80:1648] (1568, 1568, 1568) and write ROI [10368:10944, 6912:7488, 576:1152] (576, 576, 576)
Recorded block-done for octoS0SubroiZ15683136Y78409408X1097612544Difficultsoma_pred_affs/5939 with read ROI [9872:11440, 6416:7984, 80:1648] (1568, 1568, 1568) and write ROI [10368:10944, 6912:7488, 576:1152] (576, 576, 576)
Recording block-done for octoS0SubroiZ15683136Y78409408X1097612544Difficultsoma_pred_affs/8253 with read ROI [9872:11440, 6416:7984, 2384:3952] (1568, 1568, 1568) and write ROI [10368:10944, 6912:7488, 2880:3456] (576, 576, 576)
Recorded block-done for octoS0SubroiZ15683136Y78409408X1097612544Difficultsoma_pred_affs/8253 with read ROI [9872:11440, 6416:7984, 2384:3952] (1568, 1568, 1568) and write ROI [10368:10944, 6912:7488, 2880:3456] (576, 576, 576)
Recording block-done for octoS0SubroiZ15683136Y78409408X1097612544Difficultsoma_pred_affs/16698 with read ROI [9872:11440, 6416:7984, 8144:9712] (1568, 1568, 1568) and write ROI [10368:10944, 6912:7488, 8640:9216] (576, 576, 576)
Recorded block-done for octoS0SubroiZ15683136Y78409408X1097612544Difficultsoma_pred_affs/16698 with read ROI [9872:11440, 6416:7984, 8144:9712] (1568, 1568, 1568) and write ROI [10368:10944, 6912:7488, 8640:9216] (576, 576, 576)
Recording block-done for octoS0SubroiZ15683136Y78409408X1097612544Difficultsoma_pred_affs/6498 with read ROI [9872:11440, 6992:8560, 80:1648] (1568, 1568, 1568) and write ROI [10368:10944, 7488:8064, 576:1152] (576, 576, 576)
Recorded block-done for octoS0SubroiZ15683136Y78409408X1097612544Difficultsoma_pred_affs/6498 with read ROI [9872:11440, 6992:8560, 80:1648] (1568, 1568, 1568) and write ROI [10368:10944, 7488:8064, 576:1152] (576, 576, 576)
Recording block-done for octoS0SubroiZ15683136Y78409408X1097612544Difficultsoma_pred_affs/20114 with read ROI [9872:11440, 6992:8560, 9296:10864] (1568, 1568, 1568) and write ROI [10368:10944, 7488:8064, 9792:10368] (576, 576, 576)
Recorded block-done for octoS0SubroiZ15683136Y78409408X1097612544Difficultsoma_pred_affs/20114 with read ROI [9872:11440, 6992:8560, 9296:10864] (1568, 1568, 1568) and write ROI [10368:10944, 7488:8064, 9792:10368] (576, 576, 576)
Recording block-done for octoS0SubroiZ15683136Y78409408X1097612544Difficultsoma_pred_affs/8316 with read ROI [9872:11440, 7568:9136, 1232:2800] (1568, 1568, 1568) and write ROI [10368:10944, 8064:8640, 1728:2304] (576, 576, 576)
Recorded block-done for octoS0SubroiZ15683136Y78409408X1097612544Difficultsoma_pred_affs/8316 with read ROI [9872:11440, 7568:9136, 1232:2800] (1568, 1568, 1568) and write ROI [10368:10944, 8064:8640, 1728:2304] (576, 576, 576)
Recording block-done for octoS0SubroiZ15683136Y78409408X1097612544Difficultsoma_pred_affs/15726 with read ROI [9872:11440, 7568:9136, 6416:7984] (1568, 1568, 1568) and write ROI [10368:10944, 8064:8640, 6912:7488] (576, 576, 576)
Recorded block-done for octoS0SubroiZ15683136Y78409408X1097612544Difficultsoma_pred_affs/15726 with read ROI [9872:11440, 7568:9136, 6416:7984] (1568, 1568, 1568) and write ROI [10368:10944, 8064:8640, 6912:7488] (576, 576, 576)
Recording block-done for octoS0SubroiZ15683136Y78409408X1097612544Difficultsoma_pred_affs/11206 with read ROI [9872:11440, 7568:9136, 3536:5104] (1568, 1568, 1568) and write ROI [10368:10944, 8064:8640, 4032:4608] (576, 576, 576)
Recorded block-done for octoS0SubroiZ15683136Y78409408X1097612544Difficultsoma_pred_affs/11206 with read ROI [9872:11440, 7568:9136, 3536:5104] (1568, 1568, 1568) and write ROI [10368:10944, 8064:8640, 4032:4608] (576, 576, 576)
Recording block-done for octoS0SubroiZ15683136Y78409408X1097612544Difficultsoma_pred_affs/17810 with read ROI [9872:11440, 6992:8560, 8144:9712] (1568, 1568, 1568) and write ROI [10368:10944, 7488:8064, 8640:9216] (576, 576, 576)
Recorded block-done for octoS0SubroiZ15683136Y78409408X1097612544Difficultsoma_pred_affs/17810 with read ROI [9872:11440, 6992:8560, 8144:9712] (1568, 1568, 1568) and write ROI [10368:10944, 7488:8064, 8640:9216] (576, 576, 576)
Recording block-done for octoS0SubroiZ15683136Y78409408X1097612544Difficultsoma_pred_affs/10459 with read ROI [9872:11440, 8144:9712, 2384:3952] (1568, 1568, 1568) and write ROI [10368:10944, 8640:9216, 2880:3456] (576, 576, 576)
Recorded block-done for octoS0SubroiZ15683136Y78409408X1097612544Difficultsoma_pred_affs/10459 with read ROI [9872:11440, 8144:9712, 2384:3952] (1568, 1568, 1568) and write ROI [10368:10944, 8640:9216, 2880:3456] (576, 576, 576)
Recording block-done for octoS0SubroiZ15683136Y78409408X1097612544Difficultsoma_pred_affs/12920 with read ROI [9872:11440, 8144:9712, 4112:5680] (1568, 1568, 1568) and write ROI [10368:10944, 8640:9216, 4608:5184] (576, 576, 576)
Recorded block-done for octoS0SubroiZ15683136Y78409408X1097612544Difficultsoma_pred_affs/12920 with read ROI [9872:11440, 8144:9712, 4112:5680] (1568, 1568, 1568) and write ROI [10368:10944, 8640:9216, 4608:5184] (576, 576, 576)
Recording block-done for octoS0SubroiZ15683136Y78409408X1097612544Difficultsoma_pred_affs/16794 with read ROI [9872:11440, 8144:9712, 6416:7984] (1568, 1568, 1568) and write ROI [10368:10944, 8640:9216, 6912:7488] (576, 576, 576)
Recorded block-done for octoS0SubroiZ15683136Y78409408X1097612544Difficultsoma_pred_affs/16794 with read ROI [9872:11440, 8144:9712, 6416:7984] (1568, 1568, 1568) and write ROI [10368:10944, 8640:9216, 6912:7488] (576, 576, 576)
Recording block-done for octoS0SubroiZ15683136Y78409408X1097612544Difficultsoma_pred_affs/16828 with read ROI [9872:11440, 8720:10288, 5840:7408] (1568, 1568, 1568) and write ROI [10368:10944, 9216:9792, 6336:6912] (576, 576, 576)
Recorded block-done for octoS0SubroiZ15683136Y78409408X1097612544Difficultsoma_pred_affs/16828 with read ROI [9872:11440, 8720:10288, 5840:7408] (1568, 1568, 1568) and write ROI [10368:10944, 9216:9792, 6336:6912] (576, 576, 576)
Recording block-done for octoS0SubroiZ15683136Y78409408X1097612544Difficultsoma_pred_affs/21404 with read ROI [9872:11440, 8144:9712, 8720:10288] (1568, 1568, 1568) and write ROI [10368:10944, 8640:9216, 9216:9792] (576, 576, 576)
Recorded block-done for octoS0SubroiZ15683136Y78409408X1097612544Difficultsoma_pred_affs/21404 with read ROI [9872:11440, 8144:9712, 8720:10288] (1568, 1568, 1568) and write ROI [10368:10944, 8640:9216, 9216:9792] (576, 576, 576)
Recording block-done for octoS0SubroiZ15683136Y78409408X1097612544Difficultsoma_pred_affs/25383 with read ROI [9872:11440, 8144:9712, 10448:12016] (1568, 1568, 1568) and write ROI [10368:10944, 8640:9216, 10944:11520] (576, 576, 576)
Recorded block-done for octoS0SubroiZ15683136Y78409408X1097612544Difficultsoma_pred_affs/25383 with read ROI [9872:11440, 8144:9712, 10448:12016] (1568, 1568, 1568) and write ROI [10368:10944, 8640:9216, 10944:11520] (576, 576, 576)
Recording block-done for octoS0SubroiZ15683136Y78409408X1097612544Difficultsoma_pred_affs/25417 with read ROI [9872:11440, 8720:10288, 9872:11440] (1568, 1568, 1568) and write ROI [10368:10944, 9216:9792, 10368:10944] (576, 576, 576)
Recorded block-done for octoS0SubroiZ15683136Y78409408X1097612544Difficultsoma_pred_affs/25417 with read ROI [9872:11440, 8720:10288, 9872:11440] (1568, 1568, 1568) and write ROI [10368:10944, 9216:9792, 10368:10944] (576, 576, 576)
Recording block-done for octoS0SubroiZ15683136Y78409408X1097612544Difficultsoma_pred_affs/26848 with read ROI [9872:11440, 8720:10288, 10448:12016] (1568, 1568, 1568) and write ROI [10368:10944, 9216:9792, 10944:11520] (576, 576, 576)
Recorded block-done for octoS0SubroiZ15683136Y78409408X1097612544Difficultsoma_pred_affs/26848 with read ROI [9872:11440, 8720:10288, 10448:12016] (1568, 1568, 1568) and write ROI [10368:10944, 9216:9792, 10944:11520] (576, 576, 576)
Recording block-done for octoS0SubroiZ15683136Y78409408X1097612544Difficultsoma_pred_affs/14838 with read ROI [9872:11440, 9296:10864, 4112:5680] (1568, 1568, 1568) and write ROI [10368:10944, 9792:10368, 4608:5184] (576, 576, 576)
Recorded block-done for octoS0SubroiZ15683136Y78409408X1097612544Difficultsoma_pred_affs/14838 with read ROI [9872:11440, 9296:10864, 4112:5680] (1568, 1568, 1568) and write ROI [10368:10944, 9792:10368, 4608:5184] (576, 576, 576)
Recording block-done for octoS0SubroiZ15683136Y78409408X1097612544Difficultsoma_pred_affs/19072 with read ROI [9872:11440, 9296:10864, 6416:7984] (1568, 1568, 1568) and write ROI [10368:10944, 9792:10368, 6912:7488] (576, 576, 576)
Recorded block-done for octoS0SubroiZ15683136Y78409408X1097612544Difficultsoma_pred_affs/19072 with read ROI [9872:11440, 9296:10864, 6416:7984] (1568, 1568, 1568) and write ROI [10368:10944, 9792:10368, 6912:7488] (576, 576, 576)
Recording block-done for octoS0SubroiZ15683136Y78409408X1097612544Difficultsoma_pred_affs/24074 with read ROI [9872:11440, 9296:10864, 8720:10288] (1568, 1568, 1568) and write ROI [10368:10944, 9792:10368, 9216:9792] (576, 576, 576)
Recorded block-done for octoS0SubroiZ15683136Y78409408X1097612544Difficultsoma_pred_affs/24074 with read ROI [9872:11440, 9296:10864, 8720:10288] (1568, 1568, 1568) and write ROI [10368:10944, 9792:10368, 9216:9792] (576, 576, 576)
Recording block-done for octoS0SubroiZ15683136Y78409408X1097612544Difficultsoma_pred_affs/28368 with read ROI [9872:11440, 9296:10864, 10448:12016] (1568, 1568, 1568) and write ROI [10368:10944, 9792:10368, 10944:11520] (576, 576, 576)
Recorded block-done for octoS0SubroiZ15683136Y78409408X1097612544Difficultsoma_pred_affs/28368 with read ROI [9872:11440, 9296:10864, 10448:12016] (1568, 1568, 1568) and write ROI [10368:10944, 9792:10368, 10944:11520] (576, 576, 576)
Recording block-done for octoS0SubroiZ15683136Y78409408X1097612544Difficultsoma_pred_affs/14874 with read ROI [9872:11440, 9872:11440, 3536:5104] (1568, 1568, 1568) and write ROI [10368:10944, 10368:10944, 4032:4608] (576, 576, 576)
Recorded block-done for octoS0SubroiZ15683136Y78409408X1097612544Difficultsoma_pred_affs/14874 with read ROI [9872:11440, 9872:11440, 3536:5104] (1568, 1568, 1568) and write ROI [10368:10944, 10368:10944, 4032:4608] (576, 576, 576)
Recording block-done for octoS0SubroiZ15683136Y78409408X1097612544Difficultsoma_pred_affs/28404 with read ROI [9872:11440, 9872:11440, 9872:11440] (1568, 1568, 1568) and write ROI [10368:10944, 10368:10944, 10368:10944] (576, 576, 576)
Recorded block-done for octoS0SubroiZ15683136Y78409408X1097612544Difficultsoma_pred_affs/28404 with read ROI [9872:11440, 9872:11440, 9872:11440] (1568, 1568, 1568) and write ROI [10368:10944, 10368:10944, 10368:10944] (576, 576, 576)
Recording block-done for octoS0SubroiZ15683136Y78409408X1097612544Difficultsoma_pred_affs/25488 with read ROI [9872:11440, 9872:11440, 8720:10288] (1568, 1568, 1568) and write ROI [10368:10944, 10368:10944, 9216:9792] (576, 576, 576)
Recorded block-done for octoS0SubroiZ15683136Y78409408X1097612544Difficultsoma_pred_affs/25488 with read ROI [9872:11440, 9872:11440, 8720:10288] (1568, 1568, 1568) and write ROI [10368:10944, 10368:10944, 9216:9792] (576, 576, 576)
Recording block-done for octoS0SubroiZ15683136Y78409408X1097612544Difficultsoma_pred_affs/29944 with read ROI [9872:11440, 9872:11440, 10448:12016] (1568, 1568, 1568) and write ROI [10368:10944, 10368:10944, 10944:11520] (576, 576, 576)
Recorded block-done for octoS0SubroiZ15683136Y78409408X1097612544Difficultsoma_pred_affs/29944 with read ROI [9872:11440, 9872:11440, 10448:12016] (1568, 1568, 1568) and write ROI [10368:10944, 10368:10944, 10944:11520] (576, 576, 576)
Recording block-done for octoS0SubroiZ15683136Y78409408X1097612544Difficultsoma_pred_affs/12201 with read ROI [9872:11440, 10448:12016, 1232:2800] (1568, 1568, 1568) and write ROI [10368:10944, 10944:11520, 1728:2304] (576, 576, 576)
Recorded block-done for octoS0SubroiZ15683136Y78409408X1097612544Difficultsoma_pred_affs/12201 with read ROI [9872:11440, 10448:12016, 1232:2800] (1568, 1568, 1568) and write ROI [10368:10944, 10944:11520, 1728:2304] (576, 576, 576)
Recording block-done for octoS0SubroiZ15683136Y78409408X1097612544Difficultsoma_pred_affs/29981 with read ROI [9872:11440, 10448:12016, 9872:11440] (1568, 1568, 1568) and write ROI [10368:10944, 10944:11520, 10368:10944] (576, 576, 576)
Recorded block-done for octoS0SubroiZ15683136Y78409408X1097612544Difficultsoma_pred_affs/29981 with read ROI [9872:11440, 10448:12016, 9872:11440] (1568, 1568, 1568) and write ROI [10368:10944, 10944:11520, 10368:10944] (576, 576, 576)
Recording block-done for octoS0SubroiZ15683136Y78409408X1097612544Difficultsoma_pred_affs/2829 with read ROI [10448:12016, 80:1648, 1808:3376] (1568, 1568, 1568) and write ROI [10944:11520, 576:1152, 2304:2880] (576, 576, 576)
Recorded block-done for octoS0SubroiZ15683136Y78409408X1097612544Difficultsoma_pred_affs/2829 with read ROI [10448:12016, 80:1648, 1808:3376] (1568, 1568, 1568) and write ROI [10944:11520, 576:1152, 2304:2880] (576, 576, 576)
Recording block-done for octoS0SubroiZ15683136Y78409408X1097612544Difficultsoma_pred_affs/2529 with read ROI [10448:12016, 80:1648, 1232:2800] (1568, 1568, 1568) and write ROI [10944:11520, 576:1152, 1728:2304] (576, 576, 576)
Recorded block-done for octoS0SubroiZ15683136Y78409408X1097612544Difficultsoma_pred_affs/2529 with read ROI [10448:12016, 80:1648, 1232:2800] (1568, 1568, 1568) and write ROI [10944:11520, 576:1152, 1728:2304] (576, 576, 576)
Recording block-done for octoS0SubroiZ15683136Y78409408X1097612544Difficultsoma_pred_affs/2550 with read ROI [10448:12016, 656:2224, 656:2224] (1568, 1568, 1568) and write ROI [10944:11520, 1152:1728, 1152:1728] (576, 576, 576)
Recorded block-done for octoS0SubroiZ15683136Y78409408X1097612544Difficultsoma_pred_affs/2550 with read ROI [10448:12016, 656:2224, 656:2224] (1568, 1568, 1568) and write ROI [10944:11520, 1152:1728, 1152:1728] (576, 576, 576)
Recording block-done for octoS0SubroiZ15683136Y78409408X1097612544Difficultsoma_pred_affs/4289 with read ROI [10448:12016, 80:1648, 4112:5680] (1568, 1568, 1568) and write ROI [10944:11520, 576:1152, 4608:5184] (576, 576, 576)
Recorded block-done for octoS0SubroiZ15683136Y78409408X1097612544Difficultsoma_pred_affs/4289 with read ROI [10448:12016, 80:1648, 4112:5680] (1568, 1568, 1568) and write ROI [10944:11520, 576:1152, 4608:5184] (576, 576, 576)
Recording block-done for octoS0SubroiZ15683136Y78409408X1097612544Difficultsoma_pred_affs/3883 with read ROI [10448:12016, 80:1648, 3536:5104] (1568, 1568, 1568) and write ROI [10944:11520, 576:1152, 4032:4608] (576, 576, 576)
Recorded block-done for octoS0SubroiZ15683136Y78409408X1097612544Difficultsoma_pred_affs/3883 with read ROI [10448:12016, 80:1648, 3536:5104] (1568, 1568, 1568) and write ROI [10944:11520, 576:1152, 4032:4608] (576, 576, 576)
Recording block-done for octoS0SubroiZ15683136Y78409408X1097612544Difficultsoma_pred_affs/5210 with read ROI [10448:12016, 656:2224, 4688:6256] (1568, 1568, 1568) and write ROI [10944:11520, 1152:1728, 5184:5760] (576, 576, 576)
Recorded block-done for octoS0SubroiZ15683136Y78409408X1097612544Difficultsoma_pred_affs/5210 with read ROI [10448:12016, 656:2224, 4688:6256] (1568, 1568, 1568) and write ROI [10944:11520, 1152:1728, 5184:5760] (576, 576, 576)
Recording block-done for octoS0SubroiZ15683136Y78409408X1097612544Difficultsoma_pred_affs/4332 with read ROI [10448:12016, 1232:2800, 2960:4528] (1568, 1568, 1568) and write ROI [10944:11520, 1728:2304, 3456:4032] (576, 576, 576)
Recorded block-done for octoS0SubroiZ15683136Y78409408X1097612544Difficultsoma_pred_affs/4332 with read ROI [10448:12016, 1232:2800, 2960:4528] (1568, 1568, 1568) and write ROI [10944:11520, 1728:2304, 3456:4032] (576, 576, 576)
Recording block-done for octoS0SubroiZ15683136Y78409408X1097612544Difficultsoma_pred_affs/4310 with read ROI [10448:12016, 656:2224, 3536:5104] (1568, 1568, 1568) and write ROI [10944:11520, 1152:1728, 4032:4608] (576, 576, 576)
Recorded block-done for octoS0SubroiZ15683136Y78409408X1097612544Difficultsoma_pred_affs/4310 with read ROI [10448:12016, 656:2224, 3536:5104] (1568, 1568, 1568) and write ROI [10944:11520, 1152:1728, 4032:4608] (576, 576, 576)
Recording block-done for octoS0SubroiZ15683136Y78409408X1097612544Difficultsoma_pred_affs/8020 with read ROI [10448:12016, 656:2224, 7568:9136] (1568, 1568, 1568) and write ROI [10944:11520, 1152:1728, 8064:8640] (576, 576, 576)
Recorded block-done for octoS0SubroiZ15683136Y78409408X1097612544Difficultsoma_pred_affs/8020 with read ROI [10448:12016, 656:2224, 7568:9136] (1568, 1568, 1568) and write ROI [10944:11520, 1152:1728, 8064:8640] (576, 576, 576)
Recording block-done for octoS0SubroiZ15683136Y78409408X1097612544Difficultsoma_pred_affs/8708 with read ROI [10448:12016, 1232:2800, 7568:9136] (1568, 1568, 1568) and write ROI [10944:11520, 1728:2304, 8064:8640] (576, 576, 576)
Recorded block-done for octoS0SubroiZ15683136Y78409408X1097612544Difficultsoma_pred_affs/8708 with read ROI [10448:12016, 1232:2800, 7568:9136] (1568, 1568, 1568) and write ROI [10944:11520, 1728:2304, 8064:8640] (576, 576, 576)
Recording block-done for octoS0SubroiZ15683136Y78409408X1097612544Difficultsoma_pred_affs/12636 with read ROI [10448:12016, 1808:3376, 9872:11440] (1568, 1568, 1568) and write ROI [10944:11520, 2304:2880, 10368:10944] (576, 576, 576)
Recorded block-done for octoS0SubroiZ15683136Y78409408X1097612544Difficultsoma_pred_affs/12636 with read ROI [10448:12016, 1808:3376, 9872:11440] (1568, 1568, 1568) and write ROI [10944:11520, 2304:2880, 10368:10944] (576, 576, 576)
Recording block-done for octoS0SubroiZ15683136Y78409408X1097612544Difficultsoma_pred_affs/13539 with read ROI [10448:12016, 1808:3376, 10448:12016] (1568, 1568, 1568) and write ROI [10944:11520, 2304:2880, 10944:11520] (576, 576, 576)
Recorded block-done for octoS0SubroiZ15683136Y78409408X1097612544Difficultsoma_pred_affs/13539 with read ROI [10448:12016, 1808:3376, 10448:12016] (1568, 1568, 1568) and write ROI [10944:11520, 2304:2880, 10944:11520] (576, 576, 576)
Recording block-done for octoS0SubroiZ15683136Y78409408X1097612544Difficultsoma_pred_affs/3571 with read ROI [10448:12016, 1808:3376, 1232:2800] (1568, 1568, 1568) and write ROI [10944:11520, 2304:2880, 1728:2304] (576, 576, 576)
Recorded block-done for octoS0SubroiZ15683136Y78409408X1097612544Difficultsoma_pred_affs/3571 with read ROI [10448:12016, 1808:3376, 1232:2800] (1568, 1568, 1568) and write ROI [10944:11520, 2304:2880, 1728:2304] (576, 576, 576)
Recording block-done for octoS0SubroiZ15683136Y78409408X1097612544Difficultsoma_pred_affs/8065 with read ROI [10448:12016, 1808:3376, 6416:7984] (1568, 1568, 1568) and write ROI [10944:11520, 2304:2880, 6912:7488] (576, 576, 576)
Recorded block-done for octoS0SubroiZ15683136Y78409408X1097612544Difficultsoma_pred_affs/8065 with read ROI [10448:12016, 1808:3376, 6416:7984] (1568, 1568, 1568) and write ROI [10944:11520, 2304:2880, 6912:7488] (576, 576, 576)
Recording block-done for octoS0SubroiZ15683136Y78409408X1097612544Difficultsoma_pred_affs/7459 with read ROI [10448:12016, 2384:3952, 5264:6832] (1568, 1568, 1568) and write ROI [10944:11520, 2880:3456, 5760:6336] (576, 576, 576)
Recorded block-done for octoS0SubroiZ15683136Y78409408X1097612544Difficultsoma_pred_affs/7459 with read ROI [10448:12016, 2384:3952, 5264:6832] (1568, 1568, 1568) and write ROI [10944:11520, 2880:3456, 5760:6336] (576, 576, 576)
Recording block-done for octoS0SubroiZ15683136Y78409408X1097612544Difficultsoma_pred_affs/8089 with read ROI [10448:12016, 2384:3952, 5840:7408] (1568, 1568, 1568) and write ROI [10944:11520, 2880:3456, 6336:6912] (576, 576, 576)
Recorded block-done for octoS0SubroiZ15683136Y78409408X1097612544Difficultsoma_pred_affs/8089 with read ROI [10448:12016, 2384:3952, 5840:7408] (1568, 1568, 1568) and write ROI [10944:11520, 2880:3456, 6336:6912] (576, 576, 576)
Recording block-done for octoS0SubroiZ15683136Y78409408X1097612544Difficultsoma_pred_affs/14509 with read ROI [10448:12016, 2384:3952, 10448:12016] (1568, 1568, 1568) and write ROI [10944:11520, 2880:3456, 10944:11520] (576, 576, 576)
Recorded block-done for octoS0SubroiZ15683136Y78409408X1097612544Difficultsoma_pred_affs/14509 with read ROI [10448:12016, 2384:3952, 10448:12016] (1568, 1568, 1568) and write ROI [10944:11520, 2880:3456, 10944:11520] (576, 576, 576)
Recording block-done for octoS0SubroiZ15683136Y78409408X1097612544Difficultsoma_pred_affs/9458 with read ROI [10448:12016, 2384:3952, 6992:8560] (1568, 1568, 1568) and write ROI [10944:11520, 2880:3456, 7488:8064] (576, 576, 576)
Recorded block-done for octoS0SubroiZ15683136Y78409408X1097612544Difficultsoma_pred_affs/9458 with read ROI [10448:12016, 2384:3952, 6992:8560] (1568, 1568, 1568) and write ROI [10944:11520, 2880:3456, 7488:8064] (576, 576, 576)
Recording block-done for octoS0SubroiZ15683136Y78409408X1097612544Difficultsoma_pred_affs/9483 with read ROI [10448:12016, 2960:4528, 6416:7984] (1568, 1568, 1568) and write ROI [10944:11520, 3456:4032, 6912:7488] (576, 576, 576)
Recorded block-done for octoS0SubroiZ15683136Y78409408X1097612544Difficultsoma_pred_affs/9483 with read ROI [10448:12016, 2960:4528, 6416:7984] (1568, 1568, 1568) and write ROI [10944:11520, 3456:4032, 6912:7488] (576, 576, 576)
Recording block-done for octoS0SubroiZ15683136Y78409408X1097612544Difficultsoma_pred_affs/4024 with read ROI [10448:12016, 3536:5104, 80:1648] (1568, 1568, 1568) and write ROI [10944:11520, 4032:4608, 576:1152] (576, 576, 576)
Recorded block-done for octoS0SubroiZ15683136Y78409408X1097612544Difficultsoma_pred_affs/4024 with read ROI [10448:12016, 3536:5104, 80:1648] (1568, 1568, 1568) and write ROI [10944:11520, 4032:4608, 576:1152] (576, 576, 576)
Recording block-done for octoS0SubroiZ15683136Y78409408X1097612544Difficultsoma_pred_affs/5826 with read ROI [10448:12016, 3536:5104, 2384:3952] (1568, 1568, 1568) and write ROI [10944:11520, 4032:4608, 2880:3456] (576, 576, 576)
Recorded block-done for octoS0SubroiZ15683136Y78409408X1097612544Difficultsoma_pred_affs/5826 with read ROI [10448:12016, 3536:5104, 2384:3952] (1568, 1568, 1568) and write ROI [10944:11520, 4032:4608, 2880:3456] (576, 576, 576)
Recording block-done for octoS0SubroiZ15683136Y78409408X1097612544Difficultsoma_pred_affs/4457 with read ROI [10448:12016, 4112:5680, 80:1648] (1568, 1568, 1568) and write ROI [10944:11520, 4608:5184, 576:1152] (576, 576, 576)
Recorded block-done for octoS0SubroiZ15683136Y78409408X1097612544Difficultsoma_pred_affs/4457 with read ROI [10448:12016, 4112:5680, 80:1648] (1568, 1568, 1568) and write ROI [10944:11520, 4608:5184, 576:1152] (576, 576, 576)
Recording block-done for octoS0SubroiZ15683136Y78409408X1097612544Difficultsoma_pred_affs/5853 with read ROI [10448:12016, 4112:5680, 1808:3376] (1568, 1568, 1568) and write ROI [10944:11520, 4608:5184, 2304:2880] (576, 576, 576)
Recorded block-done for octoS0SubroiZ15683136Y78409408X1097612544Difficultsoma_pred_affs/5853 with read ROI [10448:12016, 4112:5680, 1808:3376] (1568, 1568, 1568) and write ROI [10944:11520, 4608:5184, 2304:2880] (576, 576, 576)
Recording block-done for octoS0SubroiZ15683136Y78409408X1097612544Difficultsoma_pred_affs/6381 with read ROI [10448:12016, 4112:5680, 2384:3952] (1568, 1568, 1568) and write ROI [10944:11520, 4608:5184, 2880:3456] (576, 576, 576)
Recorded block-done for octoS0SubroiZ15683136Y78409408X1097612544Difficultsoma_pred_affs/6381 with read ROI [10448:12016, 4112:5680, 2384:3952] (1568, 1568, 1568) and write ROI [10944:11520, 4608:5184, 2880:3456] (576, 576, 576)
Recording block-done for octoS0SubroiZ15683136Y78409408X1097612544Difficultsoma_pred_affs/8167 with read ROI [10448:12016, 4112:5680, 4112:5680] (1568, 1568, 1568) and write ROI [10944:11520, 4608:5184, 4608:5184] (576, 576, 576)
Recorded block-done for octoS0SubroiZ15683136Y78409408X1097612544Difficultsoma_pred_affs/8167 with read ROI [10448:12016, 4112:5680, 4112:5680] (1568, 1568, 1568) and write ROI [10944:11520, 4608:5184, 4608:5184] (576, 576, 576)
Recording block-done for octoS0SubroiZ15683136Y78409408X1097612544Difficultsoma_pred_affs/7537 with read ROI [10448:12016, 4112:5680, 3536:5104] (1568, 1568, 1568) and write ROI [10944:11520, 4608:5184, 4032:4608] (576, 576, 576)
Recorded block-done for octoS0SubroiZ15683136Y78409408X1097612544Difficultsoma_pred_affs/7537 with read ROI [10448:12016, 4112:5680, 3536:5104] (1568, 1568, 1568) and write ROI [10944:11520, 4608:5184, 4032:4608] (576, 576, 576)
Recording block-done for octoS0SubroiZ15683136Y78409408X1097612544Difficultsoma_pred_affs/6409 with read ROI [10448:12016, 4688:6256, 1808:3376] (1568, 1568, 1568) and write ROI [10944:11520, 5184:5760, 2304:2880] (576, 576, 576)
Recorded block-done for octoS0SubroiZ15683136Y78409408X1097612544Difficultsoma_pred_affs/6409 with read ROI [10448:12016, 4688:6256, 1808:3376] (1568, 1568, 1568) and write ROI [10944:11520, 5184:5760, 2304:2880] (576, 576, 576)
Recording block-done for octoS0SubroiZ15683136Y78409408X1097612544Difficultsoma_pred_affs/11905 with read ROI [10448:12016, 4688:6256, 6416:7984] (1568, 1568, 1568) and write ROI [10944:11520, 5184:5760, 6912:7488] (576, 576, 576)
Recorded block-done for octoS0SubroiZ15683136Y78409408X1097612544Difficultsoma_pred_affs/11905 with read ROI [10448:12016, 4688:6256, 6416:7984] (1568, 1568, 1568) and write ROI [10944:11520, 5184:5760, 6912:7488] (576, 576, 576)
Recording block-done for octoS0SubroiZ15683136Y78409408X1097612544Difficultsoma_pred_affs/14615 with read ROI [10448:12016, 4688:6256, 8144:9712] (1568, 1568, 1568) and write ROI [10944:11520, 5184:5760, 8640:9216] (576, 576, 576)
Recorded block-done for octoS0SubroiZ15683136Y78409408X1097612544Difficultsoma_pred_affs/14615 with read ROI [10448:12016, 4688:6256, 8144:9712] (1568, 1568, 1568) and write ROI [10944:11520, 5184:5760, 8640:9216] (576, 576, 576)
Recording block-done for octoS0SubroiZ15683136Y78409408X1097612544Difficultsoma_pred_affs/5910 with read ROI [10448:12016, 5264:6832, 656:2224] (1568, 1568, 1568) and write ROI [10944:11520, 5760:6336, 1152:1728] (576, 576, 576)
Recorded block-done for octoS0SubroiZ15683136Y78409408X1097612544Difficultsoma_pred_affs/5910 with read ROI [10448:12016, 5264:6832, 656:2224] (1568, 1568, 1568) and write ROI [10944:11520, 5760:6336, 1152:1728] (576, 576, 576)
Recording block-done for octoS0SubroiZ15683136Y78409408X1097612544Difficultsoma_pred_affs/8890 with read ROI [10448:12016, 5264:6832, 3536:5104] (1568, 1568, 1568) and write ROI [10944:11520, 5760:6336, 4032:4608] (576, 576, 576)
Recorded block-done for octoS0SubroiZ15683136Y78409408X1097612544Difficultsoma_pred_affs/8890 with read ROI [10448:12016, 5264:6832, 3536:5104] (1568, 1568, 1568) and write ROI [10944:11520, 5760:6336, 4032:4608] (576, 576, 576)
Recording block-done for octoS0SubroiZ15683136Y78409408X1097612544Difficultsoma_pred_affs/13698 with read ROI [10448:12016, 5264:6832, 6992:8560] (1568, 1568, 1568) and write ROI [10944:11520, 5760:6336, 7488:8064] (576, 576, 576)
Recorded block-done for octoS0SubroiZ15683136Y78409408X1097612544Difficultsoma_pred_affs/13698 with read ROI [10448:12016, 5264:6832, 6992:8560] (1568, 1568, 1568) and write ROI [10944:11520, 5760:6336, 7488:8064] (576, 576, 576)
Recording block-done for octoS0SubroiZ15683136Y78409408X1097612544Difficultsoma_pred_affs/18878 with read ROI [10448:12016, 5264:6832, 9872:11440] (1568, 1568, 1568) and write ROI [10944:11520, 5760:6336, 10368:10944] (576, 576, 576)
Recorded block-done for octoS0SubroiZ15683136Y78409408X1097612544Difficultsoma_pred_affs/18878 with read ROI [10448:12016, 5264:6832, 9872:11440] (1568, 1568, 1568) and write ROI [10944:11520, 5760:6336, 10368:10944] (576, 576, 576)
Recording block-done for octoS0SubroiZ15683136Y78409408X1097612544Difficultsoma_pred_affs/8254 with read ROI [10448:12016, 5840:7408, 2384:3952] (1568, 1568, 1568) and write ROI [10944:11520, 6336:6912, 2880:3456] (576, 576, 576)
Recorded block-done for octoS0SubroiZ15683136Y78409408X1097612544Difficultsoma_pred_affs/8254 with read ROI [10448:12016, 5840:7408, 2384:3952] (1568, 1568, 1568) and write ROI [10944:11520, 6336:6912, 2880:3456] (576, 576, 576)
Recording block-done for octoS0SubroiZ15683136Y78409408X1097612544Difficultsoma_pred_affs/17780 with read ROI [10448:12016, 5840:7408, 8720:10288] (1568, 1568, 1568) and write ROI [10944:11520, 6336:6912, 9216:9792] (576, 576, 576)
Recorded block-done for octoS0SubroiZ15683136Y78409408X1097612544Difficultsoma_pred_affs/17780 with read ROI [10448:12016, 5840:7408, 8720:10288] (1568, 1568, 1568) and write ROI [10944:11520, 6336:6912, 9216:9792] (576, 576, 576)
Recording block-done for octoS0SubroiZ15683136Y78409408X1097612544Difficultsoma_pred_affs/21309 with read ROI [10448:12016, 5840:7408, 10448:12016] (1568, 1568, 1568) and write ROI [10944:11520, 6336:6912, 10944:11520] (576, 576, 576)
Recorded block-done for octoS0SubroiZ15683136Y78409408X1097612544Difficultsoma_pred_affs/21309 with read ROI [10448:12016, 5840:7408, 10448:12016] (1568, 1568, 1568) and write ROI [10944:11520, 6336:6912, 10944:11520] (576, 576, 576)
Recording block-done for octoS0SubroiZ15683136Y78409408X1097612544Difficultsoma_pred_affs/8285 with read ROI [10448:12016, 6416:7984, 1808:3376] (1568, 1568, 1568) and write ROI [10944:11520, 6912:7488, 2304:2880] (576, 576, 576)
Recorded block-done for octoS0SubroiZ15683136Y78409408X1097612544Difficultsoma_pred_affs/8285 with read ROI [10448:12016, 6416:7984, 1808:3376] (1568, 1568, 1568) and write ROI [10944:11520, 6912:7488, 2304:2880] (576, 576, 576)
Recording block-done for octoS0SubroiZ15683136Y78409408X1097612544Difficultsoma_pred_affs/13759 with read ROI [10448:12016, 6416:7984, 5840:7408] (1568, 1568, 1568) and write ROI [10944:11520, 6912:7488, 6336:6912] (576, 576, 576)
Recorded block-done for octoS0SubroiZ15683136Y78409408X1097612544Difficultsoma_pred_affs/13759 with read ROI [10448:12016, 6416:7984, 5840:7408] (1568, 1568, 1568) and write ROI [10944:11520, 6912:7488, 6336:6912] (576, 576, 576)
Recording block-done for octoS0SubroiZ15683136Y78409408X1097612544Difficultsoma_pred_affs/11207 with read ROI [10448:12016, 6992:8560, 3536:5104] (1568, 1568, 1568) and write ROI [10944:11520, 7488:8064, 4032:4608] (576, 576, 576)
Recorded block-done for octoS0SubroiZ15683136Y78409408X1097612544Difficultsoma_pred_affs/11207 with read ROI [10448:12016, 6992:8560, 3536:5104] (1568, 1568, 1568) and write ROI [10944:11520, 7488:8064, 4032:4608] (576, 576, 576)
Recording block-done for octoS0SubroiZ15683136Y78409408X1097612544Difficultsoma_pred_affs/12921 with read ROI [10448:12016, 7568:9136, 4112:5680] (1568, 1568, 1568) and write ROI [10944:11520, 8064:8640, 4608:5184] (576, 576, 576)
Recorded block-done for octoS0SubroiZ15683136Y78409408X1097612544Difficultsoma_pred_affs/12921 with read ROI [10448:12016, 7568:9136, 4112:5680] (1568, 1568, 1568) and write ROI [10944:11520, 8064:8640, 4608:5184] (576, 576, 576)
Recording block-done for octoS0SubroiZ15683136Y78409408X1097612544Difficultsoma_pred_affs/16795 with read ROI [10448:12016, 7568:9136, 6416:7984] (1568, 1568, 1568) and write ROI [10944:11520, 8064:8640, 6912:7488] (576, 576, 576)
Recorded block-done for octoS0SubroiZ15683136Y78409408X1097612544Difficultsoma_pred_affs/16795 with read ROI [10448:12016, 7568:9136, 6416:7984] (1568, 1568, 1568) and write ROI [10944:11520, 8064:8640, 6912:7488] (576, 576, 576)
Recording block-done for octoS0SubroiZ15683136Y78409408X1097612544Difficultsoma_pred_affs/17843 with read ROI [10448:12016, 6992:8560, 7568:9136] (1568, 1568, 1568) and write ROI [10944:11520, 7488:8064, 8064:8640] (576, 576, 576)
Recorded block-done for octoS0SubroiZ15683136Y78409408X1097612544Difficultsoma_pred_affs/17843 with read ROI [10448:12016, 6992:8560, 7568:9136] (1568, 1568, 1568) and write ROI [10944:11520, 7488:8064, 8064:8640] (576, 576, 576)
Recording block-done for octoS0SubroiZ15683136Y78409408X1097612544Difficultsoma_pred_affs/21405 with read ROI [10448:12016, 7568:9136, 8720:10288] (1568, 1568, 1568) and write ROI [10944:11520, 8064:8640, 9216:9792] (576, 576, 576)
Recorded block-done for octoS0SubroiZ15683136Y78409408X1097612544Difficultsoma_pred_affs/21405 with read ROI [10448:12016, 7568:9136, 8720:10288] (1568, 1568, 1568) and write ROI [10944:11520, 8064:8640, 9216:9792] (576, 576, 576)
Recording block-done for octoS0SubroiZ15683136Y78409408X1097612544Difficultsoma_pred_affs/22680 with read ROI [10448:12016, 7568:9136, 9296:10864] (1568, 1568, 1568) and write ROI [10944:11520, 8064:8640, 9792:10368] (576, 576, 576)
Recorded block-done for octoS0SubroiZ15683136Y78409408X1097612544Difficultsoma_pred_affs/22680 with read ROI [10448:12016, 7568:9136, 9296:10864] (1568, 1568, 1568) and write ROI [10944:11520, 8064:8640, 9792:10368] (576, 576, 576)
Recording block-done for octoS0SubroiZ15683136Y78409408X1097612544Difficultsoma_pred_affs/17910 with read ROI [10448:12016, 8144:9712, 6416:7984] (1568, 1568, 1568) and write ROI [10944:11520, 8640:9216, 6912:7488] (576, 576, 576)
Recorded block-done for octoS0SubroiZ15683136Y78409408X1097612544Difficultsoma_pred_affs/17910 with read ROI [10448:12016, 8144:9712, 6416:7984] (1568, 1568, 1568) and write ROI [10944:11520, 8640:9216, 6912:7488] (576, 576, 576)
Recording block-done for octoS0SubroiZ15683136Y78409408X1097612544Difficultsoma_pred_affs/24040 with read ROI [10448:12016, 8144:9712, 9296:10864] (1568, 1568, 1568) and write ROI [10944:11520, 8640:9216, 9792:10368] (576, 576, 576)
Recorded block-done for octoS0SubroiZ15683136Y78409408X1097612544Difficultsoma_pred_affs/24040 with read ROI [10448:12016, 8144:9712, 9296:10864] (1568, 1568, 1568) and write ROI [10944:11520, 8640:9216, 9792:10368] (576, 576, 576)
Recording block-done for octoS0SubroiZ15683136Y78409408X1097612544Difficultsoma_pred_affs/14839 with read ROI [10448:12016, 8720:10288, 4112:5680] (1568, 1568, 1568) and write ROI [10944:11520, 9216:9792, 4608:5184] (576, 576, 576)
Recorded block-done for octoS0SubroiZ15683136Y78409408X1097612544Difficultsoma_pred_affs/14839 with read ROI [10448:12016, 8720:10288, 4112:5680] (1568, 1568, 1568) and write ROI [10944:11520, 9216:9792, 4608:5184] (576, 576, 576)
Recording block-done for octoS0SubroiZ15683136Y78409408X1097612544Difficultsoma_pred_affs/12990 with read ROI [10448:12016, 8720:10288, 2960:4528] (1568, 1568, 1568) and write ROI [10944:11520, 9216:9792, 3456:4032] (576, 576, 576)
Recorded block-done for octoS0SubroiZ15683136Y78409408X1097612544Difficultsoma_pred_affs/12990 with read ROI [10448:12016, 8720:10288, 2960:4528] (1568, 1568, 1568) and write ROI [10944:11520, 9216:9792, 3456:4032] (576, 576, 576)
Recording block-done for octoS0SubroiZ15683136Y78409408X1097612544Difficultsoma_pred_affs/20214 with read ROI [10448:12016, 8144:9712, 7568:9136] (1568, 1568, 1568) and write ROI [10944:11520, 8640:9216, 8064:8640] (576, 576, 576)
Recorded block-done for octoS0SubroiZ15683136Y78409408X1097612544Difficultsoma_pred_affs/20214 with read ROI [10448:12016, 8144:9712, 7568:9136] (1568, 1568, 1568) and write ROI [10944:11520, 8640:9216, 8064:8640] (576, 576, 576)
Recording block-done for octoS0SubroiZ15683136Y78409408X1097612544Difficultsoma_pred_affs/24075 with read ROI [10448:12016, 8720:10288, 8720:10288] (1568, 1568, 1568) and write ROI [10944:11520, 9216:9792, 9216:9792] (576, 576, 576)
Recorded block-done for octoS0SubroiZ15683136Y78409408X1097612544Difficultsoma_pred_affs/24075 with read ROI [10448:12016, 8720:10288, 8720:10288] (1568, 1568, 1568) and write ROI [10944:11520, 9216:9792, 9216:9792] (576, 576, 576)
Recording block-done for octoS0SubroiZ15683136Y78409408X1097612544Difficultsoma_pred_affs/13026 with read ROI [10448:12016, 9296:10864, 2384:3952] (1568, 1568, 1568) and write ROI [10944:11520, 9792:10368, 2880:3456] (576, 576, 576)
Recorded block-done for octoS0SubroiZ15683136Y78409408X1097612544Difficultsoma_pred_affs/13026 with read ROI [10448:12016, 9296:10864, 2384:3952] (1568, 1568, 1568) and write ROI [10944:11520, 9792:10368, 2880:3456] (576, 576, 576)
Recording block-done for octoS0SubroiZ15683136Y78409408X1097612544Difficultsoma_pred_affs/20285 with read ROI [10448:12016, 9296:10864, 6416:7984] (1568, 1568, 1568) and write ROI [10944:11520, 9792:10368, 6912:7488] (576, 576, 576)
Recorded block-done for octoS0SubroiZ15683136Y78409408X1097612544Difficultsoma_pred_affs/20285 with read ROI [10448:12016, 9296:10864, 6416:7984] (1568, 1568, 1568) and write ROI [10944:11520, 9792:10368, 6912:7488] (576, 576, 576)
Recording block-done for octoS0SubroiZ15683136Y78409408X1097612544Difficultsoma_pred_affs/21547 with read ROI [10448:12016, 9872:11440, 6416:7984] (1568, 1568, 1568) and write ROI [10944:11520, 10368:10944, 6912:7488] (576, 576, 576)
Recorded block-done for octoS0SubroiZ15683136Y78409408X1097612544Difficultsoma_pred_affs/21547 with read ROI [10448:12016, 9872:11440, 6416:7984] (1568, 1568, 1568) and write ROI [10944:11520, 10368:10944, 6912:7488] (576, 576, 576)
Recording block-done for octoS0SubroiZ15683136Y78409408X1097612544Difficultsoma_pred_affs/12202 with read ROI [10448:12016, 9872:11440, 1232:2800] (1568, 1568, 1568) and write ROI [10944:11520, 10368:10944, 1728:2304] (576, 576, 576)
Recorded block-done for octoS0SubroiZ15683136Y78409408X1097612544Difficultsoma_pred_affs/12202 with read ROI [10448:12016, 9872:11440, 1232:2800] (1568, 1568, 1568) and write ROI [10944:11520, 10368:10944, 1728:2304] (576, 576, 576)
Recording block-done for octoS0SubroiZ15683136Y78409408X1097612544Difficultsoma_pred_affs/24111 with read ROI [10448:12016, 9296:10864, 8144:9712] (1568, 1568, 1568) and write ROI [10944:11520, 9792:10368, 8640:9216] (576, 576, 576)
Recorded block-done for octoS0SubroiZ15683136Y78409408X1097612544Difficultsoma_pred_affs/24111 with read ROI [10448:12016, 9296:10864, 8144:9712] (1568, 1568, 1568) and write ROI [10944:11520, 9792:10368, 8640:9216] (576, 576, 576)
Recording block-done for octoS0SubroiZ15683136Y78409408X1097612544Difficultsoma_pred_affs/26957 with read ROI [10448:12016, 9872:11440, 8720:10288] (1568, 1568, 1568) and write ROI [10944:11520, 10368:10944, 9216:9792] (576, 576, 576)
Recorded block-done for octoS0SubroiZ15683136Y78409408X1097612544Difficultsoma_pred_affs/26957 with read ROI [10448:12016, 9872:11440, 8720:10288] (1568, 1568, 1568) and write ROI [10944:11520, 10368:10944, 9216:9792] (576, 576, 576)
Recording block-done for octoS0SubroiZ15683136Y78409408X1097612544Difficultsoma_pred_affs/14912 with read ROI [10448:12016, 9872:11440, 2960:4528] (1568, 1568, 1568) and write ROI [10944:11520, 10368:10944, 3456:4032] (576, 576, 576)
Recorded block-done for octoS0SubroiZ15683136Y78409408X1097612544Difficultsoma_pred_affs/14912 with read ROI [10448:12016, 9872:11440, 2960:4528] (1568, 1568, 1568) and write ROI [10944:11520, 10368:10944, 3456:4032] (576, 576, 576)
Recording block-done for octoS0SubroiZ15683136Y78409408X1097612544Difficultsoma_pred_affs/31616 with read ROI [10448:12016, 10448:12016, 9872:11440] (1568, 1568, 1568) and write ROI [10944:11520, 10944:11520, 10368:10944] (576, 576, 576)
Recorded block-done for octoS0SubroiZ15683136Y78409408X1097612544Difficultsoma_pred_affs/31616 with read ROI [10448:12016, 10448:12016, 9872:11440] (1568, 1568, 1568) and write ROI [10944:11520, 10944:11520, 10368:10944] (576, 576, 576)
Recording block-done for octoS0SubroiZ15683136Y78409408X1097612544Difficultsoma_pred_affs/26995 with read ROI [10448:12016, 10448:12016, 8144:9712] (1568, 1568, 1568) and write ROI [10944:11520, 10944:11520, 8640:9216] (576, 576, 576)
Recorded block-done for octoS0SubroiZ15683136Y78409408X1097612544Difficultsoma_pred_affs/26995 with read ROI [10448:12016, 10448:12016, 8144:9712] (1568, 1568, 1568) and write ROI [10944:11520, 10944:11520, 8640:9216] (576, 576, 576)
Recording block-done for octoS0SubroiZ15683136Y78409408X1097612544Difficultsoma_pred_affs/25564 with read ROI [10448:12016, 10448:12016, 7568:9136] (1568, 1568, 1568) and write ROI [10944:11520, 10944:11520, 8064:8640] (576, 576, 576)
Recorded block-done for octoS0SubroiZ15683136Y78409408X1097612544Difficultsoma_pred_affs/25564 with read ROI [10448:12016, 10448:12016, 7568:9136] (1568, 1568, 1568) and write ROI [10944:11520, 10944:11520, 8064:8640] (576, 576, 576)
Recording block-done for octoS0SubroiZ15683136Y78409408X1097612544Difficultsoma_pred_affs/1334 with read ROI [80:1648, 80:1648, 9296:10864] (1568, 1568, 1568) and write ROI [576:1152, 576:1152, 9792:10368] (576, 576, 576)
Recorded block-done for octoS0SubroiZ15683136Y78409408X1097612544Difficultsoma_pred_affs/1334 with read ROI [80:1648, 80:1648, 9296:10864] (1568, 1568, 1568) and write ROI [576:1152, 576:1152, 9792:10368] (576, 576, 576)
Recording block-done for octoS0SubroiZ15683136Y78409408X1097612544Difficultsoma_pred_affs/194 with read ROI [80:1648, 2960:4528, 656:2224] (1568, 1568, 1568) and write ROI [576:1152, 3456:4032, 1152:1728] (576, 576, 576)
Recorded block-done for octoS0SubroiZ15683136Y78409408X1097612544Difficultsoma_pred_affs/194 with read ROI [80:1648, 2960:4528, 656:2224] (1568, 1568, 1568) and write ROI [576:1152, 3456:4032, 1152:1728] (576, 576, 576)
Recording block-done for octoS0SubroiZ15683136Y78409408X1097612544Difficultsoma_pred_affs/342 with read ROI [80:1648, 4688:6256, 80:1648] (1568, 1568, 1568) and write ROI [576:1152, 5184:5760, 576:1152] (576, 576, 576)
Recorded block-done for octoS0SubroiZ15683136Y78409408X1097612544Difficultsoma_pred_affs/342 with read ROI [80:1648, 4688:6256, 80:1648] (1568, 1568, 1568) and write ROI [576:1152, 5184:5760, 576:1152] (576, 576, 576)
Recording block-done for octoS0SubroiZ15683136Y78409408X1097612544Difficultsoma_pred_affs/853 with read ROI [80:1648, 3536:5104, 4112:5680] (1568, 1568, 1568) and write ROI [576:1152, 4032:4608, 4608:5184] (576, 576, 576)
Recorded block-done for octoS0SubroiZ15683136Y78409408X1097612544Difficultsoma_pred_affs/853 with read ROI [80:1648, 3536:5104, 4112:5680] (1568, 1568, 1568) and write ROI [576:1152, 4032:4608, 4608:5184] (576, 576, 576)
Recording block-done for octoS0SubroiZ15683136Y78409408X1097612544Difficultsoma_pred_affs/4562 with read ROI [80:1648, 5264:6832, 9872:11440] (1568, 1568, 1568) and write ROI [576:1152, 5760:6336, 10368:10944] (576, 576, 576)
Recorded block-done for octoS0SubroiZ15683136Y78409408X1097612544Difficultsoma_pred_affs/4562 with read ROI [80:1648, 5264:6832, 9872:11440] (1568, 1568, 1568) and write ROI [576:1152, 5760:6336, 10368:10944] (576, 576, 576)
Recording block-done for octoS0SubroiZ15683136Y78409408X1097612544Difficultsoma_pred_affs/1090 with read ROI [80:1648, 7568:9136, 656:2224] (1568, 1568, 1568) and write ROI [576:1152, 8064:8640, 1152:1728] (576, 576, 576)
Recorded block-done for octoS0SubroiZ15683136Y78409408X1097612544Difficultsoma_pred_affs/1090 with read ROI [80:1648, 7568:9136, 656:2224] (1568, 1568, 1568) and write ROI [576:1152, 8064:8640, 1152:1728] (576, 576, 576)
Recording block-done for octoS0SubroiZ15683136Y78409408X1097612544Difficultsoma_pred_affs/2421 with read ROI [80:1648, 7568:9136, 4112:5680] (1568, 1568, 1568) and write ROI [576:1152, 8064:8640, 4608:5184] (576, 576, 576)
Recorded block-done for octoS0SubroiZ15683136Y78409408X1097612544Difficultsoma_pred_affs/2421 with read ROI [80:1648, 7568:9136, 4112:5680] (1568, 1568, 1568) and write ROI [576:1152, 8064:8640, 4608:5184] (576, 576, 576)
Recording block-done for octoS0SubroiZ15683136Y78409408X1097612544Difficultsoma_pred_affs/7942 with read ROI [80:1648, 9296:10864, 9296:10864] (1568, 1568, 1568) and write ROI [576:1152, 9792:10368, 9792:10368] (576, 576, 576)
Recorded block-done for octoS0SubroiZ15683136Y78409408X1097612544Difficultsoma_pred_affs/7942 with read ROI [80:1648, 9296:10864, 9296:10864] (1568, 1568, 1568) and write ROI [576:1152, 9792:10368, 9792:10368] (576, 576, 576)
Recording block-done for octoS0SubroiZ15683136Y78409408X1097612544Difficultsoma_pred_affs/372 with read ROI [656:2224, 80:1648, 4688:6256] (1568, 1568, 1568) and write ROI [1152:1728, 576:1152, 5184:5760] (576, 576, 576)
Recorded block-done for octoS0SubroiZ15683136Y78409408X1097612544Difficultsoma_pred_affs/372 with read ROI [656:2224, 80:1648, 4688:6256] (1568, 1568, 1568) and write ROI [1152:1728, 576:1152, 5184:5760] (576, 576, 576)
Recording block-done for octoS0SubroiZ15683136Y78409408X1097612544Difficultsoma_pred_affs/999 with read ROI [656:2224, 2384:3952, 5264:6832] (1568, 1568, 1568) and write ROI [1152:1728, 2880:3456, 5760:6336] (576, 576, 576)
Recorded block-done for octoS0SubroiZ15683136Y78409408X1097612544Difficultsoma_pred_affs/999 with read ROI [656:2224, 2384:3952, 5264:6832] (1568, 1568, 1568) and write ROI [1152:1728, 2880:3456, 5760:6336] (576, 576, 576)
Recording block-done for octoS0SubroiZ15683136Y78409408X1097612544Difficultsoma_pred_affs/2330 with read ROI [656:2224, 2384:3952, 8720:10288] (1568, 1568, 1568) and write ROI [1152:1728, 2880:3456, 9216:9792] (576, 576, 576)
Recorded block-done for octoS0SubroiZ15683136Y78409408X1097612544Difficultsoma_pred_affs/2330 with read ROI [656:2224, 2384:3952, 8720:10288] (1568, 1568, 1568) and write ROI [1152:1728, 2880:3456, 9216:9792] (576, 576, 576)
Recording block-done for octoS0SubroiZ15683136Y78409408X1097612544Difficultsoma_pred_affs/411 with read ROI [656:2224, 3536:5104, 1232:2800] (1568, 1568, 1568) and write ROI [1152:1728, 4032:4608, 1728:2304] (576, 576, 576)
Recorded block-done for octoS0SubroiZ15683136Y78409408X1097612544Difficultsoma_pred_affs/411 with read ROI [656:2224, 3536:5104, 1232:2800] (1568, 1568, 1568) and write ROI [1152:1728, 4032:4608, 1728:2304] (576, 576, 576)
Recording block-done for octoS0SubroiZ15683136Y78409408X1097612544Difficultsoma_pred_affs/1342 with read ROI [656:2224, 656:2224, 8144:9712] (1568, 1568, 1568) and write ROI [1152:1728, 1152:1728, 8640:9216] (576, 576, 576)
Recorded block-done for octoS0SubroiZ15683136Y78409408X1097612544Difficultsoma_pred_affs/1342 with read ROI [656:2224, 656:2224, 8144:9712] (1568, 1568, 1568) and write ROI [1152:1728, 1152:1728, 8640:9216] (576, 576, 576)
Recording block-done for octoS0SubroiZ15683136Y78409408X1097612544Difficultsoma_pred_affs/2693 with read ROI [656:2224, 5840:7408, 5840:7408] (1568, 1568, 1568) and write ROI [1152:1728, 6336:6912, 6336:6912] (576, 576, 576)
Recorded block-done for octoS0SubroiZ15683136Y78409408X1097612544Difficultsoma_pred_affs/2693 with read ROI [656:2224, 5840:7408, 5840:7408] (1568, 1568, 1568) and write ROI [1152:1728, 6336:6912, 6336:6912] (576, 576, 576)
Recording block-done for octoS0SubroiZ15683136Y78409408X1097612544Difficultsoma_pred_affs/3792 with read ROI [656:2224, 7568:9136, 5840:7408] (1568, 1568, 1568) and write ROI [1152:1728, 8064:8640, 6336:6912] (576, 576, 576)
Recorded block-done for octoS0SubroiZ15683136Y78409408X1097612544Difficultsoma_pred_affs/3792 with read ROI [656:2224, 7568:9136, 5840:7408] (1568, 1568, 1568) and write ROI [1152:1728, 8064:8640, 6336:6912] (576, 576, 576)
Recording block-done for octoS0SubroiZ15683136Y78409408X1097612544Difficultsoma_pred_affs/7278 with read ROI [656:2224, 7568:9136, 9872:11440] (1568, 1568, 1568) and write ROI [1152:1728, 8064:8640, 10368:10944] (576, 576, 576)
Recorded block-done for octoS0SubroiZ15683136Y78409408X1097612544Difficultsoma_pred_affs/7278 with read ROI [656:2224, 7568:9136, 9872:11440] (1568, 1568, 1568) and write ROI [1152:1728, 8064:8640, 10368:10944] (576, 576, 576)
Recording block-done for octoS0SubroiZ15683136Y78409408X1097612544Difficultsoma_pred_affs/8648 with read ROI [656:2224, 9872:11440, 8720:10288] (1568, 1568, 1568) and write ROI [1152:1728, 10368:10944, 9216:9792] (576, 576, 576)
Recorded block-done for octoS0SubroiZ15683136Y78409408X1097612544Difficultsoma_pred_affs/8648 with read ROI [656:2224, 9872:11440, 8720:10288] (1568, 1568, 1568) and write ROI [1152:1728, 10368:10944, 9216:9792] (576, 576, 576)
Recording block-done for octoS0SubroiZ15683136Y78409408X1097612544Difficultsoma_pred_affs/4167 with read ROI [656:2224, 6416:7984, 7568:9136] (1568, 1568, 1568) and write ROI [1152:1728, 6912:7488, 8064:8640] (576, 576, 576)
Recorded block-done for octoS0SubroiZ15683136Y78409408X1097612544Difficultsoma_pred_affs/4167 with read ROI [656:2224, 6416:7984, 7568:9136] (1568, 1568, 1568) and write ROI [1152:1728, 6912:7488, 8064:8640] (576, 576, 576)
Recording block-done for octoS0SubroiZ15683136Y78409408X1097612544Difficultsoma_pred_affs/993 with read ROI [1232:2800, 1232:2800, 5840:7408] (1568, 1568, 1568) and write ROI [1728:2304, 1728:2304, 6336:6912] (576, 576, 576)
Recorded block-done for octoS0SubroiZ15683136Y78409408X1097612544Difficultsoma_pred_affs/993 with read ROI [1232:2800, 1232:2800, 5840:7408] (1568, 1568, 1568) and write ROI [1728:2304, 1728:2304, 6336:6912] (576, 576, 576)
Recording block-done for octoS0SubroiZ15683136Y78409408X1097612544Difficultsoma_pred_affs/196 with read ROI [1232:2800, 1808:3376, 656:2224] (1568, 1568, 1568) and write ROI [1728:2304, 2304:2880, 1152:1728] (576, 576, 576)
Recorded block-done for octoS0SubroiZ15683136Y78409408X1097612544Difficultsoma_pred_affs/196 with read ROI [1232:2800, 1808:3376, 656:2224] (1568, 1568, 1568) and write ROI [1728:2304, 2304:2880, 1152:1728] (576, 576, 576)
Recording block-done for octoS0SubroiZ15683136Y78409408X1097612544Difficultsoma_pred_affs/3315 with read ROI [1232:2800, 2384:3952, 9872:11440] (1568, 1568, 1568) and write ROI [1728:2304, 2880:3456, 10368:10944] (576, 576, 576)
Recorded block-done for octoS0SubroiZ15683136Y78409408X1097612544Difficultsoma_pred_affs/3315 with read ROI [1232:2800, 2384:3952, 9872:11440] (1568, 1568, 1568) and write ROI [1728:2304, 2880:3456, 10368:10944] (576, 576, 576)
Recording block-done for octoS0SubroiZ15683136Y78409408X1097612544Difficultsoma_pred_affs/719 with read ROI [1232:2800, 2384:3952, 3536:5104] (1568, 1568, 1568) and write ROI [1728:2304, 2880:3456, 4032:4608] (576, 576, 576)
Recorded block-done for octoS0SubroiZ15683136Y78409408X1097612544Difficultsoma_pred_affs/719 with read ROI [1232:2800, 2384:3952, 3536:5104] (1568, 1568, 1568) and write ROI [1728:2304, 2880:3456, 4032:4608] (576, 576, 576)
Recording block-done for octoS0SubroiZ15683136Y78409408X1097612544Difficultsoma_pred_affs/2358 with read ROI [1232:2800, 3536:5104, 6992:8560] (1568, 1568, 1568) and write ROI [1728:2304, 4032:4608, 7488:8064] (576, 576, 576)
Recorded block-done for octoS0SubroiZ15683136Y78409408X1097612544Difficultsoma_pred_affs/2358 with read ROI [1232:2800, 3536:5104, 6992:8560] (1568, 1568, 1568) and write ROI [1728:2304, 4032:4608, 7488:8064] (576, 576, 576)
Recording block-done for octoS0SubroiZ15683136Y78409408X1097612544Difficultsoma_pred_affs/2408 with read ROI [1232:2800, 5840:7408, 4688:6256] (1568, 1568, 1568) and write ROI [1728:2304, 6336:6912, 5184:5760] (576, 576, 576)
Recorded block-done for octoS0SubroiZ15683136Y78409408X1097612544Difficultsoma_pred_affs/2408 with read ROI [1232:2800, 5840:7408, 4688:6256] (1568, 1568, 1568) and write ROI [1728:2304, 6336:6912, 5184:5760] (576, 576, 576)
Recording block-done for octoS0SubroiZ15683136Y78409408X1097612544Difficultsoma_pred_affs/5550 with read ROI [1232:2800, 5264:6832, 9872:11440] (1568, 1568, 1568) and write ROI [1728:2304, 5760:6336, 10368:10944] (576, 576, 576)
Recorded block-done for octoS0SubroiZ15683136Y78409408X1097612544Difficultsoma_pred_affs/5550 with read ROI [1232:2800, 5264:6832, 9872:11440] (1568, 1568, 1568) and write ROI [1728:2304, 5760:6336, 10368:10944] (576, 576, 576)
Recording block-done for octoS0SubroiZ15683136Y78409408X1097612544Difficultsoma_pred_affs/5173 with read ROI [1232:2800, 9296:10864, 5264:6832] (1568, 1568, 1568) and write ROI [1728:2304, 9792:10368, 5760:6336] (576, 576, 576)
Recorded block-done for octoS0SubroiZ15683136Y78409408X1097612544Difficultsoma_pred_affs/5173 with read ROI [1232:2800, 9296:10864, 5264:6832] (1568, 1568, 1568) and write ROI [1728:2304, 9792:10368, 5760:6336] (576, 576, 576)
Recording block-done for octoS0SubroiZ15683136Y78409408X1097612544Difficultsoma_pred_affs/10916 with read ROI [1232:2800, 10448:12016, 9296:10864] (1568, 1568, 1568) and write ROI [1728:2304, 10944:11520, 9792:10368] (576, 576, 576)
Recorded block-done for octoS0SubroiZ15683136Y78409408X1097612544Difficultsoma_pred_affs/10916 with read ROI [1232:2800, 10448:12016, 9296:10864] (1568, 1568, 1568) and write ROI [1728:2304, 10944:11520, 9792:10368] (576, 576, 576)
Recording block-done for octoS0SubroiZ15683136Y78409408X1097612544Difficultsoma_pred_affs/5551 with read ROI [1808:3376, 4688:6256, 9872:11440] (1568, 1568, 1568) and write ROI [2304:2880, 5184:5760, 10368:10944] (576, 576, 576)
Recorded block-done for octoS0SubroiZ15683136Y78409408X1097612544Difficultsoma_pred_affs/5551 with read ROI [1808:3376, 4688:6256, 9872:11440] (1568, 1568, 1568) and write ROI [2304:2880, 5184:5760, 10368:10944] (576, 576, 576)
Recording block-done for octoS0SubroiZ15683136Y78409408X1097612544Difficultsoma_pred_affs/1610 with read ROI [1808:3376, 3536:5104, 4688:6256] (1568, 1568, 1568) and write ROI [2304:2880, 4032:4608, 5184:5760] (576, 576, 576)
Recorded block-done for octoS0SubroiZ15683136Y78409408X1097612544Difficultsoma_pred_affs/1610 with read ROI [1808:3376, 3536:5104, 4688:6256] (1568, 1568, 1568) and write ROI [2304:2880, 4032:4608, 5184:5760] (576, 576, 576)
Recording block-done for octoS0SubroiZ15683136Y78409408X1097612544Difficultsoma_pred_affs/2148 with read ROI [1808:3376, 5840:7408, 3536:5104] (1568, 1568, 1568) and write ROI [2304:2880, 6336:6912, 4032:4608] (576, 576, 576)
Recorded block-done for octoS0SubroiZ15683136Y78409408X1097612544Difficultsoma_pred_affs/2148 with read ROI [1808:3376, 5840:7408, 3536:5104] (1568, 1568, 1568) and write ROI [2304:2880, 6336:6912, 4032:4608] (576, 576, 576)
Recording block-done for octoS0SubroiZ15683136Y78409408X1097612544Difficultsoma_pred_affs/5100 with read ROI [1808:3376, 6416:7984, 7568:9136] (1568, 1568, 1568) and write ROI [2304:2880, 6912:7488, 8064:8640] (576, 576, 576)
Recorded block-done for octoS0SubroiZ15683136Y78409408X1097612544Difficultsoma_pred_affs/5100 with read ROI [1808:3376, 6416:7984, 7568:9136] (1568, 1568, 1568) and write ROI [2304:2880, 6912:7488, 8064:8640] (576, 576, 576)
Recording block-done for octoS0SubroiZ15683136Y78409408X1097612544Difficultsoma_pred_affs/1028 with read ROI [1808:3376, 2960:4528, 3536:5104] (1568, 1568, 1568) and write ROI [2304:2880, 3456:4032, 4032:4608] (576, 576, 576)
Recorded block-done for octoS0SubroiZ15683136Y78409408X1097612544Difficultsoma_pred_affs/1028 with read ROI [1808:3376, 2960:4528, 3536:5104] (1568, 1568, 1568) and write ROI [2304:2880, 3456:4032, 4032:4608] (576, 576, 576)
Recording block-done for octoS0SubroiZ15683136Y78409408X1097612544Difficultsoma_pred_affs/2857 with read ROI [1808:3376, 9872:11440, 656:2224] (1568, 1568, 1568) and write ROI [2304:2880, 10368:10944, 1152:1728] (576, 576, 576)
Recorded block-done for octoS0SubroiZ15683136Y78409408X1097612544Difficultsoma_pred_affs/2857 with read ROI [1808:3376, 9872:11440, 656:2224] (1568, 1568, 1568) and write ROI [2304:2880, 10368:10944, 1152:1728] (576, 576, 576)
Recording block-done for octoS0SubroiZ15683136Y78409408X1097612544Difficultsoma_pred_affs/3829 with read ROI [1808:3376, 7568:9136, 4688:6256] (1568, 1568, 1568) and write ROI [2304:2880, 8064:8640, 5184:5760] (576, 576, 576)
Recorded block-done for octoS0SubroiZ15683136Y78409408X1097612544Difficultsoma_pred_affs/3829 with read ROI [1808:3376, 7568:9136, 4688:6256] (1568, 1568, 1568) and write ROI [2304:2880, 8064:8640, 5184:5760] (576, 576, 576)
Recording block-done for octoS0SubroiZ15683136Y78409408X1097612544Difficultsoma_pred_affs/5670 with read ROI [1808:3376, 8720:10288, 5840:7408] (1568, 1568, 1568) and write ROI [2304:2880, 9216:9792, 6336:6912] (576, 576, 576)
Recorded block-done for octoS0SubroiZ15683136Y78409408X1097612544Difficultsoma_pred_affs/5670 with read ROI [1808:3376, 8720:10288, 5840:7408] (1568, 1568, 1568) and write ROI [2304:2880, 9216:9792, 6336:6912] (576, 576, 576)
Recording block-done for octoS0SubroiZ15683136Y78409408X1097612544Difficultsoma_pred_affs/6241 with read ROI [1808:3376, 9872:11440, 5264:6832] (1568, 1568, 1568) and write ROI [2304:2880, 10368:10944, 5760:6336] (576, 576, 576)
Recorded block-done for octoS0SubroiZ15683136Y78409408X1097612544Difficultsoma_pred_affs/6241 with read ROI [1808:3376, 9872:11440, 5264:6832] (1568, 1568, 1568) and write ROI [2304:2880, 10368:10944, 5760:6336] (576, 576, 576)
Recording block-done for octoS0SubroiZ15683136Y78409408X1097612544Difficultsoma_pred_affs/3336 with read ROI [2384:3952, 2384:3952, 8720:10288] (1568, 1568, 1568) and write ROI [2880:3456, 2880:3456, 9216:9792] (576, 576, 576)
Recorded block-done for octoS0SubroiZ15683136Y78409408X1097612544Difficultsoma_pred_affs/3336 with read ROI [2384:3952, 2384:3952, 8720:10288] (1568, 1568, 1568) and write ROI [2880:3456, 2880:3456, 9216:9792] (576, 576, 576)
Recording block-done for octoS0SubroiZ15683136Y78409408X1097612544Difficultsoma_pred_affs/857 with read ROI [2384:3952, 1232:2800, 4112:5680] (1568, 1568, 1568) and write ROI [2880:3456, 1728:2304, 4608:5184] (576, 576, 576)
Recorded block-done for octoS0SubroiZ15683136Y78409408X1097612544Difficultsoma_pred_affs/857 with read ROI [2384:3952, 1232:2800, 4112:5680] (1568, 1568, 1568) and write ROI [2880:3456, 1728:2304, 4608:5184] (576, 576, 576)
Recording block-done for octoS0SubroiZ15683136Y78409408X1097612544Difficultsoma_pred_affs/153 with read ROI [2384:3952, 656:2224, 80:1648] (1568, 1568, 1568) and write ROI [2880:3456, 1152:1728, 576:1152] (576, 576, 576)
Recorded block-done for octoS0SubroiZ15683136Y78409408X1097612544Difficultsoma_pred_affs/153 with read ROI [2384:3952, 656:2224, 80:1648] (1568, 1568, 1568) and write ROI [2880:3456, 1152:1728, 576:1152] (576, 576, 576)
Recording block-done for octoS0SubroiZ15683136Y78409408X1097612544Difficultsoma_pred_affs/2741 with read ROI [2384:3952, 5840:7408, 4112:5680] (1568, 1568, 1568) and write ROI [2880:3456, 6336:6912, 4608:5184] (576, 576, 576)
Recorded block-done for octoS0SubroiZ15683136Y78409408X1097612544Difficultsoma_pred_affs/2741 with read ROI [2384:3952, 5840:7408, 4112:5680] (1568, 1568, 1568) and write ROI [2880:3456, 6336:6912, 4608:5184] (576, 576, 576)
Recording block-done for octoS0SubroiZ15683136Y78409408X1097612544Difficultsoma_pred_affs/2996 with read ROI [2384:3952, 2960:4528, 7568:9136] (1568, 1568, 1568) and write ROI [2880:3456, 3456:4032, 8064:8640] (576, 576, 576)
Recorded block-done for octoS0SubroiZ15683136Y78409408X1097612544Difficultsoma_pred_affs/2996 with read ROI [2384:3952, 2960:4528, 7568:9136] (1568, 1568, 1568) and write ROI [2880:3456, 3456:4032, 8064:8640] (576, 576, 576)
Recording block-done for octoS0SubroiZ15683136Y78409408X1097612544Difficultsoma_pred_affs/7421 with read ROI [2384:3952, 9872:11440, 5840:7408] (1568, 1568, 1568) and write ROI [2880:3456, 10368:10944, 6336:6912] (576, 576, 576)
Recorded block-done for octoS0SubroiZ15683136Y78409408X1097612544Difficultsoma_pred_affs/7421 with read ROI [2384:3952, 9872:11440, 5840:7408] (1568, 1568, 1568) and write ROI [2880:3456, 10368:10944, 6336:6912] (576, 576, 576)
Recording block-done for octoS0SubroiZ15683136Y78409408X1097612544Difficultsoma_pred_affs/8717 with read ROI [2384:3952, 9872:11440, 6992:8560] (1568, 1568, 1568) and write ROI [2880:3456, 10368:10944, 7488:8064] (576, 576, 576)
Recorded block-done for octoS0SubroiZ15683136Y78409408X1097612544Difficultsoma_pred_affs/8717 with read ROI [2384:3952, 9872:11440, 6992:8560] (1568, 1568, 1568) and write ROI [2880:3456, 10368:10944, 7488:8064] (576, 576, 576)
Recording block-done for octoS0SubroiZ15683136Y78409408X1097612544Difficultsoma_pred_affs/9420 with read ROI [2384:3952, 9872:11440, 7568:9136] (1568, 1568, 1568) and write ROI [2880:3456, 10368:10944, 8064:8640] (576, 576, 576)
Recorded block-done for octoS0SubroiZ15683136Y78409408X1097612544Difficultsoma_pred_affs/9420 with read ROI [2384:3952, 9872:11440, 7568:9136] (1568, 1568, 1568) and write ROI [2880:3456, 10368:10944, 8064:8640] (576, 576, 576)
Recording block-done for octoS0SubroiZ15683136Y78409408X1097612544Difficultsoma_pred_affs/2776 with read ROI [2384:3952, 6992:8560, 2960:4528] (1568, 1568, 1568) and write ROI [2880:3456, 7488:8064, 3456:4032] (576, 576, 576)
Recorded block-done for octoS0SubroiZ15683136Y78409408X1097612544Difficultsoma_pred_affs/2776 with read ROI [2384:3952, 6992:8560, 2960:4528] (1568, 1568, 1568) and write ROI [2880:3456, 7488:8064, 3456:4032] (576, 576, 576)
Recording block-done for octoS0SubroiZ15683136Y78409408X1097612544Difficultsoma_pred_affs/6179 with read ROI [2384:3952, 7568:9136, 6992:8560] (1568, 1568, 1568) and write ROI [2880:3456, 8064:8640, 7488:8064] (576, 576, 576)
Recorded block-done for octoS0SubroiZ15683136Y78409408X1097612544Difficultsoma_pred_affs/6179 with read ROI [2384:3952, 7568:9136, 6992:8560] (1568, 1568, 1568) and write ROI [2880:3456, 8064:8640, 7488:8064] (576, 576, 576)
Recording block-done for octoS0SubroiZ15683136Y78409408X1097612544Difficultsoma_pred_affs/5044 with read ROI [2960:4528, 2960:4528, 9872:11440] (1568, 1568, 1568) and write ROI [3456:4032, 3456:4032, 10368:10944] (576, 576, 576)
Recorded block-done for octoS0SubroiZ15683136Y78409408X1097612544Difficultsoma_pred_affs/5044 with read ROI [2960:4528, 2960:4528, 9872:11440] (1568, 1568, 1568) and write ROI [3456:4032, 3456:4032, 10368:10944] (576, 576, 576)
Recording block-done for octoS0SubroiZ15683136Y78409408X1097612544Difficultsoma_pred_affs/6110 with read ROI [2960:4528, 4688:6256, 9296:10864] (1568, 1568, 1568) and write ROI [3456:4032, 5184:5760, 9792:10368] (576, 576, 576)
Recorded block-done for octoS0SubroiZ15683136Y78409408X1097612544Difficultsoma_pred_affs/6110 with read ROI [2960:4528, 4688:6256, 9296:10864] (1568, 1568, 1568) and write ROI [3456:4032, 5184:5760, 9792:10368] (576, 576, 576)
Recording block-done for octoS0SubroiZ15683136Y78409408X1097612544Difficultsoma_pred_affs/900 with read ROI [2960:4528, 2960:4528, 1808:3376] (1568, 1568, 1568) and write ROI [3456:4032, 3456:4032, 2304:2880] (576, 576, 576)
Recorded block-done for octoS0SubroiZ15683136Y78409408X1097612544Difficultsoma_pred_affs/900 with read ROI [2960:4528, 2960:4528, 1808:3376] (1568, 1568, 1568) and write ROI [3456:4032, 3456:4032, 2304:2880] (576, 576, 576)
Recording block-done for octoS0SubroiZ15683136Y78409408X1097612544Difficultsoma_pred_affs/913 with read ROI [2960:4528, 3536:5104, 1232:2800] (1568, 1568, 1568) and write ROI [3456:4032, 4032:4608, 1728:2304] (576, 576, 576)
Recorded block-done for octoS0SubroiZ15683136Y78409408X1097612544Difficultsoma_pred_affs/913 with read ROI [2960:4528, 3536:5104, 1232:2800] (1568, 1568, 1568) and write ROI [3456:4032, 4032:4608, 1728:2304] (576, 576, 576)
Recording block-done for octoS0SubroiZ15683136Y78409408X1097612544Difficultsoma_pred_affs/1868 with read ROI [2960:4528, 3536:5104, 4112:5680] (1568, 1568, 1568) and write ROI [3456:4032, 4032:4608, 4608:5184] (576, 576, 576)
Recorded block-done for octoS0SubroiZ15683136Y78409408X1097612544Difficultsoma_pred_affs/1868 with read ROI [2960:4528, 3536:5104, 4112:5680] (1568, 1568, 1568) and write ROI [3456:4032, 4032:4608, 4608:5184] (576, 576, 576)
Recording block-done for octoS0SubroiZ15683136Y78409408X1097612544Difficultsoma_pred_affs/8613 with read ROI [2960:4528, 6416:7984, 9872:11440] (1568, 1568, 1568) and write ROI [3456:4032, 6912:7488, 10368:10944] (576, 576, 576)
Recorded block-done for octoS0SubroiZ15683136Y78409408X1097612544Difficultsoma_pred_affs/8613 with read ROI [2960:4528, 6416:7984, 9872:11440] (1568, 1568, 1568) and write ROI [3456:4032, 6912:7488, 10368:10944] (576, 576, 576)
Recording block-done for octoS0SubroiZ15683136Y78409408X1097612544Difficultsoma_pred_affs/5715 with read ROI [2960:4528, 8720:10288, 4688:6256] (1568, 1568, 1568) and write ROI [3456:4032, 9216:9792, 5184:5760] (576, 576, 576)
Recorded block-done for octoS0SubroiZ15683136Y78409408X1097612544Difficultsoma_pred_affs/5715 with read ROI [2960:4528, 8720:10288, 4688:6256] (1568, 1568, 1568) and write ROI [3456:4032, 9216:9792, 5184:5760] (576, 576, 576)
Recording block-done for octoS0SubroiZ15683136Y78409408X1097612544Difficultsoma_pred_affs/3850 with read ROI [2960:4528, 6992:8560, 4112:5680] (1568, 1568, 1568) and write ROI [3456:4032, 7488:8064, 4608:5184] (576, 576, 576)
Recorded block-done for octoS0SubroiZ15683136Y78409408X1097612544Difficultsoma_pred_affs/3850 with read ROI [2960:4528, 6992:8560, 4112:5680] (1568, 1568, 1568) and write ROI [3456:4032, 7488:8064, 4608:5184] (576, 576, 576)
Recording block-done for octoS0SubroiZ15683136Y78409408X1097612544Difficultsoma_pred_affs/5176 with read ROI [2960:4528, 7568:9136, 5264:6832] (1568, 1568, 1568) and write ROI [3456:4032, 8064:8640, 5760:6336] (576, 576, 576)
Recorded block-done for octoS0SubroiZ15683136Y78409408X1097612544Difficultsoma_pred_affs/5176 with read ROI [2960:4528, 7568:9136, 5264:6832] (1568, 1568, 1568) and write ROI [3456:4032, 8064:8640, 5760:6336] (576, 576, 576)
Recording block-done for octoS0SubroiZ15683136Y78409408X1097612544Difficultsoma_pred_affs/3492 with read ROI [2960:4528, 7568:9136, 2960:4528] (1568, 1568, 1568) and write ROI [3456:4032, 8064:8640, 3456:4032] (576, 576, 576)
Recorded block-done for octoS0SubroiZ15683136Y78409408X1097612544Difficultsoma_pred_affs/3492 with read ROI [2960:4528, 7568:9136, 2960:4528] (1568, 1568, 1568) and write ROI [3456:4032, 8064:8640, 3456:4032] (576, 576, 576)
Recording block-done for octoS0SubroiZ15683136Y78409408X1097612544Difficultsoma_pred_affs/14521 with read ROI [2960:4528, 10448:12016, 9872:11440] (1568, 1568, 1568) and write ROI [3456:4032, 10944:11520, 10368:10944] (576, 576, 576)
Recorded block-done for octoS0SubroiZ15683136Y78409408X1097612544Difficultsoma_pred_affs/14521 with read ROI [2960:4528, 10448:12016, 9872:11440] (1568, 1568, 1568) and write ROI [3456:4032, 10944:11520, 10368:10944] (576, 576, 576)
Recording block-done for octoS0SubroiZ15683136Y78409408X1097612544Difficultsoma_pred_affs/8718 with read ROI [2960:4528, 9296:10864, 6992:8560] (1568, 1568, 1568) and write ROI [3456:4032, 9792:10368, 7488:8064] (576, 576, 576)
Recorded block-done for octoS0SubroiZ15683136Y78409408X1097612544Difficultsoma_pred_affs/8718 with read ROI [2960:4528, 9296:10864, 6992:8560] (1568, 1568, 1568) and write ROI [3456:4032, 9792:10368, 7488:8064] (576, 576, 576)
Recording block-done for octoS0SubroiZ15683136Y78409408X1097612544Difficultsoma_pred_affs/4777 with read ROI [2960:4528, 9296:10864, 2960:4528] (1568, 1568, 1568) and write ROI [3456:4032, 9792:10368, 3456:4032] (576, 576, 576)
Recorded block-done for octoS0SubroiZ15683136Y78409408X1097612544Difficultsoma_pred_affs/4777 with read ROI [2960:4528, 9296:10864, 2960:4528] (1568, 1568, 1568) and write ROI [3456:4032, 9792:10368, 3456:4032] (576, 576, 576)
Recording block-done for octoS0SubroiZ15683136Y78409408X1097612544Difficultsoma_pred_affs/765 with read ROI [3536:5104, 2384:3952, 1232:2800] (1568, 1568, 1568) and write ROI [4032:4608, 2880:3456, 1728:2304] (576, 576, 576)
Recorded block-done for octoS0SubroiZ15683136Y78409408X1097612544Difficultsoma_pred_affs/765 with read ROI [3536:5104, 2384:3952, 1232:2800] (1568, 1568, 1568) and write ROI [4032:4608, 2880:3456, 1728:2304] (576, 576, 576)
Recording block-done for octoS0SubroiZ15683136Y78409408X1097612544Difficultsoma_pred_affs/540 with read ROI [3536:5104, 2384:3952, 80:1648] (1568, 1568, 1568) and write ROI [4032:4608, 2880:3456, 576:1152] (576, 576, 576)
Recorded block-done for octoS0SubroiZ15683136Y78409408X1097612544Difficultsoma_pred_affs/540 with read ROI [3536:5104, 2384:3952, 80:1648] (1568, 1568, 1568) and write ROI [4032:4608, 2880:3456, 576:1152] (576, 576, 576)
Recording block-done for octoS0SubroiZ15683136Y78409408X1097612544Difficultsoma_pred_affs/778 with read ROI [3536:5104, 2960:4528, 656:2224] (1568, 1568, 1568) and write ROI [4032:4608, 3456:4032, 1152:1728] (576, 576, 576)
Recorded block-done for octoS0SubroiZ15683136Y78409408X1097612544Difficultsoma_pred_affs/778 with read ROI [3536:5104, 2960:4528, 656:2224] (1568, 1568, 1568) and write ROI [4032:4608, 3456:4032, 1152:1728] (576, 576, 576)
Recording block-done for octoS0SubroiZ15683136Y78409408X1097612544Difficultsoma_pred_affs/1473 with read ROI [3536:5104, 4688:6256, 1232:2800] (1568, 1568, 1568) and write ROI [4032:4608, 5184:5760, 1728:2304] (576, 576, 576)
Recorded block-done for octoS0SubroiZ15683136Y78409408X1097612544Difficultsoma_pred_affs/1473 with read ROI [3536:5104, 4688:6256, 1232:2800] (1568, 1568, 1568) and write ROI [4032:4608, 5184:5760, 1728:2304] (576, 576, 576)
Recording block-done for octoS0SubroiZ15683136Y78409408X1097612544Difficultsoma_pred_affs/6127 with read ROI [3536:5104, 4688:6256, 8720:10288] (1568, 1568, 1568) and write ROI [4032:4608, 5184:5760, 9216:9792] (576, 576, 576)
Recorded block-done for octoS0SubroiZ15683136Y78409408X1097612544Difficultsoma_pred_affs/6127 with read ROI [3536:5104, 4688:6256, 8720:10288] (1568, 1568, 1568) and write ROI [4032:4608, 5184:5760, 9216:9792] (576, 576, 576)
Recording block-done for octoS0SubroiZ15683136Y78409408X1097612544Difficultsoma_pred_affs/928 with read ROI [3536:5104, 3536:5104, 656:2224] (1568, 1568, 1568) and write ROI [4032:4608, 4032:4608, 1152:1728] (576, 576, 576)
Recorded block-done for octoS0SubroiZ15683136Y78409408X1097612544Difficultsoma_pred_affs/928 with read ROI [3536:5104, 3536:5104, 656:2224] (1568, 1568, 1568) and write ROI [4032:4608, 4032:4608, 1152:1728] (576, 576, 576)
Recording block-done for octoS0SubroiZ15683136Y78409408X1097612544Difficultsoma_pred_affs/5072 with read ROI [3536:5104, 3536:5104, 8720:10288] (1568, 1568, 1568) and write ROI [4032:4608, 4032:4608, 9216:9792] (576, 576, 576)
Recorded block-done for octoS0SubroiZ15683136Y78409408X1097612544Difficultsoma_pred_affs/5072 with read ROI [3536:5104, 3536:5104, 8720:10288] (1568, 1568, 1568) and write ROI [4032:4608, 4032:4608, 9216:9792] (576, 576, 576)
Recording block-done for octoS0SubroiZ15683136Y78409408X1097612544Difficultsoma_pred_affs/2151 with read ROI [3536:5104, 4112:5680, 3536:5104] (1568, 1568, 1568) and write ROI [4032:4608, 4608:5184, 4032:4608] (576, 576, 576)
Recorded block-done for octoS0SubroiZ15683136Y78409408X1097612544Difficultsoma_pred_affs/2151 with read ROI [3536:5104, 4112:5680, 3536:5104] (1568, 1568, 1568) and write ROI [4032:4608, 4608:5184, 4032:4608] (576, 576, 576)
Recording block-done for octoS0SubroiZ15683136Y78409408X1097612544Difficultsoma_pred_affs/2460 with read ROI [3536:5104, 5264:6832, 2960:4528] (1568, 1568, 1568) and write ROI [4032:4608, 5760:6336, 3456:4032] (576, 576, 576)
Recorded block-done for octoS0SubroiZ15683136Y78409408X1097612544Difficultsoma_pred_affs/2460 with read ROI [3536:5104, 5264:6832, 2960:4528] (1568, 1568, 1568) and write ROI [4032:4608, 5760:6336, 3456:4032] (576, 576, 576)
Recording block-done for octoS0SubroiZ15683136Y78409408X1097612544Difficultsoma_pred_affs/2241 with read ROI [3536:5104, 6992:8560, 656:2224] (1568, 1568, 1568) and write ROI [4032:4608, 7488:8064, 1152:1728] (576, 576, 576)
Recorded block-done for octoS0SubroiZ15683136Y78409408X1097612544Difficultsoma_pred_affs/2241 with read ROI [3536:5104, 6992:8560, 656:2224] (1568, 1568, 1568) and write ROI [4032:4608, 7488:8064, 1152:1728] (576, 576, 576)
Recording block-done for octoS0SubroiZ15683136Y78409408X1097612544Difficultsoma_pred_affs/10898 with read ROI [3536:5104, 7568:9136, 9872:11440] (1568, 1568, 1568) and write ROI [4032:4608, 8064:8640, 10368:10944] (576, 576, 576)
Recorded block-done for octoS0SubroiZ15683136Y78409408X1097612544Difficultsoma_pred_affs/10898 with read ROI [3536:5104, 7568:9136, 9872:11440] (1568, 1568, 1568) and write ROI [4032:4608, 8064:8640, 10368:10944] (576, 576, 576)
Recording block-done for octoS0SubroiZ15683136Y78409408X1097612544Difficultsoma_pred_affs/6267 with read ROI [3536:5104, 8720:10288, 4688:6256] (1568, 1568, 1568) and write ROI [4032:4608, 9216:9792, 5184:5760] (576, 576, 576)
Recorded block-done for octoS0SubroiZ15683136Y78409408X1097612544Difficultsoma_pred_affs/6267 with read ROI [3536:5104, 8720:10288, 4688:6256] (1568, 1568, 1568) and write ROI [4032:4608, 9216:9792, 5184:5760] (576, 576, 576)
Recording block-done for octoS0SubroiZ15683136Y78409408X1097612544Difficultsoma_pred_affs/4012 with read ROI [3536:5104, 10448:12016, 80:1648] (1568, 1568, 1568) and write ROI [4032:4608, 10944:11520, 576:1152] (576, 576, 576)
Recorded block-done for octoS0SubroiZ15683136Y78409408X1097612544Difficultsoma_pred_affs/4012 with read ROI [3536:5104, 10448:12016, 80:1648] (1568, 1568, 1568) and write ROI [4032:4608, 10944:11520, 576:1152] (576, 576, 576)
Recording block-done for octoS0SubroiZ15683136Y78409408X1097612544Difficultsoma_pred_affs/3493 with read ROI [3536:5104, 6992:8560, 2960:4528] (1568, 1568, 1568) and write ROI [4032:4608, 7488:8064, 3456:4032] (576, 576, 576)
Recorded block-done for octoS0SubroiZ15683136Y78409408X1097612544Difficultsoma_pred_affs/3493 with read ROI [3536:5104, 6992:8560, 2960:4528] (1568, 1568, 1568) and write ROI [4032:4608, 7488:8064, 3456:4032] (576, 576, 576)
Recording block-done for octoS0SubroiZ15683136Y78409408X1097612544Difficultsoma_pred_affs/7472 with read ROI [3536:5104, 9872:11440, 4688:6256] (1568, 1568, 1568) and write ROI [4032:4608, 10368:10944, 5184:5760] (576, 576, 576)
Recorded block-done for octoS0SubroiZ15683136Y78409408X1097612544Difficultsoma_pred_affs/7472 with read ROI [3536:5104, 9872:11440, 4688:6256] (1568, 1568, 1568) and write ROI [4032:4608, 10368:10944, 5184:5760] (576, 576, 576)
Recording block-done for octoS0SubroiZ15683136Y78409408X1097612544Difficultsoma_pred_affs/5267 with read ROI [3536:5104, 9296:10864, 2960:4528] (1568, 1568, 1568) and write ROI [4032:4608, 9792:10368, 3456:4032] (576, 576, 576)
Recorded block-done for octoS0SubroiZ15683136Y78409408X1097612544Difficultsoma_pred_affs/5267 with read ROI [3536:5104, 9296:10864, 2960:4528] (1568, 1568, 1568) and write ROI [4032:4608, 9792:10368, 3456:4032] (576, 576, 576)
Recording block-done for octoS0SubroiZ15683136Y78409408X1097612544Difficultsoma_pred_affs/529 with read ROI [4112:5680, 1232:2800, 656:2224] (1568, 1568, 1568) and write ROI [4608:5184, 1728:2304, 1152:1728] (576, 576, 576)
Recorded block-done for octoS0SubroiZ15683136Y78409408X1097612544Difficultsoma_pred_affs/529 with read ROI [4112:5680, 1232:2800, 656:2224] (1568, 1568, 1568) and write ROI [4608:5184, 1728:2304, 1152:1728] (576, 576, 576)
Recording block-done for octoS0SubroiZ15683136Y78409408X1097612544Difficultsoma_pred_affs/4594 with read ROI [4112:5680, 2384:3952, 8720:10288] (1568, 1568, 1568) and write ROI [4608:5184, 2880:3456, 9216:9792] (576, 576, 576)
Recorded block-done for octoS0SubroiZ15683136Y78409408X1097612544Difficultsoma_pred_affs/4594 with read ROI [4112:5680, 2384:3952, 8720:10288] (1568, 1568, 1568) and write ROI [4608:5184, 2880:3456, 9216:9792] (576, 576, 576)
Recording block-done for octoS0SubroiZ15683136Y78409408X1097612544Difficultsoma_pred_affs/5059 with read ROI [4112:5680, 2384:3952, 9296:10864] (1568, 1568, 1568) and write ROI [4608:5184, 2880:3456, 9792:10368] (576, 576, 576)
Recorded block-done for octoS0SubroiZ15683136Y78409408X1097612544Difficultsoma_pred_affs/5059 with read ROI [4112:5680, 2384:3952, 9296:10864] (1568, 1568, 1568) and write ROI [4608:5184, 2880:3456, 9792:10368] (576, 576, 576)
Recording block-done for octoS0SubroiZ15683136Y78409408X1097612544Difficultsoma_pred_affs/4755 with read ROI [3536:5104, 8144:9712, 3536:5104] (1568, 1568, 1568) and write ROI [4032:4608, 8640:9216, 4032:4608] (576, 576, 576)
Recorded block-done for octoS0SubroiZ15683136Y78409408X1097612544Difficultsoma_pred_affs/4755 with read ROI [3536:5104, 8144:9712, 3536:5104] (1568, 1568, 1568) and write ROI [4032:4608, 8640:9216, 4032:4608] (576, 576, 576)
Recording block-done for octoS0SubroiZ15683136Y78409408X1097612544Difficultsoma_pred_affs/6223 with read ROI [4112:5680, 6992:8560, 5840:7408] (1568, 1568, 1568) and write ROI [4608:5184, 7488:8064, 6336:6912] (576, 576, 576)
Recorded block-done for octoS0SubroiZ15683136Y78409408X1097612544Difficultsoma_pred_affs/6223 with read ROI [4112:5680, 6992:8560, 5840:7408] (1568, 1568, 1568) and write ROI [4608:5184, 7488:8064, 6336:6912] (576, 576, 576)
Recording block-done for octoS0SubroiZ15683136Y78409408X1097612544Difficultsoma_pred_affs/1653 with read ROI [4112:5680, 2960:4528, 2960:4528] (1568, 1568, 1568) and write ROI [4608:5184, 3456:4032, 3456:4032] (576, 576, 576)
Recorded block-done for octoS0SubroiZ15683136Y78409408X1097612544Difficultsoma_pred_affs/1653 with read ROI [4112:5680, 2960:4528, 2960:4528] (1568, 1568, 1568) and write ROI [4608:5184, 3456:4032, 3456:4032] (576, 576, 576)
Recording block-done for octoS0SubroiZ15683136Y78409408X1097612544Difficultsoma_pred_affs/10119 with read ROI [4112:5680, 6992:8560, 9296:10864] (1568, 1568, 1568) and write ROI [4608:5184, 7488:8064, 9792:10368] (576, 576, 576)
Recorded block-done for octoS0SubroiZ15683136Y78409408X1097612544Difficultsoma_pred_affs/10119 with read ROI [4112:5680, 6992:8560, 9296:10864] (1568, 1568, 1568) and write ROI [4608:5184, 7488:8064, 9792:10368] (576, 576, 576)
Recording block-done for octoS0SubroiZ15683136Y78409408X1097612544Difficultsoma_pred_affs/1899 with read ROI [4112:5680, 3536:5104, 2960:4528] (1568, 1568, 1568) and write ROI [4608:5184, 4032:4608, 3456:4032] (576, 576, 576)
Recorded block-done for octoS0SubroiZ15683136Y78409408X1097612544Difficultsoma_pred_affs/1899 with read ROI [4112:5680, 3536:5104, 2960:4528] (1568, 1568, 1568) and write ROI [4608:5184, 4032:4608, 3456:4032] (576, 576, 576)
Recording block-done for octoS0SubroiZ15683136Y78409408X1097612544Difficultsoma_pred_affs/13603 with read ROI [4112:5680, 9872:11440, 8720:10288] (1568, 1568, 1568) and write ROI [4608:5184, 10368:10944, 9216:9792] (576, 576, 576)
Recorded block-done for octoS0SubroiZ15683136Y78409408X1097612544Difficultsoma_pred_affs/13603 with read ROI [4112:5680, 9872:11440, 8720:10288] (1568, 1568, 1568) and write ROI [4608:5184, 10368:10944, 9216:9792] (576, 576, 576)
Recording block-done for octoS0SubroiZ15683136Y78409408X1097612544Difficultsoma_pred_affs/6343 with read ROI [4112:5680, 9872:11440, 2960:4528] (1568, 1568, 1568) and write ROI [4608:5184, 10368:10944, 3456:4032] (576, 576, 576)
Recorded block-done for octoS0SubroiZ15683136Y78409408X1097612544Difficultsoma_pred_affs/6343 with read ROI [4112:5680, 9872:11440, 2960:4528] (1568, 1568, 1568) and write ROI [4608:5184, 10368:10944, 3456:4032] (576, 576, 576)
Recording block-done for octoS0SubroiZ15683136Y78409408X1097612544Difficultsoma_pred_affs/17682 with read ROI [4112:5680, 10448:12016, 10448:12016] (1568, 1568, 1568) and write ROI [4608:5184, 10944:11520, 10944:11520] (576, 576, 576)
Recorded block-done for octoS0SubroiZ15683136Y78409408X1097612544Difficultsoma_pred_affs/17682 with read ROI [4112:5680, 10448:12016, 10448:12016] (1568, 1568, 1568) and write ROI [4608:5184, 10944:11520, 10944:11520] (576, 576, 576)
Recording block-done for octoS0SubroiZ15683136Y78409408X1097612544Difficultsoma_pred_affs/1835 with read ROI [4688:6256, 80:1648, 5840:7408] (1568, 1568, 1568) and write ROI [5184:5760, 576:1152, 6336:6912] (576, 576, 576)
Recorded block-done for octoS0SubroiZ15683136Y78409408X1097612544Difficultsoma_pred_affs/1835 with read ROI [4688:6256, 80:1648, 5840:7408] (1568, 1568, 1568) and write ROI [5184:5760, 576:1152, 6336:6912] (576, 576, 576)
Recording block-done for octoS0SubroiZ15683136Y78409408X1097612544Difficultsoma_pred_affs/6707 with read ROI [4688:6256, 4112:5680, 8720:10288] (1568, 1568, 1568) and write ROI [5184:5760, 4608:5184, 9216:9792] (576, 576, 576)
Recorded block-done for octoS0SubroiZ15683136Y78409408X1097612544Difficultsoma_pred_affs/6707 with read ROI [4688:6256, 4112:5680, 8720:10288] (1568, 1568, 1568) and write ROI [5184:5760, 4608:5184, 9216:9792] (576, 576, 576)
Recording block-done for octoS0SubroiZ15683136Y78409408X1097612544Difficultsoma_pred_affs/1990 with read ROI [4688:6256, 5840:7408, 80:1648] (1568, 1568, 1568) and write ROI [5184:5760, 6336:6912, 576:1152] (576, 576, 576)
Recorded block-done for octoS0SubroiZ15683136Y78409408X1097612544Difficultsoma_pred_affs/1990 with read ROI [4688:6256, 5840:7408, 80:1648] (1568, 1568, 1568) and write ROI [5184:5760, 6336:6912, 576:1152] (576, 576, 576)
Recording block-done for octoS0SubroiZ15683136Y78409408X1097612544Difficultsoma_pred_affs/1459 with read ROI [4688:6256, 2960:4528, 1808:3376] (1568, 1568, 1568) and write ROI [5184:5760, 3456:4032, 2304:2880] (576, 576, 576)
Recorded block-done for octoS0SubroiZ15683136Y78409408X1097612544Difficultsoma_pred_affs/1459 with read ROI [4688:6256, 2960:4528, 1808:3376] (1568, 1568, 1568) and write ROI [5184:5760, 3456:4032, 2304:2880] (576, 576, 576)
Recording block-done for octoS0SubroiZ15683136Y78409408X1097612544Difficultsoma_pred_affs/6113 with read ROI [4688:6256, 2960:4528, 9296:10864] (1568, 1568, 1568) and write ROI [5184:5760, 3456:4032, 9792:10368] (576, 576, 576)
Recorded block-done for octoS0SubroiZ15683136Y78409408X1097612544Difficultsoma_pred_affs/6113 with read ROI [4688:6256, 2960:4528, 9296:10864] (1568, 1568, 1568) and write ROI [5184:5760, 3456:4032, 9792:10368] (576, 576, 576)
Recording block-done for octoS0SubroiZ15683136Y78409408X1097612544Difficultsoma_pred_affs/6246 with read ROI [4688:6256, 6992:8560, 5264:6832] (1568, 1568, 1568) and write ROI [5184:5760, 7488:8064, 5760:6336] (576, 576, 576)
Recorded block-done for octoS0SubroiZ15683136Y78409408X1097612544Difficultsoma_pred_affs/6246 with read ROI [4688:6256, 6992:8560, 5264:6832] (1568, 1568, 1568) and write ROI [5184:5760, 7488:8064, 5760:6336] (576, 576, 576)
Recording block-done for octoS0SubroiZ15683136Y78409408X1097612544Difficultsoma_pred_affs/15567 with read ROI [4688:6256, 9872:11440, 9296:10864] (1568, 1568, 1568) and write ROI [5184:5760, 10368:10944, 9792:10368] (576, 576, 576)
Recorded block-done for octoS0SubroiZ15683136Y78409408X1097612544Difficultsoma_pred_affs/15567 with read ROI [4688:6256, 9872:11440, 9296:10864] (1568, 1568, 1568) and write ROI [5184:5760, 10368:10944, 9792:10368] (576, 576, 576)
Recording block-done for octoS0SubroiZ15683136Y78409408X1097612544Difficultsoma_pred_affs/8010 with read ROI [4688:6256, 6416:7984, 7568:9136] (1568, 1568, 1568) and write ROI [5184:5760, 6912:7488, 8064:8640] (576, 576, 576)
Recorded block-done for octoS0SubroiZ15683136Y78409408X1097612544Difficultsoma_pred_affs/8010 with read ROI [4688:6256, 6416:7984, 7568:9136] (1568, 1568, 1568) and write ROI [5184:5760, 6912:7488, 8064:8640] (576, 576, 576)
Recording block-done for octoS0SubroiZ15683136Y78409408X1097612544Difficultsoma_pred_affs/531 with read ROI [5264:6832, 80:1648, 656:2224] (1568, 1568, 1568) and write ROI [5760:6336, 576:1152, 1152:1728] (576, 576, 576)
Recorded block-done for octoS0SubroiZ15683136Y78409408X1097612544Difficultsoma_pred_affs/531 with read ROI [5264:6832, 80:1648, 656:2224] (1568, 1568, 1568) and write ROI [5760:6336, 576:1152, 1152:1728] (576, 576, 576)
Recording block-done for octoS0SubroiZ15683136Y78409408X1097612544Difficultsoma_pred_affs/2139 with read ROI [5264:6832, 1808:3376, 4112:5680] (1568, 1568, 1568) and write ROI [5760:6336, 2304:2880, 4608:5184] (576, 576, 576)
Recorded block-done for octoS0SubroiZ15683136Y78409408X1097612544Difficultsoma_pred_affs/2139 with read ROI [5264:6832, 1808:3376, 4112:5680] (1568, 1568, 1568) and write ROI [5760:6336, 2304:2880, 4608:5184] (576, 576, 576)
Recording block-done for octoS0SubroiZ15683136Y78409408X1097612544Difficultsoma_pred_affs/1286 with read ROI [5264:6832, 2960:4528, 656:2224] (1568, 1568, 1568) and write ROI [5760:6336, 3456:4032, 1152:1728] (576, 576, 576)
Recorded block-done for octoS0SubroiZ15683136Y78409408X1097612544Difficultsoma_pred_affs/1286 with read ROI [5264:6832, 2960:4528, 656:2224] (1568, 1568, 1568) and write ROI [5760:6336, 3456:4032, 1152:1728] (576, 576, 576)
Recording block-done for octoS0SubroiZ15683136Y78409408X1097612544Difficultsoma_pred_affs/7970 with read ROI [5264:6832, 4688:6256, 8720:10288] (1568, 1568, 1568) and write ROI [5760:6336, 5184:5760, 9216:9792] (576, 576, 576)
Recorded block-done for octoS0SubroiZ15683136Y78409408X1097612544Difficultsoma_pred_affs/7970 with read ROI [5264:6832, 4688:6256, 8720:10288] (1568, 1568, 1568) and write ROI [5760:6336, 5184:5760, 9216:9792] (576, 576, 576)
Recording block-done for octoS0SubroiZ15683136Y78409408X1097612544Difficultsoma_pred_affs/7340 with read ROI [5264:6832, 4688:6256, 8144:9712] (1568, 1568, 1568) and write ROI [5760:6336, 5184:5760, 8640:9216] (576, 576, 576)
Recorded block-done for octoS0SubroiZ15683136Y78409408X1097612544Difficultsoma_pred_affs/7340 with read ROI [5264:6832, 4688:6256, 8144:9712] (1568, 1568, 1568) and write ROI [5760:6336, 5184:5760, 8640:9216] (576, 576, 576)
Recording block-done for octoS0SubroiZ15683136Y78409408X1097612544Difficultsoma_pred_affs/1991 with read ROI [5264:6832, 5264:6832, 80:1648] (1568, 1568, 1568) and write ROI [5760:6336, 5760:6336, 576:1152] (576, 576, 576)
Recorded block-done for octoS0SubroiZ15683136Y78409408X1097612544Difficultsoma_pred_affs/1991 with read ROI [5264:6832, 5264:6832, 80:1648] (1568, 1568, 1568) and write ROI [5760:6336, 5760:6336, 576:1152] (576, 576, 576)
Recording block-done for octoS0SubroiZ15683136Y78409408X1097612544Difficultsoma_pred_affs/2463 with read ROI [5264:6832, 3536:5104, 2960:4528] (1568, 1568, 1568) and write ROI [5760:6336, 4032:4608, 3456:4032] (576, 576, 576)
Recorded block-done for octoS0SubroiZ15683136Y78409408X1097612544Difficultsoma_pred_affs/2463 with read ROI [5264:6832, 3536:5104, 2960:4528] (1568, 1568, 1568) and write ROI [5760:6336, 4032:4608, 3456:4032] (576, 576, 576)
Recording block-done for octoS0SubroiZ15683136Y78409408X1097612544Difficultsoma_pred_affs/6400 with read ROI [5264:6832, 9872:11440, 1808:3376] (1568, 1568, 1568) and write ROI [5760:6336, 10368:10944, 2304:2880] (576, 576, 576)
Recorded block-done for octoS0SubroiZ15683136Y78409408X1097612544Difficultsoma_pred_affs/6400 with read ROI [5264:6832, 9872:11440, 1808:3376] (1568, 1568, 1568) and write ROI [5760:6336, 10368:10944, 2304:2880] (576, 576, 576)
Recording block-done for octoS0SubroiZ15683136Y78409408X1097612544Difficultsoma_pred_affs/8215 with read ROI [5264:6832, 10448:12016, 2960:4528] (1568, 1568, 1568) and write ROI [5760:6336, 10944:11520, 3456:4032] (576, 576, 576)
Recorded block-done for octoS0SubroiZ15683136Y78409408X1097612544Difficultsoma_pred_affs/8215 with read ROI [5264:6832, 10448:12016, 2960:4528] (1568, 1568, 1568) and write ROI [5760:6336, 10944:11520, 3456:4032] (576, 576, 576)
Recording block-done for octoS0SubroiZ15683136Y78409408X1097612544Difficultsoma_pred_affs/3056 with read ROI [5840:7408, 1808:3376, 5264:6832] (1568, 1568, 1568) and write ROI [6336:6912, 2304:2880, 5760:6336] (576, 576, 576)
Recorded block-done for octoS0SubroiZ15683136Y78409408X1097612544Difficultsoma_pred_affs/3056 with read ROI [5840:7408, 1808:3376, 5264:6832] (1568, 1568, 1568) and write ROI [6336:6912, 2304:2880, 5760:6336] (576, 576, 576)
Recording block-done for octoS0SubroiZ15683136Y78409408X1097612544Difficultsoma_pred_affs/6115 with read ROI [5840:7408, 1808:3376, 9296:10864] (1568, 1568, 1568) and write ROI [6336:6912, 2304:2880, 9792:10368] (576, 576, 576)
Recorded block-done for octoS0SubroiZ15683136Y78409408X1097612544Difficultsoma_pred_affs/6115 with read ROI [5840:7408, 1808:3376, 9296:10864] (1568, 1568, 1568) and write ROI [6336:6912, 2304:2880, 9792:10368] (576, 576, 576)
Recording block-done for octoS0SubroiZ15683136Y78409408X1097612544Difficultsoma_pred_affs/1953 with read ROI [5840:7408, 3536:5104, 1232:2800] (1568, 1568, 1568) and write ROI [6336:6912, 4032:4608, 1728:2304] (576, 576, 576)
Recorded block-done for octoS0SubroiZ15683136Y78409408X1097612544Difficultsoma_pred_affs/1953 with read ROI [5840:7408, 3536:5104, 1232:2800] (1568, 1568, 1568) and write ROI [6336:6912, 4032:4608, 1728:2304] (576, 576, 576)
Recording block-done for octoS0SubroiZ15683136Y78409408X1097612544Difficultsoma_pred_affs/7304 with read ROI [5840:7408, 2960:4528, 9296:10864] (1568, 1568, 1568) and write ROI [6336:6912, 3456:4032, 9792:10368] (576, 576, 576)
Recorded block-done for octoS0SubroiZ15683136Y78409408X1097612544Difficultsoma_pred_affs/7304 with read ROI [5840:7408, 2960:4528, 9296:10864] (1568, 1568, 1568) and write ROI [6336:6912, 3456:4032, 9792:10368] (576, 576, 576)
Recording block-done for octoS0SubroiZ15683136Y78409408X1097612544Difficultsoma_pred_affs/7427 with read ROI [5840:7408, 6416:7984, 5840:7408] (1568, 1568, 1568) and write ROI [6336:6912, 6912:7488, 6336:6912] (576, 576, 576)
Recorded block-done for octoS0SubroiZ15683136Y78409408X1097612544Difficultsoma_pred_affs/7427 with read ROI [5840:7408, 6416:7984, 5840:7408] (1568, 1568, 1568) and write ROI [6336:6912, 6912:7488, 6336:6912] (576, 576, 576)
Recording block-done for octoS0SubroiZ15683136Y78409408X1097612544Difficultsoma_pred_affs/10924 with read ROI [5840:7408, 5840:7408, 9296:10864] (1568, 1568, 1568) and write ROI [6336:6912, 6336:6912, 9792:10368] (576, 576, 576)
Recorded block-done for octoS0SubroiZ15683136Y78409408X1097612544Difficultsoma_pred_affs/10924 with read ROI [5840:7408, 5840:7408, 9296:10864] (1568, 1568, 1568) and write ROI [6336:6912, 6336:6912, 9792:10368] (576, 576, 576)
Recording block-done for octoS0SubroiZ15683136Y78409408X1097612544Difficultsoma_pred_affs/11767 with read ROI [5840:7408, 6416:7984, 9296:10864] (1568, 1568, 1568) and write ROI [6336:6912, 6912:7488, 9792:10368] (576, 576, 576)
Recorded block-done for octoS0SubroiZ15683136Y78409408X1097612544Difficultsoma_pred_affs/11767 with read ROI [5840:7408, 6416:7984, 9296:10864] (1568, 1568, 1568) and write ROI [6336:6912, 6912:7488, 9792:10368] (576, 576, 576)
Recording block-done for octoS0SubroiZ15683136Y78409408X1097612544Difficultsoma_pred_affs/4422 with read ROI [5840:7408, 8144:9712, 656:2224] (1568, 1568, 1568) and write ROI [6336:6912, 8640:9216, 1152:1728] (576, 576, 576)
Recorded block-done for octoS0SubroiZ15683136Y78409408X1097612544Difficultsoma_pred_affs/4422 with read ROI [5840:7408, 8144:9712, 656:2224] (1568, 1568, 1568) and write ROI [6336:6912, 8640:9216, 1152:1728] (576, 576, 576)
Recording block-done for octoS0SubroiZ15683136Y78409408X1097612544Difficultsoma_pred_affs/4912 with read ROI [5840:7408, 9296:10864, 80:1648] (1568, 1568, 1568) and write ROI [6336:6912, 9792:10368, 576:1152] (576, 576, 576)
Recorded block-done for octoS0SubroiZ15683136Y78409408X1097612544Difficultsoma_pred_affs/4912 with read ROI [5840:7408, 9296:10864, 80:1648] (1568, 1568, 1568) and write ROI [6336:6912, 9792:10368, 576:1152] (576, 576, 576)
Recording block-done for octoS0SubroiZ15683136Y78409408X1097612544Difficultsoma_pred_affs/7586 with read ROI [5840:7408, 9872:11440, 2384:3952] (1568, 1568, 1568) and write ROI [6336:6912, 10368:10944, 2880:3456] (576, 576, 576)
Recorded block-done for octoS0SubroiZ15683136Y78409408X1097612544Difficultsoma_pred_affs/7586 with read ROI [5840:7408, 9872:11440, 2384:3952] (1568, 1568, 1568) and write ROI [6336:6912, 10368:10944, 2880:3456] (576, 576, 576)
Recording block-done for octoS0SubroiZ15683136Y78409408X1097612544Difficultsoma_pred_affs/6460 with read ROI [5840:7408, 10448:12016, 656:2224] (1568, 1568, 1568) and write ROI [6336:6912, 10944:11520, 1152:1728] (576, 576, 576)
Recorded block-done for octoS0SubroiZ15683136Y78409408X1097612544Difficultsoma_pred_affs/6460 with read ROI [5840:7408, 10448:12016, 656:2224] (1568, 1568, 1568) and write ROI [6336:6912, 10944:11520, 1152:1728] (576, 576, 576)
Recording block-done for octoS0SubroiZ15683136Y78409408X1097612544Difficultsoma_pred_affs/9450 with read ROI [5840:7408, 6992:8560, 6992:8560] (1568, 1568, 1568) and write ROI [6336:6912, 7488:8064, 7488:8064] (576, 576, 576)
Recorded block-done for octoS0SubroiZ15683136Y78409408X1097612544Difficultsoma_pred_affs/9450 with read ROI [5840:7408, 6992:8560, 6992:8560] (1568, 1568, 1568) and write ROI [6336:6912, 7488:8064, 7488:8064] (576, 576, 576)
Recording block-done for octoS0SubroiZ15683136Y78409408X1097612544Difficultsoma_pred_affs/6710 with read ROI [6416:7984, 2384:3952, 8720:10288] (1568, 1568, 1568) and write ROI [6912:7488, 2880:3456, 9216:9792] (576, 576, 576)
Recorded block-done for octoS0SubroiZ15683136Y78409408X1097612544Difficultsoma_pred_affs/6710 with read ROI [6416:7984, 2384:3952, 8720:10288] (1568, 1568, 1568) and write ROI [6912:7488, 2880:3456, 9216:9792] (576, 576, 576)
Recording block-done for octoS0SubroiZ15683136Y78409408X1097612544Difficultsoma_pred_affs/1433 with read ROI [6416:7984, 80:1648, 2960:4528] (1568, 1568, 1568) and write ROI [6912:7488, 576:1152, 3456:4032] (576, 576, 576)
Recorded block-done for octoS0SubroiZ15683136Y78409408X1097612544Difficultsoma_pred_affs/1433 with read ROI [6416:7984, 80:1648, 2960:4528] (1568, 1568, 1568) and write ROI [6912:7488, 576:1152, 3456:4032] (576, 576, 576)
Recording block-done for octoS0SubroiZ15683136Y78409408X1097612544Difficultsoma_pred_affs/1723 with read ROI [6416:7984, 2960:4528, 656:2224] (1568, 1568, 1568) and write ROI [6912:7488, 3456:4032, 1152:1728] (576, 576, 576)
Recorded block-done for octoS0SubroiZ15683136Y78409408X1097612544Difficultsoma_pred_affs/1723 with read ROI [6416:7984, 2960:4528, 656:2224] (1568, 1568, 1568) and write ROI [6912:7488, 3456:4032, 1152:1728] (576, 576, 576)
Recording block-done for octoS0SubroiZ15683136Y78409408X1097612544Difficultsoma_pred_affs/5699 with read ROI [6416:7984, 4688:6256, 5264:6832] (1568, 1568, 1568) and write ROI [6912:7488, 5184:5760, 5760:6336] (576, 576, 576)
Recorded block-done for octoS0SubroiZ15683136Y78409408X1097612544Difficultsoma_pred_affs/5699 with read ROI [6416:7984, 4688:6256, 5264:6832] (1568, 1568, 1568) and write ROI [6912:7488, 5184:5760, 5760:6336] (576, 576, 576)
Recording block-done for octoS0SubroiZ15683136Y78409408X1097612544Difficultsoma_pred_affs/6149 with read ROI [6416:7984, 2384:3952, 8144:9712] (1568, 1568, 1568) and write ROI [6912:7488, 2880:3456, 8640:9216] (576, 576, 576)
Recorded block-done for octoS0SubroiZ15683136Y78409408X1097612544Difficultsoma_pred_affs/6149 with read ROI [6416:7984, 2384:3952, 8144:9712] (1568, 1568, 1568) and write ROI [6912:7488, 2880:3456, 8640:9216] (576, 576, 576)
Recording block-done for octoS0SubroiZ15683136Y78409408X1097612544Difficultsoma_pred_affs/4423 with read ROI [6416:7984, 7568:9136, 656:2224] (1568, 1568, 1568) and write ROI [6912:7488, 8064:8640, 1152:1728] (576, 576, 576)
Recorded block-done for octoS0SubroiZ15683136Y78409408X1097612544Difficultsoma_pred_affs/4423 with read ROI [6416:7984, 7568:9136, 656:2224] (1568, 1568, 1568) and write ROI [6912:7488, 8064:8640, 1152:1728] (576, 576, 576)
Recording block-done for octoS0SubroiZ15683136Y78409408X1097612544Difficultsoma_pred_affs/15598 with read ROI [6416:7984, 8720:10288, 8720:10288] (1568, 1568, 1568) and write ROI [6912:7488, 9216:9792, 9216:9792] (576, 576, 576)
Recorded block-done for octoS0SubroiZ15683136Y78409408X1097612544Difficultsoma_pred_affs/15598 with read ROI [6416:7984, 8720:10288, 8720:10288] (1568, 1568, 1568) and write ROI [6912:7488, 9216:9792, 9216:9792] (576, 576, 576)
Recording block-done for octoS0SubroiZ15683136Y78409408X1097612544Difficultsoma_pred_affs/8160 with read ROI [6416:7984, 8144:9712, 4112:5680] (1568, 1568, 1568) and write ROI [6912:7488, 8640:9216, 4608:5184] (576, 576, 576)
Recorded block-done for octoS0SubroiZ15683136Y78409408X1097612544Difficultsoma_pred_affs/8160 with read ROI [6416:7984, 8144:9712, 4112:5680] (1568, 1568, 1568) and write ROI [6912:7488, 8640:9216, 4608:5184] (576, 576, 576)
Recording block-done for octoS0SubroiZ15683136Y78409408X1097612544Difficultsoma_pred_affs/10997 with read ROI [6416:7984, 6992:8560, 7568:9136] (1568, 1568, 1568) and write ROI [6912:7488, 7488:8064, 8064:8640] (576, 576, 576)
Recorded block-done for octoS0SubroiZ15683136Y78409408X1097612544Difficultsoma_pred_affs/10997 with read ROI [6416:7984, 6992:8560, 7568:9136] (1568, 1568, 1568) and write ROI [6912:7488, 7488:8064, 8064:8640] (576, 576, 576)
Recording block-done for octoS0SubroiZ15683136Y78409408X1097612544Difficultsoma_pred_affs/14553 with read ROI [6416:7984, 7568:9136, 9296:10864] (1568, 1568, 1568) and write ROI [6912:7488, 8064:8640, 9792:10368] (576, 576, 576)
Recorded block-done for octoS0SubroiZ15683136Y78409408X1097612544Difficultsoma_pred_affs/14553 with read ROI [6416:7984, 7568:9136, 9296:10864] (1568, 1568, 1568) and write ROI [6912:7488, 8064:8640, 9792:10368] (576, 576, 576)
Recording block-done for octoS0SubroiZ15683136Y78409408X1097612544Difficultsoma_pred_affs/1514 with read ROI [6992:8560, 2384:3952, 80:1648] (1568, 1568, 1568) and write ROI [7488:8064, 2880:3456, 576:1152] (576, 576, 576)
Recorded block-done for octoS0SubroiZ15683136Y78409408X1097612544Difficultsoma_pred_affs/1514 with read ROI [6992:8560, 2384:3952, 80:1648] (1568, 1568, 1568) and write ROI [7488:8064, 2880:3456, 576:1152] (576, 576, 576)
Recording block-done for octoS0SubroiZ15683136Y78409408X1097612544Difficultsoma_pred_affs/1658 with read ROI [6992:8560, 80:1648, 2960:4528] (1568, 1568, 1568) and write ROI [7488:8064, 576:1152, 3456:4032] (576, 576, 576)
Recorded block-done for octoS0SubroiZ15683136Y78409408X1097612544Difficultsoma_pred_affs/1658 with read ROI [6992:8560, 80:1648, 2960:4528] (1568, 1568, 1568) and write ROI [7488:8064, 576:1152, 3456:4032] (576, 576, 576)
Recording block-done for octoS0SubroiZ15683136Y78409408X1097612544Difficultsoma_pred_affs/3169 with read ROI [6992:8560, 4112:5680, 1808:3376] (1568, 1568, 1568) and write ROI [7488:8064, 4608:5184, 2304:2880] (576, 576, 576)
Recorded block-done for octoS0SubroiZ15683136Y78409408X1097612544Difficultsoma_pred_affs/3169 with read ROI [6992:8560, 4112:5680, 1808:3376] (1568, 1568, 1568) and write ROI [7488:8064, 4608:5184, 2304:2880] (576, 576, 576)
Recording block-done for octoS0SubroiZ15683136Y78409408X1097612544Difficultsoma_pred_affs/5745 with read ROI [6992:8560, 5264:6832, 4112:5680] (1568, 1568, 1568) and write ROI [7488:8064, 5760:6336, 4608:5184] (576, 576, 576)
Recorded block-done for octoS0SubroiZ15683136Y78409408X1097612544Difficultsoma_pred_affs/5745 with read ROI [6992:8560, 5264:6832, 4112:5680] (1568, 1568, 1568) and write ROI [7488:8064, 5760:6336, 4608:5184] (576, 576, 576)
Recording block-done for octoS0SubroiZ15683136Y78409408X1097612544Difficultsoma_pred_affs/5640 with read ROI [6992:8560, 2384:3952, 6992:8560] (1568, 1568, 1568) and write ROI [7488:8064, 2880:3456, 7488:8064] (576, 576, 576)
Recorded block-done for octoS0SubroiZ15683136Y78409408X1097612544Difficultsoma_pred_affs/5640 with read ROI [6992:8560, 2384:3952, 6992:8560] (1568, 1568, 1568) and write ROI [7488:8064, 2880:3456, 7488:8064] (576, 576, 576)
Recording block-done for octoS0SubroiZ15683136Y78409408X1097612544Difficultsoma_pred_affs/4326 with read ROI [6992:8560, 4688:6256, 2960:4528] (1568, 1568, 1568) and write ROI [7488:8064, 5184:5760, 3456:4032] (576, 576, 576)
Recorded block-done for octoS0SubroiZ15683136Y78409408X1097612544Difficultsoma_pred_affs/4326 with read ROI [6992:8560, 4688:6256, 2960:4528] (1568, 1568, 1568) and write ROI [7488:8064, 5184:5760, 3456:4032] (576, 576, 576)
Recording block-done for octoS0SubroiZ15683136Y78409408X1097612544Difficultsoma_pred_affs/8083 with read ROI [6992:8560, 5840:7408, 5840:7408] (1568, 1568, 1568) and write ROI [7488:8064, 6336:6912, 6336:6912] (576, 576, 576)
Recorded block-done for octoS0SubroiZ15683136Y78409408X1097612544Difficultsoma_pred_affs/8083 with read ROI [6992:8560, 5840:7408, 5840:7408] (1568, 1568, 1568) and write ROI [7488:8064, 6336:6912, 6336:6912] (576, 576, 576)
Recording block-done for octoS0SubroiZ15683136Y78409408X1097612544Difficultsoma_pred_affs/11793 with read ROI [6992:8560, 5840:7408, 8720:10288] (1568, 1568, 1568) and write ROI [7488:8064, 6336:6912, 9216:9792] (576, 576, 576)
Recorded block-done for octoS0SubroiZ15683136Y78409408X1097612544Difficultsoma_pred_affs/11793 with read ROI [6992:8560, 5840:7408, 8720:10288] (1568, 1568, 1568) and write ROI [7488:8064, 6336:6912, 9216:9792] (576, 576, 576)
Recording block-done for octoS0SubroiZ15683136Y78409408X1097612544Difficultsoma_pred_affs/7363 with read ROI [6992:8560, 3536:5104, 7568:9136] (1568, 1568, 1568) and write ROI [7488:8064, 4032:4608, 8064:8640] (576, 576, 576)
Recorded block-done for octoS0SubroiZ15683136Y78409408X1097612544Difficultsoma_pred_affs/7363 with read ROI [6992:8560, 3536:5104, 7568:9136] (1568, 1568, 1568) and write ROI [7488:8064, 4032:4608, 8064:8640] (576, 576, 576)
Recording block-done for octoS0SubroiZ15683136Y78409408X1097612544Difficultsoma_pred_affs/7023 with read ROI [6992:8560, 9296:10864, 1232:2800] (1568, 1568, 1568) and write ROI [7488:8064, 9792:10368, 1728:2304] (576, 576, 576)
Recorded block-done for octoS0SubroiZ15683136Y78409408X1097612544Difficultsoma_pred_affs/7023 with read ROI [6992:8560, 9296:10864, 1232:2800] (1568, 1568, 1568) and write ROI [7488:8064, 9792:10368, 1728:2304] (576, 576, 576)
Recording block-done for octoS0SubroiZ15683136Y78409408X1097612544Difficultsoma_pred_affs/6403 with read ROI [6992:8560, 8144:9712, 1808:3376] (1568, 1568, 1568) and write ROI [7488:8064, 8640:9216, 2304:2880] (576, 576, 576)
Recorded block-done for octoS0SubroiZ15683136Y78409408X1097612544Difficultsoma_pred_affs/6403 with read ROI [6992:8560, 8144:9712, 1808:3376] (1568, 1568, 1568) and write ROI [7488:8064, 8640:9216, 2304:2880] (576, 576, 576)
Recording block-done for octoS0SubroiZ15683136Y78409408X1097612544Difficultsoma_pred_affs/12819 with read ROI [6992:8560, 9296:10864, 5840:7408] (1568, 1568, 1568) and write ROI [7488:8064, 9792:10368, 6336:6912] (576, 576, 576)
Recorded block-done for octoS0SubroiZ15683136Y78409408X1097612544Difficultsoma_pred_affs/12819 with read ROI [6992:8560, 9296:10864, 5840:7408] (1568, 1568, 1568) and write ROI [7488:8064, 9792:10368, 6336:6912] (576, 576, 576)
Recording block-done for octoS0SubroiZ15683136Y78409408X1097612544Difficultsoma_pred_affs/17774 with read ROI [6992:8560, 9296:10864, 8720:10288] (1568, 1568, 1568) and write ROI [7488:8064, 9792:10368, 9216:9792] (576, 576, 576)
Recorded block-done for octoS0SubroiZ15683136Y78409408X1097612544Difficultsoma_pred_affs/17774 with read ROI [6992:8560, 9296:10864, 8720:10288] (1568, 1568, 1568) and write ROI [7488:8064, 9792:10368, 9216:9792] (576, 576, 576)
Recording block-done for octoS0SubroiZ15683136Y78409408X1097612544Difficultsoma_pred_affs/6348 with read ROI [6992:8560, 6992:8560, 2960:4528] (1568, 1568, 1568) and write ROI [7488:8064, 7488:8064, 3456:4032] (576, 576, 576)
Recorded block-done for octoS0SubroiZ15683136Y78409408X1097612544Difficultsoma_pred_affs/6348 with read ROI [6992:8560, 6992:8560, 2960:4528] (1568, 1568, 1568) and write ROI [7488:8064, 7488:8064, 3456:4032] (576, 576, 576)
Recording block-done for octoS0SubroiZ15683136Y78409408X1097612544Difficultsoma_pred_affs/21366 with read ROI [6992:8560, 10448:12016, 9296:10864] (1568, 1568, 1568) and write ROI [7488:8064, 10944:11520, 9792:10368] (576, 576, 576)
Recorded block-done for octoS0SubroiZ15683136Y78409408X1097612544Difficultsoma_pred_affs/21366 with read ROI [6992:8560, 10448:12016, 9296:10864] (1568, 1568, 1568) and write ROI [7488:8064, 10944:11520, 9792:10368] (576, 576, 576)
Recording block-done for octoS0SubroiZ15683136Y78409408X1097612544Difficultsoma_pred_affs/3804 with read ROI [7568:9136, 656:2224, 5840:7408] (1568, 1568, 1568) and write ROI [8064:8640, 1152:1728, 6336:6912] (576, 576, 576)
Recorded block-done for octoS0SubroiZ15683136Y78409408X1097612544Difficultsoma_pred_affs/3804 with read ROI [7568:9136, 656:2224, 5840:7408] (1568, 1568, 1568) and write ROI [8064:8640, 1152:1728, 6336:6912] (576, 576, 576)
Recording block-done for octoS0SubroiZ15683136Y78409408X1097612544Difficultsoma_pred_affs/1674 with read ROI [7568:9136, 80:1648, 2384:3952] (1568, 1568, 1568) and write ROI [8064:8640, 576:1152, 2880:3456] (576, 576, 576)
Recorded block-done for octoS0SubroiZ15683136Y78409408X1097612544Difficultsoma_pred_affs/1674 with read ROI [7568:9136, 80:1648, 2384:3952] (1568, 1568, 1568) and write ROI [8064:8640, 576:1152, 2880:3456] (576, 576, 576)
Recording block-done for octoS0SubroiZ15683136Y78409408X1097612544Difficultsoma_pred_affs/1744 with read ROI [7568:9136, 2384:3952, 80:1648] (1568, 1568, 1568) and write ROI [8064:8640, 2880:3456, 576:1152] (576, 576, 576)
Recorded block-done for octoS0SubroiZ15683136Y78409408X1097612544Difficultsoma_pred_affs/1744 with read ROI [7568:9136, 2384:3952, 80:1648] (1568, 1568, 1568) and write ROI [8064:8640, 2880:3456, 576:1152] (576, 576, 576)
Recording block-done for octoS0SubroiZ15683136Y78409408X1097612544Difficultsoma_pred_affs/2785 with read ROI [7568:9136, 1808:3376, 2960:4528] (1568, 1568, 1568) and write ROI [8064:8640, 2304:2880, 3456:4032] (576, 576, 576)
Recorded block-done for octoS0SubroiZ15683136Y78409408X1097612544Difficultsoma_pred_affs/2785 with read ROI [7568:9136, 1808:3376, 2960:4528] (1568, 1568, 1568) and write ROI [8064:8640, 2304:2880, 3456:4032] (576, 576, 576)
Recording block-done for octoS0SubroiZ15683136Y78409408X1097612544Difficultsoma_pred_affs/5641 with read ROI [7568:9136, 1808:3376, 6992:8560] (1568, 1568, 1568) and write ROI [8064:8640, 2304:2880, 7488:8064] (576, 576, 576)
Recorded block-done for octoS0SubroiZ15683136Y78409408X1097612544Difficultsoma_pred_affs/5641 with read ROI [7568:9136, 1808:3376, 6992:8560] (1568, 1568, 1568) and write ROI [8064:8640, 2304:2880, 7488:8064] (576, 576, 576)
Recording block-done for octoS0SubroiZ15683136Y78409408X1097612544Difficultsoma_pred_affs/2545 with read ROI [7568:9136, 3536:5104, 656:2224] (1568, 1568, 1568) and write ROI [8064:8640, 4032:4608, 1152:1728] (576, 576, 576)
Recorded block-done for octoS0SubroiZ15683136Y78409408X1097612544Difficultsoma_pred_affs/2545 with read ROI [7568:9136, 3536:5104, 656:2224] (1568, 1568, 1568) and write ROI [8064:8640, 4032:4608, 1152:1728] (576, 576, 576)
Recording block-done for octoS0SubroiZ15683136Y78409408X1097612544Difficultsoma_pred_affs/5205 with read ROI [7568:9136, 3536:5104, 4688:6256] (1568, 1568, 1568) and write ROI [8064:8640, 4032:4608, 5184:5760] (576, 576, 576)
Recorded block-done for octoS0SubroiZ15683136Y78409408X1097612544Difficultsoma_pred_affs/5205 with read ROI [7568:9136, 3536:5104, 4688:6256] (1568, 1568, 1568) and write ROI [8064:8640, 4032:4608, 5184:5760] (576, 576, 576)
Recording block-done for octoS0SubroiZ15683136Y78409408X1097612544Difficultsoma_pred_affs/12680 with read ROI [7568:9136, 5840:7408, 8720:10288] (1568, 1568, 1568) and write ROI [8064:8640, 6336:6912, 9216:9792] (576, 576, 576)
Recorded block-done for octoS0SubroiZ15683136Y78409408X1097612544Difficultsoma_pred_affs/12680 with read ROI [7568:9136, 5840:7408, 8720:10288] (1568, 1568, 1568) and write ROI [8064:8640, 6336:6912, 9216:9792] (576, 576, 576)
Recording block-done for octoS0SubroiZ15683136Y78409408X1097612544Difficultsoma_pred_affs/9429 with read ROI [7568:9136, 4688:6256, 7568:9136] (1568, 1568, 1568) and write ROI [8064:8640, 5184:5760, 8064:8640] (576, 576, 576)
Recorded block-done for octoS0SubroiZ15683136Y78409408X1097612544Difficultsoma_pred_affs/9429 with read ROI [7568:9136, 4688:6256, 7568:9136] (1568, 1568, 1568) and write ROI [8064:8640, 5184:5760, 8064:8640] (576, 576, 576)
Recording block-done for octoS0SubroiZ15683136Y78409408X1097612544Difficultsoma_pred_affs/3500 with read ROI [7568:9136, 2960:4528, 2960:4528] (1568, 1568, 1568) and write ROI [8064:8640, 3456:4032, 3456:4032] (576, 576, 576)
Recorded block-done for octoS0SubroiZ15683136Y78409408X1097612544Difficultsoma_pred_affs/3500 with read ROI [7568:9136, 2960:4528, 2960:4528] (1568, 1568, 1568) and write ROI [8064:8640, 3456:4032, 3456:4032] (576, 576, 576)
Recording block-done for octoS0SubroiZ15683136Y78409408X1097612544Difficultsoma_pred_affs/7619 with read ROI [7568:9136, 8720:10288, 1808:3376] (1568, 1568, 1568) and write ROI [8064:8640, 9216:9792, 2304:2880] (576, 576, 576)
Recorded block-done for octoS0SubroiZ15683136Y78409408X1097612544Difficultsoma_pred_affs/7619 with read ROI [7568:9136, 8720:10288, 1808:3376] (1568, 1568, 1568) and write ROI [8064:8640, 9216:9792, 2304:2880] (576, 576, 576)
Recording block-done for octoS0SubroiZ15683136Y78409408X1097612544Difficultsoma_pred_affs/6463 with read ROI [7568:9136, 8720:10288, 656:2224] (1568, 1568, 1568) and write ROI [8064:8640, 9216:9792, 1152:1728] (576, 576, 576)
Recorded block-done for octoS0SubroiZ15683136Y78409408X1097612544Difficultsoma_pred_affs/6463 with read ROI [7568:9136, 8720:10288, 656:2224] (1568, 1568, 1568) and write ROI [8064:8640, 9216:9792, 1152:1728] (576, 576, 576)
Recording block-done for octoS0SubroiZ15683136Y78409408X1097612544Difficultsoma_pred_affs/9588 with read ROI [7568:9136, 8144:9712, 4112:5680] (1568, 1568, 1568) and write ROI [8064:8640, 8640:9216, 4608:5184] (576, 576, 576)
Recorded block-done for octoS0SubroiZ15683136Y78409408X1097612544Difficultsoma_pred_affs/9588 with read ROI [7568:9136, 8144:9712, 4112:5680] (1568, 1568, 1568) and write ROI [8064:8640, 8640:9216, 4608:5184] (576, 576, 576)
Recording block-done for octoS0SubroiZ15683136Y78409408X1097612544Difficultsoma_pred_affs/8828 with read ROI [7568:9136, 6992:8560, 4688:6256] (1568, 1568, 1568) and write ROI [8064:8640, 7488:8064, 5184:5760] (576, 576, 576)
Recorded block-done for octoS0SubroiZ15683136Y78409408X1097612544Difficultsoma_pred_affs/8828 with read ROI [7568:9136, 6992:8560, 4688:6256] (1568, 1568, 1568) and write ROI [8064:8640, 7488:8064, 5184:5760] (576, 576, 576)
Recording block-done for octoS0SubroiZ15683136Y78409408X1097612544Difficultsoma_pred_affs/22642 with read ROI [7568:9136, 9872:11440, 9872:11440] (1568, 1568, 1568) and write ROI [8064:8640, 10368:10944, 10368:10944] (576, 576, 576)
Recorded block-done for octoS0SubroiZ15683136Y78409408X1097612544Difficultsoma_pred_affs/22642 with read ROI [7568:9136, 9872:11440, 9872:11440] (1568, 1568, 1568) and write ROI [8064:8640, 10368:10944, 10368:10944] (576, 576, 576)
Recording block-done for octoS0SubroiZ15683136Y78409408X1097612544Difficultsoma_pred_affs/1745 with read ROI [8144:9712, 1808:3376, 80:1648] (1568, 1568, 1568) and write ROI [8640:9216, 2304:2880, 576:1152] (576, 576, 576)
Recorded block-done for octoS0SubroiZ15683136Y78409408X1097612544Difficultsoma_pred_affs/1745 with read ROI [8144:9712, 1808:3376, 80:1648] (1568, 1568, 1568) and write ROI [8640:9216, 2304:2880, 576:1152] (576, 576, 576)
Recording block-done for octoS0SubroiZ15683136Y78409408X1097612544Difficultsoma_pred_affs/11235 with read ROI [7568:9136, 10448:12016, 2960:4528] (1568, 1568, 1568) and write ROI [8064:8640, 10944:11520, 3456:4032] (576, 576, 576)
Recorded block-done for octoS0SubroiZ15683136Y78409408X1097612544Difficultsoma_pred_affs/11235 with read ROI [7568:9136, 10448:12016, 2960:4528] (1568, 1568, 1568) and write ROI [8064:8640, 10944:11520, 3456:4032] (576, 576, 576)
Recording block-done for octoS0SubroiZ15683136Y78409408X1097612544Difficultsoma_pred_affs/5111 with read ROI [8144:9712, 80:1648, 7568:9136] (1568, 1568, 1568) and write ROI [8640:9216, 576:1152, 8064:8640] (576, 576, 576)
Recorded block-done for octoS0SubroiZ15683136Y78409408X1097612544Difficultsoma_pred_affs/5111 with read ROI [8144:9712, 80:1648, 7568:9136] (1568, 1568, 1568) and write ROI [8640:9216, 576:1152, 8064:8640] (576, 576, 576)
Recording block-done for octoS0SubroiZ15683136Y78409408X1097612544Difficultsoma_pred_affs/9364 with read ROI [8144:9712, 2384:3952, 9296:10864] (1568, 1568, 1568) and write ROI [8640:9216, 2880:3456, 9792:10368] (576, 576, 576)
Recorded block-done for octoS0SubroiZ15683136Y78409408X1097612544Difficultsoma_pred_affs/9364 with read ROI [8144:9712, 2384:3952, 9296:10864] (1568, 1568, 1568) and write ROI [8640:9216, 2880:3456, 9792:10368] (576, 576, 576)
Recording block-done for octoS0SubroiZ15683136Y78409408X1097612544Difficultsoma_pred_affs/17871 with read ROI [7568:9136, 10448:12016, 6992:8560] (1568, 1568, 1568) and write ROI [8064:8640, 10944:11520, 7488:8064] (576, 576, 576)
Recorded block-done for octoS0SubroiZ15683136Y78409408X1097612544Difficultsoma_pred_affs/17871 with read ROI [7568:9136, 10448:12016, 6992:8560] (1568, 1568, 1568) and write ROI [8064:8640, 10944:11520, 7488:8064] (576, 576, 576)
Recording block-done for octoS0SubroiZ15683136Y78409408X1097612544Difficultsoma_pred_affs/6860 with read ROI [8144:9712, 4688:6256, 4688:6256] (1568, 1568, 1568) and write ROI [8640:9216, 5184:5760, 5184:5760] (576, 576, 576)
Recorded block-done for octoS0SubroiZ15683136Y78409408X1097612544Difficultsoma_pred_affs/6860 with read ROI [8144:9712, 4688:6256, 4688:6256] (1568, 1568, 1568) and write ROI [8640:9216, 5184:5760, 5184:5760] (576, 576, 576)
Recording block-done for octoS0SubroiZ15683136Y78409408X1097612544Difficultsoma_pred_affs/8776 with read ROI [8144:9712, 5264:6832, 5840:7408] (1568, 1568, 1568) and write ROI [8640:9216, 5760:6336, 6336:6912] (576, 576, 576)
Recorded block-done for octoS0SubroiZ15683136Y78409408X1097612544Difficultsoma_pred_affs/8776 with read ROI [8144:9712, 5264:6832, 5840:7408] (1568, 1568, 1568) and write ROI [8640:9216, 5760:6336, 6336:6912] (576, 576, 576)
Recording block-done for octoS0SubroiZ15683136Y78409408X1097612544Difficultsoma_pred_affs/7408 with read ROI [8144:9712, 3536:5104, 6416:7984] (1568, 1568, 1568) and write ROI [8640:9216, 4032:4608, 6912:7488] (576, 576, 576)
Recorded block-done for octoS0SubroiZ15683136Y78409408X1097612544Difficultsoma_pred_affs/7408 with read ROI [8144:9712, 3536:5104, 6416:7984] (1568, 1568, 1568) and write ROI [8640:9216, 4032:4608, 6912:7488] (576, 576, 576)
Recording block-done for octoS0SubroiZ15683136Y78409408X1097612544Difficultsoma_pred_affs/4426 with read ROI [8144:9712, 5840:7408, 656:2224] (1568, 1568, 1568) and write ROI [8640:9216, 6336:6912, 1152:1728] (576, 576, 576)
Recorded block-done for octoS0SubroiZ15683136Y78409408X1097612544Difficultsoma_pred_affs/4426 with read ROI [8144:9712, 5840:7408, 656:2224] (1568, 1568, 1568) and write ROI [8640:9216, 6336:6912, 1152:1728] (576, 576, 576)
Recording block-done for octoS0SubroiZ15683136Y78409408X1097612544Difficultsoma_pred_affs/12681 with read ROI [8144:9712, 5264:6832, 8720:10288] (1568, 1568, 1568) and write ROI [8640:9216, 5760:6336, 9216:9792] (576, 576, 576)
Recorded block-done for octoS0SubroiZ15683136Y78409408X1097612544Difficultsoma_pred_affs/12681 with read ROI [8144:9712, 5264:6832, 8720:10288] (1568, 1568, 1568) and write ROI [8640:9216, 5760:6336, 9216:9792] (576, 576, 576)
Recording block-done for octoS0SubroiZ15683136Y78409408X1097612544Difficultsoma_pred_affs/12734 with read ROI [8144:9712, 6416:7984, 7568:9136] (1568, 1568, 1568) and write ROI [8640:9216, 6912:7488, 8064:8640] (576, 576, 576)
Recorded block-done for octoS0SubroiZ15683136Y78409408X1097612544Difficultsoma_pred_affs/12734 with read ROI [8144:9712, 6416:7984, 7568:9136] (1568, 1568, 1568) and write ROI [8640:9216, 6912:7488, 8064:8640] (576, 576, 576)
Recording block-done for octoS0SubroiZ15683136Y78409408X1097612544Difficultsoma_pred_affs/16665 with read ROI [8144:9712, 7568:9136, 8720:10288] (1568, 1568, 1568) and write ROI [8640:9216, 8064:8640, 9216:9792] (576, 576, 576)
Recorded block-done for octoS0SubroiZ15683136Y78409408X1097612544Difficultsoma_pred_affs/16665 with read ROI [8144:9712, 7568:9136, 8720:10288] (1568, 1568, 1568) and write ROI [8640:9216, 8064:8640, 9216:9792] (576, 576, 576)
Recording block-done for octoS0SubroiZ15683136Y78409408X1097612544Difficultsoma_pred_affs/5936 with read ROI [8144:9712, 8144:9712, 80:1648] (1568, 1568, 1568) and write ROI [8640:9216, 8640:9216, 576:1152] (576, 576, 576)
Recorded block-done for octoS0SubroiZ15683136Y78409408X1097612544Difficultsoma_pred_affs/5936 with read ROI [8144:9712, 8144:9712, 80:1648] (1568, 1568, 1568) and write ROI [8640:9216, 8640:9216, 576:1152] (576, 576, 576)
Recording block-done for octoS0SubroiZ15683136Y78409408X1097612544Difficultsoma_pred_affs/5381 with read ROI [8144:9712, 6992:8560, 656:2224] (1568, 1568, 1568) and write ROI [8640:9216, 7488:8064, 1152:1728] (576, 576, 576)
Recorded block-done for octoS0SubroiZ15683136Y78409408X1097612544Difficultsoma_pred_affs/5381 with read ROI [8144:9712, 6992:8560, 656:2224] (1568, 1568, 1568) and write ROI [8640:9216, 7488:8064, 1152:1728] (576, 576, 576)
Recording block-done for octoS0SubroiZ15683136Y78409408X1097612544Difficultsoma_pred_affs/16825 with read ROI [8144:9712, 10448:12016, 5840:7408] (1568, 1568, 1568) and write ROI [8640:9216, 10944:11520, 6336:6912] (576, 576, 576)
Recorded block-done for octoS0SubroiZ15683136Y78409408X1097612544Difficultsoma_pred_affs/16825 with read ROI [8144:9712, 10448:12016, 5840:7408] (1568, 1568, 1568) and write ROI [8640:9216, 10944:11520, 6336:6912] (576, 576, 576)
Recording block-done for octoS0SubroiZ15683136Y78409408X1097612544Difficultsoma_pred_affs/7957 with read ROI [8720:10288, 656:2224, 9296:10864] (1568, 1568, 1568) and write ROI [9216:9792, 1152:1728, 9792:10368] (576, 576, 576)
Recorded block-done for octoS0SubroiZ15683136Y78409408X1097612544Difficultsoma_pred_affs/7957 with read ROI [8720:10288, 656:2224, 9296:10864] (1568, 1568, 1568) and write ROI [9216:9792, 1152:1728, 9792:10368] (576, 576, 576)
Recording block-done for octoS0SubroiZ15683136Y78409408X1097612544Difficultsoma_pred_affs/10106 with read ROI [8720:10288, 1808:3376, 9872:11440] (1568, 1568, 1568) and write ROI [9216:9792, 2304:2880, 10368:10944] (576, 576, 576)
Recorded block-done for octoS0SubroiZ15683136Y78409408X1097612544Difficultsoma_pred_affs/10106 with read ROI [8720:10288, 1808:3376, 9872:11440] (1568, 1568, 1568) and write ROI [9216:9792, 2304:2880, 10368:10944] (576, 576, 576)
Recording block-done for octoS0SubroiZ15683136Y78409408X1097612544Difficultsoma_pred_affs/6771 with read ROI [8720:10288, 1808:3376, 6992:8560] (1568, 1568, 1568) and write ROI [9216:9792, 2304:2880, 7488:8064] (576, 576, 576)
Recorded block-done for octoS0SubroiZ15683136Y78409408X1097612544Difficultsoma_pred_affs/6771 with read ROI [8720:10288, 1808:3376, 6992:8560] (1568, 1568, 1568) and write ROI [9216:9792, 2304:2880, 7488:8064] (576, 576, 576)
Recording block-done for octoS0SubroiZ15683136Y78409408X1097612544Difficultsoma_pred_affs/5850 with read ROI [8720:10288, 5840:7408, 1808:3376] (1568, 1568, 1568) and write ROI [9216:9792, 6336:6912, 2304:2880] (576, 576, 576)
Recorded block-done for octoS0SubroiZ15683136Y78409408X1097612544Difficultsoma_pred_affs/5850 with read ROI [8720:10288, 5840:7408, 1808:3376] (1568, 1568, 1568) and write ROI [9216:9792, 6336:6912, 2304:2880] (576, 576, 576)
Recording block-done for octoS0SubroiZ15683136Y78409408X1097612544Difficultsoma_pred_affs/4401 with read ROI [8720:10288, 4688:6256, 1232:2800] (1568, 1568, 1568) and write ROI [9216:9792, 5184:5760, 1728:2304] (576, 576, 576)
Recorded block-done for octoS0SubroiZ15683136Y78409408X1097612544Difficultsoma_pred_affs/4401 with read ROI [8720:10288, 4688:6256, 1232:2800] (1568, 1568, 1568) and write ROI [9216:9792, 5184:5760, 1728:2304] (576, 576, 576)
Recording block-done for octoS0SubroiZ15683136Y78409408X1097612544Difficultsoma_pred_affs/16637 with read ROI [8720:10288, 6416:7984, 9296:10864] (1568, 1568, 1568) and write ROI [9216:9792, 6912:7488, 9792:10368] (576, 576, 576)
Recorded block-done for octoS0SubroiZ15683136Y78409408X1097612544Difficultsoma_pred_affs/16637 with read ROI [8720:10288, 6416:7984, 9296:10864] (1568, 1568, 1568) and write ROI [9216:9792, 6912:7488, 9792:10368] (576, 576, 576)
Recording block-done for octoS0SubroiZ15683136Y78409408X1097612544Difficultsoma_pred_affs/19034 with read ROI [8144:9712, 10448:12016, 6992:8560] (1568, 1568, 1568) and write ROI [8640:9216, 10944:11520, 7488:8064] (576, 576, 576)
Recorded block-done for octoS0SubroiZ15683136Y78409408X1097612544Difficultsoma_pred_affs/19034 with read ROI [8144:9712, 10448:12016, 6992:8560] (1568, 1568, 1568) and write ROI [8640:9216, 10944:11520, 7488:8064] (576, 576, 576)
Recording block-done for octoS0SubroiZ15683136Y78409408X1097612544Difficultsoma_pred_affs/22711 with read ROI [8720:10288, 9872:11440, 8720:10288] (1568, 1568, 1568) and write ROI [9216:9792, 10368:10944, 9216:9792] (576, 576, 576)
Recorded block-done for octoS0SubroiZ15683136Y78409408X1097612544Difficultsoma_pred_affs/22711 with read ROI [8720:10288, 9872:11440, 8720:10288] (1568, 1568, 1568) and write ROI [9216:9792, 10368:10944, 9216:9792] (576, 576, 576)
Recording block-done for octoS0SubroiZ15683136Y78409408X1097612544Difficultsoma_pred_affs/11961 with read ROI [8720:10288, 7568:9136, 5264:6832] (1568, 1568, 1568) and write ROI [9216:9792, 8064:8640, 5760:6336] (576, 576, 576)
Recorded block-done for octoS0SubroiZ15683136Y78409408X1097612544Difficultsoma_pred_affs/11961 with read ROI [8720:10288, 7568:9136, 5264:6832] (1568, 1568, 1568) and write ROI [9216:9792, 8064:8640, 5760:6336] (576, 576, 576)
Recording block-done for octoS0SubroiZ15683136Y78409408X1097612544Difficultsoma_pred_affs/10331 with read ROI [8720:10288, 6992:8560, 4688:6256] (1568, 1568, 1568) and write ROI [9216:9792, 7488:8064, 5184:5760] (576, 576, 576)
Recorded block-done for octoS0SubroiZ15683136Y78409408X1097612544Difficultsoma_pred_affs/10331 with read ROI [8720:10288, 6992:8560, 4688:6256] (1568, 1568, 1568) and write ROI [9216:9792, 7488:8064, 5184:5760] (576, 576, 576)
Recording block-done for octoS0SubroiZ15683136Y78409408X1097612544Difficultsoma_pred_affs/16727 with read ROI [8720:10288, 8144:9712, 7568:9136] (1568, 1568, 1568) and write ROI [9216:9792, 8640:9216, 8064:8640] (576, 576, 576)
Recorded block-done for octoS0SubroiZ15683136Y78409408X1097612544Difficultsoma_pred_affs/16727 with read ROI [8720:10288, 8144:9712, 7568:9136] (1568, 1568, 1568) and write ROI [9216:9792, 8640:9216, 8064:8640] (576, 576, 576)
Recording block-done for octoS0SubroiZ15683136Y78409408X1097612544Difficultsoma_pred_affs/15661 with read ROI [8720:10288, 7568:9136, 7568:9136] (1568, 1568, 1568) and write ROI [9216:9792, 8064:8640, 8064:8640] (576, 576, 576)
Recorded block-done for octoS0SubroiZ15683136Y78409408X1097612544Difficultsoma_pred_affs/15661 with read ROI [8720:10288, 7568:9136, 7568:9136] (1568, 1568, 1568) and write ROI [9216:9792, 8064:8640, 8064:8640] (576, 576, 576)
Recording block-done for octoS0SubroiZ15683136Y78409408X1097612544Difficultsoma_pred_affs/5704 with read ROI [9296:10864, 1808:3376, 5264:6832] (1568, 1568, 1568) and write ROI [9792:10368, 2304:2880, 5760:6336] (576, 576, 576)
Recorded block-done for octoS0SubroiZ15683136Y78409408X1097612544Difficultsoma_pred_affs/5704 with read ROI [9296:10864, 1808:3376, 5264:6832] (1568, 1568, 1568) and write ROI [9792:10368, 2304:2880, 5760:6336] (576, 576, 576)
Recording block-done for octoS0SubroiZ15683136Y78409408X1097612544Difficultsoma_pred_affs/6815 with read ROI [9296:10864, 2384:3952, 5840:7408] (1568, 1568, 1568) and write ROI [9792:10368, 2880:3456, 6336:6912] (576, 576, 576)
Recorded block-done for octoS0SubroiZ15683136Y78409408X1097612544Difficultsoma_pred_affs/6815 with read ROI [9296:10864, 2384:3952, 5840:7408] (1568, 1568, 1568) and write ROI [9792:10368, 2880:3456, 6336:6912] (576, 576, 576)
Recording block-done for octoS0SubroiZ15683136Y78409408X1097612544Difficultsoma_pred_affs/7508 with read ROI [9296:10864, 4688:6256, 4112:5680] (1568, 1568, 1568) and write ROI [9792:10368, 5184:5760, 4608:5184] (576, 576, 576)
Recorded block-done for octoS0SubroiZ15683136Y78409408X1097612544Difficultsoma_pred_affs/7508 with read ROI [9296:10864, 4688:6256, 4112:5680] (1568, 1568, 1568) and write ROI [9792:10368, 5184:5760, 4608:5184] (576, 576, 576)
Recording block-done for octoS0SubroiZ15683136Y78409408X1097612544Difficultsoma_pred_affs/8831 with read ROI [9296:10864, 5264:6832, 4688:6256] (1568, 1568, 1568) and write ROI [9792:10368, 5760:6336, 5184:5760] (576, 576, 576)
Recorded block-done for octoS0SubroiZ15683136Y78409408X1097612544Difficultsoma_pred_affs/8831 with read ROI [9296:10864, 5264:6832, 4688:6256] (1568, 1568, 1568) and write ROI [9792:10368, 5760:6336, 5184:5760] (576, 576, 576)
Recording block-done for octoS0SubroiZ15683136Y78409408X1097612544Difficultsoma_pred_affs/6277 with read ROI [9296:10864, 2960:4528, 4688:6256] (1568, 1568, 1568) and write ROI [9792:10368, 3456:4032, 5184:5760] (576, 576, 576)
Recorded block-done for octoS0SubroiZ15683136Y78409408X1097612544Difficultsoma_pred_affs/6277 with read ROI [9296:10864, 2960:4528, 4688:6256] (1568, 1568, 1568) and write ROI [9792:10368, 3456:4032, 5184:5760] (576, 576, 576)
Recording block-done for octoS0SubroiZ15683136Y78409408X1097612544Difficultsoma_pred_affs/7685 with read ROI [9296:10864, 8144:9712, 656:2224] (1568, 1568, 1568) and write ROI [9792:10368, 8640:9216, 1152:1728] (576, 576, 576)
Recorded block-done for octoS0SubroiZ15683136Y78409408X1097612544Difficultsoma_pred_affs/7685 with read ROI [9296:10864, 8144:9712, 656:2224] (1568, 1568, 1568) and write ROI [9792:10368, 8640:9216, 1152:1728] (576, 576, 576)
Recording block-done for octoS0SubroiZ15683136Y78409408X1097612544Difficultsoma_pred_affs/12092 with read ROI [9296:10864, 9296:10864, 2960:4528] (1568, 1568, 1568) and write ROI [9792:10368, 9792:10368, 3456:4032] (576, 576, 576)
Recorded block-done for octoS0SubroiZ15683136Y78409408X1097612544Difficultsoma_pred_affs/12092 with read ROI [9296:10864, 9296:10864, 2960:4528] (1568, 1568, 1568) and write ROI [9792:10368, 9792:10368, 3456:4032] (576, 576, 576)
Recording block-done for octoS0SubroiZ15683136Y78409408X1097612544Difficultsoma_pred_affs/13757 with read ROI [9296:10864, 7568:9136, 5840:7408] (1568, 1568, 1568) and write ROI [9792:10368, 8064:8640, 6336:6912] (576, 576, 576)
Recorded block-done for octoS0SubroiZ15683136Y78409408X1097612544Difficultsoma_pred_affs/13757 with read ROI [9296:10864, 7568:9136, 5840:7408] (1568, 1568, 1568) and write ROI [9792:10368, 8064:8640, 6336:6912] (576, 576, 576)
Recording block-done for octoS0SubroiZ15683136Y78409408X1097612544Difficultsoma_pred_affs/16760 with read ROI [9296:10864, 8144:9712, 6992:8560] (1568, 1568, 1568) and write ROI [9792:10368, 8640:9216, 7488:8064] (576, 576, 576)
Recorded block-done for octoS0SubroiZ15683136Y78409408X1097612544Difficultsoma_pred_affs/16760 with read ROI [9296:10864, 8144:9712, 6992:8560] (1568, 1568, 1568) and write ROI [9792:10368, 8640:9216, 7488:8064] (576, 576, 576)
Recording block-done for octoS0SubroiZ15683136Y78409408X1097612544Difficultsoma_pred_affs/3594 with read ROI [9872:11440, 2960:4528, 656:2224] (1568, 1568, 1568) and write ROI [10368:10944, 3456:4032, 1152:1728] (576, 576, 576)
Recorded block-done for octoS0SubroiZ15683136Y78409408X1097612544Difficultsoma_pred_affs/3594 with read ROI [9872:11440, 2960:4528, 656:2224] (1568, 1568, 1568) and write ROI [10368:10944, 3456:4032, 1152:1728] (576, 576, 576)
Recording block-done for octoS0SubroiZ15683136Y78409408X1097612544Difficultsoma_pred_affs/13562 with read ROI [9872:11440, 2960:4528, 9872:11440] (1568, 1568, 1568) and write ROI [10368:10944, 3456:4032, 10368:10944] (576, 576, 576)
Recorded block-done for octoS0SubroiZ15683136Y78409408X1097612544Difficultsoma_pred_affs/13562 with read ROI [9872:11440, 2960:4528, 9872:11440] (1568, 1568, 1568) and write ROI [10368:10944, 3456:4032, 10368:10944] (576, 576, 576)
Recording block-done for octoS0SubroiZ15683136Y78409408X1097612544Difficultsoma_pred_affs/11849 with read ROI [9872:11440, 4112:5680, 7568:9136] (1568, 1568, 1568) and write ROI [10368:10944, 4608:5184, 8064:8640] (576, 576, 576)
Recorded block-done for octoS0SubroiZ15683136Y78409408X1097612544Difficultsoma_pred_affs/11849 with read ROI [9872:11440, 4112:5680, 7568:9136] (1568, 1568, 1568) and write ROI [10368:10944, 4608:5184, 8064:8640] (576, 576, 576)
Recording block-done for octoS0SubroiZ15683136Y78409408X1097612544Difficultsoma_pred_affs/5278 with read ROI [9872:11440, 2960:4528, 2960:4528] (1568, 1568, 1568) and write ROI [10368:10944, 3456:4032, 3456:4032] (576, 576, 576)
Recorded block-done for octoS0SubroiZ15683136Y78409408X1097612544Difficultsoma_pred_affs/5278 with read ROI [9872:11440, 2960:4528, 2960:4528] (1568, 1568, 1568) and write ROI [10368:10944, 3456:4032, 3456:4032] (576, 576, 576)
Recording block-done for octoS0SubroiZ15683136Y78409408X1097612544Difficultsoma_pred_affs/9015 with read ROI [9872:11440, 8144:9712, 1232:2800] (1568, 1568, 1568) and write ROI [10368:10944, 8640:9216, 1728:2304] (576, 576, 576)
Recorded block-done for octoS0SubroiZ15683136Y78409408X1097612544Difficultsoma_pred_affs/9015 with read ROI [9872:11440, 8144:9712, 1232:2800] (1568, 1568, 1568) and write ROI [10368:10944, 8640:9216, 1728:2304] (576, 576, 576)
Recording block-done for octoS0SubroiZ15683136Y78409408X1097612544Difficultsoma_pred_affs/12093 with read ROI [9872:11440, 8720:10288, 2960:4528] (1568, 1568, 1568) and write ROI [10368:10944, 9216:9792, 3456:4032] (576, 576, 576)
Recorded block-done for octoS0SubroiZ15683136Y78409408X1097612544Difficultsoma_pred_affs/12093 with read ROI [9872:11440, 8720:10288, 2960:4528] (1568, 1568, 1568) and write ROI [10368:10944, 9216:9792, 3456:4032] (576, 576, 576)
Recording block-done for octoS0SubroiZ15683136Y78409408X1097612544Difficultsoma_pred_affs/20213 with read ROI [9872:11440, 8720:10288, 7568:9136] (1568, 1568, 1568) and write ROI [10368:10944, 9216:9792, 8064:8640] (576, 576, 576)
Recorded block-done for octoS0SubroiZ15683136Y78409408X1097612544Difficultsoma_pred_affs/20213 with read ROI [9872:11440, 8720:10288, 7568:9136] (1568, 1568, 1568) and write ROI [10368:10944, 9216:9792, 8064:8640] (576, 576, 576)
Recording block-done for octoS0SubroiZ15683136Y78409408X1097612544Difficultsoma_pred_affs/15694 with read ROI [9872:11440, 6992:8560, 6992:8560] (1568, 1568, 1568) and write ROI [10368:10944, 7488:8064, 7488:8064] (576, 576, 576)
Recorded block-done for octoS0SubroiZ15683136Y78409408X1097612544Difficultsoma_pred_affs/15694 with read ROI [9872:11440, 6992:8560, 6992:8560] (1568, 1568, 1568) and write ROI [10368:10944, 7488:8064, 7488:8064] (576, 576, 576)
Recording block-done for octoS0SubroiZ15683136Y78409408X1097612544Difficultsoma_pred_affs/17842 with read ROI [9872:11440, 7568:9136, 7568:9136] (1568, 1568, 1568) and write ROI [10368:10944, 8064:8640, 8064:8640] (576, 576, 576)
Recorded block-done for octoS0SubroiZ15683136Y78409408X1097612544Difficultsoma_pred_affs/17842 with read ROI [9872:11440, 7568:9136, 7568:9136] (1568, 1568, 1568) and write ROI [10368:10944, 8064:8640, 8064:8640] (576, 576, 576)
Recording block-done for octoS0SubroiZ15683136Y78409408X1097612544Difficultsoma_pred_affs/8861 with read ROI [10448:12016, 4688:6256, 4112:5680] (1568, 1568, 1568) and write ROI [10944:11520, 5184:5760, 4608:5184] (576, 576, 576)
Recorded block-done for octoS0SubroiZ15683136Y78409408X1097612544Difficultsoma_pred_affs/8861 with read ROI [10448:12016, 4688:6256, 4112:5680] (1568, 1568, 1568) and write ROI [10944:11520, 5184:5760, 4608:5184] (576, 576, 576)
Recording block-done for octoS0SubroiZ15683136Y78409408X1097612544Difficultsoma_pred_affs/6999 with read ROI [10448:12016, 5264:6832, 1808:3376] (1568, 1568, 1568) and write ROI [10944:11520, 5760:6336, 2304:2880] (576, 576, 576)
Recorded block-done for octoS0SubroiZ15683136Y78409408X1097612544Difficultsoma_pred_affs/6999 with read ROI [10448:12016, 5264:6832, 1808:3376] (1568, 1568, 1568) and write ROI [10944:11520, 5760:6336, 2304:2880] (576, 576, 576)
Recording block-done for octoS0SubroiZ15683136Y78409408X1097612544Difficultsoma_pred_affs/4839 with read ROI [10448:12016, 2960:4528, 1808:3376] (1568, 1568, 1568) and write ROI [10944:11520, 3456:4032, 2304:2880] (576, 576, 576)
Recorded block-done for octoS0SubroiZ15683136Y78409408X1097612544Difficultsoma_pred_affs/4839 with read ROI [10448:12016, 2960:4528, 1808:3376] (1568, 1568, 1568) and write ROI [10944:11520, 3456:4032, 2304:2880] (576, 576, 576)
Recording block-done for octoS0SubroiZ15683136Y78409408X1097612544Difficultsoma_pred_affs/12856 with read ROI [10448:12016, 6416:7984, 5264:6832] (1568, 1568, 1568) and write ROI [10944:11520, 6912:7488, 5760:6336] (576, 576, 576)
Recorded block-done for octoS0SubroiZ15683136Y78409408X1097612544Difficultsoma_pred_affs/12856 with read ROI [10448:12016, 6416:7984, 5264:6832] (1568, 1568, 1568) and write ROI [10944:11520, 6912:7488, 5760:6336] (576, 576, 576)
Recording block-done for octoS0SubroiZ15683136Y78409408X1097612544Difficultsoma_pred_affs/6499 with read ROI [10448:12016, 6416:7984, 80:1648] (1568, 1568, 1568) and write ROI [10944:11520, 6912:7488, 576:1152] (576, 576, 576)
Recorded block-done for octoS0SubroiZ15683136Y78409408X1097612544Difficultsoma_pred_affs/6499 with read ROI [10448:12016, 6416:7984, 80:1648] (1568, 1568, 1568) and write ROI [10944:11520, 6912:7488, 576:1152] (576, 576, 576)
Recording block-done for octoS0SubroiZ15683136Y78409408X1097612544Difficultsoma_pred_affs/12165 with read ROI [10448:12016, 9296:10864, 1808:3376] (1568, 1568, 1568) and write ROI [10944:11520, 9792:10368, 2304:2880] (576, 576, 576)
Recorded block-done for octoS0SubroiZ15683136Y78409408X1097612544Difficultsoma_pred_affs/12165 with read ROI [10448:12016, 9296:10864, 1808:3376] (1568, 1568, 1568) and write ROI [10944:11520, 9792:10368, 2304:2880] (576, 576, 576)
Recording block-done for octoS0SubroiZ15683136Y78409408X1097612544Difficultsoma_pred_affs/25489 with read ROI [10448:12016, 9296:10864, 8720:10288] (1568, 1568, 1568) and write ROI [10944:11520, 9792:10368, 9216:9792] (576, 576, 576)
Recorded block-done for octoS0SubroiZ15683136Y78409408X1097612544Difficultsoma_pred_affs/25489 with read ROI [10448:12016, 9296:10864, 8720:10288] (1568, 1568, 1568) and write ROI [10944:11520, 9792:10368, 9216:9792] (576, 576, 576)
Recording block-done for octoS0SubroiZ15683136Y78409408X1097612544Difficultsoma_pred_affs/28405 with read ROI [10448:12016, 9296:10864, 9872:11440] (1568, 1568, 1568) and write ROI [10944:11520, 9792:10368, 10368:10944] (576, 576, 576)
Recorded block-done for octoS0SubroiZ15683136Y78409408X1097612544Difficultsoma_pred_affs/28405 with read ROI [10448:12016, 9296:10864, 9872:11440] (1568, 1568, 1568) and write ROI [10944:11520, 9792:10368, 10368:10944] (576, 576, 576)
Recording block-done for octoS0SubroiZ15683136Y78409408X1097612544Difficultsoma_pred_affs/21510 with read ROI [10448:12016, 9296:10864, 6992:8560] (1568, 1568, 1568) and write ROI [10944:11520, 9792:10368, 7488:8064] (576, 576, 576)
Recorded block-done for octoS0SubroiZ15683136Y78409408X1097612544Difficultsoma_pred_affs/21510 with read ROI [10448:12016, 9296:10864, 6992:8560] (1568, 1568, 1568) and write ROI [10944:11520, 9792:10368, 7488:8064] (576, 576, 576)
Recording block-done for octoS0SubroiZ15683136Y78409408X1097612544Difficultsoma_pred_affs/845 with read ROI [80:1648, 2960:4528, 4688:6256] (1568, 1568, 1568) and write ROI [576:1152, 3456:4032, 5184:5760] (576, 576, 576)
Recorded block-done for octoS0SubroiZ15683136Y78409408X1097612544Difficultsoma_pred_affs/845 with read ROI [80:1648, 2960:4528, 4688:6256] (1568, 1568, 1568) and write ROI [576:1152, 3456:4032, 5184:5760] (576, 576, 576)
Recording block-done for octoS0SubroiZ15683136Y78409408X1097612544Difficultsoma_pred_affs/2238 with read ROI [1808:3376, 8720:10288, 656:2224] (1568, 1568, 1568) and write ROI [2304:2880, 9216:9792, 1152:1728] (576, 576, 576)
Recorded block-done for octoS0SubroiZ15683136Y78409408X1097612544Difficultsoma_pred_affs/2238 with read ROI [1808:3376, 8720:10288, 656:2224] (1568, 1568, 1568) and write ROI [2304:2880, 9216:9792, 1152:1728] (576, 576, 576)
Recording block-done for octoS0SubroiZ15683136Y78409408X1097612544Difficultsoma_pred_affs/7297 with read ROI [1808:3376, 6992:8560, 9296:10864] (1568, 1568, 1568) and write ROI [2304:2880, 7488:8064, 9792:10368] (576, 576, 576)
Recorded block-done for octoS0SubroiZ15683136Y78409408X1097612544Difficultsoma_pred_affs/7297 with read ROI [1808:3376, 6992:8560, 9296:10864] (1568, 1568, 1568) and write ROI [2304:2880, 7488:8064, 9792:10368] (576, 576, 576)
Recording block-done for octoS0SubroiZ15683136Y78409408X1097612544Difficultsoma_pred_affs/3559 with read ROI [3536:5104, 8720:10288, 1232:2800] (1568, 1568, 1568) and write ROI [4032:4608, 9216:9792, 1728:2304] (576, 576, 576)
Recorded block-done for octoS0SubroiZ15683136Y78409408X1097612544Difficultsoma_pred_affs/3559 with read ROI [3536:5104, 8720:10288, 1232:2800] (1568, 1568, 1568) and write ROI [4032:4608, 9216:9792, 1728:2304] (576, 576, 576)
Recording block-done for octoS0SubroiZ15683136Y78409408X1097612544Difficultsoma_pred_affs/4733 with read ROI [3536:5104, 7568:9136, 4112:5680] (1568, 1568, 1568) and write ROI [4032:4608, 8064:8640, 4608:5184] (576, 576, 576)
Recorded block-done for octoS0SubroiZ15683136Y78409408X1097612544Difficultsoma_pred_affs/4733 with read ROI [3536:5104, 7568:9136, 4112:5680] (1568, 1568, 1568) and write ROI [4032:4608, 8064:8640, 4608:5184] (576, 576, 576)
Recording block-done for octoS0SubroiZ15683136Y78409408X1097612544Difficultsoma_pred_affs/4449 with read ROI [5840:7408, 8720:10288, 80:1648] (1568, 1568, 1568) and write ROI [6336:6912, 9216:9792, 576:1152] (576, 576, 576)
Recorded block-done for octoS0SubroiZ15683136Y78409408X1097612544Difficultsoma_pred_affs/4449 with read ROI [5840:7408, 8720:10288, 80:1648] (1568, 1568, 1568) and write ROI [6336:6912, 9216:9792, 576:1152] (576, 576, 576)
Recording block-done for octoS0SubroiZ15683136Y78409408X1097612544Difficultsoma_pred_affs/3820 with read ROI [6992:8560, 1808:3376, 5264:6832] (1568, 1568, 1568) and write ROI [7488:8064, 2304:2880, 5760:6336] (576, 576, 576)
Recorded block-done for octoS0SubroiZ15683136Y78409408X1097612544Difficultsoma_pred_affs/3820 with read ROI [6992:8560, 1808:3376, 5264:6832] (1568, 1568, 1568) and write ROI [7488:8064, 2304:2880, 5760:6336] (576, 576, 576)
Recording block-done for octoS0SubroiZ15683136Y78409408X1097612544Difficultsoma_pred_affs/3567 with read ROI [8144:9712, 4112:5680, 1232:2800] (1568, 1568, 1568) and write ROI [8640:9216, 4608:5184, 1728:2304] (576, 576, 576)
Recorded block-done for octoS0SubroiZ15683136Y78409408X1097612544Difficultsoma_pred_affs/3567 with read ROI [8144:9712, 4112:5680, 1232:2800] (1568, 1568, 1568) and write ROI [8640:9216, 4608:5184, 1728:2304] (576, 576, 576)
Recording block-done for octoS0SubroiZ15683136Y78409408X1097612544Difficultsoma_pred_affs/2229 with read ROI [8144:9712, 1808:3376, 1232:2800] (1568, 1568, 1568) and write ROI [8640:9216, 2304:2880, 1728:2304] (576, 576, 576)
Recorded block-done for octoS0SubroiZ15683136Y78409408X1097612544Difficultsoma_pred_affs/2229 with read ROI [8144:9712, 1808:3376, 1232:2800] (1568, 1568, 1568) and write ROI [8640:9216, 2304:2880, 1728:2304] (576, 576, 576)
Recording block-done for octoS0SubroiZ15683136Y78409408X1097612544Difficultsoma_pred_affs/6188 with read ROI [7568:9136, 2384:3952, 6992:8560] (1568, 1568, 1568) and write ROI [8064:8640, 2880:3456, 7488:8064] (576, 576, 576)
Recorded block-done for octoS0SubroiZ15683136Y78409408X1097612544Difficultsoma_pred_affs/6188 with read ROI [7568:9136, 2384:3952, 6992:8560] (1568, 1568, 1568) and write ROI [8064:8640, 2880:3456, 7488:8064] (576, 576, 576)
Recording block-done for octoS0SubroiZ15683136Y78409408X1097612544Difficultsoma_pred_affs/3171 with read ROI [8144:9712, 2960:4528, 1808:3376] (1568, 1568, 1568) and write ROI [8640:9216, 3456:4032, 2304:2880] (576, 576, 576)
Recorded block-done for octoS0SubroiZ15683136Y78409408X1097612544Difficultsoma_pred_affs/3171 with read ROI [8144:9712, 2960:4528, 1808:3376] (1568, 1568, 1568) and write ROI [8640:9216, 3456:4032, 2304:2880] (576, 576, 576)
Recording block-done for octoS0SubroiZ15683136Y78409408X1097612544Difficultsoma_pred_affs/9049 with read ROI [9872:11440, 8720:10288, 656:2224] (1568, 1568, 1568) and write ROI [10368:10944, 9216:9792, 1152:1728] (576, 576, 576)
Recorded block-done for octoS0SubroiZ15683136Y78409408X1097612544Difficultsoma_pred_affs/9049 with read ROI [9872:11440, 8720:10288, 656:2224] (1568, 1568, 1568) and write ROI [10368:10944, 9216:9792, 1152:1728] (576, 576, 576)
