MtlsdModel(
  (unet): UNet(
    (l_conv): ModuleList(
      (0): ConvPass(
        (conv_pass): Sequential(
          (0): Conv3d(1, 12, kernel_size=(3, 3, 3), stride=(1, 1, 1))
          (1): ReLU()
          (2): Conv3d(12, 12, kernel_size=(3, 3, 3), stride=(1, 1, 1))
          (3): ReLU()
        )
      )
      (1): ConvPass(
        (conv_pass): Sequential(
          (0): Conv3d(12, 60, kernel_size=(3, 3, 3), stride=(1, 1, 1))
          (1): ReLU()
          (2): Conv3d(60, 60, kernel_size=(3, 3, 3), stride=(1, 1, 1))
          (3): ReLU()
        )
      )
      (2): ConvPass(
        (conv_pass): Sequential(
          (0): Conv3d(60, 300, kernel_size=(3, 3, 3), stride=(1, 1, 1))
          (1): ReLU()
          (2): Conv3d(300, 300, kernel_size=(3, 3, 3), stride=(1, 1, 1))
          (3): ReLU()
        )
      )
      (3): ConvPass(
        (conv_pass): Sequential(
          (0): Conv3d(300, 1500, kernel_size=(3, 3, 3), stride=(1, 1, 1))
          (1): ReLU()
          (2): Conv3d(1500, 1500, kernel_size=(3, 3, 3), stride=(1, 1, 1))
          (3): ReLU()
        )
      )
    )
    (l_down): ModuleList(
      (0): Downsample(
        (down): MaxPool3d(kernel_size=[2, 2, 2], stride=[2, 2, 2], padding=0, dilation=1, ceil_mode=False)
      )
      (1): Downsample(
        (down): MaxPool3d(kernel_size=[2, 2, 2], stride=[2, 2, 2], padding=0, dilation=1, ceil_mode=False)
      )
      (2): Downsample(
        (down): MaxPool3d(kernel_size=[3, 3, 3], stride=[3, 3, 3], padding=0, dilation=1, ceil_mode=False)
      )
    )
    (r_up): ModuleList(
      (0): ModuleList(
        (0): Upsample(
          (up): ConvTranspose3d(60, 60, kernel_size=(2, 2, 2), stride=(2, 2, 2))
        )
        (1): Upsample(
          (up): ConvTranspose3d(300, 300, kernel_size=(2, 2, 2), stride=(2, 2, 2))
        )
        (2): Upsample(
          (up): ConvTranspose3d(1500, 1500, kernel_size=(3, 3, 3), stride=(3, 3, 3))
        )
      )
    )
    (r_conv): ModuleList(
      (0): ModuleList(
        (0): ConvPass(
          (conv_pass): Sequential(
            (0): Conv3d(72, 12, kernel_size=(3, 3, 3), stride=(1, 1, 1))
            (1): ReLU()
            (2): Conv3d(12, 12, kernel_size=(3, 3, 3), stride=(1, 1, 1))
            (3): ReLU()
          )
        )
        (1): ConvPass(
          (conv_pass): Sequential(
            (0): Conv3d(360, 60, kernel_size=(3, 3, 3), stride=(1, 1, 1))
            (1): ReLU()
            (2): Conv3d(60, 60, kernel_size=(3, 3, 3), stride=(1, 1, 1))
            (3): ReLU()
          )
        )
        (2): ConvPass(
          (conv_pass): Sequential(
            (0): Conv3d(1800, 300, kernel_size=(3, 3, 3), stride=(1, 1, 1))
            (1): ReLU()
            (2): Conv3d(300, 300, kernel_size=(3, 3, 3), stride=(1, 1, 1))
            (3): ReLU()
          )
        )
      )
    )
  )
  (lsd_head): ConvPass(
    (conv_pass): Sequential(
      (0): Conv3d(12, 10, kernel_size=(1, 1, 1), stride=(1, 1, 1))
      (1): Sigmoid()
    )
  )
  (aff_head): ConvPass(
    (conv_pass): Sequential(
      (0): Conv3d(12, 3, kernel_size=(1, 1, 1), stride=(1, 1, 1))
      (1): Sigmoid()
    )
  )
)
Model Parameters: 155.160M
Saving outputs to /media/samia/DATA/ark/lsd_outputs/MTLSD/3d/run-aclsd-together/model_checkpoint_300000/octo-s0-subroi_z1568-3136_y7840-9408_x10976-12544_difficultsoma.zarr
Recording block-done for octoS0SubroiZ15683136Y78409408X1097612544Difficultsoma_pred_affs/24 with read ROI [80:1648, 80:1648, 656:2224] (1568, 1568, 1568) and write ROI [576:1152, 576:1152, 1152:1728] (576, 576, 576)
Recorded block-done for octoS0SubroiZ15683136Y78409408X1097612544Difficultsoma_pred_affs/24 with read ROI [80:1648, 80:1648, 656:2224] (1568, 1568, 1568) and write ROI [576:1152, 576:1152, 1152:1728] (576, 576, 576)
Recording block-done for octoS0SubroiZ15683136Y78409408X1097612544Difficultsoma_pred_affs/88 with read ROI [80:1648, 80:1648, 2384:3952] (1568, 1568, 1568) and write ROI [576:1152, 576:1152, 2880:3456] (576, 576, 576)
Recorded block-done for octoS0SubroiZ15683136Y78409408X1097612544Difficultsoma_pred_affs/88 with read ROI [80:1648, 80:1648, 2384:3952] (1568, 1568, 1568) and write ROI [576:1152, 576:1152, 2880:3456] (576, 576, 576)
Recording block-done for octoS0SubroiZ15683136Y78409408X1097612544Difficultsoma_pred_affs/127 with read ROI [80:1648, 656:2224, 2384:3952] (1568, 1568, 1568) and write ROI [576:1152, 1152:1728, 2880:3456] (576, 576, 576)
Recorded block-done for octoS0SubroiZ15683136Y78409408X1097612544Difficultsoma_pred_affs/127 with read ROI [80:1648, 656:2224, 2384:3952] (1568, 1568, 1568) and write ROI [576:1152, 1152:1728, 2880:3456] (576, 576, 576)
Recording block-done for octoS0SubroiZ15683136Y78409408X1097612544Difficultsoma_pred_affs/564 with read ROI [80:1648, 80:1648, 6416:7984] (1568, 1568, 1568) and write ROI [576:1152, 576:1152, 6912:7488] (576, 576, 576)
Recorded block-done for octoS0SubroiZ15683136Y78409408X1097612544Difficultsoma_pred_affs/564 with read ROI [80:1648, 80:1648, 6416:7984] (1568, 1568, 1568) and write ROI [576:1152, 576:1152, 6912:7488] (576, 576, 576)
Recording block-done for octoS0SubroiZ15683136Y78409408X1097612544Difficultsoma_pred_affs/227 with read ROI [80:1648, 656:2224, 3536:5104] (1568, 1568, 1568) and write ROI [576:1152, 1152:1728, 4032:4608] (576, 576, 576)
Recorded block-done for octoS0SubroiZ15683136Y78409408X1097612544Difficultsoma_pred_affs/227 with read ROI [80:1648, 656:2224, 3536:5104] (1568, 1568, 1568) and write ROI [576:1152, 1152:1728, 4032:4608] (576, 576, 576)
Recording block-done for octoS0SubroiZ15683136Y78409408X1097612544Difficultsoma_pred_affs/1337 with read ROI [80:1648, 656:2224, 8720:10288] (1568, 1568, 1568) and write ROI [576:1152, 1152:1728, 9216:9792] (576, 576, 576)
Recorded block-done for octoS0SubroiZ15683136Y78409408X1097612544Difficultsoma_pred_affs/1337 with read ROI [80:1648, 656:2224, 8720:10288] (1568, 1568, 1568) and write ROI [576:1152, 1152:1728, 9216:9792] (576, 576, 576)
Recording block-done for octoS0SubroiZ15683136Y78409408X1097612544Difficultsoma_pred_affs/1547 with read ROI [80:1648, 656:2224, 9296:10864] (1568, 1568, 1568) and write ROI [576:1152, 1152:1728, 9792:10368] (576, 576, 576)
Recorded block-done for octoS0SubroiZ15683136Y78409408X1097612544Difficultsoma_pred_affs/1547 with read ROI [80:1648, 656:2224, 9296:10864] (1568, 1568, 1568) and write ROI [576:1152, 1152:1728, 9792:10368] (576, 576, 576)
Recording block-done for octoS0SubroiZ15683136Y78409408X1097612544Difficultsoma_pred_affs/1778 with read ROI [80:1648, 656:2224, 9872:11440] (1568, 1568, 1568) and write ROI [576:1152, 1152:1728, 10368:10944] (576, 576, 576)
Recorded block-done for octoS0SubroiZ15683136Y78409408X1097612544Difficultsoma_pred_affs/1778 with read ROI [80:1648, 656:2224, 9872:11440] (1568, 1568, 1568) and write ROI [576:1152, 1152:1728, 10368:10944] (576, 576, 576)
Recording block-done for octoS0SubroiZ15683136Y78409408X1097612544Difficultsoma_pred_affs/1341 with read ROI [80:1648, 1232:2800, 8144:9712] (1568, 1568, 1568) and write ROI [576:1152, 1728:2304, 8640:9216] (576, 576, 576)
Recorded block-done for octoS0SubroiZ15683136Y78409408X1097612544Difficultsoma_pred_affs/1341 with read ROI [80:1648, 1232:2800, 8144:9712] (1568, 1568, 1568) and write ROI [576:1152, 1728:2304, 8640:9216] (576, 576, 576)
Recording block-done for octoS0SubroiZ15683136Y78409408X1097612544Difficultsoma_pred_affs/2311 with read ROI [80:1648, 1232:2800, 10448:12016] (1568, 1568, 1568) and write ROI [576:1152, 1728:2304, 10944:11520] (576, 576, 576)
Recorded block-done for octoS0SubroiZ15683136Y78409408X1097612544Difficultsoma_pred_affs/2311 with read ROI [80:1648, 1232:2800, 10448:12016] (1568, 1568, 1568) and write ROI [576:1152, 1728:2304, 10944:11520] (576, 576, 576)
Recording block-done for octoS0SubroiZ15683136Y78409408X1097612544Difficultsoma_pred_affs/181 with read ROI [80:1648, 1808:3376, 1808:3376] (1568, 1568, 1568) and write ROI [576:1152, 2304:2880, 2304:2880] (576, 576, 576)
Recorded block-done for octoS0SubroiZ15683136Y78409408X1097612544Difficultsoma_pred_affs/181 with read ROI [80:1648, 1808:3376, 1808:3376] (1568, 1568, 1568) and write ROI [576:1152, 2304:2880, 2304:2880] (576, 576, 576)
Recording block-done for octoS0SubroiZ15683136Y78409408X1097612544Difficultsoma_pred_affs/302 with read ROI [80:1648, 1808:3376, 2960:4528] (1568, 1568, 1568) and write ROI [576:1152, 2304:2880, 3456:4032] (576, 576, 576)
Recorded block-done for octoS0SubroiZ15683136Y78409408X1097612544Difficultsoma_pred_affs/302 with read ROI [80:1648, 1808:3376, 2960:4528] (1568, 1568, 1568) and write ROI [576:1152, 2304:2880, 3456:4032] (576, 576, 576)
Recording block-done for octoS0SubroiZ15683136Y78409408X1097612544Difficultsoma_pred_affs/471 with read ROI [80:1648, 1808:3376, 4112:5680] (1568, 1568, 1568) and write ROI [576:1152, 2304:2880, 4608:5184] (576, 576, 576)
Recorded block-done for octoS0SubroiZ15683136Y78409408X1097612544Difficultsoma_pred_affs/471 with read ROI [80:1648, 1808:3376, 4112:5680] (1568, 1568, 1568) and write ROI [576:1152, 2304:2880, 4608:5184] (576, 576, 576)
Recording block-done for octoS0SubroiZ15683136Y78409408X1097612544Difficultsoma_pred_affs/2316 with read ROI [80:1648, 1808:3376, 9872:11440] (1568, 1568, 1568) and write ROI [576:1152, 2304:2880, 10368:10944] (576, 576, 576)
Recorded block-done for octoS0SubroiZ15683136Y78409408X1097612544Difficultsoma_pred_affs/2316 with read ROI [80:1648, 1808:3376, 9872:11440] (1568, 1568, 1568) and write ROI [576:1152, 2304:2880, 10368:10944] (576, 576, 576)
Recording block-done for octoS0SubroiZ15683136Y78409408X1097612544Difficultsoma_pred_affs/106 with read ROI [80:1648, 2384:3952, 80:1648] (1568, 1568, 1568) and write ROI [576:1152, 2880:3456, 576:1152] (576, 576, 576)
Recorded block-done for octoS0SubroiZ15683136Y78409408X1097612544Difficultsoma_pred_affs/106 with read ROI [80:1648, 2384:3952, 80:1648] (1568, 1568, 1568) and write ROI [576:1152, 2880:3456, 576:1152] (576, 576, 576)
Recording block-done for octoS0SubroiZ15683136Y78409408X1097612544Difficultsoma_pred_affs/838 with read ROI [80:1648, 2384:3952, 5264:6832] (1568, 1568, 1568) and write ROI [576:1152, 2880:3456, 5760:6336] (576, 576, 576)
Recorded block-done for octoS0SubroiZ15683136Y78409408X1097612544Difficultsoma_pred_affs/838 with read ROI [80:1648, 2384:3952, 5264:6832] (1568, 1568, 1568) and write ROI [576:1152, 2880:3456, 5760:6336] (576, 576, 576)
Recording block-done for octoS0SubroiZ15683136Y78409408X1097612544Difficultsoma_pred_affs/315 with read ROI [80:1648, 2960:4528, 1808:3376] (1568, 1568, 1568) and write ROI [576:1152, 3456:4032, 2304:2880] (576, 576, 576)
Recorded block-done for octoS0SubroiZ15683136Y78409408X1097612544Difficultsoma_pred_affs/315 with read ROI [80:1648, 2960:4528, 1808:3376] (1568, 1568, 1568) and write ROI [576:1152, 3456:4032, 2304:2880] (576, 576, 576)
Recording block-done for octoS0SubroiZ15683136Y78409408X1097612544Difficultsoma_pred_affs/2954 with read ROI [80:1648, 2960:4528, 9872:11440] (1568, 1568, 1568) and write ROI [576:1152, 3456:4032, 10368:10944] (576, 576, 576)
Recorded block-done for octoS0SubroiZ15683136Y78409408X1097612544Difficultsoma_pred_affs/2954 with read ROI [80:1648, 2960:4528, 9872:11440] (1568, 1568, 1568) and write ROI [576:1152, 3456:4032, 10368:10944] (576, 576, 576)
Recording block-done for octoS0SubroiZ15683136Y78409408X1097612544Difficultsoma_pred_affs/401 with read ROI [80:1648, 3536:5104, 1808:3376] (1568, 1568, 1568) and write ROI [576:1152, 4032:4608, 2304:2880] (576, 576, 576)
Recorded block-done for octoS0SubroiZ15683136Y78409408X1097612544Difficultsoma_pred_affs/401 with read ROI [80:1648, 3536:5104, 1808:3376] (1568, 1568, 1568) and write ROI [576:1152, 4032:4608, 2304:2880] (576, 576, 576)
Recording block-done for octoS0SubroiZ15683136Y78409408X1097612544Difficultsoma_pred_affs/2053 with read ROI [80:1648, 2960:4528, 8144:9712] (1568, 1568, 1568) and write ROI [576:1152, 3456:4032, 8640:9216] (576, 576, 576)
Recorded block-done for octoS0SubroiZ15683136Y78409408X1097612544Difficultsoma_pred_affs/2053 with read ROI [80:1648, 2960:4528, 8144:9712] (1568, 1568, 1568) and write ROI [576:1152, 3456:4032, 8640:9216] (576, 576, 576)
Recording block-done for octoS0SubroiZ15683136Y78409408X1097612544Difficultsoma_pred_affs/1006 with read ROI [80:1648, 3536:5104, 4688:6256] (1568, 1568, 1568) and write ROI [576:1152, 4032:4608, 5184:5760] (576, 576, 576)
Recorded block-done for octoS0SubroiZ15683136Y78409408X1097612544Difficultsoma_pred_affs/1006 with read ROI [80:1648, 3536:5104, 4688:6256] (1568, 1568, 1568) and write ROI [576:1152, 4032:4608, 5184:5760] (576, 576, 576)
Recording block-done for octoS0SubroiZ15683136Y78409408X1097612544Difficultsoma_pred_affs/1367 with read ROI [80:1648, 3536:5104, 5840:7408] (1568, 1568, 1568) and write ROI [576:1152, 4032:4608, 6336:6912] (576, 576, 576)
Recorded block-done for octoS0SubroiZ15683136Y78409408X1097612544Difficultsoma_pred_affs/1367 with read ROI [80:1648, 3536:5104, 5840:7408] (1568, 1568, 1568) and write ROI [576:1152, 4032:4608, 6336:6912] (576, 576, 576)
Recording block-done for octoS0SubroiZ15683136Y78409408X1097612544Difficultsoma_pred_affs/3691 with read ROI [80:1648, 3536:5104, 10448:12016] (1568, 1568, 1568) and write ROI [576:1152, 4032:4608, 10944:11520] (576, 576, 576)
Recorded block-done for octoS0SubroiZ15683136Y78409408X1097612544Difficultsoma_pred_affs/3691 with read ROI [80:1648, 3536:5104, 10448:12016] (1568, 1568, 1568) and write ROI [576:1152, 4032:4608, 10944:11520] (576, 576, 576)
Recording block-done for octoS0SubroiZ15683136Y78409408X1097612544Difficultsoma_pred_affs/726 with read ROI [80:1648, 4112:5680, 2960:4528] (1568, 1568, 1568) and write ROI [576:1152, 4608:5184, 3456:4032] (576, 576, 576)
Recorded block-done for octoS0SubroiZ15683136Y78409408X1097612544Difficultsoma_pred_affs/726 with read ROI [80:1648, 4112:5680, 2960:4528] (1568, 1568, 1568) and write ROI [576:1152, 4608:5184, 3456:4032] (576, 576, 576)
Recording block-done for octoS0SubroiZ15683136Y78409408X1097612544Difficultsoma_pred_affs/1586 with read ROI [80:1648, 4112:5680, 5840:7408] (1568, 1568, 1568) and write ROI [576:1152, 4608:5184, 6336:6912] (576, 576, 576)
Recorded block-done for octoS0SubroiZ15683136Y78409408X1097612544Difficultsoma_pred_affs/1586 with read ROI [80:1648, 4112:5680, 5840:7408] (1568, 1568, 1568) and write ROI [576:1152, 4608:5184, 6336:6912] (576, 576, 576)
Recording block-done for octoS0SubroiZ15683136Y78409408X1097612544Difficultsoma_pred_affs/2070 with read ROI [80:1648, 4112:5680, 6992:8560] (1568, 1568, 1568) and write ROI [576:1152, 4608:5184, 7488:8064] (576, 576, 576)
Recorded block-done for octoS0SubroiZ15683136Y78409408X1097612544Difficultsoma_pred_affs/2070 with read ROI [80:1648, 4112:5680, 6992:8560] (1568, 1568, 1568) and write ROI [576:1152, 4608:5184, 7488:8064] (576, 576, 576)
Recording block-done for octoS0SubroiZ15683136Y78409408X1097612544Difficultsoma_pred_affs/3700 with read ROI [80:1648, 4112:5680, 9872:11440] (1568, 1568, 1568) and write ROI [576:1152, 4608:5184, 10368:10944] (576, 576, 576)
Recorded block-done for octoS0SubroiZ15683136Y78409408X1097612544Difficultsoma_pred_affs/3700 with read ROI [80:1648, 4112:5680, 9872:11440] (1568, 1568, 1568) and write ROI [576:1152, 4608:5184, 10368:10944] (576, 576, 576)
Recording block-done for octoS0SubroiZ15683136Y78409408X1097612544Difficultsoma_pred_affs/1386 with read ROI [80:1648, 4688:6256, 4688:6256] (1568, 1568, 1568) and write ROI [576:1152, 5184:5760, 5184:5760] (576, 576, 576)
Recorded block-done for octoS0SubroiZ15683136Y78409408X1097612544Difficultsoma_pred_affs/1386 with read ROI [80:1648, 4688:6256, 4688:6256] (1568, 1568, 1568) and write ROI [576:1152, 5184:5760, 5184:5760] (576, 576, 576)
Recording block-done for octoS0SubroiZ15683136Y78409408X1097612544Difficultsoma_pred_affs/627 with read ROI [80:1648, 5264:6832, 1232:2800] (1568, 1568, 1568) and write ROI [576:1152, 5760:6336, 1728:2304] (576, 576, 576)
Recorded block-done for octoS0SubroiZ15683136Y78409408X1097612544Difficultsoma_pred_affs/627 with read ROI [80:1648, 5264:6832, 1232:2800] (1568, 1568, 1568) and write ROI [576:1152, 5760:6336, 1728:2304] (576, 576, 576)
Recording block-done for octoS0SubroiZ15683136Y78409408X1097612544Difficultsoma_pred_affs/2656 with read ROI [80:1648, 4688:6256, 7568:9136] (1568, 1568, 1568) and write ROI [576:1152, 5184:5760, 8064:8640] (576, 576, 576)
Recorded block-done for octoS0SubroiZ15683136Y78409408X1097612544Difficultsoma_pred_affs/2656 with read ROI [80:1648, 4688:6256, 7568:9136] (1568, 1568, 1568) and write ROI [576:1152, 5184:5760, 8064:8640] (576, 576, 576)
Recording block-done for octoS0SubroiZ15683136Y78409408X1097612544Difficultsoma_pred_affs/883 with read ROI [80:1648, 5264:6832, 2384:3952] (1568, 1568, 1568) and write ROI [576:1152, 5760:6336, 2880:3456] (576, 576, 576)
Recorded block-done for octoS0SubroiZ15683136Y78409408X1097612544Difficultsoma_pred_affs/883 with read ROI [80:1648, 5264:6832, 2384:3952] (1568, 1568, 1568) and write ROI [576:1152, 5760:6336, 2880:3456] (576, 576, 576)
Recording block-done for octoS0SubroiZ15683136Y78409408X1097612544Difficultsoma_pred_affs/1397 with read ROI [80:1648, 5264:6832, 4112:5680] (1568, 1568, 1568) and write ROI [576:1152, 5760:6336, 4608:5184] (576, 576, 576)
Recorded block-done for octoS0SubroiZ15683136Y78409408X1097612544Difficultsoma_pred_affs/1397 with read ROI [80:1648, 5264:6832, 4112:5680] (1568, 1568, 1568) and write ROI [576:1152, 5760:6336, 4608:5184] (576, 576, 576)
Recording block-done for octoS0SubroiZ15683136Y78409408X1097612544Difficultsoma_pred_affs/3721 with read ROI [80:1648, 5264:6832, 8720:10288] (1568, 1568, 1568) and write ROI [576:1152, 5760:6336, 9216:9792] (576, 576, 576)
Recorded block-done for octoS0SubroiZ15683136Y78409408X1097612544Difficultsoma_pred_affs/3721 with read ROI [80:1648, 5264:6832, 8720:10288] (1568, 1568, 1568) and write ROI [576:1152, 5760:6336, 9216:9792] (576, 576, 576)
Recording block-done for octoS0SubroiZ15683136Y78409408X1097612544Difficultsoma_pred_affs/1619 with read ROI [80:1648, 5840:7408, 4112:5680] (1568, 1568, 1568) and write ROI [576:1152, 6336:6912, 4608:5184] (576, 576, 576)
Recorded block-done for octoS0SubroiZ15683136Y78409408X1097612544Difficultsoma_pred_affs/1619 with read ROI [80:1648, 5840:7408, 4112:5680] (1568, 1568, 1568) and write ROI [576:1152, 6336:6912, 4608:5184] (576, 576, 576)
Recording block-done for octoS0SubroiZ15683136Y78409408X1097612544Difficultsoma_pred_affs/1850 with read ROI [80:1648, 5840:7408, 4688:6256] (1568, 1568, 1568) and write ROI [576:1152, 6336:6912, 5184:5760] (576, 576, 576)
Recorded block-done for octoS0SubroiZ15683136Y78409408X1097612544Difficultsoma_pred_affs/1850 with read ROI [80:1648, 5840:7408, 4688:6256] (1568, 1568, 1568) and write ROI [576:1152, 6336:6912, 5184:5760] (576, 576, 576)
Recording block-done for octoS0SubroiZ15683136Y78409408X1097612544Difficultsoma_pred_affs/759 with read ROI [80:1648, 5840:7408, 1232:2800] (1568, 1568, 1568) and write ROI [576:1152, 6336:6912, 1728:2304] (576, 576, 576)
Recorded block-done for octoS0SubroiZ15683136Y78409408X1097612544Difficultsoma_pred_affs/759 with read ROI [80:1648, 5840:7408, 1232:2800] (1568, 1568, 1568) and write ROI [576:1152, 6336:6912, 1728:2304] (576, 576, 576)
Recording block-done for octoS0SubroiZ15683136Y78409408X1097612544Difficultsoma_pred_affs/3004 with read ROI [80:1648, 5840:7408, 6992:8560] (1568, 1568, 1568) and write ROI [576:1152, 6336:6912, 7488:8064] (576, 576, 576)
Recorded block-done for octoS0SubroiZ15683136Y78409408X1097612544Difficultsoma_pred_affs/3004 with read ROI [80:1648, 5840:7408, 6992:8560] (1568, 1568, 1568) and write ROI [576:1152, 6336:6912, 7488:8064] (576, 576, 576)
Recording block-done for octoS0SubroiZ15683136Y78409408X1097612544Difficultsoma_pred_affs/772 with read ROI [80:1648, 6416:7984, 656:2224] (1568, 1568, 1568) and write ROI [576:1152, 6912:7488, 1152:1728] (576, 576, 576)
Recorded block-done for octoS0SubroiZ15683136Y78409408X1097612544Difficultsoma_pred_affs/772 with read ROI [80:1648, 6416:7984, 656:2224] (1568, 1568, 1568) and write ROI [576:1152, 6912:7488, 1152:1728] (576, 576, 576)
Recording block-done for octoS0SubroiZ15683136Y78409408X1097612544Difficultsoma_pred_affs/4587 with read ROI [80:1648, 6416:7984, 8720:10288] (1568, 1568, 1568) and write ROI [576:1152, 6912:7488, 9216:9792] (576, 576, 576)
Recorded block-done for octoS0SubroiZ15683136Y78409408X1097612544Difficultsoma_pred_affs/4587 with read ROI [80:1648, 6416:7984, 8720:10288] (1568, 1568, 1568) and write ROI [576:1152, 6912:7488, 9216:9792] (576, 576, 576)
Recording block-done for octoS0SubroiZ15683136Y78409408X1097612544Difficultsoma_pred_affs/2706 with read ROI [80:1648, 6992:8560, 5264:6832] (1568, 1568, 1568) and write ROI [576:1152, 7488:8064, 5760:6336] (576, 576, 576)
Recorded block-done for octoS0SubroiZ15683136Y78409408X1097612544Difficultsoma_pred_affs/2706 with read ROI [80:1648, 6992:8560, 5264:6832] (1568, 1568, 1568) and write ROI [576:1152, 7488:8064, 5760:6336] (576, 576, 576)
Recording block-done for octoS0SubroiZ15683136Y78409408X1097612544Difficultsoma_pred_affs/1877 with read ROI [80:1648, 6992:8560, 3536:5104] (1568, 1568, 1568) and write ROI [576:1152, 7488:8064, 4032:4608] (576, 576, 576)
Recorded block-done for octoS0SubroiZ15683136Y78409408X1097612544Difficultsoma_pred_affs/1877 with read ROI [80:1648, 6992:8560, 3536:5104] (1568, 1568, 1568) and write ROI [576:1152, 7488:8064, 4032:4608] (576, 576, 576)
Recording block-done for octoS0SubroiZ15683136Y78409408X1097612544Difficultsoma_pred_affs/1646 with read ROI [80:1648, 6992:8560, 2960:4528] (1568, 1568, 1568) and write ROI [576:1152, 7488:8064, 3456:4032] (576, 576, 576)
Recorded block-done for octoS0SubroiZ15683136Y78409408X1097612544Difficultsoma_pred_affs/1646 with read ROI [80:1648, 6992:8560, 2960:4528] (1568, 1568, 1568) and write ROI [576:1152, 7488:8064, 3456:4032] (576, 576, 576)
Recording block-done for octoS0SubroiZ15683136Y78409408X1097612544Difficultsoma_pred_affs/6105 with read ROI [80:1648, 7568:9136, 9296:10864] (1568, 1568, 1568) and write ROI [576:1152, 8064:8640, 9792:10368] (576, 576, 576)
Recorded block-done for octoS0SubroiZ15683136Y78409408X1097612544Difficultsoma_pred_affs/6105 with read ROI [80:1648, 7568:9136, 9296:10864] (1568, 1568, 1568) and write ROI [576:1152, 8064:8640, 9792:10368] (576, 576, 576)
Recording block-done for octoS0SubroiZ15683136Y78409408X1097612544Difficultsoma_pred_affs/6666 with read ROI [80:1648, 7568:9136, 9872:11440] (1568, 1568, 1568) and write ROI [576:1152, 8064:8640, 10368:10944] (576, 576, 576)
Recorded block-done for octoS0SubroiZ15683136Y78409408X1097612544Difficultsoma_pred_affs/6666 with read ROI [80:1648, 7568:9136, 9872:11440] (1568, 1568, 1568) and write ROI [576:1152, 8064:8640, 10368:10944] (576, 576, 576)
Recording block-done for octoS0SubroiZ15683136Y78409408X1097612544Difficultsoma_pred_affs/1277 with read ROI [80:1648, 8144:9712, 656:2224] (1568, 1568, 1568) and write ROI [576:1152, 8640:9216, 1152:1728] (576, 576, 576)
Recorded block-done for octoS0SubroiZ15683136Y78409408X1097612544Difficultsoma_pred_affs/1277 with read ROI [80:1648, 8144:9712, 656:2224] (1568, 1568, 1568) and write ROI [576:1152, 8640:9216, 1152:1728] (576, 576, 576)
Recording block-done for octoS0SubroiZ15683136Y78409408X1097612544Difficultsoma_pred_affs/4616 with read ROI [80:1648, 7568:9136, 7568:9136] (1568, 1568, 1568) and write ROI [576:1152, 8064:8640, 8064:8640] (576, 576, 576)
Recorded block-done for octoS0SubroiZ15683136Y78409408X1097612544Difficultsoma_pred_affs/4616 with read ROI [80:1648, 7568:9136, 7568:9136] (1568, 1568, 1568) and write ROI [576:1152, 8064:8640, 8064:8640] (576, 576, 576)
Recording block-done for octoS0SubroiZ15683136Y78409408X1097612544Difficultsoma_pred_affs/2437 with read ROI [80:1648, 8144:9712, 3536:5104] (1568, 1568, 1568) and write ROI [576:1152, 8640:9216, 4032:4608] (576, 576, 576)
Recorded block-done for octoS0SubroiZ15683136Y78409408X1097612544Difficultsoma_pred_affs/2437 with read ROI [80:1648, 8144:9712, 3536:5104] (1568, 1568, 1568) and write ROI [576:1152, 8640:9216, 4032:4608] (576, 576, 576)
Recording block-done for octoS0SubroiZ15683136Y78409408X1097612544Difficultsoma_pred_affs/1484 with read ROI [80:1648, 8720:10288, 656:2224] (1568, 1568, 1568) and write ROI [576:1152, 9216:9792, 1152:1728] (576, 576, 576)
Recorded block-done for octoS0SubroiZ15683136Y78409408X1097612544Difficultsoma_pred_affs/1484 with read ROI [80:1648, 8720:10288, 656:2224] (1568, 1568, 1568) and write ROI [576:1152, 9216:9792, 1152:1728] (576, 576, 576)
Recording block-done for octoS0SubroiZ15683136Y78409408X1097612544Difficultsoma_pred_affs/1694 with read ROI [80:1648, 8720:10288, 1232:2800] (1568, 1568, 1568) and write ROI [576:1152, 9216:9792, 1728:2304] (576, 576, 576)
Recorded block-done for octoS0SubroiZ15683136Y78409408X1097612544Difficultsoma_pred_affs/1694 with read ROI [80:1648, 8720:10288, 1232:2800] (1568, 1568, 1568) and write ROI [576:1152, 9216:9792, 1728:2304] (576, 576, 576)
Recording block-done for octoS0SubroiZ15683136Y78409408X1097612544Difficultsoma_pred_affs/2454 with read ROI [80:1648, 8720:10288, 2960:4528] (1568, 1568, 1568) and write ROI [576:1152, 9216:9792, 3456:4032] (576, 576, 576)
Recorded block-done for octoS0SubroiZ15683136Y78409408X1097612544Difficultsoma_pred_affs/2454 with read ROI [80:1648, 8720:10288, 2960:4528] (1568, 1568, 1568) and write ROI [576:1152, 9216:9792, 3456:4032] (576, 576, 576)
Recording block-done for octoS0SubroiZ15683136Y78409408X1097612544Difficultsoma_pred_affs/4649 with read ROI [80:1648, 8720:10288, 6416:7984] (1568, 1568, 1568) and write ROI [576:1152, 9216:9792, 6912:7488] (576, 576, 576)
Recorded block-done for octoS0SubroiZ15683136Y78409408X1097612544Difficultsoma_pred_affs/4649 with read ROI [80:1648, 8720:10288, 6416:7984] (1568, 1568, 1568) and write ROI [576:1152, 9216:9792, 6912:7488] (576, 576, 576)
Recording block-done for octoS0SubroiZ15683136Y78409408X1097612544Difficultsoma_pred_affs/8590 with read ROI [80:1648, 8720:10288, 10448:12016] (1568, 1568, 1568) and write ROI [576:1152, 9216:9792, 10944:11520] (576, 576, 576)
Recorded block-done for octoS0SubroiZ15683136Y78409408X1097612544Difficultsoma_pred_affs/8590 with read ROI [80:1648, 8720:10288, 10448:12016] (1568, 1568, 1568) and write ROI [576:1152, 9216:9792, 10944:11520] (576, 576, 576)
Recording block-done for octoS0SubroiZ15683136Y78409408X1097612544Difficultsoma_pred_affs/2196 with read ROI [80:1648, 9296:10864, 1808:3376] (1568, 1568, 1568) and write ROI [576:1152, 9792:10368, 2304:2880] (576, 576, 576)
Recorded block-done for octoS0SubroiZ15683136Y78409408X1097612544Difficultsoma_pred_affs/2196 with read ROI [80:1648, 9296:10864, 1808:3376] (1568, 1568, 1568) and write ROI [576:1152, 9792:10368, 2304:2880] (576, 576, 576)
Recording block-done for octoS0SubroiZ15683136Y78409408X1097612544Difficultsoma_pred_affs/2772 with read ROI [80:1648, 9296:10864, 2960:4528] (1568, 1568, 1568) and write ROI [576:1152, 9792:10368, 3456:4032] (576, 576, 576)
Recorded block-done for octoS0SubroiZ15683136Y78409408X1097612544Difficultsoma_pred_affs/2772 with read ROI [80:1648, 9296:10864, 2960:4528] (1568, 1568, 1568) and write ROI [576:1152, 9792:10368, 3456:4032] (576, 576, 576)
Recording block-done for octoS0SubroiZ15683136Y78409408X1097612544Difficultsoma_pred_affs/6717 with read ROI [80:1648, 9296:10864, 8144:9712] (1568, 1568, 1568) and write ROI [576:1152, 9792:10368, 8640:9216] (576, 576, 576)
Recorded block-done for octoS0SubroiZ15683136Y78409408X1097612544Difficultsoma_pred_affs/6717 with read ROI [80:1648, 9296:10864, 8144:9712] (1568, 1568, 1568) and write ROI [576:1152, 9792:10368, 8640:9216] (576, 576, 576)
Recording block-done for octoS0SubroiZ15683136Y78409408X1097612544Difficultsoma_pred_affs/1731 with read ROI [80:1648, 9872:11440, 80:1648] (1568, 1568, 1568) and write ROI [576:1152, 10368:10944, 576:1152] (576, 576, 576)
Recorded block-done for octoS0SubroiZ15683136Y78409408X1097612544Difficultsoma_pred_affs/1731 with read ROI [80:1648, 9872:11440, 80:1648] (1568, 1568, 1568) and write ROI [576:1152, 10368:10944, 576:1152] (576, 576, 576)
Recording block-done for octoS0SubroiZ15683136Y78409408X1097612544Difficultsoma_pred_affs/2491 with read ROI [80:1648, 9872:11440, 1808:3376] (1568, 1568, 1568) and write ROI [576:1152, 10368:10944, 2304:2880] (576, 576, 576)
Recorded block-done for octoS0SubroiZ15683136Y78409408X1097612544Difficultsoma_pred_affs/2491 with read ROI [80:1648, 9872:11440, 1808:3376] (1568, 1568, 1568) and write ROI [576:1152, 10368:10944, 2304:2880] (576, 576, 576)
Recording block-done for octoS0SubroiZ15683136Y78409408X1097612544Difficultsoma_pred_affs/4686 with read ROI [80:1648, 9872:11440, 5264:6832] (1568, 1568, 1568) and write ROI [576:1152, 10368:10944, 5760:6336] (576, 576, 576)
Recorded block-done for octoS0SubroiZ15683136Y78409408X1097612544Difficultsoma_pred_affs/4686 with read ROI [80:1648, 9872:11440, 5264:6832] (1568, 1568, 1568) and write ROI [576:1152, 10368:10944, 5760:6336] (576, 576, 576)
Recording block-done for octoS0SubroiZ15683136Y78409408X1097612544Difficultsoma_pred_affs/9330 with read ROI [80:1648, 9872:11440, 9872:11440] (1568, 1568, 1568) and write ROI [576:1152, 10368:10944, 10368:10944] (576, 576, 576)
Recorded block-done for octoS0SubroiZ15683136Y78409408X1097612544Difficultsoma_pred_affs/9330 with read ROI [80:1648, 9872:11440, 9872:11440] (1568, 1568, 1568) and write ROI [576:1152, 10368:10944, 10368:10944] (576, 576, 576)
Recording block-done for octoS0SubroiZ15683136Y78409408X1097612544Difficultsoma_pred_affs/3487 with read ROI [80:1648, 10448:12016, 2960:4528] (1568, 1568, 1568) and write ROI [576:1152, 10944:11520, 3456:4032] (576, 576, 576)
Recorded block-done for octoS0SubroiZ15683136Y78409408X1097612544Difficultsoma_pred_affs/3487 with read ROI [80:1648, 10448:12016, 2960:4528] (1568, 1568, 1568) and write ROI [576:1152, 10944:11520, 3456:4032] (576, 576, 576)
Recording block-done for octoS0SubroiZ15683136Y78409408X1097612544Difficultsoma_pred_affs/4271 with read ROI [80:1648, 10448:12016, 4112:5680] (1568, 1568, 1568) and write ROI [576:1152, 10944:11520, 4608:5184] (576, 576, 576)
Recorded block-done for octoS0SubroiZ15683136Y78409408X1097612544Difficultsoma_pred_affs/4271 with read ROI [80:1648, 10448:12016, 4112:5680] (1568, 1568, 1568) and write ROI [576:1152, 10944:11520, 4608:5184] (576, 576, 576)
Recording block-done for octoS0SubroiZ15683136Y78409408X1097612544Difficultsoma_pred_affs/8647 with read ROI [80:1648, 10448:12016, 8720:10288] (1568, 1568, 1568) and write ROI [576:1152, 10944:11520, 9216:9792] (576, 576, 576)
Recorded block-done for octoS0SubroiZ15683136Y78409408X1097612544Difficultsoma_pred_affs/8647 with read ROI [80:1648, 10448:12016, 8720:10288] (1568, 1568, 1568) and write ROI [576:1152, 10944:11520, 9216:9792] (576, 576, 576)
Recording block-done for octoS0SubroiZ15683136Y78409408X1097612544Difficultsoma_pred_affs/28 with read ROI [656:2224, 80:1648, 80:1648] (1568, 1568, 1568) and write ROI [1152:1728, 576:1152, 576:1152] (576, 576, 576)
Recorded block-done for octoS0SubroiZ15683136Y78409408X1097612544Difficultsoma_pred_affs/28 with read ROI [656:2224, 80:1648, 80:1648] (1568, 1568, 1568) and write ROI [1152:1728, 576:1152, 576:1152] (576, 576, 576)
Recording block-done for octoS0SubroiZ15683136Y78409408X1097612544Difficultsoma_pred_affs/47 with read ROI [656:2224, 656:2224, 80:1648] (1568, 1568, 1568) and write ROI [1152:1728, 1152:1728, 576:1152] (576, 576, 576)
Recorded block-done for octoS0SubroiZ15683136Y78409408X1097612544Difficultsoma_pred_affs/47 with read ROI [656:2224, 656:2224, 80:1648] (1568, 1568, 1568) and write ROI [1152:1728, 1152:1728, 576:1152] (576, 576, 576)
Recording block-done for octoS0SubroiZ15683136Y78409408X1097612544Difficultsoma_pred_affs/128 with read ROI [656:2224, 80:1648, 2384:3952] (1568, 1568, 1568) and write ROI [1152:1728, 576:1152, 2880:3456] (576, 576, 576)
Recorded block-done for octoS0SubroiZ15683136Y78409408X1097612544Difficultsoma_pred_affs/128 with read ROI [656:2224, 80:1648, 2384:3952] (1568, 1568, 1568) and write ROI [1152:1728, 576:1152, 2880:3456] (576, 576, 576)
Recording block-done for octoS0SubroiZ15683136Y78409408X1097612544Difficultsoma_pred_affs/294 with read ROI [656:2224, 80:1648, 4112:5680] (1568, 1568, 1568) and write ROI [1152:1728, 576:1152, 4608:5184] (576, 576, 576)
Recorded block-done for octoS0SubroiZ15683136Y78409408X1097612544Difficultsoma_pred_affs/294 with read ROI [656:2224, 80:1648, 4112:5680] (1568, 1568, 1568) and write ROI [1152:1728, 576:1152, 4608:5184] (576, 576, 576)
Recording block-done for octoS0SubroiZ15683136Y78409408X1097612544Difficultsoma_pred_affs/232 with read ROI [656:2224, 656:2224, 2960:4528] (1568, 1568, 1568) and write ROI [1152:1728, 1152:1728, 3456:4032] (576, 576, 576)
Recorded block-done for octoS0SubroiZ15683136Y78409408X1097612544Difficultsoma_pred_affs/232 with read ROI [656:2224, 656:2224, 2960:4528] (1568, 1568, 1568) and write ROI [1152:1728, 1152:1728, 3456:4032] (576, 576, 576)
Recording block-done for octoS0SubroiZ15683136Y78409408X1097612544Difficultsoma_pred_affs/692 with read ROI [656:2224, 656:2224, 5840:7408] (1568, 1568, 1568) and write ROI [1152:1728, 1152:1728, 6336:6912] (576, 576, 576)
Recorded block-done for octoS0SubroiZ15683136Y78409408X1097612544Difficultsoma_pred_affs/692 with read ROI [656:2224, 656:2224, 5840:7408] (1568, 1568, 1568) and write ROI [1152:1728, 1152:1728, 6336:6912] (576, 576, 576)
Recording block-done for octoS0SubroiZ15683136Y78409408X1097612544Difficultsoma_pred_affs/697 with read ROI [656:2224, 1232:2800, 5264:6832] (1568, 1568, 1568) and write ROI [1152:1728, 1728:2304, 5760:6336] (576, 576, 576)
Recorded block-done for octoS0SubroiZ15683136Y78409408X1097612544Difficultsoma_pred_affs/697 with read ROI [656:2224, 1232:2800, 5264:6832] (1568, 1568, 1568) and write ROI [1152:1728, 1728:2304, 5760:6336] (576, 576, 576)
Recording block-done for octoS0SubroiZ15683136Y78409408X1097612544Difficultsoma_pred_affs/472 with read ROI [656:2224, 1232:2800, 4112:5680] (1568, 1568, 1568) and write ROI [1152:1728, 1728:2304, 4608:5184] (576, 576, 576)
Recorded block-done for octoS0SubroiZ15683136Y78409408X1097612544Difficultsoma_pred_affs/472 with read ROI [656:2224, 1232:2800, 4112:5680] (1568, 1568, 1568) and write ROI [1152:1728, 1728:2304, 4608:5184] (576, 576, 576)
Recording block-done for octoS0SubroiZ15683136Y78409408X1097612544Difficultsoma_pred_affs/1783 with read ROI [656:2224, 656:2224, 9296:10864] (1568, 1568, 1568) and write ROI [1152:1728, 1152:1728, 9792:10368] (576, 576, 576)
Recorded block-done for octoS0SubroiZ15683136Y78409408X1097612544Difficultsoma_pred_affs/1783 with read ROI [656:2224, 656:2224, 9296:10864] (1568, 1568, 1568) and write ROI [1152:1728, 1152:1728, 9792:10368] (576, 576, 576)
Recording block-done for octoS0SubroiZ15683136Y78409408X1097612544Difficultsoma_pred_affs/1788 with read ROI [656:2224, 1232:2800, 8720:10288] (1568, 1568, 1568) and write ROI [1152:1728, 1728:2304, 9216:9792] (576, 576, 576)
Recorded block-done for octoS0SubroiZ15683136Y78409408X1097612544Difficultsoma_pred_affs/1788 with read ROI [656:2224, 1232:2800, 8720:10288] (1568, 1568, 1568) and write ROI [1152:1728, 1728:2304, 9216:9792] (576, 576, 576)
Recording block-done for octoS0SubroiZ15683136Y78409408X1097612544Difficultsoma_pred_affs/2617 with read ROI [656:2224, 1232:2800, 10448:12016] (1568, 1568, 1568) and write ROI [1152:1728, 1728:2304, 10944:11520] (576, 576, 576)
Recorded block-done for octoS0SubroiZ15683136Y78409408X1097612544Difficultsoma_pred_affs/2617 with read ROI [656:2224, 1232:2800, 10448:12016] (1568, 1568, 1568) and write ROI [1152:1728, 1728:2304, 10944:11520] (576, 576, 576)
Recording block-done for octoS0SubroiZ15683136Y78409408X1097612544Difficultsoma_pred_affs/2948 with read ROI [656:2224, 1808:3376, 10448:12016] (1568, 1568, 1568) and write ROI [1152:1728, 2304:2880, 10944:11520] (576, 576, 576)
Recorded block-done for octoS0SubroiZ15683136Y78409408X1097612544Difficultsoma_pred_affs/2948 with read ROI [656:2224, 1808:3376, 10448:12016] (1568, 1568, 1568) and write ROI [1152:1728, 2304:2880, 10944:11520] (576, 576, 576)
Recording block-done for octoS0SubroiZ15683136Y78409408X1097612544Difficultsoma_pred_affs/107 with read ROI [656:2224, 1808:3376, 80:1648] (1568, 1568, 1568) and write ROI [1152:1728, 2304:2880, 576:1152] (576, 576, 576)
Recorded block-done for octoS0SubroiZ15683136Y78409408X1097612544Difficultsoma_pred_affs/107 with read ROI [656:2224, 1808:3376, 80:1648] (1568, 1568, 1568) and write ROI [1152:1728, 2304:2880, 576:1152] (576, 576, 576)
Recording block-done for octoS0SubroiZ15683136Y78409408X1097612544Difficultsoma_pred_affs/839 with read ROI [656:2224, 1808:3376, 5264:6832] (1568, 1568, 1568) and write ROI [1152:1728, 2304:2880, 5760:6336] (576, 576, 576)
Recorded block-done for octoS0SubroiZ15683136Y78409408X1097612544Difficultsoma_pred_affs/839 with read ROI [656:2224, 1808:3376, 5264:6832] (1568, 1568, 1568) and write ROI [1152:1728, 2304:2880, 5760:6336] (576, 576, 576)
Recording block-done for octoS0SubroiZ15683136Y78409408X1097612544Difficultsoma_pred_affs/1163 with read ROI [656:2224, 1808:3376, 6416:7984] (1568, 1568, 1568) and write ROI [1152:1728, 2304:2880, 6912:7488] (576, 576, 576)
Recorded block-done for octoS0SubroiZ15683136Y78409408X1097612544Difficultsoma_pred_affs/1163 with read ROI [656:2224, 1808:3376, 6416:7984] (1568, 1568, 1568) and write ROI [1152:1728, 2304:2880, 6912:7488] (576, 576, 576)
Recording block-done for octoS0SubroiZ15683136Y78409408X1097612544Difficultsoma_pred_affs/590 with read ROI [656:2224, 2384:3952, 3536:5104] (1568, 1568, 1568) and write ROI [1152:1728, 2880:3456, 4032:4608] (576, 576, 576)
Recorded block-done for octoS0SubroiZ15683136Y78409408X1097612544Difficultsoma_pred_affs/590 with read ROI [656:2224, 2384:3952, 3536:5104] (1568, 1568, 1568) and write ROI [1152:1728, 2880:3456, 4032:4608] (576, 576, 576)
Recording block-done for octoS0SubroiZ15683136Y78409408X1097612544Difficultsoma_pred_affs/3306 with read ROI [656:2224, 2384:3952, 10448:12016] (1568, 1568, 1568) and write ROI [1152:1728, 2880:3456, 10944:11520] (576, 576, 576)
Recorded block-done for octoS0SubroiZ15683136Y78409408X1097612544Difficultsoma_pred_affs/3306 with read ROI [656:2224, 2384:3952, 10448:12016] (1568, 1568, 1568) and write ROI [1152:1728, 2880:3456, 10944:11520] (576, 576, 576)
Recording block-done for octoS0SubroiZ15683136Y78409408X1097612544Difficultsoma_pred_affs/1570 with read ROI [656:2224, 2384:3952, 6992:8560] (1568, 1568, 1568) and write ROI [1152:1728, 2880:3456, 7488:8064] (576, 576, 576)
Recorded block-done for octoS0SubroiZ15683136Y78409408X1097612544Difficultsoma_pred_affs/1570 with read ROI [656:2224, 2384:3952, 6992:8560] (1568, 1568, 1568) and write ROI [1152:1728, 2880:3456, 7488:8064] (576, 576, 576)
Recording block-done for octoS0SubroiZ15683136Y78409408X1097612544Difficultsoma_pred_affs/854 with read ROI [656:2224, 2960:4528, 4112:5680] (1568, 1568, 1568) and write ROI [1152:1728, 3456:4032, 4608:5184] (576, 576, 576)
Recorded block-done for octoS0SubroiZ15683136Y78409408X1097612544Difficultsoma_pred_affs/854 with read ROI [656:2224, 2960:4528, 4112:5680] (1568, 1568, 1568) and write ROI [1152:1728, 3456:4032, 4608:5184] (576, 576, 576)
Recording block-done for octoS0SubroiZ15683136Y78409408X1097612544Difficultsoma_pred_affs/2963 with read ROI [656:2224, 2960:4528, 9296:10864] (1568, 1568, 1568) and write ROI [1152:1728, 3456:4032, 9792:10368] (576, 576, 576)
Recorded block-done for octoS0SubroiZ15683136Y78409408X1097612544Difficultsoma_pred_affs/2963 with read ROI [656:2224, 2960:4528, 9296:10864] (1568, 1568, 1568) and write ROI [1152:1728, 3456:4032, 9792:10368] (576, 576, 576)
Recording block-done for octoS0SubroiZ15683136Y78409408X1097612544Difficultsoma_pred_affs/727 with read ROI [656:2224, 3536:5104, 2960:4528] (1568, 1568, 1568) and write ROI [1152:1728, 4032:4608, 3456:4032] (576, 576, 576)
Recorded block-done for octoS0SubroiZ15683136Y78409408X1097612544Difficultsoma_pred_affs/727 with read ROI [656:2224, 3536:5104, 2960:4528] (1568, 1568, 1568) and write ROI [1152:1728, 4032:4608, 3456:4032] (576, 576, 576)
Recording block-done for octoS0SubroiZ15683136Y78409408X1097612544Difficultsoma_pred_affs/421 with read ROI [656:2224, 4112:5680, 656:2224] (1568, 1568, 1568) and write ROI [1152:1728, 4608:5184, 1152:1728] (576, 576, 576)
Recorded block-done for octoS0SubroiZ15683136Y78409408X1097612544Difficultsoma_pred_affs/421 with read ROI [656:2224, 4112:5680, 656:2224] (1568, 1568, 1568) and write ROI [1152:1728, 4608:5184, 1152:1728] (576, 576, 576)
Recording block-done for octoS0SubroiZ15683136Y78409408X1097612544Difficultsoma_pred_affs/863 with read ROI [656:2224, 3536:5104, 3536:5104] (1568, 1568, 1568) and write ROI [1152:1728, 4032:4608, 4032:4608] (576, 576, 576)
Recorded block-done for octoS0SubroiZ15683136Y78409408X1097612544Difficultsoma_pred_affs/863 with read ROI [656:2224, 3536:5104, 3536:5104] (1568, 1568, 1568) and write ROI [1152:1728, 4032:4608, 4032:4608] (576, 576, 576)
Recording block-done for octoS0SubroiZ15683136Y78409408X1097612544Difficultsoma_pred_affs/873 with read ROI [656:2224, 4112:5680, 2960:4528] (1568, 1568, 1568) and write ROI [1152:1728, 4608:5184, 3456:4032] (576, 576, 576)
Recorded block-done for octoS0SubroiZ15683136Y78409408X1097612544Difficultsoma_pred_affs/873 with read ROI [656:2224, 4112:5680, 2960:4528] (1568, 1568, 1568) and write ROI [1152:1728, 4608:5184, 3456:4032] (576, 576, 576)
Recording block-done for octoS0SubroiZ15683136Y78409408X1097612544Difficultsoma_pred_affs/3333 with read ROI [656:2224, 4112:5680, 8720:10288] (1568, 1568, 1568) and write ROI [1152:1728, 4608:5184, 9216:9792] (576, 576, 576)
Recorded block-done for octoS0SubroiZ15683136Y78409408X1097612544Difficultsoma_pred_affs/3333 with read ROI [656:2224, 4112:5680, 8720:10288] (1568, 1568, 1568) and write ROI [1152:1728, 4608:5184, 9216:9792] (576, 576, 576)
Recording block-done for octoS0SubroiZ15683136Y78409408X1097612544Difficultsoma_pred_affs/2647 with read ROI [656:2224, 3536:5104, 8144:9712] (1568, 1568, 1568) and write ROI [1152:1728, 4032:4608, 8640:9216] (576, 576, 576)
Recorded block-done for octoS0SubroiZ15683136Y78409408X1097612544Difficultsoma_pred_affs/2647 with read ROI [656:2224, 3536:5104, 8144:9712] (1568, 1568, 1568) and write ROI [1152:1728, 4032:4608, 8640:9216] (576, 576, 576)
Recording block-done for octoS0SubroiZ15683136Y78409408X1097612544Difficultsoma_pred_affs/628 with read ROI [656:2224, 4688:6256, 1232:2800] (1568, 1568, 1568) and write ROI [1152:1728, 5184:5760, 1728:2304] (576, 576, 576)
Recorded block-done for octoS0SubroiZ15683136Y78409408X1097612544Difficultsoma_pred_affs/628 with read ROI [656:2224, 4688:6256, 1232:2800] (1568, 1568, 1568) and write ROI [1152:1728, 5184:5760, 1728:2304] (576, 576, 576)
Recording block-done for octoS0SubroiZ15683136Y78409408X1097612544Difficultsoma_pred_affs/884 with read ROI [656:2224, 4688:6256, 2384:3952] (1568, 1568, 1568) and write ROI [1152:1728, 5184:5760, 2880:3456] (576, 576, 576)
Recorded block-done for octoS0SubroiZ15683136Y78409408X1097612544Difficultsoma_pred_affs/884 with read ROI [656:2224, 4688:6256, 2384:3952] (1568, 1568, 1568) and write ROI [1152:1728, 5184:5760, 2880:3456] (576, 576, 576)
Recording block-done for octoS0SubroiZ15683136Y78409408X1097612544Difficultsoma_pred_affs/1608 with read ROI [656:2224, 4688:6256, 4688:6256] (1568, 1568, 1568) and write ROI [1152:1728, 5184:5760, 5184:5760] (576, 576, 576)
Recorded block-done for octoS0SubroiZ15683136Y78409408X1097612544Difficultsoma_pred_affs/1608 with read ROI [656:2224, 4688:6256, 4688:6256] (1568, 1568, 1568) and write ROI [1152:1728, 5184:5760, 5184:5760] (576, 576, 576)
Recording block-done for octoS0SubroiZ15683136Y78409408X1097612544Difficultsoma_pred_affs/4128 with read ROI [656:2224, 4688:6256, 9296:10864] (1568, 1568, 1568) and write ROI [1152:1728, 5184:5760, 9792:10368] (576, 576, 576)
Recorded block-done for octoS0SubroiZ15683136Y78409408X1097612544Difficultsoma_pred_affs/4128 with read ROI [656:2224, 4688:6256, 9296:10864] (1568, 1568, 1568) and write ROI [1152:1728, 5184:5760, 9792:10368] (576, 576, 576)
Recording block-done for octoS0SubroiZ15683136Y78409408X1097612544Difficultsoma_pred_affs/896 with read ROI [656:2224, 5264:6832, 1808:3376] (1568, 1568, 1568) and write ROI [1152:1728, 5760:6336, 2304:2880] (576, 576, 576)
Recorded block-done for octoS0SubroiZ15683136Y78409408X1097612544Difficultsoma_pred_affs/896 with read ROI [656:2224, 5264:6832, 1808:3376] (1568, 1568, 1568) and write ROI [1152:1728, 5760:6336, 2304:2880] (576, 576, 576)
Recording block-done for octoS0SubroiZ15683136Y78409408X1097612544Difficultsoma_pred_affs/2104 with read ROI [656:2224, 5264:6832, 5264:6832] (1568, 1568, 1568) and write ROI [1152:1728, 5760:6336, 5760:6336] (576, 576, 576)
Recorded block-done for octoS0SubroiZ15683136Y78409408X1097612544Difficultsoma_pred_affs/2104 with read ROI [656:2224, 5264:6832, 5264:6832] (1568, 1568, 1568) and write ROI [1152:1728, 5760:6336, 5760:6336] (576, 576, 576)
Recording block-done for octoS0SubroiZ15683136Y78409408X1097612544Difficultsoma_pred_affs/2380 with read ROI [656:2224, 5264:6832, 5840:7408] (1568, 1568, 1568) and write ROI [1152:1728, 5760:6336, 6336:6912] (576, 576, 576)
Recorded block-done for octoS0SubroiZ15683136Y78409408X1097612544Difficultsoma_pred_affs/2380 with read ROI [656:2224, 5264:6832, 5840:7408] (1568, 1568, 1568) and write ROI [1152:1728, 5760:6336, 6336:6912] (576, 576, 576)
Recording block-done for octoS0SubroiZ15683136Y78409408X1097612544Difficultsoma_pred_affs/3734 with read ROI [656:2224, 5264:6832, 8144:9712] (1568, 1568, 1568) and write ROI [1152:1728, 5760:6336, 8640:9216] (576, 576, 576)
Recorded block-done for octoS0SubroiZ15683136Y78409408X1097612544Difficultsoma_pred_affs/3734 with read ROI [656:2224, 5264:6832, 8144:9712] (1568, 1568, 1568) and write ROI [1152:1728, 5760:6336, 8640:9216] (576, 576, 576)
Recording block-done for octoS0SubroiZ15683136Y78409408X1097612544Difficultsoma_pred_affs/787 with read ROI [656:2224, 6416:7984, 80:1648] (1568, 1568, 1568) and write ROI [1152:1728, 6912:7488, 576:1152] (576, 576, 576)
Recorded block-done for octoS0SubroiZ15683136Y78409408X1097612544Difficultsoma_pred_affs/787 with read ROI [656:2224, 6416:7984, 80:1648] (1568, 1568, 1568) and write ROI [1152:1728, 6912:7488, 576:1152] (576, 576, 576)
Recording block-done for octoS0SubroiZ15683136Y78409408X1097612544Difficultsoma_pred_affs/4588 with read ROI [656:2224, 5840:7408, 8720:10288] (1568, 1568, 1568) and write ROI [1152:1728, 6336:6912, 9216:9792] (576, 576, 576)
Recorded block-done for octoS0SubroiZ15683136Y78409408X1097612544Difficultsoma_pred_affs/4588 with read ROI [656:2224, 5840:7408, 8720:10288] (1568, 1568, 1568) and write ROI [1152:1728, 6336:6912, 9216:9792] (576, 576, 576)
Recording block-done for octoS0SubroiZ15683136Y78409408X1097612544Difficultsoma_pred_affs/1423 with read ROI [656:2224, 5840:7408, 2960:4528] (1568, 1568, 1568) and write ROI [1152:1728, 6336:6912, 3456:4032] (576, 576, 576)
Recorded block-done for octoS0SubroiZ15683136Y78409408X1097612544Difficultsoma_pred_affs/1423 with read ROI [656:2224, 5840:7408, 2960:4528] (1568, 1568, 1568) and write ROI [1152:1728, 6336:6912, 3456:4032] (576, 576, 576)
Recording block-done for octoS0SubroiZ15683136Y78409408X1097612544Difficultsoma_pred_affs/1878 with read ROI [656:2224, 6416:7984, 3536:5104] (1568, 1568, 1568) and write ROI [1152:1728, 6912:7488, 4032:4608] (576, 576, 576)
Recorded block-done for octoS0SubroiZ15683136Y78409408X1097612544Difficultsoma_pred_affs/1878 with read ROI [656:2224, 6416:7984, 3536:5104] (1568, 1568, 1568) and write ROI [1152:1728, 6912:7488, 4032:4608] (576, 576, 576)
Recording block-done for octoS0SubroiZ15683136Y78409408X1097612544Difficultsoma_pred_affs/2131 with read ROI [656:2224, 6416:7984, 4112:5680] (1568, 1568, 1568) and write ROI [1152:1728, 6912:7488, 4608:5184] (576, 576, 576)
Recorded block-done for octoS0SubroiZ15683136Y78409408X1097612544Difficultsoma_pred_affs/2131 with read ROI [656:2224, 6416:7984, 4112:5680] (1568, 1568, 1568) and write ROI [1152:1728, 6912:7488, 4608:5184] (576, 576, 576)
Recording block-done for octoS0SubroiZ15683136Y78409408X1097612544Difficultsoma_pred_affs/4602 with read ROI [656:2224, 6416:7984, 8144:9712] (1568, 1568, 1568) and write ROI [1152:1728, 6912:7488, 8640:9216] (576, 576, 576)
Recorded block-done for octoS0SubroiZ15683136Y78409408X1097612544Difficultsoma_pred_affs/4602 with read ROI [656:2224, 6416:7984, 8144:9712] (1568, 1568, 1568) and write ROI [1152:1728, 6912:7488, 8640:9216] (576, 576, 576)
Recording block-done for octoS0SubroiZ15683136Y78409408X1097612544Difficultsoma_pred_affs/1452 with read ROI [656:2224, 6992:8560, 1808:3376] (1568, 1568, 1568) and write ROI [1152:1728, 7488:8064, 2304:2880] (576, 576, 576)
Recorded block-done for octoS0SubroiZ15683136Y78409408X1097612544Difficultsoma_pred_affs/1452 with read ROI [656:2224, 6992:8560, 1808:3376] (1568, 1568, 1568) and write ROI [1152:1728, 7488:8064, 2304:2880] (576, 576, 576)
Recording block-done for octoS0SubroiZ15683136Y78409408X1097612544Difficultsoma_pred_affs/1893 with read ROI [656:2224, 6992:8560, 2960:4528] (1568, 1568, 1568) and write ROI [1152:1728, 7488:8064, 3456:4032] (576, 576, 576)
Recorded block-done for octoS0SubroiZ15683136Y78409408X1097612544Difficultsoma_pred_affs/1893 with read ROI [656:2224, 6992:8560, 2960:4528] (1568, 1568, 1568) and write ROI [1152:1728, 7488:8064, 3456:4032] (576, 576, 576)
Recording block-done for octoS0SubroiZ15683136Y78409408X1097612544Difficultsoma_pred_affs/4182 with read ROI [656:2224, 6992:8560, 6992:8560] (1568, 1568, 1568) and write ROI [1152:1728, 7488:8064, 7488:8064] (576, 576, 576)
Recorded block-done for octoS0SubroiZ15683136Y78409408X1097612544Difficultsoma_pred_affs/4182 with read ROI [656:2224, 6992:8560, 6992:8560] (1568, 1568, 1568) and write ROI [1152:1728, 7488:8064, 7488:8064] (576, 576, 576)
Recording block-done for octoS0SubroiZ15683136Y78409408X1097612544Difficultsoma_pred_affs/2438 with read ROI [656:2224, 7568:9136, 3536:5104] (1568, 1568, 1568) and write ROI [1152:1728, 8064:8640, 4032:4608] (576, 576, 576)
Recorded block-done for octoS0SubroiZ15683136Y78409408X1097612544Difficultsoma_pred_affs/2438 with read ROI [656:2224, 7568:9136, 3536:5104] (1568, 1568, 1568) and write ROI [1152:1728, 8064:8640, 4032:4608] (576, 576, 576)
Recording block-done for octoS0SubroiZ15683136Y78409408X1097612544Difficultsoma_pred_affs/5594 with read ROI [656:2224, 7568:9136, 8144:9712] (1568, 1568, 1568) and write ROI [1152:1728, 8064:8640, 8640:9216] (576, 576, 576)
Recorded block-done for octoS0SubroiZ15683136Y78409408X1097612544Difficultsoma_pred_affs/5594 with read ROI [656:2224, 7568:9136, 8144:9712] (1568, 1568, 1568) and write ROI [1152:1728, 8064:8640, 8640:9216] (576, 576, 576)
Recording block-done for octoS0SubroiZ15683136Y78409408X1097612544Difficultsoma_pred_affs/1485 with read ROI [656:2224, 8144:9712, 656:2224] (1568, 1568, 1568) and write ROI [1152:1728, 8640:9216, 1152:1728] (576, 576, 576)
Recorded block-done for octoS0SubroiZ15683136Y78409408X1097612544Difficultsoma_pred_affs/1485 with read ROI [656:2224, 8144:9712, 656:2224] (1568, 1568, 1568) and write ROI [1152:1728, 8640:9216, 1152:1728] (576, 576, 576)
Recording block-done for octoS0SubroiZ15683136Y78409408X1097612544Difficultsoma_pred_affs/2179 with read ROI [656:2224, 8144:9712, 2384:3952] (1568, 1568, 1568) and write ROI [1152:1728, 8640:9216, 2880:3456] (576, 576, 576)
Recorded block-done for octoS0SubroiZ15683136Y78409408X1097612544Difficultsoma_pred_affs/2179 with read ROI [656:2224, 8144:9712, 2384:3952] (1568, 1568, 1568) and write ROI [1152:1728, 8640:9216, 2880:3456] (576, 576, 576)
Recording block-done for octoS0SubroiZ15683136Y78409408X1097612544Difficultsoma_pred_affs/2455 with read ROI [656:2224, 8144:9712, 2960:4528] (1568, 1568, 1568) and write ROI [1152:1728, 8640:9216, 3456:4032] (576, 576, 576)
Recorded block-done for octoS0SubroiZ15683136Y78409408X1097612544Difficultsoma_pred_affs/2455 with read ROI [656:2224, 8144:9712, 2960:4528] (1568, 1568, 1568) and write ROI [1152:1728, 8640:9216, 3456:4032] (576, 576, 576)
Recording block-done for octoS0SubroiZ15683136Y78409408X1097612544Difficultsoma_pred_affs/1503 with read ROI [656:2224, 8720:10288, 80:1648] (1568, 1568, 1568) and write ROI [1152:1728, 9216:9792, 576:1152] (576, 576, 576)
Recorded block-done for octoS0SubroiZ15683136Y78409408X1097612544Difficultsoma_pred_affs/1503 with read ROI [656:2224, 8720:10288, 80:1648] (1568, 1568, 1568) and write ROI [1152:1728, 9216:9792, 576:1152] (576, 576, 576)
Recording block-done for octoS0SubroiZ15683136Y78409408X1097612544Difficultsoma_pred_affs/4668 with read ROI [656:2224, 8720:10288, 5840:7408] (1568, 1568, 1568) and write ROI [1152:1728, 9216:9792, 6336:6912] (576, 576, 576)
Recorded block-done for octoS0SubroiZ15683136Y78409408X1097612544Difficultsoma_pred_affs/4668 with read ROI [656:2224, 8720:10288, 5840:7408] (1568, 1568, 1568) and write ROI [1152:1728, 9216:9792, 6336:6912] (576, 576, 576)
Recording block-done for octoS0SubroiZ15683136Y78409408X1097612544Difficultsoma_pred_affs/2773 with read ROI [656:2224, 8720:10288, 2960:4528] (1568, 1568, 1568) and write ROI [1152:1728, 9216:9792, 3456:4032] (576, 576, 576)
Recorded block-done for octoS0SubroiZ15683136Y78409408X1097612544Difficultsoma_pred_affs/2773 with read ROI [656:2224, 8720:10288, 2960:4528] (1568, 1568, 1568) and write ROI [1152:1728, 9216:9792, 3456:4032] (576, 576, 576)
Recording block-done for octoS0SubroiZ15683136Y78409408X1097612544Difficultsoma_pred_affs/3098 with read ROI [656:2224, 8720:10288, 3536:5104] (1568, 1568, 1568) and write ROI [1152:1728, 9216:9792, 4032:4608] (576, 576, 576)
Recorded block-done for octoS0SubroiZ15683136Y78409408X1097612544Difficultsoma_pred_affs/3098 with read ROI [656:2224, 8720:10288, 3536:5104] (1568, 1568, 1568) and write ROI [1152:1728, 9216:9792, 4032:4608] (576, 576, 576)
Recording block-done for octoS0SubroiZ15683136Y78409408X1097612544Difficultsoma_pred_affs/8609 with read ROI [656:2224, 8720:10288, 9872:11440] (1568, 1568, 1568) and write ROI [1152:1728, 9216:9792, 10368:10944] (576, 576, 576)
Recorded block-done for octoS0SubroiZ15683136Y78409408X1097612544Difficultsoma_pred_affs/8609 with read ROI [656:2224, 8720:10288, 9872:11440] (1568, 1568, 1568) and write ROI [1152:1728, 9216:9792, 10368:10944] (576, 576, 576)
Recording block-done for octoS0SubroiZ15683136Y78409408X1097612544Difficultsoma_pred_affs/3117 with read ROI [656:2224, 9296:10864, 2960:4528] (1568, 1568, 1568) and write ROI [1152:1728, 9792:10368, 3456:4032] (576, 576, 576)
Recorded block-done for octoS0SubroiZ15683136Y78409408X1097612544Difficultsoma_pred_affs/3117 with read ROI [656:2224, 9296:10864, 2960:4528] (1568, 1568, 1568) and write ROI [1152:1728, 9792:10368, 3456:4032] (576, 576, 576)
Recording block-done for octoS0SubroiZ15683136Y78409408X1097612544Difficultsoma_pred_affs/7962 with read ROI [656:2224, 9296:10864, 8720:10288] (1568, 1568, 1568) and write ROI [1152:1728, 9792:10368, 9216:9792] (576, 576, 576)
Recorded block-done for octoS0SubroiZ15683136Y78409408X1097612544Difficultsoma_pred_affs/7962 with read ROI [656:2224, 9296:10864, 8720:10288] (1568, 1568, 1568) and write ROI [1152:1728, 9792:10368, 9216:9792] (576, 576, 576)
Recording block-done for octoS0SubroiZ15683136Y78409408X1097612544Difficultsoma_pred_affs/9331 with read ROI [656:2224, 9296:10864, 9872:11440] (1568, 1568, 1568) and write ROI [1152:1728, 9792:10368, 10368:10944] (576, 576, 576)
Recorded block-done for octoS0SubroiZ15683136Y78409408X1097612544Difficultsoma_pred_affs/9331 with read ROI [656:2224, 9296:10864, 9872:11440] (1568, 1568, 1568) and write ROI [1152:1728, 9792:10368, 10368:10944] (576, 576, 576)
Recording block-done for octoS0SubroiZ15683136Y78409408X1097612544Difficultsoma_pred_affs/6176 with read ROI [656:2224, 9296:10864, 6992:8560] (1568, 1568, 1568) and write ROI [1152:1728, 9792:10368, 7488:8064] (576, 576, 576)
Recorded block-done for octoS0SubroiZ15683136Y78409408X1097612544Difficultsoma_pred_affs/6176 with read ROI [656:2224, 9296:10864, 6992:8560] (1568, 1568, 1568) and write ROI [1152:1728, 9792:10368, 7488:8064] (576, 576, 576)
Recording block-done for octoS0SubroiZ15683136Y78409408X1097612544Difficultsoma_pred_affs/10872 with read ROI [656:2224, 9872:11440, 10448:12016] (1568, 1568, 1568) and write ROI [1152:1728, 10368:10944, 10944:11520] (576, 576, 576)
Recorded block-done for octoS0SubroiZ15683136Y78409408X1097612544Difficultsoma_pred_affs/10872 with read ROI [656:2224, 9872:11440, 10448:12016] (1568, 1568, 1568) and write ROI [1152:1728, 10368:10944, 10944:11520] (576, 576, 576)
Recording block-done for octoS0SubroiZ15683136Y78409408X1097612544Difficultsoma_pred_affs/2533 with read ROI [656:2224, 10448:12016, 656:2224] (1568, 1568, 1568) and write ROI [1152:1728, 10944:11520, 1152:1728] (576, 576, 576)
Recorded block-done for octoS0SubroiZ15683136Y78409408X1097612544Difficultsoma_pred_affs/2533 with read ROI [656:2224, 10448:12016, 656:2224] (1568, 1568, 1568) and write ROI [1152:1728, 10944:11520, 1152:1728] (576, 576, 576)
Recording block-done for octoS0SubroiZ15683136Y78409408X1097612544Difficultsoma_pred_affs/2833 with read ROI [656:2224, 10448:12016, 1232:2800] (1568, 1568, 1568) and write ROI [1152:1728, 10944:11520, 1728:2304] (576, 576, 576)
Recorded block-done for octoS0SubroiZ15683136Y78409408X1097612544Difficultsoma_pred_affs/2833 with read ROI [656:2224, 10448:12016, 1232:2800] (1568, 1568, 1568) and write ROI [1152:1728, 10944:11520, 1728:2304] (576, 576, 576)
Recording block-done for octoS0SubroiZ15683136Y78409408X1097612544Difficultsoma_pred_affs/4293 with read ROI [656:2224, 10448:12016, 3536:5104] (1568, 1568, 1568) and write ROI [1152:1728, 10944:11520, 4032:4608] (576, 576, 576)
Recorded block-done for octoS0SubroiZ15683136Y78409408X1097612544Difficultsoma_pred_affs/4293 with read ROI [656:2224, 10448:12016, 3536:5104] (1568, 1568, 1568) and write ROI [1152:1728, 10944:11520, 4032:4608] (576, 576, 576)
Recording block-done for octoS0SubroiZ15683136Y78409408X1097612544Difficultsoma_pred_affs/6778 with read ROI [656:2224, 10448:12016, 6416:7984] (1568, 1568, 1568) and write ROI [1152:1728, 10944:11520, 6912:7488] (576, 576, 576)
Recorded block-done for octoS0SubroiZ15683136Y78409408X1097612544Difficultsoma_pred_affs/6778 with read ROI [656:2224, 10448:12016, 6416:7984] (1568, 1568, 1568) and write ROI [1152:1728, 10944:11520, 6912:7488] (576, 576, 576)
Recording block-done for octoS0SubroiZ15683136Y78409408X1097612544Difficultsoma_pred_affs/48 with read ROI [1232:2800, 80:1648, 80:1648] (1568, 1568, 1568) and write ROI [1728:2304, 576:1152, 576:1152] (576, 576, 576)
Recorded block-done for octoS0SubroiZ15683136Y78409408X1097612544Difficultsoma_pred_affs/48 with read ROI [1232:2800, 80:1648, 80:1648] (1568, 1568, 1568) and write ROI [1728:2304, 576:1152, 576:1152] (576, 576, 576)
Recording block-done for octoS0SubroiZ15683136Y78409408X1097612544Difficultsoma_pred_affs/377 with read ROI [1232:2800, 80:1648, 4112:5680] (1568, 1568, 1568) and write ROI [1728:2304, 576:1152, 4608:5184] (576, 576, 576)
Recorded block-done for octoS0SubroiZ15683136Y78409408X1097612544Difficultsoma_pred_affs/377 with read ROI [1232:2800, 80:1648, 4112:5680] (1568, 1568, 1568) and write ROI [1728:2304, 576:1152, 4608:5184] (576, 576, 576)
Recording block-done for octoS0SubroiZ15683136Y78409408X1097612544Difficultsoma_pred_affs/183 with read ROI [1232:2800, 656:2224, 1808:3376] (1568, 1568, 1568) and write ROI [1728:2304, 1152:1728, 2304:2880] (576, 576, 576)
Recorded block-done for octoS0SubroiZ15683136Y78409408X1097612544Difficultsoma_pred_affs/183 with read ROI [1232:2800, 656:2224, 1808:3376] (1568, 1568, 1568) and write ROI [1728:2304, 1152:1728, 2304:2880] (576, 576, 576)
Recording block-done for octoS0SubroiZ15683136Y78409408X1097612544Difficultsoma_pred_affs/1553 with read ROI [1232:2800, 80:1648, 8720:10288] (1568, 1568, 1568) and write ROI [1728:2304, 576:1152, 9216:9792] (576, 576, 576)
Recorded block-done for octoS0SubroiZ15683136Y78409408X1097612544Difficultsoma_pred_affs/1553 with read ROI [1232:2800, 80:1648, 8720:10288] (1568, 1568, 1568) and write ROI [1728:2304, 576:1152, 9216:9792] (576, 576, 576)
Recording block-done for octoS0SubroiZ15683136Y78409408X1097612544Difficultsoma_pred_affs/238 with read ROI [1232:2800, 656:2224, 2384:3952] (1568, 1568, 1568) and write ROI [1728:2304, 1152:1728, 2880:3456] (576, 576, 576)
Recorded block-done for octoS0SubroiZ15683136Y78409408X1097612544Difficultsoma_pred_affs/238 with read ROI [1232:2800, 656:2224, 2384:3952] (1568, 1568, 1568) and write ROI [1728:2304, 1152:1728, 2880:3456] (576, 576, 576)
Recording block-done for octoS0SubroiZ15683136Y78409408X1097612544Difficultsoma_pred_affs/987 with read ROI [1232:2800, 656:2224, 6416:7984] (1568, 1568, 1568) and write ROI [1728:2304, 1152:1728, 6912:7488] (576, 576, 576)
Recorded block-done for octoS0SubroiZ15683136Y78409408X1097612544Difficultsoma_pred_affs/987 with read ROI [1232:2800, 656:2224, 6416:7984] (1568, 1568, 1568) and write ROI [1728:2304, 1152:1728, 6912:7488] (576, 576, 576)
Recording block-done for octoS0SubroiZ15683136Y78409408X1097612544Difficultsoma_pred_affs/2318 with read ROI [1232:2800, 656:2224, 9872:11440] (1568, 1568, 1568) and write ROI [1728:2304, 1152:1728, 10368:10944] (576, 576, 576)
Recorded block-done for octoS0SubroiZ15683136Y78409408X1097612544Difficultsoma_pred_affs/2318 with read ROI [1232:2800, 656:2224, 9872:11440] (1568, 1568, 1568) and write ROI [1728:2304, 1152:1728, 10368:10944] (576, 576, 576)
Recording block-done for octoS0SubroiZ15683136Y78409408X1097612544Difficultsoma_pred_affs/382 with read ROI [1232:2800, 656:2224, 3536:5104] (1568, 1568, 1568) and write ROI [1728:2304, 1152:1728, 4032:4608] (576, 576, 576)
Recorded block-done for octoS0SubroiZ15683136Y78409408X1097612544Difficultsoma_pred_affs/382 with read ROI [1232:2800, 656:2224, 3536:5104] (1568, 1568, 1568) and write ROI [1728:2304, 1152:1728, 4032:4608] (576, 576, 576)
Recording block-done for octoS0SubroiZ15683136Y78409408X1097612544Difficultsoma_pred_affs/388 with read ROI [1232:2800, 1232:2800, 2960:4528] (1568, 1568, 1568) and write ROI [1728:2304, 1728:2304, 3456:4032] (576, 576, 576)
Recorded block-done for octoS0SubroiZ15683136Y78409408X1097612544Difficultsoma_pred_affs/388 with read ROI [1232:2800, 1232:2800, 2960:4528] (1568, 1568, 1568) and write ROI [1728:2304, 1728:2304, 3456:4032] (576, 576, 576)
Recording block-done for octoS0SubroiZ15683136Y78409408X1097612544Difficultsoma_pred_affs/1354 with read ROI [1232:2800, 1232:2800, 6992:8560] (1568, 1568, 1568) and write ROI [1728:2304, 1728:2304, 7488:8064] (576, 576, 576)
Recorded block-done for octoS0SubroiZ15683136Y78409408X1097612544Difficultsoma_pred_affs/1354 with read ROI [1232:2800, 1232:2800, 6992:8560] (1568, 1568, 1568) and write ROI [1728:2304, 1728:2304, 7488:8064] (576, 576, 576)
Recording block-done for octoS0SubroiZ15683136Y78409408X1097612544Difficultsoma_pred_affs/395 with read ROI [1232:2800, 1808:3376, 2384:3952] (1568, 1568, 1568) and write ROI [1728:2304, 2304:2880, 2880:3456] (576, 576, 576)
Recorded block-done for octoS0SubroiZ15683136Y78409408X1097612544Difficultsoma_pred_affs/395 with read ROI [1232:2800, 1808:3376, 2384:3952] (1568, 1568, 1568) and write ROI [1728:2304, 2304:2880, 2880:3456] (576, 576, 576)
Recording block-done for octoS0SubroiZ15683136Y78409408X1097612544Difficultsoma_pred_affs/403 with read ROI [1232:2800, 2384:3952, 1808:3376] (1568, 1568, 1568) and write ROI [1728:2304, 2880:3456, 2304:2880] (576, 576, 576)
Recorded block-done for octoS0SubroiZ15683136Y78409408X1097612544Difficultsoma_pred_affs/403 with read ROI [1232:2800, 2384:3952, 1808:3376] (1568, 1568, 1568) and write ROI [1728:2304, 2880:3456, 2304:2880] (576, 576, 576)
Recording block-done for octoS0SubroiZ15683136Y78409408X1097612544Difficultsoma_pred_affs/1571 with read ROI [1232:2800, 1808:3376, 6992:8560] (1568, 1568, 1568) and write ROI [1728:2304, 2304:2880, 7488:8064] (576, 576, 576)
Recorded block-done for octoS0SubroiZ15683136Y78409408X1097612544Difficultsoma_pred_affs/1571 with read ROI [1232:2800, 1808:3376, 6992:8560] (1568, 1568, 1568) and write ROI [1728:2304, 2304:2880, 7488:8064] (576, 576, 576)
Recording block-done for octoS0SubroiZ15683136Y78409408X1097612544Difficultsoma_pred_affs/591 with read ROI [1232:2800, 1808:3376, 3536:5104] (1568, 1568, 1568) and write ROI [1728:2304, 2304:2880, 4032:4608] (576, 576, 576)
Recorded block-done for octoS0SubroiZ15683136Y78409408X1097612544Difficultsoma_pred_affs/591 with read ROI [1232:2800, 1808:3376, 3536:5104] (1568, 1568, 1568) and write ROI [1728:2304, 2304:2880, 4032:4608] (576, 576, 576)
Recording block-done for octoS0SubroiZ15683136Y78409408X1097612544Difficultsoma_pred_affs/2639 with read ROI [1232:2800, 2384:3952, 8720:10288] (1568, 1568, 1568) and write ROI [1728:2304, 2880:3456, 9216:9792] (576, 576, 576)
Recorded block-done for octoS0SubroiZ15683136Y78409408X1097612544Difficultsoma_pred_affs/2639 with read ROI [1232:2800, 2384:3952, 8720:10288] (1568, 1568, 1568) and write ROI [1728:2304, 2880:3456, 9216:9792] (576, 576, 576)
Recording block-done for octoS0SubroiZ15683136Y78409408X1097612544Difficultsoma_pred_affs/2339 with read ROI [1232:2800, 2384:3952, 8144:9712] (1568, 1568, 1568) and write ROI [1728:2304, 2880:3456, 8640:9216] (576, 576, 576)
Recorded block-done for octoS0SubroiZ15683136Y78409408X1097612544Difficultsoma_pred_affs/2339 with read ROI [1232:2800, 2384:3952, 8144:9712] (1568, 1568, 1568) and write ROI [1728:2304, 2880:3456, 8640:9216] (576, 576, 576)
Recording block-done for octoS0SubroiZ15683136Y78409408X1097612544Difficultsoma_pred_affs/1819 with read ROI [1232:2800, 2960:4528, 6416:7984] (1568, 1568, 1568) and write ROI [1728:2304, 3456:4032, 6912:7488] (576, 576, 576)
Recorded block-done for octoS0SubroiZ15683136Y78409408X1097612544Difficultsoma_pred_affs/1819 with read ROI [1232:2800, 2960:4528, 6416:7984] (1568, 1568, 1568) and write ROI [1728:2304, 3456:4032, 6912:7488] (576, 576, 576)
Recording block-done for octoS0SubroiZ15683136Y78409408X1097612544Difficultsoma_pred_affs/503 with read ROI [1232:2800, 2960:4528, 1808:3376] (1568, 1568, 1568) and write ROI [1728:2304, 3456:4032, 2304:2880] (576, 576, 576)
Recorded block-done for octoS0SubroiZ15683136Y78409408X1097612544Difficultsoma_pred_affs/503 with read ROI [1232:2800, 2960:4528, 1808:3376] (1568, 1568, 1568) and write ROI [1728:2304, 3456:4032, 2304:2880] (576, 576, 576)
Recording block-done for octoS0SubroiZ15683136Y78409408X1097612544Difficultsoma_pred_affs/864 with read ROI [1232:2800, 2960:4528, 3536:5104] (1568, 1568, 1568) and write ROI [1728:2304, 3456:4032, 4032:4608] (576, 576, 576)
Recorded block-done for octoS0SubroiZ15683136Y78409408X1097612544Difficultsoma_pred_affs/864 with read ROI [1232:2800, 2960:4528, 3536:5104] (1568, 1568, 1568) and write ROI [1728:2304, 3456:4032, 4032:4608] (576, 576, 576)
Recording block-done for octoS0SubroiZ15683136Y78409408X1097612544Difficultsoma_pred_affs/422 with read ROI [1232:2800, 3536:5104, 656:2224] (1568, 1568, 1568) and write ROI [1728:2304, 4032:4608, 1152:1728] (576, 576, 576)
Recorded block-done for octoS0SubroiZ15683136Y78409408X1097612544Difficultsoma_pred_affs/422 with read ROI [1232:2800, 3536:5104, 656:2224] (1568, 1568, 1568) and write ROI [1728:2304, 4032:4608, 1152:1728] (576, 576, 576)
Recording block-done for octoS0SubroiZ15683136Y78409408X1097612544Difficultsoma_pred_affs/1038 with read ROI [1232:2800, 4112:5680, 2960:4528] (1568, 1568, 1568) and write ROI [1728:2304, 4608:5184, 3456:4032] (576, 576, 576)
Recorded block-done for octoS0SubroiZ15683136Y78409408X1097612544Difficultsoma_pred_affs/1038 with read ROI [1232:2800, 4112:5680, 2960:4528] (1568, 1568, 1568) and write ROI [1728:2304, 4608:5184, 3456:4032] (576, 576, 576)
Recording block-done for octoS0SubroiZ15683136Y78409408X1097612544Difficultsoma_pred_affs/2369 with read ROI [1232:2800, 4112:5680, 6416:7984] (1568, 1568, 1568) and write ROI [1728:2304, 4608:5184, 6912:7488] (576, 576, 576)
Recorded block-done for octoS0SubroiZ15683136Y78409408X1097612544Difficultsoma_pred_affs/2369 with read ROI [1232:2800, 4112:5680, 6416:7984] (1568, 1568, 1568) and write ROI [1728:2304, 4608:5184, 6912:7488] (576, 576, 576)
Recording block-done for octoS0SubroiZ15683136Y78409408X1097612544Difficultsoma_pred_affs/2093 with read ROI [1232:2800, 4112:5680, 5840:7408] (1568, 1568, 1568) and write ROI [1728:2304, 4608:5184, 6336:6912] (576, 576, 576)
Recorded block-done for octoS0SubroiZ15683136Y78409408X1097612544Difficultsoma_pred_affs/2093 with read ROI [1232:2800, 4112:5680, 5840:7408] (1568, 1568, 1568) and write ROI [1728:2304, 4608:5184, 6336:6912] (576, 576, 576)
Recording block-done for octoS0SubroiZ15683136Y78409408X1097612544Difficultsoma_pred_affs/1198 with read ROI [1232:2800, 3536:5104, 4112:5680] (1568, 1568, 1568) and write ROI [1728:2304, 4032:4608, 4608:5184] (576, 576, 576)
Recorded block-done for octoS0SubroiZ15683136Y78409408X1097612544Difficultsoma_pred_affs/1198 with read ROI [1232:2800, 3536:5104, 4112:5680] (1568, 1568, 1568) and write ROI [1728:2304, 4032:4608, 4608:5184] (576, 576, 576)
Recording block-done for octoS0SubroiZ15683136Y78409408X1097612544Difficultsoma_pred_affs/2658 with read ROI [1232:2800, 3536:5104, 7568:9136] (1568, 1568, 1568) and write ROI [1728:2304, 4032:4608, 8064:8640] (576, 576, 576)
Recorded block-done for octoS0SubroiZ15683136Y78409408X1097612544Difficultsoma_pred_affs/2658 with read ROI [1232:2800, 3536:5104, 7568:9136] (1568, 1568, 1568) and write ROI [1728:2304, 4032:4608, 8064:8640] (576, 576, 576)
Recording block-done for octoS0SubroiZ15683136Y78409408X1097612544Difficultsoma_pred_affs/5041 with read ROI [1232:2800, 4688:6256, 9872:11440] (1568, 1568, 1568) and write ROI [1728:2304, 5184:5760, 10368:10944] (576, 576, 576)
Recorded block-done for octoS0SubroiZ15683136Y78409408X1097612544Difficultsoma_pred_affs/5041 with read ROI [1232:2800, 4688:6256, 9872:11440] (1568, 1568, 1568) and write ROI [1728:2304, 5184:5760, 10368:10944] (576, 576, 576)
Recording block-done for octoS0SubroiZ15683136Y78409408X1097612544Difficultsoma_pred_affs/641 with read ROI [1232:2800, 4688:6256, 656:2224] (1568, 1568, 1568) and write ROI [1728:2304, 5184:5760, 1152:1728] (576, 576, 576)
Recorded block-done for octoS0SubroiZ15683136Y78409408X1097612544Difficultsoma_pred_affs/641 with read ROI [1232:2800, 4688:6256, 656:2224] (1568, 1568, 1568) and write ROI [1728:2304, 5184:5760, 1152:1728] (576, 576, 576)
Recording block-done for octoS0SubroiZ15683136Y78409408X1097612544Difficultsoma_pred_affs/1621 with read ROI [1232:2800, 4688:6256, 4112:5680] (1568, 1568, 1568) and write ROI [1728:2304, 5184:5760, 4608:5184] (576, 576, 576)
Recorded block-done for octoS0SubroiZ15683136Y78409408X1097612544Difficultsoma_pred_affs/1621 with read ROI [1232:2800, 4688:6256, 4112:5680] (1568, 1568, 1568) and write ROI [1728:2304, 5184:5760, 4608:5184] (576, 576, 576)
Recording block-done for octoS0SubroiZ15683136Y78409408X1097612544Difficultsoma_pred_affs/2681 with read ROI [1232:2800, 4688:6256, 6416:7984] (1568, 1568, 1568) and write ROI [1728:2304, 5184:5760, 6912:7488] (576, 576, 576)
Recorded block-done for octoS0SubroiZ15683136Y78409408X1097612544Difficultsoma_pred_affs/2681 with read ROI [1232:2800, 4688:6256, 6416:7984] (1568, 1568, 1568) and write ROI [1728:2304, 5184:5760, 6912:7488] (576, 576, 576)
Recording block-done for octoS0SubroiZ15683136Y78409408X1097612544Difficultsoma_pred_affs/3357 with read ROI [1232:2800, 4688:6256, 7568:9136] (1568, 1568, 1568) and write ROI [1728:2304, 5184:5760, 8064:8640] (576, 576, 576)
Recorded block-done for octoS0SubroiZ15683136Y78409408X1097612544Difficultsoma_pred_affs/3357 with read ROI [1232:2800, 4688:6256, 7568:9136] (1568, 1568, 1568) and write ROI [1728:2304, 5184:5760, 8064:8640] (576, 576, 576)
Recording block-done for octoS0SubroiZ15683136Y78409408X1097612544Difficultsoma_pred_affs/2394 with read ROI [1232:2800, 5264:6832, 5264:6832] (1568, 1568, 1568) and write ROI [1728:2304, 5760:6336, 5760:6336] (576, 576, 576)
Recorded block-done for octoS0SubroiZ15683136Y78409408X1097612544Difficultsoma_pred_affs/2394 with read ROI [1232:2800, 5264:6832, 5264:6832] (1568, 1568, 1568) and write ROI [1728:2304, 5760:6336, 5760:6336] (576, 576, 576)
Recording block-done for octoS0SubroiZ15683136Y78409408X1097612544Difficultsoma_pred_affs/4589 with read ROI [1232:2800, 5264:6832, 8720:10288] (1568, 1568, 1568) and write ROI [1728:2304, 5760:6336, 9216:9792] (576, 576, 576)
Recorded block-done for octoS0SubroiZ15683136Y78409408X1097612544Difficultsoma_pred_affs/4589 with read ROI [1232:2800, 5264:6832, 8720:10288] (1568, 1568, 1568) and write ROI [1728:2304, 5760:6336, 9216:9792] (576, 576, 576)
Recording block-done for octoS0SubroiZ15683136Y78409408X1097612544Difficultsoma_pred_affs/6078 with read ROI [1232:2800, 5264:6832, 10448:12016] (1568, 1568, 1568) and write ROI [1728:2304, 5760:6336, 10944:11520] (576, 576, 576)
Recorded block-done for octoS0SubroiZ15683136Y78409408X1097612544Difficultsoma_pred_affs/6078 with read ROI [1232:2800, 5264:6832, 10448:12016] (1568, 1568, 1568) and write ROI [1728:2304, 5760:6336, 10944:11520] (576, 576, 576)
Recording block-done for octoS0SubroiZ15683136Y78409408X1097612544Difficultsoma_pred_affs/3384 with read ROI [1232:2800, 5840:7408, 6416:7984] (1568, 1568, 1568) and write ROI [1728:2304, 6336:6912, 6912:7488] (576, 576, 576)
Recorded block-done for octoS0SubroiZ15683136Y78409408X1097612544Difficultsoma_pred_affs/3384 with read ROI [1232:2800, 5840:7408, 6416:7984] (1568, 1568, 1568) and write ROI [1728:2304, 6336:6912, 6912:7488] (576, 576, 576)
Recording block-done for octoS0SubroiZ15683136Y78409408X1097612544Difficultsoma_pred_affs/1879 with read ROI [1232:2800, 5840:7408, 3536:5104] (1568, 1568, 1568) and write ROI [1728:2304, 6336:6912, 4032:4608] (576, 576, 576)
Recorded block-done for octoS0SubroiZ15683136Y78409408X1097612544Difficultsoma_pred_affs/1879 with read ROI [1232:2800, 5840:7408, 3536:5104] (1568, 1568, 1568) and write ROI [1728:2304, 6336:6912, 4032:4608] (576, 576, 576)
Recording block-done for octoS0SubroiZ15683136Y78409408X1097612544Difficultsoma_pred_affs/6653 with read ROI [1232:2800, 5840:7408, 10448:12016] (1568, 1568, 1568) and write ROI [1728:2304, 6336:6912, 10944:11520] (576, 576, 576)
Recorded block-done for octoS0SubroiZ15683136Y78409408X1097612544Difficultsoma_pred_affs/6653 with read ROI [1232:2800, 5840:7408, 10448:12016] (1568, 1568, 1568) and write ROI [1728:2304, 6336:6912, 10944:11520] (576, 576, 576)
Recording block-done for octoS0SubroiZ15683136Y78409408X1097612544Difficultsoma_pred_affs/1663 with read ROI [1232:2800, 6416:7984, 2384:3952] (1568, 1568, 1568) and write ROI [1728:2304, 6912:7488, 2880:3456] (576, 576, 576)
Recorded block-done for octoS0SubroiZ15683136Y78409408X1097612544Difficultsoma_pred_affs/1663 with read ROI [1232:2800, 6416:7984, 2384:3952] (1568, 1568, 1568) and write ROI [1728:2304, 6912:7488, 2880:3456] (576, 576, 576)
Recording block-done for octoS0SubroiZ15683136Y78409408X1097612544Difficultsoma_pred_affs/2723 with read ROI [1232:2800, 6416:7984, 4688:6256] (1568, 1568, 1568) and write ROI [1728:2304, 6912:7488, 5184:5760] (576, 576, 576)
Recorded block-done for octoS0SubroiZ15683136Y78409408X1097612544Difficultsoma_pred_affs/2723 with read ROI [1232:2800, 6416:7984, 4688:6256] (1568, 1568, 1568) and write ROI [1728:2304, 6912:7488, 5184:5760] (576, 576, 576)
Recording block-done for octoS0SubroiZ15683136Y78409408X1097612544Difficultsoma_pred_affs/6668 with read ROI [1232:2800, 6416:7984, 9872:11440] (1568, 1568, 1568) and write ROI [1728:2304, 6912:7488, 10368:10944] (576, 576, 576)
Recorded block-done for octoS0SubroiZ15683136Y78409408X1097612544Difficultsoma_pred_affs/6668 with read ROI [1232:2800, 6416:7984, 9872:11440] (1568, 1568, 1568) and write ROI [1728:2304, 6912:7488, 10368:10944] (576, 576, 576)
Recording block-done for octoS0SubroiZ15683136Y78409408X1097612544Difficultsoma_pred_affs/1279 with read ROI [1232:2800, 6992:8560, 656:2224] (1568, 1568, 1568) and write ROI [1728:2304, 7488:8064, 1152:1728] (576, 576, 576)
Recorded block-done for octoS0SubroiZ15683136Y78409408X1097612544Difficultsoma_pred_affs/1279 with read ROI [1232:2800, 6992:8560, 656:2224] (1568, 1568, 1568) and write ROI [1728:2304, 7488:8064, 1152:1728] (576, 576, 576)
Recording block-done for octoS0SubroiZ15683136Y78409408X1097612544Difficultsoma_pred_affs/3415 with read ROI [1232:2800, 6992:8560, 5264:6832] (1568, 1568, 1568) and write ROI [1728:2304, 7488:8064, 5760:6336] (576, 576, 576)
Recorded block-done for octoS0SubroiZ15683136Y78409408X1097612544Difficultsoma_pred_affs/3415 with read ROI [1232:2800, 6992:8560, 5264:6832] (1568, 1568, 1568) and write ROI [1728:2304, 7488:8064, 5760:6336] (576, 576, 576)
Recording block-done for octoS0SubroiZ15683136Y78409408X1097612544Difficultsoma_pred_affs/4199 with read ROI [1232:2800, 6992:8560, 6416:7984] (1568, 1568, 1568) and write ROI [1728:2304, 7488:8064, 6912:7488] (576, 576, 576)
Recorded block-done for octoS0SubroiZ15683136Y78409408X1097612544Difficultsoma_pred_affs/4199 with read ROI [1232:2800, 6992:8560, 6416:7984] (1568, 1568, 1568) and write ROI [1728:2304, 7488:8064, 6912:7488] (576, 576, 576)
Recording block-done for octoS0SubroiZ15683136Y78409408X1097612544Difficultsoma_pred_affs/7279 with read ROI [1232:2800, 6992:8560, 9872:11440] (1568, 1568, 1568) and write ROI [1728:2304, 7488:8064, 10368:10944] (576, 576, 576)
Recorded block-done for octoS0SubroiZ15683136Y78409408X1097612544Difficultsoma_pred_affs/7279 with read ROI [1232:2800, 6992:8560, 9872:11440] (1568, 1568, 1568) and write ROI [1728:2304, 7488:8064, 10368:10944] (576, 576, 576)
Recording block-done for octoS0SubroiZ15683136Y78409408X1097612544Difficultsoma_pred_affs/7296 with read ROI [1232:2800, 7568:9136, 9296:10864] (1568, 1568, 1568) and write ROI [1728:2304, 8064:8640, 9792:10368] (576, 576, 576)
Recorded block-done for octoS0SubroiZ15683136Y78409408X1097612544Difficultsoma_pred_affs/7296 with read ROI [1232:2800, 7568:9136, 9296:10864] (1568, 1568, 1568) and write ROI [1728:2304, 8064:8640, 9792:10368] (576, 576, 576)
Recording block-done for octoS0SubroiZ15683136Y78409408X1097612544Difficultsoma_pred_affs/2756 with read ROI [1232:2800, 7568:9136, 3536:5104] (1568, 1568, 1568) and write ROI [1728:2304, 8064:8640, 4032:4608] (576, 576, 576)
Recorded block-done for octoS0SubroiZ15683136Y78409408X1097612544Difficultsoma_pred_affs/2756 with read ROI [1232:2800, 7568:9136, 3536:5104] (1568, 1568, 1568) and write ROI [1728:2304, 8064:8640, 4032:4608] (576, 576, 576)
Recording block-done for octoS0SubroiZ15683136Y78409408X1097612544Difficultsoma_pred_affs/5099 with read ROI [1232:2800, 6992:8560, 7568:9136] (1568, 1568, 1568) and write ROI [1728:2304, 7488:8064, 8064:8640] (576, 576, 576)
Recorded block-done for octoS0SubroiZ15683136Y78409408X1097612544Difficultsoma_pred_affs/5099 with read ROI [1232:2800, 6992:8560, 7568:9136] (1568, 1568, 1568) and write ROI [1728:2304, 7488:8064, 8064:8640] (576, 576, 576)
Recording block-done for octoS0SubroiZ15683136Y78409408X1097612544Difficultsoma_pred_affs/8592 with read ROI [1232:2800, 7568:9136, 10448:12016] (1568, 1568, 1568) and write ROI [1728:2304, 8064:8640, 10944:11520] (576, 576, 576)
Recorded block-done for octoS0SubroiZ15683136Y78409408X1097612544Difficultsoma_pred_affs/8592 with read ROI [1232:2800, 7568:9136, 10448:12016] (1568, 1568, 1568) and write ROI [1728:2304, 8064:8640, 10944:11520] (576, 576, 576)
Recording block-done for octoS0SubroiZ15683136Y78409408X1097612544Difficultsoma_pred_affs/6140 with read ROI [1232:2800, 7568:9136, 8144:9712] (1568, 1568, 1568) and write ROI [1728:2304, 8064:8640, 8640:9216] (576, 576, 576)
Recorded block-done for octoS0SubroiZ15683136Y78409408X1097612544Difficultsoma_pred_affs/6140 with read ROI [1232:2800, 7568:9136, 8144:9712] (1568, 1568, 1568) and write ROI [1728:2304, 8064:8640, 8640:9216] (576, 576, 576)
Recording block-done for octoS0SubroiZ15683136Y78409408X1097612544Difficultsoma_pred_affs/7314 with read ROI [1232:2800, 8144:9712, 8720:10288] (1568, 1568, 1568) and write ROI [1728:2304, 8640:9216, 9216:9792] (576, 576, 576)
Recorded block-done for octoS0SubroiZ15683136Y78409408X1097612544Difficultsoma_pred_affs/7314 with read ROI [1232:2800, 8144:9712, 8720:10288] (1568, 1568, 1568) and write ROI [1728:2304, 8640:9216, 9216:9792] (576, 576, 576)
Recording block-done for octoS0SubroiZ15683136Y78409408X1097612544Difficultsoma_pred_affs/4253 with read ROI [1232:2800, 8720:10288, 4688:6256] (1568, 1568, 1568) and write ROI [1728:2304, 9216:9792, 5184:5760] (576, 576, 576)
Recorded block-done for octoS0SubroiZ15683136Y78409408X1097612544Difficultsoma_pred_affs/4253 with read ROI [1232:2800, 8720:10288, 4688:6256] (1568, 1568, 1568) and write ROI [1728:2304, 9216:9792, 5184:5760] (576, 576, 576)
Recording block-done for octoS0SubroiZ15683136Y78409408X1097612544Difficultsoma_pred_affs/3118 with read ROI [1232:2800, 8720:10288, 2960:4528] (1568, 1568, 1568) and write ROI [1728:2304, 9216:9792, 3456:4032] (576, 576, 576)
Recorded block-done for octoS0SubroiZ15683136Y78409408X1097612544Difficultsoma_pred_affs/3118 with read ROI [1232:2800, 8720:10288, 2960:4528] (1568, 1568, 1568) and write ROI [1728:2304, 9216:9792, 3456:4032] (576, 576, 576)
Recording block-done for octoS0SubroiZ15683136Y78409408X1097612544Difficultsoma_pred_affs/6738 with read ROI [1232:2800, 8720:10288, 7568:9136] (1568, 1568, 1568) and write ROI [1728:2304, 9216:9792, 8064:8640] (576, 576, 576)
Recorded block-done for octoS0SubroiZ15683136Y78409408X1097612544Difficultsoma_pred_affs/6738 with read ROI [1232:2800, 8720:10288, 7568:9136] (1568, 1568, 1568) and write ROI [1728:2304, 9216:9792, 8064:8640] (576, 576, 576)
Recording block-done for octoS0SubroiZ15683136Y78409408X1097612544Difficultsoma_pred_affs/4273 with read ROI [1232:2800, 9296:10864, 4112:5680] (1568, 1568, 1568) and write ROI [1728:2304, 9792:10368, 4608:5184] (576, 576, 576)
Recorded block-done for octoS0SubroiZ15683136Y78409408X1097612544Difficultsoma_pred_affs/4273 with read ROI [1232:2800, 9296:10864, 4112:5680] (1568, 1568, 1568) and write ROI [1728:2304, 9792:10368, 4608:5184] (576, 576, 576)
Recording block-done for octoS0SubroiZ15683136Y78409408X1097612544Difficultsoma_pred_affs/5669 with read ROI [1232:2800, 9296:10864, 5840:7408] (1568, 1568, 1568) and write ROI [1728:2304, 9792:10368, 6336:6912] (576, 576, 576)
Recorded block-done for octoS0SubroiZ15683136Y78409408X1097612544Difficultsoma_pred_affs/5669 with read ROI [1232:2800, 9296:10864, 5840:7408] (1568, 1568, 1568) and write ROI [1728:2304, 9792:10368, 6336:6912] (576, 576, 576)
Recording block-done for octoS0SubroiZ15683136Y78409408X1097612544Difficultsoma_pred_affs/8649 with read ROI [1232:2800, 9296:10864, 8720:10288] (1568, 1568, 1568) and write ROI [1728:2304, 9792:10368, 9216:9792] (576, 576, 576)
Recorded block-done for octoS0SubroiZ15683136Y78409408X1097612544Difficultsoma_pred_affs/8649 with read ROI [1232:2800, 9296:10864, 8720:10288] (1568, 1568, 1568) and write ROI [1728:2304, 9792:10368, 9216:9792] (576, 576, 576)
Recording block-done for octoS0SubroiZ15683136Y78409408X1097612544Difficultsoma_pred_affs/9352 with read ROI [1232:2800, 9296:10864, 9296:10864] (1568, 1568, 1568) and write ROI [1728:2304, 9792:10368, 9792:10368] (576, 576, 576)
Recorded block-done for octoS0SubroiZ15683136Y78409408X1097612544Difficultsoma_pred_affs/9352 with read ROI [1232:2800, 9296:10864, 9296:10864] (1568, 1568, 1568) and write ROI [1728:2304, 9792:10368, 9792:10368] (576, 576, 576)
Recording block-done for octoS0SubroiZ15683136Y78409408X1097612544Difficultsoma_pred_affs/5194 with read ROI [1232:2800, 9872:11440, 4688:6256] (1568, 1568, 1568) and write ROI [1728:2304, 10368:10944, 5184:5760] (576, 576, 576)
Recorded block-done for octoS0SubroiZ15683136Y78409408X1097612544Difficultsoma_pred_affs/5194 with read ROI [1232:2800, 9872:11440, 4688:6256] (1568, 1568, 1568) and write ROI [1728:2304, 10368:10944, 5184:5760] (576, 576, 576)
Recording block-done for octoS0SubroiZ15683136Y78409408X1097612544Difficultsoma_pred_affs/11714 with read ROI [1232:2800, 9872:11440, 10448:12016] (1568, 1568, 1568) and write ROI [1728:2304, 10368:10944, 10944:11520] (576, 576, 576)
Recorded block-done for octoS0SubroiZ15683136Y78409408X1097612544Difficultsoma_pred_affs/11714 with read ROI [1232:2800, 9872:11440, 10448:12016] (1568, 1568, 1568) and write ROI [1728:2304, 10368:10944, 10944:11520] (576, 576, 576)
Recording block-done for octoS0SubroiZ15683136Y78409408X1097612544Difficultsoma_pred_affs/10894 with read ROI [1232:2800, 9872:11440, 9872:11440] (1568, 1568, 1568) and write ROI [1728:2304, 10368:10944, 10368:10944] (576, 576, 576)
Recorded block-done for octoS0SubroiZ15683136Y78409408X1097612544Difficultsoma_pred_affs/10894 with read ROI [1232:2800, 9872:11440, 9872:11440] (1568, 1568, 1568) and write ROI [1728:2304, 10368:10944, 10368:10944] (576, 576, 576)
Recording block-done for octoS0SubroiZ15683136Y78409408X1097612544Difficultsoma_pred_affs/9373 with read ROI [1232:2800, 9872:11440, 8720:10288] (1568, 1568, 1568) and write ROI [1728:2304, 10368:10944, 9216:9792] (576, 576, 576)
Recorded block-done for octoS0SubroiZ15683136Y78409408X1097612544Difficultsoma_pred_affs/9373 with read ROI [1232:2800, 9872:11440, 8720:10288] (1568, 1568, 1568) and write ROI [1728:2304, 10368:10944, 9216:9792] (576, 576, 576)
Recording block-done for octoS0SubroiZ15683136Y78409408X1097612544Difficultsoma_pred_affs/10136 with read ROI [1232:2800, 10448:12016, 8720:10288] (1568, 1568, 1568) and write ROI [1728:2304, 10944:11520, 9216:9792] (576, 576, 576)
Recorded block-done for octoS0SubroiZ15683136Y78409408X1097612544Difficultsoma_pred_affs/10136 with read ROI [1232:2800, 10448:12016, 8720:10288] (1568, 1568, 1568) and write ROI [1728:2304, 10944:11520, 9216:9792] (576, 576, 576)
Recording block-done for octoS0SubroiZ15683136Y78409408X1097612544Difficultsoma_pred_affs/75 with read ROI [1808:3376, 80:1648, 80:1648] (1568, 1568, 1568) and write ROI [2304:2880, 576:1152, 576:1152] (576, 576, 576)
Recorded block-done for octoS0SubroiZ15683136Y78409408X1097612544Difficultsoma_pred_affs/75 with read ROI [1808:3376, 80:1648, 80:1648] (1568, 1568, 1568) and write ROI [2304:2880, 576:1152, 576:1152] (576, 576, 576)
Recording block-done for octoS0SubroiZ15683136Y78409408X1097612544Difficultsoma_pred_affs/139 with read ROI [1808:3376, 80:1648, 1232:2800] (1568, 1568, 1568) and write ROI [2304:2880, 576:1152, 1728:2304] (576, 576, 576)
Recorded block-done for octoS0SubroiZ15683136Y78409408X1097612544Difficultsoma_pred_affs/139 with read ROI [1808:3376, 80:1648, 1232:2800] (1568, 1568, 1568) and write ROI [2304:2880, 576:1152, 1728:2304] (576, 576, 576)
Recording block-done for octoS0SubroiZ15683136Y78409408X1097612544Difficultsoma_pred_affs/145 with read ROI [1808:3376, 656:2224, 656:2224] (1568, 1568, 1568) and write ROI [2304:2880, 1152:1728, 1152:1728] (576, 576, 576)
Recorded block-done for octoS0SubroiZ15683136Y78409408X1097612544Difficultsoma_pred_affs/145 with read ROI [1808:3376, 656:2224, 656:2224] (1568, 1568, 1568) and write ROI [2304:2880, 1152:1728, 1152:1728] (576, 576, 576)
Recording block-done for octoS0SubroiZ15683136Y78409408X1097612544Difficultsoma_pred_affs/184 with read ROI [1808:3376, 80:1648, 1808:3376] (1568, 1568, 1568) and write ROI [2304:2880, 576:1152, 2304:2880] (576, 576, 576)
Recorded block-done for octoS0SubroiZ15683136Y78409408X1097612544Difficultsoma_pred_affs/184 with read ROI [1808:3376, 80:1648, 1808:3376] (1568, 1568, 1568) and write ROI [2304:2880, 576:1152, 2304:2880] (576, 576, 576)
Recording block-done for octoS0SubroiZ15683136Y78409408X1097612544Difficultsoma_pred_affs/474 with read ROI [1808:3376, 80:1648, 4112:5680] (1568, 1568, 1568) and write ROI [2304:2880, 576:1152, 4608:5184] (576, 576, 576)
Recorded block-done for octoS0SubroiZ15683136Y78409408X1097612544Difficultsoma_pred_affs/474 with read ROI [1808:3376, 80:1648, 4112:5680] (1568, 1568, 1568) and write ROI [2304:2880, 576:1152, 4608:5184] (576, 576, 576)
Recording block-done for octoS0SubroiZ15683136Y78409408X1097612544Difficultsoma_pred_affs/705 with read ROI [1808:3376, 656:2224, 4688:6256] (1568, 1568, 1568) and write ROI [2304:2880, 1152:1728, 5184:5760] (576, 576, 576)
Recorded block-done for octoS0SubroiZ15683136Y78409408X1097612544Difficultsoma_pred_affs/705 with read ROI [1808:3376, 656:2224, 4688:6256] (1568, 1568, 1568) and write ROI [2304:2880, 1152:1728, 5184:5760] (576, 576, 576)
Recording block-done for octoS0SubroiZ15683136Y78409408X1097612544Difficultsoma_pred_affs/1362 with read ROI [1808:3376, 1232:2800, 6416:7984] (1568, 1568, 1568) and write ROI [2304:2880, 1728:2304, 6912:7488] (576, 576, 576)
Recorded block-done for octoS0SubroiZ15683136Y78409408X1097612544Difficultsoma_pred_affs/1362 with read ROI [1808:3376, 1232:2800, 6416:7984] (1568, 1568, 1568) and write ROI [2304:2880, 1728:2304, 6912:7488] (576, 576, 576)
Recording block-done for octoS0SubroiZ15683136Y78409408X1097612544Difficultsoma_pred_affs/2950 with read ROI [1808:3376, 656:2224, 10448:12016] (1568, 1568, 1568) and write ROI [2304:2880, 1152:1728, 10944:11520] (576, 576, 576)
Recorded block-done for octoS0SubroiZ15683136Y78409408X1097612544Difficultsoma_pred_affs/2950 with read ROI [1808:3376, 656:2224, 10448:12016] (1568, 1568, 1568) and write ROI [2304:2880, 1152:1728, 10944:11520] (576, 576, 576)
Recording block-done for octoS0SubroiZ15683136Y78409408X1097612544Difficultsoma_pred_affs/1565 with read ROI [1808:3376, 656:2224, 7568:9136] (1568, 1568, 1568) and write ROI [2304:2880, 1152:1728, 8064:8640] (576, 576, 576)
Recorded block-done for octoS0SubroiZ15683136Y78409408X1097612544Difficultsoma_pred_affs/1565 with read ROI [1808:3376, 656:2224, 7568:9136] (1568, 1568, 1568) and write ROI [2304:2880, 1152:1728, 8064:8640] (576, 576, 576)
Recording block-done for octoS0SubroiZ15683136Y78409408X1097612544Difficultsoma_pred_affs/1572 with read ROI [1808:3376, 1232:2800, 6992:8560] (1568, 1568, 1568) and write ROI [2304:2880, 1728:2304, 7488:8064] (576, 576, 576)
Recorded block-done for octoS0SubroiZ15683136Y78409408X1097612544Difficultsoma_pred_affs/1572 with read ROI [1808:3376, 1232:2800, 6992:8560] (1568, 1568, 1568) and write ROI [2304:2880, 1728:2304, 7488:8064] (576, 576, 576)
Recording block-done for octoS0SubroiZ15683136Y78409408X1097612544Difficultsoma_pred_affs/260 with read ROI [1808:3376, 1808:3376, 656:2224] (1568, 1568, 1568) and write ROI [2304:2880, 2304:2880, 1152:1728] (576, 576, 576)
Recorded block-done for octoS0SubroiZ15683136Y78409408X1097612544Difficultsoma_pred_affs/260 with read ROI [1808:3376, 1808:3376, 656:2224] (1568, 1568, 1568) and write ROI [2304:2880, 2304:2880, 1152:1728] (576, 576, 576)
Recording block-done for octoS0SubroiZ15683136Y78409408X1097612544Difficultsoma_pred_affs/3316 with read ROI [1808:3376, 1808:3376, 9872:11440] (1568, 1568, 1568) and write ROI [2304:2880, 2304:2880, 10368:10944] (576, 576, 576)
Recorded block-done for octoS0SubroiZ15683136Y78409408X1097612544Difficultsoma_pred_affs/3316 with read ROI [1808:3376, 1808:3376, 9872:11440] (1568, 1568, 1568) and write ROI [2304:2880, 2304:2880, 10368:10944] (576, 576, 576)
Recording block-done for octoS0SubroiZ15683136Y78409408X1097612544Difficultsoma_pred_affs/3694 with read ROI [1808:3376, 1808:3376, 10448:12016] (1568, 1568, 1568) and write ROI [2304:2880, 2304:2880, 10944:11520] (576, 576, 576)
Recorded block-done for octoS0SubroiZ15683136Y78409408X1097612544Difficultsoma_pred_affs/3694 with read ROI [1808:3376, 1808:3376, 10448:12016] (1568, 1568, 1568) and write ROI [2304:2880, 2304:2880, 10944:11520] (576, 576, 576)
Recording block-done for octoS0SubroiZ15683136Y78409408X1097612544Difficultsoma_pred_affs/600 with read ROI [1808:3376, 1808:3376, 2960:4528] (1568, 1568, 1568) and write ROI [2304:2880, 2304:2880, 3456:4032] (576, 576, 576)
Recorded block-done for octoS0SubroiZ15683136Y78409408X1097612544Difficultsoma_pred_affs/600 with read ROI [1808:3376, 1808:3376, 2960:4528] (1568, 1568, 1568) and write ROI [2304:2880, 2304:2880, 3456:4032] (576, 576, 576)
Recording block-done for octoS0SubroiZ15683136Y78409408X1097612544Difficultsoma_pred_affs/720 with read ROI [1808:3376, 1808:3376, 3536:5104] (1568, 1568, 1568) and write ROI [2304:2880, 2304:2880, 4032:4608] (576, 576, 576)
Recorded block-done for octoS0SubroiZ15683136Y78409408X1097612544Difficultsoma_pred_affs/720 with read ROI [1808:3376, 1808:3376, 3536:5104] (1568, 1568, 1568) and write ROI [2304:2880, 2304:2880, 4032:4608] (576, 576, 576)
Recording block-done for octoS0SubroiZ15683136Y78409408X1097612544Difficultsoma_pred_affs/3703 with read ROI [1808:3376, 2384:3952, 9872:11440] (1568, 1568, 1568) and write ROI [2304:2880, 2880:3456, 10368:10944] (576, 576, 576)
Recorded block-done for octoS0SubroiZ15683136Y78409408X1097612544Difficultsoma_pred_affs/3703 with read ROI [1808:3376, 2384:3952, 9872:11440] (1568, 1568, 1568) and write ROI [2304:2880, 2880:3456, 10368:10944] (576, 576, 576)
Recording block-done for octoS0SubroiZ15683136Y78409408X1097612544Difficultsoma_pred_affs/619 with read ROI [1808:3376, 2960:4528, 1808:3376] (1568, 1568, 1568) and write ROI [2304:2880, 3456:4032, 2304:2880] (576, 576, 576)
Recorded block-done for octoS0SubroiZ15683136Y78409408X1097612544Difficultsoma_pred_affs/619 with read ROI [1808:3376, 2960:4528, 1808:3376] (1568, 1568, 1568) and write ROI [2304:2880, 3456:4032, 2304:2880] (576, 576, 576)
Recording block-done for octoS0SubroiZ15683136Y78409408X1097612544Difficultsoma_pred_affs/514 with read ROI [1808:3376, 2960:4528, 1232:2800] (1568, 1568, 1568) and write ROI [2304:2880, 3456:4032, 1728:2304] (576, 576, 576)
Recorded block-done for octoS0SubroiZ15683136Y78409408X1097612544Difficultsoma_pred_affs/514 with read ROI [1808:3376, 2960:4528, 1232:2800] (1568, 1568, 1568) and write ROI [2304:2880, 3456:4032, 1728:2304] (576, 576, 576)
Recording block-done for octoS0SubroiZ15683136Y78409408X1097612544Difficultsoma_pred_affs/423 with read ROI [1808:3376, 2960:4528, 656:2224] (1568, 1568, 1568) and write ROI [2304:2880, 3456:4032, 1152:1728] (576, 576, 576)
Recorded block-done for octoS0SubroiZ15683136Y78409408X1097612544Difficultsoma_pred_affs/423 with read ROI [1808:3376, 2960:4528, 656:2224] (1568, 1568, 1568) and write ROI [2304:2880, 3456:4032, 1152:1728] (576, 576, 576)
Recording block-done for octoS0SubroiZ15683136Y78409408X1097612544Difficultsoma_pred_affs/739 with read ROI [1808:3376, 2960:4528, 2384:3952] (1568, 1568, 1568) and write ROI [2304:2880, 3456:4032, 2880:3456] (576, 576, 576)
Recorded block-done for octoS0SubroiZ15683136Y78409408X1097612544Difficultsoma_pred_affs/739 with read ROI [1808:3376, 2960:4528, 2384:3952] (1568, 1568, 1568) and write ROI [2304:2880, 3456:4032, 2880:3456] (576, 576, 576)
Recording block-done for octoS0SubroiZ15683136Y78409408X1097612544Difficultsoma_pred_affs/525 with read ROI [1808:3376, 3536:5104, 656:2224] (1568, 1568, 1568) and write ROI [2304:2880, 4032:4608, 1152:1728] (576, 576, 576)
Recorded block-done for octoS0SubroiZ15683136Y78409408X1097612544Difficultsoma_pred_affs/525 with read ROI [1808:3376, 3536:5104, 656:2224] (1568, 1568, 1568) and write ROI [2304:2880, 4032:4608, 1152:1728] (576, 576, 576)
Recording block-done for octoS0SubroiZ15683136Y78409408X1097612544Difficultsoma_pred_affs/2370 with read ROI [1808:3376, 3536:5104, 6416:7984] (1568, 1568, 1568) and write ROI [2304:2880, 4032:4608, 6912:7488] (576, 576, 576)
Recorded block-done for octoS0SubroiZ15683136Y78409408X1097612544Difficultsoma_pred_affs/2370 with read ROI [1808:3376, 3536:5104, 6416:7984] (1568, 1568, 1568) and write ROI [2304:2880, 4032:4608, 6912:7488] (576, 576, 576)
Recording block-done for octoS0SubroiZ15683136Y78409408X1097612544Difficultsoma_pred_affs/1841 with read ROI [1808:3376, 3536:5104, 5264:6832] (1568, 1568, 1568) and write ROI [2304:2880, 4032:4608, 5760:6336] (576, 576, 576)
Recorded block-done for octoS0SubroiZ15683136Y78409408X1097612544Difficultsoma_pred_affs/1841 with read ROI [1808:3376, 3536:5104, 5264:6832] (1568, 1568, 1568) and write ROI [2304:2880, 4032:4608, 5760:6336] (576, 576, 576)
Recording block-done for octoS0SubroiZ15683136Y78409408X1097612544Difficultsoma_pred_affs/1210 with read ROI [1808:3376, 3536:5104, 3536:5104] (1568, 1568, 1568) and write ROI [2304:2880, 4032:4608, 4032:4608] (576, 576, 576)
Recorded block-done for octoS0SubroiZ15683136Y78409408X1097612544Difficultsoma_pred_affs/1210 with read ROI [1808:3376, 3536:5104, 3536:5104] (1568, 1568, 1568) and write ROI [2304:2880, 4032:4608, 4032:4608] (576, 576, 576)
Recording block-done for octoS0SubroiZ15683136Y78409408X1097612544Difficultsoma_pred_affs/642 with read ROI [1808:3376, 4112:5680, 656:2224] (1568, 1568, 1568) and write ROI [2304:2880, 4608:5184, 1152:1728] (576, 576, 576)
Recorded block-done for octoS0SubroiZ15683136Y78409408X1097612544Difficultsoma_pred_affs/642 with read ROI [1808:3376, 4112:5680, 656:2224] (1568, 1568, 1568) and write ROI [2304:2880, 4608:5184, 1152:1728] (576, 576, 576)
Recording block-done for octoS0SubroiZ15683136Y78409408X1097612544Difficultsoma_pred_affs/2382 with read ROI [1808:3376, 4112:5680, 5840:7408] (1568, 1568, 1568) and write ROI [2304:2880, 4608:5184, 6336:6912] (576, 576, 576)
Recorded block-done for octoS0SubroiZ15683136Y78409408X1097612544Difficultsoma_pred_affs/2382 with read ROI [1808:3376, 4112:5680, 5840:7408] (1568, 1568, 1568) and write ROI [2304:2880, 4608:5184, 6336:6912] (576, 576, 576)
Recording block-done for octoS0SubroiZ15683136Y78409408X1097612544Difficultsoma_pred_affs/2682 with read ROI [1808:3376, 4112:5680, 6416:7984] (1568, 1568, 1568) and write ROI [2304:2880, 4608:5184, 6912:7488] (576, 576, 576)
Recorded block-done for octoS0SubroiZ15683136Y78409408X1097612544Difficultsoma_pred_affs/2682 with read ROI [1808:3376, 4112:5680, 6416:7984] (1568, 1568, 1568) and write ROI [2304:2880, 4608:5184, 6912:7488] (576, 576, 576)
Recording block-done for octoS0SubroiZ15683136Y78409408X1097612544Difficultsoma_pred_affs/1853 with read ROI [1808:3376, 4112:5680, 4688:6256] (1568, 1568, 1568) and write ROI [2304:2880, 4608:5184, 5184:5760] (576, 576, 576)
Recorded block-done for octoS0SubroiZ15683136Y78409408X1097612544Difficultsoma_pred_affs/1853 with read ROI [1808:3376, 4112:5680, 4688:6256] (1568, 1568, 1568) and write ROI [2304:2880, 4608:5184, 5184:5760] (576, 576, 576)
Recording block-done for octoS0SubroiZ15683136Y78409408X1097612544Difficultsoma_pred_affs/5042 with read ROI [1808:3376, 4112:5680, 9872:11440] (1568, 1568, 1568) and write ROI [2304:2880, 4608:5184, 10368:10944] (576, 576, 576)
Recorded block-done for octoS0SubroiZ15683136Y78409408X1097612544Difficultsoma_pred_affs/5042 with read ROI [1808:3376, 4112:5680, 9872:11440] (1568, 1568, 1568) and write ROI [2304:2880, 4608:5184, 10368:10944] (576, 576, 576)
Recording block-done for octoS0SubroiZ15683136Y78409408X1097612544Difficultsoma_pred_affs/911 with read ROI [1808:3376, 4688:6256, 1232:2800] (1568, 1568, 1568) and write ROI [2304:2880, 5184:5760, 1728:2304] (576, 576, 576)
Recorded block-done for octoS0SubroiZ15683136Y78409408X1097612544Difficultsoma_pred_affs/911 with read ROI [1808:3376, 4688:6256, 1232:2800] (1568, 1568, 1568) and write ROI [2304:2880, 5184:5760, 1728:2304] (576, 576, 576)
Recording block-done for octoS0SubroiZ15683136Y78409408X1097612544Difficultsoma_pred_affs/3020 with read ROI [1808:3376, 4688:6256, 6416:7984] (1568, 1568, 1568) and write ROI [2304:2880, 5184:5760, 6912:7488] (576, 576, 576)
Recorded block-done for octoS0SubroiZ15683136Y78409408X1097612544Difficultsoma_pred_affs/3020 with read ROI [1808:3376, 4688:6256, 6416:7984] (1568, 1568, 1568) and write ROI [2304:2880, 5184:5760, 6912:7488] (576, 576, 576)
Recording block-done for octoS0SubroiZ15683136Y78409408X1097612544Difficultsoma_pred_affs/4590 with read ROI [1808:3376, 4688:6256, 8720:10288] (1568, 1568, 1568) and write ROI [2304:2880, 5184:5760, 9216:9792] (576, 576, 576)
Recorded block-done for octoS0SubroiZ15683136Y78409408X1097612544Difficultsoma_pred_affs/4590 with read ROI [1808:3376, 4688:6256, 8720:10288] (1568, 1568, 1568) and write ROI [2304:2880, 5184:5760, 9216:9792] (576, 576, 576)
Recording block-done for octoS0SubroiZ15683136Y78409408X1097612544Difficultsoma_pred_affs/789 with read ROI [1808:3376, 5264:6832, 80:1648] (1568, 1568, 1568) and write ROI [2304:2880, 5760:6336, 576:1152] (576, 576, 576)
Recorded block-done for octoS0SubroiZ15683136Y78409408X1097612544Difficultsoma_pred_affs/789 with read ROI [1808:3376, 5264:6832, 80:1648] (1568, 1568, 1568) and write ROI [2304:2880, 5760:6336, 576:1152] (576, 576, 576)
Recording block-done for octoS0SubroiZ15683136Y78409408X1097612544Difficultsoma_pred_affs/3371 with read ROI [1808:3376, 4688:6256, 6992:8560] (1568, 1568, 1568) and write ROI [2304:2880, 5184:5760, 7488:8064] (576, 576, 576)
Recorded block-done for octoS0SubroiZ15683136Y78409408X1097612544Difficultsoma_pred_affs/3371 with read ROI [1808:3376, 4688:6256, 6992:8560] (1568, 1568, 1568) and write ROI [2304:2880, 5184:5760, 7488:8064] (576, 576, 576)
Recording block-done for octoS0SubroiZ15683136Y78409408X1097612544Difficultsoma_pred_affs/2409 with read ROI [1808:3376, 5264:6832, 4688:6256] (1568, 1568, 1568) and write ROI [2304:2880, 5760:6336, 5184:5760] (576, 576, 576)
Recorded block-done for octoS0SubroiZ15683136Y78409408X1097612544Difficultsoma_pred_affs/2409 with read ROI [1808:3376, 5264:6832, 4688:6256] (1568, 1568, 1568) and write ROI [2304:2880, 5760:6336, 5184:5760] (576, 576, 576)
Recording block-done for octoS0SubroiZ15683136Y78409408X1097612544Difficultsoma_pred_affs/6093 with read ROI [1808:3376, 5264:6832, 9872:11440] (1568, 1568, 1568) and write ROI [2304:2880, 5760:6336, 10368:10944] (576, 576, 576)
Recorded block-done for octoS0SubroiZ15683136Y78409408X1097612544Difficultsoma_pred_affs/6093 with read ROI [1808:3376, 5264:6832, 9872:11440] (1568, 1568, 1568) and write ROI [2304:2880, 5760:6336, 10368:10944] (576, 576, 576)
Recording block-done for octoS0SubroiZ15683136Y78409408X1097612544Difficultsoma_pred_affs/1895 with read ROI [1808:3376, 5840:7408, 2960:4528] (1568, 1568, 1568) and write ROI [2304:2880, 6336:6912, 3456:4032] (576, 576, 576)
Recorded block-done for octoS0SubroiZ15683136Y78409408X1097612544Difficultsoma_pred_affs/1895 with read ROI [1808:3376, 5840:7408, 2960:4528] (1568, 1568, 1568) and write ROI [2304:2880, 6336:6912, 3456:4032] (576, 576, 576)
Recording block-done for octoS0SubroiZ15683136Y78409408X1097612544Difficultsoma_pred_affs/3400 with read ROI [1808:3376, 5840:7408, 5840:7408] (1568, 1568, 1568) and write ROI [2304:2880, 6336:6912, 6336:6912] (576, 576, 576)
Recorded block-done for octoS0SubroiZ15683136Y78409408X1097612544Difficultsoma_pred_affs/3400 with read ROI [1808:3376, 5840:7408, 5840:7408] (1568, 1568, 1568) and write ROI [2304:2880, 6336:6912, 6336:6912] (576, 576, 576)
Recording block-done for octoS0SubroiZ15683136Y78409408X1097612544Difficultsoma_pred_affs/3778 with read ROI [1808:3376, 5840:7408, 6416:7984] (1568, 1568, 1568) and write ROI [2304:2880, 6336:6912, 6912:7488] (576, 576, 576)
Recorded block-done for octoS0SubroiZ15683136Y78409408X1097612544Difficultsoma_pred_affs/3778 with read ROI [1808:3376, 5840:7408, 6416:7984] (1568, 1568, 1568) and write ROI [2304:2880, 6336:6912, 6912:7488] (576, 576, 576)
Recording block-done for octoS0SubroiZ15683136Y78409408X1097612544Difficultsoma_pred_affs/5084 with read ROI [1808:3376, 5840:7408, 8144:9712] (1568, 1568, 1568) and write ROI [2304:2880, 6336:6912, 8640:9216] (576, 576, 576)
Recorded block-done for octoS0SubroiZ15683136Y78409408X1097612544Difficultsoma_pred_affs/5084 with read ROI [1808:3376, 5840:7408, 8144:9712] (1568, 1568, 1568) and write ROI [2304:2880, 6336:6912, 8640:9216] (576, 576, 576)
Recording block-done for octoS0SubroiZ15683136Y78409408X1097612544Difficultsoma_pred_affs/1911 with read ROI [1808:3376, 6416:7984, 2384:3952] (1568, 1568, 1568) and write ROI [2304:2880, 6912:7488, 2880:3456] (576, 576, 576)
Recorded block-done for octoS0SubroiZ15683136Y78409408X1097612544Difficultsoma_pred_affs/1911 with read ROI [1808:3376, 6416:7984, 2384:3952] (1568, 1568, 1568) and write ROI [2304:2880, 6912:7488, 2880:3456] (576, 576, 576)
Recording block-done for octoS0SubroiZ15683136Y78409408X1097612544Difficultsoma_pred_affs/7910 with read ROI [1808:3376, 6416:7984, 10448:12016] (1568, 1568, 1568) and write ROI [2304:2880, 6912:7488, 10944:11520] (576, 576, 576)
Recorded block-done for octoS0SubroiZ15683136Y78409408X1097612544Difficultsoma_pred_affs/7910 with read ROI [1808:3376, 6416:7984, 10448:12016] (1568, 1568, 1568) and write ROI [2304:2880, 6912:7488, 10944:11520] (576, 576, 576)
Recording block-done for octoS0SubroiZ15683136Y78409408X1097612544Difficultsoma_pred_affs/6685 with read ROI [1808:3376, 6416:7984, 9296:10864] (1568, 1568, 1568) and write ROI [2304:2880, 6912:7488, 9792:10368] (576, 576, 576)
Recorded block-done for octoS0SubroiZ15683136Y78409408X1097612544Difficultsoma_pred_affs/6685 with read ROI [1808:3376, 6416:7984, 9296:10864] (1568, 1568, 1568) and write ROI [2304:2880, 6912:7488, 9792:10368] (576, 576, 576)
Recording block-done for octoS0SubroiZ15683136Y78409408X1097612544Difficultsoma_pred_affs/3811 with read ROI [1808:3376, 6992:8560, 5264:6832] (1568, 1568, 1568) and write ROI [2304:2880, 7488:8064, 5760:6336] (576, 576, 576)
Recorded block-done for octoS0SubroiZ15683136Y78409408X1097612544Difficultsoma_pred_affs/3811 with read ROI [1808:3376, 6992:8560, 5264:6832] (1568, 1568, 1568) and write ROI [2304:2880, 7488:8064, 5760:6336] (576, 576, 576)
Recording block-done for octoS0SubroiZ15683136Y78409408X1097612544Difficultsoma_pred_affs/2475 with read ROI [1808:3376, 7568:9136, 2384:3952] (1568, 1568, 1568) and write ROI [2304:2880, 8064:8640, 2880:3456] (576, 576, 576)
Recorded block-done for octoS0SubroiZ15683136Y78409408X1097612544Difficultsoma_pred_affs/2475 with read ROI [1808:3376, 7568:9136, 2384:3952] (1568, 1568, 1568) and write ROI [2304:2880, 8064:8640, 2880:3456] (576, 576, 576)
Recording block-done for octoS0SubroiZ15683136Y78409408X1097612544Difficultsoma_pred_affs/1715 with read ROI [1808:3376, 7568:9136, 656:2224] (1568, 1568, 1568) and write ROI [2304:2880, 8064:8640, 1152:1728] (576, 576, 576)
Recorded block-done for octoS0SubroiZ15683136Y78409408X1097612544Difficultsoma_pred_affs/1715 with read ROI [1808:3376, 7568:9136, 656:2224] (1568, 1568, 1568) and write ROI [2304:2880, 8064:8640, 1152:1728] (576, 576, 576)
Recording block-done for octoS0SubroiZ15683136Y78409408X1097612544Difficultsoma_pred_affs/2199 with read ROI [1808:3376, 7568:9136, 1808:3376] (1568, 1568, 1568) and write ROI [2304:2880, 8064:8640, 2304:2880] (576, 576, 576)
Recorded block-done for octoS0SubroiZ15683136Y78409408X1097612544Difficultsoma_pred_affs/2199 with read ROI [1808:3376, 7568:9136, 1808:3376] (1568, 1568, 1568) and write ROI [2304:2880, 8064:8640, 2304:2880] (576, 576, 576)
Recording block-done for octoS0SubroiZ15683136Y78409408X1097612544Difficultsoma_pred_affs/6720 with read ROI [1808:3376, 7568:9136, 8144:9712] (1568, 1568, 1568) and write ROI [2304:2880, 8064:8640, 8640:9216] (576, 576, 576)
Recorded block-done for octoS0SubroiZ15683136Y78409408X1097612544Difficultsoma_pred_affs/6720 with read ROI [1808:3376, 7568:9136, 8144:9712] (1568, 1568, 1568) and write ROI [2304:2880, 8064:8640, 8640:9216] (576, 576, 576)
Recording block-done for octoS0SubroiZ15683136Y78409408X1097612544Difficultsoma_pred_affs/2494 with read ROI [1808:3376, 8144:9712, 1808:3376] (1568, 1568, 1568) and write ROI [2304:2880, 8640:9216, 2304:2880] (576, 576, 576)
Recorded block-done for octoS0SubroiZ15683136Y78409408X1097612544Difficultsoma_pred_affs/2494 with read ROI [1808:3376, 8144:9712, 1808:3376] (1568, 1568, 1568) and write ROI [2304:2880, 8640:9216, 2304:2880] (576, 576, 576)
Recording block-done for octoS0SubroiZ15683136Y78409408X1097612544Difficultsoma_pred_affs/2814 with read ROI [1808:3376, 8720:10288, 1808:3376] (1568, 1568, 1568) and write ROI [2304:2880, 9216:9792, 2304:2880] (576, 576, 576)
Recorded block-done for octoS0SubroiZ15683136Y78409408X1097612544Difficultsoma_pred_affs/2814 with read ROI [1808:3376, 8720:10288, 1808:3376] (1568, 1568, 1568) and write ROI [2304:2880, 9216:9792, 2304:2880] (576, 576, 576)
Recording block-done for octoS0SubroiZ15683136Y78409408X1097612544Difficultsoma_pred_affs/3470 with read ROI [1808:3376, 8144:9712, 3536:5104] (1568, 1568, 1568) and write ROI [2304:2880, 8640:9216, 4032:4608] (576, 576, 576)
Recorded block-done for octoS0SubroiZ15683136Y78409408X1097612544Difficultsoma_pred_affs/3470 with read ROI [1808:3376, 8144:9712, 3536:5104] (1568, 1568, 1568) and write ROI [2304:2880, 8640:9216, 4032:4608] (576, 576, 576)
Recording block-done for octoS0SubroiZ15683136Y78409408X1097612544Difficultsoma_pred_affs/6739 with read ROI [1808:3376, 8144:9712, 7568:9136] (1568, 1568, 1568) and write ROI [2304:2880, 8640:9216, 8064:8640] (576, 576, 576)
Recorded block-done for octoS0SubroiZ15683136Y78409408X1097612544Difficultsoma_pred_affs/6739 with read ROI [1808:3376, 8144:9712, 7568:9136] (1568, 1568, 1568) and write ROI [2304:2880, 8640:9216, 8064:8640] (576, 576, 576)
Recording block-done for octoS0SubroiZ15683136Y78409408X1097612544Difficultsoma_pred_affs/5174 with read ROI [1808:3376, 8720:10288, 5264:6832] (1568, 1568, 1568) and write ROI [2304:2880, 9216:9792, 5760:6336] (576, 576, 576)
Recorded block-done for octoS0SubroiZ15683136Y78409408X1097612544Difficultsoma_pred_affs/5174 with read ROI [1808:3376, 8720:10288, 5264:6832] (1568, 1568, 1568) and write ROI [2304:2880, 9216:9792, 5760:6336] (576, 576, 576)
Recording block-done for octoS0SubroiZ15683136Y78409408X1097612544Difficultsoma_pred_affs/9353 with read ROI [1808:3376, 8720:10288, 9296:10864] (1568, 1568, 1568) and write ROI [2304:2880, 9216:9792, 9792:10368] (576, 576, 576)
Recorded block-done for octoS0SubroiZ15683136Y78409408X1097612544Difficultsoma_pred_affs/9353 with read ROI [1808:3376, 8720:10288, 9296:10864] (1568, 1568, 1568) and write ROI [2304:2880, 9216:9792, 9792:10368] (576, 576, 576)
Recording block-done for octoS0SubroiZ15683136Y78409408X1097612544Difficultsoma_pred_affs/7354 with read ROI [1808:3376, 8720:10288, 7568:9136] (1568, 1568, 1568) and write ROI [2304:2880, 9216:9792, 8064:8640] (576, 576, 576)
Recorded block-done for octoS0SubroiZ15683136Y78409408X1097612544Difficultsoma_pred_affs/7354 with read ROI [1808:3376, 8720:10288, 7568:9136] (1568, 1568, 1568) and write ROI [2304:2880, 9216:9792, 8064:8640] (576, 576, 576)
Recording block-done for octoS0SubroiZ15683136Y78409408X1097612544Difficultsoma_pred_affs/3160 with read ROI [1808:3376, 9296:10864, 1808:3376] (1568, 1568, 1568) and write ROI [2304:2880, 9792:10368, 2304:2880] (576, 576, 576)
Recorded block-done for octoS0SubroiZ15683136Y78409408X1097612544Difficultsoma_pred_affs/3160 with read ROI [1808:3376, 9296:10864, 1808:3376] (1568, 1568, 1568) and write ROI [2304:2880, 9792:10368, 2304:2880] (576, 576, 576)
Recording block-done for octoS0SubroiZ15683136Y78409408X1097612544Difficultsoma_pred_affs/8005 with read ROI [1808:3376, 9296:10864, 7568:9136] (1568, 1568, 1568) and write ROI [2304:2880, 9792:10368, 8064:8640] (576, 576, 576)
Recorded block-done for octoS0SubroiZ15683136Y78409408X1097612544Difficultsoma_pred_affs/8005 with read ROI [1808:3376, 9296:10864, 7568:9136] (1568, 1568, 1568) and write ROI [2304:2880, 9792:10368, 8064:8640] (576, 576, 576)
Recording block-done for octoS0SubroiZ15683136Y78409408X1097612544Difficultsoma_pred_affs/10115 with read ROI [1808:3376, 9296:10864, 9296:10864] (1568, 1568, 1568) and write ROI [2304:2880, 9792:10368, 9792:10368] (576, 576, 576)
Recorded block-done for octoS0SubroiZ15683136Y78409408X1097612544Difficultsoma_pred_affs/10115 with read ROI [1808:3376, 9296:10864, 9296:10864] (1568, 1568, 1568) and write ROI [2304:2880, 9792:10368, 9792:10368] (576, 576, 576)
Recording block-done for octoS0SubroiZ15683136Y78409408X1097612544Difficultsoma_pred_affs/3911 with read ROI [1808:3376, 9872:11440, 2384:3952] (1568, 1568, 1568) and write ROI [2304:2880, 10368:10944, 2880:3456] (576, 576, 576)
Recorded block-done for octoS0SubroiZ15683136Y78409408X1097612544Difficultsoma_pred_affs/3911 with read ROI [1808:3376, 9872:11440, 2384:3952] (1568, 1568, 1568) and write ROI [2304:2880, 10368:10944, 2880:3456] (576, 576, 576)
Recording block-done for octoS0SubroiZ15683136Y78409408X1097612544Difficultsoma_pred_affs/4752 with read ROI [1808:3376, 9872:11440, 3536:5104] (1568, 1568, 1568) and write ROI [2304:2880, 10368:10944, 4032:4608] (576, 576, 576)
Recorded block-done for octoS0SubroiZ15683136Y78409408X1097612544Difficultsoma_pred_affs/4752 with read ROI [1808:3376, 9872:11440, 3536:5104] (1568, 1568, 1568) and write ROI [2304:2880, 10368:10944, 4032:4608] (576, 576, 576)
Recording block-done for octoS0SubroiZ15683136Y78409408X1097612544Difficultsoma_pred_affs/2880 with read ROI [1808:3376, 10448:12016, 80:1648] (1568, 1568, 1568) and write ROI [2304:2880, 10944:11520, 576:1152] (576, 576, 576)
Recorded block-done for octoS0SubroiZ15683136Y78409408X1097612544Difficultsoma_pred_affs/2880 with read ROI [1808:3376, 10448:12016, 80:1648] (1568, 1568, 1568) and write ROI [2304:2880, 10944:11520, 576:1152] (576, 576, 576)
Recording block-done for octoS0SubroiZ15683136Y78409408X1097612544Difficultsoma_pred_affs/4340 with read ROI [1808:3376, 10448:12016, 2384:3952] (1568, 1568, 1568) and write ROI [2304:2880, 10944:11520, 2880:3456] (576, 576, 576)
Recorded block-done for octoS0SubroiZ15683136Y78409408X1097612544Difficultsoma_pred_affs/4340 with read ROI [1808:3376, 10448:12016, 2384:3952] (1568, 1568, 1568) and write ROI [2304:2880, 10944:11520, 2880:3456] (576, 576, 576)
Recording block-done for octoS0SubroiZ15683136Y78409408X1097612544Difficultsoma_pred_affs/5240 with read ROI [1808:3376, 10448:12016, 3536:5104] (1568, 1568, 1568) and write ROI [2304:2880, 10944:11520, 4032:4608] (576, 576, 576)
Recorded block-done for octoS0SubroiZ15683136Y78409408X1097612544Difficultsoma_pred_affs/5240 with read ROI [1808:3376, 10448:12016, 3536:5104] (1568, 1568, 1568) and write ROI [2304:2880, 10944:11520, 4032:4608] (576, 576, 576)
Recording block-done for octoS0SubroiZ15683136Y78409408X1097612544Difficultsoma_pred_affs/8716 with read ROI [1808:3376, 10448:12016, 6992:8560] (1568, 1568, 1568) and write ROI [2304:2880, 10944:11520, 7488:8064] (576, 576, 576)
Recorded block-done for octoS0SubroiZ15683136Y78409408X1097612544Difficultsoma_pred_affs/8716 with read ROI [1808:3376, 10448:12016, 6992:8560] (1568, 1568, 1568) and write ROI [2304:2880, 10944:11520, 7488:8064] (576, 576, 576)
Recording block-done for octoS0SubroiZ15683136Y78409408X1097612544Difficultsoma_pred_affs/110 with read ROI [2384:3952, 80:1648, 80:1648] (1568, 1568, 1568) and write ROI [2880:3456, 576:1152, 576:1152] (576, 576, 576)
Recorded block-done for octoS0SubroiZ15683136Y78409408X1097612544Difficultsoma_pred_affs/110 with read ROI [2384:3952, 80:1648, 80:1648] (1568, 1568, 1568) and write ROI [2880:3456, 576:1152, 576:1152] (576, 576, 576)
Recording block-done for octoS0SubroiZ15683136Y78409408X1097612544Difficultsoma_pred_affs/842 with read ROI [2384:3952, 80:1648, 5264:6832] (1568, 1568, 1568) and write ROI [2880:3456, 576:1152, 5760:6336] (576, 576, 576)
Recorded block-done for octoS0SubroiZ15683136Y78409408X1097612544Difficultsoma_pred_affs/842 with read ROI [2384:3952, 80:1648, 5264:6832] (1568, 1568, 1568) and write ROI [2880:3456, 576:1152, 5760:6336] (576, 576, 576)
Recording block-done for octoS0SubroiZ15683136Y78409408X1097612544Difficultsoma_pred_affs/713 with read ROI [2384:3952, 656:2224, 4112:5680] (1568, 1568, 1568) and write ROI [2880:3456, 1152:1728, 4608:5184] (576, 576, 576)
Recorded block-done for octoS0SubroiZ15683136Y78409408X1097612544Difficultsoma_pred_affs/713 with read ROI [2384:3952, 656:2224, 4112:5680] (1568, 1568, 1568) and write ROI [2880:3456, 1152:1728, 4608:5184] (576, 576, 576)
Recording block-done for octoS0SubroiZ15683136Y78409408X1097612544Difficultsoma_pred_affs/593 with read ROI [2384:3952, 656:2224, 3536:5104] (1568, 1568, 1568) and write ROI [2880:3456, 1152:1728, 4032:4608] (576, 576, 576)
Recorded block-done for octoS0SubroiZ15683136Y78409408X1097612544Difficultsoma_pred_affs/593 with read ROI [2384:3952, 656:2224, 3536:5104] (1568, 1568, 1568) and write ROI [2880:3456, 1152:1728, 4032:4608] (576, 576, 576)
Recording block-done for octoS0SubroiZ15683136Y78409408X1097612544Difficultsoma_pred_affs/1173 with read ROI [2384:3952, 656:2224, 5840:7408] (1568, 1568, 1568) and write ROI [2880:3456, 1152:1728, 6336:6912] (576, 576, 576)
Recorded block-done for octoS0SubroiZ15683136Y78409408X1097612544Difficultsoma_pred_affs/1173 with read ROI [2384:3952, 656:2224, 5840:7408] (1568, 1568, 1568) and write ROI [2880:3456, 1152:1728, 6336:6912] (576, 576, 576)
Recording block-done for octoS0SubroiZ15683136Y78409408X1097612544Difficultsoma_pred_affs/1371 with read ROI [2384:3952, 1232:2800, 5840:7408] (1568, 1568, 1568) and write ROI [2880:3456, 1728:2304, 6336:6912] (576, 576, 576)
Recorded block-done for octoS0SubroiZ15683136Y78409408X1097612544Difficultsoma_pred_affs/1371 with read ROI [2384:3952, 1232:2800, 5840:7408] (1568, 1568, 1568) and write ROI [2880:3456, 1728:2304, 6336:6912] (576, 576, 576)
Recording block-done for octoS0SubroiZ15683136Y78409408X1097612544Difficultsoma_pred_affs/2966 with read ROI [2384:3952, 1232:2800, 9296:10864] (1568, 1568, 1568) and write ROI [2880:3456, 1728:2304, 9792:10368] (576, 576, 576)
Recorded block-done for octoS0SubroiZ15683136Y78409408X1097612544Difficultsoma_pred_affs/2966 with read ROI [2384:3952, 1232:2800, 9296:10864] (1568, 1568, 1568) and write ROI [2880:3456, 1728:2304, 9792:10368] (576, 576, 576)
Recording block-done for octoS0SubroiZ15683136Y78409408X1097612544Difficultsoma_pred_affs/1804 with read ROI [2384:3952, 656:2224, 7568:9136] (1568, 1568, 1568) and write ROI [2880:3456, 1152:1728, 8064:8640] (576, 576, 576)
Recorded block-done for octoS0SubroiZ15683136Y78409408X1097612544Difficultsoma_pred_affs/1804 with read ROI [2384:3952, 656:2224, 7568:9136] (1568, 1568, 1568) and write ROI [2880:3456, 1152:1728, 8064:8640] (576, 576, 576)
Recording block-done for octoS0SubroiZ15683136Y78409408X1097612544Difficultsoma_pred_affs/3317 with read ROI [2384:3952, 1232:2800, 9872:11440] (1568, 1568, 1568) and write ROI [2880:3456, 1728:2304, 10368:10944] (576, 576, 576)
Recorded block-done for octoS0SubroiZ15683136Y78409408X1097612544Difficultsoma_pred_affs/3317 with read ROI [2384:3952, 1232:2800, 9872:11440] (1568, 1568, 1568) and write ROI [2880:3456, 1728:2304, 10368:10944] (576, 576, 576)
Recording block-done for octoS0SubroiZ15683136Y78409408X1097612544Difficultsoma_pred_affs/3695 with read ROI [2384:3952, 1232:2800, 10448:12016] (1568, 1568, 1568) and write ROI [2880:3456, 1728:2304, 10944:11520] (576, 576, 576)
Recorded block-done for octoS0SubroiZ15683136Y78409408X1097612544Difficultsoma_pred_affs/3695 with read ROI [2384:3952, 1232:2800, 10448:12016] (1568, 1568, 1568) and write ROI [2880:3456, 1728:2304, 10944:11520] (576, 576, 576)
Recording block-done for octoS0SubroiZ15683136Y78409408X1097612544Difficultsoma_pred_affs/610 with read ROI [2384:3952, 1808:3376, 2384:3952] (1568, 1568, 1568) and write ROI [2880:3456, 2304:2880, 2880:3456] (576, 576, 576)
Recorded block-done for octoS0SubroiZ15683136Y78409408X1097612544Difficultsoma_pred_affs/610 with read ROI [2384:3952, 1808:3376, 2384:3952] (1568, 1568, 1568) and write ROI [2880:3456, 2304:2880, 2880:3456] (576, 576, 576)
Recording block-done for octoS0SubroiZ15683136Y78409408X1097612544Difficultsoma_pred_affs/1590 with read ROI [2384:3952, 1808:3376, 5840:7408] (1568, 1568, 1568) and write ROI [2880:3456, 2304:2880, 6336:6912] (576, 576, 576)
Recorded block-done for octoS0SubroiZ15683136Y78409408X1097612544Difficultsoma_pred_affs/1590 with read ROI [2384:3952, 1808:3376, 5840:7408] (1568, 1568, 1568) and write ROI [2880:3456, 2304:2880, 6336:6912] (576, 576, 576)
Recording block-done for octoS0SubroiZ15683136Y78409408X1097612544Difficultsoma_pred_affs/620 with read ROI [2384:3952, 2384:3952, 1808:3376] (1568, 1568, 1568) and write ROI [2880:3456, 2880:3456, 2304:2880] (576, 576, 576)
Recorded block-done for octoS0SubroiZ15683136Y78409408X1097612544Difficultsoma_pred_affs/620 with read ROI [2384:3952, 2384:3952, 1808:3376] (1568, 1568, 1568) and write ROI [2880:3456, 2880:3456, 2304:2880] (576, 576, 576)
Recording block-done for octoS0SubroiZ15683136Y78409408X1097612544Difficultsoma_pred_affs/740 with read ROI [2384:3952, 2384:3952, 2384:3952] (1568, 1568, 1568) and write ROI [2880:3456, 2880:3456, 2880:3456] (576, 576, 576)
Recorded block-done for octoS0SubroiZ15683136Y78409408X1097612544Difficultsoma_pred_affs/740 with read ROI [2384:3952, 2384:3952, 2384:3952] (1568, 1568, 1568) and write ROI [2880:3456, 2880:3456, 2880:3456] (576, 576, 576)
Recording block-done for octoS0SubroiZ15683136Y78409408X1097612544Difficultsoma_pred_affs/1831 with read ROI [2384:3952, 2384:3952, 5840:7408] (1568, 1568, 1568) and write ROI [2880:3456, 2880:3456, 6336:6912] (576, 576, 576)
Recorded block-done for octoS0SubroiZ15683136Y78409408X1097612544Difficultsoma_pred_affs/1831 with read ROI [2384:3952, 2384:3952, 5840:7408] (1568, 1568, 1568) and write ROI [2880:3456, 2880:3456, 6336:6912] (576, 576, 576)
Recording block-done for octoS0SubroiZ15683136Y78409408X1097612544Difficultsoma_pred_affs/346 with read ROI [2384:3952, 2384:3952, 80:1648] (1568, 1568, 1568) and write ROI [2880:3456, 2880:3456, 576:1152] (576, 576, 576)
Recorded block-done for octoS0SubroiZ15683136Y78409408X1097612544Difficultsoma_pred_affs/346 with read ROI [2384:3952, 2384:3952, 80:1648] (1568, 1568, 1568) and write ROI [2880:3456, 2880:3456, 576:1152] (576, 576, 576)
Recording block-done for octoS0SubroiZ15683136Y78409408X1097612544Difficultsoma_pred_affs/2985 with read ROI [2384:3952, 2384:3952, 8144:9712] (1568, 1568, 1568) and write ROI [2880:3456, 2880:3456, 8640:9216] (576, 576, 576)
Recorded block-done for octoS0SubroiZ15683136Y78409408X1097612544Difficultsoma_pred_affs/2985 with read ROI [2384:3952, 2384:3952, 8144:9712] (1568, 1568, 1568) and write ROI [2880:3456, 2880:3456, 8640:9216] (576, 576, 576)
Recording block-done for octoS0SubroiZ15683136Y78409408X1097612544Difficultsoma_pred_affs/3725 with read ROI [2384:3952, 2960:4528, 8720:10288] (1568, 1568, 1568) and write ROI [2880:3456, 3456:4032, 9216:9792] (576, 576, 576)
Recorded block-done for octoS0SubroiZ15683136Y78409408X1097612544Difficultsoma_pred_affs/3725 with read ROI [2384:3952, 2960:4528, 8720:10288] (1568, 1568, 1568) and write ROI [2880:3456, 3456:4032, 9216:9792] (576, 576, 576)
Recording block-done for octoS0SubroiZ15683136Y78409408X1097612544Difficultsoma_pred_affs/631 with read ROI [2384:3952, 2960:4528, 1232:2800] (1568, 1568, 1568) and write ROI [2880:3456, 3456:4032, 1728:2304] (576, 576, 576)
Recorded block-done for octoS0SubroiZ15683136Y78409408X1097612544Difficultsoma_pred_affs/631 with read ROI [2384:3952, 2960:4528, 1232:2800] (1568, 1568, 1568) and write ROI [2880:3456, 3456:4032, 1728:2304] (576, 576, 576)
Recording block-done for octoS0SubroiZ15683136Y78409408X1097612544Difficultsoma_pred_affs/2095 with read ROI [2384:3952, 2960:4528, 5840:7408] (1568, 1568, 1568) and write ROI [2880:3456, 3456:4032, 6336:6912] (576, 576, 576)
Recorded block-done for octoS0SubroiZ15683136Y78409408X1097612544Difficultsoma_pred_affs/2095 with read ROI [2384:3952, 2960:4528, 5840:7408] (1568, 1568, 1568) and write ROI [2880:3456, 3456:4032, 6336:6912] (576, 576, 576)
Recording block-done for octoS0SubroiZ15683136Y78409408X1097612544Difficultsoma_pred_affs/899 with read ROI [2384:3952, 3536:5104, 1808:3376] (1568, 1568, 1568) and write ROI [2880:3456, 4032:4608, 2304:2880] (576, 576, 576)
Recorded block-done for octoS0SubroiZ15683136Y78409408X1097612544Difficultsoma_pred_affs/899 with read ROI [2384:3952, 3536:5104, 1808:3376] (1568, 1568, 1568) and write ROI [2880:3456, 4032:4608, 2304:2880] (576, 576, 576)
Recording block-done for octoS0SubroiZ15683136Y78409408X1097612544Difficultsoma_pred_affs/1623 with read ROI [2384:3952, 3536:5104, 4112:5680] (1568, 1568, 1568) and write ROI [2880:3456, 4032:4608, 4608:5184] (576, 576, 576)
Recorded block-done for octoS0SubroiZ15683136Y78409408X1097612544Difficultsoma_pred_affs/1623 with read ROI [2384:3952, 3536:5104, 4112:5680] (1568, 1568, 1568) and write ROI [2880:3456, 4032:4608, 4608:5184] (576, 576, 576)
Recording block-done for octoS0SubroiZ15683136Y78409408X1097612544Difficultsoma_pred_affs/1236 with read ROI [2384:3952, 4112:5680, 2384:3952] (1568, 1568, 1568) and write ROI [2880:3456, 4608:5184, 2880:3456] (576, 576, 576)
Recorded block-done for octoS0SubroiZ15683136Y78409408X1097612544Difficultsoma_pred_affs/1236 with read ROI [2384:3952, 4112:5680, 2384:3952] (1568, 1568, 1568) and write ROI [2880:3456, 4608:5184, 2880:3456] (576, 576, 576)
Recording block-done for octoS0SubroiZ15683136Y78409408X1097612544Difficultsoma_pred_affs/2120 with read ROI [2384:3952, 4112:5680, 4688:6256] (1568, 1568, 1568) and write ROI [2880:3456, 4608:5184, 5184:5760] (576, 576, 576)
Recorded block-done for octoS0SubroiZ15683136Y78409408X1097612544Difficultsoma_pred_affs/2120 with read ROI [2384:3952, 4112:5680, 4688:6256] (1568, 1568, 1568) and write ROI [2880:3456, 4608:5184, 5184:5760] (576, 576, 576)
Recording block-done for octoS0SubroiZ15683136Y78409408X1097612544Difficultsoma_pred_affs/5539 with read ROI [2384:3952, 3536:5104, 10448:12016] (1568, 1568, 1568) and write ROI [2880:3456, 4032:4608, 10944:11520] (576, 576, 576)
Recorded block-done for octoS0SubroiZ15683136Y78409408X1097612544Difficultsoma_pred_affs/5539 with read ROI [2384:3952, 3536:5104, 10448:12016] (1568, 1568, 1568) and write ROI [2880:3456, 4032:4608, 10944:11520] (576, 576, 576)
Recording block-done for octoS0SubroiZ15683136Y78409408X1097612544Difficultsoma_pred_affs/4156 with read ROI [2384:3952, 4112:5680, 8144:9712] (1568, 1568, 1568) and write ROI [2880:3456, 4608:5184, 8640:9216] (576, 576, 576)
Recorded block-done for octoS0SubroiZ15683136Y78409408X1097612544Difficultsoma_pred_affs/4156 with read ROI [2384:3952, 4112:5680, 8144:9712] (1568, 1568, 1568) and write ROI [2880:3456, 4608:5184, 8640:9216] (576, 576, 576)
Recording block-done for octoS0SubroiZ15683136Y78409408X1097612544Difficultsoma_pred_affs/3359 with read ROI [2384:3952, 3536:5104, 7568:9136] (1568, 1568, 1568) and write ROI [2880:3456, 4032:4608, 8064:8640] (576, 576, 576)
Recorded block-done for octoS0SubroiZ15683136Y78409408X1097612544Difficultsoma_pred_affs/3359 with read ROI [2384:3952, 3536:5104, 7568:9136] (1568, 1568, 1568) and write ROI [2880:3456, 4032:4608, 8064:8640] (576, 576, 576)
Recording block-done for octoS0SubroiZ15683136Y78409408X1097612544Difficultsoma_pred_affs/1250 with read ROI [2384:3952, 4688:6256, 1808:3376] (1568, 1568, 1568) and write ROI [2880:3456, 5184:5760, 2304:2880] (576, 576, 576)
Recorded block-done for octoS0SubroiZ15683136Y78409408X1097612544Difficultsoma_pred_affs/1250 with read ROI [2384:3952, 4688:6256, 1808:3376] (1568, 1568, 1568) and write ROI [2880:3456, 5184:5760, 2304:2880] (576, 576, 576)
Recording block-done for octoS0SubroiZ15683136Y78409408X1097612544Difficultsoma_pred_affs/1094 with read ROI [2384:3952, 5264:6832, 656:2224] (1568, 1568, 1568) and write ROI [2880:3456, 5760:6336, 1152:1728] (576, 576, 576)
Recorded block-done for octoS0SubroiZ15683136Y78409408X1097612544Difficultsoma_pred_affs/1094 with read ROI [2384:3952, 5264:6832, 656:2224] (1568, 1568, 1568) and write ROI [2880:3456, 5760:6336, 1152:1728] (576, 576, 576)
Recording block-done for octoS0SubroiZ15683136Y78409408X1097612544Difficultsoma_pred_affs/5070 with read ROI [2384:3952, 4688:6256, 8720:10288] (1568, 1568, 1568) and write ROI [2880:3456, 5184:5760, 9216:9792] (576, 576, 576)
Recorded block-done for octoS0SubroiZ15683136Y78409408X1097612544Difficultsoma_pred_affs/5070 with read ROI [2384:3952, 4688:6256, 8720:10288] (1568, 1568, 1568) and write ROI [2880:3456, 5184:5760, 9216:9792] (576, 576, 576)
Recording block-done for octoS0SubroiZ15683136Y78409408X1097612544Difficultsoma_pred_affs/1881 with read ROI [2384:3952, 4688:6256, 3536:5104] (1568, 1568, 1568) and write ROI [2880:3456, 5184:5760, 4032:4608] (576, 576, 576)
Recorded block-done for octoS0SubroiZ15683136Y78409408X1097612544Difficultsoma_pred_affs/1881 with read ROI [2384:3952, 4688:6256, 3536:5104] (1568, 1568, 1568) and write ROI [2880:3456, 5184:5760, 4032:4608] (576, 576, 576)
Recording block-done for octoS0SubroiZ15683136Y78409408X1097612544Difficultsoma_pred_affs/1896 with read ROI [2384:3952, 5264:6832, 2960:4528] (1568, 1568, 1568) and write ROI [2880:3456, 5760:6336, 3456:4032] (576, 576, 576)
Recorded block-done for octoS0SubroiZ15683136Y78409408X1097612544Difficultsoma_pred_affs/1896 with read ROI [2384:3952, 5264:6832, 2960:4528] (1568, 1568, 1568) and write ROI [2880:3456, 5760:6336, 3456:4032] (576, 576, 576)
Recording block-done for octoS0SubroiZ15683136Y78409408X1097612544Difficultsoma_pred_affs/2725 with read ROI [2384:3952, 5264:6832, 4688:6256] (1568, 1568, 1568) and write ROI [2880:3456, 5760:6336, 5184:5760] (576, 576, 576)
Recorded block-done for octoS0SubroiZ15683136Y78409408X1097612544Difficultsoma_pred_affs/2725 with read ROI [2384:3952, 5264:6832, 4688:6256] (1568, 1568, 1568) and write ROI [2880:3456, 5760:6336, 5184:5760] (576, 576, 576)
Recording block-done for octoS0SubroiZ15683136Y78409408X1097612544Difficultsoma_pred_affs/3401 with read ROI [2384:3952, 5264:6832, 5840:7408] (1568, 1568, 1568) and write ROI [2880:3456, 5760:6336, 6336:6912] (576, 576, 576)
Recorded block-done for octoS0SubroiZ15683136Y78409408X1097612544Difficultsoma_pred_affs/3401 with read ROI [2384:3952, 5264:6832, 5840:7408] (1568, 1568, 1568) and write ROI [2880:3456, 5760:6336, 6336:6912] (576, 576, 576)
Recording block-done for octoS0SubroiZ15683136Y78409408X1097612544Difficultsoma_pred_affs/3795 with read ROI [2384:3952, 5840:7408, 5840:7408] (1568, 1568, 1568) and write ROI [2880:3456, 6336:6912, 6336:6912] (576, 576, 576)
Recorded block-done for octoS0SubroiZ15683136Y78409408X1097612544Difficultsoma_pred_affs/3795 with read ROI [2384:3952, 5840:7408, 5840:7408] (1568, 1568, 1568) and write ROI [2880:3456, 6336:6912, 6336:6912] (576, 576, 576)
Recording block-done for octoS0SubroiZ15683136Y78409408X1097612544Difficultsoma_pred_affs/5597 with read ROI [2384:3952, 5840:7408, 8144:9712] (1568, 1568, 1568) and write ROI [2880:3456, 6336:6912, 8640:9216] (576, 576, 576)
Recorded block-done for octoS0SubroiZ15683136Y78409408X1097612544Difficultsoma_pred_affs/5597 with read ROI [2384:3952, 5840:7408, 8144:9712] (1568, 1568, 1568) and write ROI [2880:3456, 6336:6912, 8640:9216] (576, 576, 576)
Recording block-done for octoS0SubroiZ15683136Y78409408X1097612544Difficultsoma_pred_affs/5085 with read ROI [2384:3952, 5264:6832, 8144:9712] (1568, 1568, 1568) and write ROI [2880:3456, 5760:6336, 8640:9216] (576, 576, 576)
Recorded block-done for octoS0SubroiZ15683136Y78409408X1097612544Difficultsoma_pred_affs/5085 with read ROI [2384:3952, 5264:6832, 8144:9712] (1568, 1568, 1568) and write ROI [2880:3456, 5760:6336, 8640:9216] (576, 576, 576)
Recording block-done for octoS0SubroiZ15683136Y78409408X1097612544Difficultsoma_pred_affs/2441 with read ROI [2384:3952, 5840:7408, 3536:5104] (1568, 1568, 1568) and write ROI [2880:3456, 6336:6912, 4032:4608] (576, 576, 576)
Recorded block-done for octoS0SubroiZ15683136Y78409408X1097612544Difficultsoma_pred_affs/2441 with read ROI [2384:3952, 5840:7408, 3536:5104] (1568, 1568, 1568) and write ROI [2880:3456, 6336:6912, 4032:4608] (576, 576, 576)
Recording block-done for octoS0SubroiZ15683136Y78409408X1097612544Difficultsoma_pred_affs/7911 with read ROI [2384:3952, 5840:7408, 10448:12016] (1568, 1568, 1568) and write ROI [2880:3456, 6336:6912, 10944:11520] (576, 576, 576)
Recorded block-done for octoS0SubroiZ15683136Y78409408X1097612544Difficultsoma_pred_affs/7911 with read ROI [2384:3952, 5840:7408, 10448:12016] (1568, 1568, 1568) and write ROI [2880:3456, 6336:6912, 10944:11520] (576, 576, 576)
Recording block-done for octoS0SubroiZ15683136Y78409408X1097612544Difficultsoma_pred_affs/6703 with read ROI [2384:3952, 6416:7984, 8720:10288] (1568, 1568, 1568) and write ROI [2880:3456, 6912:7488, 9216:9792] (576, 576, 576)
Recorded block-done for octoS0SubroiZ15683136Y78409408X1097612544Difficultsoma_pred_affs/6703 with read ROI [2384:3952, 6416:7984, 8720:10288] (1568, 1568, 1568) and write ROI [2880:3456, 6912:7488, 9216:9792] (576, 576, 576)
Recording block-done for octoS0SubroiZ15683136Y78409408X1097612544Difficultsoma_pred_affs/3083 with read ROI [2384:3952, 6416:7984, 4112:5680] (1568, 1568, 1568) and write ROI [2880:3456, 6912:7488, 4608:5184] (576, 576, 576)
Recorded block-done for octoS0SubroiZ15683136Y78409408X1097612544Difficultsoma_pred_affs/3083 with read ROI [2384:3952, 6416:7984, 4112:5680] (1568, 1568, 1568) and write ROI [2880:3456, 6912:7488, 4608:5184] (576, 576, 576)
Recording block-done for octoS0SubroiZ15683136Y78409408X1097612544Difficultsoma_pred_affs/1947 with read ROI [2384:3952, 6992:8560, 1232:2800] (1568, 1568, 1568) and write ROI [2880:3456, 7488:8064, 1728:2304] (576, 576, 576)
Recorded block-done for octoS0SubroiZ15683136Y78409408X1097612544Difficultsoma_pred_affs/1947 with read ROI [2384:3952, 6992:8560, 1232:2800] (1568, 1568, 1568) and write ROI [2880:3456, 7488:8064, 1728:2304] (576, 576, 576)
Recording block-done for octoS0SubroiZ15683136Y78409408X1097612544Difficultsoma_pred_affs/3452 with read ROI [2384:3952, 6992:8560, 4112:5680] (1568, 1568, 1568) and write ROI [2880:3456, 7488:8064, 4608:5184] (576, 576, 576)
Recorded block-done for octoS0SubroiZ15683136Y78409408X1097612544Difficultsoma_pred_affs/3452 with read ROI [2384:3952, 6992:8560, 4112:5680] (1568, 1568, 1568) and write ROI [2880:3456, 7488:8064, 4608:5184] (576, 576, 576)
Recording block-done for octoS0SubroiZ15683136Y78409408X1097612544Difficultsoma_pred_affs/4236 with read ROI [2384:3952, 6992:8560, 5264:6832] (1568, 1568, 1568) and write ROI [2880:3456, 7488:8064, 5760:6336] (576, 576, 576)
Recorded block-done for octoS0SubroiZ15683136Y78409408X1097612544Difficultsoma_pred_affs/4236 with read ROI [2384:3952, 6992:8560, 5264:6832] (1568, 1568, 1568) and write ROI [2880:3456, 7488:8064, 5760:6336] (576, 576, 576)
Recording block-done for octoS0SubroiZ15683136Y78409408X1097612544Difficultsoma_pred_affs/5136 with read ROI [2384:3952, 6992:8560, 6416:7984] (1568, 1568, 1568) and write ROI [2880:3456, 7488:8064, 6912:7488] (576, 576, 576)
Recorded block-done for octoS0SubroiZ15683136Y78409408X1097612544Difficultsoma_pred_affs/5136 with read ROI [2384:3952, 6992:8560, 6416:7984] (1568, 1568, 1568) and write ROI [2880:3456, 7488:8064, 6912:7488] (576, 576, 576)
Recording block-done for octoS0SubroiZ15683136Y78409408X1097612544Difficultsoma_pred_affs/7316 with read ROI [2384:3952, 6992:8560, 8720:10288] (1568, 1568, 1568) and write ROI [2880:3456, 7488:8064, 9216:9792] (576, 576, 576)
Recorded block-done for octoS0SubroiZ15683136Y78409408X1097612544Difficultsoma_pred_affs/7316 with read ROI [2384:3952, 6992:8560, 8720:10288] (1568, 1568, 1568) and write ROI [2880:3456, 7488:8064, 9216:9792] (576, 576, 576)
Recording block-done for octoS0SubroiZ15683136Y78409408X1097612544Difficultsoma_pred_affs/4690 with read ROI [2384:3952, 7568:9136, 5264:6832] (1568, 1568, 1568) and write ROI [2880:3456, 8064:8640, 5760:6336] (576, 576, 576)
Recorded block-done for octoS0SubroiZ15683136Y78409408X1097612544Difficultsoma_pred_affs/4690 with read ROI [2384:3952, 7568:9136, 5264:6832] (1568, 1568, 1568) and write ROI [2880:3456, 8064:8640, 5760:6336] (576, 576, 576)
Recording block-done for octoS0SubroiZ15683136Y78409408X1097612544Difficultsoma_pred_affs/8631 with read ROI [2384:3952, 7568:9136, 9296:10864] (1568, 1568, 1568) and write ROI [2880:3456, 8064:8640, 9792:10368] (576, 576, 576)
Recorded block-done for octoS0SubroiZ15683136Y78409408X1097612544Difficultsoma_pred_affs/8631 with read ROI [2384:3952, 7568:9136, 9296:10864] (1568, 1568, 1568) and write ROI [2880:3456, 8064:8640, 9792:10368] (576, 576, 576)
Recording block-done for octoS0SubroiZ15683136Y78409408X1097612544Difficultsoma_pred_affs/7335 with read ROI [2384:3952, 7568:9136, 8144:9712] (1568, 1568, 1568) and write ROI [2880:3456, 8064:8640, 8640:9216] (576, 576, 576)
Recorded block-done for octoS0SubroiZ15683136Y78409408X1097612544Difficultsoma_pred_affs/7335 with read ROI [2384:3952, 7568:9136, 8144:9712] (1568, 1568, 1568) and write ROI [2880:3456, 8064:8640, 8640:9216] (576, 576, 576)
Recording block-done for octoS0SubroiZ15683136Y78409408X1097612544Difficultsoma_pred_affs/6740 with read ROI [2384:3952, 7568:9136, 7568:9136] (1568, 1568, 1568) and write ROI [2880:3456, 8064:8640, 8064:8640] (576, 576, 576)
Recorded block-done for octoS0SubroiZ15683136Y78409408X1097612544Difficultsoma_pred_affs/6740 with read ROI [2384:3952, 7568:9136, 7568:9136] (1568, 1568, 1568) and write ROI [2880:3456, 8064:8640, 8064:8640] (576, 576, 576)
Recording block-done for octoS0SubroiZ15683136Y78409408X1097612544Difficultsoma_pred_affs/1986 with read ROI [2384:3952, 8144:9712, 80:1648] (1568, 1568, 1568) and write ROI [2880:3456, 8640:9216, 576:1152] (576, 576, 576)
Recorded block-done for octoS0SubroiZ15683136Y78409408X1097612544Difficultsoma_pred_affs/1986 with read ROI [2384:3952, 8144:9712, 80:1648] (1568, 1568, 1568) and write ROI [2880:3456, 8640:9216, 576:1152] (576, 576, 576)
Recording block-done for octoS0SubroiZ15683136Y78409408X1097612544Difficultsoma_pred_affs/3161 with read ROI [2384:3952, 8720:10288, 1808:3376] (1568, 1568, 1568) and write ROI [2880:3456, 9216:9792, 2304:2880] (576, 576, 576)
Recorded block-done for octoS0SubroiZ15683136Y78409408X1097612544Difficultsoma_pred_affs/3161 with read ROI [2384:3952, 8720:10288, 1808:3376] (1568, 1568, 1568) and write ROI [2880:3456, 9216:9792, 2304:2880] (576, 576, 576)
Recording block-done for octoS0SubroiZ15683136Y78409408X1097612544Difficultsoma_pred_affs/3512 with read ROI [2384:3952, 8720:10288, 2384:3952] (1568, 1568, 1568) and write ROI [2880:3456, 9216:9792, 2880:3456] (576, 576, 576)
Recorded block-done for octoS0SubroiZ15683136Y78409408X1097612544Difficultsoma_pred_affs/3512 with read ROI [2384:3952, 8720:10288, 2384:3952] (1568, 1568, 1568) and write ROI [2880:3456, 9216:9792, 2880:3456] (576, 576, 576)
Recording block-done for octoS0SubroiZ15683136Y78409408X1097612544Difficultsoma_pred_affs/3890 with read ROI [2384:3952, 8720:10288, 2960:4528] (1568, 1568, 1568) and write ROI [2880:3456, 9216:9792, 3456:4032] (576, 576, 576)
Recorded block-done for octoS0SubroiZ15683136Y78409408X1097612544Difficultsoma_pred_affs/3890 with read ROI [2384:3952, 8720:10288, 2960:4528] (1568, 1568, 1568) and write ROI [2880:3456, 9216:9792, 3456:4032] (576, 576, 576)
Recording block-done for octoS0SubroiZ15683136Y78409408X1097612544Difficultsoma_pred_affs/5671 with read ROI [2384:3952, 8144:9712, 5840:7408] (1568, 1568, 1568) and write ROI [2880:3456, 8640:9216, 6336:6912] (576, 576, 576)
Recorded block-done for octoS0SubroiZ15683136Y78409408X1097612544Difficultsoma_pred_affs/5671 with read ROI [2384:3952, 8144:9712, 5840:7408] (1568, 1568, 1568) and write ROI [2880:3456, 8640:9216, 6336:6912] (576, 576, 576)
Recording block-done for octoS0SubroiZ15683136Y78409408X1097612544Difficultsoma_pred_affs/6220 with read ROI [2384:3952, 8720:10288, 5840:7408] (1568, 1568, 1568) and write ROI [2880:3456, 9216:9792, 6336:6912] (576, 576, 576)
Recorded block-done for octoS0SubroiZ15683136Y78409408X1097612544Difficultsoma_pred_affs/6220 with read ROI [2384:3952, 8720:10288, 5840:7408] (1568, 1568, 1568) and write ROI [2880:3456, 9216:9792, 6336:6912] (576, 576, 576)
Recording block-done for octoS0SubroiZ15683136Y78409408X1097612544Difficultsoma_pred_affs/10116 with read ROI [2384:3952, 8720:10288, 9296:10864] (1568, 1568, 1568) and write ROI [2880:3456, 9216:9792, 9792:10368] (576, 576, 576)
Recorded block-done for octoS0SubroiZ15683136Y78409408X1097612544Difficultsoma_pred_affs/10116 with read ROI [2384:3952, 8720:10288, 9296:10864] (1568, 1568, 1568) and write ROI [2880:3456, 9216:9792, 9792:10368] (576, 576, 576)
Recording block-done for octoS0SubroiZ15683136Y78409408X1097612544Difficultsoma_pred_affs/8672 with read ROI [2384:3952, 8720:10288, 8144:9712] (1568, 1568, 1568) and write ROI [2880:3456, 9216:9792, 8640:9216] (576, 576, 576)
Recorded block-done for octoS0SubroiZ15683136Y78409408X1097612544Difficultsoma_pred_affs/8672 with read ROI [2384:3952, 8720:10288, 8144:9712] (1568, 1568, 1568) and write ROI [2880:3456, 9216:9792, 8640:9216] (576, 576, 576)
Recording block-done for octoS0SubroiZ15683136Y78409408X1097612544Difficultsoma_pred_affs/2558 with read ROI [2384:3952, 9296:10864, 80:1648] (1568, 1568, 1568) and write ROI [2880:3456, 9792:10368, 576:1152] (576, 576, 576)
Recorded block-done for octoS0SubroiZ15683136Y78409408X1097612544Difficultsoma_pred_affs/2558 with read ROI [2384:3952, 9296:10864, 80:1648] (1568, 1568, 1568) and write ROI [2880:3456, 9792:10368, 576:1152] (576, 576, 576)
Recording block-done for octoS0SubroiZ15683136Y78409408X1097612544Difficultsoma_pred_affs/10918 with read ROI [2384:3952, 9296:10864, 9296:10864] (1568, 1568, 1568) and write ROI [2880:3456, 9792:10368, 9792:10368] (576, 576, 576)
Recorded block-done for octoS0SubroiZ15683136Y78409408X1097612544Difficultsoma_pred_affs/10918 with read ROI [2384:3952, 9296:10864, 9296:10864] (1568, 1568, 1568) and write ROI [2880:3456, 9792:10368, 9792:10368] (576, 576, 576)
Recording block-done for octoS0SubroiZ15683136Y78409408X1097612544Difficultsoma_pred_affs/4753 with read ROI [2384:3952, 9296:10864, 3536:5104] (1568, 1568, 1568) and write ROI [2880:3456, 9792:10368, 4032:4608] (576, 576, 576)
Recorded block-done for octoS0SubroiZ15683136Y78409408X1097612544Difficultsoma_pred_affs/4753 with read ROI [2384:3952, 9296:10864, 3536:5104] (1568, 1568, 1568) and write ROI [2880:3456, 9792:10368, 4032:4608] (576, 576, 576)
Recording block-done for octoS0SubroiZ15683136Y78409408X1097612544Difficultsoma_pred_affs/2881 with read ROI [2384:3952, 9872:11440, 80:1648] (1568, 1568, 1568) and write ROI [2880:3456, 10368:10944, 576:1152] (576, 576, 576)
Recorded block-done for octoS0SubroiZ15683136Y78409408X1097612544Difficultsoma_pred_affs/2881 with read ROI [2384:3952, 9872:11440, 80:1648] (1568, 1568, 1568) and write ROI [2880:3456, 10368:10944, 576:1152] (576, 576, 576)
Recording block-done for octoS0SubroiZ15683136Y78409408X1097612544Difficultsoma_pred_affs/3935 with read ROI [2384:3952, 9872:11440, 1808:3376] (1568, 1568, 1568) and write ROI [2880:3456, 10368:10944, 2304:2880] (576, 576, 576)
Recorded block-done for octoS0SubroiZ15683136Y78409408X1097612544Difficultsoma_pred_affs/3935 with read ROI [2384:3952, 9872:11440, 1808:3376] (1568, 1568, 1568) and write ROI [2880:3456, 10368:10944, 2304:2880] (576, 576, 576)
Recording block-done for octoS0SubroiZ15683136Y78409408X1097612544Difficultsoma_pred_affs/3959 with read ROI [2384:3952, 10448:12016, 1232:2800] (1568, 1568, 1568) and write ROI [2880:3456, 10944:11520, 1728:2304] (576, 576, 576)
Recorded block-done for octoS0SubroiZ15683136Y78409408X1097612544Difficultsoma_pred_affs/3959 with read ROI [2384:3952, 10448:12016, 1232:2800] (1568, 1568, 1568) and write ROI [2880:3456, 10944:11520, 1728:2304] (576, 576, 576)
Recording block-done for octoS0SubroiZ15683136Y78409408X1097612544Difficultsoma_pred_affs/5737 with read ROI [2384:3952, 9872:11440, 4112:5680] (1568, 1568, 1568) and write ROI [2880:3456, 10368:10944, 4608:5184] (576, 576, 576)
Recorded block-done for octoS0SubroiZ15683136Y78409408X1097612544Difficultsoma_pred_affs/5737 with read ROI [2384:3952, 9872:11440, 4112:5680] (1568, 1568, 1568) and write ROI [2880:3456, 10368:10944, 4608:5184] (576, 576, 576)
Recording block-done for octoS0SubroiZ15683136Y78409408X1097612544Difficultsoma_pred_affs/6289 with read ROI [2384:3952, 10448:12016, 4112:5680] (1568, 1568, 1568) and write ROI [2880:3456, 10944:11520, 4608:5184] (576, 576, 576)
Recorded block-done for octoS0SubroiZ15683136Y78409408X1097612544Difficultsoma_pred_affs/6289 with read ROI [2384:3952, 10448:12016, 4112:5680] (1568, 1568, 1568) and write ROI [2880:3456, 10944:11520, 4608:5184] (576, 576, 576)
Recording block-done for octoS0SubroiZ15683136Y78409408X1097612544Difficultsoma_pred_affs/11761 with read ROI [2384:3952, 9872:11440, 9296:10864] (1568, 1568, 1568) and write ROI [2880:3456, 10368:10944, 9792:10368] (576, 576, 576)
Recorded block-done for octoS0SubroiZ15683136Y78409408X1097612544Difficultsoma_pred_affs/11761 with read ROI [2384:3952, 9872:11440, 9296:10864] (1568, 1568, 1568) and write ROI [2880:3456, 10368:10944, 9792:10368] (576, 576, 576)
Recording block-done for octoS0SubroiZ15683136Y78409408X1097612544Difficultsoma_pred_affs/7445 with read ROI [2384:3952, 10448:12016, 5264:6832] (1568, 1568, 1568) and write ROI [2880:3456, 10944:11520, 5760:6336] (576, 576, 576)
Recorded block-done for octoS0SubroiZ15683136Y78409408X1097612544Difficultsoma_pred_affs/7445 with read ROI [2384:3952, 10448:12016, 5264:6832] (1568, 1568, 1568) and write ROI [2880:3456, 10944:11520, 5760:6336] (576, 576, 576)
Recording block-done for octoS0SubroiZ15683136Y78409408X1097612544Difficultsoma_pred_affs/207 with read ROI [2960:4528, 656:2224, 80:1648] (1568, 1568, 1568) and write ROI [3456:4032, 1152:1728, 576:1152] (576, 576, 576)
Recorded block-done for octoS0SubroiZ15683136Y78409408X1097612544Difficultsoma_pred_affs/207 with read ROI [2960:4528, 656:2224, 80:1648] (1568, 1568, 1568) and write ROI [3456:4032, 1152:1728, 576:1152] (576, 576, 576)
Recording block-done for octoS0SubroiZ15683136Y78409408X1097612544Difficultsoma_pred_affs/1003 with read ROI [2960:4528, 80:1648, 5264:6832] (1568, 1568, 1568) and write ROI [3456:4032, 576:1152, 5760:6336] (576, 576, 576)
Recorded block-done for octoS0SubroiZ15683136Y78409408X1097612544Difficultsoma_pred_affs/1003 with read ROI [2960:4528, 80:1648, 5264:6832] (1568, 1568, 1568) and write ROI [3456:4032, 576:1152, 5760:6336] (576, 576, 576)
Recording block-done for octoS0SubroiZ15683136Y78409408X1097612544Difficultsoma_pred_affs/1364 with read ROI [2960:4528, 80:1648, 6416:7984] (1568, 1568, 1568) and write ROI [3456:4032, 576:1152, 6912:7488] (576, 576, 576)
Recorded block-done for octoS0SubroiZ15683136Y78409408X1097612544Difficultsoma_pred_affs/1364 with read ROI [2960:4528, 80:1648, 6416:7984] (1568, 1568, 1568) and write ROI [3456:4032, 576:1152, 6912:7488] (576, 576, 576)
Recording block-done for octoS0SubroiZ15683136Y78409408X1097612544Difficultsoma_pred_affs/594 with read ROI [2960:4528, 80:1648, 3536:5104] (1568, 1568, 1568) and write ROI [3456:4032, 576:1152, 4032:4608] (576, 576, 576)
Recorded block-done for octoS0SubroiZ15683136Y78409408X1097612544Difficultsoma_pred_affs/594 with read ROI [2960:4528, 80:1648, 3536:5104] (1568, 1568, 1568) and write ROI [3456:4032, 576:1152, 4032:4608] (576, 576, 576)
Recording block-done for octoS0SubroiZ15683136Y78409408X1097612544Difficultsoma_pred_affs/722 with read ROI [2960:4528, 656:2224, 3536:5104] (1568, 1568, 1568) and write ROI [3456:4032, 1152:1728, 4032:4608] (576, 576, 576)
Recorded block-done for octoS0SubroiZ15683136Y78409408X1097612544Difficultsoma_pred_affs/722 with read ROI [2960:4528, 656:2224, 3536:5104] (1568, 1568, 1568) and write ROI [3456:4032, 1152:1728, 4032:4608] (576, 576, 576)
Recording block-done for octoS0SubroiZ15683136Y78409408X1097612544Difficultsoma_pred_affs/3696 with read ROI [2960:4528, 656:2224, 10448:12016] (1568, 1568, 1568) and write ROI [3456:4032, 1152:1728, 10944:11520] (576, 576, 576)
Recorded block-done for octoS0SubroiZ15683136Y78409408X1097612544Difficultsoma_pred_affs/3696 with read ROI [2960:4528, 656:2224, 10448:12016] (1568, 1568, 1568) and write ROI [3456:4032, 1152:1728, 10944:11520] (576, 576, 576)
Recording block-done for octoS0SubroiZ15683136Y78409408X1097612544Difficultsoma_pred_affs/415 with read ROI [2960:4528, 1232:2800, 1232:2800] (1568, 1568, 1568) and write ROI [3456:4032, 1728:2304, 1728:2304] (576, 576, 576)
Recorded block-done for octoS0SubroiZ15683136Y78409408X1097612544Difficultsoma_pred_affs/415 with read ROI [2960:4528, 1232:2800, 1232:2800] (1568, 1568, 1568) and write ROI [3456:4032, 1728:2304, 1728:2304] (576, 576, 576)
Recording block-done for octoS0SubroiZ15683136Y78409408X1097612544Difficultsoma_pred_affs/1020 with read ROI [2960:4528, 1232:2800, 4112:5680] (1568, 1568, 1568) and write ROI [3456:4032, 1728:2304, 4608:5184] (576, 576, 576)
Recorded block-done for octoS0SubroiZ15683136Y78409408X1097612544Difficultsoma_pred_affs/1020 with read ROI [2960:4528, 1232:2800, 4112:5680] (1568, 1568, 1568) and write ROI [3456:4032, 1728:2304, 4608:5184] (576, 576, 576)
Recording block-done for octoS0SubroiZ15683136Y78409408X1097612544Difficultsoma_pred_affs/1813 with read ROI [2960:4528, 656:2224, 6992:8560] (1568, 1568, 1568) and write ROI [3456:4032, 1152:1728, 7488:8064] (576, 576, 576)
Recorded block-done for octoS0SubroiZ15683136Y78409408X1097612544Difficultsoma_pred_affs/1813 with read ROI [2960:4528, 656:2224, 6992:8560] (1568, 1568, 1568) and write ROI [3456:4032, 1152:1728, 7488:8064] (576, 576, 576)
Recording block-done for octoS0SubroiZ15683136Y78409408X1097612544Difficultsoma_pred_affs/2351 with read ROI [2960:4528, 1232:2800, 7568:9136] (1568, 1568, 1568) and write ROI [3456:4032, 1728:2304, 8064:8640] (576, 576, 576)
Recorded block-done for octoS0SubroiZ15683136Y78409408X1097612544Difficultsoma_pred_affs/2351 with read ROI [2960:4528, 1232:2800, 7568:9136] (1568, 1568, 1568) and write ROI [3456:4032, 1728:2304, 8064:8640] (576, 576, 576)
Recording block-done for octoS0SubroiZ15683136Y78409408X1097612544Difficultsoma_pred_affs/425 with read ROI [2960:4528, 1808:3376, 656:2224] (1568, 1568, 1568) and write ROI [3456:4032, 2304:2880, 1152:1728] (576, 576, 576)
Recorded block-done for octoS0SubroiZ15683136Y78409408X1097612544Difficultsoma_pred_affs/425 with read ROI [2960:4528, 1808:3376, 656:2224] (1568, 1568, 1568) and write ROI [3456:4032, 2304:2880, 1152:1728] (576, 576, 576)
Recording block-done for octoS0SubroiZ15683136Y78409408X1097612544Difficultsoma_pred_affs/741 with read ROI [2960:4528, 1808:3376, 2384:3952] (1568, 1568, 1568) and write ROI [3456:4032, 2304:2880, 2880:3456] (576, 576, 576)
Recorded block-done for octoS0SubroiZ15683136Y78409408X1097612544Difficultsoma_pred_affs/741 with read ROI [2960:4528, 1808:3376, 2384:3952] (1568, 1568, 1568) and write ROI [3456:4032, 2304:2880, 2880:3456] (576, 576, 576)
Recording block-done for octoS0SubroiZ15683136Y78409408X1097612544Difficultsoma_pred_affs/3715 with read ROI [2960:4528, 1808:3376, 9296:10864] (1568, 1568, 1568) and write ROI [3456:4032, 2304:2880, 9792:10368] (576, 576, 576)
Recorded block-done for octoS0SubroiZ15683136Y78409408X1097612544Difficultsoma_pred_affs/3715 with read ROI [2960:4528, 1808:3376, 9296:10864] (1568, 1568, 1568) and write ROI [3456:4032, 2304:2880, 9792:10368] (576, 576, 576)
Recording block-done for octoS0SubroiZ15683136Y78409408X1097612544Difficultsoma_pred_affs/632 with read ROI [2960:4528, 2384:3952, 1232:2800] (1568, 1568, 1568) and write ROI [3456:4032, 2880:3456, 1728:2304] (576, 576, 576)
Recorded block-done for octoS0SubroiZ15683136Y78409408X1097612544Difficultsoma_pred_affs/632 with read ROI [2960:4528, 2384:3952, 1232:2800] (1568, 1568, 1568) and write ROI [3456:4032, 2880:3456, 1728:2304] (576, 576, 576)
Recording block-done for octoS0SubroiZ15683136Y78409408X1097612544Difficultsoma_pred_affs/2661 with read ROI [2960:4528, 1808:3376, 7568:9136] (1568, 1568, 1568) and write ROI [3456:4032, 2304:2880, 8064:8640] (576, 576, 576)
Recorded block-done for octoS0SubroiZ15683136Y78409408X1097612544Difficultsoma_pred_affs/2661 with read ROI [2960:4528, 1808:3376, 7568:9136] (1568, 1568, 1568) and write ROI [3456:4032, 2304:2880, 8064:8640] (576, 576, 576)
Recording block-done for octoS0SubroiZ15683136Y78409408X1097612544Difficultsoma_pred_affs/2096 with read ROI [2960:4528, 2384:3952, 5840:7408] (1568, 1568, 1568) and write ROI [3456:4032, 2880:3456, 6336:6912] (576, 576, 576)
Recorded block-done for octoS0SubroiZ15683136Y78409408X1097612544Difficultsoma_pred_affs/2096 with read ROI [2960:4528, 2384:3952, 5840:7408] (1568, 1568, 1568) and write ROI [3456:4032, 2880:3456, 6336:6912] (576, 576, 576)
Recording block-done for octoS0SubroiZ15683136Y78409408X1097612544Difficultsoma_pred_affs/2372 with read ROI [2960:4528, 2384:3952, 6416:7984] (1568, 1568, 1568) and write ROI [3456:4032, 2880:3456, 6912:7488] (576, 576, 576)
Recorded block-done for octoS0SubroiZ15683136Y78409408X1097612544Difficultsoma_pred_affs/2372 with read ROI [2960:4528, 2384:3952, 6416:7984] (1568, 1568, 1568) and write ROI [3456:4032, 2880:3456, 6912:7488] (576, 576, 576)
Recording block-done for octoS0SubroiZ15683136Y78409408X1097612544Difficultsoma_pred_affs/1053 with read ROI [2960:4528, 2960:4528, 2384:3952] (1568, 1568, 1568) and write ROI [3456:4032, 3456:4032, 2880:3456] (576, 576, 576)
Recorded block-done for octoS0SubroiZ15683136Y78409408X1097612544Difficultsoma_pred_affs/1053 with read ROI [2960:4528, 2960:4528, 2384:3952] (1568, 1568, 1568) and write ROI [3456:4032, 3456:4032, 2880:3456] (576, 576, 576)
Recording block-done for octoS0SubroiZ15683136Y78409408X1097612544Difficultsoma_pred_affs/644 with read ROI [2960:4528, 2960:4528, 656:2224] (1568, 1568, 1568) and write ROI [3456:4032, 3456:4032, 1152:1728] (576, 576, 576)
Recorded block-done for octoS0SubroiZ15683136Y78409408X1097612544Difficultsoma_pred_affs/644 with read ROI [2960:4528, 2960:4528, 656:2224] (1568, 1568, 1568) and write ROI [3456:4032, 3456:4032, 1152:1728] (576, 576, 576)
Recording block-done for octoS0SubroiZ15683136Y78409408X1097612544Difficultsoma_pred_affs/2108 with read ROI [2960:4528, 2960:4528, 5264:6832] (1568, 1568, 1568) and write ROI [3456:4032, 3456:4032, 5760:6336] (576, 576, 576)
Recorded block-done for octoS0SubroiZ15683136Y78409408X1097612544Difficultsoma_pred_affs/2108 with read ROI [2960:4528, 2960:4528, 5264:6832] (1568, 1568, 1568) and write ROI [3456:4032, 3456:4032, 5760:6336] (576, 576, 576)
Recording block-done for octoS0SubroiZ15683136Y78409408X1097612544Difficultsoma_pred_affs/4144 with read ROI [2960:4528, 2960:4528, 8720:10288] (1568, 1568, 1568) and write ROI [3456:4032, 3456:4032, 9216:9792] (576, 576, 576)
Recorded block-done for octoS0SubroiZ15683136Y78409408X1097612544Difficultsoma_pred_affs/4144 with read ROI [2960:4528, 2960:4528, 8720:10288] (1568, 1568, 1568) and write ROI [3456:4032, 3456:4032, 9216:9792] (576, 576, 576)
Recording block-done for octoS0SubroiZ15683136Y78409408X1097612544Difficultsoma_pred_affs/3022 with read ROI [2960:4528, 3536:5104, 6416:7984] (1568, 1568, 1568) and write ROI [3456:4032, 4032:4608, 6912:7488] (576, 576, 576)
Recorded block-done for octoS0SubroiZ15683136Y78409408X1097612544Difficultsoma_pred_affs/3022 with read ROI [2960:4528, 3536:5104, 6416:7984] (1568, 1568, 1568) and write ROI [3456:4032, 4032:4608, 6912:7488] (576, 576, 576)
Recording block-done for octoS0SubroiZ15683136Y78409408X1097612544Difficultsoma_pred_affs/1251 with read ROI [2960:4528, 4112:5680, 1808:3376] (1568, 1568, 1568) and write ROI [3456:4032, 4608:5184, 2304:2880] (576, 576, 576)
Recorded block-done for octoS0SubroiZ15683136Y78409408X1097612544Difficultsoma_pred_affs/1251 with read ROI [2960:4528, 4112:5680, 1808:3376] (1568, 1568, 1568) and write ROI [3456:4032, 4608:5184, 2304:2880] (576, 576, 576)
Recording block-done for octoS0SubroiZ15683136Y78409408X1097612544Difficultsoma_pred_affs/2411 with read ROI [2960:4528, 4112:5680, 4688:6256] (1568, 1568, 1568) and write ROI [3456:4032, 4608:5184, 5184:5760] (576, 576, 576)
Recorded block-done for octoS0SubroiZ15683136Y78409408X1097612544Difficultsoma_pred_affs/2411 with read ROI [2960:4528, 4112:5680, 4688:6256] (1568, 1568, 1568) and write ROI [3456:4032, 4608:5184, 5184:5760] (576, 576, 576)
Recording block-done for octoS0SubroiZ15683136Y78409408X1097612544Difficultsoma_pred_affs/3387 with read ROI [2960:4528, 4112:5680, 6416:7984] (1568, 1568, 1568) and write ROI [3456:4032, 4608:5184, 6912:7488] (576, 576, 576)
Recorded block-done for octoS0SubroiZ15683136Y78409408X1097612544Difficultsoma_pred_affs/3387 with read ROI [2960:4528, 4112:5680, 6416:7984] (1568, 1568, 1568) and write ROI [3456:4032, 4608:5184, 6912:7488] (576, 576, 576)
Recording block-done for octoS0SubroiZ15683136Y78409408X1097612544Difficultsoma_pred_affs/5071 with read ROI [2960:4528, 4112:5680, 8720:10288] (1568, 1568, 1568) and write ROI [3456:4032, 4608:5184, 9216:9792] (576, 576, 576)
Recorded block-done for octoS0SubroiZ15683136Y78409408X1097612544Difficultsoma_pred_affs/5071 with read ROI [2960:4528, 4112:5680, 8720:10288] (1568, 1568, 1568) and write ROI [3456:4032, 4608:5184, 9216:9792] (576, 576, 576)
Recording block-done for octoS0SubroiZ15683136Y78409408X1097612544Difficultsoma_pred_affs/6095 with read ROI [2960:4528, 4112:5680, 9872:11440] (1568, 1568, 1568) and write ROI [3456:4032, 4608:5184, 10368:10944] (576, 576, 576)
Recorded block-done for octoS0SubroiZ15683136Y78409408X1097612544Difficultsoma_pred_affs/6095 with read ROI [2960:4528, 4112:5680, 9872:11440] (1568, 1568, 1568) and write ROI [3456:4032, 4608:5184, 10368:10944] (576, 576, 576)
Recording block-done for octoS0SubroiZ15683136Y78409408X1097612544Difficultsoma_pred_affs/4157 with read ROI [2960:4528, 3536:5104, 8144:9712] (1568, 1568, 1568) and write ROI [3456:4032, 4032:4608, 8640:9216] (576, 576, 576)
Recorded block-done for octoS0SubroiZ15683136Y78409408X1097612544Difficultsoma_pred_affs/4157 with read ROI [2960:4528, 3536:5104, 8144:9712] (1568, 1568, 1568) and write ROI [3456:4032, 4032:4608, 8640:9216] (576, 576, 576)
Recording block-done for octoS0SubroiZ15683136Y78409408X1097612544Difficultsoma_pred_affs/2426 with read ROI [2960:4528, 4688:6256, 4112:5680] (1568, 1568, 1568) and write ROI [3456:4032, 5184:5760, 4608:5184] (576, 576, 576)
Recorded block-done for octoS0SubroiZ15683136Y78409408X1097612544Difficultsoma_pred_affs/2426 with read ROI [2960:4528, 4688:6256, 4112:5680] (1568, 1568, 1568) and write ROI [3456:4032, 5184:5760, 4608:5184] (576, 576, 576)
Recording block-done for octoS0SubroiZ15683136Y78409408X1097612544Difficultsoma_pred_affs/3051 with read ROI [2960:4528, 4688:6256, 5264:6832] (1568, 1568, 1568) and write ROI [3456:4032, 5184:5760, 5760:6336] (576, 576, 576)
Recorded block-done for octoS0SubroiZ15683136Y78409408X1097612544Difficultsoma_pred_affs/3051 with read ROI [2960:4528, 4688:6256, 5264:6832] (1568, 1568, 1568) and write ROI [3456:4032, 5184:5760, 5760:6336] (576, 576, 576)
Recording block-done for octoS0SubroiZ15683136Y78409408X1097612544Difficultsoma_pred_affs/2742 with read ROI [2960:4528, 5264:6832, 4112:5680] (1568, 1568, 1568) and write ROI [3456:4032, 5760:6336, 4608:5184] (576, 576, 576)
Recorded block-done for octoS0SubroiZ15683136Y78409408X1097612544Difficultsoma_pred_affs/2742 with read ROI [2960:4528, 5264:6832, 4112:5680] (1568, 1568, 1568) and write ROI [3456:4032, 5760:6336, 4608:5184] (576, 576, 576)
Recording block-done for octoS0SubroiZ15683136Y78409408X1097612544Difficultsoma_pred_affs/6126 with read ROI [2960:4528, 5264:6832, 8720:10288] (1568, 1568, 1568) and write ROI [3456:4032, 5760:6336, 9216:9792] (576, 576, 576)
Recorded block-done for octoS0SubroiZ15683136Y78409408X1097612544Difficultsoma_pred_affs/6126 with read ROI [2960:4528, 5264:6832, 8720:10288] (1568, 1568, 1568) and write ROI [3456:4032, 5760:6336, 9216:9792] (576, 576, 576)
Recording block-done for octoS0SubroiZ15683136Y78409408X1097612544Difficultsoma_pred_affs/1299 with read ROI [2960:4528, 5840:7408, 80:1648] (1568, 1568, 1568) and write ROI [3456:4032, 6336:6912, 576:1152] (576, 576, 576)
Recorded block-done for octoS0SubroiZ15683136Y78409408X1097612544Difficultsoma_pred_affs/1299 with read ROI [2960:4528, 5840:7408, 80:1648] (1568, 1568, 1568) and write ROI [3456:4032, 6336:6912, 576:1152] (576, 576, 576)
Recording block-done for octoS0SubroiZ15683136Y78409408X1097612544Difficultsoma_pred_affs/5102 with read ROI [2960:4528, 5264:6832, 7568:9136] (1568, 1568, 1568) and write ROI [3456:4032, 5760:6336, 8064:8640] (576, 576, 576)
Recorded block-done for octoS0SubroiZ15683136Y78409408X1097612544Difficultsoma_pred_affs/5102 with read ROI [2960:4528, 5264:6832, 7568:9136] (1568, 1568, 1568) and write ROI [3456:4032, 5760:6336, 8064:8640] (576, 576, 576)
Recording block-done for octoS0SubroiZ15683136Y78409408X1097612544Difficultsoma_pred_affs/5119 with read ROI [2960:4528, 5840:7408, 6992:8560] (1568, 1568, 1568) and write ROI [3456:4032, 6336:6912, 7488:8064] (576, 576, 576)
Recorded block-done for octoS0SubroiZ15683136Y78409408X1097612544Difficultsoma_pred_affs/5119 with read ROI [2960:4528, 5840:7408, 6992:8560] (1568, 1568, 1568) and write ROI [3456:4032, 6336:6912, 7488:8064] (576, 576, 576)
Recording block-done for octoS0SubroiZ15683136Y78409408X1097612544Difficultsoma_pred_affs/1507 with read ROI [2960:4528, 6416:7984, 80:1648] (1568, 1568, 1568) and write ROI [3456:4032, 6912:7488, 576:1152] (576, 576, 576)
Recorded block-done for octoS0SubroiZ15683136Y78409408X1097612544Difficultsoma_pred_affs/1507 with read ROI [2960:4528, 6416:7984, 80:1648] (1568, 1568, 1568) and write ROI [3456:4032, 6912:7488, 576:1152] (576, 576, 576)
Recording block-done for octoS0SubroiZ15683136Y78409408X1097612544Difficultsoma_pred_affs/1717 with read ROI [2960:4528, 6416:7984, 656:2224] (1568, 1568, 1568) and write ROI [3456:4032, 6912:7488, 1152:1728] (576, 576, 576)
Recorded block-done for octoS0SubroiZ15683136Y78409408X1097612544Difficultsoma_pred_affs/1717 with read ROI [2960:4528, 6416:7984, 656:2224] (1568, 1568, 1568) and write ROI [3456:4032, 6912:7488, 1152:1728] (576, 576, 576)
Recording block-done for octoS0SubroiZ15683136Y78409408X1097612544Difficultsoma_pred_affs/5615 with read ROI [2960:4528, 5840:7408, 7568:9136] (1568, 1568, 1568) and write ROI [3456:4032, 6336:6912, 8064:8640] (576, 576, 576)
Recorded block-done for octoS0SubroiZ15683136Y78409408X1097612544Difficultsoma_pred_affs/5615 with read ROI [2960:4528, 5840:7408, 7568:9136] (1568, 1568, 1568) and write ROI [3456:4032, 6336:6912, 8064:8640] (576, 576, 576)
Recording block-done for octoS0SubroiZ15683136Y78409408X1097612544Difficultsoma_pred_affs/6161 with read ROI [2960:4528, 6416:7984, 7568:9136] (1568, 1568, 1568) and write ROI [3456:4032, 6912:7488, 8064:8640] (576, 576, 576)
Recorded block-done for octoS0SubroiZ15683136Y78409408X1097612544Difficultsoma_pred_affs/6161 with read ROI [2960:4528, 6416:7984, 7568:9136] (1568, 1568, 1568) and write ROI [3456:4032, 6912:7488, 8064:8640] (576, 576, 576)
Recording block-done for octoS0SubroiZ15683136Y78409408X1097612544Difficultsoma_pred_affs/2496 with read ROI [2960:4528, 6992:8560, 1808:3376] (1568, 1568, 1568) and write ROI [3456:4032, 7488:8064, 2304:2880] (576, 576, 576)
Recorded block-done for octoS0SubroiZ15683136Y78409408X1097612544Difficultsoma_pred_affs/2496 with read ROI [2960:4528, 6992:8560, 1808:3376] (1568, 1568, 1568) and write ROI [3456:4032, 7488:8064, 2304:2880] (576, 576, 576)
Recording block-done for octoS0SubroiZ15683136Y78409408X1097612544Difficultsoma_pred_affs/4256 with read ROI [2960:4528, 6992:8560, 4688:6256] (1568, 1568, 1568) and write ROI [3456:4032, 7488:8064, 5184:5760] (576, 576, 576)
Recorded block-done for octoS0SubroiZ15683136Y78409408X1097612544Difficultsoma_pred_affs/4256 with read ROI [2960:4528, 6992:8560, 4688:6256] (1568, 1568, 1568) and write ROI [3456:4032, 7488:8064, 5184:5760] (576, 576, 576)
Recording block-done for octoS0SubroiZ15683136Y78409408X1097612544Difficultsoma_pred_affs/3121 with read ROI [2960:4528, 6992:8560, 2960:4528] (1568, 1568, 1568) and write ROI [3456:4032, 7488:8064, 3456:4032] (576, 576, 576)
Recorded block-done for octoS0SubroiZ15683136Y78409408X1097612544Difficultsoma_pred_affs/3121 with read ROI [2960:4528, 6992:8560, 2960:4528] (1568, 1568, 1568) and write ROI [3456:4032, 7488:8064, 3456:4032] (576, 576, 576)
Recording block-done for octoS0SubroiZ15683136Y78409408X1097612544Difficultsoma_pred_affs/6761 with read ROI [2960:4528, 7568:9136, 6992:8560] (1568, 1568, 1568) and write ROI [3456:4032, 8064:8640, 7488:8064] (576, 576, 576)
Recorded block-done for octoS0SubroiZ15683136Y78409408X1097612544Difficultsoma_pred_affs/6761 with read ROI [2960:4528, 7568:9136, 6992:8560] (1568, 1568, 1568) and write ROI [3456:4032, 8064:8640, 7488:8064] (576, 576, 576)
Recording block-done for octoS0SubroiZ15683136Y78409408X1097612544Difficultsoma_pred_affs/6221 with read ROI [2960:4528, 8144:9712, 5840:7408] (1568, 1568, 1568) and write ROI [3456:4032, 8640:9216, 6336:6912] (576, 576, 576)
Recorded block-done for octoS0SubroiZ15683136Y78409408X1097612544Difficultsoma_pred_affs/6221 with read ROI [2960:4528, 8144:9712, 5840:7408] (1568, 1568, 1568) and write ROI [3456:4032, 8640:9216, 6336:6912] (576, 576, 576)
Recording block-done for octoS0SubroiZ15683136Y78409408X1097612544Difficultsoma_pred_affs/4732 with read ROI [2960:4528, 8144:9712, 4112:5680] (1568, 1568, 1568) and write ROI [3456:4032, 8640:9216, 4608:5184] (576, 576, 576)
Recorded block-done for octoS0SubroiZ15683136Y78409408X1097612544Difficultsoma_pred_affs/4732 with read ROI [2960:4528, 8144:9712, 4112:5680] (1568, 1568, 1568) and write ROI [3456:4032, 8640:9216, 4608:5184] (576, 576, 576)
Recording block-done for octoS0SubroiZ15683136Y78409408X1097612544Difficultsoma_pred_affs/2859 with read ROI [2960:4528, 8720:10288, 656:2224] (1568, 1568, 1568) and write ROI [3456:4032, 9216:9792, 1152:1728] (576, 576, 576)
Recorded block-done for octoS0SubroiZ15683136Y78409408X1097612544Difficultsoma_pred_affs/2859 with read ROI [2960:4528, 8720:10288, 656:2224] (1568, 1568, 1568) and write ROI [3456:4032, 9216:9792, 1152:1728] (576, 576, 576)
Recording block-done for octoS0SubroiZ15683136Y78409408X1097612544Difficultsoma_pred_affs/10117 with read ROI [2960:4528, 8144:9712, 9296:10864] (1568, 1568, 1568) and write ROI [3456:4032, 8640:9216, 9792:10368] (576, 576, 576)
Recorded block-done for octoS0SubroiZ15683136Y78409408X1097612544Difficultsoma_pred_affs/10117 with read ROI [2960:4528, 8144:9712, 9296:10864] (1568, 1568, 1568) and write ROI [3456:4032, 8640:9216, 9792:10368] (576, 576, 576)
Recording block-done for octoS0SubroiZ15683136Y78409408X1097612544Difficultsoma_pred_affs/7399 with read ROI [2960:4528, 8720:10288, 6416:7984] (1568, 1568, 1568) and write ROI [3456:4032, 9216:9792, 6912:7488] (576, 576, 576)
Recorded block-done for octoS0SubroiZ15683136Y78409408X1097612544Difficultsoma_pred_affs/7399 with read ROI [2960:4528, 8720:10288, 6416:7984] (1568, 1568, 1568) and write ROI [3456:4032, 9216:9792, 6912:7488] (576, 576, 576)
Recording block-done for octoS0SubroiZ15683136Y78409408X1097612544Difficultsoma_pred_affs/10919 with read ROI [2960:4528, 8720:10288, 9296:10864] (1568, 1568, 1568) and write ROI [3456:4032, 9216:9792, 9792:10368] (576, 576, 576)
Recorded block-done for octoS0SubroiZ15683136Y78409408X1097612544Difficultsoma_pred_affs/10919 with read ROI [2960:4528, 8720:10288, 9296:10864] (1568, 1568, 1568) and write ROI [3456:4032, 9216:9792, 9792:10368] (576, 576, 576)
Recording block-done for octoS0SubroiZ15683136Y78409408X1097612544Difficultsoma_pred_affs/4342 with read ROI [2960:4528, 9296:10864, 2384:3952] (1568, 1568, 1568) and write ROI [3456:4032, 9792:10368, 2880:3456] (576, 576, 576)
Recorded block-done for octoS0SubroiZ15683136Y78409408X1097612544Difficultsoma_pred_affs/4342 with read ROI [2960:4528, 9296:10864, 2384:3952] (1568, 1568, 1568) and write ROI [3456:4032, 9792:10368, 2880:3456] (576, 576, 576)
Recording block-done for octoS0SubroiZ15683136Y78409408X1097612544Difficultsoma_pred_affs/7422 with read ROI [2960:4528, 9296:10864, 5840:7408] (1568, 1568, 1568) and write ROI [3456:4032, 9792:10368, 6336:6912] (576, 576, 576)
Recorded block-done for octoS0SubroiZ15683136Y78409408X1097612544Difficultsoma_pred_affs/7422 with read ROI [2960:4528, 9296:10864, 5840:7408] (1568, 1568, 1568) and write ROI [3456:4032, 9792:10368, 6336:6912] (576, 576, 576)
Recording block-done for octoS0SubroiZ15683136Y78409408X1097612544Difficultsoma_pred_affs/11762 with read ROI [2960:4528, 9296:10864, 9296:10864] (1568, 1568, 1568) and write ROI [3456:4032, 9792:10368, 9792:10368] (576, 576, 576)
Recorded block-done for octoS0SubroiZ15683136Y78409408X1097612544Difficultsoma_pred_affs/11762 with read ROI [2960:4528, 9296:10864, 9296:10864] (1568, 1568, 1568) and write ROI [3456:4032, 9792:10368, 9792:10368] (576, 576, 576)
Recording block-done for octoS0SubroiZ15683136Y78409408X1097612544Difficultsoma_pred_affs/3582 with read ROI [2960:4528, 9872:11440, 656:2224] (1568, 1568, 1568) and write ROI [3456:4032, 10368:10944, 1152:1728] (576, 576, 576)
Recorded block-done for octoS0SubroiZ15683136Y78409408X1097612544Difficultsoma_pred_affs/3582 with read ROI [2960:4528, 9872:11440, 656:2224] (1568, 1568, 1568) and write ROI [3456:4032, 10368:10944, 1152:1728] (576, 576, 576)
Recording block-done for octoS0SubroiZ15683136Y78409408X1097612544Difficultsoma_pred_affs/11786 with read ROI [2960:4528, 9872:11440, 8720:10288] (1568, 1568, 1568) and write ROI [3456:4032, 10368:10944, 9216:9792] (576, 576, 576)
Recorded block-done for octoS0SubroiZ15683136Y78409408X1097612544Difficultsoma_pred_affs/11786 with read ROI [2960:4528, 9872:11440, 8720:10288] (1568, 1568, 1568) and write ROI [3456:4032, 10368:10944, 9216:9792] (576, 576, 576)
Recording block-done for octoS0SubroiZ15683136Y78409408X1097612544Difficultsoma_pred_affs/10186 with read ROI [2960:4528, 9872:11440, 7568:9136] (1568, 1568, 1568) and write ROI [3456:4032, 10368:10944, 8064:8640] (576, 576, 576)
Recorded block-done for octoS0SubroiZ15683136Y78409408X1097612544Difficultsoma_pred_affs/10186 with read ROI [2960:4528, 9872:11440, 7568:9136] (1568, 1568, 1568) and write ROI [3456:4032, 10368:10944, 8064:8640] (576, 576, 576)
Recording block-done for octoS0SubroiZ15683136Y78409408X1097612544Difficultsoma_pred_affs/4826 with read ROI [2960:4528, 10448:12016, 1808:3376] (1568, 1568, 1568) and write ROI [3456:4032, 10944:11520, 2304:2880] (576, 576, 576)
Recorded block-done for octoS0SubroiZ15683136Y78409408X1097612544Difficultsoma_pred_affs/4826 with read ROI [2960:4528, 10448:12016, 1808:3376] (1568, 1568, 1568) and write ROI [3456:4032, 10944:11520, 2304:2880] (576, 576, 576)
Recording block-done for octoS0SubroiZ15683136Y78409408X1097612544Difficultsoma_pred_affs/5787 with read ROI [2960:4528, 10448:12016, 2960:4528] (1568, 1568, 1568) and write ROI [3456:4032, 10944:11520, 3456:4032] (576, 576, 576)
Recorded block-done for octoS0SubroiZ15683136Y78409408X1097612544Difficultsoma_pred_affs/5787 with read ROI [2960:4528, 10448:12016, 2960:4528] (1568, 1568, 1568) and write ROI [3456:4032, 10944:11520, 3456:4032] (576, 576, 576)
Recording block-done for octoS0SubroiZ15683136Y78409408X1097612544Difficultsoma_pred_affs/7471 with read ROI [2960:4528, 10448:12016, 4688:6256] (1568, 1568, 1568) and write ROI [3456:4032, 10944:11520, 5184:5760] (576, 576, 576)
Recorded block-done for octoS0SubroiZ15683136Y78409408X1097612544Difficultsoma_pred_affs/7471 with read ROI [2960:4528, 10448:12016, 4688:6256] (1568, 1568, 1568) and write ROI [3456:4032, 10944:11520, 5184:5760] (576, 576, 576)
Recording block-done for octoS0SubroiZ15683136Y78409408X1097612544Difficultsoma_pred_affs/1373 with read ROI [3536:5104, 80:1648, 5840:7408] (1568, 1568, 1568) and write ROI [4032:4608, 576:1152, 6336:6912] (576, 576, 576)
Recorded block-done for octoS0SubroiZ15683136Y78409408X1097612544Difficultsoma_pred_affs/1373 with read ROI [3536:5104, 80:1648, 5840:7408] (1568, 1568, 1568) and write ROI [4032:4608, 576:1152, 6336:6912] (576, 576, 576)
Recording block-done for octoS0SubroiZ15683136Y78409408X1097612544Difficultsoma_pred_affs/2968 with read ROI [3536:5104, 80:1648, 9296:10864] (1568, 1568, 1568) and write ROI [4032:4608, 576:1152, 9792:10368] (576, 576, 576)
Recorded block-done for octoS0SubroiZ15683136Y78409408X1097612544Difficultsoma_pred_affs/2968 with read ROI [3536:5104, 80:1648, 9296:10864] (1568, 1568, 1568) and write ROI [4032:4608, 576:1152, 9792:10368] (576, 576, 576)
Recording block-done for octoS0SubroiZ15683136Y78409408X1097612544Difficultsoma_pred_affs/3319 with read ROI [3536:5104, 80:1648, 9872:11440] (1568, 1568, 1568) and write ROI [4032:4608, 576:1152, 10368:10944] (576, 576, 576)
Recorded block-done for octoS0SubroiZ15683136Y78409408X1097612544Difficultsoma_pred_affs/3319 with read ROI [3536:5104, 80:1648, 9872:11440] (1568, 1568, 1568) and write ROI [4032:4608, 576:1152, 10368:10944] (576, 576, 576)
Recording block-done for octoS0SubroiZ15683136Y78409408X1097612544Difficultsoma_pred_affs/1583 with read ROI [3536:5104, 80:1648, 6416:7984] (1568, 1568, 1568) and write ROI [4032:4608, 576:1152, 6912:7488] (576, 576, 576)
Recorded block-done for octoS0SubroiZ15683136Y78409408X1097612544Difficultsoma_pred_affs/1583 with read ROI [3536:5104, 80:1648, 6416:7984] (1568, 1568, 1568) and write ROI [4032:4608, 576:1152, 6912:7488] (576, 576, 576)
Recording block-done for octoS0SubroiZ15683136Y78409408X1097612544Difficultsoma_pred_affs/868 with read ROI [3536:5104, 656:2224, 3536:5104] (1568, 1568, 1568) and write ROI [4032:4608, 1152:1728, 4032:4608] (576, 576, 576)
Recorded block-done for octoS0SubroiZ15683136Y78409408X1097612544Difficultsoma_pred_affs/868 with read ROI [3536:5104, 656:2224, 3536:5104] (1568, 1568, 1568) and write ROI [4032:4608, 1152:1728, 4032:4608] (576, 576, 576)
Recording block-done for octoS0SubroiZ15683136Y78409408X1097612544Difficultsoma_pred_affs/4112 with read ROI [3536:5104, 656:2224, 10448:12016] (1568, 1568, 1568) and write ROI [4032:4608, 1152:1728, 10944:11520] (576, 576, 576)
Recorded block-done for octoS0SubroiZ15683136Y78409408X1097612544Difficultsoma_pred_affs/4112 with read ROI [3536:5104, 656:2224, 10448:12016] (1568, 1568, 1568) and write ROI [4032:4608, 1152:1728, 10944:11520] (576, 576, 576)
Recording block-done for octoS0SubroiZ15683136Y78409408X1097612544Difficultsoma_pred_affs/426 with read ROI [3536:5104, 1232:2800, 656:2224] (1568, 1568, 1568) and write ROI [4032:4608, 1728:2304, 1152:1728] (576, 576, 576)
Recorded block-done for octoS0SubroiZ15683136Y78409408X1097612544Difficultsoma_pred_affs/426 with read ROI [3536:5104, 1232:2800, 656:2224] (1568, 1568, 1568) and write ROI [4032:4608, 1728:2304, 1152:1728] (576, 576, 576)
Recording block-done for octoS0SubroiZ15683136Y78409408X1097612544Difficultsoma_pred_affs/622 with read ROI [3536:5104, 1232:2800, 1808:3376] (1568, 1568, 1568) and write ROI [4032:4608, 1728:2304, 2304:2880] (576, 576, 576)
Recorded block-done for octoS0SubroiZ15683136Y78409408X1097612544Difficultsoma_pred_affs/622 with read ROI [3536:5104, 1232:2800, 1808:3376] (1568, 1568, 1568) and write ROI [4032:4608, 1728:2304, 2304:2880] (576, 576, 576)
Recording block-done for octoS0SubroiZ15683136Y78409408X1097612544Difficultsoma_pred_affs/3716 with read ROI [3536:5104, 1232:2800, 9296:10864] (1568, 1568, 1568) and write ROI [4032:4608, 1728:2304, 9792:10368] (576, 576, 576)
Recorded block-done for octoS0SubroiZ15683136Y78409408X1097612544Difficultsoma_pred_affs/3716 with read ROI [3536:5104, 1232:2800, 9296:10864] (1568, 1568, 1568) and write ROI [4032:4608, 1728:2304, 9792:10368] (576, 576, 576)
Recording block-done for octoS0SubroiZ15683136Y78409408X1097612544Difficultsoma_pred_affs/1031 with read ROI [3536:5104, 1232:2800, 3536:5104] (1568, 1568, 1568) and write ROI [4032:4608, 1728:2304, 4032:4608] (576, 576, 576)
Recorded block-done for octoS0SubroiZ15683136Y78409408X1097612544Difficultsoma_pred_affs/1031 with read ROI [3536:5104, 1232:2800, 3536:5104] (1568, 1568, 1568) and write ROI [4032:4608, 1728:2304, 4032:4608] (576, 576, 576)
Recording block-done for octoS0SubroiZ15683136Y78409408X1097612544Difficultsoma_pred_affs/889 with read ROI [3536:5104, 1808:3376, 2384:3952] (1568, 1568, 1568) and write ROI [4032:4608, 2304:2880, 2880:3456] (576, 576, 576)
Recorded block-done for octoS0SubroiZ15683136Y78409408X1097612544Difficultsoma_pred_affs/889 with read ROI [3536:5104, 1808:3376, 2384:3952] (1568, 1568, 1568) and write ROI [4032:4608, 2304:2880, 2880:3456] (576, 576, 576)
Recording block-done for octoS0SubroiZ15683136Y78409408X1097612544Difficultsoma_pred_affs/1213 with read ROI [3536:5104, 1808:3376, 3536:5104] (1568, 1568, 1568) and write ROI [4032:4608, 2304:2880, 4032:4608] (576, 576, 576)
Recorded block-done for octoS0SubroiZ15683136Y78409408X1097612544Difficultsoma_pred_affs/1213 with read ROI [3536:5104, 1808:3376, 3536:5104] (1568, 1568, 1568) and write ROI [4032:4608, 2304:2880, 4032:4608] (576, 576, 576)
Recording block-done for octoS0SubroiZ15683136Y78409408X1097612544Difficultsoma_pred_affs/3349 with read ROI [3536:5104, 1808:3376, 8144:9712] (1568, 1568, 1568) and write ROI [4032:4608, 2304:2880, 8640:9216] (576, 576, 576)
Recorded block-done for octoS0SubroiZ15683136Y78409408X1097612544Difficultsoma_pred_affs/3349 with read ROI [3536:5104, 1808:3376, 8144:9712] (1568, 1568, 1568) and write ROI [4032:4608, 2304:2880, 8640:9216] (576, 576, 576)
Recording block-done for octoS0SubroiZ15683136Y78409408X1097612544Difficultsoma_pred_affs/1856 with read ROI [3536:5104, 2384:3952, 4688:6256] (1568, 1568, 1568) and write ROI [4032:4608, 2880:3456, 5184:5760] (576, 576, 576)
Recorded block-done for octoS0SubroiZ15683136Y78409408X1097612544Difficultsoma_pred_affs/1856 with read ROI [3536:5104, 2384:3952, 4688:6256] (1568, 1568, 1568) and write ROI [4032:4608, 2880:3456, 5184:5760] (576, 576, 576)
Recording block-done for octoS0SubroiZ15683136Y78409408X1097612544Difficultsoma_pred_affs/2109 with read ROI [3536:5104, 2384:3952, 5264:6832] (1568, 1568, 1568) and write ROI [4032:4608, 2880:3456, 5760:6336] (576, 576, 576)
Recorded block-done for octoS0SubroiZ15683136Y78409408X1097612544Difficultsoma_pred_affs/2109 with read ROI [3536:5104, 2384:3952, 5264:6832] (1568, 1568, 1568) and write ROI [4032:4608, 2880:3456, 5760:6336] (576, 576, 576)
Recording block-done for octoS0SubroiZ15683136Y78409408X1097612544Difficultsoma_pred_affs/658 with read ROI [3536:5104, 2960:4528, 80:1648] (1568, 1568, 1568) and write ROI [4032:4608, 3456:4032, 576:1152] (576, 576, 576)
Recorded block-done for octoS0SubroiZ15683136Y78409408X1097612544Difficultsoma_pred_affs/658 with read ROI [3536:5104, 2960:4528, 80:1648] (1568, 1568, 1568) and write ROI [4032:4608, 3456:4032, 576:1152] (576, 576, 576)
Recording block-done for octoS0SubroiZ15683136Y78409408X1097612544Difficultsoma_pred_affs/2122 with read ROI [3536:5104, 2960:4528, 4688:6256] (1568, 1568, 1568) and write ROI [4032:4608, 3456:4032, 5184:5760] (576, 576, 576)
Recorded block-done for octoS0SubroiZ15683136Y78409408X1097612544Difficultsoma_pred_affs/2122 with read ROI [3536:5104, 2960:4528, 4688:6256] (1568, 1568, 1568) and write ROI [4032:4608, 3456:4032, 5184:5760] (576, 576, 576)
Recording block-done for octoS0SubroiZ15683136Y78409408X1097612544Difficultsoma_pred_affs/792 with read ROI [3536:5104, 3536:5104, 80:1648] (1568, 1568, 1568) and write ROI [4032:4608, 4032:4608, 576:1152] (576, 576, 576)
Recorded block-done for octoS0SubroiZ15683136Y78409408X1097612544Difficultsoma_pred_affs/792 with read ROI [3536:5104, 3536:5104, 80:1648] (1568, 1568, 1568) and write ROI [4032:4608, 4032:4608, 576:1152] (576, 576, 576)
Recording block-done for octoS0SubroiZ15683136Y78409408X1097612544Difficultsoma_pred_affs/1267 with read ROI [3536:5104, 4112:5680, 1232:2800] (1568, 1568, 1568) and write ROI [4032:4608, 4608:5184, 1728:2304] (576, 576, 576)
Recorded block-done for octoS0SubroiZ15683136Y78409408X1097612544Difficultsoma_pred_affs/1267 with read ROI [3536:5104, 4112:5680, 1232:2800] (1568, 1568, 1568) and write ROI [4032:4608, 4608:5184, 1728:2304] (576, 576, 576)
Recording block-done for octoS0SubroiZ15683136Y78409408X1097612544Difficultsoma_pred_affs/2712 with read ROI [3536:5104, 3536:5104, 5264:6832] (1568, 1568, 1568) and write ROI [4032:4608, 4032:4608, 5760:6336] (576, 576, 576)
Recorded block-done for octoS0SubroiZ15683136Y78409408X1097612544Difficultsoma_pred_affs/2712 with read ROI [3536:5104, 3536:5104, 5264:6832] (1568, 1568, 1568) and write ROI [4032:4608, 4032:4608, 5760:6336] (576, 576, 576)
Recording block-done for octoS0SubroiZ15683136Y78409408X1097612544Difficultsoma_pred_affs/5568 with read ROI [3536:5104, 3536:5104, 9296:10864] (1568, 1568, 1568) and write ROI [4032:4608, 4032:4608, 9792:10368] (576, 576, 576)
Recorded block-done for octoS0SubroiZ15683136Y78409408X1097612544Difficultsoma_pred_affs/5568 with read ROI [3536:5104, 3536:5104, 9296:10864] (1568, 1568, 1568) and write ROI [4032:4608, 4032:4608, 9792:10368] (576, 576, 576)
Recording block-done for octoS0SubroiZ15683136Y78409408X1097612544Difficultsoma_pred_affs/4607 with read ROI [3536:5104, 3536:5104, 8144:9712] (1568, 1568, 1568) and write ROI [4032:4608, 4032:4608, 8640:9216] (576, 576, 576)
Recorded block-done for octoS0SubroiZ15683136Y78409408X1097612544Difficultsoma_pred_affs/4607 with read ROI [3536:5104, 3536:5104, 8144:9712] (1568, 1568, 1568) and write ROI [4032:4608, 4032:4608, 8640:9216] (576, 576, 576)
Recording block-done for octoS0SubroiZ15683136Y78409408X1097612544Difficultsoma_pred_affs/1283 with read ROI [3536:5104, 4688:6256, 656:2224] (1568, 1568, 1568) and write ROI [4032:4608, 5184:5760, 1152:1728] (576, 576, 576)
Recorded block-done for octoS0SubroiZ15683136Y78409408X1097612544Difficultsoma_pred_affs/1283 with read ROI [3536:5104, 4688:6256, 656:2224] (1568, 1568, 1568) and write ROI [4032:4608, 5184:5760, 1152:1728] (576, 576, 576)
Recording block-done for octoS0SubroiZ15683136Y78409408X1097612544Difficultsoma_pred_affs/3068 with read ROI [3536:5104, 4688:6256, 4688:6256] (1568, 1568, 1568) and write ROI [4032:4608, 5184:5760, 5184:5760] (576, 576, 576)
Recorded block-done for octoS0SubroiZ15683136Y78409408X1097612544Difficultsoma_pred_affs/3068 with read ROI [3536:5104, 4688:6256, 4688:6256] (1568, 1568, 1568) and write ROI [4032:4608, 5184:5760, 5184:5760] (576, 576, 576)
Recording block-done for octoS0SubroiZ15683136Y78409408X1097612544Difficultsoma_pred_affs/2443 with read ROI [3536:5104, 4688:6256, 3536:5104] (1568, 1568, 1568) and write ROI [4032:4608, 5184:5760, 4032:4608] (576, 576, 576)
Recorded block-done for octoS0SubroiZ15683136Y78409408X1097612544Difficultsoma_pred_affs/2443 with read ROI [3536:5104, 4688:6256, 3536:5104] (1568, 1568, 1568) and write ROI [4032:4608, 5184:5760, 4032:4608] (576, 576, 576)
Recording block-done for octoS0SubroiZ15683136Y78409408X1097612544Difficultsoma_pred_affs/5103 with read ROI [3536:5104, 4688:6256, 7568:9136] (1568, 1568, 1568) and write ROI [4032:4608, 5184:5760, 8064:8640] (576, 576, 576)
Recorded block-done for octoS0SubroiZ15683136Y78409408X1097612544Difficultsoma_pred_affs/5103 with read ROI [3536:5104, 4688:6256, 7568:9136] (1568, 1568, 1568) and write ROI [4032:4608, 5184:5760, 8064:8640] (576, 576, 576)
Recording block-done for octoS0SubroiZ15683136Y78409408X1097612544Difficultsoma_pred_affs/6705 with read ROI [3536:5104, 5264:6832, 8720:10288] (1568, 1568, 1568) and write ROI [4032:4608, 5760:6336, 9216:9792] (576, 576, 576)
Recorded block-done for octoS0SubroiZ15683136Y78409408X1097612544Difficultsoma_pred_affs/6705 with read ROI [3536:5104, 5264:6832, 8720:10288] (1568, 1568, 1568) and write ROI [4032:4608, 5760:6336, 9216:9792] (576, 576, 576)
Recording block-done for octoS0SubroiZ15683136Y78409408X1097612544Difficultsoma_pred_affs/5120 with read ROI [3536:5104, 5264:6832, 6992:8560] (1568, 1568, 1568) and write ROI [4032:4608, 5760:6336, 7488:8064] (576, 576, 576)
Recorded block-done for octoS0SubroiZ15683136Y78409408X1097612544Difficultsoma_pred_affs/5120 with read ROI [3536:5104, 5264:6832, 6992:8560] (1568, 1568, 1568) and write ROI [4032:4608, 5760:6336, 7488:8064] (576, 576, 576)
Recording block-done for octoS0SubroiZ15683136Y78409408X1097612544Difficultsoma_pred_affs/1718 with read ROI [3536:5104, 5840:7408, 656:2224] (1568, 1568, 1568) and write ROI [4032:4608, 6336:6912, 1152:1728] (576, 576, 576)
Recorded block-done for octoS0SubroiZ15683136Y78409408X1097612544Difficultsoma_pred_affs/1718 with read ROI [3536:5104, 5840:7408, 656:2224] (1568, 1568, 1568) and write ROI [4032:4608, 6336:6912, 1152:1728] (576, 576, 576)
Recording block-done for octoS0SubroiZ15683136Y78409408X1097612544Difficultsoma_pred_affs/2478 with read ROI [3536:5104, 5840:7408, 2384:3952] (1568, 1568, 1568) and write ROI [4032:4608, 6336:6912, 2880:3456] (576, 576, 576)
Recorded block-done for octoS0SubroiZ15683136Y78409408X1097612544Difficultsoma_pred_affs/2478 with read ROI [3536:5104, 5840:7408, 2384:3952] (1568, 1568, 1568) and write ROI [4032:4608, 6336:6912, 2880:3456] (576, 576, 576)
Recording block-done for octoS0SubroiZ15683136Y78409408X1097612544Difficultsoma_pred_affs/4238 with read ROI [3536:5104, 5840:7408, 5264:6832] (1568, 1568, 1568) and write ROI [4032:4608, 6336:6912, 5760:6336] (576, 576, 576)
Recorded block-done for octoS0SubroiZ15683136Y78409408X1097612544Difficultsoma_pred_affs/4238 with read ROI [3536:5104, 5840:7408, 5264:6832] (1568, 1568, 1568) and write ROI [4032:4608, 6336:6912, 5760:6336] (576, 576, 576)
Recording block-done for octoS0SubroiZ15683136Y78409408X1097612544Difficultsoma_pred_affs/2221 with read ROI [3536:5104, 6416:7984, 1232:2800] (1568, 1568, 1568) and write ROI [4032:4608, 6912:7488, 1728:2304] (576, 576, 576)
Recorded block-done for octoS0SubroiZ15683136Y78409408X1097612544Difficultsoma_pred_affs/2221 with read ROI [3536:5104, 6416:7984, 1232:2800] (1568, 1568, 1568) and write ROI [4032:4608, 6912:7488, 1728:2304] (576, 576, 576)
Recording block-done for octoS0SubroiZ15683136Y78409408X1097612544Difficultsoma_pred_affs/5157 with read ROI [3536:5104, 6416:7984, 5840:7408] (1568, 1568, 1568) and write ROI [4032:4608, 6912:7488, 6336:6912] (576, 576, 576)
Recorded block-done for octoS0SubroiZ15683136Y78409408X1097612544Difficultsoma_pred_affs/5157 with read ROI [3536:5104, 6416:7984, 5840:7408] (1568, 1568, 1568) and write ROI [4032:4608, 6912:7488, 6336:6912] (576, 576, 576)
Recording block-done for octoS0SubroiZ15683136Y78409408X1097612544Difficultsoma_pred_affs/3851 with read ROI [3536:5104, 6416:7984, 4112:5680] (1568, 1568, 1568) and write ROI [4032:4608, 6912:7488, 4608:5184] (576, 576, 576)
Recorded block-done for octoS0SubroiZ15683136Y78409408X1097612544Difficultsoma_pred_affs/3851 with read ROI [3536:5104, 6416:7984, 4112:5680] (1568, 1568, 1568) and write ROI [4032:4608, 6912:7488, 4608:5184] (576, 576, 576)
Recording block-done for octoS0SubroiZ15683136Y78409408X1097612544Difficultsoma_pred_affs/7967 with read ROI [3536:5104, 6416:7984, 8720:10288] (1568, 1568, 1568) and write ROI [4032:4608, 6912:7488, 9216:9792] (576, 576, 576)
Recorded block-done for octoS0SubroiZ15683136Y78409408X1097612544Difficultsoma_pred_affs/7967 with read ROI [3536:5104, 6416:7984, 8720:10288] (1568, 1568, 1568) and write ROI [4032:4608, 6912:7488, 9216:9792] (576, 576, 576)
Recording block-done for octoS0SubroiZ15683136Y78409408X1097612544Difficultsoma_pred_affs/3142 with read ROI [3536:5104, 6992:8560, 2384:3952] (1568, 1568, 1568) and write ROI [4032:4608, 7488:8064, 2880:3456] (576, 576, 576)
Recorded block-done for octoS0SubroiZ15683136Y78409408X1097612544Difficultsoma_pred_affs/3142 with read ROI [3536:5104, 6992:8560, 2384:3952] (1568, 1568, 1568) and write ROI [4032:4608, 7488:8064, 2880:3456] (576, 576, 576)
Recording block-done for octoS0SubroiZ15683136Y78409408X1097612544Difficultsoma_pred_affs/10877 with read ROI [3536:5104, 6992:8560, 10448:12016] (1568, 1568, 1568) and write ROI [4032:4608, 7488:8064, 10944:11520] (576, 576, 576)
Recorded block-done for octoS0SubroiZ15683136Y78409408X1097612544Difficultsoma_pred_affs/10877 with read ROI [3536:5104, 6992:8560, 10448:12016] (1568, 1568, 1568) and write ROI [4032:4608, 7488:8064, 10944:11520] (576, 576, 576)
Recording block-done for octoS0SubroiZ15683136Y78409408X1097612544Difficultsoma_pred_affs/3871 with read ROI [3536:5104, 6992:8560, 3536:5104] (1568, 1568, 1568) and write ROI [4032:4608, 7488:8064, 4032:4608] (576, 576, 576)
Recorded block-done for octoS0SubroiZ15683136Y78409408X1097612544Difficultsoma_pred_affs/3871 with read ROI [3536:5104, 6992:8560, 3536:5104] (1568, 1568, 1568) and write ROI [4032:4608, 7488:8064, 4032:4608] (576, 576, 576)
Recording block-done for octoS0SubroiZ15683136Y78409408X1097612544Difficultsoma_pred_affs/6783 with read ROI [3536:5104, 7568:9136, 6416:7984] (1568, 1568, 1568) and write ROI [4032:4608, 8064:8640, 6912:7488] (576, 576, 576)
Recorded block-done for octoS0SubroiZ15683136Y78409408X1097612544Difficultsoma_pred_affs/6783 with read ROI [3536:5104, 7568:9136, 6416:7984] (1568, 1568, 1568) and write ROI [4032:4608, 8064:8640, 6912:7488] (576, 576, 576)
Recording block-done for octoS0SubroiZ15683136Y78409408X1097612544Difficultsoma_pred_affs/6805 with read ROI [3536:5104, 8144:9712, 5840:7408] (1568, 1568, 1568) and write ROI [4032:4608, 8640:9216, 6336:6912] (576, 576, 576)
Recorded block-done for octoS0SubroiZ15683136Y78409408X1097612544Difficultsoma_pred_affs/6805 with read ROI [3536:5104, 8144:9712, 5840:7408] (1568, 1568, 1568) and write ROI [4032:4608, 8640:9216, 6336:6912] (576, 576, 576)
Recording block-done for octoS0SubroiZ15683136Y78409408X1097612544Difficultsoma_pred_affs/7400 with read ROI [3536:5104, 8144:9712, 6416:7984] (1568, 1568, 1568) and write ROI [4032:4608, 8640:9216, 6912:7488] (576, 576, 576)
Recorded block-done for octoS0SubroiZ15683136Y78409408X1097612544Difficultsoma_pred_affs/7400 with read ROI [3536:5104, 8144:9712, 6416:7984] (1568, 1568, 1568) and write ROI [4032:4608, 8640:9216, 6912:7488] (576, 576, 576)
Recording block-done for octoS0SubroiZ15683136Y78409408X1097612544Difficultsoma_pred_affs/4343 with read ROI [3536:5104, 8720:10288, 2384:3952] (1568, 1568, 1568) and write ROI [4032:4608, 9216:9792, 2880:3456] (576, 576, 576)
Recorded block-done for octoS0SubroiZ15683136Y78409408X1097612544Difficultsoma_pred_affs/4343 with read ROI [3536:5104, 8720:10288, 2384:3952] (1568, 1568, 1568) and write ROI [4032:4608, 9216:9792, 2880:3456] (576, 576, 576)
Recording block-done for octoS0SubroiZ15683136Y78409408X1097612544Difficultsoma_pred_affs/10140 with read ROI [3536:5104, 8144:9712, 8720:10288] (1568, 1568, 1568) and write ROI [4032:4608, 8640:9216, 9216:9792] (576, 576, 576)
Recorded block-done for octoS0SubroiZ15683136Y78409408X1097612544Difficultsoma_pred_affs/10140 with read ROI [3536:5104, 8144:9712, 8720:10288] (1568, 1568, 1568) and write ROI [4032:4608, 8640:9216, 9216:9792] (576, 576, 576)
Recording block-done for octoS0SubroiZ15683136Y78409408X1097612544Difficultsoma_pred_affs/8053 with read ROI [3536:5104, 8720:10288, 6416:7984] (1568, 1568, 1568) and write ROI [4032:4608, 9216:9792, 6912:7488] (576, 576, 576)
Recorded block-done for octoS0SubroiZ15683136Y78409408X1097612544Difficultsoma_pred_affs/8053 with read ROI [3536:5104, 8720:10288, 6416:7984] (1568, 1568, 1568) and write ROI [4032:4608, 9216:9792, 6912:7488] (576, 576, 576)
Recording block-done for octoS0SubroiZ15683136Y78409408X1097612544Difficultsoma_pred_affs/13527 with read ROI [3536:5104, 8720:10288, 10448:12016] (1568, 1568, 1568) and write ROI [4032:4608, 9216:9792, 10944:11520] (576, 576, 576)
Recorded block-done for octoS0SubroiZ15683136Y78409408X1097612544Difficultsoma_pred_affs/13527 with read ROI [3536:5104, 8720:10288, 10448:12016] (1568, 1568, 1568) and write ROI [4032:4608, 9216:9792, 10944:11520] (576, 576, 576)
Recording block-done for octoS0SubroiZ15683136Y78409408X1097612544Difficultsoma_pred_affs/8030 with read ROI [3536:5104, 8144:9712, 6992:8560] (1568, 1568, 1568) and write ROI [4032:4608, 8640:9216, 7488:8064] (576, 576, 576)
Recorded block-done for octoS0SubroiZ15683136Y78409408X1097612544Difficultsoma_pred_affs/8030 with read ROI [3536:5104, 8144:9712, 6992:8560] (1568, 1568, 1568) and write ROI [4032:4608, 8640:9216, 7488:8064] (576, 576, 576)
Recording block-done for octoS0SubroiZ15683136Y78409408X1097612544Difficultsoma_pred_affs/4802 with read ROI [3536:5104, 9296:10864, 2384:3952] (1568, 1568, 1568) and write ROI [4032:4608, 9792:10368, 2880:3456] (576, 576, 576)
Recorded block-done for octoS0SubroiZ15683136Y78409408X1097612544Difficultsoma_pred_affs/4802 with read ROI [3536:5104, 9296:10864, 2384:3952] (1568, 1568, 1568) and write ROI [4032:4608, 9792:10368, 2880:3456] (576, 576, 576)
Recording block-done for octoS0SubroiZ15683136Y78409408X1097612544Difficultsoma_pred_affs/6852 with read ROI [3536:5104, 9296:10864, 4688:6256] (1568, 1568, 1568) and write ROI [4032:4608, 9792:10368, 5184:5760] (576, 576, 576)
Recorded block-done for octoS0SubroiZ15683136Y78409408X1097612544Difficultsoma_pred_affs/6852 with read ROI [3536:5104, 9296:10864, 4688:6256] (1568, 1568, 1568) and write ROI [4032:4608, 9792:10368, 5184:5760] (576, 576, 576)
Recording block-done for octoS0SubroiZ15683136Y78409408X1097612544Difficultsoma_pred_affs/13551 with read ROI [3536:5104, 9296:10864, 9872:11440] (1568, 1568, 1568) and write ROI [4032:4608, 9792:10368, 10368:10944] (576, 576, 576)
Recorded block-done for octoS0SubroiZ15683136Y78409408X1097612544Difficultsoma_pred_affs/13551 with read ROI [3536:5104, 9296:10864, 9872:11440] (1568, 1568, 1568) and write ROI [4032:4608, 9792:10368, 10368:10944] (576, 576, 576)
Recording block-done for octoS0SubroiZ15683136Y78409408X1097612544Difficultsoma_pred_affs/3986 with read ROI [3536:5104, 9872:11440, 656:2224] (1568, 1568, 1568) and write ROI [4032:4608, 10368:10944, 1152:1728] (576, 576, 576)
Recorded block-done for octoS0SubroiZ15683136Y78409408X1097612544Difficultsoma_pred_affs/3986 with read ROI [3536:5104, 9872:11440, 656:2224] (1568, 1568, 1568) and write ROI [4032:4608, 10368:10944, 1152:1728] (576, 576, 576)
Recording block-done for octoS0SubroiZ15683136Y78409408X1097612544Difficultsoma_pred_affs/8768 with read ROI [3536:5104, 9872:11440, 5840:7408] (1568, 1568, 1568) and write ROI [4032:4608, 10368:10944, 6336:6912] (576, 576, 576)
Recorded block-done for octoS0SubroiZ15683136Y78409408X1097612544Difficultsoma_pred_affs/8768 with read ROI [3536:5104, 9872:11440, 5840:7408] (1568, 1568, 1568) and write ROI [4032:4608, 10368:10944, 6336:6912] (576, 576, 576)
Recording block-done for octoS0SubroiZ15683136Y78409408X1097612544Difficultsoma_pred_affs/8128 with read ROI [3536:5104, 10448:12016, 4688:6256] (1568, 1568, 1568) and write ROI [4032:4608, 10944:11520, 5184:5760] (576, 576, 576)
Recorded block-done for octoS0SubroiZ15683136Y78409408X1097612544Difficultsoma_pred_affs/8128 with read ROI [3536:5104, 10448:12016, 4688:6256] (1568, 1568, 1568) and write ROI [4032:4608, 10944:11520, 5184:5760] (576, 576, 576)
Recording block-done for octoS0SubroiZ15683136Y78409408X1097612544Difficultsoma_pred_affs/14548 with read ROI [3536:5104, 10448:12016, 9296:10864] (1568, 1568, 1568) and write ROI [4032:4608, 10944:11520, 9792:10368] (576, 576, 576)
Recorded block-done for octoS0SubroiZ15683136Y78409408X1097612544Difficultsoma_pred_affs/14548 with read ROI [3536:5104, 10448:12016, 9296:10864] (1568, 1568, 1568) and write ROI [4032:4608, 10944:11520, 9792:10368] (576, 576, 576)
Recording block-done for octoS0SubroiZ15683136Y78409408X1097612544Difficultsoma_pred_affs/427 with read ROI [4112:5680, 656:2224, 656:2224] (1568, 1568, 1568) and write ROI [4608:5184, 1152:1728, 1152:1728] (576, 576, 576)
Recorded block-done for octoS0SubroiZ15683136Y78409408X1097612544Difficultsoma_pred_affs/427 with read ROI [4112:5680, 656:2224, 656:2224] (1568, 1568, 1568) and write ROI [4608:5184, 1152:1728, 1152:1728] (576, 576, 576)
Recording block-done for octoS0SubroiZ15683136Y78409408X1097612544Difficultsoma_pred_affs/743 with read ROI [4112:5680, 656:2224, 2384:3952] (1568, 1568, 1568) and write ROI [4608:5184, 1152:1728, 2880:3456] (576, 576, 576)
Recorded block-done for octoS0SubroiZ15683136Y78409408X1097612544Difficultsoma_pred_affs/743 with read ROI [4112:5680, 656:2224, 2384:3952] (1568, 1568, 1568) and write ROI [4608:5184, 1152:1728, 2880:3456] (576, 576, 576)
Recording block-done for octoS0SubroiZ15683136Y78409408X1097612544Difficultsoma_pred_affs/2077 with read ROI [4112:5680, 80:1648, 6992:8560] (1568, 1568, 1568) and write ROI [4608:5184, 576:1152, 7488:8064] (576, 576, 576)
Recorded block-done for octoS0SubroiZ15683136Y78409408X1097612544Difficultsoma_pred_affs/2077 with read ROI [4112:5680, 80:1648, 6992:8560] (1568, 1568, 1568) and write ROI [4608:5184, 576:1152, 7488:8064] (576, 576, 576)
Recording block-done for octoS0SubroiZ15683136Y78409408X1097612544Difficultsoma_pred_affs/879 with read ROI [4112:5680, 656:2224, 2960:4528] (1568, 1568, 1568) and write ROI [4608:5184, 1152:1728, 3456:4032] (576, 576, 576)
Recorded block-done for octoS0SubroiZ15683136Y78409408X1097612544Difficultsoma_pred_affs/879 with read ROI [4112:5680, 656:2224, 2960:4528] (1568, 1568, 1568) and write ROI [4608:5184, 1152:1728, 3456:4032] (576, 576, 576)
Recording block-done for octoS0SubroiZ15683136Y78409408X1097612544Difficultsoma_pred_affs/1603 with read ROI [4112:5680, 656:2224, 5264:6832] (1568, 1568, 1568) and write ROI [4608:5184, 1152:1728, 5760:6336] (576, 576, 576)
Recorded block-done for octoS0SubroiZ15683136Y78409408X1097612544Difficultsoma_pred_affs/1603 with read ROI [4112:5680, 656:2224, 5264:6832] (1568, 1568, 1568) and write ROI [4608:5184, 1152:1728, 5760:6336] (576, 576, 576)
Recording block-done for octoS0SubroiZ15683136Y78409408X1097612544Difficultsoma_pred_affs/1043 with read ROI [4112:5680, 1232:2800, 2960:4528] (1568, 1568, 1568) and write ROI [4608:5184, 1728:2304, 3456:4032] (576, 576, 576)
Recorded block-done for octoS0SubroiZ15683136Y78409408X1097612544Difficultsoma_pred_affs/1043 with read ROI [4112:5680, 1232:2800, 2960:4528] (1568, 1568, 1568) and write ROI [4608:5184, 1728:2304, 3456:4032] (576, 576, 576)
Recording block-done for octoS0SubroiZ15683136Y78409408X1097612544Difficultsoma_pred_affs/1404 with read ROI [4112:5680, 1232:2800, 4112:5680] (1568, 1568, 1568) and write ROI [4608:5184, 1728:2304, 4608:5184] (576, 576, 576)
Recorded block-done for octoS0SubroiZ15683136Y78409408X1097612544Difficultsoma_pred_affs/1404 with read ROI [4112:5680, 1232:2800, 4112:5680] (1568, 1568, 1568) and write ROI [4608:5184, 1728:2304, 4608:5184] (576, 576, 576)
Recording block-done for octoS0SubroiZ15683136Y78409408X1097612544Difficultsoma_pred_affs/1614 with read ROI [4112:5680, 1232:2800, 4688:6256] (1568, 1568, 1568) and write ROI [4608:5184, 1728:2304, 5184:5760] (576, 576, 576)
Recorded block-done for octoS0SubroiZ15683136Y78409408X1097612544Difficultsoma_pred_affs/1614 with read ROI [4112:5680, 1232:2800, 4688:6256] (1568, 1568, 1568) and write ROI [4608:5184, 1728:2304, 5184:5760] (576, 576, 576)
Recording block-done for octoS0SubroiZ15683136Y78409408X1097612544Difficultsoma_pred_affs/4134 with read ROI [4112:5680, 1232:2800, 9296:10864] (1568, 1568, 1568) and write ROI [4608:5184, 1728:2304, 9792:10368] (576, 576, 576)
Recorded block-done for octoS0SubroiZ15683136Y78409408X1097612544Difficultsoma_pred_affs/4134 with read ROI [4112:5680, 1232:2800, 9296:10864] (1568, 1568, 1568) and write ROI [4608:5184, 1728:2304, 9792:10368] (576, 576, 576)
Recording block-done for octoS0SubroiZ15683136Y78409408X1097612544Difficultsoma_pred_affs/2999 with read ROI [4112:5680, 1232:2800, 7568:9136] (1568, 1568, 1568) and write ROI [4608:5184, 1728:2304, 8064:8640] (576, 576, 576)
Recorded block-done for octoS0SubroiZ15683136Y78409408X1097612544Difficultsoma_pred_affs/2999 with read ROI [4112:5680, 1232:2800, 7568:9136] (1568, 1568, 1568) and write ROI [4608:5184, 1728:2304, 8064:8640] (576, 576, 576)
Recording block-done for octoS0SubroiZ15683136Y78409408X1097612544Difficultsoma_pred_affs/1239 with read ROI [4112:5680, 2384:3952, 2384:3952] (1568, 1568, 1568) and write ROI [4608:5184, 2880:3456, 2880:3456] (576, 576, 576)
Recorded block-done for octoS0SubroiZ15683136Y78409408X1097612544Difficultsoma_pred_affs/1239 with read ROI [4112:5680, 2384:3952, 2384:3952] (1568, 1568, 1568) and write ROI [4608:5184, 2880:3456, 2880:3456] (576, 576, 576)
Recording block-done for octoS0SubroiZ15683136Y78409408X1097612544Difficultsoma_pred_affs/5542 with read ROI [4112:5680, 1808:3376, 10448:12016] (1568, 1568, 1568) and write ROI [4608:5184, 2304:2880, 10944:11520] (576, 576, 576)
Recorded block-done for octoS0SubroiZ15683136Y78409408X1097612544Difficultsoma_pred_affs/5542 with read ROI [4112:5680, 1808:3376, 10448:12016] (1568, 1568, 1568) and write ROI [4608:5184, 2304:2880, 10944:11520] (576, 576, 576)
Recording block-done for octoS0SubroiZ15683136Y78409408X1097612544Difficultsoma_pred_affs/5046 with read ROI [4112:5680, 1808:3376, 9872:11440] (1568, 1568, 1568) and write ROI [4608:5184, 2304:2880, 10368:10944] (576, 576, 576)
Recorded block-done for octoS0SubroiZ15683136Y78409408X1097612544Difficultsoma_pred_affs/5046 with read ROI [4112:5680, 1808:3376, 9872:11440] (1568, 1568, 1568) and write ROI [4608:5184, 2304:2880, 10368:10944] (576, 576, 576)
Recording block-done for octoS0SubroiZ15683136Y78409408X1097612544Difficultsoma_pred_affs/3362 with read ROI [4112:5680, 1808:3376, 7568:9136] (1568, 1568, 1568) and write ROI [4608:5184, 2304:2880, 8064:8640] (576, 576, 576)
Recorded block-done for octoS0SubroiZ15683136Y78409408X1097612544Difficultsoma_pred_affs/3362 with read ROI [4112:5680, 1808:3376, 7568:9136] (1568, 1568, 1568) and write ROI [4608:5184, 2304:2880, 8064:8640] (576, 576, 576)
Recording block-done for octoS0SubroiZ15683136Y78409408X1097612544Difficultsoma_pred_affs/1429 with read ROI [4112:5680, 2384:3952, 2960:4528] (1568, 1568, 1568) and write ROI [4608:5184, 2880:3456, 3456:4032] (576, 576, 576)
Recorded block-done for octoS0SubroiZ15683136Y78409408X1097612544Difficultsoma_pred_affs/1429 with read ROI [4112:5680, 2384:3952, 2960:4528] (1568, 1568, 1568) and write ROI [4608:5184, 2880:3456, 3456:4032] (576, 576, 576)
Recording block-done for octoS0SubroiZ15683136Y78409408X1097612544Difficultsoma_pred_affs/5555 with read ROI [4112:5680, 2384:3952, 9872:11440] (1568, 1568, 1568) and write ROI [4608:5184, 2880:3456, 10368:10944] (576, 576, 576)
Recorded block-done for octoS0SubroiZ15683136Y78409408X1097612544Difficultsoma_pred_affs/5555 with read ROI [4112:5680, 2384:3952, 9872:11440] (1568, 1568, 1568) and write ROI [4608:5184, 2880:3456, 10368:10944] (576, 576, 576)
Recording block-done for octoS0SubroiZ15683136Y78409408X1097612544Difficultsoma_pred_affs/3038 with read ROI [4112:5680, 2960:4528, 5840:7408] (1568, 1568, 1568) and write ROI [4608:5184, 3456:4032, 6336:6912] (576, 576, 576)
Recorded block-done for octoS0SubroiZ15683136Y78409408X1097612544Difficultsoma_pred_affs/3038 with read ROI [4112:5680, 2960:4528, 5840:7408] (1568, 1568, 1568) and write ROI [4608:5184, 3456:4032, 6336:6912] (576, 576, 576)
Recording block-done for octoS0SubroiZ15683136Y78409408X1097612544Difficultsoma_pred_affs/1668 with read ROI [4112:5680, 3536:5104, 2384:3952] (1568, 1568, 1568) and write ROI [4608:5184, 4032:4608, 2880:3456] (576, 576, 576)
Recorded block-done for octoS0SubroiZ15683136Y78409408X1097612544Difficultsoma_pred_affs/1668 with read ROI [4112:5680, 3536:5104, 2384:3952] (1568, 1568, 1568) and write ROI [4608:5184, 4032:4608, 2880:3456] (576, 576, 576)
Recording block-done for octoS0SubroiZ15683136Y78409408X1097612544Difficultsoma_pred_affs/1458 with read ROI [4112:5680, 3536:5104, 1808:3376] (1568, 1568, 1568) and write ROI [4608:5184, 4032:4608, 2304:2880] (576, 576, 576)
Recorded block-done for octoS0SubroiZ15683136Y78409408X1097612544Difficultsoma_pred_affs/1458 with read ROI [4112:5680, 3536:5104, 1808:3376] (1568, 1568, 1568) and write ROI [4608:5184, 4032:4608, 2304:2880] (576, 576, 576)
Recording block-done for octoS0SubroiZ15683136Y78409408X1097612544Difficultsoma_pred_affs/3782 with read ROI [4112:5680, 3536:5104, 6416:7984] (1568, 1568, 1568) and write ROI [4608:5184, 4032:4608, 6912:7488] (576, 576, 576)
Recorded block-done for octoS0SubroiZ15683136Y78409408X1097612544Difficultsoma_pred_affs/3782 with read ROI [4112:5680, 3536:5104, 6416:7984] (1568, 1568, 1568) and write ROI [4608:5184, 4032:4608, 6912:7488] (576, 576, 576)
Recording block-done for octoS0SubroiZ15683136Y78409408X1097612544Difficultsoma_pred_affs/3069 with read ROI [4112:5680, 4112:5680, 4688:6256] (1568, 1568, 1568) and write ROI [4608:5184, 4608:5184, 5184:5760] (576, 576, 576)
Recorded block-done for octoS0SubroiZ15683136Y78409408X1097612544Difficultsoma_pred_affs/3069 with read ROI [4112:5680, 4112:5680, 4688:6256] (1568, 1568, 1568) and write ROI [4608:5184, 4608:5184, 5184:5760] (576, 576, 576)
Recording block-done for octoS0SubroiZ15683136Y78409408X1097612544Difficultsoma_pred_affs/2444 with read ROI [4112:5680, 4112:5680, 3536:5104] (1568, 1568, 1568) and write ROI [4608:5184, 4608:5184, 4032:4608] (576, 576, 576)
Recorded block-done for octoS0SubroiZ15683136Y78409408X1097612544Difficultsoma_pred_affs/2444 with read ROI [4112:5680, 4112:5680, 3536:5104] (1568, 1568, 1568) and write ROI [4608:5184, 4608:5184, 4032:4608] (576, 576, 576)
Recording block-done for octoS0SubroiZ15683136Y78409408X1097612544Difficultsoma_pred_affs/3798 with read ROI [4112:5680, 4112:5680, 5840:7408] (1568, 1568, 1568) and write ROI [4608:5184, 4608:5184, 6336:6912] (576, 576, 576)
Recorded block-done for octoS0SubroiZ15683136Y78409408X1097612544Difficultsoma_pred_affs/3798 with read ROI [4112:5680, 4112:5680, 5840:7408] (1568, 1568, 1568) and write ROI [4608:5184, 4608:5184, 6336:6912] (576, 576, 576)
Recording block-done for octoS0SubroiZ15683136Y78409408X1097612544Difficultsoma_pred_affs/5104 with read ROI [4112:5680, 4112:5680, 7568:9136] (1568, 1568, 1568) and write ROI [4608:5184, 4608:5184, 8064:8640] (576, 576, 576)
Recorded block-done for octoS0SubroiZ15683136Y78409408X1097612544Difficultsoma_pred_affs/5104 with read ROI [4112:5680, 4112:5680, 7568:9136] (1568, 1568, 1568) and write ROI [4608:5184, 4608:5184, 8064:8640] (576, 576, 576)
Recording block-done for octoS0SubroiZ15683136Y78409408X1097612544Difficultsoma_pred_affs/3437 with read ROI [4112:5680, 4688:6256, 4688:6256] (1568, 1568, 1568) and write ROI [4608:5184, 5184:5760, 5184:5760] (576, 576, 576)
Recorded block-done for octoS0SubroiZ15683136Y78409408X1097612544Difficultsoma_pred_affs/3437 with read ROI [4112:5680, 4688:6256, 4688:6256] (1568, 1568, 1568) and write ROI [4608:5184, 5184:5760, 5184:5760] (576, 576, 576)
Recording block-done for octoS0SubroiZ15683136Y78409408X1097612544Difficultsoma_pred_affs/2461 with read ROI [4112:5680, 4688:6256, 2960:4528] (1568, 1568, 1568) and write ROI [4608:5184, 5184:5760, 3456:4032] (576, 576, 576)
Recorded block-done for octoS0SubroiZ15683136Y78409408X1097612544Difficultsoma_pred_affs/2461 with read ROI [4112:5680, 4688:6256, 2960:4528] (1568, 1568, 1568) and write ROI [4608:5184, 5184:5760, 3456:4032] (576, 576, 576)
Recording block-done for octoS0SubroiZ15683136Y78409408X1097612544Difficultsoma_pred_affs/5617 with read ROI [4112:5680, 4688:6256, 7568:9136] (1568, 1568, 1568) and write ROI [4608:5184, 5184:5760, 8064:8640] (576, 576, 576)
Recorded block-done for octoS0SubroiZ15683136Y78409408X1097612544Difficultsoma_pred_affs/5617 with read ROI [4112:5680, 4688:6256, 7568:9136] (1568, 1568, 1568) and write ROI [4608:5184, 5184:5760, 8064:8640] (576, 576, 576)
Recording block-done for octoS0SubroiZ15683136Y78409408X1097612544Difficultsoma_pred_affs/2479 with read ROI [4112:5680, 5264:6832, 2384:3952] (1568, 1568, 1568) and write ROI [4608:5184, 5760:6336, 2880:3456] (576, 576, 576)
Recorded block-done for octoS0SubroiZ15683136Y78409408X1097612544Difficultsoma_pred_affs/2479 with read ROI [4112:5680, 5264:6832, 2384:3952] (1568, 1568, 1568) and write ROI [4608:5184, 5760:6336, 2880:3456] (576, 576, 576)
Recording block-done for octoS0SubroiZ15683136Y78409408X1097612544Difficultsoma_pred_affs/2779 with read ROI [4112:5680, 5264:6832, 2960:4528] (1568, 1568, 1568) and write ROI [4608:5184, 5760:6336, 3456:4032] (576, 576, 576)
Recorded block-done for octoS0SubroiZ15683136Y78409408X1097612544Difficultsoma_pred_affs/2779 with read ROI [4112:5680, 5264:6832, 2960:4528] (1568, 1568, 1568) and write ROI [4608:5184, 5760:6336, 3456:4032] (576, 576, 576)
Recording block-done for octoS0SubroiZ15683136Y78409408X1097612544Difficultsoma_pred_affs/7949 with read ROI [4112:5680, 5264:6832, 9296:10864] (1568, 1568, 1568) and write ROI [4608:5184, 5760:6336, 9792:10368] (576, 576, 576)
Recorded block-done for octoS0SubroiZ15683136Y78409408X1097612544Difficultsoma_pred_affs/7949 with read ROI [4112:5680, 5264:6832, 9296:10864] (1568, 1568, 1568) and write ROI [4608:5184, 5760:6336, 9792:10368] (576, 576, 576)
Recording block-done for octoS0SubroiZ15683136Y78409408X1097612544Difficultsoma_pred_affs/2498 with read ROI [4112:5680, 5840:7408, 1808:3376] (1568, 1568, 1568) and write ROI [4608:5184, 6336:6912, 2304:2880] (576, 576, 576)
Recorded block-done for octoS0SubroiZ15683136Y78409408X1097612544Difficultsoma_pred_affs/2498 with read ROI [4112:5680, 5840:7408, 1808:3376] (1568, 1568, 1568) and write ROI [4608:5184, 6336:6912, 2304:2880] (576, 576, 576)
Recording block-done for octoS0SubroiZ15683136Y78409408X1097612544Difficultsoma_pred_affs/4693 with read ROI [4112:5680, 5840:7408, 5264:6832] (1568, 1568, 1568) and write ROI [4608:5184, 6336:6912, 5760:6336] (576, 576, 576)
Recorded block-done for octoS0SubroiZ15683136Y78409408X1097612544Difficultsoma_pred_affs/4693 with read ROI [4112:5680, 5840:7408, 5264:6832] (1568, 1568, 1568) and write ROI [4608:5184, 6336:6912, 5760:6336] (576, 576, 576)
Recording block-done for octoS0SubroiZ15683136Y78409408X1097612544Difficultsoma_pred_affs/10078 with read ROI [4112:5680, 5840:7408, 10448:12016] (1568, 1568, 1568) and write ROI [4608:5184, 6336:6912, 10944:11520] (576, 576, 576)
Recorded block-done for octoS0SubroiZ15683136Y78409408X1097612544Difficultsoma_pred_affs/10078 with read ROI [4112:5680, 5840:7408, 10448:12016] (1568, 1568, 1568) and write ROI [4608:5184, 6336:6912, 10944:11520] (576, 576, 576)
Recording block-done for octoS0SubroiZ15683136Y78409408X1097612544Difficultsoma_pred_affs/6743 with read ROI [4112:5680, 5840:7408, 7568:9136] (1568, 1568, 1568) and write ROI [4608:5184, 6336:6912, 8064:8640] (576, 576, 576)
Recorded block-done for octoS0SubroiZ15683136Y78409408X1097612544Difficultsoma_pred_affs/6743 with read ROI [4112:5680, 5840:7408, 7568:9136] (1568, 1568, 1568) and write ROI [4608:5184, 6336:6912, 8064:8640] (576, 576, 576)
Recording block-done for octoS0SubroiZ15683136Y78409408X1097612544Difficultsoma_pred_affs/2242 with read ROI [4112:5680, 6416:7984, 656:2224] (1568, 1568, 1568) and write ROI [4608:5184, 6912:7488, 1152:1728] (576, 576, 576)
Recorded block-done for octoS0SubroiZ15683136Y78409408X1097612544Difficultsoma_pred_affs/2242 with read ROI [4112:5680, 6416:7984, 656:2224] (1568, 1568, 1568) and write ROI [4608:5184, 6912:7488, 1152:1728] (576, 576, 576)
Recording block-done for octoS0SubroiZ15683136Y78409408X1097612544Difficultsoma_pred_affs/6763 with read ROI [4112:5680, 6416:7984, 6992:8560] (1568, 1568, 1568) and write ROI [4608:5184, 6912:7488, 7488:8064] (576, 576, 576)
Recorded block-done for octoS0SubroiZ15683136Y78409408X1097612544Difficultsoma_pred_affs/6763 with read ROI [4112:5680, 6416:7984, 6992:8560] (1568, 1568, 1568) and write ROI [4608:5184, 6912:7488, 7488:8064] (576, 576, 576)
Recording block-done for octoS0SubroiZ15683136Y78409408X1097612544Difficultsoma_pred_affs/5199 with read ROI [4112:5680, 6992:8560, 4688:6256] (1568, 1568, 1568) and write ROI [4608:5184, 7488:8064, 5184:5760] (576, 576, 576)
Recorded block-done for octoS0SubroiZ15683136Y78409408X1097612544Difficultsoma_pred_affs/5199 with read ROI [4112:5680, 6992:8560, 4688:6256] (1568, 1568, 1568) and write ROI [4608:5184, 7488:8064, 5184:5760] (576, 576, 576)
Recording block-done for octoS0SubroiZ15683136Y78409408X1097612544Difficultsoma_pred_affs/5695 with read ROI [4112:5680, 6992:8560, 5264:6832] (1568, 1568, 1568) and write ROI [4608:5184, 7488:8064, 5760:6336] (576, 576, 576)
Recorded block-done for octoS0SubroiZ15683136Y78409408X1097612544Difficultsoma_pred_affs/5695 with read ROI [4112:5680, 6992:8560, 5264:6832] (1568, 1568, 1568) and write ROI [4608:5184, 7488:8064, 5760:6336] (576, 576, 576)
Recording block-done for octoS0SubroiZ15683136Y78409408X1097612544Difficultsoma_pred_affs/2539 with read ROI [4112:5680, 6992:8560, 656:2224] (1568, 1568, 1568) and write ROI [4608:5184, 7488:8064, 1152:1728] (576, 576, 576)
Recorded block-done for octoS0SubroiZ15683136Y78409408X1097612544Difficultsoma_pred_affs/2539 with read ROI [4112:5680, 6992:8560, 656:2224] (1568, 1568, 1568) and write ROI [4608:5184, 7488:8064, 1152:1728] (576, 576, 576)
Recording block-done for octoS0SubroiZ15683136Y78409408X1097612544Difficultsoma_pred_affs/7379 with read ROI [4112:5680, 6992:8560, 6992:8560] (1568, 1568, 1568) and write ROI [4608:5184, 7488:8064, 7488:8064] (576, 576, 576)
Recorded block-done for octoS0SubroiZ15683136Y78409408X1097612544Difficultsoma_pred_affs/7379 with read ROI [4112:5680, 6992:8560, 6992:8560] (1568, 1568, 1568) and write ROI [4608:5184, 7488:8064, 7488:8064] (576, 576, 576)
Recording block-done for octoS0SubroiZ15683136Y78409408X1097612544Difficultsoma_pred_affs/2861 with read ROI [4112:5680, 7568:9136, 656:2224] (1568, 1568, 1568) and write ROI [4608:5184, 8064:8640, 1152:1728] (576, 576, 576)
Recorded block-done for octoS0SubroiZ15683136Y78409408X1097612544Difficultsoma_pred_affs/2861 with read ROI [4112:5680, 7568:9136, 656:2224] (1568, 1568, 1568) and write ROI [4608:5184, 8064:8640, 1152:1728] (576, 576, 576)
Recording block-done for octoS0SubroiZ15683136Y78409408X1097612544Difficultsoma_pred_affs/7401 with read ROI [4112:5680, 7568:9136, 6416:7984] (1568, 1568, 1568) and write ROI [4608:5184, 8064:8640, 6912:7488] (576, 576, 576)
Recorded block-done for octoS0SubroiZ15683136Y78409408X1097612544Difficultsoma_pred_affs/7401 with read ROI [4112:5680, 7568:9136, 6416:7984] (1568, 1568, 1568) and write ROI [4608:5184, 8064:8640, 6912:7488] (576, 576, 576)
Recording block-done for octoS0SubroiZ15683136Y78409408X1097612544Difficultsoma_pred_affs/3560 with read ROI [4112:5680, 8144:9712, 1232:2800] (1568, 1568, 1568) and write ROI [4608:5184, 8640:9216, 1728:2304] (576, 576, 576)
Recorded block-done for octoS0SubroiZ15683136Y78409408X1097612544Difficultsoma_pred_affs/3560 with read ROI [4112:5680, 8144:9712, 1232:2800] (1568, 1568, 1568) and write ROI [4608:5184, 8640:9216, 1728:2304] (576, 576, 576)
Recording block-done for octoS0SubroiZ15683136Y78409408X1097612544Difficultsoma_pred_affs/5740 with read ROI [4112:5680, 8144:9712, 4112:5680] (1568, 1568, 1568) and write ROI [4608:5184, 8640:9216, 4608:5184] (576, 576, 576)
Recorded block-done for octoS0SubroiZ15683136Y78409408X1097612544Difficultsoma_pred_affs/5740 with read ROI [4112:5680, 8144:9712, 4112:5680] (1568, 1568, 1568) and write ROI [4608:5184, 8640:9216, 4608:5184] (576, 576, 576)
Recording block-done for octoS0SubroiZ15683136Y78409408X1097612544Difficultsoma_pred_affs/4368 with read ROI [4112:5680, 8720:10288, 1808:3376] (1568, 1568, 1568) and write ROI [4608:5184, 9216:9792, 2304:2880] (576, 576, 576)
Recorded block-done for octoS0SubroiZ15683136Y78409408X1097612544Difficultsoma_pred_affs/4368 with read ROI [4112:5680, 8720:10288, 1808:3376] (1568, 1568, 1568) and write ROI [4608:5184, 9216:9792, 2304:2880] (576, 576, 576)
Recording block-done for octoS0SubroiZ15683136Y78409408X1097612544Difficultsoma_pred_affs/11788 with read ROI [4112:5680, 8720:10288, 8720:10288] (1568, 1568, 1568) and write ROI [4608:5184, 9216:9792, 9216:9792] (576, 576, 576)
Recorded block-done for octoS0SubroiZ15683136Y78409408X1097612544Difficultsoma_pred_affs/11788 with read ROI [4112:5680, 8720:10288, 8720:10288] (1568, 1568, 1568) and write ROI [4608:5184, 9216:9792, 9216:9792] (576, 576, 576)
Recording block-done for octoS0SubroiZ15683136Y78409408X1097612544Difficultsoma_pred_affs/5268 with read ROI [4112:5680, 8720:10288, 2960:4528] (1568, 1568, 1568) and write ROI [4608:5184, 9216:9792, 3456:4032] (576, 576, 576)
Recorded block-done for octoS0SubroiZ15683136Y78409408X1097612544Difficultsoma_pred_affs/5268 with read ROI [4112:5680, 8720:10288, 2960:4528] (1568, 1568, 1568) and write ROI [4608:5184, 9216:9792, 3456:4032] (576, 576, 576)
Recording block-done for octoS0SubroiZ15683136Y78409408X1097612544Difficultsoma_pred_affs/10164 with read ROI [4112:5680, 8144:9712, 8144:9712] (1568, 1568, 1568) and write ROI [4608:5184, 8640:9216, 8640:9216] (576, 576, 576)
Recorded block-done for octoS0SubroiZ15683136Y78409408X1097612544Difficultsoma_pred_affs/10164 with read ROI [4112:5680, 8144:9712, 8144:9712] (1568, 1568, 1568) and write ROI [4608:5184, 8640:9216, 8640:9216] (576, 576, 576)
Recording block-done for octoS0SubroiZ15683136Y78409408X1097612544Difficultsoma_pred_affs/8720 with read ROI [4112:5680, 8144:9712, 6992:8560] (1568, 1568, 1568) and write ROI [4608:5184, 8640:9216, 7488:8064] (576, 576, 576)
Recorded block-done for octoS0SubroiZ15683136Y78409408X1097612544Difficultsoma_pred_affs/8720 with read ROI [4112:5680, 8144:9712, 6992:8560] (1568, 1568, 1568) and write ROI [4608:5184, 8640:9216, 7488:8064] (576, 576, 576)
Recording block-done for octoS0SubroiZ15683136Y78409408X1097612544Difficultsoma_pred_affs/5293 with read ROI [4112:5680, 9296:10864, 2384:3952] (1568, 1568, 1568) and write ROI [4608:5184, 9792:10368, 2880:3456] (576, 576, 576)
Recorded block-done for octoS0SubroiZ15683136Y78409408X1097612544Difficultsoma_pred_affs/5293 with read ROI [4112:5680, 9296:10864, 2384:3952] (1568, 1568, 1568) and write ROI [4608:5184, 9792:10368, 2880:3456] (576, 576, 576)
Recording block-done for octoS0SubroiZ15683136Y78409408X1097612544Difficultsoma_pred_affs/14523 with read ROI [4112:5680, 9296:10864, 9872:11440] (1568, 1568, 1568) and write ROI [4608:5184, 9792:10368, 10368:10944] (576, 576, 576)
Recorded block-done for octoS0SubroiZ15683136Y78409408X1097612544Difficultsoma_pred_affs/14523 with read ROI [4112:5680, 9296:10864, 9872:11440] (1568, 1568, 1568) and write ROI [4608:5184, 9792:10368, 10368:10944] (576, 576, 576)
Recording block-done for octoS0SubroiZ15683136Y78409408X1097612544Difficultsoma_pred_affs/13577 with read ROI [4112:5680, 9296:10864, 9296:10864] (1568, 1568, 1568) and write ROI [4608:5184, 9792:10368, 9792:10368] (576, 576, 576)
Recorded block-done for octoS0SubroiZ15683136Y78409408X1097612544Difficultsoma_pred_affs/13577 with read ROI [4112:5680, 9296:10864, 9296:10864] (1568, 1568, 1568) and write ROI [4608:5184, 9792:10368, 9792:10368] (576, 576, 576)
Recording block-done for octoS0SubroiZ15683136Y78409408X1097612544Difficultsoma_pred_affs/15513 with read ROI [4112:5680, 9296:10864, 10448:12016] (1568, 1568, 1568) and write ROI [4608:5184, 9792:10368, 10944:11520] (576, 576, 576)
Recorded block-done for octoS0SubroiZ15683136Y78409408X1097612544Difficultsoma_pred_affs/15513 with read ROI [4112:5680, 9296:10864, 10448:12016] (1568, 1568, 1568) and write ROI [4608:5184, 9792:10368, 10944:11520] (576, 576, 576)
Recording block-done for octoS0SubroiZ15683136Y78409408X1097612544Difficultsoma_pred_affs/10239 with read ROI [4112:5680, 9872:11440, 6416:7984] (1568, 1568, 1568) and write ROI [4608:5184, 10368:10944, 6912:7488] (576, 576, 576)
Recorded block-done for octoS0SubroiZ15683136Y78409408X1097612544Difficultsoma_pred_affs/10239 with read ROI [4112:5680, 9872:11440, 6416:7984] (1568, 1568, 1568) and write ROI [4608:5184, 10368:10944, 6912:7488] (576, 576, 576)
Recording block-done for octoS0SubroiZ15683136Y78409408X1097612544Difficultsoma_pred_affs/5842 with read ROI [4112:5680, 10448:12016, 1808:3376] (1568, 1568, 1568) and write ROI [4608:5184, 10944:11520, 2304:2880] (576, 576, 576)
Recorded block-done for octoS0SubroiZ15683136Y78409408X1097612544Difficultsoma_pred_affs/5842 with read ROI [4112:5680, 10448:12016, 1808:3376] (1568, 1568, 1568) and write ROI [4608:5184, 10944:11520, 2304:2880] (576, 576, 576)
Recording block-done for octoS0SubroiZ15683136Y78409408X1097612544Difficultsoma_pred_affs/7526 with read ROI [4112:5680, 10448:12016, 3536:5104] (1568, 1568, 1568) and write ROI [4608:5184, 10944:11520, 4032:4608] (576, 576, 576)
Recorded block-done for octoS0SubroiZ15683136Y78409408X1097612544Difficultsoma_pred_affs/7526 with read ROI [4112:5680, 10448:12016, 3536:5104] (1568, 1568, 1568) and write ROI [4608:5184, 10944:11520, 4032:4608] (576, 576, 576)
Recording block-done for octoS0SubroiZ15683136Y78409408X1097612544Difficultsoma_pred_affs/6931 with read ROI [4112:5680, 10448:12016, 2960:4528] (1568, 1568, 1568) and write ROI [4608:5184, 10944:11520, 3456:4032] (576, 576, 576)
Recorded block-done for octoS0SubroiZ15683136Y78409408X1097612544Difficultsoma_pred_affs/6931 with read ROI [4112:5680, 10448:12016, 2960:4528] (1568, 1568, 1568) and write ROI [4608:5184, 10944:11520, 3456:4032] (576, 576, 576)
Recording block-done for octoS0SubroiZ15683136Y78409408X1097612544Difficultsoma_pred_affs/15566 with read ROI [4112:5680, 10448:12016, 9296:10864] (1568, 1568, 1568) and write ROI [4608:5184, 10944:11520, 9792:10368] (576, 576, 576)
Recorded block-done for octoS0SubroiZ15683136Y78409408X1097612544Difficultsoma_pred_affs/15566 with read ROI [4112:5680, 10448:12016, 9296:10864] (1568, 1568, 1568) and write ROI [4608:5184, 10944:11520, 9792:10368] (576, 576, 576)
Recording block-done for octoS0SubroiZ15683136Y78409408X1097612544Difficultsoma_pred_affs/14576 with read ROI [4112:5680, 10448:12016, 8720:10288] (1568, 1568, 1568) and write ROI [4608:5184, 10944:11520, 9216:9792] (576, 576, 576)
Recorded block-done for octoS0SubroiZ15683136Y78409408X1097612544Difficultsoma_pred_affs/14576 with read ROI [4112:5680, 10448:12016, 8720:10288] (1568, 1568, 1568) and write ROI [4608:5184, 10944:11520, 9216:9792] (576, 576, 576)
Recording block-done for octoS0SubroiZ15683136Y78409408X1097612544Difficultsoma_pred_affs/755 with read ROI [4688:6256, 656:2224, 1808:3376] (1568, 1568, 1568) and write ROI [5184:5760, 1152:1728, 2304:2880] (576, 576, 576)
Recorded block-done for octoS0SubroiZ15683136Y78409408X1097612544Difficultsoma_pred_affs/755 with read ROI [4688:6256, 656:2224, 1808:3376] (1568, 1568, 1568) and write ROI [5184:5760, 1152:1728, 2304:2880] (576, 576, 576)
Recording block-done for octoS0SubroiZ15683136Y78409408X1097612544Difficultsoma_pred_affs/1394 with read ROI [4688:6256, 80:1648, 4688:6256] (1568, 1568, 1568) and write ROI [5184:5760, 576:1152, 5184:5760] (576, 576, 576)
Recorded block-done for octoS0SubroiZ15683136Y78409408X1097612544Difficultsoma_pred_affs/1394 with read ROI [4688:6256, 80:1648, 4688:6256] (1568, 1568, 1568) and write ROI [5184:5760, 576:1152, 5184:5760] (576, 576, 576)
Recording block-done for octoS0SubroiZ15683136Y78409408X1097612544Difficultsoma_pred_affs/4559 with read ROI [4688:6256, 80:1648, 10448:12016] (1568, 1568, 1568) and write ROI [5184:5760, 576:1152, 10944:11520] (576, 576, 576)
Recorded block-done for octoS0SubroiZ15683136Y78409408X1097612544Difficultsoma_pred_affs/4559 with read ROI [4688:6256, 80:1648, 10448:12016] (1568, 1568, 1568) and write ROI [5184:5760, 576:1152, 10944:11520] (576, 576, 576)
Recording block-done for octoS0SubroiZ15683136Y78409408X1097612544Difficultsoma_pred_affs/2088 with read ROI [4688:6256, 80:1648, 6416:7984] (1568, 1568, 1568) and write ROI [5184:5760, 576:1152, 6912:7488] (576, 576, 576)
Recorded block-done for octoS0SubroiZ15683136Y78409408X1097612544Difficultsoma_pred_affs/2088 with read ROI [4688:6256, 80:1648, 6416:7984] (1568, 1568, 1568) and write ROI [5184:5760, 576:1152, 6912:7488] (576, 576, 576)
Recording block-done for octoS0SubroiZ15683136Y78409408X1097612544Difficultsoma_pred_affs/2989 with read ROI [4688:6256, 80:1648, 8144:9712] (1568, 1568, 1568) and write ROI [5184:5760, 576:1152, 8640:9216] (576, 576, 576)
Recorded block-done for octoS0SubroiZ15683136Y78409408X1097612544Difficultsoma_pred_affs/2989 with read ROI [4688:6256, 80:1648, 8144:9712] (1568, 1568, 1568) and write ROI [5184:5760, 576:1152, 8640:9216] (576, 576, 576)
Recording block-done for octoS0SubroiZ15683136Y78409408X1097612544Difficultsoma_pred_affs/1627 with read ROI [4688:6256, 1232:2800, 4112:5680] (1568, 1568, 1568) and write ROI [5184:5760, 1728:2304, 4608:5184] (576, 576, 576)
Recorded block-done for octoS0SubroiZ15683136Y78409408X1097612544Difficultsoma_pred_affs/1627 with read ROI [4688:6256, 1232:2800, 4112:5680] (1568, 1568, 1568) and write ROI [5184:5760, 1728:2304, 4608:5184] (576, 576, 576)
Recording block-done for octoS0SubroiZ15683136Y78409408X1097612544Difficultsoma_pred_affs/3729 with read ROI [4688:6256, 656:2224, 8720:10288] (1568, 1568, 1568) and write ROI [5184:5760, 1152:1728, 9216:9792] (576, 576, 576)
Recorded block-done for octoS0SubroiZ15683136Y78409408X1097612544Difficultsoma_pred_affs/3729 with read ROI [4688:6256, 656:2224, 8720:10288] (1568, 1568, 1568) and write ROI [5184:5760, 1152:1728, 9216:9792] (576, 576, 576)
Recording block-done for octoS0SubroiZ15683136Y78409408X1097612544Difficultsoma_pred_affs/903 with read ROI [4688:6256, 1232:2800, 1808:3376] (1568, 1568, 1568) and write ROI [5184:5760, 1728:2304, 2304:2880] (576, 576, 576)
Recorded block-done for octoS0SubroiZ15683136Y78409408X1097612544Difficultsoma_pred_affs/903 with read ROI [4688:6256, 1232:2800, 1808:3376] (1568, 1568, 1568) and write ROI [5184:5760, 1728:2304, 2304:2880] (576, 576, 576)
Recording block-done for octoS0SubroiZ15683136Y78409408X1097612544Difficultsoma_pred_affs/1227 with read ROI [4688:6256, 1232:2800, 2960:4528] (1568, 1568, 1568) and write ROI [5184:5760, 1728:2304, 3456:4032] (576, 576, 576)
Recorded block-done for octoS0SubroiZ15683136Y78409408X1097612544Difficultsoma_pred_affs/1227 with read ROI [4688:6256, 1232:2800, 2960:4528] (1568, 1568, 1568) and write ROI [5184:5760, 1728:2304, 3456:4032] (576, 576, 576)
Recording block-done for octoS0SubroiZ15683136Y78409408X1097612544Difficultsoma_pred_affs/3741 with read ROI [4688:6256, 1232:2800, 8144:9712] (1568, 1568, 1568) and write ROI [5184:5760, 1728:2304, 8640:9216] (576, 576, 576)
Recorded block-done for octoS0SubroiZ15683136Y78409408X1097612544Difficultsoma_pred_affs/3741 with read ROI [4688:6256, 1232:2800, 8144:9712] (1568, 1568, 1568) and write ROI [5184:5760, 1728:2304, 8640:9216] (576, 576, 576)
Recording block-done for octoS0SubroiZ15683136Y78409408X1097612544Difficultsoma_pred_affs/4595 with read ROI [4688:6256, 1808:3376, 8720:10288] (1568, 1568, 1568) and write ROI [5184:5760, 2304:2880, 9216:9792] (576, 576, 576)
Recorded block-done for octoS0SubroiZ15683136Y78409408X1097612544Difficultsoma_pred_affs/4595 with read ROI [4688:6256, 1808:3376, 8720:10288] (1568, 1568, 1568) and write ROI [5184:5760, 2304:2880, 9216:9792] (576, 576, 576)
Recording block-done for octoS0SubroiZ15683136Y78409408X1097612544Difficultsoma_pred_affs/1069 with read ROI [4688:6256, 1808:3376, 1808:3376] (1568, 1568, 1568) and write ROI [5184:5760, 2304:2880, 2304:2880] (576, 576, 576)
Recorded block-done for octoS0SubroiZ15683136Y78409408X1097612544Difficultsoma_pred_affs/1069 with read ROI [4688:6256, 1808:3376, 1808:3376] (1568, 1568, 1568) and write ROI [5184:5760, 2304:2880, 2304:2880] (576, 576, 576)
Recording block-done for octoS0SubroiZ15683136Y78409408X1097612544Difficultsoma_pred_affs/2124 with read ROI [4688:6256, 1808:3376, 4688:6256] (1568, 1568, 1568) and write ROI [5184:5760, 2304:2880, 5184:5760] (576, 576, 576)
Recorded block-done for octoS0SubroiZ15683136Y78409408X1097612544Difficultsoma_pred_affs/2124 with read ROI [4688:6256, 1808:3376, 4688:6256] (1568, 1568, 1568) and write ROI [5184:5760, 2304:2880, 5184:5760] (576, 576, 576)
Recording block-done for octoS0SubroiZ15683136Y78409408X1097612544Difficultsoma_pred_affs/3025 with read ROI [4688:6256, 1808:3376, 6416:7984] (1568, 1568, 1568) and write ROI [5184:5760, 2304:2880, 6912:7488] (576, 576, 576)
Recorded block-done for octoS0SubroiZ15683136Y78409408X1097612544Difficultsoma_pred_affs/3025 with read ROI [4688:6256, 1808:3376, 6416:7984] (1568, 1568, 1568) and write ROI [5184:5760, 2304:2880, 6912:7488] (576, 576, 576)
Recording block-done for octoS0SubroiZ15683136Y78409408X1097612544Difficultsoma_pred_affs/1444 with read ROI [4688:6256, 2384:3952, 2384:3952] (1568, 1568, 1568) and write ROI [5184:5760, 2880:3456, 2880:3456] (576, 576, 576)
Recorded block-done for octoS0SubroiZ15683136Y78409408X1097612544Difficultsoma_pred_affs/1444 with read ROI [4688:6256, 2384:3952, 2384:3952] (1568, 1568, 1568) and write ROI [5184:5760, 2880:3456, 2880:3456] (576, 576, 576)
Recording block-done for octoS0SubroiZ15683136Y78409408X1097612544Difficultsoma_pred_affs/2138 with read ROI [4688:6256, 2384:3952, 4112:5680] (1568, 1568, 1568) and write ROI [5184:5760, 2880:3456, 4608:5184] (576, 576, 576)
Recorded block-done for octoS0SubroiZ15683136Y78409408X1097612544Difficultsoma_pred_affs/2138 with read ROI [4688:6256, 2384:3952, 4112:5680] (1568, 1568, 1568) and write ROI [5184:5760, 2880:3456, 4608:5184] (576, 576, 576)
Recording block-done for octoS0SubroiZ15683136Y78409408X1097612544Difficultsoma_pred_affs/6659 with read ROI [4688:6256, 2384:3952, 10448:12016] (1568, 1568, 1568) and write ROI [5184:5760, 2880:3456, 10944:11520] (576, 576, 576)
Recorded block-done for octoS0SubroiZ15683136Y78409408X1097612544Difficultsoma_pred_affs/6659 with read ROI [4688:6256, 2384:3952, 10448:12016] (1568, 1568, 1568) and write ROI [5184:5760, 2880:3456, 10944:11520] (576, 576, 576)
Recording block-done for octoS0SubroiZ15683136Y78409408X1097612544Difficultsoma_pred_affs/3768 with read ROI [4688:6256, 2384:3952, 6992:8560] (1568, 1568, 1568) and write ROI [5184:5760, 2880:3456, 7488:8064] (576, 576, 576)
Recorded block-done for octoS0SubroiZ15683136Y78409408X1097612544Difficultsoma_pred_affs/3768 with read ROI [4688:6256, 2384:3952, 6992:8560] (1568, 1568, 1568) and write ROI [5184:5760, 2880:3456, 7488:8064] (576, 576, 576)
Recording block-done for octoS0SubroiZ15683136Y78409408X1097612544Difficultsoma_pred_affs/1269 with read ROI [4688:6256, 2960:4528, 1232:2800] (1568, 1568, 1568) and write ROI [5184:5760, 3456:4032, 1728:2304] (576, 576, 576)
Recorded block-done for octoS0SubroiZ15683136Y78409408X1097612544Difficultsoma_pred_affs/1269 with read ROI [4688:6256, 2960:4528, 1232:2800] (1568, 1568, 1568) and write ROI [5184:5760, 3456:4032, 1728:2304] (576, 576, 576)
Recording block-done for octoS0SubroiZ15683136Y78409408X1097612544Difficultsoma_pred_affs/1900 with read ROI [4688:6256, 2960:4528, 2960:4528] (1568, 1568, 1568) and write ROI [5184:5760, 3456:4032, 3456:4032] (576, 576, 576)
Recorded block-done for octoS0SubroiZ15683136Y78409408X1097612544Difficultsoma_pred_affs/1900 with read ROI [4688:6256, 2960:4528, 2960:4528] (1568, 1568, 1568) and write ROI [5184:5760, 3456:4032, 3456:4032] (576, 576, 576)
Recording block-done for octoS0SubroiZ15683136Y78409408X1097612544Difficultsoma_pred_affs/5585 with read ROI [4688:6256, 2960:4528, 8720:10288] (1568, 1568, 1568) and write ROI [5184:5760, 3456:4032, 9216:9792] (576, 576, 576)
Recorded block-done for octoS0SubroiZ15683136Y78409408X1097612544Difficultsoma_pred_affs/5585 with read ROI [4688:6256, 2960:4528, 8720:10288] (1568, 1568, 1568) and write ROI [5184:5760, 3456:4032, 9216:9792] (576, 576, 576)
Recording block-done for octoS0SubroiZ15683136Y78409408X1097612544Difficultsoma_pred_affs/6690 with read ROI [4688:6256, 3536:5104, 9296:10864] (1568, 1568, 1568) and write ROI [5184:5760, 4032:4608, 9792:10368] (576, 576, 576)
Recorded block-done for octoS0SubroiZ15683136Y78409408X1097612544Difficultsoma_pred_affs/6690 with read ROI [4688:6256, 3536:5104, 9296:10864] (1568, 1568, 1568) and write ROI [5184:5760, 4032:4608, 9792:10368] (576, 576, 576)
Recording block-done for octoS0SubroiZ15683136Y78409408X1097612544Difficultsoma_pred_affs/7915 with read ROI [4688:6256, 3536:5104, 10448:12016] (1568, 1568, 1568) and write ROI [5184:5760, 4032:4608, 10944:11520] (576, 576, 576)
Recorded block-done for octoS0SubroiZ15683136Y78409408X1097612544Difficultsoma_pred_affs/7915 with read ROI [4688:6256, 3536:5104, 10448:12016] (1568, 1568, 1568) and write ROI [5184:5760, 4032:4608, 10944:11520] (576, 576, 576)
Recording block-done for octoS0SubroiZ15683136Y78409408X1097612544Difficultsoma_pred_affs/1685 with read ROI [4688:6256, 3536:5104, 1808:3376] (1568, 1568, 1568) and write ROI [5184:5760, 4032:4608, 2304:2880] (576, 576, 576)
Recorded block-done for octoS0SubroiZ15683136Y78409408X1097612544Difficultsoma_pred_affs/1685 with read ROI [4688:6256, 3536:5104, 1808:3376] (1568, 1568, 1568) and write ROI [5184:5760, 4032:4608, 2304:2880] (576, 576, 576)
Recording block-done for octoS0SubroiZ15683136Y78409408X1097612544Difficultsoma_pred_affs/1933 with read ROI [4688:6256, 4112:5680, 1808:3376] (1568, 1568, 1568) and write ROI [5184:5760, 4608:5184, 2304:2880] (576, 576, 576)
Recorded block-done for octoS0SubroiZ15683136Y78409408X1097612544Difficultsoma_pred_affs/1933 with read ROI [4688:6256, 4112:5680, 1808:3376] (1568, 1568, 1568) and write ROI [5184:5760, 4608:5184, 2304:2880] (576, 576, 576)
Recording block-done for octoS0SubroiZ15683136Y78409408X1097612544Difficultsoma_pred_affs/2745 with read ROI [4688:6256, 3536:5104, 4112:5680] (1568, 1568, 1568) and write ROI [5184:5760, 4032:4608, 4608:5184] (576, 576, 576)
Recorded block-done for octoS0SubroiZ15683136Y78409408X1097612544Difficultsoma_pred_affs/2745 with read ROI [4688:6256, 3536:5104, 4112:5680] (1568, 1568, 1568) and write ROI [5184:5760, 4032:4608, 4608:5184] (576, 576, 576)
Recording block-done for octoS0SubroiZ15683136Y78409408X1097612544Difficultsoma_pred_affs/4222 with read ROI [4688:6256, 4112:5680, 5840:7408] (1568, 1568, 1568) and write ROI [5184:5760, 4608:5184, 6336:6912] (576, 576, 576)
Recorded block-done for octoS0SubroiZ15683136Y78409408X1097612544Difficultsoma_pred_affs/4222 with read ROI [4688:6256, 4112:5680, 5840:7408] (1568, 1568, 1568) and write ROI [5184:5760, 4608:5184, 6336:6912] (576, 576, 576)
Recording block-done for octoS0SubroiZ15683136Y78409408X1097612544Difficultsoma_pred_affs/3438 with read ROI [4688:6256, 4112:5680, 4688:6256] (1568, 1568, 1568) and write ROI [5184:5760, 4608:5184, 5184:5760] (576, 576, 576)
Recorded block-done for octoS0SubroiZ15683136Y78409408X1097612544Difficultsoma_pred_affs/3438 with read ROI [4688:6256, 4112:5680, 4688:6256] (1568, 1568, 1568) and write ROI [5184:5760, 4608:5184, 5184:5760] (576, 576, 576)
Recording block-done for octoS0SubroiZ15683136Y78409408X1097612544Difficultsoma_pred_affs/8598 with read ROI [4688:6256, 4112:5680, 10448:12016] (1568, 1568, 1568) and write ROI [5184:5760, 4608:5184, 10944:11520] (576, 576, 576)
Recorded block-done for octoS0SubroiZ15683136Y78409408X1097612544Difficultsoma_pred_affs/8598 with read ROI [4688:6256, 4112:5680, 10448:12016] (1568, 1568, 1568) and write ROI [5184:5760, 4608:5184, 10944:11520] (576, 576, 576)
Recording block-done for octoS0SubroiZ15683136Y78409408X1097612544Difficultsoma_pred_affs/1720 with read ROI [4688:6256, 4688:6256, 656:2224] (1568, 1568, 1568) and write ROI [5184:5760, 5184:5760, 1152:1728] (576, 576, 576)
Recorded block-done for octoS0SubroiZ15683136Y78409408X1097612544Difficultsoma_pred_affs/1720 with read ROI [4688:6256, 4688:6256, 656:2224] (1568, 1568, 1568) and write ROI [5184:5760, 5184:5760, 1152:1728] (576, 576, 576)
Recording block-done for octoS0SubroiZ15683136Y78409408X1097612544Difficultsoma_pred_affs/5618 with read ROI [4688:6256, 4112:5680, 7568:9136] (1568, 1568, 1568) and write ROI [5184:5760, 4608:5184, 8064:8640] (576, 576, 576)
Recorded block-done for octoS0SubroiZ15683136Y78409408X1097612544Difficultsoma_pred_affs/5618 with read ROI [4688:6256, 4112:5680, 7568:9136] (1568, 1568, 1568) and write ROI [5184:5760, 4608:5184, 8064:8640] (576, 576, 576)
Recording block-done for octoS0SubroiZ15683136Y78409408X1097612544Difficultsoma_pred_affs/7320 with read ROI [4688:6256, 4688:6256, 8720:10288] (1568, 1568, 1568) and write ROI [5184:5760, 5184:5760, 9216:9792] (576, 576, 576)
Recorded block-done for octoS0SubroiZ15683136Y78409408X1097612544Difficultsoma_pred_affs/7320 with read ROI [4688:6256, 4688:6256, 8720:10288] (1568, 1568, 1568) and write ROI [5184:5760, 5184:5760, 9216:9792] (576, 576, 576)
Recording block-done for octoS0SubroiZ15683136Y78409408X1097612544Difficultsoma_pred_affs/6164 with read ROI [4688:6256, 4688:6256, 7568:9136] (1568, 1568, 1568) and write ROI [5184:5760, 5184:5760, 8064:8640] (576, 576, 576)
Recorded block-done for octoS0SubroiZ15683136Y78409408X1097612544Difficultsoma_pred_affs/6164 with read ROI [4688:6256, 4688:6256, 7568:9136] (1568, 1568, 1568) and write ROI [5184:5760, 5184:5760, 8064:8640] (576, 576, 576)
Recording block-done for octoS0SubroiZ15683136Y78409408X1097612544Difficultsoma_pred_affs/2799 with read ROI [4688:6256, 5264:6832, 2384:3952] (1568, 1568, 1568) and write ROI [5184:5760, 5760:6336, 2880:3456] (576, 576, 576)
Recorded block-done for octoS0SubroiZ15683136Y78409408X1097612544Difficultsoma_pred_affs/2799 with read ROI [4688:6256, 5264:6832, 2384:3952] (1568, 1568, 1568) and write ROI [5184:5760, 5760:6336, 2880:3456] (576, 576, 576)
Recording block-done for octoS0SubroiZ15683136Y78409408X1097612544Difficultsoma_pred_affs/4259 with read ROI [4688:6256, 5264:6832, 4688:6256] (1568, 1568, 1568) and write ROI [5184:5760, 5760:6336, 5184:5760] (576, 576, 576)
Recorded block-done for octoS0SubroiZ15683136Y78409408X1097612544Difficultsoma_pred_affs/4259 with read ROI [4688:6256, 5264:6832, 4688:6256] (1568, 1568, 1568) and write ROI [5184:5760, 5760:6336, 5184:5760] (576, 576, 576)
Recording block-done for octoS0SubroiZ15683136Y78409408X1097612544Difficultsoma_pred_affs/7969 with read ROI [4688:6256, 5264:6832, 8720:10288] (1568, 1568, 1568) and write ROI [5184:5760, 5760:6336, 9216:9792] (576, 576, 576)
Recorded block-done for octoS0SubroiZ15683136Y78409408X1097612544Difficultsoma_pred_affs/7969 with read ROI [4688:6256, 5264:6832, 8720:10288] (1568, 1568, 1568) and write ROI [5184:5760, 5760:6336, 9216:9792] (576, 576, 576)
Recording block-done for octoS0SubroiZ15683136Y78409408X1097612544Difficultsoma_pred_affs/10079 with read ROI [4688:6256, 5264:6832, 10448:12016] (1568, 1568, 1568) and write ROI [5184:5760, 5760:6336, 10944:11520] (576, 576, 576)
Recorded block-done for octoS0SubroiZ15683136Y78409408X1097612544Difficultsoma_pred_affs/10079 with read ROI [4688:6256, 5264:6832, 10448:12016] (1568, 1568, 1568) and write ROI [5184:5760, 5760:6336, 10944:11520] (576, 576, 576)
Recording block-done for octoS0SubroiZ15683136Y78409408X1097612544Difficultsoma_pred_affs/3495 with read ROI [4688:6256, 5840:7408, 2960:4528] (1568, 1568, 1568) and write ROI [5184:5760, 6336:6912, 3456:4032] (576, 576, 576)
Recorded block-done for octoS0SubroiZ15683136Y78409408X1097612544Difficultsoma_pred_affs/3495 with read ROI [4688:6256, 5840:7408, 2960:4528] (1568, 1568, 1568) and write ROI [5184:5760, 6336:6912, 3456:4032] (576, 576, 576)
Recording block-done for octoS0SubroiZ15683136Y78409408X1097612544Difficultsoma_pred_affs/6764 with read ROI [4688:6256, 5840:7408, 6992:8560] (1568, 1568, 1568) and write ROI [5184:5760, 6336:6912, 7488:8064] (576, 576, 576)
Recorded block-done for octoS0SubroiZ15683136Y78409408X1097612544Difficultsoma_pred_affs/6764 with read ROI [4688:6256, 5840:7408, 6992:8560] (1568, 1568, 1568) and write ROI [5184:5760, 6336:6912, 7488:8064] (576, 576, 576)
Recording block-done for octoS0SubroiZ15683136Y78409408X1097612544Difficultsoma_pred_affs/4735 with read ROI [4688:6256, 6416:7984, 4112:5680] (1568, 1568, 1568) and write ROI [5184:5760, 6912:7488, 4608:5184] (576, 576, 576)
Recorded block-done for octoS0SubroiZ15683136Y78409408X1097612544Difficultsoma_pred_affs/4735 with read ROI [4688:6256, 6416:7984, 4112:5680] (1568, 1568, 1568) and write ROI [5184:5760, 6912:7488, 4608:5184] (576, 576, 576)
Recording block-done for octoS0SubroiZ15683136Y78409408X1097612544Difficultsoma_pred_affs/4300 with read ROI [4688:6256, 6416:7984, 3536:5104] (1568, 1568, 1568) and write ROI [5184:5760, 6912:7488, 4032:4608] (576, 576, 576)
Recorded block-done for octoS0SubroiZ15683136Y78409408X1097612544Difficultsoma_pred_affs/4300 with read ROI [4688:6256, 6416:7984, 3536:5104] (1568, 1568, 1568) and write ROI [5184:5760, 6912:7488, 4032:4608] (576, 576, 576)
Recording block-done for octoS0SubroiZ15683136Y78409408X1097612544Difficultsoma_pred_affs/7380 with read ROI [4688:6256, 6416:7984, 6992:8560] (1568, 1568, 1568) and write ROI [5184:5760, 6912:7488, 7488:8064] (576, 576, 576)
Recorded block-done for octoS0SubroiZ15683136Y78409408X1097612544Difficultsoma_pred_affs/7380 with read ROI [4688:6256, 6416:7984, 6992:8560] (1568, 1568, 1568) and write ROI [5184:5760, 6912:7488, 7488:8064] (576, 576, 576)
Recording block-done for octoS0SubroiZ15683136Y78409408X1097612544Difficultsoma_pred_affs/2862 with read ROI [4688:6256, 6992:8560, 656:2224] (1568, 1568, 1568) and write ROI [5184:5760, 7488:8064, 1152:1728] (576, 576, 576)
Recorded block-done for octoS0SubroiZ15683136Y78409408X1097612544Difficultsoma_pred_affs/2862 with read ROI [4688:6256, 6992:8560, 656:2224] (1568, 1568, 1568) and write ROI [5184:5760, 7488:8064, 1152:1728] (576, 576, 576)
Recording block-done for octoS0SubroiZ15683136Y78409408X1097612544Difficultsoma_pred_affs/3187 with read ROI [4688:6256, 6992:8560, 1232:2800] (1568, 1568, 1568) and write ROI [5184:5760, 7488:8064, 1728:2304] (576, 576, 576)
Recorded block-done for octoS0SubroiZ15683136Y78409408X1097612544Difficultsoma_pred_affs/3187 with read ROI [4688:6256, 6992:8560, 1232:2800] (1568, 1568, 1568) and write ROI [5184:5760, 7488:8064, 1728:2304] (576, 576, 576)
Recording block-done for octoS0SubroiZ15683136Y78409408X1097612544Difficultsoma_pred_affs/2885 with read ROI [4688:6256, 7568:9136, 80:1648] (1568, 1568, 1568) and write ROI [5184:5760, 8064:8640, 576:1152] (576, 576, 576)
Recorded block-done for octoS0SubroiZ15683136Y78409408X1097612544Difficultsoma_pred_affs/2885 with read ROI [4688:6256, 7568:9136, 80:1648] (1568, 1568, 1568) and write ROI [5184:5760, 8064:8640, 576:1152] (576, 576, 576)
Recording block-done for octoS0SubroiZ15683136Y78409408X1097612544Difficultsoma_pred_affs/5718 with read ROI [4688:6256, 6992:8560, 4688:6256] (1568, 1568, 1568) and write ROI [5184:5760, 7488:8064, 5184:5760] (576, 576, 576)
Recorded block-done for octoS0SubroiZ15683136Y78409408X1097612544Difficultsoma_pred_affs/5718 with read ROI [4688:6256, 6992:8560, 4688:6256] (1568, 1568, 1568) and write ROI [5184:5760, 7488:8064, 5184:5760] (576, 576, 576)
Recording block-done for octoS0SubroiZ15683136Y78409408X1097612544Difficultsoma_pred_affs/12603 with read ROI [4688:6256, 6992:8560, 10448:12016] (1568, 1568, 1568) and write ROI [5184:5760, 7488:8064, 10944:11520] (576, 576, 576)
Recorded block-done for octoS0SubroiZ15683136Y78409408X1097612544Difficultsoma_pred_affs/12603 with read ROI [4688:6256, 6992:8560, 10448:12016] (1568, 1568, 1568) and write ROI [5184:5760, 7488:8064, 10944:11520] (576, 576, 576)
Recording block-done for octoS0SubroiZ15683136Y78409408X1097612544Difficultsoma_pred_affs/6830 with read ROI [4688:6256, 7568:9136, 5264:6832] (1568, 1568, 1568) and write ROI [5184:5760, 8064:8640, 5760:6336] (576, 576, 576)
Recorded block-done for octoS0SubroiZ15683136Y78409408X1097612544Difficultsoma_pred_affs/6830 with read ROI [4688:6256, 7568:9136, 5264:6832] (1568, 1568, 1568) and write ROI [5184:5760, 8064:8640, 5760:6336] (576, 576, 576)
Recording block-done for octoS0SubroiZ15683136Y78409408X1097612544Difficultsoma_pred_affs/5245 with read ROI [4688:6256, 7568:9136, 3536:5104] (1568, 1568, 1568) and write ROI [5184:5760, 8064:8640, 4032:4608] (576, 576, 576)
Recorded block-done for octoS0SubroiZ15683136Y78409408X1097612544Difficultsoma_pred_affs/5245 with read ROI [4688:6256, 7568:9136, 3536:5104] (1568, 1568, 1568) and write ROI [5184:5760, 8064:8640, 4032:4608] (576, 576, 576)
Recording block-done for octoS0SubroiZ15683136Y78409408X1097612544Difficultsoma_pred_affs/10945 with read ROI [4688:6256, 7568:9136, 8720:10288] (1568, 1568, 1568) and write ROI [5184:5760, 8064:8640, 9216:9792] (576, 576, 576)
Recorded block-done for octoS0SubroiZ15683136Y78409408X1097612544Difficultsoma_pred_affs/10945 with read ROI [4688:6256, 7568:9136, 8720:10288] (1568, 1568, 1568) and write ROI [5184:5760, 8064:8640, 9216:9792] (576, 576, 576)
Recording block-done for octoS0SubroiZ15683136Y78409408X1097612544Difficultsoma_pred_affs/3963 with read ROI [4688:6256, 8144:9712, 1232:2800] (1568, 1568, 1568) and write ROI [5184:5760, 8640:9216, 1728:2304] (576, 576, 576)
Recorded block-done for octoS0SubroiZ15683136Y78409408X1097612544Difficultsoma_pred_affs/3963 with read ROI [4688:6256, 8144:9712, 1232:2800] (1568, 1568, 1568) and write ROI [5184:5760, 8640:9216, 1728:2304] (576, 576, 576)
Recording block-done for octoS0SubroiZ15683136Y78409408X1097612544Difficultsoma_pred_affs/13553 with read ROI [4688:6256, 8144:9712, 9872:11440] (1568, 1568, 1568) and write ROI [5184:5760, 8640:9216, 10368:10944] (576, 576, 576)
Recorded block-done for octoS0SubroiZ15683136Y78409408X1097612544Difficultsoma_pred_affs/13553 with read ROI [4688:6256, 8144:9712, 9872:11440] (1568, 1568, 1568) and write ROI [5184:5760, 8640:9216, 10368:10944] (576, 576, 576)
Recording block-done for octoS0SubroiZ15683136Y78409408X1097612544Difficultsoma_pred_affs/4394 with read ROI [4688:6256, 8720:10288, 1232:2800] (1568, 1568, 1568) and write ROI [5184:5760, 9216:9792, 1728:2304] (576, 576, 576)
Recorded block-done for octoS0SubroiZ15683136Y78409408X1097612544Difficultsoma_pred_affs/4394 with read ROI [4688:6256, 8720:10288, 1232:2800] (1568, 1568, 1568) and write ROI [5184:5760, 9216:9792, 1728:2304] (576, 576, 576)
Recording block-done for octoS0SubroiZ15683136Y78409408X1097612544Difficultsoma_pred_affs/10969 with read ROI [4688:6256, 8144:9712, 8144:9712] (1568, 1568, 1568) and write ROI [5184:5760, 8640:9216, 8640:9216] (576, 576, 576)
Recorded block-done for octoS0SubroiZ15683136Y78409408X1097612544Difficultsoma_pred_affs/10969 with read ROI [4688:6256, 8144:9712, 8144:9712] (1568, 1568, 1568) and write ROI [5184:5760, 8640:9216, 8640:9216] (576, 576, 576)
Recording block-done for octoS0SubroiZ15683136Y78409408X1097612544Difficultsoma_pred_affs/8104 with read ROI [4688:6256, 8720:10288, 5264:6832] (1568, 1568, 1568) and write ROI [5184:5760, 9216:9792, 5760:6336] (576, 576, 576)
Recorded block-done for octoS0SubroiZ15683136Y78409408X1097612544Difficultsoma_pred_affs/8104 with read ROI [4688:6256, 8720:10288, 5264:6832] (1568, 1568, 1568) and write ROI [5184:5760, 9216:9792, 5760:6336] (576, 576, 576)
Recording block-done for octoS0SubroiZ15683136Y78409408X1097612544Difficultsoma_pred_affs/5790 with read ROI [4688:6256, 8720:10288, 2960:4528] (1568, 1568, 1568) and write ROI [5184:5760, 9216:9792, 3456:4032] (576, 576, 576)
Recorded block-done for octoS0SubroiZ15683136Y78409408X1097612544Difficultsoma_pred_affs/5790 with read ROI [4688:6256, 8720:10288, 2960:4528] (1568, 1568, 1568) and write ROI [5184:5760, 9216:9792, 3456:4032] (576, 576, 576)
Recording block-done for octoS0SubroiZ15683136Y78409408X1097612544Difficultsoma_pred_affs/4420 with read ROI [4688:6256, 9296:10864, 656:2224] (1568, 1568, 1568) and write ROI [5184:5760, 9792:10368, 1152:1728] (576, 576, 576)
Recorded block-done for octoS0SubroiZ15683136Y78409408X1097612544Difficultsoma_pred_affs/4420 with read ROI [4688:6256, 9296:10864, 656:2224] (1568, 1568, 1568) and write ROI [5184:5760, 9792:10368, 1152:1728] (576, 576, 576)
Recording block-done for octoS0SubroiZ15683136Y78409408X1097612544Difficultsoma_pred_affs/7500 with read ROI [4688:6256, 9296:10864, 4112:5680] (1568, 1568, 1568) and write ROI [5184:5760, 9792:10368, 4608:5184] (576, 576, 576)
Recorded block-done for octoS0SubroiZ15683136Y78409408X1097612544Difficultsoma_pred_affs/7500 with read ROI [4688:6256, 9296:10864, 4112:5680] (1568, 1568, 1568) and write ROI [5184:5760, 9792:10368, 4608:5184] (576, 576, 576)
Recording block-done for octoS0SubroiZ15683136Y78409408X1097612544Difficultsoma_pred_affs/9499 with read ROI [4688:6256, 9296:10864, 5840:7408] (1568, 1568, 1568) and write ROI [5184:5760, 9792:10368, 6336:6912] (576, 576, 576)
Recorded block-done for octoS0SubroiZ15683136Y78409408X1097612544Difficultsoma_pred_affs/9499 with read ROI [4688:6256, 9296:10864, 5840:7408] (1568, 1568, 1568) and write ROI [5184:5760, 9792:10368, 6336:6912] (576, 576, 576)
Recording block-done for octoS0SubroiZ15683136Y78409408X1097612544Difficultsoma_pred_affs/14550 with read ROI [4688:6256, 9296:10864, 9296:10864] (1568, 1568, 1568) and write ROI [5184:5760, 9792:10368, 9792:10368] (576, 576, 576)
Recorded block-done for octoS0SubroiZ15683136Y78409408X1097612544Difficultsoma_pred_affs/14550 with read ROI [4688:6256, 9296:10864, 9296:10864] (1568, 1568, 1568) and write ROI [5184:5760, 9792:10368, 9792:10368] (576, 576, 576)
Recording block-done for octoS0SubroiZ15683136Y78409408X1097612544Difficultsoma_pred_affs/6371 with read ROI [4688:6256, 9872:11440, 2384:3952] (1568, 1568, 1568) and write ROI [5184:5760, 10368:10944, 2880:3456] (576, 576, 576)
Recorded block-done for octoS0SubroiZ15683136Y78409408X1097612544Difficultsoma_pred_affs/6371 with read ROI [4688:6256, 9872:11440, 2384:3952] (1568, 1568, 1568) and write ROI [5184:5760, 10368:10944, 2880:3456] (576, 576, 576)
Recording block-done for octoS0SubroiZ15683136Y78409408X1097612544Difficultsoma_pred_affs/11020 with read ROI [4688:6256, 9296:10864, 6992:8560] (1568, 1568, 1568) and write ROI [5184:5760, 9792:10368, 7488:8064] (576, 576, 576)
Recorded block-done for octoS0SubroiZ15683136Y78409408X1097612544Difficultsoma_pred_affs/11020 with read ROI [4688:6256, 9296:10864, 6992:8560] (1568, 1568, 1568) and write ROI [5184:5760, 9792:10368, 7488:8064] (576, 576, 576)
Recording block-done for octoS0SubroiZ15683136Y78409408X1097612544Difficultsoma_pred_affs/11867 with read ROI [4688:6256, 9872:11440, 6992:8560] (1568, 1568, 1568) and write ROI [5184:5760, 10368:10944, 7488:8064] (576, 576, 576)
Recorded block-done for octoS0SubroiZ15683136Y78409408X1097612544Difficultsoma_pred_affs/11867 with read ROI [4688:6256, 9872:11440, 6992:8560] (1568, 1568, 1568) and write ROI [5184:5760, 10368:10944, 7488:8064] (576, 576, 576)
Recording block-done for octoS0SubroiZ15683136Y78409408X1097612544Difficultsoma_pred_affs/13631 with read ROI [4688:6256, 9872:11440, 8144:9712] (1568, 1568, 1568) and write ROI [5184:5760, 10368:10944, 8640:9216] (576, 576, 576)
Recorded block-done for octoS0SubroiZ15683136Y78409408X1097612544Difficultsoma_pred_affs/13631 with read ROI [4688:6256, 9872:11440, 8144:9712] (1568, 1568, 1568) and write ROI [5184:5760, 10368:10944, 8640:9216] (576, 576, 576)
Recording block-done for octoS0SubroiZ15683136Y78409408X1097612544Difficultsoma_pred_affs/5871 with read ROI [4688:6256, 10448:12016, 1232:2800] (1568, 1568, 1568) and write ROI [5184:5760, 10944:11520, 1728:2304] (576, 576, 576)
Recorded block-done for octoS0SubroiZ15683136Y78409408X1097612544Difficultsoma_pred_affs/5871 with read ROI [4688:6256, 10448:12016, 1232:2800] (1568, 1568, 1568) and write ROI [5184:5760, 10944:11520, 1728:2304] (576, 576, 576)
Recording block-done for octoS0SubroiZ15683136Y78409408X1097612544Difficultsoma_pred_affs/13659 with read ROI [4688:6256, 10448:12016, 7568:9136] (1568, 1568, 1568) and write ROI [5184:5760, 10944:11520, 8064:8640] (576, 576, 576)
Recorded block-done for octoS0SubroiZ15683136Y78409408X1097612544Difficultsoma_pred_affs/13659 with read ROI [4688:6256, 10448:12016, 7568:9136] (1568, 1568, 1568) and write ROI [5184:5760, 10944:11520, 8064:8640] (576, 576, 576)
Recording block-done for octoS0SubroiZ15683136Y78409408X1097612544Difficultsoma_pred_affs/1057 with read ROI [5264:6832, 656:2224, 2384:3952] (1568, 1568, 1568) and write ROI [5760:6336, 1152:1728, 2880:3456] (576, 576, 576)
Recorded block-done for octoS0SubroiZ15683136Y78409408X1097612544Difficultsoma_pred_affs/1057 with read ROI [5264:6832, 656:2224, 2384:3952] (1568, 1568, 1568) and write ROI [5760:6336, 1152:1728, 2880:3456] (576, 576, 576)
Recording block-done for octoS0SubroiZ15683136Y78409408X1097612544Difficultsoma_pred_affs/3730 with read ROI [5264:6832, 80:1648, 8720:10288] (1568, 1568, 1568) and write ROI [5760:6336, 576:1152, 9216:9792] (576, 576, 576)
Recorded block-done for octoS0SubroiZ15683136Y78409408X1097612544Difficultsoma_pred_affs/3730 with read ROI [5264:6832, 80:1648, 8720:10288] (1568, 1568, 1568) and write ROI [5760:6336, 576:1152, 9216:9792] (576, 576, 576)
Recording block-done for octoS0SubroiZ15683136Y78409408X1097612544Difficultsoma_pred_affs/2376 with read ROI [5264:6832, 80:1648, 6416:7984] (1568, 1568, 1568) and write ROI [5760:6336, 576:1152, 6912:7488] (576, 576, 576)
Recorded block-done for octoS0SubroiZ15683136Y78409408X1097612544Difficultsoma_pred_affs/2376 with read ROI [5264:6832, 80:1648, 6416:7984] (1568, 1568, 1568) and write ROI [5760:6336, 576:1152, 6912:7488] (576, 576, 576)
Recording block-done for octoS0SubroiZ15683136Y78409408X1097612544Difficultsoma_pred_affs/1216 with read ROI [5264:6832, 80:1648, 3536:5104] (1568, 1568, 1568) and write ROI [5760:6336, 576:1152, 4032:4608] (576, 576, 576)
Recorded block-done for octoS0SubroiZ15683136Y78409408X1097612544Difficultsoma_pred_affs/1216 with read ROI [5264:6832, 80:1648, 3536:5104] (1568, 1568, 1568) and write ROI [5760:6336, 576:1152, 4032:4608] (576, 576, 576)
Recording block-done for octoS0SubroiZ15683136Y78409408X1097612544Difficultsoma_pred_affs/3352 with read ROI [5264:6832, 80:1648, 8144:9712] (1568, 1568, 1568) and write ROI [5760:6336, 576:1152, 8640:9216] (576, 576, 576)
Recorded block-done for octoS0SubroiZ15683136Y78409408X1097612544Difficultsoma_pred_affs/3352 with read ROI [5264:6832, 80:1648, 8144:9712] (1568, 1568, 1568) and write ROI [5760:6336, 576:1152, 8640:9216] (576, 576, 576)
Recording block-done for octoS0SubroiZ15683136Y78409408X1097612544Difficultsoma_pred_affs/1872 with read ROI [5264:6832, 1232:2800, 4112:5680] (1568, 1568, 1568) and write ROI [5760:6336, 1728:2304, 4608:5184] (576, 576, 576)
Recorded block-done for octoS0SubroiZ15683136Y78409408X1097612544Difficultsoma_pred_affs/1872 with read ROI [5264:6832, 1232:2800, 4112:5680] (1568, 1568, 1568) and write ROI [5760:6336, 1728:2304, 4608:5184] (576, 576, 576)
Recording block-done for octoS0SubroiZ15683136Y78409408X1097612544Difficultsoma_pred_affs/2701 with read ROI [5264:6832, 1232:2800, 5840:7408] (1568, 1568, 1568) and write ROI [5760:6336, 1728:2304, 6336:6912] (576, 576, 576)
Recorded block-done for octoS0SubroiZ15683136Y78409408X1097612544Difficultsoma_pred_affs/2701 with read ROI [5264:6832, 1232:2800, 5840:7408] (1568, 1568, 1568) and write ROI [5760:6336, 1728:2304, 6336:6912] (576, 576, 576)
Recording block-done for octoS0SubroiZ15683136Y78409408X1097612544Difficultsoma_pred_affs/1241 with read ROI [5264:6832, 1232:2800, 2384:3952] (1568, 1568, 1568) and write ROI [5760:6336, 1728:2304, 2880:3456] (576, 576, 576)
Recorded block-done for octoS0SubroiZ15683136Y78409408X1097612544Difficultsoma_pred_affs/1241 with read ROI [5264:6832, 1232:2800, 2384:3952] (1568, 1568, 1568) and write ROI [5760:6336, 1728:2304, 2880:3456] (576, 576, 576)
Recording block-done for octoS0SubroiZ15683136Y78409408X1097612544Difficultsoma_pred_affs/781 with read ROI [5264:6832, 1232:2800, 656:2224] (1568, 1568, 1568) and write ROI [5760:6336, 1728:2304, 1152:1728] (576, 576, 576)
Recorded block-done for octoS0SubroiZ15683136Y78409408X1097612544Difficultsoma_pred_affs/781 with read ROI [5264:6832, 1232:2800, 656:2224] (1568, 1568, 1568) and write ROI [5760:6336, 1728:2304, 1152:1728] (576, 576, 576)
Recording block-done for octoS0SubroiZ15683136Y78409408X1097612544Difficultsoma_pred_affs/1431 with read ROI [5264:6832, 1232:2800, 2960:4528] (1568, 1568, 1568) and write ROI [5760:6336, 1728:2304, 3456:4032] (576, 576, 576)
Recorded block-done for octoS0SubroiZ15683136Y78409408X1097612544Difficultsoma_pred_affs/1431 with read ROI [5264:6832, 1232:2800, 2960:4528] (1568, 1568, 1568) and write ROI [5760:6336, 1728:2304, 3456:4032] (576, 576, 576)
Recording block-done for octoS0SubroiZ15683136Y78409408X1097612544Difficultsoma_pred_affs/6660 with read ROI [5264:6832, 1808:3376, 10448:12016] (1568, 1568, 1568) and write ROI [5760:6336, 2304:2880, 10944:11520] (576, 576, 576)
Recorded block-done for octoS0SubroiZ15683136Y78409408X1097612544Difficultsoma_pred_affs/6660 with read ROI [5264:6832, 1808:3376, 10448:12016] (1568, 1568, 1568) and write ROI [5760:6336, 2304:2880, 10944:11520] (576, 576, 576)
Recording block-done for octoS0SubroiZ15683136Y78409408X1097612544Difficultsoma_pred_affs/6085 with read ROI [5264:6832, 1232:2800, 10448:12016] (1568, 1568, 1568) and write ROI [5760:6336, 1728:2304, 10944:11520] (576, 576, 576)
Recorded block-done for octoS0SubroiZ15683136Y78409408X1097612544Difficultsoma_pred_affs/6085 with read ROI [5264:6832, 1232:2800, 10448:12016] (1568, 1568, 1568) and write ROI [5760:6336, 1728:2304, 10944:11520] (576, 576, 576)
Recording block-done for octoS0SubroiZ15683136Y78409408X1097612544Difficultsoma_pred_affs/931 with read ROI [5264:6832, 1808:3376, 656:2224] (1568, 1568, 1568) and write ROI [5760:6336, 2304:2880, 1152:1728] (576, 576, 576)
Recorded block-done for octoS0SubroiZ15683136Y78409408X1097612544Difficultsoma_pred_affs/931 with read ROI [5264:6832, 1808:3376, 656:2224] (1568, 1568, 1568) and write ROI [5760:6336, 2304:2880, 1152:1728] (576, 576, 576)
Recording block-done for octoS0SubroiZ15683136Y78409408X1097612544Difficultsoma_pred_affs/1099 with read ROI [5264:6832, 2384:3952, 656:2224] (1568, 1568, 1568) and write ROI [5760:6336, 2880:3456, 1152:1728] (576, 576, 576)
Recorded block-done for octoS0SubroiZ15683136Y78409408X1097612544Difficultsoma_pred_affs/1099 with read ROI [5264:6832, 2384:3952, 656:2224] (1568, 1568, 1568) and write ROI [5760:6336, 2880:3456, 1152:1728] (576, 576, 576)
Recording block-done for octoS0SubroiZ15683136Y78409408X1097612544Difficultsoma_pred_affs/2730 with read ROI [5264:6832, 2384:3952, 4688:6256] (1568, 1568, 1568) and write ROI [5760:6336, 2880:3456, 5184:5760] (576, 576, 576)
Recorded block-done for octoS0SubroiZ15683136Y78409408X1097612544Difficultsoma_pred_affs/2730 with read ROI [5264:6832, 2384:3952, 4688:6256] (1568, 1568, 1568) and write ROI [5760:6336, 2880:3456, 5184:5760] (576, 576, 576)
Recording block-done for octoS0SubroiZ15683136Y78409408X1097612544Difficultsoma_pred_affs/5586 with read ROI [5264:6832, 2384:3952, 8720:10288] (1568, 1568, 1568) and write ROI [5760:6336, 2880:3456, 9216:9792] (576, 576, 576)
Recorded block-done for octoS0SubroiZ15683136Y78409408X1097612544Difficultsoma_pred_affs/5586 with read ROI [5264:6832, 2384:3952, 8720:10288] (1568, 1568, 1568) and write ROI [5760:6336, 2880:3456, 9216:9792] (576, 576, 576)
Recording block-done for octoS0SubroiZ15683136Y78409408X1097612544Difficultsoma_pred_affs/4625 with read ROI [5264:6832, 2384:3952, 7568:9136] (1568, 1568, 1568) and write ROI [5760:6336, 2880:3456, 8064:8640] (576, 576, 576)
Recorded block-done for octoS0SubroiZ15683136Y78409408X1097612544Difficultsoma_pred_affs/4625 with read ROI [5264:6832, 2384:3952, 7568:9136] (1568, 1568, 1568) and write ROI [5760:6336, 2880:3456, 8064:8640] (576, 576, 576)
Recording block-done for octoS0SubroiZ15683136Y78409408X1097612544Difficultsoma_pred_affs/2746 with read ROI [5264:6832, 2960:4528, 4112:5680] (1568, 1568, 1568) and write ROI [5760:6336, 3456:4032, 4608:5184] (576, 576, 576)
Recorded block-done for octoS0SubroiZ15683136Y78409408X1097612544Difficultsoma_pred_affs/2746 with read ROI [5264:6832, 2960:4528, 4112:5680] (1568, 1568, 1568) and write ROI [5760:6336, 3456:4032, 4608:5184] (576, 576, 576)
Recording block-done for octoS0SubroiZ15683136Y78409408X1097612544Difficultsoma_pred_affs/1686 with read ROI [5264:6832, 2960:4528, 1808:3376] (1568, 1568, 1568) and write ROI [5760:6336, 3456:4032, 2304:2880] (576, 576, 576)
Recorded block-done for octoS0SubroiZ15683136Y78409408X1097612544Difficultsoma_pred_affs/1686 with read ROI [5264:6832, 2960:4528, 1808:3376] (1568, 1568, 1568) and write ROI [5760:6336, 3456:4032, 2304:2880] (576, 576, 576)
Recording block-done for octoS0SubroiZ15683136Y78409408X1097612544Difficultsoma_pred_affs/7286 with read ROI [5264:6832, 2960:4528, 9872:11440] (1568, 1568, 1568) and write ROI [5760:6336, 3456:4032, 10368:10944] (576, 576, 576)
Recorded block-done for octoS0SubroiZ15683136Y78409408X1097612544Difficultsoma_pred_affs/7286 with read ROI [5264:6832, 2960:4528, 9872:11440] (1568, 1568, 1568) and write ROI [5760:6336, 3456:4032, 10368:10944] (576, 576, 576)
Recording block-done for octoS0SubroiZ15683136Y78409408X1097612544Difficultsoma_pred_affs/5106 with read ROI [5264:6832, 2960:4528, 7568:9136] (1568, 1568, 1568) and write ROI [5760:6336, 3456:4032, 8064:8640] (576, 576, 576)
Recorded block-done for octoS0SubroiZ15683136Y78409408X1097612544Difficultsoma_pred_affs/5106 with read ROI [5264:6832, 2960:4528, 7568:9136] (1568, 1568, 1568) and write ROI [5760:6336, 3456:4032, 8064:8640] (576, 576, 576)
Recording block-done for octoS0SubroiZ15683136Y78409408X1097612544Difficultsoma_pred_affs/1721 with read ROI [5264:6832, 4112:5680, 656:2224] (1568, 1568, 1568) and write ROI [5760:6336, 4608:5184, 1152:1728] (576, 576, 576)
Recorded block-done for octoS0SubroiZ15683136Y78409408X1097612544Difficultsoma_pred_affs/1721 with read ROI [5264:6832, 4112:5680, 656:2224] (1568, 1568, 1568) and write ROI [5760:6336, 4608:5184, 1152:1728] (576, 576, 576)
Recording block-done for octoS0SubroiZ15683136Y78409408X1097612544Difficultsoma_pred_affs/3439 with read ROI [5264:6832, 3536:5104, 4688:6256] (1568, 1568, 1568) and write ROI [5760:6336, 4032:4608, 5184:5760] (576, 576, 576)
Recorded block-done for octoS0SubroiZ15683136Y78409408X1097612544Difficultsoma_pred_affs/3439 with read ROI [5264:6832, 3536:5104, 4688:6256] (1568, 1568, 1568) and write ROI [5760:6336, 4032:4608, 5184:5760] (576, 576, 576)
Recording block-done for octoS0SubroiZ15683136Y78409408X1097612544Difficultsoma_pred_affs/5123 with read ROI [5264:6832, 3536:5104, 6992:8560] (1568, 1568, 1568) and write ROI [5760:6336, 4032:4608, 7488:8064] (576, 576, 576)
Recorded block-done for octoS0SubroiZ15683136Y78409408X1097612544Difficultsoma_pred_affs/5123 with read ROI [5264:6832, 3536:5104, 6992:8560] (1568, 1568, 1568) and write ROI [5760:6336, 4032:4608, 7488:8064] (576, 576, 576)
Recording block-done for octoS0SubroiZ15683136Y78409408X1097612544Difficultsoma_pred_affs/2224 with read ROI [5264:6832, 4688:6256, 1232:2800] (1568, 1568, 1568) and write ROI [5760:6336, 5184:5760, 1728:2304] (576, 576, 576)
Recorded block-done for octoS0SubroiZ15683136Y78409408X1097612544Difficultsoma_pred_affs/2224 with read ROI [5264:6832, 4688:6256, 1232:2800] (1568, 1568, 1568) and write ROI [5760:6336, 5184:5760, 1728:2304] (576, 576, 576)
Recording block-done for octoS0SubroiZ15683136Y78409408X1097612544Difficultsoma_pred_affs/6165 with read ROI [5264:6832, 4112:5680, 7568:9136] (1568, 1568, 1568) and write ROI [5760:6336, 4608:5184, 8064:8640] (576, 576, 576)
Recorded block-done for octoS0SubroiZ15683136Y78409408X1097612544Difficultsoma_pred_affs/6165 with read ROI [5264:6832, 4112:5680, 7568:9136] (1568, 1568, 1568) and write ROI [5760:6336, 4608:5184, 8064:8640] (576, 576, 576)
Recording block-done for octoS0SubroiZ15683136Y78409408X1097612544Difficultsoma_pred_affs/3476 with read ROI [5264:6832, 4688:6256, 3536:5104] (1568, 1568, 1568) and write ROI [5760:6336, 5184:5760, 4032:4608] (576, 576, 576)
Recorded block-done for octoS0SubroiZ15683136Y78409408X1097612544Difficultsoma_pred_affs/3476 with read ROI [5264:6832, 4688:6256, 3536:5104] (1568, 1568, 1568) and write ROI [5760:6336, 5184:5760, 4032:4608] (576, 576, 576)
Recording block-done for octoS0SubroiZ15683136Y78409408X1097612544Difficultsoma_pred_affs/2520 with read ROI [5264:6832, 5264:6832, 1232:2800] (1568, 1568, 1568) and write ROI [5760:6336, 5760:6336, 1728:2304] (576, 576, 576)
Recorded block-done for octoS0SubroiZ15683136Y78409408X1097612544Difficultsoma_pred_affs/2520 with read ROI [5264:6832, 5264:6832, 1232:2800] (1568, 1568, 1568) and write ROI [5760:6336, 5760:6336, 1728:2304] (576, 576, 576)
Recording block-done for octoS0SubroiZ15683136Y78409408X1097612544Difficultsoma_pred_affs/10880 with read ROI [5264:6832, 5264:6832, 10448:12016] (1568, 1568, 1568) and write ROI [5760:6336, 5760:6336, 10944:11520] (576, 576, 576)
Recorded block-done for octoS0SubroiZ15683136Y78409408X1097612544Difficultsoma_pred_affs/10880 with read ROI [5264:6832, 5264:6832, 10448:12016] (1568, 1568, 1568) and write ROI [5760:6336, 5760:6336, 10944:11520] (576, 576, 576)
Recording block-done for octoS0SubroiZ15683136Y78409408X1097612544Difficultsoma_pred_affs/5201 with read ROI [5264:6832, 5840:7408, 4688:6256] (1568, 1568, 1568) and write ROI [5760:6336, 6336:6912, 5184:5760] (576, 576, 576)
Recorded block-done for octoS0SubroiZ15683136Y78409408X1097612544Difficultsoma_pred_affs/5201 with read ROI [5264:6832, 5840:7408, 4688:6256] (1568, 1568, 1568) and write ROI [5760:6336, 6336:6912, 5184:5760] (576, 576, 576)
Recording block-done for octoS0SubroiZ15683136Y78409408X1097612544Difficultsoma_pred_affs/5697 with read ROI [5264:6832, 5840:7408, 5264:6832] (1568, 1568, 1568) and write ROI [5760:6336, 6336:6912, 5760:6336] (576, 576, 576)
Recorded block-done for octoS0SubroiZ15683136Y78409408X1097612544Difficultsoma_pred_affs/5697 with read ROI [5264:6832, 5840:7408, 5264:6832] (1568, 1568, 1568) and write ROI [5760:6336, 6336:6912, 5760:6336] (576, 576, 576)
Recording block-done for octoS0SubroiZ15683136Y78409408X1097612544Difficultsoma_pred_affs/6765 with read ROI [5264:6832, 5264:6832, 6992:8560] (1568, 1568, 1568) and write ROI [5760:6336, 5760:6336, 7488:8064] (576, 576, 576)
Recorded block-done for octoS0SubroiZ15683136Y78409408X1097612544Difficultsoma_pred_affs/6765 with read ROI [5264:6832, 5264:6832, 6992:8560] (1568, 1568, 1568) and write ROI [5760:6336, 5760:6336, 7488:8064] (576, 576, 576)
Recording block-done for octoS0SubroiZ15683136Y78409408X1097612544Difficultsoma_pred_affs/3895 with read ROI [5264:6832, 5840:7408, 2960:4528] (1568, 1568, 1568) and write ROI [5760:6336, 6336:6912, 3456:4032] (576, 576, 576)
Recorded block-done for octoS0SubroiZ15683136Y78409408X1097612544Difficultsoma_pred_affs/3895 with read ROI [5264:6832, 5840:7408, 2960:4528] (1568, 1568, 1568) and write ROI [5760:6336, 6336:6912, 3456:4032] (576, 576, 576)
Recording block-done for octoS0SubroiZ15683136Y78409408X1097612544Difficultsoma_pred_affs/2563 with read ROI [5264:6832, 6416:7984, 80:1648] (1568, 1568, 1568) and write ROI [5760:6336, 6912:7488, 576:1152] (576, 576, 576)
Recorded block-done for octoS0SubroiZ15683136Y78409408X1097612544Difficultsoma_pred_affs/2563 with read ROI [5264:6832, 6416:7984, 80:1648] (1568, 1568, 1568) and write ROI [5760:6336, 6912:7488, 576:1152] (576, 576, 576)
Recording block-done for octoS0SubroiZ15683136Y78409408X1097612544Difficultsoma_pred_affs/5719 with read ROI [5264:6832, 6416:7984, 4688:6256] (1568, 1568, 1568) and write ROI [5760:6336, 6912:7488, 5184:5760] (576, 576, 576)
Recorded block-done for octoS0SubroiZ15683136Y78409408X1097612544Difficultsoma_pred_affs/5719 with read ROI [5264:6832, 6416:7984, 4688:6256] (1568, 1568, 1568) and write ROI [5760:6336, 6912:7488, 5184:5760] (576, 576, 576)
Recording block-done for octoS0SubroiZ15683136Y78409408X1097612544Difficultsoma_pred_affs/6808 with read ROI [5264:6832, 6416:7984, 5840:7408] (1568, 1568, 1568) and write ROI [5760:6336, 6912:7488, 6336:6912] (576, 576, 576)
Recorded block-done for octoS0SubroiZ15683136Y78409408X1097612544Difficultsoma_pred_affs/6808 with read ROI [5264:6832, 6416:7984, 5840:7408] (1568, 1568, 1568) and write ROI [5760:6336, 6912:7488, 6336:6912] (576, 576, 576)
Recording block-done for octoS0SubroiZ15683136Y78409408X1097612544Difficultsoma_pred_affs/8033 with read ROI [5264:6832, 6416:7984, 6992:8560] (1568, 1568, 1568) and write ROI [5760:6336, 6912:7488, 7488:8064] (576, 576, 576)
Recorded block-done for octoS0SubroiZ15683136Y78409408X1097612544Difficultsoma_pred_affs/8033 with read ROI [5264:6832, 6416:7984, 6992:8560] (1568, 1568, 1568) and write ROI [5760:6336, 6912:7488, 7488:8064] (576, 576, 576)
Recording block-done for octoS0SubroiZ15683136Y78409408X1097612544Difficultsoma_pred_affs/9402 with read ROI [5264:6832, 6416:7984, 8144:9712] (1568, 1568, 1568) and write ROI [5760:6336, 6912:7488, 8640:9216] (576, 576, 576)
Recorded block-done for octoS0SubroiZ15683136Y78409408X1097612544Difficultsoma_pred_affs/9402 with read ROI [5264:6832, 6416:7984, 8144:9712] (1568, 1568, 1568) and write ROI [5760:6336, 6912:7488, 8640:9216] (576, 576, 576)
Recording block-done for octoS0SubroiZ15683136Y78409408X1097612544Difficultsoma_pred_affs/11766 with read ROI [5264:6832, 6992:8560, 9296:10864] (1568, 1568, 1568) and write ROI [5760:6336, 7488:8064, 9792:10368] (576, 576, 576)
Recorded block-done for octoS0SubroiZ15683136Y78409408X1097612544Difficultsoma_pred_affs/11766 with read ROI [5264:6832, 6992:8560, 9296:10864] (1568, 1568, 1568) and write ROI [5760:6336, 7488:8064, 9792:10368] (576, 576, 576)
Recording block-done for octoS0SubroiZ15683136Y78409408X1097612544Difficultsoma_pred_affs/4805 with read ROI [5264:6832, 7568:9136, 2384:3952] (1568, 1568, 1568) and write ROI [5760:6336, 8064:8640, 2880:3456] (576, 576, 576)
Recorded block-done for octoS0SubroiZ15683136Y78409408X1097612544Difficultsoma_pred_affs/4805 with read ROI [5264:6832, 7568:9136, 2384:3952] (1568, 1568, 1568) and write ROI [5760:6336, 8064:8640, 2880:3456] (576, 576, 576)
Recording block-done for octoS0SubroiZ15683136Y78409408X1097612544Difficultsoma_pred_affs/10166 with read ROI [5264:6832, 6992:8560, 8144:9712] (1568, 1568, 1568) and write ROI [5760:6336, 7488:8064, 8640:9216] (576, 576, 576)
Recorded block-done for octoS0SubroiZ15683136Y78409408X1097612544Difficultsoma_pred_affs/10166 with read ROI [5264:6832, 6992:8560, 8144:9712] (1568, 1568, 1568) and write ROI [5760:6336, 7488:8064, 8640:9216] (576, 576, 576)
Recording block-done for octoS0SubroiZ15683136Y78409408X1097612544Difficultsoma_pred_affs/5766 with read ROI [5264:6832, 7568:9136, 3536:5104] (1568, 1568, 1568) and write ROI [5760:6336, 8064:8640, 4032:4608] (576, 576, 576)
Recorded block-done for octoS0SubroiZ15683136Y78409408X1097612544Difficultsoma_pred_affs/5766 with read ROI [5264:6832, 7568:9136, 3536:5104] (1568, 1568, 1568) and write ROI [5760:6336, 8064:8640, 4032:4608] (576, 576, 576)
Recording block-done for octoS0SubroiZ15683136Y78409408X1097612544Difficultsoma_pred_affs/6880 with read ROI [5264:6832, 8144:9712, 4112:5680] (1568, 1568, 1568) and write ROI [5760:6336, 8640:9216, 4608:5184] (576, 576, 576)
Recorded block-done for octoS0SubroiZ15683136Y78409408X1097612544Difficultsoma_pred_affs/6880 with read ROI [5264:6832, 8144:9712, 4112:5680] (1568, 1568, 1568) and write ROI [5760:6336, 8640:9216, 4608:5184] (576, 576, 576)
Recording block-done for octoS0SubroiZ15683136Y78409408X1097612544Difficultsoma_pred_affs/4830 with read ROI [5264:6832, 8144:9712, 1808:3376] (1568, 1568, 1568) and write ROI [5760:6336, 8640:9216, 2304:2880] (576, 576, 576)
Recorded block-done for octoS0SubroiZ15683136Y78409408X1097612544Difficultsoma_pred_affs/4830 with read ROI [5264:6832, 8144:9712, 1808:3376] (1568, 1568, 1568) and write ROI [5760:6336, 8640:9216, 2304:2880] (576, 576, 576)
Recording block-done for octoS0SubroiZ15683136Y78409408X1097612544Difficultsoma_pred_affs/4856 with read ROI [5264:6832, 8720:10288, 1232:2800] (1568, 1568, 1568) and write ROI [5760:6336, 9216:9792, 1728:2304] (576, 576, 576)
Recorded block-done for octoS0SubroiZ15683136Y78409408X1097612544Difficultsoma_pred_affs/4856 with read ROI [5264:6832, 8720:10288, 1232:2800] (1568, 1568, 1568) and write ROI [5760:6336, 9216:9792, 1728:2304] (576, 576, 576)
Recording block-done for octoS0SubroiZ15683136Y78409408X1097612544Difficultsoma_pred_affs/13579 with read ROI [5264:6832, 8144:9712, 9296:10864] (1568, 1568, 1568) and write ROI [5760:6336, 8640:9216, 9792:10368] (576, 576, 576)
Recorded block-done for octoS0SubroiZ15683136Y78409408X1097612544Difficultsoma_pred_affs/13579 with read ROI [5264:6832, 8144:9712, 9296:10864] (1568, 1568, 1568) and write ROI [5760:6336, 8640:9216, 9792:10368] (576, 576, 576)
Recording block-done for octoS0SubroiZ15683136Y78409408X1097612544Difficultsoma_pred_affs/6906 with read ROI [5264:6832, 8720:10288, 3536:5104] (1568, 1568, 1568) and write ROI [5760:6336, 9216:9792, 4032:4608] (576, 576, 576)
Recorded block-done for octoS0SubroiZ15683136Y78409408X1097612544Difficultsoma_pred_affs/6906 with read ROI [5264:6832, 8720:10288, 3536:5104] (1568, 1568, 1568) and write ROI [5760:6336, 9216:9792, 4032:4608] (576, 576, 576)
Recording block-done for octoS0SubroiZ15683136Y78409408X1097612544Difficultsoma_pred_affs/7501 with read ROI [5264:6832, 8720:10288, 4112:5680] (1568, 1568, 1568) and write ROI [5760:6336, 9216:9792, 4608:5184] (576, 576, 576)
Recorded block-done for octoS0SubroiZ15683136Y78409408X1097612544Difficultsoma_pred_affs/7501 with read ROI [5264:6832, 8720:10288, 4112:5680] (1568, 1568, 1568) and write ROI [5760:6336, 9216:9792, 4608:5184] (576, 576, 576)
Recording block-done for octoS0SubroiZ15683136Y78409408X1097612544Difficultsoma_pred_affs/9500 with read ROI [5264:6832, 8720:10288, 5840:7408] (1568, 1568, 1568) and write ROI [5760:6336, 9216:9792, 6336:6912] (576, 576, 576)
Recorded block-done for octoS0SubroiZ15683136Y78409408X1097612544Difficultsoma_pred_affs/9500 with read ROI [5264:6832, 8720:10288, 5840:7408] (1568, 1568, 1568) and write ROI [5760:6336, 9216:9792, 6336:6912] (576, 576, 576)
Recording block-done for octoS0SubroiZ15683136Y78409408X1097612544Difficultsoma_pred_affs/12702 with read ROI [5264:6832, 8720:10288, 8144:9712] (1568, 1568, 1568) and write ROI [5760:6336, 9216:9792, 8640:9216] (576, 576, 576)
Recorded block-done for octoS0SubroiZ15683136Y78409408X1097612544Difficultsoma_pred_affs/12702 with read ROI [5264:6832, 8720:10288, 8144:9712] (1568, 1568, 1568) and write ROI [5760:6336, 9216:9792, 8640:9216] (576, 576, 576)
Recording block-done for octoS0SubroiZ15683136Y78409408X1097612544Difficultsoma_pred_affs/11868 with read ROI [5264:6832, 9296:10864, 6992:8560] (1568, 1568, 1568) and write ROI [5760:6336, 9792:10368, 7488:8064] (576, 576, 576)
Recorded block-done for octoS0SubroiZ15683136Y78409408X1097612544Difficultsoma_pred_affs/11868 with read ROI [5264:6832, 9296:10864, 6992:8560] (1568, 1568, 1568) and write ROI [5760:6336, 9792:10368, 7488:8064] (576, 576, 576)
Recording block-done for octoS0SubroiZ15683136Y78409408X1097612544Difficultsoma_pred_affs/13632 with read ROI [5264:6832, 9296:10864, 8144:9712] (1568, 1568, 1568) and write ROI [5760:6336, 9792:10368, 8640:9216] (576, 576, 576)
Recorded block-done for octoS0SubroiZ15683136Y78409408X1097612544Difficultsoma_pred_affs/13632 with read ROI [5264:6832, 9296:10864, 8144:9712] (1568, 1568, 1568) and write ROI [5760:6336, 9792:10368, 8640:9216] (576, 576, 576)
Recording block-done for octoS0SubroiZ15683136Y78409408X1097612544Difficultsoma_pred_affs/17684 with read ROI [5264:6832, 9296:10864, 10448:12016] (1568, 1568, 1568) and write ROI [5760:6336, 9792:10368, 10944:11520] (576, 576, 576)
Recorded block-done for octoS0SubroiZ15683136Y78409408X1097612544Difficultsoma_pred_affs/17684 with read ROI [5264:6832, 9296:10864, 10448:12016] (1568, 1568, 1568) and write ROI [5760:6336, 9792:10368, 10944:11520] (576, 576, 576)
Recording block-done for octoS0SubroiZ15683136Y78409408X1097612544Difficultsoma_pred_affs/11076 with read ROI [5264:6832, 9872:11440, 5840:7408] (1568, 1568, 1568) and write ROI [5760:6336, 10368:10944, 6336:6912] (576, 576, 576)
Recorded block-done for octoS0SubroiZ15683136Y78409408X1097612544Difficultsoma_pred_affs/11076 with read ROI [5264:6832, 9872:11440, 5840:7408] (1568, 1568, 1568) and write ROI [5760:6336, 10368:10944, 6336:6912] (576, 576, 576)
Recording block-done for octoS0SubroiZ15683136Y78409408X1097612544Difficultsoma_pred_affs/15596 with read ROI [5264:6832, 9872:11440, 8720:10288] (1568, 1568, 1568) and write ROI [5760:6336, 10368:10944, 9216:9792] (576, 576, 576)
Recorded block-done for octoS0SubroiZ15683136Y78409408X1097612544Difficultsoma_pred_affs/15596 with read ROI [5264:6832, 9872:11440, 8720:10288] (1568, 1568, 1568) and write ROI [5760:6336, 10368:10944, 9216:9792] (576, 576, 576)
Recording block-done for octoS0SubroiZ15683136Y78409408X1097612544Difficultsoma_pred_affs/5901 with read ROI [5264:6832, 10448:12016, 656:2224] (1568, 1568, 1568) and write ROI [5760:6336, 10944:11520, 1152:1728] (576, 576, 576)
Recorded block-done for octoS0SubroiZ15683136Y78409408X1097612544Difficultsoma_pred_affs/5901 with read ROI [5264:6832, 10448:12016, 656:2224] (1568, 1568, 1568) and write ROI [5760:6336, 10944:11520, 1152:1728] (576, 576, 576)
Recording block-done for octoS0SubroiZ15683136Y78409408X1097612544Difficultsoma_pred_affs/6990 with read ROI [5264:6832, 10448:12016, 1808:3376] (1568, 1568, 1568) and write ROI [5760:6336, 10944:11520, 2304:2880] (576, 576, 576)
Recorded block-done for octoS0SubroiZ15683136Y78409408X1097612544Difficultsoma_pred_affs/6990 with read ROI [5264:6832, 10448:12016, 1808:3376] (1568, 1568, 1568) and write ROI [5760:6336, 10944:11520, 2304:2880] (576, 576, 576)
Recording block-done for octoS0SubroiZ15683136Y78409408X1097612544Difficultsoma_pred_affs/20045 with read ROI [5264:6832, 10448:12016, 10448:12016] (1568, 1568, 1568) and write ROI [5760:6336, 10944:11520, 10944:11520] (576, 576, 576)
Recorded block-done for octoS0SubroiZ15683136Y78409408X1097612544Difficultsoma_pred_affs/20045 with read ROI [5264:6832, 10448:12016, 10448:12016] (1568, 1568, 1568) and write ROI [5760:6336, 10944:11520, 10944:11520] (576, 576, 576)
Recording block-done for octoS0SubroiZ15683136Y78409408X1097612544Difficultsoma_pred_affs/14635 with read ROI [5264:6832, 10448:12016, 7568:9136] (1568, 1568, 1568) and write ROI [5760:6336, 10944:11520, 8064:8640] (576, 576, 576)
Recorded block-done for octoS0SubroiZ15683136Y78409408X1097612544Difficultsoma_pred_affs/14635 with read ROI [5264:6832, 10448:12016, 7568:9136] (1568, 1568, 1568) and write ROI [5760:6336, 10944:11520, 8064:8640] (576, 576, 576)
Recording block-done for octoS0SubroiZ15683136Y78409408X1097612544Difficultsoma_pred_affs/2689 with read ROI [5840:7408, 80:1648, 6416:7984] (1568, 1568, 1568) and write ROI [6336:6912, 576:1152, 6912:7488] (576, 576, 576)
Recorded block-done for octoS0SubroiZ15683136Y78409408X1097612544Difficultsoma_pred_affs/2689 with read ROI [5840:7408, 80:1648, 6416:7984] (1568, 1568, 1568) and write ROI [6336:6912, 576:1152, 6912:7488] (576, 576, 576)
Recording block-done for octoS0SubroiZ15683136Y78409408X1097612544Difficultsoma_pred_affs/4584 with read ROI [5840:7408, 80:1648, 9296:10864] (1568, 1568, 1568) and write ROI [6336:6912, 576:1152, 9792:10368] (576, 576, 576)
Recorded block-done for octoS0SubroiZ15683136Y78409408X1097612544Difficultsoma_pred_affs/4584 with read ROI [5840:7408, 80:1648, 9296:10864] (1568, 1568, 1568) and write ROI [6336:6912, 576:1152, 9792:10368] (576, 576, 576)
Recording block-done for octoS0SubroiZ15683136Y78409408X1097612544Difficultsoma_pred_affs/1419 with read ROI [5840:7408, 80:1648, 3536:5104] (1568, 1568, 1568) and write ROI [6336:6912, 576:1152, 4032:4608] (576, 576, 576)
Recorded block-done for octoS0SubroiZ15683136Y78409408X1097612544Difficultsoma_pred_affs/1419 with read ROI [5840:7408, 80:1648, 3536:5104] (1568, 1568, 1568) and write ROI [6336:6912, 576:1152, 4032:4608] (576, 576, 576)
Recording block-done for octoS0SubroiZ15683136Y78409408X1097612544Difficultsoma_pred_affs/3743 with read ROI [5840:7408, 80:1648, 8144:9712] (1568, 1568, 1568) and write ROI [6336:6912, 576:1152, 8640:9216] (576, 576, 576)
Recorded block-done for octoS0SubroiZ15683136Y78409408X1097612544Difficultsoma_pred_affs/3743 with read ROI [5840:7408, 80:1648, 8144:9712] (1568, 1568, 1568) and write ROI [6336:6912, 576:1152, 8640:9216] (576, 576, 576)
Recording block-done for octoS0SubroiZ15683136Y78409408X1097612544Difficultsoma_pred_affs/1432 with read ROI [5840:7408, 656:2224, 2960:4528] (1568, 1568, 1568) and write ROI [6336:6912, 1152:1728, 3456:4032] (576, 576, 576)
Recorded block-done for octoS0SubroiZ15683136Y78409408X1097612544Difficultsoma_pred_affs/1432 with read ROI [5840:7408, 656:2224, 2960:4528] (1568, 1568, 1568) and write ROI [6336:6912, 1152:1728, 3456:4032] (576, 576, 576)
Recording block-done for octoS0SubroiZ15683136Y78409408X1097612544Difficultsoma_pred_affs/1446 with read ROI [5840:7408, 1232:2800, 2384:3952] (1568, 1568, 1568) and write ROI [6336:6912, 1728:2304, 2880:3456] (576, 576, 576)
Recorded block-done for octoS0SubroiZ15683136Y78409408X1097612544Difficultsoma_pred_affs/1446 with read ROI [5840:7408, 1232:2800, 2384:3952] (1568, 1568, 1568) and write ROI [6336:6912, 1728:2304, 2880:3456] (576, 576, 576)
Recording block-done for octoS0SubroiZ15683136Y78409408X1097612544Difficultsoma_pred_affs/1085 with read ROI [5840:7408, 1232:2800, 1232:2800] (1568, 1568, 1568) and write ROI [6336:6912, 1728:2304, 1728:2304] (576, 576, 576)
Recorded block-done for octoS0SubroiZ15683136Y78409408X1097612544Difficultsoma_pred_affs/1085 with read ROI [5840:7408, 1232:2800, 1232:2800] (1568, 1568, 1568) and write ROI [6336:6912, 1728:2304, 1728:2304] (576, 576, 576)
Recording block-done for octoS0SubroiZ15683136Y78409408X1097612544Difficultsoma_pred_affs/2140 with read ROI [5840:7408, 1232:2800, 4112:5680] (1568, 1568, 1568) and write ROI [6336:6912, 1728:2304, 4608:5184] (576, 576, 576)
Recorded block-done for octoS0SubroiZ15683136Y78409408X1097612544Difficultsoma_pred_affs/2140 with read ROI [5840:7408, 1232:2800, 4112:5680] (1568, 1568, 1568) and write ROI [6336:6912, 1728:2304, 4608:5184] (576, 576, 576)
Recording block-done for octoS0SubroiZ15683136Y78409408X1097612544Difficultsoma_pred_affs/5558 with read ROI [5840:7408, 656:2224, 9872:11440] (1568, 1568, 1568) and write ROI [6336:6912, 1152:1728, 10368:10944] (576, 576, 576)
Recorded block-done for octoS0SubroiZ15683136Y78409408X1097612544Difficultsoma_pred_affs/5558 with read ROI [5840:7408, 656:2224, 9872:11440] (1568, 1568, 1568) and write ROI [6336:6912, 1152:1728, 10368:10944] (576, 576, 576)
Recording block-done for octoS0SubroiZ15683136Y78409408X1097612544Difficultsoma_pred_affs/3378 with read ROI [5840:7408, 656:2224, 6992:8560] (1568, 1568, 1568) and write ROI [6336:6912, 1152:1728, 7488:8064] (576, 576, 576)
Recorded block-done for octoS0SubroiZ15683136Y78409408X1097612544Difficultsoma_pred_affs/3378 with read ROI [5840:7408, 656:2224, 6992:8560] (1568, 1568, 1568) and write ROI [6336:6912, 1152:1728, 7488:8064] (576, 576, 576)
Recording block-done for octoS0SubroiZ15683136Y78409408X1097612544Difficultsoma_pred_affs/6100 with read ROI [5840:7408, 1232:2800, 9872:11440] (1568, 1568, 1568) and write ROI [6336:6912, 1728:2304, 10368:10944] (576, 576, 576)
Recorded block-done for octoS0SubroiZ15683136Y78409408X1097612544Difficultsoma_pred_affs/6100 with read ROI [5840:7408, 1232:2800, 9872:11440] (1568, 1568, 1568) and write ROI [6336:6912, 1728:2304, 10368:10944] (576, 576, 576)
Recording block-done for octoS0SubroiZ15683136Y78409408X1097612544Difficultsoma_pred_affs/6676 with read ROI [5840:7408, 1808:3376, 9872:11440] (1568, 1568, 1568) and write ROI [6336:6912, 2304:2880, 10368:10944] (576, 576, 576)
Recorded block-done for octoS0SubroiZ15683136Y78409408X1097612544Difficultsoma_pred_affs/6676 with read ROI [5840:7408, 1808:3376, 9872:11440] (1568, 1568, 1568) and write ROI [6336:6912, 2304:2880, 10368:10944] (576, 576, 576)
Recording block-done for octoS0SubroiZ15683136Y78409408X1097612544Difficultsoma_pred_affs/1100 with read ROI [5840:7408, 1808:3376, 656:2224] (1568, 1568, 1568) and write ROI [6336:6912, 2304:2880, 1152:1728] (576, 576, 576)
Recorded block-done for octoS0SubroiZ15683136Y78409408X1097612544Difficultsoma_pred_affs/1100 with read ROI [5840:7408, 1808:3376, 656:2224] (1568, 1568, 1568) and write ROI [6336:6912, 2304:2880, 1152:1728] (576, 576, 576)
Recording block-done for octoS0SubroiZ15683136Y78409408X1097612544Difficultsoma_pred_affs/3407 with read ROI [5840:7408, 1808:3376, 5840:7408] (1568, 1568, 1568) and write ROI [6336:6912, 2304:2880, 6336:6912] (576, 576, 576)
Recorded block-done for octoS0SubroiZ15683136Y78409408X1097612544Difficultsoma_pred_affs/3407 with read ROI [5840:7408, 1808:3376, 5840:7408] (1568, 1568, 1568) and write ROI [6336:6912, 2304:2880, 6336:6912] (576, 576, 576)
Recording block-done for octoS0SubroiZ15683136Y78409408X1097612544Difficultsoma_pred_affs/1116 with read ROI [5840:7408, 2384:3952, 80:1648] (1568, 1568, 1568) and write ROI [6336:6912, 2880:3456, 576:1152] (576, 576, 576)
Recorded block-done for octoS0SubroiZ15683136Y78409408X1097612544Difficultsoma_pred_affs/1116 with read ROI [5840:7408, 2384:3952, 80:1648] (1568, 1568, 1568) and write ROI [6336:6912, 2880:3456, 576:1152] (576, 576, 576)
Recording block-done for octoS0SubroiZ15683136Y78409408X1097612544Difficultsoma_pred_affs/2171 with read ROI [5840:7408, 2384:3952, 2960:4528] (1568, 1568, 1568) and write ROI [6336:6912, 2880:3456, 3456:4032] (576, 576, 576)
Recorded block-done for octoS0SubroiZ15683136Y78409408X1097612544Difficultsoma_pred_affs/2171 with read ROI [5840:7408, 2384:3952, 2960:4528] (1568, 1568, 1568) and write ROI [6336:6912, 2880:3456, 3456:4032] (576, 576, 576)
Recording block-done for octoS0SubroiZ15683136Y78409408X1097612544Difficultsoma_pred_affs/3801 with read ROI [5840:7408, 2384:3952, 5840:7408] (1568, 1568, 1568) and write ROI [6336:6912, 2880:3456, 6336:6912] (576, 576, 576)
Recorded block-done for octoS0SubroiZ15683136Y78409408X1097612544Difficultsoma_pred_affs/3801 with read ROI [5840:7408, 2384:3952, 5840:7408] (1568, 1568, 1568) and write ROI [6336:6912, 2880:3456, 6336:6912] (576, 576, 576)
Recording block-done for octoS0SubroiZ15683136Y78409408X1097612544Difficultsoma_pred_affs/6692 with read ROI [5840:7408, 2384:3952, 9296:10864] (1568, 1568, 1568) and write ROI [6336:6912, 2880:3456, 9792:10368] (576, 576, 576)
Recorded block-done for octoS0SubroiZ15683136Y78409408X1097612544Difficultsoma_pred_affs/6692 with read ROI [5840:7408, 2384:3952, 9296:10864] (1568, 1568, 1568) and write ROI [6336:6912, 2880:3456, 9792:10368] (576, 576, 576)
Recording block-done for octoS0SubroiZ15683136Y78409408X1097612544Difficultsoma_pred_affs/5603 with read ROI [5840:7408, 2384:3952, 8144:9712] (1568, 1568, 1568) and write ROI [6336:6912, 2880:3456, 8640:9216] (576, 576, 576)
Recorded block-done for octoS0SubroiZ15683136Y78409408X1097612544Difficultsoma_pred_affs/5603 with read ROI [5840:7408, 2384:3952, 8144:9712] (1568, 1568, 1568) and write ROI [6336:6912, 2880:3456, 8640:9216] (576, 576, 576)
Recording block-done for octoS0SubroiZ15683136Y78409408X1097612544Difficultsoma_pred_affs/2482 with read ROI [5840:7408, 3536:5104, 2384:3952] (1568, 1568, 1568) and write ROI [6336:6912, 4032:4608, 2880:3456] (576, 576, 576)
Recorded block-done for octoS0SubroiZ15683136Y78409408X1097612544Difficultsoma_pred_affs/2482 with read ROI [5840:7408, 3536:5104, 2384:3952] (1568, 1568, 1568) and write ROI [6336:6912, 4032:4608, 2880:3456] (576, 576, 576)
Recording block-done for octoS0SubroiZ15683136Y78409408X1097612544Difficultsoma_pred_affs/5142 with read ROI [5840:7408, 3536:5104, 6416:7984] (1568, 1568, 1568) and write ROI [6336:6912, 4032:4608, 6912:7488] (576, 576, 576)
Recorded block-done for octoS0SubroiZ15683136Y78409408X1097612544Difficultsoma_pred_affs/5142 with read ROI [5840:7408, 3536:5104, 6416:7984] (1568, 1568, 1568) and write ROI [6336:6912, 4032:4608, 6912:7488] (576, 576, 576)
Recording block-done for octoS0SubroiZ15683136Y78409408X1097612544Difficultsoma_pred_affs/5124 with read ROI [5840:7408, 2960:4528, 6992:8560] (1568, 1568, 1568) and write ROI [6336:6912, 3456:4032, 7488:8064] (576, 576, 576)
Recorded block-done for octoS0SubroiZ15683136Y78409408X1097612544Difficultsoma_pred_affs/5124 with read ROI [5840:7408, 2960:4528, 6992:8560] (1568, 1568, 1568) and write ROI [6336:6912, 3456:4032, 7488:8064] (576, 576, 576)
Recording block-done for octoS0SubroiZ15683136Y78409408X1097612544Difficultsoma_pred_affs/6148 with read ROI [5840:7408, 2960:4528, 8144:9712] (1568, 1568, 1568) and write ROI [6336:6912, 3456:4032, 8640:9216] (576, 576, 576)
Recorded block-done for octoS0SubroiZ15683136Y78409408X1097612544Difficultsoma_pred_affs/6148 with read ROI [5840:7408, 2960:4528, 8144:9712] (1568, 1568, 1568) and write ROI [6336:6912, 3456:4032, 8640:9216] (576, 576, 576)
Recording block-done for octoS0SubroiZ15683136Y78409408X1097612544Difficultsoma_pred_affs/1972 with read ROI [5840:7408, 4112:5680, 656:2224] (1568, 1568, 1568) and write ROI [6336:6912, 4608:5184, 1152:1728] (576, 576, 576)
Recorded block-done for octoS0SubroiZ15683136Y78409408X1097612544Difficultsoma_pred_affs/1972 with read ROI [5840:7408, 4112:5680, 656:2224] (1568, 1568, 1568) and write ROI [6336:6912, 4608:5184, 1152:1728] (576, 576, 576)
Recording block-done for octoS0SubroiZ15683136Y78409408X1097612544Difficultsoma_pred_affs/3126 with read ROI [5840:7408, 4112:5680, 2960:4528] (1568, 1568, 1568) and write ROI [6336:6912, 4608:5184, 3456:4032] (576, 576, 576)
Recorded block-done for octoS0SubroiZ15683136Y78409408X1097612544Difficultsoma_pred_affs/3126 with read ROI [5840:7408, 4112:5680, 2960:4528] (1568, 1568, 1568) and write ROI [6336:6912, 4608:5184, 3456:4032] (576, 576, 576)
Recording block-done for octoS0SubroiZ15683136Y78409408X1097612544Difficultsoma_pred_affs/6746 with read ROI [5840:7408, 4112:5680, 7568:9136] (1568, 1568, 1568) and write ROI [6336:6912, 4608:5184, 8064:8640] (576, 576, 576)
Recorded block-done for octoS0SubroiZ15683136Y78409408X1097612544Difficultsoma_pred_affs/6746 with read ROI [5840:7408, 4112:5680, 7568:9136] (1568, 1568, 1568) and write ROI [6336:6912, 4608:5184, 8064:8640] (576, 576, 576)
Recording block-done for octoS0SubroiZ15683136Y78409408X1097612544Difficultsoma_pred_affs/10081 with read ROI [5840:7408, 4112:5680, 10448:12016] (1568, 1568, 1568) and write ROI [6336:6912, 4608:5184, 10944:11520] (576, 576, 576)
Recorded block-done for octoS0SubroiZ15683136Y78409408X1097612544Difficultsoma_pred_affs/10081 with read ROI [5840:7408, 4112:5680, 10448:12016] (1568, 1568, 1568) and write ROI [6336:6912, 4608:5184, 10944:11520] (576, 576, 576)
Recording block-done for octoS0SubroiZ15683136Y78409408X1097612544Difficultsoma_pred_affs/3875 with read ROI [5840:7408, 4688:6256, 3536:5104] (1568, 1568, 1568) and write ROI [6336:6912, 5184:5760, 4032:4608] (576, 576, 576)
Recorded block-done for octoS0SubroiZ15683136Y78409408X1097612544Difficultsoma_pred_affs/3875 with read ROI [5840:7408, 4688:6256, 3536:5104] (1568, 1568, 1568) and write ROI [6336:6912, 5184:5760, 4032:4608] (576, 576, 576)
Recording block-done for octoS0SubroiZ15683136Y78409408X1097612544Difficultsoma_pred_affs/7341 with read ROI [5840:7408, 4112:5680, 8144:9712] (1568, 1568, 1568) and write ROI [6336:6912, 4608:5184, 8640:9216] (576, 576, 576)
Recorded block-done for octoS0SubroiZ15683136Y78409408X1097612544Difficultsoma_pred_affs/7341 with read ROI [5840:7408, 4112:5680, 8144:9712] (1568, 1568, 1568) and write ROI [6336:6912, 4608:5184, 8640:9216] (576, 576, 576)
Recording block-done for octoS0SubroiZ15683136Y78409408X1097612544Difficultsoma_pred_affs/7991 with read ROI [5840:7408, 4688:6256, 8144:9712] (1568, 1568, 1568) and write ROI [6336:6912, 5184:5760, 8640:9216] (576, 576, 576)
Recorded block-done for octoS0SubroiZ15683136Y78409408X1097612544Difficultsoma_pred_affs/7991 with read ROI [5840:7408, 4688:6256, 8144:9712] (1568, 1568, 1568) and write ROI [6336:6912, 5184:5760, 8640:9216] (576, 576, 576)
Recording block-done for octoS0SubroiZ15683136Y78409408X1097612544Difficultsoma_pred_affs/3518 with read ROI [5840:7408, 5264:6832, 2384:3952] (1568, 1568, 1568) and write ROI [6336:6912, 5760:6336, 2880:3456] (576, 576, 576)
Recorded block-done for octoS0SubroiZ15683136Y78409408X1097612544Difficultsoma_pred_affs/3518 with read ROI [5840:7408, 5264:6832, 2384:3952] (1568, 1568, 1568) and write ROI [6336:6912, 5760:6336, 2880:3456] (576, 576, 576)
Recording block-done for octoS0SubroiZ15683136Y78409408X1097612544Difficultsoma_pred_affs/4302 with read ROI [5840:7408, 5264:6832, 3536:5104] (1568, 1568, 1568) and write ROI [6336:6912, 5760:6336, 4032:4608] (576, 576, 576)
Recorded block-done for octoS0SubroiZ15683136Y78409408X1097612544Difficultsoma_pred_affs/4302 with read ROI [5840:7408, 5264:6832, 3536:5104] (1568, 1568, 1568) and write ROI [6336:6912, 5760:6336, 4032:4608] (576, 576, 576)
Recording block-done for octoS0SubroiZ15683136Y78409408X1097612544Difficultsoma_pred_affs/6809 with read ROI [5840:7408, 5840:7408, 5840:7408] (1568, 1568, 1568) and write ROI [6336:6912, 6336:6912, 6336:6912] (576, 576, 576)
Recorded block-done for octoS0SubroiZ15683136Y78409408X1097612544Difficultsoma_pred_affs/6809 with read ROI [5840:7408, 5840:7408, 5840:7408] (1568, 1568, 1568) and write ROI [6336:6912, 6336:6912, 6336:6912] (576, 576, 576)
Recording block-done for octoS0SubroiZ15683136Y78409408X1097612544Difficultsoma_pred_affs/10122 with read ROI [5840:7408, 5264:6832, 9296:10864] (1568, 1568, 1568) and write ROI [6336:6912, 5760:6336, 9792:10368] (576, 576, 576)
Recorded block-done for octoS0SubroiZ15683136Y78409408X1097612544Difficultsoma_pred_affs/10122 with read ROI [5840:7408, 5264:6832, 9296:10864] (1568, 1568, 1568) and write ROI [6336:6912, 5760:6336, 9792:10368] (576, 576, 576)
Recording block-done for octoS0SubroiZ15683136Y78409408X1097612544Difficultsoma_pred_affs/2564 with read ROI [5840:7408, 5840:7408, 80:1648] (1568, 1568, 1568) and write ROI [6336:6912, 6336:6912, 576:1152] (576, 576, 576)
Recorded block-done for octoS0SubroiZ15683136Y78409408X1097612544Difficultsoma_pred_affs/2564 with read ROI [5840:7408, 5840:7408, 80:1648] (1568, 1568, 1568) and write ROI [6336:6912, 6336:6912, 576:1152] (576, 576, 576)
Recording block-done for octoS0SubroiZ15683136Y78409408X1097612544Difficultsoma_pred_affs/8034 with read ROI [5840:7408, 5840:7408, 6992:8560] (1568, 1568, 1568) and write ROI [6336:6912, 6336:6912, 7488:8064] (576, 576, 576)
Recorded block-done for octoS0SubroiZ15683136Y78409408X1097612544Difficultsoma_pred_affs/8034 with read ROI [5840:7408, 5840:7408, 6992:8560] (1568, 1568, 1568) and write ROI [6336:6912, 6336:6912, 7488:8064] (576, 576, 576)
Recording block-done for octoS0SubroiZ15683136Y78409408X1097612544Difficultsoma_pred_affs/4347 with read ROI [5840:7408, 6416:7984, 2384:3952] (1568, 1568, 1568) and write ROI [6336:6912, 6912:7488, 2880:3456] (576, 576, 576)
Recorded block-done for octoS0SubroiZ15683136Y78409408X1097612544Difficultsoma_pred_affs/4347 with read ROI [5840:7408, 6416:7984, 2384:3952] (1568, 1568, 1568) and write ROI [6336:6912, 6912:7488, 2880:3456] (576, 576, 576)
Recording block-done for octoS0SubroiZ15683136Y78409408X1097612544Difficultsoma_pred_affs/6271 with read ROI [5840:7408, 6416:7984, 4688:6256] (1568, 1568, 1568) and write ROI [6336:6912, 6912:7488, 5184:5760] (576, 576, 576)
Recorded block-done for octoS0SubroiZ15683136Y78409408X1097612544Difficultsoma_pred_affs/6271 with read ROI [5840:7408, 6416:7984, 4688:6256] (1568, 1568, 1568) and write ROI [6336:6912, 6912:7488, 5184:5760] (576, 576, 576)
Recording block-done for octoS0SubroiZ15683136Y78409408X1097612544Difficultsoma_pred_affs/13531 with read ROI [5840:7408, 6416:7984, 10448:12016] (1568, 1568, 1568) and write ROI [6336:6912, 6912:7488, 10944:11520] (576, 576, 576)
Recorded block-done for octoS0SubroiZ15683136Y78409408X1097612544Difficultsoma_pred_affs/13531 with read ROI [5840:7408, 6416:7984, 10448:12016] (1568, 1568, 1568) and write ROI [6336:6912, 6912:7488, 10944:11520] (576, 576, 576)
Recording block-done for octoS0SubroiZ15683136Y78409408X1097612544Difficultsoma_pred_affs/3587 with read ROI [5840:7408, 6992:8560, 656:2224] (1568, 1568, 1568) and write ROI [6336:6912, 7488:8064, 1152:1728] (576, 576, 576)
Recorded block-done for octoS0SubroiZ15683136Y78409408X1097612544Difficultsoma_pred_affs/3587 with read ROI [5840:7408, 6992:8560, 656:2224] (1568, 1568, 1568) and write ROI [6336:6912, 7488:8064, 1152:1728] (576, 576, 576)
Recording block-done for octoS0SubroiZ15683136Y78409408X1097612544Difficultsoma_pred_affs/3990 with read ROI [5840:7408, 7568:9136, 656:2224] (1568, 1568, 1568) and write ROI [6336:6912, 8064:8640, 1152:1728] (576, 576, 576)
Recorded block-done for octoS0SubroiZ15683136Y78409408X1097612544Difficultsoma_pred_affs/3990 with read ROI [5840:7408, 7568:9136, 656:2224] (1568, 1568, 1568) and write ROI [6336:6912, 8064:8640, 1152:1728] (576, 576, 576)
Recording block-done for octoS0SubroiZ15683136Y78409408X1097612544Difficultsoma_pred_affs/10191 with read ROI [5840:7408, 6992:8560, 7568:9136] (1568, 1568, 1568) and write ROI [6336:6912, 7488:8064, 8064:8640] (576, 576, 576)
Recorded block-done for octoS0SubroiZ15683136Y78409408X1097612544Difficultsoma_pred_affs/10191 with read ROI [5840:7408, 6992:8560, 7568:9136] (1568, 1568, 1568) and write ROI [6336:6912, 7488:8064, 8064:8640] (576, 576, 576)
Recording block-done for octoS0SubroiZ15683136Y78409408X1097612544Difficultsoma_pred_affs/8772 with read ROI [5840:7408, 7568:9136, 5840:7408] (1568, 1568, 1568) and write ROI [6336:6912, 8064:8640, 6336:6912] (576, 576, 576)
Recorded block-done for octoS0SubroiZ15683136Y78409408X1097612544Difficultsoma_pred_affs/8772 with read ROI [5840:7408, 7568:9136, 5840:7408] (1568, 1568, 1568) and write ROI [6336:6912, 8064:8640, 6336:6912] (576, 576, 576)
Recording block-done for octoS0SubroiZ15683136Y78409408X1097612544Difficultsoma_pred_affs/6881 with read ROI [5840:7408, 7568:9136, 4112:5680] (1568, 1568, 1568) and write ROI [6336:6912, 8064:8640, 4608:5184] (576, 576, 576)
Recorded block-done for octoS0SubroiZ15683136Y78409408X1097612544Difficultsoma_pred_affs/6881 with read ROI [5840:7408, 7568:9136, 4112:5680] (1568, 1568, 1568) and write ROI [6336:6912, 8064:8640, 4608:5184] (576, 576, 576)
Recording block-done for octoS0SubroiZ15683136Y78409408X1097612544Difficultsoma_pred_affs/10971 with read ROI [5840:7408, 6992:8560, 8144:9712] (1568, 1568, 1568) and write ROI [6336:6912, 7488:8064, 8640:9216] (576, 576, 576)
Recorded block-done for octoS0SubroiZ15683136Y78409408X1097612544Difficultsoma_pred_affs/10971 with read ROI [5840:7408, 6992:8560, 8144:9712] (1568, 1568, 1568) and write ROI [6336:6912, 7488:8064, 8640:9216] (576, 576, 576)
Recording block-done for octoS0SubroiZ15683136Y78409408X1097612544Difficultsoma_pred_affs/7502 with read ROI [5840:7408, 8144:9712, 4112:5680] (1568, 1568, 1568) and write ROI [6336:6912, 8640:9216, 4608:5184] (576, 576, 576)
Recorded block-done for octoS0SubroiZ15683136Y78409408X1097612544Difficultsoma_pred_affs/7502 with read ROI [5840:7408, 8144:9712, 4112:5680] (1568, 1568, 1568) and write ROI [6336:6912, 8640:9216, 4608:5184] (576, 576, 576)
Recording block-done for octoS0SubroiZ15683136Y78409408X1097612544Difficultsoma_pred_affs/10242 with read ROI [5840:7408, 8144:9712, 6416:7984] (1568, 1568, 1568) and write ROI [6336:6912, 8640:9216, 6912:7488] (576, 576, 576)
Recorded block-done for octoS0SubroiZ15683136Y78409408X1097612544Difficultsoma_pred_affs/10242 with read ROI [5840:7408, 8144:9712, 6416:7984] (1568, 1568, 1568) and write ROI [6336:6912, 8640:9216, 6912:7488] (576, 576, 576)
Recording block-done for octoS0SubroiZ15683136Y78409408X1097612544Difficultsoma_pred_affs/6907 with read ROI [5840:7408, 8144:9712, 3536:5104] (1568, 1568, 1568) and write ROI [6336:6912, 8640:9216, 4032:4608] (576, 576, 576)
Recorded block-done for octoS0SubroiZ15683136Y78409408X1097612544Difficultsoma_pred_affs/6907 with read ROI [5840:7408, 8144:9712, 3536:5104] (1568, 1568, 1568) and write ROI [6336:6912, 8640:9216, 4032:4608] (576, 576, 576)
Recording block-done for octoS0SubroiZ15683136Y78409408X1097612544Difficultsoma_pred_affs/11842 with read ROI [5840:7408, 8144:9712, 7568:9136] (1568, 1568, 1568) and write ROI [6336:6912, 8640:9216, 8064:8640] (576, 576, 576)
Recorded block-done for octoS0SubroiZ15683136Y78409408X1097612544Difficultsoma_pred_affs/11842 with read ROI [5840:7408, 8144:9712, 7568:9136] (1568, 1568, 1568) and write ROI [6336:6912, 8640:9216, 8064:8640] (576, 576, 576)
Recording block-done for octoS0SubroiZ15683136Y78409408X1097612544Difficultsoma_pred_affs/13633 with read ROI [5840:7408, 8720:10288, 8144:9712] (1568, 1568, 1568) and write ROI [6336:6912, 9216:9792, 8640:9216] (576, 576, 576)
Recorded block-done for octoS0SubroiZ15683136Y78409408X1097612544Difficultsoma_pred_affs/13633 with read ROI [5840:7408, 8720:10288, 8144:9712] (1568, 1568, 1568) and write ROI [6336:6912, 9216:9792, 8640:9216] (576, 576, 576)
Recording block-done for octoS0SubroiZ15683136Y78409408X1097612544Difficultsoma_pred_affs/17685 with read ROI [5840:7408, 8720:10288, 10448:12016] (1568, 1568, 1568) and write ROI [6336:6912, 9216:9792, 10944:11520] (576, 576, 576)
Recorded block-done for octoS0SubroiZ15683136Y78409408X1097612544Difficultsoma_pred_affs/17685 with read ROI [5840:7408, 8720:10288, 10448:12016] (1568, 1568, 1568) and write ROI [6336:6912, 9216:9792, 10944:11520] (576, 576, 576)
Recording block-done for octoS0SubroiZ15683136Y78409408X1097612544Difficultsoma_pred_affs/5873 with read ROI [5840:7408, 9296:10864, 1232:2800] (1568, 1568, 1568) and write ROI [6336:6912, 9792:10368, 1728:2304] (576, 576, 576)
Recorded block-done for octoS0SubroiZ15683136Y78409408X1097612544Difficultsoma_pred_affs/5873 with read ROI [5840:7408, 9296:10864, 1232:2800] (1568, 1568, 1568) and write ROI [6336:6912, 9792:10368, 1728:2304] (576, 576, 576)
Recording block-done for octoS0SubroiZ15683136Y78409408X1097612544Difficultsoma_pred_affs/17713 with read ROI [5840:7408, 9296:10864, 9872:11440] (1568, 1568, 1568) and write ROI [6336:6912, 9792:10368, 10368:10944] (576, 576, 576)
Recorded block-done for octoS0SubroiZ15683136Y78409408X1097612544Difficultsoma_pred_affs/17713 with read ROI [5840:7408, 9296:10864, 9872:11440] (1568, 1568, 1568) and write ROI [6336:6912, 9792:10368, 10368:10944] (576, 576, 576)
Recording block-done for octoS0SubroiZ15683136Y78409408X1097612544Difficultsoma_pred_affs/14607 with read ROI [5840:7408, 9296:10864, 8144:9712] (1568, 1568, 1568) and write ROI [6336:6912, 9792:10368, 8640:9216] (576, 576, 576)
Recorded block-done for octoS0SubroiZ15683136Y78409408X1097612544Difficultsoma_pred_affs/14607 with read ROI [5840:7408, 9296:10864, 8144:9712] (1568, 1568, 1568) and write ROI [6336:6912, 9792:10368, 8640:9216] (576, 576, 576)
Recording block-done for octoS0SubroiZ15683136Y78409408X1097612544Difficultsoma_pred_affs/6430 with read ROI [5840:7408, 9872:11440, 1232:2800] (1568, 1568, 1568) and write ROI [6336:6912, 10368:10944, 1728:2304] (576, 576, 576)
Recorded block-done for octoS0SubroiZ15683136Y78409408X1097612544Difficultsoma_pred_affs/6430 with read ROI [5840:7408, 9872:11440, 1232:2800] (1568, 1568, 1568) and write ROI [6336:6912, 10368:10944, 1728:2304] (576, 576, 576)
Recording block-done for octoS0SubroiZ15683136Y78409408X1097612544Difficultsoma_pred_affs/11106 with read ROI [5840:7408, 9872:11440, 5264:6832] (1568, 1568, 1568) and write ROI [6336:6912, 10368:10944, 5760:6336] (576, 576, 576)
Recorded block-done for octoS0SubroiZ15683136Y78409408X1097612544Difficultsoma_pred_affs/11106 with read ROI [5840:7408, 9872:11440, 5264:6832] (1568, 1568, 1568) and write ROI [6336:6912, 10368:10944, 5760:6336] (576, 576, 576)
Recording block-done for octoS0SubroiZ15683136Y78409408X1097612544Difficultsoma_pred_affs/8882 with read ROI [5840:7408, 9872:11440, 3536:5104] (1568, 1568, 1568) and write ROI [6336:6912, 10368:10944, 4032:4608] (576, 576, 576)
Recorded block-done for octoS0SubroiZ15683136Y78409408X1097612544Difficultsoma_pred_affs/8882 with read ROI [5840:7408, 9872:11440, 3536:5104] (1568, 1568, 1568) and write ROI [6336:6912, 10368:10944, 4032:4608] (576, 576, 576)
Recording block-done for octoS0SubroiZ15683136Y78409408X1097612544Difficultsoma_pred_affs/20046 with read ROI [5840:7408, 9872:11440, 10448:12016] (1568, 1568, 1568) and write ROI [6336:6912, 10368:10944, 10944:11520] (576, 576, 576)
Recorded block-done for octoS0SubroiZ15683136Y78409408X1097612544Difficultsoma_pred_affs/20046 with read ROI [5840:7408, 9872:11440, 10448:12016] (1568, 1568, 1568) and write ROI [6336:6912, 10368:10944, 10944:11520] (576, 576, 576)
Recording block-done for octoS0SubroiZ15683136Y78409408X1097612544Difficultsoma_pred_affs/7616 with read ROI [5840:7408, 10448:12016, 1808:3376] (1568, 1568, 1568) and write ROI [6336:6912, 10944:11520, 2304:2880] (576, 576, 576)
Recorded block-done for octoS0SubroiZ15683136Y78409408X1097612544Difficultsoma_pred_affs/7616 with read ROI [5840:7408, 10448:12016, 1808:3376] (1568, 1568, 1568) and write ROI [6336:6912, 10944:11520, 2304:2880] (576, 576, 576)
Recording block-done for octoS0SubroiZ15683136Y78409408X1097612544Difficultsoma_pred_affs/11956 with read ROI [5840:7408, 10448:12016, 5264:6832] (1568, 1568, 1568) and write ROI [6336:6912, 10944:11520, 5760:6336] (576, 576, 576)
Recorded block-done for octoS0SubroiZ15683136Y78409408X1097612544Difficultsoma_pred_affs/11956 with read ROI [5840:7408, 10448:12016, 5264:6832] (1568, 1568, 1568) and write ROI [6336:6912, 10944:11520, 5760:6336] (576, 576, 576)
Recording block-done for octoS0SubroiZ15683136Y78409408X1097612544Difficultsoma_pred_affs/21301 with read ROI [5840:7408, 10448:12016, 10448:12016] (1568, 1568, 1568) and write ROI [6336:6912, 10944:11520, 10944:11520] (576, 576, 576)
Recorded block-done for octoS0SubroiZ15683136Y78409408X1097612544Difficultsoma_pred_affs/21301 with read ROI [5840:7408, 10448:12016, 10448:12016] (1568, 1568, 1568) and write ROI [6336:6912, 10944:11520, 10944:11520] (576, 576, 576)
Recording block-done for octoS0SubroiZ15683136Y78409408X1097612544Difficultsoma_pred_affs/14666 with read ROI [5840:7408, 10448:12016, 6992:8560] (1568, 1568, 1568) and write ROI [6336:6912, 10944:11520, 7488:8064] (576, 576, 576)
Recorded block-done for octoS0SubroiZ15683136Y78409408X1097612544Difficultsoma_pred_affs/14666 with read ROI [5840:7408, 10448:12016, 6992:8560] (1568, 1568, 1568) and write ROI [6336:6912, 10944:11520, 7488:8064] (576, 576, 576)
Recording block-done for octoS0SubroiZ15683136Y78409408X1097612544Difficultsoma_pred_affs/1072 with read ROI [6416:7984, 80:1648, 1808:3376] (1568, 1568, 1568) and write ROI [6912:7488, 576:1152, 2304:2880] (576, 576, 576)
Recorded block-done for octoS0SubroiZ15683136Y78409408X1097612544Difficultsoma_pred_affs/1072 with read ROI [6416:7984, 80:1648, 1808:3376] (1568, 1568, 1568) and write ROI [6912:7488, 576:1152, 2304:2880] (576, 576, 576)
Recording block-done for octoS0SubroiZ15683136Y78409408X1097612544Difficultsoma_pred_affs/933 with read ROI [6416:7984, 656:2224, 656:2224] (1568, 1568, 1568) and write ROI [6912:7488, 1152:1728, 1152:1728] (576, 576, 576)
Recorded block-done for octoS0SubroiZ15683136Y78409408X1097612544Difficultsoma_pred_affs/933 with read ROI [6416:7984, 656:2224, 656:2224] (1568, 1568, 1568) and write ROI [6912:7488, 1152:1728, 1152:1728] (576, 576, 576)
Recording block-done for octoS0SubroiZ15683136Y78409408X1097612544Difficultsoma_pred_affs/1243 with read ROI [6416:7984, 80:1648, 2384:3952] (1568, 1568, 1568) and write ROI [6912:7488, 576:1152, 2880:3456] (576, 576, 576)
Recorded block-done for octoS0SubroiZ15683136Y78409408X1097612544Difficultsoma_pred_affs/1243 with read ROI [6416:7984, 80:1648, 2384:3952] (1568, 1568, 1568) and write ROI [6912:7488, 576:1152, 2880:3456] (576, 576, 576)
Recording block-done for octoS0SubroiZ15683136Y78409408X1097612544Difficultsoma_pred_affs/6087 with read ROI [6416:7984, 80:1648, 10448:12016] (1568, 1568, 1568) and write ROI [6912:7488, 576:1152, 10944:11520] (576, 576, 576)
Recorded block-done for octoS0SubroiZ15683136Y78409408X1097612544Difficultsoma_pred_affs/6087 with read ROI [6416:7984, 80:1648, 10448:12016] (1568, 1568, 1568) and write ROI [6912:7488, 576:1152, 10944:11520] (576, 576, 576)
Recording block-done for octoS0SubroiZ15683136Y78409408X1097612544Difficultsoma_pred_affs/3757 with read ROI [6416:7984, 80:1648, 7568:9136] (1568, 1568, 1568) and write ROI [6912:7488, 576:1152, 8064:8640] (576, 576, 576)
Recorded block-done for octoS0SubroiZ15683136Y78409408X1097612544Difficultsoma_pred_affs/3757 with read ROI [6416:7984, 80:1648, 7568:9136] (1568, 1568, 1568) and write ROI [6912:7488, 576:1152, 8064:8640] (576, 576, 576)
Recording block-done for octoS0SubroiZ15683136Y78409408X1097612544Difficultsoma_pred_affs/1672 with read ROI [6416:7984, 1232:2800, 2384:3952] (1568, 1568, 1568) and write ROI [6912:7488, 1728:2304, 2880:3456] (576, 576, 576)
Recorded block-done for octoS0SubroiZ15683136Y78409408X1097612544Difficultsoma_pred_affs/1672 with read ROI [6416:7984, 1232:2800, 2384:3952] (1568, 1568, 1568) and write ROI [6912:7488, 1728:2304, 2880:3456] (576, 576, 576)
Recording block-done for octoS0SubroiZ15683136Y78409408X1097612544Difficultsoma_pred_affs/2417 with read ROI [6416:7984, 656:2224, 4688:6256] (1568, 1568, 1568) and write ROI [6912:7488, 1152:1728, 5184:5760] (576, 576, 576)
Recorded block-done for octoS0SubroiZ15683136Y78409408X1097612544Difficultsoma_pred_affs/2417 with read ROI [6416:7984, 656:2224, 4688:6256] (1568, 1568, 1568) and write ROI [6912:7488, 1152:1728, 5184:5760] (576, 576, 576)
Recording block-done for octoS0SubroiZ15683136Y78409408X1097612544Difficultsoma_pred_affs/3393 with read ROI [6416:7984, 656:2224, 6416:7984] (1568, 1568, 1568) and write ROI [6912:7488, 1152:1728, 6912:7488] (576, 576, 576)
Recorded block-done for octoS0SubroiZ15683136Y78409408X1097612544Difficultsoma_pred_affs/3393 with read ROI [6416:7984, 656:2224, 6416:7984] (1568, 1568, 1568) and write ROI [6912:7488, 1152:1728, 6912:7488] (576, 576, 576)
Recording block-done for octoS0SubroiZ15683136Y78409408X1097612544Difficultsoma_pred_affs/3786 with read ROI [6416:7984, 1232:2800, 6416:7984] (1568, 1568, 1568) and write ROI [6912:7488, 1728:2304, 6912:7488] (576, 576, 576)
Recorded block-done for octoS0SubroiZ15683136Y78409408X1097612544Difficultsoma_pred_affs/3786 with read ROI [6416:7984, 1232:2800, 6416:7984] (1568, 1568, 1568) and write ROI [6912:7488, 1728:2304, 6912:7488] (576, 576, 576)
Recording block-done for octoS0SubroiZ15683136Y78409408X1097612544Difficultsoma_pred_affs/5077 with read ROI [6416:7984, 656:2224, 8720:10288] (1568, 1568, 1568) and write ROI [6912:7488, 1152:1728, 9216:9792] (576, 576, 576)
Recorded block-done for octoS0SubroiZ15683136Y78409408X1097612544Difficultsoma_pred_affs/5077 with read ROI [6416:7984, 656:2224, 8720:10288] (1568, 1568, 1568) and write ROI [6912:7488, 1152:1728, 9216:9792] (576, 576, 576)
Recording block-done for octoS0SubroiZ15683136Y78409408X1097612544Difficultsoma_pred_affs/6677 with read ROI [6416:7984, 1232:2800, 9872:11440] (1568, 1568, 1568) and write ROI [6912:7488, 1728:2304, 10368:10944] (576, 576, 576)
Recorded block-done for octoS0SubroiZ15683136Y78409408X1097612544Difficultsoma_pred_affs/6677 with read ROI [6416:7984, 1232:2800, 9872:11440] (1568, 1568, 1568) and write ROI [6912:7488, 1728:2304, 10368:10944] (576, 576, 576)
Recording block-done for octoS0SubroiZ15683136Y78409408X1097612544Difficultsoma_pred_affs/1478 with read ROI [6416:7984, 1808:3376, 1232:2800] (1568, 1568, 1568) and write ROI [6912:7488, 2304:2880, 1728:2304] (576, 576, 576)
Recorded block-done for octoS0SubroiZ15683136Y78409408X1097612544Difficultsoma_pred_affs/1478 with read ROI [6416:7984, 1808:3376, 1232:2800] (1568, 1568, 1568) and write ROI [6912:7488, 2304:2880, 1728:2304] (576, 576, 576)
Recording block-done for octoS0SubroiZ15683136Y78409408X1097612544Difficultsoma_pred_affs/3802 with read ROI [6416:7984, 1808:3376, 5840:7408] (1568, 1568, 1568) and write ROI [6912:7488, 2304:2880, 6336:6912] (576, 576, 576)
Recorded block-done for octoS0SubroiZ15683136Y78409408X1097612544Difficultsoma_pred_affs/3802 with read ROI [6416:7984, 1808:3376, 5840:7408] (1568, 1568, 1568) and write ROI [6912:7488, 2304:2880, 6336:6912] (576, 576, 576)
Recording block-done for octoS0SubroiZ15683136Y78409408X1097612544Difficultsoma_pred_affs/2748 with read ROI [6416:7984, 1808:3376, 4112:5680] (1568, 1568, 1568) and write ROI [6912:7488, 2304:2880, 4608:5184] (576, 576, 576)
Recorded block-done for octoS0SubroiZ15683136Y78409408X1097612544Difficultsoma_pred_affs/2748 with read ROI [6416:7984, 1808:3376, 4112:5680] (1568, 1568, 1568) and write ROI [6912:7488, 2304:2880, 4608:5184] (576, 576, 576)
Recording block-done for octoS0SubroiZ15683136Y78409408X1097612544Difficultsoma_pred_affs/2189 with read ROI [6416:7984, 2384:3952, 2384:3952] (1568, 1568, 1568) and write ROI [6912:7488, 2880:3456, 2880:3456] (576, 576, 576)
Recorded block-done for octoS0SubroiZ15683136Y78409408X1097612544Difficultsoma_pred_affs/2189 with read ROI [6416:7984, 2384:3952, 2384:3952] (1568, 1568, 1568) and write ROI [6912:7488, 2880:3456, 2880:3456] (576, 576, 576)
Recording block-done for octoS0SubroiZ15683136Y78409408X1097612544Difficultsoma_pred_affs/2465 with read ROI [6416:7984, 2384:3952, 2960:4528] (1568, 1568, 1568) and write ROI [6912:7488, 2880:3456, 3456:4032] (576, 576, 576)
Recorded block-done for octoS0SubroiZ15683136Y78409408X1097612544Difficultsoma_pred_affs/2465 with read ROI [6416:7984, 2384:3952, 2960:4528] (1568, 1568, 1568) and write ROI [6912:7488, 2880:3456, 3456:4032] (576, 576, 576)
Recording block-done for octoS0SubroiZ15683136Y78409408X1097612544Difficultsoma_pred_affs/4660 with read ROI [6416:7984, 2384:3952, 6416:7984] (1568, 1568, 1568) and write ROI [6912:7488, 2880:3456, 6912:7488] (576, 576, 576)
Recorded block-done for octoS0SubroiZ15683136Y78409408X1097612544Difficultsoma_pred_affs/4660 with read ROI [6416:7984, 2384:3952, 6416:7984] (1568, 1568, 1568) and write ROI [6912:7488, 2880:3456, 6912:7488] (576, 576, 576)
Recording block-done for octoS0SubroiZ15683136Y78409408X1097612544Difficultsoma_pred_affs/3459 with read ROI [6416:7984, 2960:4528, 4112:5680] (1568, 1568, 1568) and write ROI [6912:7488, 3456:4032, 4608:5184] (576, 576, 576)
Recorded block-done for octoS0SubroiZ15683136Y78409408X1097612544Difficultsoma_pred_affs/3459 with read ROI [6416:7984, 2960:4528, 4112:5680] (1568, 1568, 1568) and write ROI [6912:7488, 3456:4032, 4608:5184] (576, 576, 576)
Recording block-done for octoS0SubroiZ15683136Y78409408X1097612544Difficultsoma_pred_affs/5143 with read ROI [6416:7984, 2960:4528, 6416:7984] (1568, 1568, 1568) and write ROI [6912:7488, 3456:4032, 6912:7488] (576, 576, 576)
Recorded block-done for octoS0SubroiZ15683136Y78409408X1097612544Difficultsoma_pred_affs/5143 with read ROI [6416:7984, 2960:4528, 6416:7984] (1568, 1568, 1568) and write ROI [6912:7488, 3456:4032, 6912:7488] (576, 576, 576)
Recording block-done for octoS0SubroiZ15683136Y78409408X1097612544Difficultsoma_pred_affs/9322 with read ROI [6416:7984, 2960:4528, 10448:12016] (1568, 1568, 1568) and write ROI [6912:7488, 3456:4032, 10944:11520] (576, 576, 576)
Recorded block-done for octoS0SubroiZ15683136Y78409408X1097612544Difficultsoma_pred_affs/9322 with read ROI [6416:7984, 2960:4528, 10448:12016] (1568, 1568, 1568) and write ROI [6912:7488, 3456:4032, 10944:11520] (576, 576, 576)
Recording block-done for octoS0SubroiZ15683136Y78409408X1097612544Difficultsoma_pred_affs/2802 with read ROI [6416:7984, 3536:5104, 2384:3952] (1568, 1568, 1568) and write ROI [6912:7488, 4032:4608, 2880:3456] (576, 576, 576)
Recorded block-done for octoS0SubroiZ15683136Y78409408X1097612544Difficultsoma_pred_affs/2802 with read ROI [6416:7984, 3536:5104, 2384:3952] (1568, 1568, 1568) and write ROI [6912:7488, 4032:4608, 2880:3456] (576, 576, 576)
Recording block-done for octoS0SubroiZ15683136Y78409408X1097612544Difficultsoma_pred_affs/4697 with read ROI [6416:7984, 3536:5104, 5264:6832] (1568, 1568, 1568) and write ROI [6912:7488, 4032:4608, 5760:6336] (576, 576, 576)
Recorded block-done for octoS0SubroiZ15683136Y78409408X1097612544Difficultsoma_pred_affs/4697 with read ROI [6416:7984, 3536:5104, 5264:6832] (1568, 1568, 1568) and write ROI [6912:7488, 4032:4608, 5760:6336] (576, 576, 576)
Recording block-done for octoS0SubroiZ15683136Y78409408X1097612544Difficultsoma_pred_affs/5658 with read ROI [6416:7984, 3536:5104, 6416:7984] (1568, 1568, 1568) and write ROI [6912:7488, 4032:4608, 6912:7488] (576, 576, 576)
Recorded block-done for octoS0SubroiZ15683136Y78409408X1097612544Difficultsoma_pred_affs/5658 with read ROI [6416:7984, 3536:5104, 6416:7984] (1568, 1568, 1568) and write ROI [6912:7488, 4032:4608, 6912:7488] (576, 576, 576)
Recording block-done for octoS0SubroiZ15683136Y78409408X1097612544Difficultsoma_pred_affs/2246 with read ROI [6416:7984, 4112:5680, 656:2224] (1568, 1568, 1568) and write ROI [6912:7488, 4608:5184, 1152:1728] (576, 576, 576)
Recorded block-done for octoS0SubroiZ15683136Y78409408X1097612544Difficultsoma_pred_affs/2246 with read ROI [6416:7984, 4112:5680, 656:2224] (1568, 1568, 1568) and write ROI [6912:7488, 4608:5184, 1152:1728] (576, 576, 576)
Recording block-done for octoS0SubroiZ15683136Y78409408X1097612544Difficultsoma_pred_affs/3127 with read ROI [6416:7984, 3536:5104, 2960:4528] (1568, 1568, 1568) and write ROI [6912:7488, 4032:4608, 3456:4032] (576, 576, 576)
Recorded block-done for octoS0SubroiZ15683136Y78409408X1097612544Difficultsoma_pred_affs/3127 with read ROI [6416:7984, 3536:5104, 2960:4528] (1568, 1568, 1568) and write ROI [6912:7488, 4032:4608, 3456:4032] (576, 576, 576)
Recording block-done for octoS0SubroiZ15683136Y78409408X1097612544Difficultsoma_pred_affs/5182 with read ROI [6416:7984, 4112:5680, 5264:6832] (1568, 1568, 1568) and write ROI [6912:7488, 4608:5184, 5760:6336] (576, 576, 576)
Recorded block-done for octoS0SubroiZ15683136Y78409408X1097612544Difficultsoma_pred_affs/5182 with read ROI [6416:7984, 4112:5680, 5264:6832] (1568, 1568, 1568) and write ROI [6912:7488, 4608:5184, 5760:6336] (576, 576, 576)
Recording block-done for octoS0SubroiZ15683136Y78409408X1097612544Difficultsoma_pred_affs/6788 with read ROI [6416:7984, 4688:6256, 6416:7984] (1568, 1568, 1568) and write ROI [6912:7488, 5184:5760, 6912:7488] (576, 576, 576)
Recorded block-done for octoS0SubroiZ15683136Y78409408X1097612544Difficultsoma_pred_affs/6788 with read ROI [6416:7984, 4688:6256, 6416:7984] (1568, 1568, 1568) and write ROI [6912:7488, 5184:5760, 6912:7488] (576, 576, 576)
Recording block-done for octoS0SubroiZ15683136Y78409408X1097612544Difficultsoma_pred_affs/8658 with read ROI [6416:7984, 4112:5680, 8720:10288] (1568, 1568, 1568) and write ROI [6912:7488, 4608:5184, 9216:9792] (576, 576, 576)
Recorded block-done for octoS0SubroiZ15683136Y78409408X1097612544Difficultsoma_pred_affs/8658 with read ROI [6416:7984, 4112:5680, 8720:10288] (1568, 1568, 1568) and write ROI [6912:7488, 4608:5184, 9216:9792] (576, 576, 576)
Recording block-done for octoS0SubroiZ15683136Y78409408X1097612544Difficultsoma_pred_affs/2543 with read ROI [6416:7984, 4688:6256, 656:2224] (1568, 1568, 1568) and write ROI [6912:7488, 5184:5760, 1152:1728] (576, 576, 576)
Recorded block-done for octoS0SubroiZ15683136Y78409408X1097612544Difficultsoma_pred_affs/2543 with read ROI [6416:7984, 4688:6256, 656:2224] (1568, 1568, 1568) and write ROI [6912:7488, 5184:5760, 1152:1728] (576, 576, 576)
Recording block-done for octoS0SubroiZ15683136Y78409408X1097612544Difficultsoma_pred_affs/3168 with read ROI [6416:7984, 4688:6256, 1808:3376] (1568, 1568, 1568) and write ROI [6912:7488, 5184:5760, 2304:2880] (576, 576, 576)
Recorded block-done for octoS0SubroiZ15683136Y78409408X1097612544Difficultsoma_pred_affs/3168 with read ROI [6416:7984, 4688:6256, 1808:3376] (1568, 1568, 1568) and write ROI [6912:7488, 5184:5760, 2304:2880] (576, 576, 576)
Recording block-done for octoS0SubroiZ15683136Y78409408X1097612544Difficultsoma_pred_affs/2865 with read ROI [6416:7984, 5264:6832, 656:2224] (1568, 1568, 1568) and write ROI [6912:7488, 5760:6336, 1152:1728] (576, 576, 576)
Recorded block-done for octoS0SubroiZ15683136Y78409408X1097612544Difficultsoma_pred_affs/2865 with read ROI [6416:7984, 5264:6832, 656:2224] (1568, 1568, 1568) and write ROI [6912:7488, 5760:6336, 1152:1728] (576, 576, 576)
Recording block-done for octoS0SubroiZ15683136Y78409408X1097612544Difficultsoma_pred_affs/3919 with read ROI [6416:7984, 5264:6832, 2384:3952] (1568, 1568, 1568) and write ROI [6912:7488, 5760:6336, 2880:3456] (576, 576, 576)
Recorded block-done for octoS0SubroiZ15683136Y78409408X1097612544Difficultsoma_pred_affs/3919 with read ROI [6416:7984, 5264:6832, 2384:3952] (1568, 1568, 1568) and write ROI [6912:7488, 5760:6336, 2880:3456] (576, 576, 576)
Recording block-done for octoS0SubroiZ15683136Y78409408X1097612544Difficultsoma_pred_affs/7405 with read ROI [6416:7984, 5264:6832, 6416:7984] (1568, 1568, 1568) and write ROI [6912:7488, 5760:6336, 6912:7488] (576, 576, 576)
Recorded block-done for octoS0SubroiZ15683136Y78409408X1097612544Difficultsoma_pred_affs/7405 with read ROI [6416:7984, 5264:6832, 6416:7984] (1568, 1568, 1568) and write ROI [6912:7488, 5760:6336, 6912:7488] (576, 576, 576)
Recording block-done for octoS0SubroiZ15683136Y78409408X1097612544Difficultsoma_pred_affs/10145 with read ROI [6416:7984, 5264:6832, 8720:10288] (1568, 1568, 1568) and write ROI [6912:7488, 5760:6336, 9216:9792] (576, 576, 576)
Recorded block-done for octoS0SubroiZ15683136Y78409408X1097612544Difficultsoma_pred_affs/10145 with read ROI [6416:7984, 5264:6832, 8720:10288] (1568, 1568, 1568) and write ROI [6912:7488, 5760:6336, 9216:9792] (576, 576, 576)
Recording block-done for octoS0SubroiZ15683136Y78409408X1097612544Difficultsoma_pred_affs/6833 with read ROI [6416:7984, 5840:7408, 5264:6832] (1568, 1568, 1568) and write ROI [6912:7488, 6336:6912, 5760:6336] (576, 576, 576)
Recorded block-done for octoS0SubroiZ15683136Y78409408X1097612544Difficultsoma_pred_affs/6833 with read ROI [6416:7984, 5840:7408, 5264:6832] (1568, 1568, 1568) and write ROI [6912:7488, 6336:6912, 5760:6336] (576, 576, 576)
Recording block-done for octoS0SubroiZ15683136Y78409408X1097612544Difficultsoma_pred_affs/8058 with read ROI [6416:7984, 5840:7408, 6416:7984] (1568, 1568, 1568) and write ROI [6912:7488, 6336:6912, 6912:7488] (576, 576, 576)
Recorded block-done for octoS0SubroiZ15683136Y78409408X1097612544Difficultsoma_pred_affs/8058 with read ROI [6416:7984, 5840:7408, 6416:7984] (1568, 1568, 1568) and write ROI [6912:7488, 6336:6912, 6912:7488] (576, 576, 576)
Recording block-done for octoS0SubroiZ15683136Y78409408X1097612544Difficultsoma_pred_affs/5248 with read ROI [6416:7984, 5840:7408, 3536:5104] (1568, 1568, 1568) and write ROI [6912:7488, 6336:6912, 4032:4608] (576, 576, 576)
Recorded block-done for octoS0SubroiZ15683136Y78409408X1097612544Difficultsoma_pred_affs/5248 with read ROI [6416:7984, 5840:7408, 3536:5104] (1568, 1568, 1568) and write ROI [6912:7488, 6336:6912, 4032:4608] (576, 576, 576)
Recording block-done for octoS0SubroiZ15683136Y78409408X1097612544Difficultsoma_pred_affs/10168 with read ROI [6416:7984, 5840:7408, 8144:9712] (1568, 1568, 1568) and write ROI [6912:7488, 6336:6912, 8640:9216] (576, 576, 576)
Recorded block-done for octoS0SubroiZ15683136Y78409408X1097612544Difficultsoma_pred_affs/10168 with read ROI [6416:7984, 5840:7408, 8144:9712] (1568, 1568, 1568) and write ROI [6912:7488, 6336:6912, 8640:9216] (576, 576, 576)
Recording block-done for octoS0SubroiZ15683136Y78409408X1097612544Difficultsoma_pred_affs/12653 with read ROI [6416:7984, 6416:7984, 9296:10864] (1568, 1568, 1568) and write ROI [6912:7488, 6912:7488, 9792:10368] (576, 576, 576)
Recorded block-done for octoS0SubroiZ15683136Y78409408X1097612544Difficultsoma_pred_affs/12653 with read ROI [6416:7984, 6416:7984, 9296:10864] (1568, 1568, 1568) and write ROI [6912:7488, 6912:7488, 9792:10368] (576, 576, 576)
Recording block-done for octoS0SubroiZ15683136Y78409408X1097612544Difficultsoma_pred_affs/8748 with read ROI [6416:7984, 6416:7984, 6416:7984] (1568, 1568, 1568) and write ROI [6912:7488, 6912:7488, 6912:7488] (576, 576, 576)
Recorded block-done for octoS0SubroiZ15683136Y78409408X1097612544Difficultsoma_pred_affs/8748 with read ROI [6416:7984, 6416:7984, 6416:7984] (1568, 1568, 1568) and write ROI [6912:7488, 6912:7488, 6912:7488] (576, 576, 576)
Recording block-done for octoS0SubroiZ15683136Y78409408X1097612544Difficultsoma_pred_affs/5768 with read ROI [6416:7984, 6416:7984, 3536:5104] (1568, 1568, 1568) and write ROI [6912:7488, 6912:7488, 4032:4608] (576, 576, 576)
Recorded block-done for octoS0SubroiZ15683136Y78409408X1097612544Difficultsoma_pred_affs/5768 with read ROI [6416:7984, 6416:7984, 3536:5104] (1568, 1568, 1568) and write ROI [6912:7488, 6912:7488, 4032:4608] (576, 576, 576)
Recording block-done for octoS0SubroiZ15683136Y78409408X1097612544Difficultsoma_pred_affs/10972 with read ROI [6416:7984, 6416:7984, 8144:9712] (1568, 1568, 1568) and write ROI [6912:7488, 6912:7488, 8640:9216] (576, 576, 576)
Recorded block-done for octoS0SubroiZ15683136Y78409408X1097612544Difficultsoma_pred_affs/10972 with read ROI [6416:7984, 6416:7984, 8144:9712] (1568, 1568, 1568) and write ROI [6912:7488, 6912:7488, 8640:9216] (576, 576, 576)
Recording block-done for octoS0SubroiZ15683136Y78409408X1097612544Difficultsoma_pred_affs/5297 with read ROI [6416:7984, 6992:8560, 2384:3952] (1568, 1568, 1568) and write ROI [6912:7488, 7488:8064, 2880:3456] (576, 576, 576)
Recorded block-done for octoS0SubroiZ15683136Y78409408X1097612544Difficultsoma_pred_affs/5297 with read ROI [6416:7984, 6992:8560, 2384:3952] (1568, 1568, 1568) and write ROI [6912:7488, 7488:8064, 2880:3456] (576, 576, 576)
Recording block-done for octoS0SubroiZ15683136Y78409408X1097612544Difficultsoma_pred_affs/4017 with read ROI [6416:7984, 7568:9136, 80:1648] (1568, 1568, 1568) and write ROI [6912:7488, 8064:8640, 576:1152] (576, 576, 576)
Recorded block-done for octoS0SubroiZ15683136Y78409408X1097612544Difficultsoma_pred_affs/4017 with read ROI [6416:7984, 7568:9136, 80:1648] (1568, 1568, 1568) and write ROI [6912:7488, 8064:8640, 576:1152] (576, 576, 576)
Recording block-done for octoS0SubroiZ15683136Y78409408X1097612544Difficultsoma_pred_affs/9476 with read ROI [6416:7984, 6992:8560, 6416:7984] (1568, 1568, 1568) and write ROI [6912:7488, 7488:8064, 6912:7488] (576, 576, 576)
Recorded block-done for octoS0SubroiZ15683136Y78409408X1097612544Difficultsoma_pred_affs/9476 with read ROI [6416:7984, 6992:8560, 6416:7984] (1568, 1568, 1568) and write ROI [6912:7488, 7488:8064, 6912:7488] (576, 576, 576)
Recording block-done for octoS0SubroiZ15683136Y78409408X1097612544Difficultsoma_pred_affs/8799 with read ROI [6416:7984, 7568:9136, 5264:6832] (1568, 1568, 1568) and write ROI [6912:7488, 8064:8640, 5760:6336] (576, 576, 576)
Recorded block-done for octoS0SubroiZ15683136Y78409408X1097612544Difficultsoma_pred_affs/8799 with read ROI [6416:7984, 7568:9136, 5264:6832] (1568, 1568, 1568) and write ROI [6912:7488, 8064:8640, 5760:6336] (576, 576, 576)
Recording block-done for octoS0SubroiZ15683136Y78409408X1097612544Difficultsoma_pred_affs/9502 with read ROI [6416:7984, 7568:9136, 5840:7408] (1568, 1568, 1568) and write ROI [6912:7488, 8064:8640, 6336:6912] (576, 576, 576)
Recorded block-done for octoS0SubroiZ15683136Y78409408X1097612544Difficultsoma_pred_affs/9502 with read ROI [6416:7984, 7568:9136, 5840:7408] (1568, 1568, 1568) and write ROI [6912:7488, 8064:8640, 6336:6912] (576, 576, 576)
Recording block-done for octoS0SubroiZ15683136Y78409408X1097612544Difficultsoma_pred_affs/10243 with read ROI [6416:7984, 7568:9136, 6416:7984] (1568, 1568, 1568) and write ROI [6912:7488, 8064:8640, 6912:7488] (576, 576, 576)
Recorded block-done for octoS0SubroiZ15683136Y78409408X1097612544Difficultsoma_pred_affs/10243 with read ROI [6416:7984, 7568:9136, 6416:7984] (1568, 1568, 1568) and write ROI [6912:7488, 8064:8640, 6912:7488] (576, 576, 576)
Recording block-done for octoS0SubroiZ15683136Y78409408X1097612544Difficultsoma_pred_affs/11870 with read ROI [6416:7984, 8144:9712, 6992:8560] (1568, 1568, 1568) and write ROI [6912:7488, 8640:9216, 7488:8064] (576, 576, 576)
Recorded block-done for octoS0SubroiZ15683136Y78409408X1097612544Difficultsoma_pred_affs/11870 with read ROI [6416:7984, 8144:9712, 6992:8560] (1568, 1568, 1568) and write ROI [6912:7488, 8640:9216, 7488:8064] (576, 576, 576)
Recording block-done for octoS0SubroiZ15683136Y78409408X1097612544Difficultsoma_pred_affs/6963 with read ROI [6416:7984, 8720:10288, 2384:3952] (1568, 1568, 1568) and write ROI [6912:7488, 9216:9792, 2880:3456] (576, 576, 576)
Recorded block-done for octoS0SubroiZ15683136Y78409408X1097612544Difficultsoma_pred_affs/6963 with read ROI [6416:7984, 8720:10288, 2384:3952] (1568, 1568, 1568) and write ROI [6912:7488, 9216:9792, 2880:3456] (576, 576, 576)
Recording block-done for octoS0SubroiZ15683136Y78409408X1097612544Difficultsoma_pred_affs/8854 with read ROI [6416:7984, 8720:10288, 4112:5680] (1568, 1568, 1568) and write ROI [6912:7488, 9216:9792, 4608:5184] (576, 576, 576)
Recorded block-done for octoS0SubroiZ15683136Y78409408X1097612544Difficultsoma_pred_affs/8854 with read ROI [6416:7984, 8720:10288, 4112:5680] (1568, 1568, 1568) and write ROI [6912:7488, 9216:9792, 4608:5184] (576, 576, 576)
Recording block-done for octoS0SubroiZ15683136Y78409408X1097612544Difficultsoma_pred_affs/17714 with read ROI [6416:7984, 8720:10288, 9872:11440] (1568, 1568, 1568) and write ROI [6912:7488, 9216:9792, 10368:10944] (576, 576, 576)
Recorded block-done for octoS0SubroiZ15683136Y78409408X1097612544Difficultsoma_pred_affs/17714 with read ROI [6416:7984, 8720:10288, 9872:11440] (1568, 1568, 1568) and write ROI [6912:7488, 9216:9792, 10368:10944] (576, 576, 576)
Recording block-done for octoS0SubroiZ15683136Y78409408X1097612544Difficultsoma_pred_affs/18842 with read ROI [6416:7984, 8720:10288, 10448:12016] (1568, 1568, 1568) and write ROI [6912:7488, 9216:9792, 10944:11520] (576, 576, 576)
Recorded block-done for octoS0SubroiZ15683136Y78409408X1097612544Difficultsoma_pred_affs/18842 with read ROI [6416:7984, 8720:10288, 10448:12016] (1568, 1568, 1568) and write ROI [6912:7488, 9216:9792, 10944:11520] (576, 576, 576)
Recording block-done for octoS0SubroiZ15683136Y78409408X1097612544Difficultsoma_pred_affs/14608 with read ROI [6416:7984, 8720:10288, 8144:9712] (1568, 1568, 1568) and write ROI [6912:7488, 9216:9792, 8640:9216] (576, 576, 576)
Recorded block-done for octoS0SubroiZ15683136Y78409408X1097612544Difficultsoma_pred_affs/14608 with read ROI [6416:7984, 8720:10288, 8144:9712] (1568, 1568, 1568) and write ROI [6912:7488, 9216:9792, 8640:9216] (576, 576, 576)
Recording block-done for octoS0SubroiZ15683136Y78409408X1097612544Difficultsoma_pred_affs/12788 with read ROI [6416:7984, 9296:10864, 6416:7984] (1568, 1568, 1568) and write ROI [6912:7488, 9792:10368, 6912:7488] (576, 576, 576)
Recorded block-done for octoS0SubroiZ15683136Y78409408X1097612544Difficultsoma_pred_affs/12788 with read ROI [6416:7984, 9296:10864, 6416:7984] (1568, 1568, 1568) and write ROI [6912:7488, 9792:10368, 6912:7488] (576, 576, 576)
Recording block-done for octoS0SubroiZ15683136Y78409408X1097612544Difficultsoma_pred_affs/20047 with read ROI [6416:7984, 9296:10864, 10448:12016] (1568, 1568, 1568) and write ROI [6912:7488, 9792:10368, 10944:11520] (576, 576, 576)
Recorded block-done for octoS0SubroiZ15683136Y78409408X1097612544Difficultsoma_pred_affs/20047 with read ROI [6416:7984, 9296:10864, 10448:12016] (1568, 1568, 1568) and write ROI [6912:7488, 9792:10368, 10944:11520] (576, 576, 576)
Recording block-done for octoS0SubroiZ15683136Y78409408X1097612544Difficultsoma_pred_affs/7617 with read ROI [6416:7984, 9872:11440, 1808:3376] (1568, 1568, 1568) and write ROI [6912:7488, 10368:10944, 2304:2880] (576, 576, 576)
Recorded block-done for octoS0SubroiZ15683136Y78409408X1097612544Difficultsoma_pred_affs/7617 with read ROI [6416:7984, 9872:11440, 1808:3376] (1568, 1568, 1568) and write ROI [6912:7488, 10368:10944, 2304:2880] (576, 576, 576)
Recording block-done for octoS0SubroiZ15683136Y78409408X1097612544Difficultsoma_pred_affs/9616 with read ROI [6416:7984, 9872:11440, 3536:5104] (1568, 1568, 1568) and write ROI [6912:7488, 10368:10944, 4032:4608] (576, 576, 576)
Recorded block-done for octoS0SubroiZ15683136Y78409408X1097612544Difficultsoma_pred_affs/9616 with read ROI [6416:7984, 9872:11440, 3536:5104] (1568, 1568, 1568) and write ROI [6912:7488, 10368:10944, 4032:4608] (576, 576, 576)
Recording block-done for octoS0SubroiZ15683136Y78409408X1097612544Difficultsoma_pred_affs/21302 with read ROI [6416:7984, 9872:11440, 10448:12016] (1568, 1568, 1568) and write ROI [6912:7488, 10368:10944, 10944:11520] (576, 576, 576)
Recorded block-done for octoS0SubroiZ15683136Y78409408X1097612544Difficultsoma_pred_affs/21302 with read ROI [6416:7984, 9872:11440, 10448:12016] (1568, 1568, 1568) and write ROI [6912:7488, 10368:10944, 10944:11520] (576, 576, 576)
Recording block-done for octoS0SubroiZ15683136Y78409408X1097612544Difficultsoma_pred_affs/11988 with read ROI [6416:7984, 10448:12016, 4688:6256] (1568, 1568, 1568) and write ROI [6912:7488, 10944:11520, 5184:5760] (576, 576, 576)
Recorded block-done for octoS0SubroiZ15683136Y78409408X1097612544Difficultsoma_pred_affs/11988 with read ROI [6416:7984, 10448:12016, 4688:6256] (1568, 1568, 1568) and write ROI [6912:7488, 10944:11520, 5184:5760] (576, 576, 576)
Recording block-done for octoS0SubroiZ15683136Y78409408X1097612544Difficultsoma_pred_affs/20108 with read ROI [6416:7984, 10448:12016, 9296:10864] (1568, 1568, 1568) and write ROI [6912:7488, 10944:11520, 9792:10368] (576, 576, 576)
Recorded block-done for octoS0SubroiZ15683136Y78409408X1097612544Difficultsoma_pred_affs/20108 with read ROI [6416:7984, 10448:12016, 9296:10864] (1568, 1568, 1568) and write ROI [6912:7488, 10944:11520, 9792:10368] (576, 576, 576)
Recording block-done for octoS0SubroiZ15683136Y78409408X1097612544Difficultsoma_pred_affs/15688 with read ROI [6416:7984, 10448:12016, 6992:8560] (1568, 1568, 1568) and write ROI [6912:7488, 10944:11520, 7488:8064] (576, 576, 576)
Recorded block-done for octoS0SubroiZ15683136Y78409408X1097612544Difficultsoma_pred_affs/15688 with read ROI [6416:7984, 10448:12016, 6992:8560] (1568, 1568, 1568) and write ROI [6912:7488, 10944:11520, 7488:8064] (576, 576, 576)
Recording block-done for octoS0SubroiZ15683136Y78409408X1097612544Difficultsoma_pred_affs/934 with read ROI [6992:8560, 80:1648, 656:2224] (1568, 1568, 1568) and write ROI [7488:8064, 576:1152, 1152:1728] (576, 576, 576)
Recorded block-done for octoS0SubroiZ15683136Y78409408X1097612544Difficultsoma_pred_affs/934 with read ROI [6992:8560, 80:1648, 656:2224] (1568, 1568, 1568) and write ROI [7488:8064, 576:1152, 1152:1728] (576, 576, 576)
Recording block-done for octoS0SubroiZ15683136Y78409408X1097612544Difficultsoma_pred_affs/1673 with read ROI [6992:8560, 656:2224, 2384:3952] (1568, 1568, 1568) and write ROI [7488:8064, 1152:1728, 2880:3456] (576, 576, 576)
Recorded block-done for octoS0SubroiZ15683136Y78409408X1097612544Difficultsoma_pred_affs/1673 with read ROI [6992:8560, 656:2224, 2384:3952] (1568, 1568, 1568) and write ROI [7488:8064, 1152:1728, 2880:3456] (576, 576, 576)
Recording block-done for octoS0SubroiZ15683136Y78409408X1097612544Difficultsoma_pred_affs/3394 with read ROI [6992:8560, 80:1648, 6416:7984] (1568, 1568, 1568) and write ROI [7488:8064, 576:1152, 6912:7488] (576, 576, 576)
Recorded block-done for octoS0SubroiZ15683136Y78409408X1097612544Difficultsoma_pred_affs/3394 with read ROI [6992:8560, 80:1648, 6416:7984] (1568, 1568, 1568) and write ROI [7488:8064, 576:1152, 6912:7488] (576, 576, 576)
Recording block-done for octoS0SubroiZ15683136Y78409408X1097612544Difficultsoma_pred_affs/4178 with read ROI [6992:8560, 80:1648, 7568:9136] (1568, 1568, 1568) and write ROI [7488:8064, 576:1152, 8064:8640] (576, 576, 576)
Recorded block-done for octoS0SubroiZ15683136Y78409408X1097612544Difficultsoma_pred_affs/4178 with read ROI [6992:8560, 80:1648, 7568:9136] (1568, 1568, 1568) and write ROI [7488:8064, 576:1152, 8064:8640] (576, 576, 576)
Recording block-done for octoS0SubroiZ15683136Y78409408X1097612544Difficultsoma_pred_affs/1904 with read ROI [6992:8560, 656:2224, 2960:4528] (1568, 1568, 1568) and write ROI [7488:8064, 1152:1728, 3456:4032] (576, 576, 576)
Recorded block-done for octoS0SubroiZ15683136Y78409408X1097612544Difficultsoma_pred_affs/1904 with read ROI [6992:8560, 656:2224, 2960:4528] (1568, 1568, 1568) and write ROI [7488:8064, 1152:1728, 3456:4032] (576, 576, 576)
Recording block-done for octoS0SubroiZ15683136Y78409408X1097612544Difficultsoma_pred_affs/7273 with read ROI [6992:8560, 656:2224, 10448:12016] (1568, 1568, 1568) and write ROI [7488:8064, 1152:1728, 10944:11520] (576, 576, 576)
Recorded block-done for octoS0SubroiZ15683136Y78409408X1097612544Difficultsoma_pred_affs/7273 with read ROI [6992:8560, 656:2224, 10448:12016] (1568, 1568, 1568) and write ROI [7488:8064, 1152:1728, 10944:11520] (576, 576, 576)
Recording block-done for octoS0SubroiZ15683136Y78409408X1097612544Difficultsoma_pred_affs/1118 with read ROI [6992:8560, 1232:2800, 80:1648] (1568, 1568, 1568) and write ROI [7488:8064, 1728:2304, 576:1152] (576, 576, 576)
Recorded block-done for octoS0SubroiZ15683136Y78409408X1097612544Difficultsoma_pred_affs/1118 with read ROI [6992:8560, 1232:2800, 80:1648] (1568, 1568, 1568) and write ROI [7488:8064, 1728:2304, 576:1152] (576, 576, 576)
Recording block-done for octoS0SubroiZ15683136Y78409408X1097612544Difficultsoma_pred_affs/3074 with read ROI [6992:8560, 1232:2800, 4688:6256] (1568, 1568, 1568) and write ROI [7488:8064, 1728:2304, 5184:5760] (576, 576, 576)
Recorded block-done for octoS0SubroiZ15683136Y78409408X1097612544Difficultsoma_pred_affs/3074 with read ROI [6992:8560, 1232:2800, 4688:6256] (1568, 1568, 1568) and write ROI [7488:8064, 1728:2304, 5184:5760] (576, 576, 576)
Recording block-done for octoS0SubroiZ15683136Y78409408X1097612544Difficultsoma_pred_affs/4628 with read ROI [6992:8560, 656:2224, 7568:9136] (1568, 1568, 1568) and write ROI [7488:8064, 1152:1728, 8064:8640] (576, 576, 576)
Recorded block-done for octoS0SubroiZ15683136Y78409408X1097612544Difficultsoma_pred_affs/4628 with read ROI [6992:8560, 656:2224, 7568:9136] (1568, 1568, 1568) and write ROI [7488:8064, 1152:1728, 8064:8640] (576, 576, 576)
Recording block-done for octoS0SubroiZ15683136Y78409408X1097612544Difficultsoma_pred_affs/4644 with read ROI [6992:8560, 1232:2800, 6992:8560] (1568, 1568, 1568) and write ROI [7488:8064, 1728:2304, 7488:8064] (576, 576, 576)
Recorded block-done for octoS0SubroiZ15683136Y78409408X1097612544Difficultsoma_pred_affs/4644 with read ROI [6992:8560, 1232:2800, 6992:8560] (1568, 1568, 1568) and write ROI [7488:8064, 1728:2304, 7488:8064] (576, 576, 576)
Recording block-done for octoS0SubroiZ15683136Y78409408X1097612544Difficultsoma_pred_affs/2766 with read ROI [6992:8560, 1808:3376, 3536:5104] (1568, 1568, 1568) and write ROI [7488:8064, 2304:2880, 4032:4608] (576, 576, 576)
Recorded block-done for octoS0SubroiZ15683136Y78409408X1097612544Difficultsoma_pred_affs/2766 with read ROI [6992:8560, 1808:3376, 3536:5104] (1568, 1568, 1568) and write ROI [7488:8064, 2304:2880, 4032:4608] (576, 576, 576)
Recording block-done for octoS0SubroiZ15683136Y78409408X1097612544Difficultsoma_pred_affs/2466 with read ROI [6992:8560, 1808:3376, 2960:4528] (1568, 1568, 1568) and write ROI [7488:8064, 2304:2880, 3456:4032] (576, 576, 576)
Recorded block-done for octoS0SubroiZ15683136Y78409408X1097612544Difficultsoma_pred_affs/2466 with read ROI [6992:8560, 1808:3376, 2960:4528] (1568, 1568, 1568) and write ROI [7488:8064, 2304:2880, 3456:4032] (576, 576, 576)
Recording block-done for octoS0SubroiZ15683136Y78409408X1097612544Difficultsoma_pred_affs/7936 with read ROI [6992:8560, 1808:3376, 9872:11440] (1568, 1568, 1568) and write ROI [7488:8064, 2304:2880, 10368:10944] (576, 576, 576)
Recorded block-done for octoS0SubroiZ15683136Y78409408X1097612544Difficultsoma_pred_affs/7936 with read ROI [6992:8560, 1808:3376, 9872:11440] (1568, 1568, 1568) and write ROI [7488:8064, 2304:2880, 10368:10944] (576, 576, 576)
Recording block-done for octoS0SubroiZ15683136Y78409408X1097612544Difficultsoma_pred_affs/5126 with read ROI [6992:8560, 1808:3376, 6992:8560] (1568, 1568, 1568) and write ROI [7488:8064, 2304:2880, 7488:8064] (576, 576, 576)
Recorded block-done for octoS0SubroiZ15683136Y78409408X1097612544Difficultsoma_pred_affs/5126 with read ROI [6992:8560, 1808:3376, 6992:8560] (1568, 1568, 1568) and write ROI [7488:8064, 2304:2880, 7488:8064] (576, 576, 576)
Recording block-done for octoS0SubroiZ15683136Y78409408X1097612544Difficultsoma_pred_affs/2484 with read ROI [6992:8560, 2384:3952, 2384:3952] (1568, 1568, 1568) and write ROI [7488:8064, 2880:3456, 2880:3456] (576, 576, 576)
Recorded block-done for octoS0SubroiZ15683136Y78409408X1097612544Difficultsoma_pred_affs/2484 with read ROI [6992:8560, 2384:3952, 2384:3952] (1568, 1568, 1568) and write ROI [7488:8064, 2880:3456, 2880:3456] (576, 576, 576)
Recording block-done for octoS0SubroiZ15683136Y78409408X1097612544Difficultsoma_pred_affs/9323 with read ROI [6992:8560, 2384:3952, 10448:12016] (1568, 1568, 1568) and write ROI [7488:8064, 2880:3456, 10944:11520] (576, 576, 576)
Recorded block-done for octoS0SubroiZ15683136Y78409408X1097612544Difficultsoma_pred_affs/9323 with read ROI [6992:8560, 2384:3952, 10448:12016] (1568, 1568, 1568) and write ROI [7488:8064, 2880:3456, 10944:11520] (576, 576, 576)
Recording block-done for octoS0SubroiZ15683136Y78409408X1097612544Difficultsoma_pred_affs/1974 with read ROI [6992:8560, 2960:4528, 656:2224] (1568, 1568, 1568) and write ROI [7488:8064, 3456:4032, 1152:1728] (576, 576, 576)
Recorded block-done for octoS0SubroiZ15683136Y78409408X1097612544Difficultsoma_pred_affs/1974 with read ROI [6992:8560, 2960:4528, 656:2224] (1568, 1568, 1568) and write ROI [7488:8064, 3456:4032, 1152:1728] (576, 576, 576)
Recording block-done for octoS0SubroiZ15683136Y78409408X1097612544Difficultsoma_pred_affs/2803 with read ROI [6992:8560, 2960:4528, 2384:3952] (1568, 1568, 1568) and write ROI [7488:8064, 3456:4032, 2880:3456] (576, 576, 576)
Recorded block-done for octoS0SubroiZ15683136Y78409408X1097612544Difficultsoma_pred_affs/2803 with read ROI [6992:8560, 2960:4528, 2384:3952] (1568, 1568, 1568) and write ROI [7488:8064, 3456:4032, 2880:3456] (576, 576, 576)
Recording block-done for octoS0SubroiZ15683136Y78409408X1097612544Difficultsoma_pred_affs/9342 with read ROI [6992:8560, 2960:4528, 9872:11440] (1568, 1568, 1568) and write ROI [7488:8064, 3456:4032, 10368:10944] (576, 576, 576)
Recorded block-done for octoS0SubroiZ15683136Y78409408X1097612544Difficultsoma_pred_affs/9342 with read ROI [6992:8560, 2960:4528, 9872:11440] (1568, 1568, 1568) and write ROI [7488:8064, 3456:4032, 10368:10944] (576, 576, 576)
Recording block-done for octoS0SubroiZ15683136Y78409408X1097612544Difficultsoma_pred_affs/2247 with read ROI [6992:8560, 3536:5104, 656:2224] (1568, 1568, 1568) and write ROI [7488:8064, 4032:4608, 1152:1728] (576, 576, 576)
Recorded block-done for octoS0SubroiZ15683136Y78409408X1097612544Difficultsoma_pred_affs/2247 with read ROI [6992:8560, 3536:5104, 656:2224] (1568, 1568, 1568) and write ROI [7488:8064, 4032:4608, 1152:1728] (576, 576, 576)
Recording block-done for octoS0SubroiZ15683136Y78409408X1097612544Difficultsoma_pred_affs/3520 with read ROI [6992:8560, 4112:5680, 2384:3952] (1568, 1568, 1568) and write ROI [7488:8064, 4608:5184, 2880:3456] (576, 576, 576)
Recorded block-done for octoS0SubroiZ15683136Y78409408X1097612544Difficultsoma_pred_affs/3520 with read ROI [6992:8560, 4112:5680, 2384:3952] (1568, 1568, 1568) and write ROI [7488:8064, 4608:5184, 2880:3456] (576, 576, 576)
Recording block-done for octoS0SubroiZ15683136Y78409408X1097612544Difficultsoma_pred_affs/5700 with read ROI [6992:8560, 4112:5680, 5264:6832] (1568, 1568, 1568) and write ROI [7488:8064, 4608:5184, 5760:6336] (576, 576, 576)
Recorded block-done for octoS0SubroiZ15683136Y78409408X1097612544Difficultsoma_pred_affs/5700 with read ROI [6992:8560, 4112:5680, 5264:6832] (1568, 1568, 1568) and write ROI [7488:8064, 4608:5184, 5760:6336] (576, 576, 576)
Recording block-done for octoS0SubroiZ15683136Y78409408X1097612544Difficultsoma_pred_affs/4739 with read ROI [6992:8560, 4112:5680, 4112:5680] (1568, 1568, 1568) and write ROI [7488:8064, 4608:5184, 4608:5184] (576, 576, 576)
Recorded block-done for octoS0SubroiZ15683136Y78409408X1097612544Difficultsoma_pred_affs/4739 with read ROI [6992:8560, 4112:5680, 4112:5680] (1568, 1568, 1568) and write ROI [7488:8064, 4608:5184, 4608:5184] (576, 576, 576)
Recording block-done for octoS0SubroiZ15683136Y78409408X1097612544Difficultsoma_pred_affs/10124 with read ROI [6992:8560, 4112:5680, 9296:10864] (1568, 1568, 1568) and write ROI [7488:8064, 4608:5184, 9792:10368] (576, 576, 576)
Recorded block-done for octoS0SubroiZ15683136Y78409408X1097612544Difficultsoma_pred_affs/10124 with read ROI [6992:8560, 4112:5680, 9296:10864] (1568, 1568, 1568) and write ROI [7488:8064, 4608:5184, 9792:10368] (576, 576, 576)
Recording block-done for octoS0SubroiZ15683136Y78409408X1097612544Difficultsoma_pred_affs/4304 with read ROI [6992:8560, 4112:5680, 3536:5104] (1568, 1568, 1568) and write ROI [7488:8064, 4608:5184, 4032:4608] (576, 576, 576)
Recorded block-done for octoS0SubroiZ15683136Y78409408X1097612544Difficultsoma_pred_affs/4304 with read ROI [6992:8560, 4112:5680, 3536:5104] (1568, 1568, 1568) and write ROI [7488:8064, 4608:5184, 4032:4608] (576, 576, 576)
Recording block-done for octoS0SubroiZ15683136Y78409408X1097612544Difficultsoma_pred_affs/6768 with read ROI [6992:8560, 3536:5104, 6992:8560] (1568, 1568, 1568) and write ROI [7488:8064, 4032:4608, 7488:8064] (576, 576, 576)
Recorded block-done for octoS0SubroiZ15683136Y78409408X1097612544Difficultsoma_pred_affs/6768 with read ROI [6992:8560, 3536:5104, 6992:8560] (1568, 1568, 1568) and write ROI [7488:8064, 4032:4608, 7488:8064] (576, 576, 576)
Recording block-done for octoS0SubroiZ15683136Y78409408X1097612544Difficultsoma_pred_affs/7406 with read ROI [6992:8560, 4688:6256, 6416:7984] (1568, 1568, 1568) and write ROI [7488:8064, 5184:5760, 6912:7488] (576, 576, 576)
Recorded block-done for octoS0SubroiZ15683136Y78409408X1097612544Difficultsoma_pred_affs/7406 with read ROI [6992:8560, 4688:6256, 6416:7984] (1568, 1568, 1568) and write ROI [7488:8064, 5184:5760, 6912:7488] (576, 576, 576)
Recording block-done for octoS0SubroiZ15683136Y78409408X1097612544Difficultsoma_pred_affs/10926 with read ROI [6992:8560, 4688:6256, 9296:10864] (1568, 1568, 1568) and write ROI [7488:8064, 5184:5760, 9792:10368] (576, 576, 576)
Recorded block-done for octoS0SubroiZ15683136Y78409408X1097612544Difficultsoma_pred_affs/10926 with read ROI [6992:8560, 4688:6256, 9296:10864] (1568, 1568, 1568) and write ROI [7488:8064, 5184:5760, 9792:10368] (576, 576, 576)
Recording block-done for octoS0SubroiZ15683136Y78409408X1097612544Difficultsoma_pred_affs/7429 with read ROI [6992:8560, 5264:6832, 5840:7408] (1568, 1568, 1568) and write ROI [7488:8064, 5760:6336, 6336:6912] (576, 576, 576)
Recorded block-done for octoS0SubroiZ15683136Y78409408X1097612544Difficultsoma_pred_affs/7429 with read ROI [6992:8560, 5264:6832, 5840:7408] (1568, 1568, 1568) and write ROI [7488:8064, 5760:6336, 6336:6912] (576, 576, 576)
Recording block-done for octoS0SubroiZ15683136Y78409408X1097612544Difficultsoma_pred_affs/13533 with read ROI [6992:8560, 5264:6832, 10448:12016] (1568, 1568, 1568) and write ROI [7488:8064, 5760:6336, 10944:11520] (576, 576, 576)
Recorded block-done for octoS0SubroiZ15683136Y78409408X1097612544Difficultsoma_pred_affs/13533 with read ROI [6992:8560, 5264:6832, 10448:12016] (1568, 1568, 1568) and write ROI [7488:8064, 5760:6336, 10944:11520] (576, 576, 576)
Recording block-done for octoS0SubroiZ15683136Y78409408X1097612544Difficultsoma_pred_affs/8749 with read ROI [6992:8560, 5840:7408, 6416:7984] (1568, 1568, 1568) and write ROI [7488:8064, 6336:6912, 6912:7488] (576, 576, 576)
Recorded block-done for octoS0SubroiZ15683136Y78409408X1097612544Difficultsoma_pred_affs/8749 with read ROI [6992:8560, 5840:7408, 6416:7984] (1568, 1568, 1568) and write ROI [7488:8064, 6336:6912, 6912:7488] (576, 576, 576)
Recording block-done for octoS0SubroiZ15683136Y78409408X1097612544Difficultsoma_pred_affs/6883 with read ROI [6992:8560, 6416:7984, 4112:5680] (1568, 1568, 1568) and write ROI [7488:8064, 6912:7488, 4608:5184] (576, 576, 576)
Recorded block-done for octoS0SubroiZ15683136Y78409408X1097612544Difficultsoma_pred_affs/6883 with read ROI [6992:8560, 6416:7984, 4112:5680] (1568, 1568, 1568) and write ROI [7488:8064, 6912:7488, 4608:5184] (576, 576, 576)
Recording block-done for octoS0SubroiZ15683136Y78409408X1097612544Difficultsoma_pred_affs/3992 with read ROI [6992:8560, 6416:7984, 656:2224] (1568, 1568, 1568) and write ROI [7488:8064, 6912:7488, 1152:1728] (576, 576, 576)
Recorded block-done for octoS0SubroiZ15683136Y78409408X1097612544Difficultsoma_pred_affs/3992 with read ROI [6992:8560, 6416:7984, 656:2224] (1568, 1568, 1568) and write ROI [7488:8064, 6912:7488, 1152:1728] (576, 576, 576)
Recording block-done for octoS0SubroiZ15683136Y78409408X1097612544Difficultsoma_pred_affs/9452 with read ROI [6992:8560, 5840:7408, 6992:8560] (1568, 1568, 1568) and write ROI [7488:8064, 6336:6912, 7488:8064] (576, 576, 576)
Recorded block-done for octoS0SubroiZ15683136Y78409408X1097612544Difficultsoma_pred_affs/9452 with read ROI [6992:8560, 5840:7408, 6992:8560] (1568, 1568, 1568) and write ROI [7488:8064, 6336:6912, 7488:8064] (576, 576, 576)
Recording block-done for octoS0SubroiZ15683136Y78409408X1097612544Difficultsoma_pred_affs/13582 with read ROI [6992:8560, 6416:7984, 9296:10864] (1568, 1568, 1568) and write ROI [7488:8064, 6912:7488, 9792:10368] (576, 576, 576)
Recorded block-done for octoS0SubroiZ15683136Y78409408X1097612544Difficultsoma_pred_affs/13582 with read ROI [6992:8560, 6416:7984, 9296:10864] (1568, 1568, 1568) and write ROI [7488:8064, 6912:7488, 9792:10368] (576, 576, 576)
Recording block-done for octoS0SubroiZ15683136Y78409408X1097612544Difficultsoma_pred_affs/11818 with read ROI [6992:8560, 6416:7984, 8144:9712] (1568, 1568, 1568) and write ROI [7488:8064, 6912:7488, 8640:9216] (576, 576, 576)
Recorded block-done for octoS0SubroiZ15683136Y78409408X1097612544Difficultsoma_pred_affs/11818 with read ROI [6992:8560, 6416:7984, 8144:9712] (1568, 1568, 1568) and write ROI [7488:8064, 6912:7488, 8640:9216] (576, 576, 576)
Recording block-done for octoS0SubroiZ15683136Y78409408X1097612544Difficultsoma_pred_affs/7504 with read ROI [6992:8560, 6992:8560, 4112:5680] (1568, 1568, 1568) and write ROI [7488:8064, 7488:8064, 4608:5184] (576, 576, 576)
Recorded block-done for octoS0SubroiZ15683136Y78409408X1097612544Difficultsoma_pred_affs/7504 with read ROI [6992:8560, 6992:8560, 4112:5680] (1568, 1568, 1568) and write ROI [7488:8064, 7488:8064, 4608:5184] (576, 576, 576)
Recording block-done for octoS0SubroiZ15683136Y78409408X1097612544Difficultsoma_pred_affs/15544 with read ROI [6992:8560, 6992:8560, 9872:11440] (1568, 1568, 1568) and write ROI [7488:8064, 7488:8064, 10368:10944] (576, 576, 576)
Recorded block-done for octoS0SubroiZ15683136Y78409408X1097612544Difficultsoma_pred_affs/15544 with read ROI [6992:8560, 6992:8560, 9872:11440] (1568, 1568, 1568) and write ROI [7488:8064, 7488:8064, 10368:10944] (576, 576, 576)
Recording block-done for octoS0SubroiZ15683136Y78409408X1097612544Difficultsoma_pred_affs/11024 with read ROI [6992:8560, 6992:8560, 6992:8560] (1568, 1568, 1568) and write ROI [7488:8064, 7488:8064, 7488:8064] (576, 576, 576)
Recorded block-done for octoS0SubroiZ15683136Y78409408X1097612544Difficultsoma_pred_affs/11024 with read ROI [6992:8560, 6992:8560, 6992:8560] (1568, 1568, 1568) and write ROI [7488:8064, 7488:8064, 7488:8064] (576, 576, 576)
Recording block-done for octoS0SubroiZ15683136Y78409408X1097612544Difficultsoma_pred_affs/11051 with read ROI [6992:8560, 7568:9136, 6416:7984] (1568, 1568, 1568) and write ROI [7488:8064, 8064:8640, 6912:7488] (576, 576, 576)
Recorded block-done for octoS0SubroiZ15683136Y78409408X1097612544Difficultsoma_pred_affs/11051 with read ROI [6992:8560, 7568:9136, 6416:7984] (1568, 1568, 1568) and write ROI [7488:8064, 8064:8640, 6912:7488] (576, 576, 576)
Recording block-done for octoS0SubroiZ15683136Y78409408X1097612544Difficultsoma_pred_affs/4914 with read ROI [6992:8560, 8144:9712, 80:1648] (1568, 1568, 1568) and write ROI [7488:8064, 8640:9216, 576:1152] (576, 576, 576)
Recorded block-done for octoS0SubroiZ15683136Y78409408X1097612544Difficultsoma_pred_affs/4914 with read ROI [6992:8560, 8144:9712, 80:1648] (1568, 1568, 1568) and write ROI [7488:8064, 8640:9216, 576:1152] (576, 576, 576)
Recording block-done for octoS0SubroiZ15683136Y78409408X1097612544Difficultsoma_pred_affs/7531 with read ROI [6992:8560, 7568:9136, 3536:5104] (1568, 1568, 1568) and write ROI [7488:8064, 8064:8640, 4032:4608] (576, 576, 576)
Recorded block-done for octoS0SubroiZ15683136Y78409408X1097612544Difficultsoma_pred_affs/7531 with read ROI [6992:8560, 7568:9136, 3536:5104] (1568, 1568, 1568) and write ROI [7488:8064, 8064:8640, 4032:4608] (576, 576, 576)
Recording block-done for octoS0SubroiZ15683136Y78409408X1097612544Difficultsoma_pred_affs/13635 with read ROI [6992:8560, 7568:9136, 8144:9712] (1568, 1568, 1568) and write ROI [7488:8064, 8064:8640, 8640:9216] (576, 576, 576)
Recorded block-done for octoS0SubroiZ15683136Y78409408X1097612544Difficultsoma_pred_affs/13635 with read ROI [6992:8560, 7568:9136, 8144:9712] (1568, 1568, 1568) and write ROI [7488:8064, 8064:8640, 8640:9216] (576, 576, 576)
Recording block-done for octoS0SubroiZ15683136Y78409408X1097612544Difficultsoma_pred_affs/8189 with read ROI [6992:8560, 8144:9712, 3536:5104] (1568, 1568, 1568) and write ROI [7488:8064, 8640:9216, 4032:4608] (576, 576, 576)
Recorded block-done for octoS0SubroiZ15683136Y78409408X1097612544Difficultsoma_pred_affs/8189 with read ROI [6992:8560, 8144:9712, 3536:5104] (1568, 1568, 1568) and write ROI [7488:8064, 8640:9216, 4032:4608] (576, 576, 576)
Recording block-done for octoS0SubroiZ15683136Y78409408X1097612544Difficultsoma_pred_affs/11928 with read ROI [6992:8560, 8720:10288, 5840:7408] (1568, 1568, 1568) and write ROI [7488:8064, 9216:9792, 6336:6912] (576, 576, 576)
Recorded block-done for octoS0SubroiZ15683136Y78409408X1097612544Difficultsoma_pred_affs/11928 with read ROI [6992:8560, 8720:10288, 5840:7408] (1568, 1568, 1568) and write ROI [7488:8064, 9216:9792, 6336:6912] (576, 576, 576)
Recording block-done for octoS0SubroiZ15683136Y78409408X1097612544Difficultsoma_pred_affs/8218 with read ROI [6992:8560, 8720:10288, 2960:4528] (1568, 1568, 1568) and write ROI [7488:8064, 9216:9792, 3456:4032] (576, 576, 576)
Recorded block-done for octoS0SubroiZ15683136Y78409408X1097612544Difficultsoma_pred_affs/8218 with read ROI [6992:8560, 8720:10288, 2960:4528] (1568, 1568, 1568) and write ROI [7488:8064, 9216:9792, 3456:4032] (576, 576, 576)
Recording block-done for octoS0SubroiZ15683136Y78409408X1097612544Difficultsoma_pred_affs/10358 with read ROI [6992:8560, 9296:10864, 4112:5680] (1568, 1568, 1568) and write ROI [7488:8064, 9792:10368, 4608:5184] (576, 576, 576)
Recorded block-done for octoS0SubroiZ15683136Y78409408X1097612544Difficultsoma_pred_affs/10358 with read ROI [6992:8560, 9296:10864, 4112:5680] (1568, 1568, 1568) and write ROI [7488:8064, 9792:10368, 4608:5184] (576, 576, 576)
Recording block-done for octoS0SubroiZ15683136Y78409408X1097612544Difficultsoma_pred_affs/9617 with read ROI [6992:8560, 9296:10864, 3536:5104] (1568, 1568, 1568) and write ROI [7488:8064, 9792:10368, 4032:4608] (576, 576, 576)
Recorded block-done for octoS0SubroiZ15683136Y78409408X1097612544Difficultsoma_pred_affs/9617 with read ROI [6992:8560, 9296:10864, 3536:5104] (1568, 1568, 1568) and write ROI [7488:8064, 9792:10368, 4032:4608] (576, 576, 576)
Recording block-done for octoS0SubroiZ15683136Y78409408X1097612544Difficultsoma_pred_affs/12760 with read ROI [6992:8560, 8144:9712, 6992:8560] (1568, 1568, 1568) and write ROI [7488:8064, 8640:9216, 7488:8064] (576, 576, 576)
Recorded block-done for octoS0SubroiZ15683136Y78409408X1097612544Difficultsoma_pred_affs/12760 with read ROI [6992:8560, 8144:9712, 6992:8560] (1568, 1568, 1568) and write ROI [7488:8064, 8640:9216, 7488:8064] (576, 576, 576)
Recording block-done for octoS0SubroiZ15683136Y78409408X1097612544Difficultsoma_pred_affs/7054 with read ROI [6992:8560, 9872:11440, 656:2224] (1568, 1568, 1568) and write ROI [7488:8064, 10368:10944, 1152:1728] (576, 576, 576)
Recorded block-done for octoS0SubroiZ15683136Y78409408X1097612544Difficultsoma_pred_affs/7054 with read ROI [6992:8560, 9872:11440, 656:2224] (1568, 1568, 1568) and write ROI [7488:8064, 10368:10944, 1152:1728] (576, 576, 576)
Recording block-done for octoS0SubroiZ15683136Y78409408X1097612544Difficultsoma_pred_affs/16693 with read ROI [6992:8560, 9296:10864, 8144:9712] (1568, 1568, 1568) and write ROI [7488:8064, 9792:10368, 8640:9216] (576, 576, 576)
Recorded block-done for octoS0SubroiZ15683136Y78409408X1097612544Difficultsoma_pred_affs/16693 with read ROI [6992:8560, 9296:10864, 8144:9712] (1568, 1568, 1568) and write ROI [7488:8064, 9792:10368, 8640:9216] (576, 576, 576)
Recording block-done for octoS0SubroiZ15683136Y78409408X1097612544Difficultsoma_pred_affs/20109 with read ROI [6992:8560, 9872:11440, 9296:10864] (1568, 1568, 1568) and write ROI [7488:8064, 10368:10944, 9792:10368] (576, 576, 576)
Recorded block-done for octoS0SubroiZ15683136Y78409408X1097612544Difficultsoma_pred_affs/20109 with read ROI [6992:8560, 9872:11440, 9296:10864] (1568, 1568, 1568) and write ROI [7488:8064, 10368:10944, 9792:10368] (576, 576, 576)
Recording block-done for octoS0SubroiZ15683136Y78409408X1097612544Difficultsoma_pred_affs/15689 with read ROI [6992:8560, 9872:11440, 6992:8560] (1568, 1568, 1568) and write ROI [7488:8064, 10368:10944, 7488:8064] (576, 576, 576)
Recorded block-done for octoS0SubroiZ15683136Y78409408X1097612544Difficultsoma_pred_affs/15689 with read ROI [6992:8560, 9872:11440, 6992:8560] (1568, 1568, 1568) and write ROI [7488:8064, 10368:10944, 7488:8064] (576, 576, 576)
Recording block-done for octoS0SubroiZ15683136Y78409408X1097612544Difficultsoma_pred_affs/13785 with read ROI [6992:8560, 10448:12016, 5264:6832] (1568, 1568, 1568) and write ROI [7488:8064, 10944:11520, 5760:6336] (576, 576, 576)
Recorded block-done for octoS0SubroiZ15683136Y78409408X1097612544Difficultsoma_pred_affs/13785 with read ROI [6992:8560, 10448:12016, 5264:6832] (1568, 1568, 1568) and write ROI [7488:8064, 10944:11520, 5760:6336] (576, 576, 576)
Recording block-done for octoS0SubroiZ15683136Y78409408X1097612544Difficultsoma_pred_affs/11201 with read ROI [6992:8560, 10448:12016, 3536:5104] (1568, 1568, 1568) and write ROI [7488:8064, 10944:11520, 4032:4608] (576, 576, 576)
Recorded block-done for octoS0SubroiZ15683136Y78409408X1097612544Difficultsoma_pred_affs/11201 with read ROI [6992:8560, 10448:12016, 3536:5104] (1568, 1568, 1568) and write ROI [7488:8064, 10944:11520, 4032:4608] (576, 576, 576)
Recording block-done for octoS0SubroiZ15683136Y78409408X1097612544Difficultsoma_pred_affs/1103 with read ROI [7568:9136, 80:1648, 656:2224] (1568, 1568, 1568) and write ROI [8064:8640, 576:1152, 1152:1728] (576, 576, 576)
Recorded block-done for octoS0SubroiZ15683136Y78409408X1097612544Difficultsoma_pred_affs/1103 with read ROI [7568:9136, 80:1648, 656:2224] (1568, 1568, 1568) and write ROI [8064:8640, 576:1152, 1152:1728] (576, 576, 576)
Recording block-done for octoS0SubroiZ15683136Y78409408X1097612544Difficultsoma_pred_affs/1464 with read ROI [7568:9136, 80:1648, 1808:3376] (1568, 1568, 1568) and write ROI [8064:8640, 576:1152, 2304:2880] (576, 576, 576)
Recorded block-done for octoS0SubroiZ15683136Y78409408X1097612544Difficultsoma_pred_affs/1464 with read ROI [7568:9136, 80:1648, 1808:3376] (1568, 1568, 1568) and write ROI [8064:8640, 576:1152, 2304:2880] (576, 576, 576)
Recording block-done for octoS0SubroiZ15683136Y78409408X1097612544Difficultsoma_pred_affs/1119 with read ROI [7568:9136, 656:2224, 80:1648] (1568, 1568, 1568) and write ROI [8064:8640, 1152:1728, 576:1152] (576, 576, 576)
Recorded block-done for octoS0SubroiZ15683136Y78409408X1097612544Difficultsoma_pred_affs/1119 with read ROI [7568:9136, 656:2224, 80:1648] (1568, 1568, 1568) and write ROI [8064:8640, 1152:1728, 576:1152] (576, 576, 576)
Recording block-done for octoS0SubroiZ15683136Y78409408X1097612544Difficultsoma_pred_affs/1690 with read ROI [7568:9136, 656:2224, 1808:3376] (1568, 1568, 1568) and write ROI [8064:8640, 1152:1728, 2304:2880] (576, 576, 576)
Recorded block-done for octoS0SubroiZ15683136Y78409408X1097612544Difficultsoma_pred_affs/1690 with read ROI [7568:9136, 656:2224, 1808:3376] (1568, 1568, 1568) and write ROI [8064:8640, 1152:1728, 2304:2880] (576, 576, 576)
Recording block-done for octoS0SubroiZ15683136Y78409408X1097612544Difficultsoma_pred_affs/5094 with read ROI [7568:9136, 80:1648, 8144:9712] (1568, 1568, 1568) and write ROI [8064:8640, 576:1152, 8640:9216] (576, 576, 576)
Recorded block-done for octoS0SubroiZ15683136Y78409408X1097612544Difficultsoma_pred_affs/5094 with read ROI [7568:9136, 80:1648, 8144:9712] (1568, 1568, 1568) and write ROI [8064:8640, 576:1152, 8640:9216] (576, 576, 576)
Recording block-done for octoS0SubroiZ15683136Y78409408X1097612544Difficultsoma_pred_affs/4210 with read ROI [7568:9136, 656:2224, 6416:7984] (1568, 1568, 1568) and write ROI [8064:8640, 1152:1728, 6912:7488] (576, 576, 576)
Recorded block-done for octoS0SubroiZ15683136Y78409408X1097612544Difficultsoma_pred_affs/4210 with read ROI [7568:9136, 656:2224, 6416:7984] (1568, 1568, 1568) and write ROI [8064:8640, 1152:1728, 6912:7488] (576, 576, 576)
Recording block-done for octoS0SubroiZ15683136Y78409408X1097612544Difficultsoma_pred_affs/6134 with read ROI [7568:9136, 656:2224, 8720:10288] (1568, 1568, 1568) and write ROI [8064:8640, 1152:1728, 9216:9792] (576, 576, 576)
Recorded block-done for octoS0SubroiZ15683136Y78409408X1097612544Difficultsoma_pred_affs/6134 with read ROI [7568:9136, 656:2224, 8720:10288] (1568, 1568, 1568) and write ROI [8064:8640, 1152:1728, 9216:9792] (576, 576, 576)
Recording block-done for octoS0SubroiZ15683136Y78409408X1097612544Difficultsoma_pred_affs/5606 with read ROI [7568:9136, 656:2224, 8144:9712] (1568, 1568, 1568) and write ROI [8064:8640, 1152:1728, 8640:9216] (576, 576, 576)
Recorded block-done for octoS0SubroiZ15683136Y78409408X1097612544Difficultsoma_pred_affs/5606 with read ROI [7568:9136, 656:2224, 8144:9712] (1568, 1568, 1568) and write ROI [8064:8640, 1152:1728, 8640:9216] (576, 576, 576)
Recording block-done for octoS0SubroiZ15683136Y78409408X1097612544Difficultsoma_pred_affs/4645 with read ROI [7568:9136, 656:2224, 6992:8560] (1568, 1568, 1568) and write ROI [8064:8640, 1152:1728, 7488:8064] (576, 576, 576)
Recorded block-done for octoS0SubroiZ15683136Y78409408X1097612544Difficultsoma_pred_affs/4645 with read ROI [7568:9136, 656:2224, 6992:8560] (1568, 1568, 1568) and write ROI [8064:8640, 1152:1728, 7488:8064] (576, 576, 576)
Recording block-done for octoS0SubroiZ15683136Y78409408X1097612544Difficultsoma_pred_affs/8603 with read ROI [7568:9136, 1232:2800, 10448:12016] (1568, 1568, 1568) and write ROI [8064:8640, 1728:2304, 10944:11520] (576, 576, 576)
Recorded block-done for octoS0SubroiZ15683136Y78409408X1097612544Difficultsoma_pred_affs/8603 with read ROI [7568:9136, 1232:2800, 10448:12016] (1568, 1568, 1568) and write ROI [8064:8640, 1728:2304, 10944:11520] (576, 576, 576)
Recording block-done for octoS0SubroiZ15683136Y78409408X1097612544Difficultsoma_pred_affs/1956 with read ROI [7568:9136, 1808:3376, 1232:2800] (1568, 1568, 1568) and write ROI [8064:8640, 2304:2880, 1728:2304] (576, 576, 576)
Recorded block-done for octoS0SubroiZ15683136Y78409408X1097612544Difficultsoma_pred_affs/1956 with read ROI [7568:9136, 1808:3376, 1232:2800] (1568, 1568, 1568) and write ROI [8064:8640, 2304:2880, 1728:2304] (576, 576, 576)
Recording block-done for octoS0SubroiZ15683136Y78409408X1097612544Difficultsoma_pred_affs/8621 with read ROI [7568:9136, 1808:3376, 9872:11440] (1568, 1568, 1568) and write ROI [8064:8640, 2304:2880, 10368:10944] (576, 576, 576)
Recorded block-done for octoS0SubroiZ15683136Y78409408X1097612544Difficultsoma_pred_affs/8621 with read ROI [7568:9136, 1808:3376, 9872:11440] (1568, 1568, 1568) and write ROI [8064:8640, 2304:2880, 10368:10944] (576, 576, 576)
Recording block-done for octoS0SubroiZ15683136Y78409408X1097612544Difficultsoma_pred_affs/2228 with read ROI [7568:9136, 2384:3952, 1232:2800] (1568, 1568, 1568) and write ROI [8064:8640, 2880:3456, 1728:2304] (576, 576, 576)
Recorded block-done for octoS0SubroiZ15683136Y78409408X1097612544Difficultsoma_pred_affs/2228 with read ROI [7568:9136, 2384:3952, 1232:2800] (1568, 1568, 1568) and write ROI [8064:8640, 2880:3456, 1728:2304] (576, 576, 576)
Recording block-done for octoS0SubroiZ15683136Y78409408X1097612544Difficultsoma_pred_affs/5164 with read ROI [7568:9136, 2384:3952, 5840:7408] (1568, 1568, 1568) and write ROI [8064:8640, 2880:3456, 6336:6912] (576, 576, 576)
Recorded block-done for octoS0SubroiZ15683136Y78409408X1097612544Difficultsoma_pred_affs/5164 with read ROI [7568:9136, 2384:3952, 5840:7408] (1568, 1568, 1568) and write ROI [8064:8640, 2880:3456, 6336:6912] (576, 576, 576)
Recording block-done for octoS0SubroiZ15683136Y78409408X1097612544Difficultsoma_pred_affs/9343 with read ROI [7568:9136, 2384:3952, 9872:11440] (1568, 1568, 1568) and write ROI [8064:8640, 2880:3456, 10368:10944] (576, 576, 576)
Recorded block-done for octoS0SubroiZ15683136Y78409408X1097612544Difficultsoma_pred_affs/9343 with read ROI [7568:9136, 2384:3952, 9872:11440] (1568, 1568, 1568) and write ROI [8064:8640, 2880:3456, 10368:10944] (576, 576, 576)
Recording block-done for octoS0SubroiZ15683136Y78409408X1097612544Difficultsoma_pred_affs/3129 with read ROI [7568:9136, 2384:3952, 2960:4528] (1568, 1568, 1568) and write ROI [8064:8640, 2880:3456, 3456:4032] (576, 576, 576)
Recorded block-done for octoS0SubroiZ15683136Y78409408X1097612544Difficultsoma_pred_affs/3129 with read ROI [7568:9136, 2384:3952, 2960:4528] (1568, 1568, 1568) and write ROI [8064:8640, 2880:3456, 3456:4032] (576, 576, 576)
Recording block-done for octoS0SubroiZ15683136Y78409408X1097612544Difficultsoma_pred_affs/4719 with read ROI [7568:9136, 2960:4528, 4688:6256] (1568, 1568, 1568) and write ROI [8064:8640, 3456:4032, 5184:5760] (576, 576, 576)
Recorded block-done for octoS0SubroiZ15683136Y78409408X1097612544Difficultsoma_pred_affs/4719 with read ROI [7568:9136, 2960:4528, 4688:6256] (1568, 1568, 1568) and write ROI [8064:8640, 3456:4032, 5184:5760] (576, 576, 576)
Recording block-done for octoS0SubroiZ15683136Y78409408X1097612544Difficultsoma_pred_affs/10884 with read ROI [7568:9136, 2960:4528, 10448:12016] (1568, 1568, 1568) and write ROI [8064:8640, 3456:4032, 10944:11520] (576, 576, 576)
Recorded block-done for octoS0SubroiZ15683136Y78409408X1097612544Difficultsoma_pred_affs/10884 with read ROI [7568:9136, 2960:4528, 10448:12016] (1568, 1568, 1568) and write ROI [8064:8640, 3456:4032, 10944:11520] (576, 576, 576)
Recording block-done for octoS0SubroiZ15683136Y78409408X1097612544Difficultsoma_pred_affs/2867 with read ROI [7568:9136, 4112:5680, 656:2224] (1568, 1568, 1568) and write ROI [8064:8640, 4608:5184, 1152:1728] (576, 576, 576)
Recorded block-done for octoS0SubroiZ15683136Y78409408X1097612544Difficultsoma_pred_affs/2867 with read ROI [7568:9136, 4112:5680, 656:2224] (1568, 1568, 1568) and write ROI [8064:8640, 4608:5184, 1152:1728] (576, 576, 576)
Recording block-done for octoS0SubroiZ15683136Y78409408X1097612544Difficultsoma_pred_affs/9384 with read ROI [7568:9136, 3536:5104, 8720:10288] (1568, 1568, 1568) and write ROI [8064:8640, 4032:4608, 9216:9792] (576, 576, 576)
Recorded block-done for octoS0SubroiZ15683136Y78409408X1097612544Difficultsoma_pred_affs/9384 with read ROI [7568:9136, 3536:5104, 8720:10288] (1568, 1568, 1568) and write ROI [8064:8640, 4032:4608, 9216:9792] (576, 576, 576)
Recording block-done for octoS0SubroiZ15683136Y78409408X1097612544Difficultsoma_pred_affs/10905 with read ROI [7568:9136, 3536:5104, 9872:11440] (1568, 1568, 1568) and write ROI [8064:8640, 4032:4608, 10368:10944] (576, 576, 576)
Recorded block-done for octoS0SubroiZ15683136Y78409408X1097612544Difficultsoma_pred_affs/10905 with read ROI [7568:9136, 3536:5104, 9872:11440] (1568, 1568, 1568) and write ROI [8064:8640, 4032:4608, 10368:10944] (576, 576, 576)
Recording block-done for octoS0SubroiZ15683136Y78409408X1097612544Difficultsoma_pred_affs/5723 with read ROI [7568:9136, 4112:5680, 4688:6256] (1568, 1568, 1568) and write ROI [8064:8640, 4608:5184, 5184:5760] (576, 576, 576)
Recorded block-done for octoS0SubroiZ15683136Y78409408X1097612544Difficultsoma_pred_affs/5723 with read ROI [7568:9136, 4112:5680, 4688:6256] (1568, 1568, 1568) and write ROI [8064:8640, 4608:5184, 5184:5760] (576, 576, 576)
Recording block-done for octoS0SubroiZ15683136Y78409408X1097612544Difficultsoma_pred_affs/4762 with read ROI [7568:9136, 4112:5680, 3536:5104] (1568, 1568, 1568) and write ROI [8064:8640, 4608:5184, 4032:4608] (576, 576, 576)
Recorded block-done for octoS0SubroiZ15683136Y78409408X1097612544Difficultsoma_pred_affs/4762 with read ROI [7568:9136, 4112:5680, 3536:5104] (1568, 1568, 1568) and write ROI [8064:8640, 4608:5184, 4032:4608] (576, 576, 576)
Recording block-done for octoS0SubroiZ15683136Y78409408X1097612544Difficultsoma_pred_affs/8037 with read ROI [7568:9136, 4112:5680, 6992:8560] (1568, 1568, 1568) and write ROI [8064:8640, 4608:5184, 7488:8064] (576, 576, 576)
Recorded block-done for octoS0SubroiZ15683136Y78409408X1097612544Difficultsoma_pred_affs/8037 with read ROI [7568:9136, 4112:5680, 6992:8560] (1568, 1568, 1568) and write ROI [8064:8640, 4608:5184, 7488:8064] (576, 576, 576)
Recording block-done for octoS0SubroiZ15683136Y78409408X1097612544Difficultsoma_pred_affs/4350 with read ROI [7568:9136, 4688:6256, 2384:3952] (1568, 1568, 1568) and write ROI [8064:8640, 5184:5760, 2880:3456] (576, 576, 576)
Recorded block-done for octoS0SubroiZ15683136Y78409408X1097612544Difficultsoma_pred_affs/4350 with read ROI [7568:9136, 4688:6256, 2384:3952] (1568, 1568, 1568) and write ROI [8064:8640, 5184:5760, 2880:3456] (576, 576, 576)
Recording block-done for octoS0SubroiZ15683136Y78409408X1097612544Difficultsoma_pred_affs/8060 with read ROI [7568:9136, 4688:6256, 6416:7984] (1568, 1568, 1568) and write ROI [8064:8640, 5184:5760, 6912:7488] (576, 576, 576)
Recorded block-done for octoS0SubroiZ15683136Y78409408X1097612544Difficultsoma_pred_affs/8060 with read ROI [7568:9136, 4688:6256, 6416:7984] (1568, 1568, 1568) and write ROI [8064:8640, 5184:5760, 6912:7488] (576, 576, 576)
Recording block-done for octoS0SubroiZ15683136Y78409408X1097612544Difficultsoma_pred_affs/5250 with read ROI [7568:9136, 4688:6256, 3536:5104] (1568, 1568, 1568) and write ROI [8064:8640, 5184:5760, 4032:4608] (576, 576, 576)
Recorded block-done for octoS0SubroiZ15683136Y78409408X1097612544Difficultsoma_pred_affs/5250 with read ROI [7568:9136, 4688:6256, 3536:5104] (1568, 1568, 1568) and write ROI [8064:8640, 5184:5760, 4032:4608] (576, 576, 576)
Recording block-done for octoS0SubroiZ15683136Y78409408X1097612544Difficultsoma_pred_affs/8084 with read ROI [7568:9136, 5264:6832, 5840:7408] (1568, 1568, 1568) and write ROI [8064:8640, 5760:6336, 6336:6912] (576, 576, 576)
Recorded block-done for octoS0SubroiZ15683136Y78409408X1097612544Difficultsoma_pred_affs/8084 with read ROI [7568:9136, 5264:6832, 5840:7408] (1568, 1568, 1568) and write ROI [8064:8640, 5760:6336, 6336:6912] (576, 576, 576)
Recording block-done for octoS0SubroiZ15683136Y78409408X1097612544Difficultsoma_pred_affs/10170 with read ROI [7568:9136, 4688:6256, 8144:9712] (1568, 1568, 1568) and write ROI [8064:8640, 5184:5760, 8640:9216] (576, 576, 576)
Recorded block-done for octoS0SubroiZ15683136Y78409408X1097612544Difficultsoma_pred_affs/10170 with read ROI [7568:9136, 4688:6256, 8144:9712] (1568, 1568, 1568) and write ROI [8064:8640, 5184:5760, 8640:9216] (576, 576, 576)
Recording block-done for octoS0SubroiZ15683136Y78409408X1097612544Difficultsoma_pred_affs/5274 with read ROI [7568:9136, 5264:6832, 2960:4528] (1568, 1568, 1568) and write ROI [8064:8640, 5760:6336, 3456:4032] (576, 576, 576)
Recorded block-done for octoS0SubroiZ15683136Y78409408X1097612544Difficultsoma_pred_affs/5274 with read ROI [7568:9136, 5264:6832, 2960:4528] (1568, 1568, 1568) and write ROI [8064:8640, 5760:6336, 3456:4032] (576, 576, 576)
Recording block-done for octoS0SubroiZ15683136Y78409408X1097612544Difficultsoma_pred_affs/11794 with read ROI [7568:9136, 5264:6832, 8720:10288] (1568, 1568, 1568) and write ROI [8064:8640, 5760:6336, 9216:9792] (576, 576, 576)
Recorded block-done for octoS0SubroiZ15683136Y78409408X1097612544Difficultsoma_pred_affs/11794 with read ROI [7568:9136, 5264:6832, 8720:10288] (1568, 1568, 1568) and write ROI [8064:8640, 5760:6336, 9216:9792] (576, 576, 576)
Recording block-done for octoS0SubroiZ15683136Y78409408X1097612544Difficultsoma_pred_affs/4834 with read ROI [7568:9136, 5840:7408, 1808:3376] (1568, 1568, 1568) and write ROI [8064:8640, 6336:6912, 2304:2880] (576, 576, 576)
Recorded block-done for octoS0SubroiZ15683136Y78409408X1097612544Difficultsoma_pred_affs/4834 with read ROI [7568:9136, 5840:7408, 1808:3376] (1568, 1568, 1568) and write ROI [8064:8640, 6336:6912, 2304:2880] (576, 576, 576)
Recording block-done for octoS0SubroiZ15683136Y78409408X1097612544Difficultsoma_pred_affs/8775 with read ROI [7568:9136, 5840:7408, 5840:7408] (1568, 1568, 1568) and write ROI [8064:8640, 6336:6912, 6336:6912] (576, 576, 576)
Recorded block-done for octoS0SubroiZ15683136Y78409408X1097612544Difficultsoma_pred_affs/8775 with read ROI [7568:9136, 5840:7408, 5840:7408] (1568, 1568, 1568) and write ROI [8064:8640, 6336:6912, 6336:6912] (576, 576, 576)
Recording block-done for octoS0SubroiZ15683136Y78409408X1097612544Difficultsoma_pred_affs/13583 with read ROI [7568:9136, 5840:7408, 9296:10864] (1568, 1568, 1568) and write ROI [8064:8640, 6336:6912, 9792:10368] (576, 576, 576)
Recorded block-done for octoS0SubroiZ15683136Y78409408X1097612544Difficultsoma_pred_affs/13583 with read ROI [7568:9136, 5840:7408, 9296:10864] (1568, 1568, 1568) and write ROI [8064:8640, 6336:6912, 9792:10368] (576, 576, 576)
Recording block-done for octoS0SubroiZ15683136Y78409408X1097612544Difficultsoma_pred_affs/5325 with read ROI [7568:9136, 6416:7984, 1808:3376] (1568, 1568, 1568) and write ROI [8064:8640, 6912:7488, 2304:2880] (576, 576, 576)
Recorded block-done for octoS0SubroiZ15683136Y78409408X1097612544Difficultsoma_pred_affs/5325 with read ROI [7568:9136, 6416:7984, 1808:3376] (1568, 1568, 1568) and write ROI [8064:8640, 6912:7488, 2304:2880] (576, 576, 576)
Recording block-done for octoS0SubroiZ15683136Y78409408X1097612544Difficultsoma_pred_affs/6910 with read ROI [7568:9136, 6416:7984, 3536:5104] (1568, 1568, 1568) and write ROI [8064:8640, 6912:7488, 4032:4608] (576, 576, 576)
Recorded block-done for octoS0SubroiZ15683136Y78409408X1097612544Difficultsoma_pred_affs/6910 with read ROI [7568:9136, 6416:7984, 3536:5104] (1568, 1568, 1568) and write ROI [8064:8640, 6912:7488, 4032:4608] (576, 576, 576)
Recording block-done for octoS0SubroiZ15683136Y78409408X1097612544Difficultsoma_pred_affs/10245 with read ROI [7568:9136, 6416:7984, 6416:7984] (1568, 1568, 1568) and write ROI [8064:8640, 6912:7488, 6912:7488] (576, 576, 576)
Recorded block-done for octoS0SubroiZ15683136Y78409408X1097612544Difficultsoma_pred_affs/10245 with read ROI [7568:9136, 6416:7984, 6416:7984] (1568, 1568, 1568) and write ROI [8064:8640, 6912:7488, 6912:7488] (576, 576, 576)
Recording block-done for octoS0SubroiZ15683136Y78409408X1097612544Difficultsoma_pred_affs/12706 with read ROI [7568:9136, 6416:7984, 8144:9712] (1568, 1568, 1568) and write ROI [8064:8640, 6912:7488, 8640:9216] (576, 576, 576)
Recorded block-done for octoS0SubroiZ15683136Y78409408X1097612544Difficultsoma_pred_affs/12706 with read ROI [7568:9136, 6416:7984, 8144:9712] (1568, 1568, 1568) and write ROI [8064:8640, 6912:7488, 8640:9216] (576, 576, 576)
Recording block-done for octoS0SubroiZ15683136Y78409408X1097612544Difficultsoma_pred_affs/6376 with read ROI [7568:9136, 6992:8560, 2384:3952] (1568, 1568, 1568) and write ROI [8064:8640, 7488:8064, 2880:3456] (576, 576, 576)
Recorded block-done for octoS0SubroiZ15683136Y78409408X1097612544Difficultsoma_pred_affs/6376 with read ROI [7568:9136, 6992:8560, 2384:3952] (1568, 1568, 1568) and write ROI [8064:8640, 7488:8064, 2880:3456] (576, 576, 576)
Recording block-done for octoS0SubroiZ15683136Y78409408X1097612544Difficultsoma_pred_affs/6965 with read ROI [7568:9136, 7568:9136, 2384:3952] (1568, 1568, 1568) and write ROI [8064:8640, 8064:8640, 2880:3456] (576, 576, 576)
Recorded block-done for octoS0SubroiZ15683136Y78409408X1097612544Difficultsoma_pred_affs/6965 with read ROI [7568:9136, 7568:9136, 2384:3952] (1568, 1568, 1568) and write ROI [8064:8640, 8064:8640, 2880:3456] (576, 576, 576)
Recording block-done for octoS0SubroiZ15683136Y78409408X1097612544Difficultsoma_pred_affs/13636 with read ROI [7568:9136, 6992:8560, 8144:9712] (1568, 1568, 1568) and write ROI [8064:8640, 7488:8064, 8640:9216] (576, 576, 576)
Recorded block-done for octoS0SubroiZ15683136Y78409408X1097612544Difficultsoma_pred_affs/13636 with read ROI [7568:9136, 6992:8560, 8144:9712] (1568, 1568, 1568) and write ROI [8064:8640, 7488:8064, 8640:9216] (576, 576, 576)
Recording block-done for octoS0SubroiZ15683136Y78409408X1097612544Difficultsoma_pred_affs/11080 with read ROI [7568:9136, 7568:9136, 5840:7408] (1568, 1568, 1568) and write ROI [8064:8640, 8064:8640, 6336:6912] (576, 576, 576)
Recorded block-done for octoS0SubroiZ15683136Y78409408X1097612544Difficultsoma_pred_affs/11080 with read ROI [7568:9136, 7568:9136, 5840:7408] (1568, 1568, 1568) and write ROI [8064:8640, 8064:8640, 6336:6912] (576, 576, 576)
Recording block-done for octoS0SubroiZ15683136Y78409408X1097612544Difficultsoma_pred_affs/9559 with read ROI [7568:9136, 7568:9136, 4688:6256] (1568, 1568, 1568) and write ROI [8064:8640, 8064:8640, 5184:5760] (576, 576, 576)
Recorded block-done for octoS0SubroiZ15683136Y78409408X1097612544Difficultsoma_pred_affs/9559 with read ROI [7568:9136, 7568:9136, 4688:6256] (1568, 1568, 1568) and write ROI [8064:8640, 8064:8640, 5184:5760] (576, 576, 576)
Recording block-done for octoS0SubroiZ15683136Y78409408X1097612544Difficultsoma_pred_affs/11109 with read ROI [7568:9136, 8144:9712, 5264:6832] (1568, 1568, 1568) and write ROI [8064:8640, 8640:9216, 5760:6336] (576, 576, 576)
Recorded block-done for octoS0SubroiZ15683136Y78409408X1097612544Difficultsoma_pred_affs/11109 with read ROI [7568:9136, 8144:9712, 5264:6832] (1568, 1568, 1568) and write ROI [8064:8640, 8640:9216, 5760:6336] (576, 576, 576)
Recording block-done for octoS0SubroiZ15683136Y78409408X1097612544Difficultsoma_pred_affs/12790 with read ROI [7568:9136, 8144:9712, 6416:7984] (1568, 1568, 1568) and write ROI [8064:8640, 8640:9216, 6912:7488] (576, 576, 576)
Recorded block-done for octoS0SubroiZ15683136Y78409408X1097612544Difficultsoma_pred_affs/12790 with read ROI [7568:9136, 8144:9712, 6416:7984] (1568, 1568, 1568) and write ROI [8064:8640, 8640:9216, 6912:7488] (576, 576, 576)
Recording block-done for octoS0SubroiZ15683136Y78409408X1097612544Difficultsoma_pred_affs/8885 with read ROI [7568:9136, 8144:9712, 3536:5104] (1568, 1568, 1568) and write ROI [8064:8640, 8640:9216, 4032:4608] (576, 576, 576)
Recorded block-done for octoS0SubroiZ15683136Y78409408X1097612544Difficultsoma_pred_affs/8885 with read ROI [7568:9136, 8144:9712, 3536:5104] (1568, 1568, 1568) and write ROI [8064:8640, 8640:9216, 4032:4608] (576, 576, 576)
Recording block-done for octoS0SubroiZ15683136Y78409408X1097612544Difficultsoma_pred_affs/13723 with read ROI [7568:9136, 8720:10288, 6416:7984] (1568, 1568, 1568) and write ROI [8064:8640, 9216:9792, 6912:7488] (576, 576, 576)
Recorded block-done for octoS0SubroiZ15683136Y78409408X1097612544Difficultsoma_pred_affs/13723 with read ROI [7568:9136, 8720:10288, 6416:7984] (1568, 1568, 1568) and write ROI [8064:8640, 9216:9792, 6912:7488] (576, 576, 576)
Recording block-done for octoS0SubroiZ15683136Y78409408X1097612544Difficultsoma_pred_affs/7650 with read ROI [7568:9136, 9296:10864, 1232:2800] (1568, 1568, 1568) and write ROI [8064:8640, 9792:10368, 1728:2304] (576, 576, 576)
Recorded block-done for octoS0SubroiZ15683136Y78409408X1097612544Difficultsoma_pred_affs/7650 with read ROI [7568:9136, 9296:10864, 1232:2800] (1568, 1568, 1568) and write ROI [8064:8640, 9792:10368, 1728:2304] (576, 576, 576)
Recording block-done for octoS0SubroiZ15683136Y78409408X1097612544Difficultsoma_pred_affs/15629 with read ROI [7568:9136, 8144:9712, 8144:9712] (1568, 1568, 1568) and write ROI [8064:8640, 8640:9216, 8640:9216] (576, 576, 576)
Recorded block-done for octoS0SubroiZ15683136Y78409408X1097612544Difficultsoma_pred_affs/15629 with read ROI [7568:9136, 8144:9712, 8144:9712] (1568, 1568, 1568) and write ROI [8064:8640, 8640:9216, 8640:9216] (576, 576, 576)
Recording block-done for octoS0SubroiZ15683136Y78409408X1097612544Difficultsoma_pred_affs/13754 with read ROI [7568:9136, 9296:10864, 5840:7408] (1568, 1568, 1568) and write ROI [8064:8640, 9792:10368, 6336:6912] (576, 576, 576)
Recorded block-done for octoS0SubroiZ15683136Y78409408X1097612544Difficultsoma_pred_affs/13754 with read ROI [7568:9136, 9296:10864, 5840:7408] (1568, 1568, 1568) and write ROI [8064:8640, 9792:10368, 6336:6912] (576, 576, 576)
Recording block-done for octoS0SubroiZ15683136Y78409408X1097612544Difficultsoma_pred_affs/9681 with read ROI [7568:9136, 9872:11440, 2384:3952] (1568, 1568, 1568) and write ROI [8064:8640, 10368:10944, 2880:3456] (576, 576, 576)
Recorded block-done for octoS0SubroiZ15683136Y78409408X1097612544Difficultsoma_pred_affs/9681 with read ROI [7568:9136, 9872:11440, 2384:3952] (1568, 1568, 1568) and write ROI [8064:8640, 10368:10944, 2880:3456] (576, 576, 576)
Recording block-done for octoS0SubroiZ15683136Y78409408X1097612544Difficultsoma_pred_affs/10390 with read ROI [7568:9136, 9296:10864, 3536:5104] (1568, 1568, 1568) and write ROI [8064:8640, 9792:10368, 4032:4608] (576, 576, 576)
Recorded block-done for octoS0SubroiZ15683136Y78409408X1097612544Difficultsoma_pred_affs/10390 with read ROI [7568:9136, 9296:10864, 3536:5104] (1568, 1568, 1568) and write ROI [8064:8640, 9792:10368, 4032:4608] (576, 576, 576)
Recording block-done for octoS0SubroiZ15683136Y78409408X1097612544Difficultsoma_pred_affs/13786 with read ROI [7568:9136, 9872:11440, 5264:6832] (1568, 1568, 1568) and write ROI [8064:8640, 10368:10944, 5760:6336] (576, 576, 576)
Recorded block-done for octoS0SubroiZ15683136Y78409408X1097612544Difficultsoma_pred_affs/13786 with read ROI [7568:9136, 9872:11440, 5264:6832] (1568, 1568, 1568) and write ROI [8064:8640, 10368:10944, 5760:6336] (576, 576, 576)
Recording block-done for octoS0SubroiZ15683136Y78409408X1097612544Difficultsoma_pred_affs/11202 with read ROI [7568:9136, 9872:11440, 3536:5104] (1568, 1568, 1568) and write ROI [8064:8640, 10368:10944, 4032:4608] (576, 576, 576)
Recorded block-done for octoS0SubroiZ15683136Y78409408X1097612544Difficultsoma_pred_affs/11202 with read ROI [7568:9136, 9872:11440, 3536:5104] (1568, 1568, 1568) and write ROI [8064:8640, 10368:10944, 4032:4608] (576, 576, 576)
Recording block-done for octoS0SubroiZ15683136Y78409408X1097612544Difficultsoma_pred_affs/18966 with read ROI [7568:9136, 9872:11440, 8144:9712] (1568, 1568, 1568) and write ROI [8064:8640, 10368:10944, 8640:9216] (576, 576, 576)
Recorded block-done for octoS0SubroiZ15683136Y78409408X1097612544Difficultsoma_pred_affs/18966 with read ROI [7568:9136, 9872:11440, 8144:9712] (1568, 1568, 1568) and write ROI [8064:8640, 10368:10944, 8640:9216] (576, 576, 576)
Recording block-done for octoS0SubroiZ15683136Y78409408X1097612544Difficultsoma_pred_affs/14765 with read ROI [7568:9136, 10448:12016, 5264:6832] (1568, 1568, 1568) and write ROI [8064:8640, 10944:11520, 5760:6336] (576, 576, 576)
Recorded block-done for octoS0SubroiZ15683136Y78409408X1097612544Difficultsoma_pred_affs/14765 with read ROI [7568:9136, 10448:12016, 5264:6832] (1568, 1568, 1568) and write ROI [8064:8640, 10944:11520, 5760:6336] (576, 576, 576)
Recording block-done for octoS0SubroiZ15683136Y78409408X1097612544Difficultsoma_pred_affs/25379 with read ROI [7568:9136, 10448:12016, 10448:12016] (1568, 1568, 1568) and write ROI [8064:8640, 10944:11520, 10944:11520] (576, 576, 576)
Recorded block-done for octoS0SubroiZ15683136Y78409408X1097612544Difficultsoma_pred_affs/25379 with read ROI [7568:9136, 10448:12016, 10448:12016] (1568, 1568, 1568) and write ROI [8064:8640, 10944:11520, 10944:11520] (576, 576, 576)
Recording block-done for octoS0SubroiZ15683136Y78409408X1097612544Difficultsoma_pred_affs/12055 with read ROI [7568:9136, 10448:12016, 3536:5104] (1568, 1568, 1568) and write ROI [8064:8640, 10944:11520, 4032:4608] (576, 576, 576)
Recorded block-done for octoS0SubroiZ15683136Y78409408X1097612544Difficultsoma_pred_affs/12055 with read ROI [7568:9136, 10448:12016, 3536:5104] (1568, 1568, 1568) and write ROI [8064:8640, 10944:11520, 4032:4608] (576, 576, 576)
Recording block-done for octoS0SubroiZ15683136Y78409408X1097612544Difficultsoma_pred_affs/1291 with read ROI [8144:9712, 80:1648, 656:2224] (1568, 1568, 1568) and write ROI [8640:9216, 576:1152, 1152:1728] (576, 576, 576)
Recorded block-done for octoS0SubroiZ15683136Y78409408X1097612544Difficultsoma_pred_affs/1291 with read ROI [8144:9712, 80:1648, 656:2224] (1568, 1568, 1568) and write ROI [8640:9216, 576:1152, 1152:1728] (576, 576, 576)
Recording block-done for octoS0SubroiZ15683136Y78409408X1097612544Difficultsoma_pred_affs/1708 with read ROI [8144:9712, 656:2224, 1232:2800] (1568, 1568, 1568) and write ROI [8640:9216, 1152:1728, 1728:2304] (576, 576, 576)
Recorded block-done for octoS0SubroiZ15683136Y78409408X1097612544Difficultsoma_pred_affs/1708 with read ROI [8144:9712, 656:2224, 1232:2800] (1568, 1568, 1568) and write ROI [8640:9216, 1152:1728, 1728:2304] (576, 576, 576)
Recording block-done for octoS0SubroiZ15683136Y78409408X1097612544Difficultsoma_pred_affs/2751 with read ROI [8144:9712, 80:1648, 4112:5680] (1568, 1568, 1568) and write ROI [8640:9216, 576:1152, 4608:5184] (576, 576, 576)
Recorded block-done for octoS0SubroiZ15683136Y78409408X1097612544Difficultsoma_pred_affs/2751 with read ROI [8144:9712, 80:1648, 4112:5680] (1568, 1568, 1568) and write ROI [8640:9216, 576:1152, 4608:5184] (576, 576, 576)
Recording block-done for octoS0SubroiZ15683136Y78409408X1097612544Difficultsoma_pred_affs/3427 with read ROI [8144:9712, 80:1648, 5264:6832] (1568, 1568, 1568) and write ROI [8640:9216, 576:1152, 5760:6336] (576, 576, 576)
Recorded block-done for octoS0SubroiZ15683136Y78409408X1097612544Difficultsoma_pred_affs/3427 with read ROI [8144:9712, 80:1648, 5264:6832] (1568, 1568, 1568) and write ROI [8640:9216, 576:1152, 5760:6336] (576, 576, 576)
Recording block-done for octoS0SubroiZ15683136Y78409408X1097612544Difficultsoma_pred_affs/4646 with read ROI [8144:9712, 80:1648, 6992:8560] (1568, 1568, 1568) and write ROI [8640:9216, 576:1152, 7488:8064] (576, 576, 576)
Recorded block-done for octoS0SubroiZ15683136Y78409408X1097612544Difficultsoma_pred_affs/4646 with read ROI [8144:9712, 80:1648, 6992:8560] (1568, 1568, 1568) and write ROI [8640:9216, 576:1152, 7488:8064] (576, 576, 576)
Recording block-done for octoS0SubroiZ15683136Y78409408X1097612544Difficultsoma_pred_affs/7308 with read ROI [8144:9712, 656:2224, 9296:10864] (1568, 1568, 1568) and write ROI [8640:9216, 1152:1728, 9792:10368] (576, 576, 576)
Recorded block-done for octoS0SubroiZ15683136Y78409408X1097612544Difficultsoma_pred_affs/7308 with read ROI [8144:9712, 656:2224, 9296:10864] (1568, 1568, 1568) and write ROI [8640:9216, 1152:1728, 9792:10368] (576, 576, 576)
Recording block-done for octoS0SubroiZ15683136Y78409408X1097612544Difficultsoma_pred_affs/4681 with read ROI [8144:9712, 1232:2800, 5840:7408] (1568, 1568, 1568) and write ROI [8640:9216, 1728:2304, 6336:6912] (576, 576, 576)
Recorded block-done for octoS0SubroiZ15683136Y78409408X1097612544Difficultsoma_pred_affs/4681 with read ROI [8144:9712, 1232:2800, 5840:7408] (1568, 1568, 1568) and write ROI [8640:9216, 1728:2304, 6336:6912] (576, 576, 576)
Recording block-done for octoS0SubroiZ15683136Y78409408X1097612544Difficultsoma_pred_affs/6731 with read ROI [8144:9712, 1232:2800, 8144:9712] (1568, 1568, 1568) and write ROI [8640:9216, 1728:2304, 8640:9216] (576, 576, 576)
Recorded block-done for octoS0SubroiZ15683136Y78409408X1097612544Difficultsoma_pred_affs/6731 with read ROI [8144:9712, 1232:2800, 8144:9712] (1568, 1568, 1568) and write ROI [8640:9216, 1728:2304, 8640:9216] (576, 576, 576)
Recording block-done for octoS0SubroiZ15683136Y78409408X1097612544Difficultsoma_pred_affs/3481 with read ROI [8144:9712, 1808:3376, 3536:5104] (1568, 1568, 1568) and write ROI [8640:9216, 2304:2880, 4032:4608] (576, 576, 576)
Recorded block-done for octoS0SubroiZ15683136Y78409408X1097612544Difficultsoma_pred_affs/3481 with read ROI [8144:9712, 1808:3376, 3536:5104] (1568, 1568, 1568) and write ROI [8640:9216, 2304:2880, 4032:4608] (576, 576, 576)
Recording block-done for octoS0SubroiZ15683136Y78409408X1097612544Difficultsoma_pred_affs/7975 with read ROI [8144:9712, 1808:3376, 8720:10288] (1568, 1568, 1568) and write ROI [8640:9216, 2304:2880, 9216:9792] (576, 576, 576)
Recorded block-done for octoS0SubroiZ15683136Y78409408X1097612544Difficultsoma_pred_affs/7975 with read ROI [8144:9712, 1808:3376, 8720:10288] (1568, 1568, 1568) and write ROI [8640:9216, 2304:2880, 9216:9792] (576, 576, 576)
Recording block-done for octoS0SubroiZ15683136Y78409408X1097612544Difficultsoma_pred_affs/3150 with read ROI [8144:9712, 2384:3952, 2384:3952] (1568, 1568, 1568) and write ROI [8640:9216, 2880:3456, 2880:3456] (576, 576, 576)
Recorded block-done for octoS0SubroiZ15683136Y78409408X1097612544Difficultsoma_pred_affs/3150 with read ROI [8144:9712, 2384:3952, 2384:3952] (1568, 1568, 1568) and write ROI [8640:9216, 2880:3456, 2880:3456] (576, 576, 576)
Recording block-done for octoS0SubroiZ15683136Y78409408X1097612544Difficultsoma_pred_affs/2825 with read ROI [8144:9712, 2384:3952, 1808:3376] (1568, 1568, 1568) and write ROI [8640:9216, 2880:3456, 2304:2880] (576, 576, 576)
Recorded block-done for octoS0SubroiZ15683136Y78409408X1097612544Difficultsoma_pred_affs/2825 with read ROI [8144:9712, 2384:3952, 1808:3376] (1568, 1568, 1568) and write ROI [8640:9216, 2880:3456, 2304:2880] (576, 576, 576)
Recording block-done for octoS0SubroiZ15683136Y78409408X1097612544Difficultsoma_pred_affs/3501 with read ROI [8144:9712, 2384:3952, 2960:4528] (1568, 1568, 1568) and write ROI [8640:9216, 2880:3456, 3456:4032] (576, 576, 576)
Recorded block-done for octoS0SubroiZ15683136Y78409408X1097612544Difficultsoma_pred_affs/3501 with read ROI [8144:9712, 2384:3952, 2960:4528] (1568, 1568, 1568) and write ROI [8640:9216, 2880:3456, 3456:4032] (576, 576, 576)
Recording block-done for octoS0SubroiZ15683136Y78409408X1097612544Difficultsoma_pred_affs/10885 with read ROI [8144:9712, 2384:3952, 10448:12016] (1568, 1568, 1568) and write ROI [8640:9216, 2880:3456, 10944:11520] (576, 576, 576)
Recorded block-done for octoS0SubroiZ15683136Y78409408X1097612544Difficultsoma_pred_affs/10885 with read ROI [8144:9712, 2384:3952, 10448:12016] (1568, 1568, 1568) and write ROI [8640:9216, 2880:3456, 10944:11520] (576, 576, 576)
Recording block-done for octoS0SubroiZ15683136Y78409408X1097612544Difficultsoma_pred_affs/6791 with read ROI [8144:9712, 2960:4528, 6416:7984] (1568, 1568, 1568) and write ROI [8640:9216, 3456:4032, 6912:7488] (576, 576, 576)
Recorded block-done for octoS0SubroiZ15683136Y78409408X1097612544Difficultsoma_pred_affs/6791 with read ROI [8144:9712, 2960:4528, 6416:7984] (1568, 1568, 1568) and write ROI [8640:9216, 3456:4032, 6912:7488] (576, 576, 576)
Recording block-done for octoS0SubroiZ15683136Y78409408X1097612544Difficultsoma_pred_affs/11726 with read ROI [8144:9712, 2960:4528, 10448:12016] (1568, 1568, 1568) and write ROI [8640:9216, 3456:4032, 10944:11520] (576, 576, 576)
Recorded block-done for octoS0SubroiZ15683136Y78409408X1097612544Difficultsoma_pred_affs/11726 with read ROI [8144:9712, 2960:4528, 10448:12016] (1568, 1568, 1568) and write ROI [8640:9216, 3456:4032, 10944:11520] (576, 576, 576)
Recording block-done for octoS0SubroiZ15683136Y78409408X1097612544Difficultsoma_pred_affs/8682 with read ROI [8144:9712, 2960:4528, 8144:9712] (1568, 1568, 1568) and write ROI [8640:9216, 3456:4032, 8640:9216] (576, 576, 576)
Recorded block-done for octoS0SubroiZ15683136Y78409408X1097612544Difficultsoma_pred_affs/8682 with read ROI [8144:9712, 2960:4528, 8144:9712] (1568, 1568, 1568) and write ROI [8640:9216, 3456:4032, 8640:9216] (576, 576, 576)
Recording block-done for octoS0SubroiZ15683136Y78409408X1097612544Difficultsoma_pred_affs/4328 with read ROI [8144:9712, 3536:5104, 2960:4528] (1568, 1568, 1568) and write ROI [8640:9216, 4032:4608, 3456:4032] (576, 576, 576)
Recorded block-done for octoS0SubroiZ15683136Y78409408X1097612544Difficultsoma_pred_affs/4328 with read ROI [8144:9712, 3536:5104, 2960:4528] (1568, 1568, 1568) and write ROI [8640:9216, 4032:4608, 3456:4032] (576, 576, 576)
Recording block-done for octoS0SubroiZ15683136Y78409408X1097612544Difficultsoma_pred_affs/6275 with read ROI [8144:9712, 4112:5680, 4688:6256] (1568, 1568, 1568) and write ROI [8640:9216, 4608:5184, 5184:5760] (576, 576, 576)
Recorded block-done for octoS0SubroiZ15683136Y78409408X1097612544Difficultsoma_pred_affs/6275 with read ROI [8144:9712, 4112:5680, 4688:6256] (1568, 1568, 1568) and write ROI [8640:9216, 4608:5184, 5184:5760] (576, 576, 576)
Recording block-done for octoS0SubroiZ15683136Y78409408X1097612544Difficultsoma_pred_affs/6252 with read ROI [8144:9712, 3536:5104, 5264:6832] (1568, 1568, 1568) and write ROI [8640:9216, 4032:4608, 5760:6336] (576, 576, 576)
Recorded block-done for octoS0SubroiZ15683136Y78409408X1097612544Difficultsoma_pred_affs/6252 with read ROI [8144:9712, 3536:5104, 5264:6832] (1568, 1568, 1568) and write ROI [8640:9216, 4032:4608, 5760:6336] (576, 576, 576)
Recording block-done for octoS0SubroiZ15683136Y78409408X1097612544Difficultsoma_pred_affs/12609 with read ROI [8144:9712, 3536:5104, 10448:12016] (1568, 1568, 1568) and write ROI [8640:9216, 4032:4608, 10944:11520] (576, 576, 576)
Recorded block-done for octoS0SubroiZ15683136Y78409408X1097612544Difficultsoma_pred_affs/12609 with read ROI [8144:9712, 3536:5104, 10448:12016] (1568, 1568, 1568) and write ROI [8640:9216, 4032:4608, 10944:11520] (576, 576, 576)
Recording block-done for octoS0SubroiZ15683136Y78409408X1097612544Difficultsoma_pred_affs/5251 with read ROI [8144:9712, 4112:5680, 3536:5104] (1568, 1568, 1568) and write ROI [8640:9216, 4608:5184, 4032:4608] (576, 576, 576)
Recorded block-done for octoS0SubroiZ15683136Y78409408X1097612544Difficultsoma_pred_affs/5251 with read ROI [8144:9712, 4112:5680, 3536:5104] (1568, 1568, 1568) and write ROI [8640:9216, 4608:5184, 4032:4608] (576, 576, 576)
Recording block-done for octoS0SubroiZ15683136Y78409408X1097612544Difficultsoma_pred_affs/13535 with read ROI [8144:9712, 4112:5680, 10448:12016] (1568, 1568, 1568) and write ROI [8640:9216, 4608:5184, 10944:11520] (576, 576, 576)
Recorded block-done for octoS0SubroiZ15683136Y78409408X1097612544Difficultsoma_pred_affs/13535 with read ROI [8144:9712, 4112:5680, 10448:12016] (1568, 1568, 1568) and write ROI [8640:9216, 4608:5184, 10944:11520] (576, 576, 576)
Recording block-done for octoS0SubroiZ15683136Y78409408X1097612544Difficultsoma_pred_affs/5275 with read ROI [8144:9712, 4688:6256, 2960:4528] (1568, 1568, 1568) and write ROI [8640:9216, 5184:5760, 3456:4032] (576, 576, 576)
Recorded block-done for octoS0SubroiZ15683136Y78409408X1097612544Difficultsoma_pred_affs/5275 with read ROI [8144:9712, 4688:6256, 2960:4528] (1568, 1568, 1568) and write ROI [8640:9216, 5184:5760, 3456:4032] (576, 576, 576)
Recording block-done for octoS0SubroiZ15683136Y78409408X1097612544Difficultsoma_pred_affs/7455 with read ROI [8144:9712, 4688:6256, 5264:6832] (1568, 1568, 1568) and write ROI [8640:9216, 5184:5760, 5760:6336] (576, 576, 576)
Recorded block-done for octoS0SubroiZ15683136Y78409408X1097612544Difficultsoma_pred_affs/7455 with read ROI [8144:9712, 4688:6256, 5264:6832] (1568, 1568, 1568) and write ROI [8640:9216, 5184:5760, 5760:6336] (576, 576, 576)
Recording block-done for octoS0SubroiZ15683136Y78409408X1097612544Difficultsoma_pred_affs/8751 with read ROI [8144:9712, 4688:6256, 6416:7984] (1568, 1568, 1568) and write ROI [8640:9216, 5184:5760, 6912:7488] (576, 576, 576)
Recorded block-done for octoS0SubroiZ15683136Y78409408X1097612544Difficultsoma_pred_affs/8751 with read ROI [8144:9712, 4688:6256, 6416:7984] (1568, 1568, 1568) and write ROI [8640:9216, 5184:5760, 6912:7488] (576, 576, 576)
Recording block-done for octoS0SubroiZ15683136Y78409408X1097612544Difficultsoma_pred_affs/13559 with read ROI [8144:9712, 4688:6256, 9872:11440] (1568, 1568, 1568) and write ROI [8640:9216, 5184:5760, 10368:10944] (576, 576, 576)
Recorded block-done for octoS0SubroiZ15683136Y78409408X1097612544Difficultsoma_pred_affs/13559 with read ROI [8144:9712, 4688:6256, 9872:11440] (1568, 1568, 1568) and write ROI [8640:9216, 5184:5760, 10368:10944] (576, 576, 576)
Recording block-done for octoS0SubroiZ15683136Y78409408X1097612544Difficultsoma_pred_affs/10975 with read ROI [8144:9712, 4688:6256, 8144:9712] (1568, 1568, 1568) and write ROI [8640:9216, 5184:5760, 8640:9216] (576, 576, 576)
Recorded block-done for octoS0SubroiZ15683136Y78409408X1097612544Difficultsoma_pred_affs/10975 with read ROI [8144:9712, 4688:6256, 8144:9712] (1568, 1568, 1568) and write ROI [8640:9216, 5184:5760, 8640:9216] (576, 576, 576)
Recording block-done for octoS0SubroiZ15683136Y78409408X1097612544Difficultsoma_pred_affs/14530 with read ROI [8144:9712, 5264:6832, 9872:11440] (1568, 1568, 1568) and write ROI [8640:9216, 5760:6336, 10368:10944] (576, 576, 576)
Recorded block-done for octoS0SubroiZ15683136Y78409408X1097612544Difficultsoma_pred_affs/14530 with read ROI [8144:9712, 5264:6832, 9872:11440] (1568, 1568, 1568) and write ROI [8640:9216, 5760:6336, 10368:10944] (576, 576, 576)
Recording block-done for octoS0SubroiZ15683136Y78409408X1097612544Difficultsoma_pred_affs/15520 with read ROI [8144:9712, 5264:6832, 10448:12016] (1568, 1568, 1568) and write ROI [8640:9216, 5760:6336, 10944:11520] (576, 576, 576)
Recorded block-done for octoS0SubroiZ15683136Y78409408X1097612544Difficultsoma_pred_affs/15520 with read ROI [8144:9712, 5264:6832, 10448:12016] (1568, 1568, 1568) and write ROI [8640:9216, 5760:6336, 10944:11520] (576, 576, 576)
Recording block-done for octoS0SubroiZ15683136Y78409408X1097612544Difficultsoma_pred_affs/13584 with read ROI [8144:9712, 5264:6832, 9296:10864] (1568, 1568, 1568) and write ROI [8640:9216, 5760:6336, 9792:10368] (576, 576, 576)
Recorded block-done for octoS0SubroiZ15683136Y78409408X1097612544Difficultsoma_pred_affs/13584 with read ROI [8144:9712, 5264:6832, 9296:10864] (1568, 1568, 1568) and write ROI [8640:9216, 5760:6336, 9792:10368] (576, 576, 576)
Recording block-done for octoS0SubroiZ15683136Y78409408X1097612544Difficultsoma_pred_affs/4861 with read ROI [8144:9712, 5840:7408, 1232:2800] (1568, 1568, 1568) and write ROI [8640:9216, 6336:6912, 1728:2304] (576, 576, 576)
Recorded block-done for octoS0SubroiZ15683136Y78409408X1097612544Difficultsoma_pred_affs/4861 with read ROI [8144:9712, 5840:7408, 1232:2800] (1568, 1568, 1568) and write ROI [8640:9216, 6336:6912, 1728:2304] (576, 576, 576)
Recording block-done for octoS0SubroiZ15683136Y78409408X1097612544Difficultsoma_pred_affs/8802 with read ROI [8144:9712, 5840:7408, 5264:6832] (1568, 1568, 1568) and write ROI [8640:9216, 6336:6912, 5760:6336] (576, 576, 576)
Recorded block-done for octoS0SubroiZ15683136Y78409408X1097612544Difficultsoma_pred_affs/8802 with read ROI [8144:9712, 5840:7408, 5264:6832] (1568, 1568, 1568) and write ROI [8640:9216, 6336:6912, 5760:6336] (576, 576, 576)
Recording block-done for octoS0SubroiZ15683136Y78409408X1097612544Difficultsoma_pred_affs/4453 with read ROI [8144:9712, 6416:7984, 80:1648] (1568, 1568, 1568) and write ROI [8640:9216, 6912:7488, 576:1152] (576, 576, 576)
Recorded block-done for octoS0SubroiZ15683136Y78409408X1097612544Difficultsoma_pred_affs/4453 with read ROI [8144:9712, 6416:7984, 80:1648] (1568, 1568, 1568) and write ROI [8640:9216, 6912:7488, 576:1152] (576, 576, 576)
Recording block-done for octoS0SubroiZ15683136Y78409408X1097612544Difficultsoma_pred_affs/5353 with read ROI [8144:9712, 6416:7984, 1232:2800] (1568, 1568, 1568) and write ROI [8640:9216, 6912:7488, 1728:2304] (576, 576, 576)
Recorded block-done for octoS0SubroiZ15683136Y78409408X1097612544Difficultsoma_pred_affs/5353 with read ROI [8144:9712, 6416:7984, 1232:2800] (1568, 1568, 1568) and write ROI [8640:9216, 6912:7488, 1728:2304] (576, 576, 576)
Recording block-done for octoS0SubroiZ15683136Y78409408X1097612544Difficultsoma_pred_affs/5849 with read ROI [8144:9712, 6416:7984, 1808:3376] (1568, 1568, 1568) and write ROI [8640:9216, 6912:7488, 2304:2880] (576, 576, 576)
Recorded block-done for octoS0SubroiZ15683136Y78409408X1097612544Difficultsoma_pred_affs/5849 with read ROI [8144:9712, 6416:7984, 1808:3376] (1568, 1568, 1568) and write ROI [8640:9216, 6912:7488, 2304:2880] (576, 576, 576)
Recording block-done for octoS0SubroiZ15683136Y78409408X1097612544Difficultsoma_pred_affs/8829 with read ROI [8144:9712, 6416:7984, 4688:6256] (1568, 1568, 1568) and write ROI [8640:9216, 6912:7488, 5184:5760] (576, 576, 576)
Recorded block-done for octoS0SubroiZ15683136Y78409408X1097612544Difficultsoma_pred_affs/8829 with read ROI [8144:9712, 6416:7984, 4688:6256] (1568, 1568, 1568) and write ROI [8640:9216, 6912:7488, 5184:5760] (576, 576, 576)
Recording block-done for octoS0SubroiZ15683136Y78409408X1097612544Difficultsoma_pred_affs/13637 with read ROI [8144:9712, 6416:7984, 8144:9712] (1568, 1568, 1568) and write ROI [8640:9216, 6912:7488, 8640:9216] (576, 576, 576)
Recorded block-done for octoS0SubroiZ15683136Y78409408X1097612544Difficultsoma_pred_affs/13637 with read ROI [8144:9712, 6416:7984, 8144:9712] (1568, 1568, 1568) and write ROI [8640:9216, 6912:7488, 8640:9216] (576, 576, 576)
Recording block-done for octoS0SubroiZ15683136Y78409408X1097612544Difficultsoma_pred_affs/6966 with read ROI [8144:9712, 6992:8560, 2384:3952] (1568, 1568, 1568) and write ROI [8640:9216, 7488:8064, 2880:3456] (576, 576, 576)
Recorded block-done for octoS0SubroiZ15683136Y78409408X1097612544Difficultsoma_pred_affs/6966 with read ROI [8144:9712, 6992:8560, 2384:3952] (1568, 1568, 1568) and write ROI [8640:9216, 7488:8064, 2880:3456] (576, 576, 576)
Recording block-done for octoS0SubroiZ15683136Y78409408X1097612544Difficultsoma_pred_affs/8191 with read ROI [8144:9712, 6992:8560, 3536:5104] (1568, 1568, 1568) and write ROI [8640:9216, 7488:8064, 4032:4608] (576, 576, 576)
Recorded block-done for octoS0SubroiZ15683136Y78409408X1097612544Difficultsoma_pred_affs/8191 with read ROI [8144:9712, 6992:8560, 3536:5104] (1568, 1568, 1568) and write ROI [8640:9216, 7488:8064, 4032:4608] (576, 576, 576)
Recording block-done for octoS0SubroiZ15683136Y78409408X1097612544Difficultsoma_pred_affs/12762 with read ROI [8144:9712, 6992:8560, 6992:8560] (1568, 1568, 1568) and write ROI [8640:9216, 7488:8064, 7488:8064] (576, 576, 576)
Recorded block-done for octoS0SubroiZ15683136Y78409408X1097612544Difficultsoma_pred_affs/12762 with read ROI [8144:9712, 6992:8560, 6992:8560] (1568, 1568, 1568) and write ROI [8640:9216, 7488:8064, 7488:8064] (576, 576, 576)
Recording block-done for octoS0SubroiZ15683136Y78409408X1097612544Difficultsoma_pred_affs/11930 with read ROI [8144:9712, 7568:9136, 5840:7408] (1568, 1568, 1568) and write ROI [8640:9216, 8064:8640, 6336:6912] (576, 576, 576)
Recorded block-done for octoS0SubroiZ15683136Y78409408X1097612544Difficultsoma_pred_affs/11930 with read ROI [8144:9712, 7568:9136, 5840:7408] (1568, 1568, 1568) and write ROI [8640:9216, 8064:8640, 6336:6912] (576, 576, 576)
Recording block-done for octoS0SubroiZ15683136Y78409408X1097612544Difficultsoma_pred_affs/8220 with read ROI [8144:9712, 7568:9136, 2960:4528] (1568, 1568, 1568) and write ROI [8640:9216, 8064:8640, 3456:4032] (576, 576, 576)
Recorded block-done for octoS0SubroiZ15683136Y78409408X1097612544Difficultsoma_pred_affs/8220 with read ROI [8144:9712, 7568:9136, 2960:4528] (1568, 1568, 1568) and write ROI [8640:9216, 8064:8640, 3456:4032] (576, 576, 576)
Recording block-done for octoS0SubroiZ15683136Y78409408X1097612544Difficultsoma_pred_affs/10360 with read ROI [8144:9712, 8144:9712, 4112:5680] (1568, 1568, 1568) and write ROI [8640:9216, 8640:9216, 4608:5184] (576, 576, 576)
Recorded block-done for octoS0SubroiZ15683136Y78409408X1097612544Difficultsoma_pred_affs/10360 with read ROI [8144:9712, 8144:9712, 4112:5680] (1568, 1568, 1568) and write ROI [8640:9216, 8640:9216, 4608:5184] (576, 576, 576)
Recording block-done for octoS0SubroiZ15683136Y78409408X1097612544Difficultsoma_pred_affs/17776 with read ROI [8144:9712, 8144:9712, 8720:10288] (1568, 1568, 1568) and write ROI [8640:9216, 8640:9216, 9216:9792] (576, 576, 576)
Recorded block-done for octoS0SubroiZ15683136Y78409408X1097612544Difficultsoma_pred_affs/17776 with read ROI [8144:9712, 8144:9712, 8720:10288] (1568, 1568, 1568) and write ROI [8640:9216, 8640:9216, 9216:9792] (576, 576, 576)
Recording block-done for octoS0SubroiZ15683136Y78409408X1097612544Difficultsoma_pred_affs/11991 with read ROI [8144:9712, 8720:10288, 4688:6256] (1568, 1568, 1568) and write ROI [8640:9216, 9216:9792, 5184:5760] (576, 576, 576)
Recorded block-done for octoS0SubroiZ15683136Y78409408X1097612544Difficultsoma_pred_affs/11991 with read ROI [8144:9712, 8720:10288, 4688:6256] (1568, 1568, 1568) and write ROI [8640:9216, 9216:9792, 5184:5760] (576, 576, 576)
Recording block-done for octoS0SubroiZ15683136Y78409408X1097612544Difficultsoma_pred_affs/10391 with read ROI [8144:9712, 8720:10288, 3536:5104] (1568, 1568, 1568) and write ROI [8640:9216, 9216:9792, 4032:4608] (576, 576, 576)
Recorded block-done for octoS0SubroiZ15683136Y78409408X1097612544Difficultsoma_pred_affs/10391 with read ROI [8144:9712, 8720:10288, 3536:5104] (1568, 1568, 1568) and write ROI [8640:9216, 9216:9792, 4032:4608] (576, 576, 576)
Recording block-done for octoS0SubroiZ15683136Y78409408X1097612544Difficultsoma_pred_affs/14701 with read ROI [8144:9712, 8720:10288, 6416:7984] (1568, 1568, 1568) and write ROI [8640:9216, 9216:9792, 6912:7488] (576, 576, 576)
Recorded block-done for octoS0SubroiZ15683136Y78409408X1097612544Difficultsoma_pred_affs/14701 with read ROI [8144:9712, 8720:10288, 6416:7984] (1568, 1568, 1568) and write ROI [8640:9216, 9216:9792, 6912:7488] (576, 576, 576)
Recording block-done for octoS0SubroiZ15683136Y78409408X1097612544Difficultsoma_pred_affs/9619 with read ROI [8144:9712, 8144:9712, 3536:5104] (1568, 1568, 1568) and write ROI [8640:9216, 8640:9216, 4032:4608] (576, 576, 576)
Recorded block-done for octoS0SubroiZ15683136Y78409408X1097612544Difficultsoma_pred_affs/9619 with read ROI [8144:9712, 8144:9712, 3536:5104] (1568, 1568, 1568) and write ROI [8640:9216, 8640:9216, 4032:4608] (576, 576, 576)
Recording block-done for octoS0SubroiZ15683136Y78409408X1097612544Difficultsoma_pred_affs/7088 with read ROI [8144:9712, 9296:10864, 80:1648] (1568, 1568, 1568) and write ROI [8640:9216, 9792:10368, 576:1152] (576, 576, 576)
Recorded block-done for octoS0SubroiZ15683136Y78409408X1097612544Difficultsoma_pred_affs/7088 with read ROI [8144:9712, 9296:10864, 80:1648] (1568, 1568, 1568) and write ROI [8640:9216, 9792:10368, 576:1152] (576, 576, 576)
Recording block-done for octoS0SubroiZ15683136Y78409408X1097612544Difficultsoma_pred_affs/8979 with read ROI [8144:9712, 9296:10864, 1808:3376] (1568, 1568, 1568) and write ROI [8640:9216, 9792:10368, 2304:2880] (576, 576, 576)
Recorded block-done for octoS0SubroiZ15683136Y78409408X1097612544Difficultsoma_pred_affs/8979 with read ROI [8144:9712, 9296:10864, 1808:3376] (1568, 1568, 1568) and write ROI [8640:9216, 9792:10368, 2304:2880] (576, 576, 576)
Recording block-done for octoS0SubroiZ15683136Y78409408X1097612544Difficultsoma_pred_affs/15723 with read ROI [8144:9712, 9296:10864, 6416:7984] (1568, 1568, 1568) and write ROI [8640:9216, 9792:10368, 6912:7488] (576, 576, 576)
Recorded block-done for octoS0SubroiZ15683136Y78409408X1097612544Difficultsoma_pred_affs/15723 with read ROI [8144:9712, 9296:10864, 6416:7984] (1568, 1568, 1568) and write ROI [8640:9216, 9792:10368, 6912:7488] (576, 576, 576)
Recording block-done for octoS0SubroiZ15683136Y78409408X1097612544Difficultsoma_pred_affs/13787 with read ROI [8144:9712, 9296:10864, 5264:6832] (1568, 1568, 1568) and write ROI [8640:9216, 9792:10368, 5760:6336] (576, 576, 576)
Recorded block-done for octoS0SubroiZ15683136Y78409408X1097612544Difficultsoma_pred_affs/13787 with read ROI [8144:9712, 9296:10864, 5264:6832] (1568, 1568, 1568) and write ROI [8640:9216, 9792:10368, 5760:6336] (576, 576, 576)
Recording block-done for octoS0SubroiZ15683136Y78409408X1097612544Difficultsoma_pred_affs/17839 with read ROI [8144:9712, 9296:10864, 7568:9136] (1568, 1568, 1568) and write ROI [8640:9216, 9792:10368, 8064:8640] (576, 576, 576)
Recorded block-done for octoS0SubroiZ15683136Y78409408X1097612544Difficultsoma_pred_affs/17839 with read ROI [8144:9712, 9296:10864, 7568:9136] (1568, 1568, 1568) and write ROI [8640:9216, 9792:10368, 8064:8640] (576, 576, 576)
Recording block-done for octoS0SubroiZ15683136Y78409408X1097612544Difficultsoma_pred_affs/9715 with read ROI [8144:9712, 9872:11440, 1808:3376] (1568, 1568, 1568) and write ROI [8640:9216, 10368:10944, 2304:2880] (576, 576, 576)
Recorded block-done for octoS0SubroiZ15683136Y78409408X1097612544Difficultsoma_pred_affs/9715 with read ROI [8144:9712, 9872:11440, 1808:3376] (1568, 1568, 1568) and write ROI [8640:9216, 10368:10944, 2304:2880] (576, 576, 576)
Recording block-done for octoS0SubroiZ15683136Y78409408X1097612544Difficultsoma_pred_affs/21401 with read ROI [8144:9712, 9872:11440, 8720:10288] (1568, 1568, 1568) and write ROI [8640:9216, 10368:10944, 9216:9792] (576, 576, 576)
Recorded block-done for octoS0SubroiZ15683136Y78409408X1097612544Difficultsoma_pred_affs/21401 with read ROI [8144:9712, 9872:11440, 8720:10288] (1568, 1568, 1568) and write ROI [8640:9216, 10368:10944, 9216:9792] (576, 576, 576)
Recording block-done for octoS0SubroiZ15683136Y78409408X1097612544Difficultsoma_pred_affs/22676 with read ROI [8144:9712, 9872:11440, 9296:10864] (1568, 1568, 1568) and write ROI [8640:9216, 10368:10944, 9792:10368] (576, 576, 576)
Recorded block-done for octoS0SubroiZ15683136Y78409408X1097612544Difficultsoma_pred_affs/22676 with read ROI [8144:9712, 9872:11440, 9296:10864] (1568, 1568, 1568) and write ROI [8640:9216, 10368:10944, 9792:10368] (576, 576, 576)
Recording block-done for octoS0SubroiZ15683136Y78409408X1097612544Difficultsoma_pred_affs/12056 with read ROI [8144:9712, 9872:11440, 3536:5104] (1568, 1568, 1568) and write ROI [8640:9216, 10368:10944, 4032:4608] (576, 576, 576)
Recorded block-done for octoS0SubroiZ15683136Y78409408X1097612544Difficultsoma_pred_affs/12056 with read ROI [8144:9712, 9872:11440, 3536:5104] (1568, 1568, 1568) and write ROI [8640:9216, 10368:10944, 4032:4608] (576, 576, 576)
Recording block-done for octoS0SubroiZ15683136Y78409408X1097612544Difficultsoma_pred_affs/25414 with read ROI [8144:9712, 10448:12016, 9872:11440] (1568, 1568, 1568) and write ROI [8640:9216, 10944:11520, 10368:10944] (576, 576, 576)
Recorded block-done for octoS0SubroiZ15683136Y78409408X1097612544Difficultsoma_pred_affs/25414 with read ROI [8144:9712, 10448:12016, 9872:11440] (1568, 1568, 1568) and write ROI [8640:9216, 10944:11520, 10368:10944] (576, 576, 576)
Recording block-done for octoS0SubroiZ15683136Y78409408X1097612544Difficultsoma_pred_affs/24036 with read ROI [8144:9712, 10448:12016, 9296:10864] (1568, 1568, 1568) and write ROI [8640:9216, 10944:11520, 9792:10368] (576, 576, 576)
Recorded block-done for octoS0SubroiZ15683136Y78409408X1097612544Difficultsoma_pred_affs/24036 with read ROI [8144:9712, 10448:12016, 9296:10864] (1568, 1568, 1568) and write ROI [8640:9216, 10944:11520, 9792:10368] (576, 576, 576)
Recording block-done for octoS0SubroiZ15683136Y78409408X1097612544Difficultsoma_pred_affs/12090 with read ROI [8144:9712, 10448:12016, 2960:4528] (1568, 1568, 1568) and write ROI [8640:9216, 10944:11520, 3456:4032] (576, 576, 576)
Recorded block-done for octoS0SubroiZ15683136Y78409408X1097612544Difficultsoma_pred_affs/12090 with read ROI [8144:9712, 10448:12016, 2960:4528] (1568, 1568, 1568) and write ROI [8640:9216, 10944:11520, 3456:4032] (576, 576, 576)
Recording block-done for octoS0SubroiZ15683136Y78409408X1097612544Difficultsoma_pred_affs/2193 with read ROI [8720:10288, 80:1648, 2384:3952] (1568, 1568, 1568) and write ROI [9216:9792, 576:1152, 2880:3456] (576, 576, 576)
Recorded block-done for octoS0SubroiZ15683136Y78409408X1097612544Difficultsoma_pred_affs/2193 with read ROI [8720:10288, 80:1648, 2384:3952] (1568, 1568, 1568) and write ROI [9216:9792, 576:1152, 2880:3456] (576, 576, 576)
Recording block-done for octoS0SubroiZ15683136Y78409408X1097612544Difficultsoma_pred_affs/3823 with read ROI [8720:10288, 80:1648, 5264:6832] (1568, 1568, 1568) and write ROI [9216:9792, 576:1152, 5760:6336] (576, 576, 576)
Recorded block-done for octoS0SubroiZ15683136Y78409408X1097612544Difficultsoma_pred_affs/3823 with read ROI [8720:10288, 80:1648, 5264:6832] (1568, 1568, 1568) and write ROI [9216:9792, 576:1152, 5760:6336] (576, 576, 576)
Recording block-done for octoS0SubroiZ15683136Y78409408X1097612544Difficultsoma_pred_affs/1727 with read ROI [8720:10288, 656:2224, 656:2224] (1568, 1568, 1568) and write ROI [9216:9792, 1152:1728, 1152:1728] (576, 576, 576)
Recorded block-done for octoS0SubroiZ15683136Y78409408X1097612544Difficultsoma_pred_affs/1727 with read ROI [8720:10288, 656:2224, 656:2224] (1568, 1568, 1568) and write ROI [9216:9792, 1152:1728, 1152:1728] (576, 576, 576)
Recording block-done for octoS0SubroiZ15683136Y78409408X1097612544Difficultsoma_pred_affs/1958 with read ROI [8720:10288, 656:2224, 1232:2800] (1568, 1568, 1568) and write ROI [9216:9792, 1152:1728, 1728:2304] (576, 576, 576)
Recorded block-done for octoS0SubroiZ15683136Y78409408X1097612544Difficultsoma_pred_affs/1958 with read ROI [8720:10288, 656:2224, 1232:2800] (1568, 1568, 1568) and write ROI [9216:9792, 1152:1728, 1728:2304] (576, 576, 576)
Recording block-done for octoS0SubroiZ15683136Y78409408X1097612544Difficultsoma_pred_affs/7939 with read ROI [8720:10288, 80:1648, 9872:11440] (1568, 1568, 1568) and write ROI [9216:9792, 576:1152, 10368:10944] (576, 576, 576)
Recorded block-done for octoS0SubroiZ15683136Y78409408X1097612544Difficultsoma_pred_affs/7939 with read ROI [8720:10288, 80:1648, 9872:11440] (1568, 1568, 1568) and write ROI [9216:9792, 576:1152, 10368:10944] (576, 576, 576)
Recording block-done for octoS0SubroiZ15683136Y78409408X1097612544Difficultsoma_pred_affs/4682 with read ROI [8720:10288, 656:2224, 5840:7408] (1568, 1568, 1568) and write ROI [9216:9792, 1152:1728, 6336:6912] (576, 576, 576)
Recorded block-done for octoS0SubroiZ15683136Y78409408X1097612544Difficultsoma_pred_affs/4682 with read ROI [8720:10288, 656:2224, 5840:7408] (1568, 1568, 1568) and write ROI [9216:9792, 1152:1728, 6336:6912] (576, 576, 576)
Recording block-done for octoS0SubroiZ15683136Y78409408X1097612544Difficultsoma_pred_affs/2230 with read ROI [8720:10288, 1232:2800, 1232:2800] (1568, 1568, 1568) and write ROI [9216:9792, 1728:2304, 1728:2304] (576, 576, 576)
Recorded block-done for octoS0SubroiZ15683136Y78409408X1097612544Difficultsoma_pred_affs/2230 with read ROI [8720:10288, 1232:2800, 1232:2800] (1568, 1568, 1568) and write ROI [9216:9792, 1728:2304, 1728:2304] (576, 576, 576)
Recording block-done for octoS0SubroiZ15683136Y78409408X1097612544Difficultsoma_pred_affs/5643 with read ROI [8720:10288, 656:2224, 6992:8560] (1568, 1568, 1568) and write ROI [9216:9792, 1152:1728, 7488:8064] (576, 576, 576)
Recorded block-done for octoS0SubroiZ15683136Y78409408X1097612544Difficultsoma_pred_affs/5643 with read ROI [8720:10288, 656:2224, 6992:8560] (1568, 1568, 1568) and write ROI [9216:9792, 1152:1728, 7488:8064] (576, 576, 576)
Recording block-done for octoS0SubroiZ15683136Y78409408X1097612544Difficultsoma_pred_affs/7346 with read ROI [8720:10288, 1232:2800, 8144:9712] (1568, 1568, 1568) and write ROI [9216:9792, 1728:2304, 8640:9216] (576, 576, 576)
Recorded block-done for octoS0SubroiZ15683136Y78409408X1097612544Difficultsoma_pred_affs/7346 with read ROI [8720:10288, 1232:2800, 8144:9712] (1568, 1568, 1568) and write ROI [9216:9792, 1728:2304, 8640:9216] (576, 576, 576)
Recording block-done for octoS0SubroiZ15683136Y78409408X1097612544Difficultsoma_pred_affs/7976 with read ROI [8720:10288, 1232:2800, 8720:10288] (1568, 1568, 1568) and write ROI [9216:9792, 1728:2304, 9216:9792] (576, 576, 576)
Recorded block-done for octoS0SubroiZ15683136Y78409408X1097612544Difficultsoma_pred_affs/7976 with read ROI [8720:10288, 1232:2800, 8720:10288] (1568, 1568, 1568) and write ROI [9216:9792, 1728:2304, 9216:9792] (576, 576, 576)
Recording block-done for octoS0SubroiZ15683136Y78409408X1097612544Difficultsoma_pred_affs/2826 with read ROI [8720:10288, 1808:3376, 1808:3376] (1568, 1568, 1568) and write ROI [9216:9792, 2304:2880, 2304:2880] (576, 576, 576)
Recorded block-done for octoS0SubroiZ15683136Y78409408X1097612544Difficultsoma_pred_affs/2826 with read ROI [8720:10288, 1808:3376, 1808:3376] (1568, 1568, 1568) and write ROI [9216:9792, 2304:2880, 2304:2880] (576, 576, 576)
Recording block-done for octoS0SubroiZ15683136Y78409408X1097612544Difficultsoma_pred_affs/4721 with read ROI [8720:10288, 1808:3376, 4688:6256] (1568, 1568, 1568) and write ROI [9216:9792, 2304:2880, 5184:5760] (576, 576, 576)
Recorded block-done for octoS0SubroiZ15683136Y78409408X1097612544Difficultsoma_pred_affs/4721 with read ROI [8720:10288, 1808:3376, 4688:6256] (1568, 1568, 1568) and write ROI [9216:9792, 2304:2880, 5184:5760] (576, 576, 576)
Recording block-done for octoS0SubroiZ15683136Y78409408X1097612544Difficultsoma_pred_affs/2271 with read ROI [8720:10288, 2384:3952, 80:1648] (1568, 1568, 1568) and write ROI [9216:9792, 2880:3456, 576:1152] (576, 576, 576)
Recorded block-done for octoS0SubroiZ15683136Y78409408X1097612544Difficultsoma_pred_affs/2271 with read ROI [8720:10288, 2384:3952, 80:1648] (1568, 1568, 1568) and write ROI [9216:9792, 2880:3456, 576:1152] (576, 576, 576)
Recording block-done for octoS0SubroiZ15683136Y78409408X1097612544Difficultsoma_pred_affs/2847 with read ROI [8720:10288, 2384:3952, 1232:2800] (1568, 1568, 1568) and write ROI [9216:9792, 2880:3456, 1728:2304] (576, 576, 576)
Recorded block-done for octoS0SubroiZ15683136Y78409408X1097612544Difficultsoma_pred_affs/2847 with read ROI [8720:10288, 2384:3952, 1232:2800] (1568, 1568, 1568) and write ROI [9216:9792, 2880:3456, 1728:2304] (576, 576, 576)
Recording block-done for octoS0SubroiZ15683136Y78409408X1097612544Difficultsoma_pred_affs/7366 with read ROI [8720:10288, 1808:3376, 7568:9136] (1568, 1568, 1568) and write ROI [9216:9792, 2304:2880, 8064:8640] (576, 576, 576)
Recorded block-done for octoS0SubroiZ15683136Y78409408X1097612544Difficultsoma_pred_affs/7366 with read ROI [8720:10288, 1808:3376, 7568:9136] (1568, 1568, 1568) and write ROI [9216:9792, 2304:2880, 8064:8640] (576, 576, 576)
Recording block-done for octoS0SubroiZ15683136Y78409408X1097612544Difficultsoma_pred_affs/10907 with read ROI [8720:10288, 2384:3952, 9872:11440] (1568, 1568, 1568) and write ROI [9216:9792, 2880:3456, 10368:10944] (576, 576, 576)
Recorded block-done for octoS0SubroiZ15683136Y78409408X1097612544Difficultsoma_pred_affs/10907 with read ROI [8720:10288, 2384:3952, 9872:11440] (1568, 1568, 1568) and write ROI [9216:9792, 2880:3456, 10368:10944] (576, 576, 576)
Recording block-done for octoS0SubroiZ15683136Y78409408X1097612544Difficultsoma_pred_affs/8017 with read ROI [8720:10288, 2384:3952, 7568:9136] (1568, 1568, 1568) and write ROI [9216:9792, 2880:3456, 8064:8640] (576, 576, 576)
Recorded block-done for octoS0SubroiZ15683136Y78409408X1097612544Difficultsoma_pred_affs/8017 with read ROI [8720:10288, 2384:3952, 7568:9136] (1568, 1568, 1568) and write ROI [9216:9792, 2880:3456, 8064:8640] (576, 576, 576)
Recording block-done for octoS0SubroiZ15683136Y78409408X1097612544Difficultsoma_pred_affs/6814 with read ROI [8720:10288, 2960:4528, 5840:7408] (1568, 1568, 1568) and write ROI [9216:9792, 3456:4032, 6336:6912] (576, 576, 576)
Recorded block-done for octoS0SubroiZ15683136Y78409408X1097612544Difficultsoma_pred_affs/6814 with read ROI [8720:10288, 2960:4528, 5840:7408] (1568, 1568, 1568) and write ROI [9216:9792, 3456:4032, 6336:6912] (576, 576, 576)
Recording block-done for octoS0SubroiZ15683136Y78409408X1097612544Difficultsoma_pred_affs/2569 with read ROI [8720:10288, 2960:4528, 80:1648] (1568, 1568, 1568) and write ROI [9216:9792, 3456:4032, 576:1152] (576, 576, 576)
Recorded block-done for octoS0SubroiZ15683136Y78409408X1097612544Difficultsoma_pred_affs/2569 with read ROI [8720:10288, 2960:4528, 80:1648] (1568, 1568, 1568) and write ROI [9216:9792, 3456:4032, 576:1152] (576, 576, 576)
Recording block-done for octoS0SubroiZ15683136Y78409408X1097612544Difficultsoma_pred_affs/4764 with read ROI [8720:10288, 2960:4528, 3536:5104] (1568, 1568, 1568) and write ROI [9216:9792, 3456:4032, 4032:4608] (576, 576, 576)
Recorded block-done for octoS0SubroiZ15683136Y78409408X1097612544Difficultsoma_pred_affs/4764 with read ROI [8720:10288, 2960:4528, 3536:5104] (1568, 1568, 1568) and write ROI [9216:9792, 3456:4032, 4032:4608] (576, 576, 576)
Recording block-done for octoS0SubroiZ15683136Y78409408X1097612544Difficultsoma_pred_affs/3568 with read ROI [8720:10288, 3536:5104, 1232:2800] (1568, 1568, 1568) and write ROI [9216:9792, 4032:4608, 1728:2304] (576, 576, 576)
Recorded block-done for octoS0SubroiZ15683136Y78409408X1097612544Difficultsoma_pred_affs/3568 with read ROI [8720:10288, 3536:5104, 1232:2800] (1568, 1568, 1568) and write ROI [9216:9792, 4032:4608, 1728:2304] (576, 576, 576)
Recording block-done for octoS0SubroiZ15683136Y78409408X1097612544Difficultsoma_pred_affs/6276 with read ROI [8720:10288, 3536:5104, 4688:6256] (1568, 1568, 1568) and write ROI [9216:9792, 4032:4608, 5184:5760] (576, 576, 576)
Recorded block-done for octoS0SubroiZ15683136Y78409408X1097612544Difficultsoma_pred_affs/6276 with read ROI [8720:10288, 3536:5104, 4688:6256] (1568, 1568, 1568) and write ROI [9216:9792, 4032:4608, 5184:5760] (576, 576, 576)
Recording block-done for octoS0SubroiZ15683136Y78409408X1097612544Difficultsoma_pred_affs/13536 with read ROI [8720:10288, 3536:5104, 10448:12016] (1568, 1568, 1568) and write ROI [9216:9792, 4032:4608, 10944:11520] (576, 576, 576)
Recorded block-done for octoS0SubroiZ15683136Y78409408X1097612544Difficultsoma_pred_affs/13536 with read ROI [8720:10288, 3536:5104, 10448:12016] (1568, 1568, 1568) and write ROI [9216:9792, 4032:4608, 10944:11520] (576, 576, 576)
Recording block-done for octoS0SubroiZ15683136Y78409408X1097612544Difficultsoma_pred_affs/5252 with read ROI [8720:10288, 3536:5104, 3536:5104] (1568, 1568, 1568) and write ROI [9216:9792, 4032:4608, 4032:4608] (576, 576, 576)
Recorded block-done for octoS0SubroiZ15683136Y78409408X1097612544Difficultsoma_pred_affs/5252 with read ROI [8720:10288, 3536:5104, 3536:5104] (1568, 1568, 1568) and write ROI [9216:9792, 4032:4608, 4032:4608] (576, 576, 576)
Recording block-done for octoS0SubroiZ15683136Y78409408X1097612544Difficultsoma_pred_affs/8728 with read ROI [8720:10288, 3536:5104, 6992:8560] (1568, 1568, 1568) and write ROI [9216:9792, 4032:4608, 7488:8064] (576, 576, 576)
Recorded block-done for octoS0SubroiZ15683136Y78409408X1097612544Difficultsoma_pred_affs/8728 with read ROI [8720:10288, 3536:5104, 6992:8560] (1568, 1568, 1568) and write ROI [9216:9792, 4032:4608, 7488:8064] (576, 576, 576)
Recording block-done for octoS0SubroiZ15683136Y78409408X1097612544Difficultsoma_pred_affs/5772 with read ROI [8720:10288, 4112:5680, 3536:5104] (1568, 1568, 1568) and write ROI [9216:9792, 4608:5184, 4032:4608] (576, 576, 576)
Recorded block-done for octoS0SubroiZ15683136Y78409408X1097612544Difficultsoma_pred_affs/5772 with read ROI [8720:10288, 4112:5680, 3536:5104] (1568, 1568, 1568) and write ROI [9216:9792, 4608:5184, 4032:4608] (576, 576, 576)
Recording block-done for octoS0SubroiZ15683136Y78409408X1097612544Difficultsoma_pred_affs/10196 with read ROI [8720:10288, 4112:5680, 7568:9136] (1568, 1568, 1568) and write ROI [9216:9792, 4608:5184, 8064:8640] (576, 576, 576)
Recorded block-done for octoS0SubroiZ15683136Y78409408X1097612544Difficultsoma_pred_affs/10196 with read ROI [8720:10288, 4112:5680, 7568:9136] (1568, 1568, 1568) and write ROI [9216:9792, 4608:5184, 8064:8640] (576, 576, 576)
Recording block-done for octoS0SubroiZ15683136Y78409408X1097612544Difficultsoma_pred_affs/5797 with read ROI [8720:10288, 4688:6256, 2960:4528] (1568, 1568, 1568) and write ROI [9216:9792, 5184:5760, 3456:4032] (576, 576, 576)
Recorded block-done for octoS0SubroiZ15683136Y78409408X1097612544Difficultsoma_pred_affs/5797 with read ROI [8720:10288, 4688:6256, 2960:4528] (1568, 1568, 1568) and write ROI [9216:9792, 5184:5760, 3456:4032] (576, 576, 576)
Recording block-done for octoS0SubroiZ15683136Y78409408X1097612544Difficultsoma_pred_affs/7481 with read ROI [8720:10288, 4688:6256, 4688:6256] (1568, 1568, 1568) and write ROI [9216:9792, 5184:5760, 5184:5760] (576, 576, 576)
Recorded block-done for octoS0SubroiZ15683136Y78409408X1097612544Difficultsoma_pred_affs/7481 with read ROI [8720:10288, 4688:6256, 4688:6256] (1568, 1568, 1568) and write ROI [9216:9792, 5184:5760, 5184:5760] (576, 576, 576)
Recording block-done for octoS0SubroiZ15683136Y78409408X1097612544Difficultsoma_pred_affs/10221 with read ROI [8720:10288, 4688:6256, 6992:8560] (1568, 1568, 1568) and write ROI [9216:9792, 5184:5760, 7488:8064] (576, 576, 576)
Recorded block-done for octoS0SubroiZ15683136Y78409408X1097612544Difficultsoma_pred_affs/10221 with read ROI [8720:10288, 4688:6256, 6992:8560] (1568, 1568, 1568) and write ROI [9216:9792, 5184:5760, 7488:8064] (576, 576, 576)
Recording block-done for octoS0SubroiZ15683136Y78409408X1097612544Difficultsoma_pred_affs/13585 with read ROI [8720:10288, 4688:6256, 9296:10864] (1568, 1568, 1568) and write ROI [9216:9792, 5184:5760, 9792:10368] (576, 576, 576)
Recorded block-done for octoS0SubroiZ15683136Y78409408X1097612544Difficultsoma_pred_affs/13585 with read ROI [8720:10288, 4688:6256, 9296:10864] (1568, 1568, 1568) and write ROI [9216:9792, 5184:5760, 9792:10368] (576, 576, 576)
Recording block-done for octoS0SubroiZ15683136Y78409408X1097612544Difficultsoma_pred_affs/5327 with read ROI [8720:10288, 5264:6832, 1808:3376] (1568, 1568, 1568) and write ROI [9216:9792, 5760:6336, 2304:2880] (576, 576, 576)
Recorded block-done for octoS0SubroiZ15683136Y78409408X1097612544Difficultsoma_pred_affs/5327 with read ROI [8720:10288, 5264:6832, 1808:3376] (1568, 1568, 1568) and write ROI [9216:9792, 5760:6336, 2304:2880] (576, 576, 576)
Recording block-done for octoS0SubroiZ15683136Y78409408X1097612544Difficultsoma_pred_affs/16582 with read ROI [8720:10288, 5264:6832, 10448:12016] (1568, 1568, 1568) and write ROI [9216:9792, 5760:6336, 10944:11520] (576, 576, 576)
Recorded block-done for octoS0SubroiZ15683136Y78409408X1097612544Difficultsoma_pred_affs/16582 with read ROI [8720:10288, 5264:6832, 10448:12016] (1568, 1568, 1568) and write ROI [9216:9792, 5760:6336, 10944:11520] (576, 576, 576)
Recording block-done for octoS0SubroiZ15683136Y78409408X1097612544Difficultsoma_pred_affs/6378 with read ROI [8720:10288, 5840:7408, 2384:3952] (1568, 1568, 1568) and write ROI [9216:9792, 6336:6912, 2880:3456] (576, 576, 576)
Recorded block-done for octoS0SubroiZ15683136Y78409408X1097612544Difficultsoma_pred_affs/6378 with read ROI [8720:10288, 5840:7408, 2384:3952] (1568, 1568, 1568) and write ROI [9216:9792, 6336:6912, 2880:3456] (576, 576, 576)
Recording block-done for octoS0SubroiZ15683136Y78409408X1097612544Difficultsoma_pred_affs/8830 with read ROI [8720:10288, 5840:7408, 4688:6256] (1568, 1568, 1568) and write ROI [9216:9792, 6336:6912, 5184:5760] (576, 576, 576)
Recorded block-done for octoS0SubroiZ15683136Y78409408X1097612544Difficultsoma_pred_affs/8830 with read ROI [8720:10288, 5840:7408, 4688:6256] (1568, 1568, 1568) and write ROI [9216:9792, 6336:6912, 5184:5760] (576, 576, 576)
Recording block-done for octoS0SubroiZ15683136Y78409408X1097612544Difficultsoma_pred_affs/11027 with read ROI [8720:10288, 5264:6832, 6992:8560] (1568, 1568, 1568) and write ROI [9216:9792, 5760:6336, 7488:8064] (576, 576, 576)
Recorded block-done for octoS0SubroiZ15683136Y78409408X1097612544Difficultsoma_pred_affs/11027 with read ROI [8720:10288, 5264:6832, 6992:8560] (1568, 1568, 1568) and write ROI [9216:9792, 5760:6336, 7488:8064] (576, 576, 576)
Recording block-done for octoS0SubroiZ15683136Y78409408X1097612544Difficultsoma_pred_affs/11847 with read ROI [8720:10288, 5264:6832, 7568:9136] (1568, 1568, 1568) and write ROI [9216:9792, 5760:6336, 8064:8640] (576, 576, 576)
Recorded block-done for octoS0SubroiZ15683136Y78409408X1097612544Difficultsoma_pred_affs/11847 with read ROI [8720:10288, 5264:6832, 7568:9136] (1568, 1568, 1568) and write ROI [9216:9792, 5760:6336, 8064:8640] (576, 576, 576)
Recording block-done for octoS0SubroiZ15683136Y78409408X1097612544Difficultsoma_pred_affs/6406 with read ROI [8720:10288, 6416:7984, 1808:3376] (1568, 1568, 1568) and write ROI [9216:9792, 6912:7488, 2304:2880] (576, 576, 576)
Recorded block-done for octoS0SubroiZ15683136Y78409408X1097612544Difficultsoma_pred_affs/6406 with read ROI [8720:10288, 6416:7984, 1808:3376] (1568, 1568, 1568) and write ROI [9216:9792, 6912:7488, 2304:2880] (576, 576, 576)
Recording block-done for octoS0SubroiZ15683136Y78409408X1097612544Difficultsoma_pred_affs/8192 with read ROI [8720:10288, 6416:7984, 3536:5104] (1568, 1568, 1568) and write ROI [9216:9792, 6912:7488, 4032:4608] (576, 576, 576)
Recorded block-done for octoS0SubroiZ15683136Y78409408X1097612544Difficultsoma_pred_affs/8192 with read ROI [8720:10288, 6416:7984, 3536:5104] (1568, 1568, 1568) and write ROI [9216:9792, 6912:7488, 4032:4608] (576, 576, 576)
Recording block-done for octoS0SubroiZ15683136Y78409408X1097612544Difficultsoma_pred_affs/6435 with read ROI [8720:10288, 6992:8560, 1232:2800] (1568, 1568, 1568) and write ROI [9216:9792, 7488:8064, 1728:2304] (576, 576, 576)
Recorded block-done for octoS0SubroiZ15683136Y78409408X1097612544Difficultsoma_pred_affs/6435 with read ROI [8720:10288, 6992:8560, 1232:2800] (1568, 1568, 1568) and write ROI [9216:9792, 7488:8064, 1728:2304] (576, 576, 576)
Recording block-done for octoS0SubroiZ15683136Y78409408X1097612544Difficultsoma_pred_affs/17747 with read ROI [8720:10288, 6992:8560, 9296:10864] (1568, 1568, 1568) and write ROI [9216:9792, 7488:8064, 9792:10368] (576, 576, 576)
Recorded block-done for octoS0SubroiZ15683136Y78409408X1097612544Difficultsoma_pred_affs/17747 with read ROI [8720:10288, 6992:8560, 9296:10864] (1568, 1568, 1568) and write ROI [9216:9792, 7488:8064, 9792:10368] (576, 576, 576)
Recording block-done for octoS0SubroiZ15683136Y78409408X1097612544Difficultsoma_pred_affs/18875 with read ROI [8720:10288, 6992:8560, 9872:11440] (1568, 1568, 1568) and write ROI [9216:9792, 7488:8064, 10368:10944] (576, 576, 576)
Recorded block-done for octoS0SubroiZ15683136Y78409408X1097612544Difficultsoma_pred_affs/18875 with read ROI [8720:10288, 6992:8560, 9872:11440] (1568, 1568, 1568) and write ROI [9216:9792, 7488:8064, 10368:10944] (576, 576, 576)
Recording block-done for octoS0SubroiZ15683136Y78409408X1097612544Difficultsoma_pred_affs/13695 with read ROI [8720:10288, 6992:8560, 6992:8560] (1568, 1568, 1568) and write ROI [9216:9792, 7488:8064, 7488:8064] (576, 576, 576)
Recorded block-done for octoS0SubroiZ15683136Y78409408X1097612544Difficultsoma_pred_affs/13695 with read ROI [8720:10288, 6992:8560, 6992:8560] (1568, 1568, 1568) and write ROI [9216:9792, 7488:8064, 7488:8064] (576, 576, 576)
Recording block-done for octoS0SubroiZ15683136Y78409408X1097612544Difficultsoma_pred_affs/13725 with read ROI [8720:10288, 7568:9136, 6416:7984] (1568, 1568, 1568) and write ROI [9216:9792, 8064:8640, 6912:7488] (576, 576, 576)
Recorded block-done for octoS0SubroiZ15683136Y78409408X1097612544Difficultsoma_pred_affs/13725 with read ROI [8720:10288, 7568:9136, 6416:7984] (1568, 1568, 1568) and write ROI [9216:9792, 8064:8640, 6912:7488] (576, 576, 576)
Recording block-done for octoS0SubroiZ15683136Y78409408X1097612544Difficultsoma_pred_affs/12822 with read ROI [8720:10288, 7568:9136, 5840:7408] (1568, 1568, 1568) and write ROI [9216:9792, 8064:8640, 6336:6912] (576, 576, 576)
Recorded block-done for octoS0SubroiZ15683136Y78409408X1097612544Difficultsoma_pred_affs/12822 with read ROI [8720:10288, 7568:9136, 5840:7408] (1568, 1568, 1568) and write ROI [9216:9792, 8064:8640, 6336:6912] (576, 576, 576)
Recording block-done for octoS0SubroiZ15683136Y78409408X1097612544Difficultsoma_pred_affs/20081 with read ROI [8720:10288, 7568:9136, 9872:11440] (1568, 1568, 1568) and write ROI [9216:9792, 8064:8640, 10368:10944] (576, 576, 576)
Recorded block-done for octoS0SubroiZ15683136Y78409408X1097612544Difficultsoma_pred_affs/20081 with read ROI [8720:10288, 7568:9136, 9872:11440] (1568, 1568, 1568) and write ROI [9216:9792, 8064:8640, 10368:10944] (576, 576, 576)
Recording block-done for octoS0SubroiZ15683136Y78409408X1097612544Difficultsoma_pred_affs/7057 with read ROI [8720:10288, 8144:9712, 656:2224] (1568, 1568, 1568) and write ROI [9216:9792, 8640:9216, 1152:1728] (576, 576, 576)
Recorded block-done for octoS0SubroiZ15683136Y78409408X1097612544Difficultsoma_pred_affs/7057 with read ROI [8720:10288, 8144:9712, 656:2224] (1568, 1568, 1568) and write ROI [9216:9792, 8640:9216, 1152:1728] (576, 576, 576)
Recording block-done for octoS0SubroiZ15683136Y78409408X1097612544Difficultsoma_pred_affs/22612 with read ROI [8720:10288, 8144:9712, 10448:12016] (1568, 1568, 1568) and write ROI [9216:9792, 8640:9216, 10944:11520] (576, 576, 576)
Recorded block-done for octoS0SubroiZ15683136Y78409408X1097612544Difficultsoma_pred_affs/22612 with read ROI [8720:10288, 8144:9712, 10448:12016] (1568, 1568, 1568) and write ROI [9216:9792, 8640:9216, 10944:11520] (576, 576, 576)
Recording block-done for octoS0SubroiZ15683136Y78409408X1097612544Difficultsoma_pred_affs/21337 with read ROI [8720:10288, 8144:9712, 9872:11440] (1568, 1568, 1568) and write ROI [9216:9792, 8640:9216, 10368:10944] (576, 576, 576)
Recorded block-done for octoS0SubroiZ15683136Y78409408X1097612544Difficultsoma_pred_affs/21337 with read ROI [8720:10288, 8144:9712, 9872:11440] (1568, 1568, 1568) and write ROI [9216:9792, 8640:9216, 10368:10944] (576, 576, 576)
Recording block-done for octoS0SubroiZ15683136Y78409408X1097612544Difficultsoma_pred_affs/8314 with read ROI [8720:10288, 8720:10288, 1232:2800] (1568, 1568, 1568) and write ROI [9216:9792, 9216:9792, 1728:2304] (576, 576, 576)
Recording block-done for octoS0SubroiZ15683136Y78409408X1097612544Difficultsoma_pred_affs/9683 with read ROI [8720:10288, 8720:10288, 2384:3952] (1568, 1568, 1568) and write ROI [9216:9792, 9216:9792, 2880:3456] (576, 576, 576)
Recorded block-done for octoS0SubroiZ15683136Y78409408X1097612544Difficultsoma_pred_affs/8314 with read ROI [8720:10288, 8720:10288, 1232:2800] (1568, 1568, 1568) and write ROI [9216:9792, 9216:9792, 1728:2304] (576, 576, 576)
Recorded block-done for octoS0SubroiZ15683136Y78409408X1097612544Difficultsoma_pred_affs/9683 with read ROI [8720:10288, 8720:10288, 2384:3952] (1568, 1568, 1568) and write ROI [9216:9792, 9216:9792, 2880:3456] (576, 576, 576)
Recording block-done for octoS0SubroiZ15683136Y78409408X1097612544Difficultsoma_pred_affs/10457 with read ROI [8720:10288, 9296:10864, 2384:3952] (1568, 1568, 1568) and write ROI [9216:9792, 9792:10368, 2880:3456] (576, 576, 576)
Recorded block-done for octoS0SubroiZ15683136Y78409408X1097612544Difficultsoma_pred_affs/10457 with read ROI [8720:10288, 9296:10864, 2384:3952] (1568, 1568, 1568) and write ROI [9216:9792, 9792:10368, 2880:3456] (576, 576, 576)
Recording block-done for octoS0SubroiZ15683136Y78409408X1097612544Difficultsoma_pred_affs/9716 with read ROI [8720:10288, 9296:10864, 1808:3376] (1568, 1568, 1568) and write ROI [9216:9792, 9792:10368, 2304:2880] (576, 576, 576)
Recorded block-done for octoS0SubroiZ15683136Y78409408X1097612544Difficultsoma_pred_affs/9716 with read ROI [8720:10288, 9296:10864, 1808:3376] (1568, 1568, 1568) and write ROI [9216:9792, 9792:10368, 2304:2880] (576, 576, 576)
Recording block-done for octoS0SubroiZ15683136Y78409408X1097612544Difficultsoma_pred_affs/11237 with read ROI [8720:10288, 9296:10864, 2960:4528] (1568, 1568, 1568) and write ROI [9216:9792, 9792:10368, 3456:4032] (576, 576, 576)
Recorded block-done for octoS0SubroiZ15683136Y78409408X1097612544Difficultsoma_pred_affs/11237 with read ROI [8720:10288, 9296:10864, 2960:4528] (1568, 1568, 1568) and write ROI [9216:9792, 9792:10368, 3456:4032] (576, 576, 576)
Recording block-done for octoS0SubroiZ15683136Y78409408X1097612544Difficultsoma_pred_affs/15757 with read ROI [8720:10288, 9296:10864, 5840:7408] (1568, 1568, 1568) and write ROI [9216:9792, 9792:10368, 6336:6912] (576, 576, 576)
Recorded block-done for octoS0SubroiZ15683136Y78409408X1097612544Difficultsoma_pred_affs/15757 with read ROI [8720:10288, 9296:10864, 5840:7408] (1568, 1568, 1568) and write ROI [9216:9792, 9792:10368, 6336:6912] (576, 576, 576)
Recording block-done for octoS0SubroiZ15683136Y78409408X1097612544Difficultsoma_pred_affs/16792 with read ROI [8720:10288, 9296:10864, 6416:7984] (1568, 1568, 1568) and write ROI [9216:9792, 9792:10368, 6912:7488] (576, 576, 576)
Recorded block-done for octoS0SubroiZ15683136Y78409408X1097612544Difficultsoma_pred_affs/16792 with read ROI [8720:10288, 9296:10864, 6416:7984] (1568, 1568, 1568) and write ROI [9216:9792, 9792:10368, 6912:7488] (576, 576, 576)
Recording block-done for octoS0SubroiZ15683136Y78409408X1097612544Difficultsoma_pred_affs/15791 with read ROI [8720:10288, 9872:11440, 5264:6832] (1568, 1568, 1568) and write ROI [9216:9792, 10368:10944, 5760:6336] (576, 576, 576)
Recorded block-done for octoS0SubroiZ15683136Y78409408X1097612544Difficultsoma_pred_affs/15791 with read ROI [8720:10288, 9872:11440, 5264:6832] (1568, 1568, 1568) and write ROI [9216:9792, 10368:10944, 5760:6336] (576, 576, 576)
Recording block-done for octoS0SubroiZ15683136Y78409408X1097612544Difficultsoma_pred_affs/16826 with read ROI [8720:10288, 9872:11440, 5840:7408] (1568, 1568, 1568) and write ROI [9216:9792, 10368:10944, 6336:6912] (576, 576, 576)
Recorded block-done for octoS0SubroiZ15683136Y78409408X1097612544Difficultsoma_pred_affs/16826 with read ROI [8720:10288, 9872:11440, 5840:7408] (1568, 1568, 1568) and write ROI [9216:9792, 10368:10944, 6336:6912] (576, 576, 576)
Recording block-done for octoS0SubroiZ15683136Y78409408X1097612544Difficultsoma_pred_affs/17907 with read ROI [8720:10288, 9872:11440, 6416:7984] (1568, 1568, 1568) and write ROI [9216:9792, 10368:10944, 6912:7488] (576, 576, 576)
Recorded block-done for octoS0SubroiZ15683136Y78409408X1097612544Difficultsoma_pred_affs/17907 with read ROI [8720:10288, 9872:11440, 6416:7984] (1568, 1568, 1568) and write ROI [9216:9792, 10368:10944, 6912:7488] (576, 576, 576)
Recording block-done for octoS0SubroiZ15683136Y78409408X1097612544Difficultsoma_pred_affs/12126 with read ROI [8720:10288, 10448:12016, 2384:3952] (1568, 1568, 1568) and write ROI [9216:9792, 10944:11520, 2880:3456] (576, 576, 576)
Recorded block-done for octoS0SubroiZ15683136Y78409408X1097612544Difficultsoma_pred_affs/12126 with read ROI [8720:10288, 10448:12016, 2384:3952] (1568, 1568, 1568) and write ROI [9216:9792, 10944:11520, 2880:3456] (576, 576, 576)
Recording block-done for octoS0SubroiZ15683136Y78409408X1097612544Difficultsoma_pred_affs/11306 with read ROI [8720:10288, 10448:12016, 1808:3376] (1568, 1568, 1568) and write ROI [9216:9792, 10944:11520, 2304:2880] (576, 576, 576)
Recorded block-done for octoS0SubroiZ15683136Y78409408X1097612544Difficultsoma_pred_affs/11306 with read ROI [8720:10288, 10448:12016, 1808:3376] (1568, 1568, 1568) and write ROI [9216:9792, 10944:11520, 2304:2880] (576, 576, 576)
Recording block-done for octoS0SubroiZ15683136Y78409408X1097612544Difficultsoma_pred_affs/24072 with read ROI [8720:10288, 10448:12016, 8720:10288] (1568, 1568, 1568) and write ROI [9216:9792, 10944:11520, 9216:9792] (576, 576, 576)
Recorded block-done for octoS0SubroiZ15683136Y78409408X1097612544Difficultsoma_pred_affs/24072 with read ROI [8720:10288, 10448:12016, 8720:10288] (1568, 1568, 1568) and write ROI [9216:9792, 10944:11520, 9216:9792] (576, 576, 576)
Recording block-done for octoS0SubroiZ15683136Y78409408X1097612544Difficultsoma_pred_affs/26881 with read ROI [8720:10288, 10448:12016, 9872:11440] (1568, 1568, 1568) and write ROI [9216:9792, 10944:11520, 10368:10944] (576, 576, 576)
Recorded block-done for octoS0SubroiZ15683136Y78409408X1097612544Difficultsoma_pred_affs/26881 with read ROI [8720:10288, 10448:12016, 9872:11440] (1568, 1568, 1568) and write ROI [9216:9792, 10944:11520, 10368:10944] (576, 576, 576)
Recording block-done for octoS0SubroiZ15683136Y78409408X1097612544Difficultsoma_pred_affs/20246 with read ROI [8720:10288, 10448:12016, 6992:8560] (1568, 1568, 1568) and write ROI [9216:9792, 10944:11520, 7488:8064] (576, 576, 576)
Recorded block-done for octoS0SubroiZ15683136Y78409408X1097612544Difficultsoma_pred_affs/20246 with read ROI [8720:10288, 10448:12016, 6992:8560] (1568, 1568, 1568) and write ROI [9216:9792, 10944:11520, 7488:8064] (576, 576, 576)
Recording block-done for octoS0SubroiZ15683136Y78409408X1097612544Difficultsoma_pred_affs/1978 with read ROI [9296:10864, 656:2224, 656:2224] (1568, 1568, 1568) and write ROI [9792:10368, 1152:1728, 1152:1728] (576, 576, 576)
Recorded block-done for octoS0SubroiZ15683136Y78409408X1097612544Difficultsoma_pred_affs/1978 with read ROI [9296:10864, 656:2224, 656:2224] (1568, 1568, 1568) and write ROI [9792:10368, 1152:1728, 1152:1728] (576, 576, 576)
Recording block-done for octoS0SubroiZ15683136Y78409408X1097612544Difficultsoma_pred_affs/4248 with read ROI [9296:10864, 80:1648, 5264:6832] (1568, 1568, 1568) and write ROI [9792:10368, 576:1152, 5760:6336] (576, 576, 576)
Recorded block-done for octoS0SubroiZ15683136Y78409408X1097612544Difficultsoma_pred_affs/4248 with read ROI [9296:10864, 80:1648, 5264:6832] (1568, 1568, 1568) and write ROI [9792:10368, 576:1152, 5760:6336] (576, 576, 576)
Recording block-done for octoS0SubroiZ15683136Y78409408X1097612544Difficultsoma_pred_affs/7958 with read ROI [9296:10864, 80:1648, 9296:10864] (1568, 1568, 1568) and write ROI [9792:10368, 576:1152, 9792:10368] (576, 576, 576)
Recorded block-done for octoS0SubroiZ15683136Y78409408X1097612544Difficultsoma_pred_affs/7958 with read ROI [9296:10864, 80:1648, 9296:10864] (1568, 1568, 1568) and write ROI [9792:10368, 576:1152, 9792:10368] (576, 576, 576)
Recording block-done for octoS0SubroiZ15683136Y78409408X1097612544Difficultsoma_pred_affs/8624 with read ROI [9296:10864, 80:1648, 9872:11440] (1568, 1568, 1568) and write ROI [9792:10368, 576:1152, 10368:10944] (576, 576, 576)
Recorded block-done for octoS0SubroiZ15683136Y78409408X1097612544Difficultsoma_pred_affs/8624 with read ROI [9296:10864, 80:1648, 9872:11440] (1568, 1568, 1568) and write ROI [9792:10368, 576:1152, 10368:10944] (576, 576, 576)
Recording block-done for octoS0SubroiZ15683136Y78409408X1097612544Difficultsoma_pred_affs/3861 with read ROI [9296:10864, 656:2224, 4112:5680] (1568, 1568, 1568) and write ROI [9792:10368, 1152:1728, 4608:5184] (576, 576, 576)
Recorded block-done for octoS0SubroiZ15683136Y78409408X1097612544Difficultsoma_pred_affs/3861 with read ROI [9296:10864, 656:2224, 4112:5680] (1568, 1568, 1568) and write ROI [9792:10368, 1152:1728, 4608:5184] (576, 576, 576)
Recording block-done for octoS0SubroiZ15683136Y78409408X1097612544Difficultsoma_pred_affs/4287 with read ROI [9296:10864, 1232:2800, 4112:5680] (1568, 1568, 1568) and write ROI [9792:10368, 1728:2304, 4608:5184] (576, 576, 576)
Recorded block-done for octoS0SubroiZ15683136Y78409408X1097612544Difficultsoma_pred_affs/4287 with read ROI [9296:10864, 1232:2800, 4112:5680] (1568, 1568, 1568) and write ROI [9792:10368, 1728:2304, 4608:5184] (576, 576, 576)
Recording block-done for octoS0SubroiZ15683136Y78409408X1097612544Difficultsoma_pred_affs/5187 with read ROI [9296:10864, 1232:2800, 5264:6832] (1568, 1568, 1568) and write ROI [9792:10368, 1728:2304, 5760:6336] (576, 576, 576)
Recorded block-done for octoS0SubroiZ15683136Y78409408X1097612544Difficultsoma_pred_affs/5187 with read ROI [9296:10864, 1232:2800, 5264:6832] (1568, 1568, 1568) and write ROI [9792:10368, 1728:2304, 5760:6336] (576, 576, 576)
Recording block-done for octoS0SubroiZ15683136Y78409408X1097612544Difficultsoma_pred_affs/7977 with read ROI [9296:10864, 656:2224, 8720:10288] (1568, 1568, 1568) and write ROI [9792:10368, 1152:1728, 9216:9792] (576, 576, 576)
Recorded block-done for octoS0SubroiZ15683136Y78409408X1097612544Difficultsoma_pred_affs/7977 with read ROI [9296:10864, 656:2224, 8720:10288] (1568, 1568, 1568) and write ROI [9792:10368, 1152:1728, 9216:9792] (576, 576, 576)
Recording block-done for octoS0SubroiZ15683136Y78409408X1097612544Difficultsoma_pred_affs/2527 with read ROI [9296:10864, 1232:2800, 1232:2800] (1568, 1568, 1568) and write ROI [9792:10368, 1728:2304, 1728:2304] (576, 576, 576)
Recorded block-done for octoS0SubroiZ15683136Y78409408X1097612544Difficultsoma_pred_affs/2527 with read ROI [9296:10864, 1232:2800, 1232:2800] (1568, 1568, 1568) and write ROI [9792:10368, 1728:2304, 1728:2304] (576, 576, 576)
Recording block-done for octoS0SubroiZ15683136Y78409408X1097612544Difficultsoma_pred_affs/6772 with read ROI [9296:10864, 1232:2800, 6992:8560] (1568, 1568, 1568) and write ROI [9792:10368, 1728:2304, 7488:8064] (576, 576, 576)
Recorded block-done for octoS0SubroiZ15683136Y78409408X1097612544Difficultsoma_pred_affs/6772 with read ROI [9296:10864, 1232:2800, 6992:8560] (1568, 1568, 1568) and write ROI [9792:10368, 1728:2304, 7488:8064] (576, 576, 576)
Recording block-done for octoS0SubroiZ15683136Y78409408X1097612544Difficultsoma_pred_affs/9366 with read ROI [9296:10864, 1232:2800, 9296:10864] (1568, 1568, 1568) and write ROI [9792:10368, 1728:2304, 9792:10368] (576, 576, 576)
Recorded block-done for octoS0SubroiZ15683136Y78409408X1097612544Difficultsoma_pred_affs/9366 with read ROI [9296:10864, 1232:2800, 9296:10864] (1568, 1568, 1568) and write ROI [9792:10368, 1728:2304, 9792:10368] (576, 576, 576)
Recording block-done for octoS0SubroiZ15683136Y78409408X1097612544Difficultsoma_pred_affs/10128 with read ROI [9296:10864, 1808:3376, 9296:10864] (1568, 1568, 1568) and write ROI [9792:10368, 2304:2880, 9792:10368] (576, 576, 576)
Recorded block-done for octoS0SubroiZ15683136Y78409408X1097612544Difficultsoma_pred_affs/10128 with read ROI [9296:10864, 1808:3376, 9296:10864] (1568, 1568, 1568) and write ROI [9792:10368, 2304:2880, 9792:10368] (576, 576, 576)
Recording block-done for octoS0SubroiZ15683136Y78409408X1097612544Difficultsoma_pred_affs/11728 with read ROI [9296:10864, 1808:3376, 10448:12016] (1568, 1568, 1568) and write ROI [9792:10368, 2304:2880, 10944:11520] (576, 576, 576)
Recorded block-done for octoS0SubroiZ15683136Y78409408X1097612544Difficultsoma_pred_affs/11728 with read ROI [9296:10864, 1808:3376, 10448:12016] (1568, 1568, 1568) and write ROI [9792:10368, 2304:2880, 10944:11520] (576, 576, 576)
Recording block-done for octoS0SubroiZ15683136Y78409408X1097612544Difficultsoma_pred_affs/3524 with read ROI [9296:10864, 1808:3376, 2384:3952] (1568, 1568, 1568) and write ROI [9792:10368, 2304:2880, 2880:3456] (576, 576, 576)
Recorded block-done for octoS0SubroiZ15683136Y78409408X1097612544Difficultsoma_pred_affs/3524 with read ROI [9296:10864, 1808:3376, 2384:3952] (1568, 1568, 1568) and write ROI [9792:10368, 2304:2880, 2880:3456] (576, 576, 576)
Recording block-done for octoS0SubroiZ15683136Y78409408X1097612544Difficultsoma_pred_affs/3195 with read ROI [9296:10864, 2384:3952, 1232:2800] (1568, 1568, 1568) and write ROI [9792:10368, 2880:3456, 1728:2304] (576, 576, 576)
Recorded block-done for octoS0SubroiZ15683136Y78409408X1097612544Difficultsoma_pred_affs/3195 with read ROI [9296:10864, 2384:3952, 1232:2800] (1568, 1568, 1568) and write ROI [9792:10368, 2880:3456, 1728:2304] (576, 576, 576)
Recording block-done for octoS0SubroiZ15683136Y78409408X1097612544Difficultsoma_pred_affs/11750 with read ROI [9296:10864, 2384:3952, 9872:11440] (1568, 1568, 1568) and write ROI [9792:10368, 2880:3456, 10368:10944] (576, 576, 576)
Recorded block-done for octoS0SubroiZ15683136Y78409408X1097612544Difficultsoma_pred_affs/11750 with read ROI [9296:10864, 2384:3952, 9872:11440] (1568, 1568, 1568) and write ROI [9792:10368, 2880:3456, 10368:10944] (576, 576, 576)
Recording block-done for octoS0SubroiZ15683136Y78409408X1097612544Difficultsoma_pred_affs/4330 with read ROI [9296:10864, 2384:3952, 2960:4528] (1568, 1568, 1568) and write ROI [9792:10368, 2880:3456, 3456:4032] (576, 576, 576)
Recorded block-done for octoS0SubroiZ15683136Y78409408X1097612544Difficultsoma_pred_affs/4330 with read ROI [9296:10864, 2384:3952, 2960:4528] (1568, 1568, 1568) and write ROI [9792:10368, 2880:3456, 3456:4032] (576, 576, 576)
Recording block-done for octoS0SubroiZ15683136Y78409408X1097612544Difficultsoma_pred_affs/8040 with read ROI [9296:10864, 2384:3952, 6992:8560] (1568, 1568, 1568) and write ROI [9792:10368, 2880:3456, 7488:8064] (576, 576, 576)
Recorded block-done for octoS0SubroiZ15683136Y78409408X1097612544Difficultsoma_pred_affs/8040 with read ROI [9296:10864, 2384:3952, 6992:8560] (1568, 1568, 1568) and write ROI [9792:10368, 2880:3456, 7488:8064] (576, 576, 576)
Recording block-done for octoS0SubroiZ15683136Y78409408X1097612544Difficultsoma_pred_affs/7433 with read ROI [9296:10864, 2960:4528, 5840:7408] (1568, 1568, 1568) and write ROI [9792:10368, 3456:4032, 6336:6912] (576, 576, 576)
Recorded block-done for octoS0SubroiZ15683136Y78409408X1097612544Difficultsoma_pred_affs/7433 with read ROI [9296:10864, 2960:4528, 5840:7408] (1568, 1568, 1568) and write ROI [9792:10368, 3456:4032, 6336:6912] (576, 576, 576)
Recording block-done for octoS0SubroiZ15683136Y78409408X1097612544Difficultsoma_pred_affs/5253 with read ROI [9296:10864, 2960:4528, 3536:5104] (1568, 1568, 1568) and write ROI [9792:10368, 3456:4032, 4032:4608] (576, 576, 576)
Recorded block-done for octoS0SubroiZ15683136Y78409408X1097612544Difficultsoma_pred_affs/5253 with read ROI [9296:10864, 2960:4528, 3536:5104] (1568, 1568, 1568) and write ROI [9792:10368, 3456:4032, 4032:4608] (576, 576, 576)
Recording block-done for octoS0SubroiZ15683136Y78409408X1097612544Difficultsoma_pred_affs/10173 with read ROI [9296:10864, 2960:4528, 8144:9712] (1568, 1568, 1568) and write ROI [9792:10368, 3456:4032, 8640:9216] (576, 576, 576)
Recorded block-done for octoS0SubroiZ15683136Y78409408X1097612544Difficultsoma_pred_affs/10173 with read ROI [9296:10864, 2960:4528, 8144:9712] (1568, 1568, 1568) and write ROI [9792:10368, 3456:4032, 8640:9216] (576, 576, 576)
Recording block-done for octoS0SubroiZ15683136Y78409408X1097612544Difficultsoma_pred_affs/4377 with read ROI [9296:10864, 3536:5104, 1808:3376] (1568, 1568, 1568) and write ROI [9792:10368, 4032:4608, 2304:2880] (576, 576, 576)
Recorded block-done for octoS0SubroiZ15683136Y78409408X1097612544Difficultsoma_pred_affs/4377 with read ROI [9296:10864, 3536:5104, 1808:3376] (1568, 1568, 1568) and write ROI [9792:10368, 4032:4608, 2304:2880] (576, 576, 576)
Recording block-done for octoS0SubroiZ15683136Y78409408X1097612544Difficultsoma_pred_affs/4402 with read ROI [9296:10864, 4112:5680, 1232:2800] (1568, 1568, 1568) and write ROI [9792:10368, 4608:5184, 1728:2304] (576, 576, 576)
Recorded block-done for octoS0SubroiZ15683136Y78409408X1097612544Difficultsoma_pred_affs/4402 with read ROI [9296:10864, 4112:5680, 1232:2800] (1568, 1568, 1568) and write ROI [9792:10368, 4608:5184, 1728:2304] (576, 576, 576)
Recording block-done for octoS0SubroiZ15683136Y78409408X1097612544Difficultsoma_pred_affs/7457 with read ROI [9296:10864, 3536:5104, 5264:6832] (1568, 1568, 1568) and write ROI [9792:10368, 4032:4608, 5760:6336] (576, 576, 576)
Recorded block-done for octoS0SubroiZ15683136Y78409408X1097612544Difficultsoma_pred_affs/7457 with read ROI [9296:10864, 3536:5104, 5264:6832] (1568, 1568, 1568) and write ROI [9792:10368, 4032:4608, 5760:6336] (576, 576, 576)
Recording block-done for octoS0SubroiZ15683136Y78409408X1097612544Difficultsoma_pred_affs/6887 with read ROI [9296:10864, 4112:5680, 4112:5680] (1568, 1568, 1568) and write ROI [9792:10368, 4608:5184, 4608:5184] (576, 576, 576)
Recorded block-done for octoS0SubroiZ15683136Y78409408X1097612544Difficultsoma_pred_affs/6887 with read ROI [9296:10864, 4112:5680, 4112:5680] (1568, 1568, 1568) and write ROI [9792:10368, 4608:5184, 4608:5184] (576, 576, 576)
Recording block-done for octoS0SubroiZ15683136Y78409408X1097612544Difficultsoma_pred_affs/10977 with read ROI [9296:10864, 3536:5104, 8144:9712] (1568, 1568, 1568) and write ROI [9792:10368, 4032:4608, 8640:9216] (576, 576, 576)
Recorded block-done for octoS0SubroiZ15683136Y78409408X1097612544Difficultsoma_pred_affs/10977 with read ROI [9296:10864, 3536:5104, 8144:9712] (1568, 1568, 1568) and write ROI [9792:10368, 4032:4608, 8640:9216] (576, 576, 576)
Recording block-done for octoS0SubroiZ15683136Y78409408X1097612544Difficultsoma_pred_affs/8804 with read ROI [9296:10864, 4688:6256, 5264:6832] (1568, 1568, 1568) and write ROI [9792:10368, 5184:5760, 5760:6336] (576, 576, 576)
Recorded block-done for octoS0SubroiZ15683136Y78409408X1097612544Difficultsoma_pred_affs/8804 with read ROI [9296:10864, 4688:6256, 5264:6832] (1568, 1568, 1568) and write ROI [9792:10368, 5184:5760, 5760:6336] (576, 576, 576)
Recording block-done for octoS0SubroiZ15683136Y78409408X1097612544Difficultsoma_pred_affs/9507 with read ROI [9296:10864, 4688:6256, 5840:7408] (1568, 1568, 1568) and write ROI [9792:10368, 5184:5760, 6336:6912] (576, 576, 576)
Recorded block-done for octoS0SubroiZ15683136Y78409408X1097612544Difficultsoma_pred_affs/9507 with read ROI [9296:10864, 4688:6256, 5840:7408] (1568, 1568, 1568) and write ROI [9792:10368, 5184:5760, 6336:6912] (576, 576, 576)
Recording block-done for octoS0SubroiZ15683136Y78409408X1097612544Difficultsoma_pred_affs/4863 with read ROI [9296:10864, 4688:6256, 1232:2800] (1568, 1568, 1568) and write ROI [9792:10368, 5184:5760, 1728:2304] (576, 576, 576)
Recorded block-done for octoS0SubroiZ15683136Y78409408X1097612544Difficultsoma_pred_affs/4863 with read ROI [9296:10864, 4688:6256, 1232:2800] (1568, 1568, 1568) and write ROI [9792:10368, 5184:5760, 1728:2304] (576, 576, 576)
Recording block-done for octoS0SubroiZ15683136Y78409408X1097612544Difficultsoma_pred_affs/5328 with read ROI [9296:10864, 4688:6256, 1808:3376] (1568, 1568, 1568) and write ROI [9792:10368, 5184:5760, 2304:2880] (576, 576, 576)
Recorded block-done for octoS0SubroiZ15683136Y78409408X1097612544Difficultsoma_pred_affs/5328 with read ROI [9296:10864, 4688:6256, 1808:3376] (1568, 1568, 1568) and write ROI [9792:10368, 5184:5760, 2304:2880] (576, 576, 576)
Recording block-done for octoS0SubroiZ15683136Y78409408X1097612544Difficultsoma_pred_affs/14558 with read ROI [9296:10864, 4688:6256, 9296:10864] (1568, 1568, 1568) and write ROI [9792:10368, 5184:5760, 9792:10368] (576, 576, 576)
Recorded block-done for octoS0SubroiZ15683136Y78409408X1097612544Difficultsoma_pred_affs/14558 with read ROI [9296:10864, 4688:6256, 9296:10864] (1568, 1568, 1568) and write ROI [9792:10368, 5184:5760, 9792:10368] (576, 576, 576)
Recording block-done for octoS0SubroiZ15683136Y78409408X1097612544Difficultsoma_pred_affs/14585 with read ROI [9296:10864, 5264:6832, 8720:10288] (1568, 1568, 1568) and write ROI [9792:10368, 5760:6336, 9216:9792] (576, 576, 576)
Recorded block-done for octoS0SubroiZ15683136Y78409408X1097612544Difficultsoma_pred_affs/14585 with read ROI [9296:10864, 5264:6832, 8720:10288] (1568, 1568, 1568) and write ROI [9792:10368, 5760:6336, 9216:9792] (576, 576, 576)
Recording block-done for octoS0SubroiZ15683136Y78409408X1097612544Difficultsoma_pred_affs/5851 with read ROI [9296:10864, 5264:6832, 1808:3376] (1568, 1568, 1568) and write ROI [9792:10368, 5760:6336, 2304:2880] (576, 576, 576)
Recorded block-done for octoS0SubroiZ15683136Y78409408X1097612544Difficultsoma_pred_affs/5851 with read ROI [9296:10864, 5264:6832, 1808:3376] (1568, 1568, 1568) and write ROI [9792:10368, 5760:6336, 2304:2880] (576, 576, 576)
Recording block-done for octoS0SubroiZ15683136Y78409408X1097612544Difficultsoma_pred_affs/8165 with read ROI [9296:10864, 5264:6832, 4112:5680] (1568, 1568, 1568) and write ROI [9792:10368, 5760:6336, 4608:5184] (576, 576, 576)
Recorded block-done for octoS0SubroiZ15683136Y78409408X1097612544Difficultsoma_pred_affs/8165 with read ROI [9296:10864, 5264:6832, 4112:5680] (1568, 1568, 1568) and write ROI [9792:10368, 5760:6336, 4608:5184] (576, 576, 576)
Recording block-done for octoS0SubroiZ15683136Y78409408X1097612544Difficultsoma_pred_affs/5879 with read ROI [9296:10864, 5840:7408, 1232:2800] (1568, 1568, 1568) and write ROI [9792:10368, 6336:6912, 1728:2304] (576, 576, 576)
Recorded block-done for octoS0SubroiZ15683136Y78409408X1097612544Difficultsoma_pred_affs/5879 with read ROI [9296:10864, 5840:7408, 1232:2800] (1568, 1568, 1568) and write ROI [9792:10368, 6336:6912, 1728:2304] (576, 576, 576)
Recording block-done for octoS0SubroiZ15683136Y78409408X1097612544Difficultsoma_pred_affs/6968 with read ROI [9296:10864, 5840:7408, 2384:3952] (1568, 1568, 1568) and write ROI [9792:10368, 6336:6912, 2880:3456] (576, 576, 576)
Recorded block-done for octoS0SubroiZ15683136Y78409408X1097612544Difficultsoma_pred_affs/6968 with read ROI [9296:10864, 5840:7408, 2384:3952] (1568, 1568, 1568) and write ROI [9792:10368, 6336:6912, 2880:3456] (576, 576, 576)
Recording block-done for octoS0SubroiZ15683136Y78409408X1097612544Difficultsoma_pred_affs/16638 with read ROI [9296:10864, 5840:7408, 9296:10864] (1568, 1568, 1568) and write ROI [9792:10368, 6336:6912, 9792:10368] (576, 576, 576)
Recorded block-done for octoS0SubroiZ15683136Y78409408X1097612544Difficultsoma_pred_affs/16638 with read ROI [9296:10864, 5840:7408, 9296:10864] (1568, 1568, 1568) and write ROI [9792:10368, 6336:6912, 9792:10368] (576, 576, 576)
Recording block-done for octoS0SubroiZ15683136Y78409408X1097612544Difficultsoma_pred_affs/15603 with read ROI [9296:10864, 5840:7408, 8720:10288] (1568, 1568, 1568) and write ROI [9792:10368, 6336:6912, 9216:9792] (576, 576, 576)
Recorded block-done for octoS0SubroiZ15683136Y78409408X1097612544Difficultsoma_pred_affs/15603 with read ROI [9296:10864, 5840:7408, 8720:10288] (1568, 1568, 1568) and write ROI [9792:10368, 6336:6912, 9216:9792] (576, 576, 576)
Recording block-done for octoS0SubroiZ15683136Y78409408X1097612544Difficultsoma_pred_affs/10303 with read ROI [9296:10864, 5840:7408, 5264:6832] (1568, 1568, 1568) and write ROI [9792:10368, 6336:6912, 5760:6336] (576, 576, 576)
Recorded block-done for octoS0SubroiZ15683136Y78409408X1097612544Difficultsoma_pred_affs/10303 with read ROI [9296:10864, 5840:7408, 5264:6832] (1568, 1568, 1568) and write ROI [9792:10368, 6336:6912, 5760:6336] (576, 576, 576)
Recording block-done for octoS0SubroiZ15683136Y78409408X1097612544Difficultsoma_pred_affs/10332 with read ROI [9296:10864, 6416:7984, 4688:6256] (1568, 1568, 1568) and write ROI [9792:10368, 6912:7488, 5184:5760] (576, 576, 576)
Recorded block-done for octoS0SubroiZ15683136Y78409408X1097612544Difficultsoma_pred_affs/10332 with read ROI [9296:10864, 6416:7984, 4688:6256] (1568, 1568, 1568) and write ROI [9792:10368, 6912:7488, 5184:5760] (576, 576, 576)
Recording block-done for octoS0SubroiZ15683136Y78409408X1097612544Difficultsoma_pred_affs/10362 with read ROI [9296:10864, 6992:8560, 4112:5680] (1568, 1568, 1568) and write ROI [9792:10368, 7488:8064, 4608:5184] (576, 576, 576)
Recorded block-done for octoS0SubroiZ15683136Y78409408X1097612544Difficultsoma_pred_affs/10362 with read ROI [9296:10864, 6992:8560, 4112:5680] (1568, 1568, 1568) and write ROI [9792:10368, 7488:8064, 4608:5184] (576, 576, 576)
Recording block-done for octoS0SubroiZ15683136Y78409408X1097612544Difficultsoma_pred_affs/11962 with read ROI [9296:10864, 6992:8560, 5264:6832] (1568, 1568, 1568) and write ROI [9792:10368, 7488:8064, 5760:6336] (576, 576, 576)
Recorded block-done for octoS0SubroiZ15683136Y78409408X1097612544Difficultsoma_pred_affs/11962 with read ROI [9296:10864, 6992:8560, 5264:6832] (1568, 1568, 1568) and write ROI [9792:10368, 7488:8064, 5760:6336] (576, 576, 576)
Recording block-done for octoS0SubroiZ15683136Y78409408X1097612544Difficultsoma_pred_affs/7622 with read ROI [9296:10864, 6992:8560, 1808:3376] (1568, 1568, 1568) and write ROI [9792:10368, 7488:8064, 2304:2880] (576, 576, 576)
Recorded block-done for octoS0SubroiZ15683136Y78409408X1097612544Difficultsoma_pred_affs/7622 with read ROI [9296:10864, 6992:8560, 1808:3376] (1568, 1568, 1568) and write ROI [9792:10368, 7488:8064, 2304:2880] (576, 576, 576)
Recording block-done for octoS0SubroiZ15683136Y78409408X1097612544Difficultsoma_pred_affs/18906 with read ROI [9296:10864, 6992:8560, 9296:10864] (1568, 1568, 1568) and write ROI [9792:10368, 7488:8064, 9792:10368] (576, 576, 576)
Recorded block-done for octoS0SubroiZ15683136Y78409408X1097612544Difficultsoma_pred_affs/18906 with read ROI [9296:10864, 6992:8560, 9296:10864] (1568, 1568, 1568) and write ROI [9792:10368, 7488:8064, 9792:10368] (576, 576, 576)
Recording block-done for octoS0SubroiZ15683136Y78409408X1097612544Difficultsoma_pred_affs/20082 with read ROI [9296:10864, 6992:8560, 9872:11440] (1568, 1568, 1568) and write ROI [9792:10368, 7488:8064, 10368:10944] (576, 576, 576)
Recorded block-done for octoS0SubroiZ15683136Y78409408X1097612544Difficultsoma_pred_affs/20082 with read ROI [9296:10864, 6992:8560, 9872:11440] (1568, 1568, 1568) and write ROI [9792:10368, 7488:8064, 10368:10944] (576, 576, 576)
Recording block-done for octoS0SubroiZ15683136Y78409408X1097612544Difficultsoma_pred_affs/12854 with read ROI [9296:10864, 7568:9136, 5264:6832] (1568, 1568, 1568) and write ROI [9792:10368, 8064:8640, 5760:6336] (576, 576, 576)
Recorded block-done for octoS0SubroiZ15683136Y78409408X1097612544Difficultsoma_pred_affs/12854 with read ROI [9296:10864, 7568:9136, 5264:6832] (1568, 1568, 1568) and write ROI [9792:10368, 8064:8640, 5760:6336] (576, 576, 576)
Recording block-done for octoS0SubroiZ15683136Y78409408X1097612544Difficultsoma_pred_affs/20113 with read ROI [9296:10864, 7568:9136, 9296:10864] (1568, 1568, 1568) and write ROI [9792:10368, 8064:8640, 9792:10368] (576, 576, 576)
Recorded block-done for octoS0SubroiZ15683136Y78409408X1097612544Difficultsoma_pred_affs/20113 with read ROI [9296:10864, 7568:9136, 9296:10864] (1568, 1568, 1568) and write ROI [9792:10368, 8064:8640, 9792:10368] (576, 576, 576)
Recording block-done for octoS0SubroiZ15683136Y78409408X1097612544Difficultsoma_pred_affs/22613 with read ROI [9296:10864, 7568:9136, 10448:12016] (1568, 1568, 1568) and write ROI [9792:10368, 8064:8640, 10944:11520] (576, 576, 576)
Recorded block-done for octoS0SubroiZ15683136Y78409408X1097612544Difficultsoma_pred_affs/22613 with read ROI [9296:10864, 7568:9136, 10448:12016] (1568, 1568, 1568) and write ROI [9792:10368, 8064:8640, 10944:11520] (576, 576, 576)
Recording block-done for octoS0SubroiZ15683136Y78409408X1097612544Difficultsoma_pred_affs/9684 with read ROI [9296:10864, 8144:9712, 2384:3952] (1568, 1568, 1568) and write ROI [9792:10368, 8640:9216, 2880:3456] (576, 576, 576)
Recorded block-done for octoS0SubroiZ15683136Y78409408X1097612544Difficultsoma_pred_affs/9684 with read ROI [9296:10864, 8144:9712, 2384:3952] (1568, 1568, 1568) and write ROI [9792:10368, 8640:9216, 2880:3456] (576, 576, 576)
Recording block-done for octoS0SubroiZ15683136Y78409408X1097612544Difficultsoma_pred_affs/9652 with read ROI [9296:10864, 7568:9136, 2960:4528] (1568, 1568, 1568) and write ROI [9792:10368, 8064:8640, 3456:4032] (576, 576, 576)
Recorded block-done for octoS0SubroiZ15683136Y78409408X1097612544Difficultsoma_pred_affs/9652 with read ROI [9296:10864, 7568:9136, 2960:4528] (1568, 1568, 1568) and write ROI [9792:10368, 8064:8640, 3456:4032] (576, 576, 576)
Recording block-done for octoS0SubroiZ15683136Y78409408X1097612544Difficultsoma_pred_affs/8348 with read ROI [9296:10864, 8720:10288, 656:2224] (1568, 1568, 1568) and write ROI [9792:10368, 9216:9792, 1152:1728] (576, 576, 576)
Recorded block-done for octoS0SubroiZ15683136Y78409408X1097612544Difficultsoma_pred_affs/8348 with read ROI [9296:10864, 8720:10288, 656:2224] (1568, 1568, 1568) and write ROI [9792:10368, 9216:9792, 1152:1728] (576, 576, 576)
Recording block-done for octoS0SubroiZ15683136Y78409408X1097612544Difficultsoma_pred_affs/23971 with read ROI [9296:10864, 8144:9712, 10448:12016] (1568, 1568, 1568) and write ROI [9792:10368, 8640:9216, 10944:11520] (576, 576, 576)
Recorded block-done for octoS0SubroiZ15683136Y78409408X1097612544Difficultsoma_pred_affs/23971 with read ROI [9296:10864, 8144:9712, 10448:12016] (1568, 1568, 1568) and write ROI [9792:10368, 8640:9216, 10944:11520] (576, 576, 576)
Recording block-done for octoS0SubroiZ15683136Y78409408X1097612544Difficultsoma_pred_affs/13822 with read ROI [9296:10864, 8720:10288, 4688:6256] (1568, 1568, 1568) and write ROI [9792:10368, 9216:9792, 5184:5760] (576, 576, 576)
Recorded block-done for octoS0SubroiZ15683136Y78409408X1097612544Difficultsoma_pred_affs/13822 with read ROI [9296:10864, 8720:10288, 4688:6256] (1568, 1568, 1568) and write ROI [9792:10368, 9216:9792, 5184:5760] (576, 576, 576)
Recording block-done for octoS0SubroiZ15683136Y78409408X1097612544Difficultsoma_pred_affs/17841 with read ROI [9296:10864, 8144:9712, 7568:9136] (1568, 1568, 1568) and write ROI [9792:10368, 8640:9216, 8064:8640] (576, 576, 576)
Recorded block-done for octoS0SubroiZ15683136Y78409408X1097612544Difficultsoma_pred_affs/17841 with read ROI [9296:10864, 8144:9712, 7568:9136] (1568, 1568, 1568) and write ROI [9792:10368, 8640:9216, 8064:8640] (576, 576, 576)
Recording block-done for octoS0SubroiZ15683136Y78409408X1097612544Difficultsoma_pred_affs/16793 with read ROI [9296:10864, 8720:10288, 6416:7984] (1568, 1568, 1568) and write ROI [9792:10368, 9216:9792, 6912:7488] (576, 576, 576)
Recorded block-done for octoS0SubroiZ15683136Y78409408X1097612544Difficultsoma_pred_affs/16793 with read ROI [9296:10864, 8720:10288, 6416:7984] (1568, 1568, 1568) and write ROI [9792:10368, 9216:9792, 6912:7488] (576, 576, 576)
Recording block-done for octoS0SubroiZ15683136Y78409408X1097612544Difficultsoma_pred_affs/8382 with read ROI [9296:10864, 9296:10864, 80:1648] (1568, 1568, 1568) and write ROI [9792:10368, 9792:10368, 576:1152] (576, 576, 576)
Recorded block-done for octoS0SubroiZ15683136Y78409408X1097612544Difficultsoma_pred_affs/8382 with read ROI [9296:10864, 9296:10864, 80:1648] (1568, 1568, 1568) and write ROI [9792:10368, 9792:10368, 576:1152] (576, 576, 576)
Recording block-done for octoS0SubroiZ15683136Y78409408X1097612544Difficultsoma_pred_affs/10492 with read ROI [9296:10864, 9296:10864, 1808:3376] (1568, 1568, 1568) and write ROI [9792:10368, 9792:10368, 2304:2880] (576, 576, 576)
Recorded block-done for octoS0SubroiZ15683136Y78409408X1097612544Difficultsoma_pred_affs/10492 with read ROI [9296:10864, 9296:10864, 1808:3376] (1568, 1568, 1568) and write ROI [9792:10368, 9792:10368, 2304:2880] (576, 576, 576)
Recording block-done for octoS0SubroiZ15683136Y78409408X1097612544Difficultsoma_pred_affs/15792 with read ROI [9296:10864, 9296:10864, 5264:6832] (1568, 1568, 1568) and write ROI [9792:10368, 9792:10368, 5760:6336] (576, 576, 576)
Recorded block-done for octoS0SubroiZ15683136Y78409408X1097612544Difficultsoma_pred_affs/15792 with read ROI [9296:10864, 9296:10864, 5264:6832] (1568, 1568, 1568) and write ROI [9792:10368, 9792:10368, 5760:6336] (576, 576, 576)
Recording block-done for octoS0SubroiZ15683136Y78409408X1097612544Difficultsoma_pred_affs/22712 with read ROI [9296:10864, 9296:10864, 8720:10288] (1568, 1568, 1568) and write ROI [9792:10368, 9792:10368, 9216:9792] (576, 576, 576)
Recorded block-done for octoS0SubroiZ15683136Y78409408X1097612544Difficultsoma_pred_affs/22712 with read ROI [9296:10864, 9296:10864, 8720:10288] (1568, 1568, 1568) and write ROI [9792:10368, 9792:10368, 9216:9792] (576, 576, 576)
Recording block-done for octoS0SubroiZ15683136Y78409408X1097612544Difficultsoma_pred_affs/11307 with read ROI [9296:10864, 9872:11440, 1808:3376] (1568, 1568, 1568) and write ROI [9792:10368, 10368:10944, 2304:2880] (576, 576, 576)
Recorded block-done for octoS0SubroiZ15683136Y78409408X1097612544Difficultsoma_pred_affs/11307 with read ROI [9296:10864, 9872:11440, 1808:3376] (1568, 1568, 1568) and write ROI [9792:10368, 10368:10944, 2304:2880] (576, 576, 576)
Recording block-done for octoS0SubroiZ15683136Y78409408X1097612544Difficultsoma_pred_affs/16862 with read ROI [9296:10864, 9872:11440, 5264:6832] (1568, 1568, 1568) and write ROI [9792:10368, 10368:10944, 5760:6336] (576, 576, 576)
Recorded block-done for octoS0SubroiZ15683136Y78409408X1097612544Difficultsoma_pred_affs/16862 with read ROI [9296:10864, 9872:11440, 5264:6832] (1568, 1568, 1568) and write ROI [9792:10368, 10368:10944, 5760:6336] (576, 576, 576)
Recording block-done for octoS0SubroiZ15683136Y78409408X1097612544Difficultsoma_pred_affs/28367 with read ROI [9296:10864, 9872:11440, 10448:12016] (1568, 1568, 1568) and write ROI [9792:10368, 10368:10944, 10944:11520] (576, 576, 576)
Recorded block-done for octoS0SubroiZ15683136Y78409408X1097612544Difficultsoma_pred_affs/28367 with read ROI [9296:10864, 9872:11440, 10448:12016] (1568, 1568, 1568) and write ROI [9792:10368, 10368:10944, 10944:11520] (576, 576, 576)
Recording block-done for octoS0SubroiZ15683136Y78409408X1097612544Difficultsoma_pred_affs/26882 with read ROI [9296:10864, 9872:11440, 9872:11440] (1568, 1568, 1568) and write ROI [9792:10368, 10368:10944, 10368:10944] (576, 576, 576)
Recorded block-done for octoS0SubroiZ15683136Y78409408X1097612544Difficultsoma_pred_affs/26882 with read ROI [9296:10864, 9872:11440, 9872:11440] (1568, 1568, 1568) and write ROI [9792:10368, 10368:10944, 10368:10944] (576, 576, 576)
Recording block-done for octoS0SubroiZ15683136Y78409408X1097612544Difficultsoma_pred_affs/10563 with read ROI [9296:10864, 10448:12016, 656:2224] (1568, 1568, 1568) and write ROI [9792:10368, 10944:11520, 1152:1728] (576, 576, 576)
Recorded block-done for octoS0SubroiZ15683136Y78409408X1097612544Difficultsoma_pred_affs/10563 with read ROI [9296:10864, 10448:12016, 656:2224] (1568, 1568, 1568) and write ROI [9792:10368, 10944:11520, 1152:1728] (576, 576, 576)
Recording block-done for octoS0SubroiZ15683136Y78409408X1097612544Difficultsoma_pred_affs/13024 with read ROI [9296:10864, 10448:12016, 2384:3952] (1568, 1568, 1568) and write ROI [9792:10368, 10944:11520, 2880:3456] (576, 576, 576)
Recorded block-done for octoS0SubroiZ15683136Y78409408X1097612544Difficultsoma_pred_affs/13024 with read ROI [9296:10864, 10448:12016, 2384:3952] (1568, 1568, 1568) and write ROI [9792:10368, 10944:11520, 2880:3456] (576, 576, 576)
Recording block-done for octoS0SubroiZ15683136Y78409408X1097612544Difficultsoma_pred_affs/17979 with read ROI [9296:10864, 10448:12016, 5264:6832] (1568, 1568, 1568) and write ROI [9792:10368, 10944:11520, 5760:6336] (576, 576, 576)
Recorded block-done for octoS0SubroiZ15683136Y78409408X1097612544Difficultsoma_pred_affs/17979 with read ROI [9296:10864, 10448:12016, 5264:6832] (1568, 1568, 1568) and write ROI [9792:10368, 10944:11520, 5760:6336] (576, 576, 576)
Recording block-done for octoS0SubroiZ15683136Y78409408X1097612544Difficultsoma_pred_affs/28403 with read ROI [9296:10864, 10448:12016, 9872:11440] (1568, 1568, 1568) and write ROI [9792:10368, 10944:11520, 10368:10944] (576, 576, 576)
Recorded block-done for octoS0SubroiZ15683136Y78409408X1097612544Difficultsoma_pred_affs/28403 with read ROI [9296:10864, 10448:12016, 9872:11440] (1568, 1568, 1568) and write ROI [9792:10368, 10944:11520, 10368:10944] (576, 576, 576)
Recording block-done for octoS0SubroiZ15683136Y78409408X1097612544Difficultsoma_pred_affs/1979 with read ROI [9872:11440, 80:1648, 656:2224] (1568, 1568, 1568) and write ROI [10368:10944, 576:1152, 1152:1728] (576, 576, 576)
Recorded block-done for octoS0SubroiZ15683136Y78409408X1097612544Difficultsoma_pred_affs/1979 with read ROI [9872:11440, 80:1648, 656:2224] (1568, 1568, 1568) and write ROI [10368:10944, 576:1152, 1152:1728] (576, 576, 576)
Recording block-done for octoS0SubroiZ15683136Y78409408X1097612544Difficultsoma_pred_affs/8644 with read ROI [9872:11440, 80:1648, 9296:10864] (1568, 1568, 1568) and write ROI [10368:10944, 576:1152, 9792:10368] (576, 576, 576)
Recorded block-done for octoS0SubroiZ15683136Y78409408X1097612544Difficultsoma_pred_affs/8644 with read ROI [9872:11440, 80:1648, 9296:10864] (1568, 1568, 1568) and write ROI [10368:10944, 576:1152, 9792:10368] (576, 576, 576)
Recording block-done for octoS0SubroiZ15683136Y78409408X1097612544Difficultsoma_pred_affs/5664 with read ROI [9872:11440, 80:1648, 6416:7984] (1568, 1568, 1568) and write ROI [10368:10944, 576:1152, 6912:7488] (576, 576, 576)
Recorded block-done for octoS0SubroiZ15683136Y78409408X1097612544Difficultsoma_pred_affs/5664 with read ROI [9872:11440, 80:1648, 6416:7984] (1568, 1568, 1568) and write ROI [10368:10944, 576:1152, 6912:7488] (576, 576, 576)
Recording block-done for octoS0SubroiZ15683136Y78409408X1097612544Difficultsoma_pred_affs/3153 with read ROI [9872:11440, 656:2224, 2384:3952] (1568, 1568, 1568) and write ROI [10368:10944, 1152:1728, 2880:3456] (576, 576, 576)
Recorded block-done for octoS0SubroiZ15683136Y78409408X1097612544Difficultsoma_pred_affs/3153 with read ROI [9872:11440, 656:2224, 2384:3952] (1568, 1568, 1568) and write ROI [10368:10944, 1152:1728, 2880:3456] (576, 576, 576)
Recording block-done for octoS0SubroiZ15683136Y78409408X1097612544Difficultsoma_pred_affs/3882 with read ROI [9872:11440, 656:2224, 3536:5104] (1568, 1568, 1568) and write ROI [10368:10944, 1152:1728, 4032:4608] (576, 576, 576)
Recorded block-done for octoS0SubroiZ15683136Y78409408X1097612544Difficultsoma_pred_affs/3882 with read ROI [9872:11440, 656:2224, 3536:5104] (1568, 1568, 1568) and write ROI [10368:10944, 1152:1728, 4032:4608] (576, 576, 576)
Recording block-done for octoS0SubroiZ15683136Y78409408X1097612544Difficultsoma_pred_affs/4744 with read ROI [9872:11440, 1232:2800, 4112:5680] (1568, 1568, 1568) and write ROI [10368:10944, 1728:2304, 4608:5184] (576, 576, 576)
Recorded block-done for octoS0SubroiZ15683136Y78409408X1097612544Difficultsoma_pred_affs/4744 with read ROI [9872:11440, 1232:2800, 4112:5680] (1568, 1568, 1568) and write ROI [10368:10944, 1728:2304, 4608:5184] (576, 576, 576)
Recording block-done for octoS0SubroiZ15683136Y78409408X1097612544Difficultsoma_pred_affs/5705 with read ROI [9872:11440, 1232:2800, 5264:6832] (1568, 1568, 1568) and write ROI [10368:10944, 1728:2304, 5760:6336] (576, 576, 576)
Recorded block-done for octoS0SubroiZ15683136Y78409408X1097612544Difficultsoma_pred_affs/5705 with read ROI [9872:11440, 1232:2800, 5264:6832] (1568, 1568, 1568) and write ROI [10368:10944, 1728:2304, 5760:6336] (576, 576, 576)
Recording block-done for octoS0SubroiZ15683136Y78409408X1097612544Difficultsoma_pred_affs/8664 with read ROI [9872:11440, 656:2224, 8720:10288] (1568, 1568, 1568) and write ROI [10368:10944, 1152:1728, 9216:9792] (576, 576, 576)
Recorded block-done for octoS0SubroiZ15683136Y78409408X1097612544Difficultsoma_pred_affs/8664 with read ROI [9872:11440, 656:2224, 8720:10288] (1568, 1568, 1568) and write ROI [10368:10944, 1152:1728, 9216:9792] (576, 576, 576)
Recording block-done for octoS0SubroiZ15683136Y78409408X1097612544Difficultsoma_pred_affs/7389 with read ROI [9872:11440, 1232:2800, 6992:8560] (1568, 1568, 1568) and write ROI [10368:10944, 1728:2304, 7488:8064] (576, 576, 576)
Recorded block-done for octoS0SubroiZ15683136Y78409408X1097612544Difficultsoma_pred_affs/7389 with read ROI [9872:11440, 1232:2800, 6992:8560] (1568, 1568, 1568) and write ROI [10368:10944, 1728:2304, 7488:8064] (576, 576, 576)
Recording block-done for octoS0SubroiZ15683136Y78409408X1097612544Difficultsoma_pred_affs/6773 with read ROI [9872:11440, 656:2224, 6992:8560] (1568, 1568, 1568) and write ROI [10368:10944, 1152:1728, 7488:8064] (576, 576, 576)
Recorded block-done for octoS0SubroiZ15683136Y78409408X1097612544Difficultsoma_pred_affs/6773 with read ROI [9872:11440, 656:2224, 6992:8560] (1568, 1568, 1568) and write ROI [10368:10944, 1152:1728, 7488:8064] (576, 576, 576)
Recording block-done for octoS0SubroiZ15683136Y78409408X1097612544Difficultsoma_pred_affs/5727 with read ROI [9872:11440, 1808:3376, 4688:6256] (1568, 1568, 1568) and write ROI [10368:10944, 2304:2880, 5184:5760] (576, 576, 576)
Recorded block-done for octoS0SubroiZ15683136Y78409408X1097612544Difficultsoma_pred_affs/5727 with read ROI [9872:11440, 1808:3376, 4688:6256] (1568, 1568, 1568) and write ROI [10368:10944, 2304:2880, 5184:5760] (576, 576, 576)
Recording block-done for octoS0SubroiZ15683136Y78409408X1097612544Difficultsoma_pred_affs/7411 with read ROI [9872:11440, 1808:3376, 6416:7984] (1568, 1568, 1568) and write ROI [10368:10944, 2304:2880, 6912:7488] (576, 576, 576)
Recorded block-done for octoS0SubroiZ15683136Y78409408X1097612544Difficultsoma_pred_affs/7411 with read ROI [9872:11440, 1808:3376, 6416:7984] (1568, 1568, 1568) and write ROI [10368:10944, 2304:2880, 6912:7488] (576, 576, 576)
Recording block-done for octoS0SubroiZ15683136Y78409408X1097612544Difficultsoma_pred_affs/10909 with read ROI [9872:11440, 1232:2800, 9872:11440] (1568, 1568, 1568) and write ROI [10368:10944, 1728:2304, 10368:10944] (576, 576, 576)
Recorded block-done for octoS0SubroiZ15683136Y78409408X1097612544Difficultsoma_pred_affs/10909 with read ROI [9872:11440, 1232:2800, 9872:11440] (1568, 1568, 1568) and write ROI [10368:10944, 1728:2304, 10368:10944] (576, 576, 576)
Recording block-done for octoS0SubroiZ15683136Y78409408X1097612544Difficultsoma_pred_affs/3219 with read ROI [9872:11440, 2384:3952, 656:2224] (1568, 1568, 1568) and write ROI [10368:10944, 2880:3456, 1152:1728] (576, 576, 576)
Recorded block-done for octoS0SubroiZ15683136Y78409408X1097612544Difficultsoma_pred_affs/3219 with read ROI [9872:11440, 2384:3952, 656:2224] (1568, 1568, 1568) and write ROI [10368:10944, 2880:3456, 1152:1728] (576, 576, 576)
Recording block-done for octoS0SubroiZ15683136Y78409408X1097612544Difficultsoma_pred_affs/4354 with read ROI [9872:11440, 2384:3952, 2384:3952] (1568, 1568, 1568) and write ROI [10368:10944, 2880:3456, 2880:3456] (576, 576, 576)
Recorded block-done for octoS0SubroiZ15683136Y78409408X1097612544Difficultsoma_pred_affs/4354 with read ROI [9872:11440, 2384:3952, 2384:3952] (1568, 1568, 1568) and write ROI [10368:10944, 2880:3456, 2880:3456] (576, 576, 576)
Recording block-done for octoS0SubroiZ15683136Y78409408X1097612544Difficultsoma_pred_affs/4789 with read ROI [9872:11440, 2384:3952, 2960:4528] (1568, 1568, 1568) and write ROI [10368:10944, 2880:3456, 3456:4032] (576, 576, 576)
Recorded block-done for octoS0SubroiZ15683136Y78409408X1097612544Difficultsoma_pred_affs/4789 with read ROI [9872:11440, 2384:3952, 2960:4528] (1568, 1568, 1568) and write ROI [10368:10944, 2880:3456, 3456:4032] (576, 576, 576)
Recording block-done for octoS0SubroiZ15683136Y78409408X1097612544Difficultsoma_pred_affs/5254 with read ROI [9872:11440, 2384:3952, 3536:5104] (1568, 1568, 1568) and write ROI [10368:10944, 2880:3456, 4032:4608] (576, 576, 576)
Recorded block-done for octoS0SubroiZ15683136Y78409408X1097612544Difficultsoma_pred_affs/5254 with read ROI [9872:11440, 2384:3952, 3536:5104] (1568, 1568, 1568) and write ROI [10368:10944, 2880:3456, 4032:4608] (576, 576, 576)
Recording block-done for octoS0SubroiZ15683136Y78409408X1097612544Difficultsoma_pred_affs/6278 with read ROI [9872:11440, 2384:3952, 4688:6256] (1568, 1568, 1568) and write ROI [10368:10944, 2880:3456, 5184:5760] (576, 576, 576)
Recorded block-done for octoS0SubroiZ15683136Y78409408X1097612544Difficultsoma_pred_affs/6278 with read ROI [9872:11440, 2384:3952, 4688:6256] (1568, 1568, 1568) and write ROI [10368:10944, 2880:3456, 5184:5760] (576, 576, 576)
Recording block-done for octoS0SubroiZ15683136Y78409408X1097612544Difficultsoma_pred_affs/7458 with read ROI [9872:11440, 2960:4528, 5264:6832] (1568, 1568, 1568) and write ROI [10368:10944, 3456:4032, 5760:6336] (576, 576, 576)
Recorded block-done for octoS0SubroiZ15683136Y78409408X1097612544Difficultsoma_pred_affs/7458 with read ROI [9872:11440, 2960:4528, 5264:6832] (1568, 1568, 1568) and write ROI [10368:10944, 3456:4032, 5760:6336] (576, 576, 576)
Recording block-done for octoS0SubroiZ15683136Y78409408X1097612544Difficultsoma_pred_affs/6863 with read ROI [9872:11440, 2960:4528, 4688:6256] (1568, 1568, 1568) and write ROI [10368:10944, 3456:4032, 5184:5760] (576, 576, 576)
Recorded block-done for octoS0SubroiZ15683136Y78409408X1097612544Difficultsoma_pred_affs/6863 with read ROI [9872:11440, 2960:4528, 4688:6256] (1568, 1568, 1568) and write ROI [10368:10944, 3456:4032, 5184:5760] (576, 576, 576)
Recording block-done for octoS0SubroiZ15683136Y78409408X1097612544Difficultsoma_pred_affs/14508 with read ROI [9872:11440, 2960:4528, 10448:12016] (1568, 1568, 1568) and write ROI [10368:10944, 3456:4032, 10944:11520] (576, 576, 576)
Recorded block-done for octoS0SubroiZ15683136Y78409408X1097612544Difficultsoma_pred_affs/14508 with read ROI [9872:11440, 2960:4528, 10448:12016] (1568, 1568, 1568) and write ROI [10368:10944, 3456:4032, 10944:11520] (576, 576, 576)
Recording block-done for octoS0SubroiZ15683136Y78409408X1097612544Difficultsoma_pred_affs/11798 with read ROI [9872:11440, 2960:4528, 8720:10288] (1568, 1568, 1568) and write ROI [10368:10944, 3456:4032, 9216:9792] (576, 576, 576)
Recorded block-done for octoS0SubroiZ15683136Y78409408X1097612544Difficultsoma_pred_affs/11798 with read ROI [9872:11440, 2960:4528, 8720:10288] (1568, 1568, 1568) and write ROI [10368:10944, 3456:4032, 9216:9792] (576, 576, 576)
Recording block-done for octoS0SubroiZ15683136Y78409408X1097612544Difficultsoma_pred_affs/4023 with read ROI [9872:11440, 4112:5680, 80:1648] (1568, 1568, 1568) and write ROI [10368:10944, 4608:5184, 576:1152] (576, 576, 576)
Recorded block-done for octoS0SubroiZ15683136Y78409408X1097612544Difficultsoma_pred_affs/4023 with read ROI [9872:11440, 4112:5680, 80:1648] (1568, 1568, 1568) and write ROI [10368:10944, 4608:5184, 576:1152] (576, 576, 576)
Recording block-done for octoS0SubroiZ15683136Y78409408X1097612544Difficultsoma_pred_affs/9482 with read ROI [9872:11440, 3536:5104, 6416:7984] (1568, 1568, 1568) and write ROI [10368:10944, 4032:4608, 6912:7488] (576, 576, 576)
Recorded block-done for octoS0SubroiZ15683136Y78409408X1097612544Difficultsoma_pred_affs/9482 with read ROI [9872:11440, 3536:5104, 6416:7984] (1568, 1568, 1568) and write ROI [10368:10944, 4032:4608, 6912:7488] (576, 576, 576)
Recording block-done for octoS0SubroiZ15683136Y78409408X1097612544Difficultsoma_pred_affs/9457 with read ROI [9872:11440, 2960:4528, 6992:8560] (1568, 1568, 1568) and write ROI [10368:10944, 3456:4032, 7488:8064] (576, 576, 576)
Recorded block-done for octoS0SubroiZ15683136Y78409408X1097612544Difficultsoma_pred_affs/9457 with read ROI [9872:11440, 2960:4528, 6992:8560] (1568, 1568, 1568) and write ROI [10368:10944, 3456:4032, 7488:8064] (576, 576, 576)
Recording block-done for octoS0SubroiZ15683136Y78409408X1097612544Difficultsoma_pred_affs/11003 with read ROI [9872:11440, 3536:5104, 7568:9136] (1568, 1568, 1568) and write ROI [10368:10944, 4032:4608, 8064:8640] (576, 576, 576)
Recorded block-done for octoS0SubroiZ15683136Y78409408X1097612544Difficultsoma_pred_affs/11003 with read ROI [9872:11440, 3536:5104, 7568:9136] (1568, 1568, 1568) and write ROI [10368:10944, 4032:4608, 8064:8640] (576, 576, 576)
Recording block-done for octoS0SubroiZ15683136Y78409408X1097612544Difficultsoma_pred_affs/8139 with read ROI [9872:11440, 4112:5680, 4688:6256] (1568, 1568, 1568) and write ROI [10368:10944, 4608:5184, 5184:5760] (576, 576, 576)
Recorded block-done for octoS0SubroiZ15683136Y78409408X1097612544Difficultsoma_pred_affs/8139 with read ROI [9872:11440, 4112:5680, 4688:6256] (1568, 1568, 1568) and write ROI [10368:10944, 4608:5184, 5184:5760] (576, 576, 576)
Recording block-done for octoS0SubroiZ15683136Y78409408X1097612544Difficultsoma_pred_affs/4891 with read ROI [9872:11440, 4688:6256, 656:2224] (1568, 1568, 1568) and write ROI [10368:10944, 5184:5760, 1152:1728] (576, 576, 576)
Recorded block-done for octoS0SubroiZ15683136Y78409408X1097612544Difficultsoma_pred_affs/4891 with read ROI [9872:11440, 4688:6256, 656:2224] (1568, 1568, 1568) and write ROI [10368:10944, 5184:5760, 1152:1728] (576, 576, 576)
Recording block-done for octoS0SubroiZ15683136Y78409408X1097612544Difficultsoma_pred_affs/11029 with read ROI [9872:11440, 4112:5680, 6992:8560] (1568, 1568, 1568) and write ROI [10368:10944, 4608:5184, 7488:8064] (576, 576, 576)
Recorded block-done for octoS0SubroiZ15683136Y78409408X1097612544Difficultsoma_pred_affs/11029 with read ROI [9872:11440, 4112:5680, 6992:8560] (1568, 1568, 1568) and write ROI [10368:10944, 4608:5184, 7488:8064] (576, 576, 576)
Recording block-done for octoS0SubroiZ15683136Y78409408X1097612544Difficultsoma_pred_affs/14586 with read ROI [9872:11440, 4688:6256, 8720:10288] (1568, 1568, 1568) and write ROI [10368:10944, 5184:5760, 9216:9792] (576, 576, 576)
Recorded block-done for octoS0SubroiZ15683136Y78409408X1097612544Difficultsoma_pred_affs/14586 with read ROI [9872:11440, 4688:6256, 8720:10288] (1568, 1568, 1568) and write ROI [10368:10944, 5184:5760, 9216:9792] (576, 576, 576)
Recording block-done for octoS0SubroiZ15683136Y78409408X1097612544Difficultsoma_pred_affs/6941 with read ROI [9872:11440, 4688:6256, 2960:4528] (1568, 1568, 1568) and write ROI [10368:10944, 5184:5760, 3456:4032] (576, 576, 576)
Recorded block-done for octoS0SubroiZ15683136Y78409408X1097612544Difficultsoma_pred_affs/6941 with read ROI [9872:11440, 4688:6256, 2960:4528] (1568, 1568, 1568) and write ROI [10368:10944, 5184:5760, 3456:4032] (576, 576, 576)
Recording block-done for octoS0SubroiZ15683136Y78409408X1097612544Difficultsoma_pred_affs/13640 with read ROI [9872:11440, 4688:6256, 8144:9712] (1568, 1568, 1568) and write ROI [10368:10944, 5184:5760, 8640:9216] (576, 576, 576)
Recorded block-done for octoS0SubroiZ15683136Y78409408X1097612544Difficultsoma_pred_affs/13640 with read ROI [9872:11440, 4688:6256, 8144:9712] (1568, 1568, 1568) and write ROI [10368:10944, 5184:5760, 8640:9216] (576, 576, 576)
Recording block-done for octoS0SubroiZ15683136Y78409408X1097612544Difficultsoma_pred_affs/11084 with read ROI [9872:11440, 5264:6832, 5840:7408] (1568, 1568, 1568) and write ROI [10368:10944, 5760:6336, 6336:6912] (576, 576, 576)
Recorded block-done for octoS0SubroiZ15683136Y78409408X1097612544Difficultsoma_pred_affs/11084 with read ROI [9872:11440, 5264:6832, 5840:7408] (1568, 1568, 1568) and write ROI [10368:10944, 5760:6336, 6336:6912] (576, 576, 576)
Recording block-done for octoS0SubroiZ15683136Y78409408X1097612544Difficultsoma_pred_affs/16639 with read ROI [9872:11440, 5264:6832, 9296:10864] (1568, 1568, 1568) and write ROI [10368:10944, 5760:6336, 9792:10368] (576, 576, 576)
Recorded block-done for octoS0SubroiZ15683136Y78409408X1097612544Difficultsoma_pred_affs/16639 with read ROI [9872:11440, 5264:6832, 9296:10864] (1568, 1568, 1568) and write ROI [10368:10944, 5760:6336, 9792:10368] (576, 576, 576)
Recording block-done for octoS0SubroiZ15683136Y78409408X1097612544Difficultsoma_pred_affs/5413 with read ROI [9872:11440, 5840:7408, 80:1648] (1568, 1568, 1568) and write ROI [10368:10944, 6336:6912, 576:1152] (576, 576, 576)
Recorded block-done for octoS0SubroiZ15683136Y78409408X1097612544Difficultsoma_pred_affs/5413 with read ROI [9872:11440, 5840:7408, 80:1648] (1568, 1568, 1568) and write ROI [10368:10944, 6336:6912, 576:1152] (576, 576, 576)
Recording block-done for octoS0SubroiZ15683136Y78409408X1097612544Difficultsoma_pred_affs/5909 with read ROI [9872:11440, 5840:7408, 656:2224] (1568, 1568, 1568) and write ROI [10368:10944, 6336:6912, 1152:1728] (576, 576, 576)
Recorded block-done for octoS0SubroiZ15683136Y78409408X1097612544Difficultsoma_pred_affs/5909 with read ROI [9872:11440, 5840:7408, 656:2224] (1568, 1568, 1568) and write ROI [10368:10944, 6336:6912, 1152:1728] (576, 576, 576)
Recording block-done for octoS0SubroiZ15683136Y78409408X1097612544Difficultsoma_pred_affs/18848 with read ROI [9872:11440, 5264:6832, 10448:12016] (1568, 1568, 1568) and write ROI [10368:10944, 5760:6336, 10944:11520] (576, 576, 576)
Recorded block-done for octoS0SubroiZ15683136Y78409408X1097612544Difficultsoma_pred_affs/18848 with read ROI [9872:11440, 5264:6832, 10448:12016] (1568, 1568, 1568) and write ROI [10368:10944, 5760:6336, 10944:11520] (576, 576, 576)
Recording block-done for octoS0SubroiZ15683136Y78409408X1097612544Difficultsoma_pred_affs/16668 with read ROI [9872:11440, 5840:7408, 8720:10288] (1568, 1568, 1568) and write ROI [10368:10944, 6336:6912, 9216:9792] (576, 576, 576)
Recorded block-done for octoS0SubroiZ15683136Y78409408X1097612544Difficultsoma_pred_affs/16668 with read ROI [9872:11440, 5840:7408, 8720:10288] (1568, 1568, 1568) and write ROI [10368:10944, 6336:6912, 9216:9792] (576, 576, 576)
Recording block-done for octoS0SubroiZ15683136Y78409408X1097612544Difficultsoma_pred_affs/10363 with read ROI [9872:11440, 6416:7984, 4112:5680] (1568, 1568, 1568) and write ROI [10368:10944, 6912:7488, 4608:5184] (576, 576, 576)
Recorded block-done for octoS0SubroiZ15683136Y78409408X1097612544Difficultsoma_pred_affs/10363 with read ROI [9872:11440, 6416:7984, 4112:5680] (1568, 1568, 1568) and write ROI [10368:10944, 6912:7488, 4608:5184] (576, 576, 576)
Recording block-done for octoS0SubroiZ15683136Y78409408X1097612544Difficultsoma_pred_affs/8919 with read ROI [9872:11440, 6416:7984, 2960:4528] (1568, 1568, 1568) and write ROI [10368:10944, 6912:7488, 3456:4032] (576, 576, 576)
Recorded block-done for octoS0SubroiZ15683136Y78409408X1097612544Difficultsoma_pred_affs/8919 with read ROI [9872:11440, 6416:7984, 2960:4528] (1568, 1568, 1568) and write ROI [10368:10944, 6912:7488, 3456:4032] (576, 576, 576)
Recording block-done for octoS0SubroiZ15683136Y78409408X1097612544Difficultsoma_pred_affs/8284 with read ROI [9872:11440, 6992:8560, 1808:3376] (1568, 1568, 1568) and write ROI [10368:10944, 7488:8064, 2304:2880] (576, 576, 576)
Recorded block-done for octoS0SubroiZ15683136Y78409408X1097612544Difficultsoma_pred_affs/8284 with read ROI [9872:11440, 6992:8560, 1808:3376] (1568, 1568, 1568) and write ROI [10368:10944, 7488:8064, 2304:2880] (576, 576, 576)
Recording block-done for octoS0SubroiZ15683136Y78409408X1097612544Difficultsoma_pred_affs/14704 with read ROI [9872:11440, 6992:8560, 6416:7984] (1568, 1568, 1568) and write ROI [10368:10944, 7488:8064, 6912:7488] (576, 576, 576)
Recorded block-done for octoS0SubroiZ15683136Y78409408X1097612544Difficultsoma_pred_affs/14704 with read ROI [9872:11440, 6992:8560, 6416:7984] (1568, 1568, 1568) and write ROI [10368:10944, 7488:8064, 6912:7488] (576, 576, 576)
Recording block-done for octoS0SubroiZ15683136Y78409408X1097612544Difficultsoma_pred_affs/22614 with read ROI [9872:11440, 6992:8560, 10448:12016] (1568, 1568, 1568) and write ROI [10368:10944, 7488:8064, 10944:11520] (576, 576, 576)
Recorded block-done for octoS0SubroiZ15683136Y78409408X1097612544Difficultsoma_pred_affs/22614 with read ROI [9872:11440, 6992:8560, 10448:12016] (1568, 1568, 1568) and write ROI [10368:10944, 7488:8064, 10944:11520] (576, 576, 576)
Recording block-done for octoS0SubroiZ15683136Y78409408X1097612544Difficultsoma_pred_affs/20146 with read ROI [9872:11440, 7568:9136, 8720:10288] (1568, 1568, 1568) and write ROI [10368:10944, 8064:8640, 9216:9792] (576, 576, 576)
Recorded block-done for octoS0SubroiZ15683136Y78409408X1097612544Difficultsoma_pred_affs/20146 with read ROI [9872:11440, 7568:9136, 8720:10288] (1568, 1568, 1568) and write ROI [10368:10944, 8064:8640, 9216:9792] (576, 576, 576)
Recording block-done for octoS0SubroiZ15683136Y78409408X1097612544Difficultsoma_pred_affs/12026 with read ROI [9872:11440, 7568:9136, 4112:5680] (1568, 1568, 1568) and write ROI [10368:10944, 8064:8640, 4608:5184] (576, 576, 576)
Recorded block-done for octoS0SubroiZ15683136Y78409408X1097612544Difficultsoma_pred_affs/12026 with read ROI [9872:11440, 7568:9136, 4112:5680] (1568, 1568, 1568) and write ROI [10368:10944, 8064:8640, 4608:5184] (576, 576, 576)
Recording block-done for octoS0SubroiZ15683136Y78409408X1097612544Difficultsoma_pred_affs/21371 with read ROI [9872:11440, 7568:9136, 9296:10864] (1568, 1568, 1568) and write ROI [10368:10944, 8064:8640, 9792:10368] (576, 576, 576)
Recorded block-done for octoS0SubroiZ15683136Y78409408X1097612544Difficultsoma_pred_affs/21371 with read ROI [9872:11440, 7568:9136, 9296:10864] (1568, 1568, 1568) and write ROI [10368:10944, 8064:8640, 9792:10368] (576, 576, 576)
Recording block-done for octoS0SubroiZ15683136Y78409408X1097612544Difficultsoma_pred_affs/16761 with read ROI [9872:11440, 7568:9136, 6992:8560] (1568, 1568, 1568) and write ROI [10368:10944, 8064:8640, 7488:8064] (576, 576, 576)
Recorded block-done for octoS0SubroiZ15683136Y78409408X1097612544Difficultsoma_pred_affs/16761 with read ROI [9872:11440, 7568:9136, 6992:8560] (1568, 1568, 1568) and write ROI [10368:10944, 8064:8640, 7488:8064] (576, 576, 576)
Recording block-done for octoS0SubroiZ15683136Y78409408X1097612544Difficultsoma_pred_affs/9718 with read ROI [9872:11440, 8144:9712, 1808:3376] (1568, 1568, 1568) and write ROI [10368:10944, 8640:9216, 2304:2880] (576, 576, 576)
Recorded block-done for octoS0SubroiZ15683136Y78409408X1097612544Difficultsoma_pred_affs/9718 with read ROI [9872:11440, 8144:9712, 1808:3376] (1568, 1568, 1568) and write ROI [10368:10944, 8640:9216, 2304:2880] (576, 576, 576)
Recording block-done for octoS0SubroiZ15683136Y78409408X1097612544Difficultsoma_pred_affs/13823 with read ROI [9872:11440, 8144:9712, 4688:6256] (1568, 1568, 1568) and write ROI [10368:10944, 8640:9216, 5184:5760] (576, 576, 576)
Recorded block-done for octoS0SubroiZ15683136Y78409408X1097612544Difficultsoma_pred_affs/13823 with read ROI [9872:11440, 8144:9712, 4688:6256] (1568, 1568, 1568) and write ROI [10368:10944, 8640:9216, 5184:5760] (576, 576, 576)
Recording block-done for octoS0SubroiZ15683136Y78409408X1097612544Difficultsoma_pred_affs/10493 with read ROI [9872:11440, 8720:10288, 1808:3376] (1568, 1568, 1568) and write ROI [10368:10944, 9216:9792, 2304:2880] (576, 576, 576)
Recorded block-done for octoS0SubroiZ15683136Y78409408X1097612544Difficultsoma_pred_affs/10493 with read ROI [9872:11440, 8720:10288, 1808:3376] (1568, 1568, 1568) and write ROI [10368:10944, 9216:9792, 2304:2880] (576, 576, 576)
Recording block-done for octoS0SubroiZ15683136Y78409408X1097612544Difficultsoma_pred_affs/17909 with read ROI [9872:11440, 8720:10288, 6416:7984] (1568, 1568, 1568) and write ROI [10368:10944, 9216:9792, 6912:7488] (576, 576, 576)
Recorded block-done for octoS0SubroiZ15683136Y78409408X1097612544Difficultsoma_pred_affs/17909 with read ROI [9872:11440, 8720:10288, 6416:7984] (1568, 1568, 1568) and write ROI [10368:10944, 9216:9792, 6912:7488] (576, 576, 576)
Recording block-done for octoS0SubroiZ15683136Y78409408X1097612544Difficultsoma_pred_affs/19003 with read ROI [9872:11440, 8144:9712, 7568:9136] (1568, 1568, 1568) and write ROI [10368:10944, 8640:9216, 8064:8640] (576, 576, 576)
Recorded block-done for octoS0SubroiZ15683136Y78409408X1097612544Difficultsoma_pred_affs/19003 with read ROI [9872:11440, 8144:9712, 7568:9136] (1568, 1568, 1568) and write ROI [10368:10944, 8640:9216, 8064:8640] (576, 576, 576)
Recording block-done for octoS0SubroiZ15683136Y78409408X1097612544Difficultsoma_pred_affs/24039 with read ROI [9872:11440, 8720:10288, 9296:10864] (1568, 1568, 1568) and write ROI [10368:10944, 9216:9792, 9792:10368] (576, 576, 576)
Recorded block-done for octoS0SubroiZ15683136Y78409408X1097612544Difficultsoma_pred_affs/24039 with read ROI [9872:11440, 8720:10288, 9296:10864] (1568, 1568, 1568) and write ROI [10368:10944, 9216:9792, 9792:10368] (576, 576, 576)
Recording block-done for octoS0SubroiZ15683136Y78409408X1097612544Difficultsoma_pred_affs/11308 with read ROI [9872:11440, 9296:10864, 1808:3376] (1568, 1568, 1568) and write ROI [10368:10944, 9792:10368, 2304:2880] (576, 576, 576)
Recorded block-done for octoS0SubroiZ15683136Y78409408X1097612544Difficultsoma_pred_affs/11308 with read ROI [9872:11440, 9296:10864, 1808:3376] (1568, 1568, 1568) and write ROI [10368:10944, 9792:10368, 2304:2880] (576, 576, 576)
Recording block-done for octoS0SubroiZ15683136Y78409408X1097612544Difficultsoma_pred_affs/9084 with read ROI [9872:11440, 9296:10864, 80:1648] (1568, 1568, 1568) and write ROI [10368:10944, 9792:10368, 576:1152] (576, 576, 576)
Recorded block-done for octoS0SubroiZ15683136Y78409408X1097612544Difficultsoma_pred_affs/9084 with read ROI [9872:11440, 9296:10864, 80:1648] (1568, 1568, 1568) and write ROI [10368:10944, 9792:10368, 576:1152] (576, 576, 576)
Recording block-done for octoS0SubroiZ15683136Y78409408X1097612544Difficultsoma_pred_affs/15828 with read ROI [9872:11440, 9296:10864, 4688:6256] (1568, 1568, 1568) and write ROI [10368:10944, 9792:10368, 5184:5760] (576, 576, 576)
Recorded block-done for octoS0SubroiZ15683136Y78409408X1097612544Difficultsoma_pred_affs/15828 with read ROI [9872:11440, 9296:10864, 4688:6256] (1568, 1568, 1568) and write ROI [10368:10944, 9792:10368, 5184:5760] (576, 576, 576)
Recording block-done for octoS0SubroiZ15683136Y78409408X1097612544Difficultsoma_pred_affs/10564 with read ROI [9872:11440, 9872:11440, 656:2224] (1568, 1568, 1568) and write ROI [10368:10944, 10368:10944, 1152:1728] (576, 576, 576)
Recorded block-done for octoS0SubroiZ15683136Y78409408X1097612544Difficultsoma_pred_affs/10564 with read ROI [9872:11440, 9872:11440, 656:2224] (1568, 1568, 1568) and write ROI [10368:10944, 10368:10944, 1152:1728] (576, 576, 576)
Recording block-done for octoS0SubroiZ15683136Y78409408X1097612544Difficultsoma_pred_affs/13025 with read ROI [9872:11440, 9872:11440, 2384:3952] (1568, 1568, 1568) and write ROI [10368:10944, 10368:10944, 2880:3456] (576, 576, 576)
Recorded block-done for octoS0SubroiZ15683136Y78409408X1097612544Difficultsoma_pred_affs/13025 with read ROI [9872:11440, 9872:11440, 2384:3952] (1568, 1568, 1568) and write ROI [10368:10944, 10368:10944, 2880:3456] (576, 576, 576)
Recording block-done for octoS0SubroiZ15683136Y78409408X1097612544Difficultsoma_pred_affs/17980 with read ROI [9872:11440, 9872:11440, 5264:6832] (1568, 1568, 1568) and write ROI [10368:10944, 10368:10944, 5760:6336] (576, 576, 576)
Recorded block-done for octoS0SubroiZ15683136Y78409408X1097612544Difficultsoma_pred_affs/17980 with read ROI [9872:11440, 9872:11440, 5264:6832] (1568, 1568, 1568) and write ROI [10368:10944, 10368:10944, 5760:6336] (576, 576, 576)
Recording block-done for octoS0SubroiZ15683136Y78409408X1097612544Difficultsoma_pred_affs/13928 with read ROI [9872:11440, 9872:11440, 2960:4528] (1568, 1568, 1568) and write ROI [10368:10944, 10368:10944, 3456:4032] (576, 576, 576)
Recorded block-done for octoS0SubroiZ15683136Y78409408X1097612544Difficultsoma_pred_affs/13928 with read ROI [9872:11440, 9872:11440, 2960:4528] (1568, 1568, 1568) and write ROI [10368:10944, 10368:10944, 3456:4032] (576, 576, 576)
Recording block-done for octoS0SubroiZ15683136Y78409408X1097612544Difficultsoma_pred_affs/21509 with read ROI [9872:11440, 9872:11440, 6992:8560] (1568, 1568, 1568) and write ROI [10368:10944, 10368:10944, 7488:8064] (576, 576, 576)
Recorded block-done for octoS0SubroiZ15683136Y78409408X1097612544Difficultsoma_pred_affs/21509 with read ROI [9872:11440, 9872:11440, 6992:8560] (1568, 1568, 1568) and write ROI [10368:10944, 10368:10944, 7488:8064] (576, 576, 576)
Recording block-done for octoS0SubroiZ15683136Y78409408X1097612544Difficultsoma_pred_affs/14911 with read ROI [9872:11440, 10448:12016, 2960:4528] (1568, 1568, 1568) and write ROI [10368:10944, 10944:11520, 3456:4032] (576, 576, 576)
Recorded block-done for octoS0SubroiZ15683136Y78409408X1097612544Difficultsoma_pred_affs/14911 with read ROI [9872:11440, 10448:12016, 2960:4528] (1568, 1568, 1568) and write ROI [10368:10944, 10944:11520, 3456:4032] (576, 576, 576)
Recording block-done for octoS0SubroiZ15683136Y78409408X1097612544Difficultsoma_pred_affs/22821 with read ROI [9872:11440, 10448:12016, 6992:8560] (1568, 1568, 1568) and write ROI [10368:10944, 10944:11520, 7488:8064] (576, 576, 576)
Recorded block-done for octoS0SubroiZ15683136Y78409408X1097612544Difficultsoma_pred_affs/22821 with read ROI [9872:11440, 10448:12016, 6992:8560] (1568, 1568, 1568) and write ROI [10368:10944, 10944:11520, 7488:8064] (576, 576, 576)
Recording block-done for octoS0SubroiZ15683136Y78409408X1097612544Difficultsoma_pred_affs/25525 with read ROI [9872:11440, 10448:12016, 8144:9712] (1568, 1568, 1568) and write ROI [10368:10944, 10944:11520, 8640:9216] (576, 576, 576)
Recorded block-done for octoS0SubroiZ15683136Y78409408X1097612544Difficultsoma_pred_affs/25525 with read ROI [9872:11440, 10448:12016, 8144:9712] (1568, 1568, 1568) and write ROI [10368:10944, 10944:11520, 8640:9216] (576, 576, 576)
Recording block-done for octoS0SubroiZ15683136Y78409408X1097612544Difficultsoma_pred_affs/28441 with read ROI [9872:11440, 10448:12016, 9296:10864] (1568, 1568, 1568) and write ROI [10368:10944, 10944:11520, 9792:10368] (576, 576, 576)
Recorded block-done for octoS0SubroiZ15683136Y78409408X1097612544Difficultsoma_pred_affs/28441 with read ROI [9872:11440, 10448:12016, 9296:10864] (1568, 1568, 1568) and write ROI [10368:10944, 10944:11520, 9792:10368] (576, 576, 576)
Recording block-done for octoS0SubroiZ15683136Y78409408X1097612544Difficultsoma_pred_affs/2274 with read ROI [10448:12016, 656:2224, 80:1648] (1568, 1568, 1568) and write ROI [10944:11520, 1152:1728, 576:1152] (576, 576, 576)
Recorded block-done for octoS0SubroiZ15683136Y78409408X1097612544Difficultsoma_pred_affs/2274 with read ROI [10448:12016, 656:2224, 80:1648] (1568, 1568, 1568) and write ROI [10944:11520, 1152:1728, 576:1152] (576, 576, 576)
Recording block-done for octoS0SubroiZ15683136Y78409408X1097612544Difficultsoma_pred_affs/10889 with read ROI [10448:12016, 80:1648, 10448:12016] (1568, 1568, 1568) and write ROI [10944:11520, 576:1152, 10944:11520] (576, 576, 576)
Recorded block-done for octoS0SubroiZ15683136Y78409408X1097612544Difficultsoma_pred_affs/10889 with read ROI [10448:12016, 80:1648, 10448:12016] (1568, 1568, 1568) and write ROI [10944:11520, 576:1152, 10944:11520] (576, 576, 576)
Recording block-done for octoS0SubroiZ15683136Y78409408X1097612544Difficultsoma_pred_affs/3904 with read ROI [10448:12016, 656:2224, 2960:4528] (1568, 1568, 1568) and write ROI [10944:11520, 1152:1728, 3456:4032] (576, 576, 576)
Recorded block-done for octoS0SubroiZ15683136Y78409408X1097612544Difficultsoma_pred_affs/3904 with read ROI [10448:12016, 656:2224, 2960:4528] (1568, 1568, 1568) and write ROI [10944:11520, 1152:1728, 3456:4032] (576, 576, 576)
Recording block-done for octoS0SubroiZ15683136Y78409408X1097612544Difficultsoma_pred_affs/3505 with read ROI [10448:12016, 80:1648, 2960:4528] (1568, 1568, 1568) and write ROI [10944:11520, 576:1152, 3456:4032] (576, 576, 576)
Recorded block-done for octoS0SubroiZ15683136Y78409408X1097612544Difficultsoma_pred_affs/3505 with read ROI [10448:12016, 80:1648, 2960:4528] (1568, 1568, 1568) and write ROI [10944:11520, 576:1152, 3456:4032] (576, 576, 576)
Recording block-done for octoS0SubroiZ15683136Y78409408X1097612544Difficultsoma_pred_affs/7999 with read ROI [10448:12016, 80:1648, 8144:9712] (1568, 1568, 1568) and write ROI [10944:11520, 576:1152, 8640:9216] (576, 576, 576)
Recorded block-done for octoS0SubroiZ15683136Y78409408X1097612544Difficultsoma_pred_affs/7999 with read ROI [10448:12016, 80:1648, 8144:9712] (1568, 1568, 1568) and write ROI [10944:11520, 576:1152, 8640:9216] (576, 576, 576)
Recording block-done for octoS0SubroiZ15683136Y78409408X1097612544Difficultsoma_pred_affs/5232 with read ROI [10448:12016, 1232:2800, 4112:5680] (1568, 1568, 1568) and write ROI [10944:11520, 1728:2304, 4608:5184] (576, 576, 576)
Recorded block-done for octoS0SubroiZ15683136Y78409408X1097612544Difficultsoma_pred_affs/5232 with read ROI [10448:12016, 1232:2800, 4112:5680] (1568, 1568, 1568) and write ROI [10944:11520, 1728:2304, 4608:5184] (576, 576, 576)
Recording block-done for octoS0SubroiZ15683136Y78409408X1097612544Difficultsoma_pred_affs/6795 with read ROI [10448:12016, 656:2224, 6416:7984] (1568, 1568, 1568) and write ROI [10944:11520, 1152:1728, 6912:7488] (576, 576, 576)
Recorded block-done for octoS0SubroiZ15683136Y78409408X1097612544Difficultsoma_pred_affs/6795 with read ROI [10448:12016, 656:2224, 6416:7984] (1568, 1568, 1568) and write ROI [10944:11520, 1152:1728, 6912:7488] (576, 576, 576)
Recording block-done for octoS0SubroiZ15683136Y78409408X1097612544Difficultsoma_pred_affs/5728 with read ROI [10448:12016, 1232:2800, 4688:6256] (1568, 1568, 1568) and write ROI [10944:11520, 1728:2304, 5184:5760] (576, 576, 576)
Recorded block-done for octoS0SubroiZ15683136Y78409408X1097612544Difficultsoma_pred_affs/5728 with read ROI [10448:12016, 1232:2800, 4688:6256] (1568, 1568, 1568) and write ROI [10944:11520, 1728:2304, 5184:5760] (576, 576, 576)
Recording block-done for octoS0SubroiZ15683136Y78409408X1097612544Difficultsoma_pred_affs/6817 with read ROI [10448:12016, 1232:2800, 5840:7408] (1568, 1568, 1568) and write ROI [10944:11520, 1728:2304, 6336:6912] (576, 576, 576)
Recorded block-done for octoS0SubroiZ15683136Y78409408X1097612544Difficultsoma_pred_affs/6817 with read ROI [10448:12016, 1232:2800, 5840:7408] (1568, 1568, 1568) and write ROI [10944:11520, 1728:2304, 6336:6912] (576, 576, 576)
Recording block-done for octoS0SubroiZ15683136Y78409408X1097612544Difficultsoma_pred_affs/9389 with read ROI [10448:12016, 656:2224, 8720:10288] (1568, 1568, 1568) and write ROI [10944:11520, 1152:1728, 9216:9792] (576, 576, 576)
Recorded block-done for octoS0SubroiZ15683136Y78409408X1097612544Difficultsoma_pred_affs/9389 with read ROI [10448:12016, 656:2224, 8720:10288] (1568, 1568, 1568) and write ROI [10944:11520, 1152:1728, 9216:9792] (576, 576, 576)
Recording block-done for octoS0SubroiZ15683136Y78409408X1097612544Difficultsoma_pred_affs/7435 with read ROI [10448:12016, 1808:3376, 5840:7408] (1568, 1568, 1568) and write ROI [10944:11520, 2304:2880, 6336:6912] (576, 576, 576)
Recorded block-done for octoS0SubroiZ15683136Y78409408X1097612544Difficultsoma_pred_affs/7435 with read ROI [10448:12016, 1808:3376, 5840:7408] (1568, 1568, 1568) and write ROI [10944:11520, 2304:2880, 6336:6912] (576, 576, 576)
Recording block-done for octoS0SubroiZ15683136Y78409408X1097612544Difficultsoma_pred_affs/5751 with read ROI [10448:12016, 1808:3376, 4112:5680] (1568, 1568, 1568) and write ROI [10944:11520, 2304:2880, 4608:5184] (576, 576, 576)
Recorded block-done for octoS0SubroiZ15683136Y78409408X1097612544Difficultsoma_pred_affs/5751 with read ROI [10448:12016, 1808:3376, 4112:5680] (1568, 1568, 1568) and write ROI [10944:11520, 2304:2880, 4608:5184] (576, 576, 576)
Recording block-done for octoS0SubroiZ15683136Y78409408X1097612544Difficultsoma_pred_affs/4790 with read ROI [10448:12016, 1808:3376, 2960:4528] (1568, 1568, 1568) and write ROI [10944:11520, 2304:2880, 3456:4032] (576, 576, 576)
Recorded block-done for octoS0SubroiZ15683136Y78409408X1097612544Difficultsoma_pred_affs/4790 with read ROI [10448:12016, 1808:3376, 2960:4528] (1568, 1568, 1568) and write ROI [10944:11520, 2304:2880, 3456:4032] (576, 576, 576)
Recording block-done for octoS0SubroiZ15683136Y78409408X1097612544Difficultsoma_pred_affs/5255 with read ROI [10448:12016, 1808:3376, 3536:5104] (1568, 1568, 1568) and write ROI [10944:11520, 2304:2880, 4032:4608] (576, 576, 576)
Recorded block-done for octoS0SubroiZ15683136Y78409408X1097612544Difficultsoma_pred_affs/5255 with read ROI [10448:12016, 1808:3376, 3536:5104] (1568, 1568, 1568) and write ROI [10944:11520, 2304:2880, 4032:4608] (576, 576, 576)
Recording block-done for octoS0SubroiZ15683136Y78409408X1097612544Difficultsoma_pred_affs/10175 with read ROI [10448:12016, 1808:3376, 8144:9712] (1568, 1568, 1568) and write ROI [10944:11520, 2304:2880, 8640:9216] (576, 576, 576)
Recorded block-done for octoS0SubroiZ15683136Y78409408X1097612544Difficultsoma_pred_affs/10175 with read ROI [10448:12016, 1808:3376, 8144:9712] (1568, 1568, 1568) and write ROI [10944:11520, 2304:2880, 8640:9216] (576, 576, 576)
Recording block-done for octoS0SubroiZ15683136Y78409408X1097612544Difficultsoma_pred_affs/5304 with read ROI [10448:12016, 2960:4528, 2384:3952] (1568, 1568, 1568) and write ROI [10944:11520, 3456:4032, 2880:3456] (576, 576, 576)
Recorded block-done for octoS0SubroiZ15683136Y78409408X1097612544Difficultsoma_pred_affs/5304 with read ROI [10448:12016, 2960:4528, 2384:3952] (1568, 1568, 1568) and write ROI [10944:11520, 3456:4032, 2880:3456] (576, 576, 576)
Recording block-done for octoS0SubroiZ15683136Y78409408X1097612544Difficultsoma_pred_affs/8114 with read ROI [10448:12016, 2960:4528, 5264:6832] (1568, 1568, 1568) and write ROI [10944:11520, 3456:4032, 5760:6336] (576, 576, 576)
Recorded block-done for octoS0SubroiZ15683136Y78409408X1097612544Difficultsoma_pred_affs/8114 with read ROI [10448:12016, 2960:4528, 5264:6832] (1568, 1568, 1568) and write ROI [10944:11520, 3456:4032, 5760:6336] (576, 576, 576)
Recording block-done for octoS0SubroiZ15683136Y78409408X1097612544Difficultsoma_pred_affs/5800 with read ROI [10448:12016, 2960:4528, 2960:4528] (1568, 1568, 1568) and write ROI [10944:11520, 3456:4032, 3456:4032] (576, 576, 576)
Recorded block-done for octoS0SubroiZ15683136Y78409408X1097612544Difficultsoma_pred_affs/5800 with read ROI [10448:12016, 2960:4528, 2960:4528] (1568, 1568, 1568) and write ROI [10944:11520, 3456:4032, 3456:4032] (576, 576, 576)
Recording block-done for octoS0SubroiZ15683136Y78409408X1097612544Difficultsoma_pred_affs/6328 with read ROI [10448:12016, 2960:4528, 3536:5104] (1568, 1568, 1568) and write ROI [10944:11520, 3456:4032, 4032:4608] (576, 576, 576)
Recorded block-done for octoS0SubroiZ15683136Y78409408X1097612544Difficultsoma_pred_affs/6328 with read ROI [10448:12016, 2960:4528, 3536:5104] (1568, 1568, 1568) and write ROI [10944:11520, 3456:4032, 4032:4608] (576, 576, 576)
Recording block-done for octoS0SubroiZ15683136Y78409408X1097612544Difficultsoma_pred_affs/10224 with read ROI [10448:12016, 2960:4528, 6992:8560] (1568, 1568, 1568) and write ROI [10944:11520, 3456:4032, 7488:8064] (576, 576, 576)
Recorded block-done for octoS0SubroiZ15683136Y78409408X1097612544Difficultsoma_pred_affs/10224 with read ROI [10448:12016, 2960:4528, 6992:8560] (1568, 1568, 1568) and write ROI [10944:11520, 3456:4032, 7488:8064] (576, 576, 576)
Recording block-done for octoS0SubroiZ15683136Y78409408X1097612544Difficultsoma_pred_affs/10250 with read ROI [10448:12016, 3536:5104, 6416:7984] (1568, 1568, 1568) and write ROI [10944:11520, 4032:4608, 6912:7488] (576, 576, 576)
Recorded block-done for octoS0SubroiZ15683136Y78409408X1097612544Difficultsoma_pred_affs/10250 with read ROI [10448:12016, 3536:5104, 6416:7984] (1568, 1568, 1568) and write ROI [10944:11520, 4032:4608, 6912:7488] (576, 576, 576)
Recording block-done for octoS0SubroiZ15683136Y78409408X1097612544Difficultsoma_pred_affs/4892 with read ROI [10448:12016, 4112:5680, 656:2224] (1568, 1568, 1568) and write ROI [10944:11520, 4608:5184, 1152:1728] (576, 576, 576)
Recorded block-done for octoS0SubroiZ15683136Y78409408X1097612544Difficultsoma_pred_affs/4892 with read ROI [10448:12016, 4112:5680, 656:2224] (1568, 1568, 1568) and write ROI [10944:11520, 4608:5184, 1152:1728] (576, 576, 576)
Recording block-done for octoS0SubroiZ15683136Y78409408X1097612544Difficultsoma_pred_affs/5357 with read ROI [10448:12016, 4112:5680, 1232:2800] (1568, 1568, 1568) and write ROI [10944:11520, 4608:5184, 1728:2304] (576, 576, 576)
Recorded block-done for octoS0SubroiZ15683136Y78409408X1097612544Difficultsoma_pred_affs/5357 with read ROI [10448:12016, 4112:5680, 1232:2800] (1568, 1568, 1568) and write ROI [10944:11520, 4608:5184, 1728:2304] (576, 576, 576)
Recording block-done for octoS0SubroiZ15683136Y78409408X1097612544Difficultsoma_pred_affs/13614 with read ROI [10448:12016, 3536:5104, 8720:10288] (1568, 1568, 1568) and write ROI [10944:11520, 4032:4608, 9216:9792] (576, 576, 576)
Recorded block-done for octoS0SubroiZ15683136Y78409408X1097612544Difficultsoma_pred_affs/13614 with read ROI [10448:12016, 3536:5104, 8720:10288] (1568, 1568, 1568) and write ROI [10944:11520, 4032:4608, 9216:9792] (576, 576, 576)
Recording block-done for octoS0SubroiZ15683136Y78409408X1097612544Difficultsoma_pred_affs/9536 with read ROI [10448:12016, 4112:5680, 5264:6832] (1568, 1568, 1568) and write ROI [10944:11520, 4608:5184, 5760:6336] (576, 576, 576)
Recorded block-done for octoS0SubroiZ15683136Y78409408X1097612544Difficultsoma_pred_affs/9536 with read ROI [10448:12016, 4112:5680, 5264:6832] (1568, 1568, 1568) and write ROI [10944:11520, 4608:5184, 5760:6336] (576, 576, 576)
Recording block-done for octoS0SubroiZ15683136Y78409408X1097612544Difficultsoma_pred_affs/12738 with read ROI [10448:12016, 4112:5680, 7568:9136] (1568, 1568, 1568) and write ROI [10944:11520, 4608:5184, 8064:8640] (576, 576, 576)
Recorded block-done for octoS0SubroiZ15683136Y78409408X1097612544Difficultsoma_pred_affs/12738 with read ROI [10448:12016, 4112:5680, 7568:9136] (1568, 1568, 1568) and write ROI [10944:11520, 4608:5184, 8064:8640] (576, 576, 576)
Recording block-done for octoS0SubroiZ15683136Y78409408X1097612544Difficultsoma_pred_affs/17693 with read ROI [10448:12016, 4112:5680, 10448:12016] (1568, 1568, 1568) and write ROI [10944:11520, 4608:5184, 10944:11520] (576, 576, 576)
Recorded block-done for octoS0SubroiZ15683136Y78409408X1097612544Difficultsoma_pred_affs/17693 with read ROI [10448:12016, 4112:5680, 10448:12016] (1568, 1568, 1568) and write ROI [10944:11520, 4608:5184, 10944:11520] (576, 576, 576)
Recording block-done for octoS0SubroiZ15683136Y78409408X1097612544Difficultsoma_pred_affs/5881 with read ROI [10448:12016, 4688:6256, 1232:2800] (1568, 1568, 1568) and write ROI [10944:11520, 5184:5760, 1728:2304] (576, 576, 576)
Recorded block-done for octoS0SubroiZ15683136Y78409408X1097612544Difficultsoma_pred_affs/5881 with read ROI [10448:12016, 4688:6256, 1232:2800] (1568, 1568, 1568) and write ROI [10944:11520, 5184:5760, 1728:2304] (576, 576, 576)
Recording block-done for octoS0SubroiZ15683136Y78409408X1097612544Difficultsoma_pred_affs/9564 with read ROI [10448:12016, 4688:6256, 4688:6256] (1568, 1568, 1568) and write ROI [10944:11520, 5184:5760, 5184:5760] (576, 576, 576)
Recorded block-done for octoS0SubroiZ15683136Y78409408X1097612544Difficultsoma_pred_affs/9564 with read ROI [10448:12016, 4688:6256, 4688:6256] (1568, 1568, 1568) and write ROI [10944:11520, 5184:5760, 5184:5760] (576, 576, 576)
Recording block-done for octoS0SubroiZ15683136Y78409408X1097612544Difficultsoma_pred_affs/13669 with read ROI [10448:12016, 4688:6256, 7568:9136] (1568, 1568, 1568) and write ROI [10944:11520, 5184:5760, 8064:8640] (576, 576, 576)
Recorded block-done for octoS0SubroiZ15683136Y78409408X1097612544Difficultsoma_pred_affs/13669 with read ROI [10448:12016, 4688:6256, 7568:9136] (1568, 1568, 1568) and write ROI [10944:11520, 5184:5760, 8064:8640] (576, 576, 576)
Recording block-done for octoS0SubroiZ15683136Y78409408X1097612544Difficultsoma_pred_affs/7594 with read ROI [10448:12016, 5264:6832, 2384:3952] (1568, 1568, 1568) and write ROI [10944:11520, 5760:6336, 2880:3456] (576, 576, 576)
Recorded block-done for octoS0SubroiZ15683136Y78409408X1097612544Difficultsoma_pred_affs/7594 with read ROI [10448:12016, 5264:6832, 2384:3952] (1568, 1568, 1568) and write ROI [10944:11520, 5760:6336, 2880:3456] (576, 576, 576)
Recording block-done for octoS0SubroiZ15683136Y78409408X1097612544Difficultsoma_pred_affs/9593 with read ROI [10448:12016, 5264:6832, 4112:5680] (1568, 1568, 1568) and write ROI [10944:11520, 5760:6336, 4608:5184] (576, 576, 576)
Recorded block-done for octoS0SubroiZ15683136Y78409408X1097612544Difficultsoma_pred_affs/9593 with read ROI [10448:12016, 5264:6832, 4112:5680] (1568, 1568, 1568) and write ROI [10944:11520, 5760:6336, 4608:5184] (576, 576, 576)
Recording block-done for octoS0SubroiZ15683136Y78409408X1097612544Difficultsoma_pred_affs/11114 with read ROI [10448:12016, 5264:6832, 5264:6832] (1568, 1568, 1568) and write ROI [10944:11520, 5760:6336, 5760:6336] (576, 576, 576)
Recorded block-done for octoS0SubroiZ15683136Y78409408X1097612544Difficultsoma_pred_affs/11114 with read ROI [10448:12016, 5264:6832, 5264:6832] (1568, 1568, 1568) and write ROI [10944:11520, 5760:6336, 5760:6336] (576, 576, 576)
Recording block-done for octoS0SubroiZ15683136Y78409408X1097612544Difficultsoma_pred_affs/12795 with read ROI [10448:12016, 5264:6832, 6416:7984] (1568, 1568, 1568) and write ROI [10944:11520, 5760:6336, 6912:7488] (576, 576, 576)
Recorded block-done for octoS0SubroiZ15683136Y78409408X1097612544Difficultsoma_pred_affs/12795 with read ROI [10448:12016, 5264:6832, 6416:7984] (1568, 1568, 1568) and write ROI [10944:11520, 5760:6336, 6912:7488] (576, 576, 576)
Recording block-done for octoS0SubroiZ15683136Y78409408X1097612544Difficultsoma_pred_affs/7624 with read ROI [10448:12016, 5840:7408, 1808:3376] (1568, 1568, 1568) and write ROI [10944:11520, 6336:6912, 2304:2880] (576, 576, 576)
Recorded block-done for octoS0SubroiZ15683136Y78409408X1097612544Difficultsoma_pred_affs/7624 with read ROI [10448:12016, 5840:7408, 1808:3376] (1568, 1568, 1568) and write ROI [10944:11520, 6336:6912, 2304:2880] (576, 576, 576)
Recording block-done for octoS0SubroiZ15683136Y78409408X1097612544Difficultsoma_pred_affs/13728 with read ROI [10448:12016, 5840:7408, 6416:7984] (1568, 1568, 1568) and write ROI [10944:11520, 6336:6912, 6912:7488] (576, 576, 576)
Recorded block-done for octoS0SubroiZ15683136Y78409408X1097612544Difficultsoma_pred_affs/13728 with read ROI [10448:12016, 5840:7408, 6416:7984] (1568, 1568, 1568) and write ROI [10944:11520, 6336:6912, 6912:7488] (576, 576, 576)
Recording block-done for octoS0SubroiZ15683136Y78409408X1097612544Difficultsoma_pred_affs/11964 with read ROI [10448:12016, 5840:7408, 5264:6832] (1568, 1568, 1568) and write ROI [10944:11520, 6336:6912, 5760:6336] (576, 576, 576)
Recorded block-done for octoS0SubroiZ15683136Y78409408X1097612544Difficultsoma_pred_affs/11964 with read ROI [10448:12016, 5840:7408, 5264:6832] (1568, 1568, 1568) and write ROI [10944:11520, 6336:6912, 5760:6336] (576, 576, 576)
Recording block-done for octoS0SubroiZ15683136Y78409408X1097612544Difficultsoma_pred_affs/15664 with read ROI [10448:12016, 5840:7408, 7568:9136] (1568, 1568, 1568) and write ROI [10944:11520, 6336:6912, 8064:8640] (576, 576, 576)
Recorded block-done for octoS0SubroiZ15683136Y78409408X1097612544Difficultsoma_pred_affs/15664 with read ROI [10448:12016, 5840:7408, 7568:9136] (1568, 1568, 1568) and write ROI [10944:11520, 6336:6912, 8064:8640] (576, 576, 576)
Recording block-done for octoS0SubroiZ15683136Y78409408X1097612544Difficultsoma_pred_affs/18908 with read ROI [10448:12016, 5840:7408, 9296:10864] (1568, 1568, 1568) and write ROI [10944:11520, 6336:6912, 9792:10368] (576, 576, 576)
Recorded block-done for octoS0SubroiZ15683136Y78409408X1097612544Difficultsoma_pred_affs/18908 with read ROI [10448:12016, 5840:7408, 9296:10864] (1568, 1568, 1568) and write ROI [10944:11520, 6336:6912, 9792:10368] (576, 576, 576)
Recording block-done for octoS0SubroiZ15683136Y78409408X1097612544Difficultsoma_pred_affs/21340 with read ROI [10448:12016, 6416:7984, 9872:11440] (1568, 1568, 1568) and write ROI [10944:11520, 6912:7488, 10368:10944] (576, 576, 576)
Recorded block-done for octoS0SubroiZ15683136Y78409408X1097612544Difficultsoma_pred_affs/21340 with read ROI [10448:12016, 6416:7984, 9872:11440] (1568, 1568, 1568) and write ROI [10944:11520, 6912:7488, 10368:10944] (576, 576, 576)
Recording block-done for octoS0SubroiZ15683136Y78409408X1097612544Difficultsoma_pred_affs/20115 with read ROI [10448:12016, 6416:7984, 9296:10864] (1568, 1568, 1568) and write ROI [10944:11520, 6912:7488, 9792:10368] (576, 576, 576)
Recorded block-done for octoS0SubroiZ15683136Y78409408X1097612544Difficultsoma_pred_affs/20115 with read ROI [10448:12016, 6416:7984, 9296:10864] (1568, 1568, 1568) and write ROI [10944:11520, 6912:7488, 9792:10368] (576, 576, 576)
Recording block-done for octoS0SubroiZ15683136Y78409408X1097612544Difficultsoma_pred_affs/7092 with read ROI [10448:12016, 6992:8560, 80:1648] (1568, 1568, 1568) and write ROI [10944:11520, 7488:8064, 576:1152] (576, 576, 576)
Recorded block-done for octoS0SubroiZ15683136Y78409408X1097612544Difficultsoma_pred_affs/7092 with read ROI [10448:12016, 6992:8560, 80:1648] (1568, 1568, 1568) and write ROI [10944:11520, 7488:8064, 576:1152] (576, 576, 576)
Recording block-done for octoS0SubroiZ15683136Y78409408X1097612544Difficultsoma_pred_affs/8983 with read ROI [10448:12016, 6992:8560, 1808:3376] (1568, 1568, 1568) and write ROI [10944:11520, 7488:8064, 2304:2880] (576, 576, 576)
Recorded block-done for octoS0SubroiZ15683136Y78409408X1097612544Difficultsoma_pred_affs/8983 with read ROI [10448:12016, 6992:8560, 1808:3376] (1568, 1568, 1568) and write ROI [10944:11520, 7488:8064, 2304:2880] (576, 576, 576)
Recording block-done for octoS0SubroiZ15683136Y78409408X1097612544Difficultsoma_pred_affs/15727 with read ROI [10448:12016, 6992:8560, 6416:7984] (1568, 1568, 1568) and write ROI [10944:11520, 7488:8064, 6912:7488] (576, 576, 576)
Recorded block-done for octoS0SubroiZ15683136Y78409408X1097612544Difficultsoma_pred_affs/15727 with read ROI [10448:12016, 6992:8560, 6416:7984] (1568, 1568, 1568) and write ROI [10944:11520, 7488:8064, 6912:7488] (576, 576, 576)
Recording block-done for octoS0SubroiZ15683136Y78409408X1097612544Difficultsoma_pred_affs/9016 with read ROI [10448:12016, 7568:9136, 1232:2800] (1568, 1568, 1568) and write ROI [10944:11520, 8064:8640, 1728:2304] (576, 576, 576)
Recorded block-done for octoS0SubroiZ15683136Y78409408X1097612544Difficultsoma_pred_affs/9016 with read ROI [10448:12016, 7568:9136, 1232:2800] (1568, 1568, 1568) and write ROI [10944:11520, 8064:8640, 1728:2304] (576, 576, 576)
Recording block-done for octoS0SubroiZ15683136Y78409408X1097612544Difficultsoma_pred_affs/10460 with read ROI [10448:12016, 7568:9136, 2384:3952] (1568, 1568, 1568) and write ROI [10944:11520, 8064:8640, 2880:3456] (576, 576, 576)
Recorded block-done for octoS0SubroiZ15683136Y78409408X1097612544Difficultsoma_pred_affs/10460 with read ROI [10448:12016, 7568:9136, 2384:3952] (1568, 1568, 1568) and write ROI [10944:11520, 8064:8640, 2880:3456] (576, 576, 576)
Recording block-done for octoS0SubroiZ15683136Y78409408X1097612544Difficultsoma_pred_affs/15760 with read ROI [10448:12016, 7568:9136, 5840:7408] (1568, 1568, 1568) and write ROI [10944:11520, 8064:8640, 6336:6912] (576, 576, 576)
Recorded block-done for octoS0SubroiZ15683136Y78409408X1097612544Difficultsoma_pred_affs/15760 with read ROI [10448:12016, 7568:9136, 5840:7408] (1568, 1568, 1568) and write ROI [10944:11520, 8064:8640, 6336:6912] (576, 576, 576)
Recording block-done for octoS0SubroiZ15683136Y78409408X1097612544Difficultsoma_pred_affs/14770 with read ROI [10448:12016, 7568:9136, 5264:6832] (1568, 1568, 1568) and write ROI [10944:11520, 8064:8640, 5760:6336] (576, 576, 576)
Recorded block-done for octoS0SubroiZ15683136Y78409408X1097612544Difficultsoma_pred_affs/14770 with read ROI [10448:12016, 7568:9136, 5264:6832] (1568, 1568, 1568) and write ROI [10944:11520, 8064:8640, 5760:6336] (576, 576, 576)
Recording block-done for octoS0SubroiZ15683136Y78409408X1097612544Difficultsoma_pred_affs/15794 with read ROI [10448:12016, 8144:9712, 5264:6832] (1568, 1568, 1568) and write ROI [10944:11520, 8640:9216, 5760:6336] (576, 576, 576)
Recorded block-done for octoS0SubroiZ15683136Y78409408X1097612544Difficultsoma_pred_affs/15794 with read ROI [10448:12016, 8144:9712, 5264:6832] (1568, 1568, 1568) and write ROI [10944:11520, 8640:9216, 5760:6336] (576, 576, 576)
Recording block-done for octoS0SubroiZ15683136Y78409408X1097612544Difficultsoma_pred_affs/9085 with read ROI [10448:12016, 8720:10288, 80:1648] (1568, 1568, 1568) and write ROI [10944:11520, 9216:9792, 576:1152] (576, 576, 576)
Recorded block-done for octoS0SubroiZ15683136Y78409408X1097612544Difficultsoma_pred_affs/9085 with read ROI [10448:12016, 8720:10288, 80:1648] (1568, 1568, 1568) and write ROI [10944:11520, 9216:9792, 576:1152] (576, 576, 576)
Recording block-done for octoS0SubroiZ15683136Y78409408X1097612544Difficultsoma_pred_affs/19038 with read ROI [10448:12016, 8144:9712, 6992:8560] (1568, 1568, 1568) and write ROI [10944:11520, 8640:9216, 7488:8064] (576, 576, 576)
Recorded block-done for octoS0SubroiZ15683136Y78409408X1097612544Difficultsoma_pred_affs/19038 with read ROI [10448:12016, 8144:9712, 6992:8560] (1568, 1568, 1568) and write ROI [10944:11520, 8640:9216, 7488:8064] (576, 576, 576)
Recording block-done for octoS0SubroiZ15683136Y78409408X1097612544Difficultsoma_pred_affs/12094 with read ROI [10448:12016, 8144:9712, 2960:4528] (1568, 1568, 1568) and write ROI [10944:11520, 8640:9216, 3456:4032] (576, 576, 576)
Recorded block-done for octoS0SubroiZ15683136Y78409408X1097612544Difficultsoma_pred_affs/12094 with read ROI [10448:12016, 8144:9712, 2960:4528] (1568, 1568, 1568) and write ROI [10944:11520, 8640:9216, 3456:4032] (576, 576, 576)
Recording block-done for octoS0SubroiZ15683136Y78409408X1097612544Difficultsoma_pred_affs/12955 with read ROI [10448:12016, 8144:9712, 3536:5104] (1568, 1568, 1568) and write ROI [10944:11520, 8640:9216, 4032:4608] (576, 576, 576)
Recorded block-done for octoS0SubroiZ15683136Y78409408X1097612544Difficultsoma_pred_affs/12955 with read ROI [10448:12016, 8144:9712, 3536:5104] (1568, 1568, 1568) and write ROI [10944:11520, 8640:9216, 4032:4608] (576, 576, 576)
Recording block-done for octoS0SubroiZ15683136Y78409408X1097612544Difficultsoma_pred_affs/21474 with read ROI [10448:12016, 8720:10288, 7568:9136] (1568, 1568, 1568) and write ROI [10944:11520, 9216:9792, 8064:8640] (576, 576, 576)
Recorded block-done for octoS0SubroiZ15683136Y78409408X1097612544Difficultsoma_pred_affs/21474 with read ROI [10448:12016, 8720:10288, 7568:9136] (1568, 1568, 1568) and write ROI [10944:11520, 9216:9792, 8064:8640] (576, 576, 576)
Recording block-done for octoS0SubroiZ15683136Y78409408X1097612544Difficultsoma_pred_affs/11345 with read ROI [10448:12016, 9296:10864, 1232:2800] (1568, 1568, 1568) and write ROI [10944:11520, 9792:10368, 1728:2304] (576, 576, 576)
Recorded block-done for octoS0SubroiZ15683136Y78409408X1097612544Difficultsoma_pred_affs/11345 with read ROI [10448:12016, 9296:10864, 1232:2800] (1568, 1568, 1568) and write ROI [10944:11520, 9792:10368, 1728:2304] (576, 576, 576)
Recording block-done for octoS0SubroiZ15683136Y78409408X1097612544Difficultsoma_pred_affs/15865 with read ROI [10448:12016, 9296:10864, 4112:5680] (1568, 1568, 1568) and write ROI [10944:11520, 9792:10368, 4608:5184] (576, 576, 576)
Recorded block-done for octoS0SubroiZ15683136Y78409408X1097612544Difficultsoma_pred_affs/15865 with read ROI [10448:12016, 9296:10864, 4112:5680] (1568, 1568, 1568) and write ROI [10944:11520, 9792:10368, 4608:5184] (576, 576, 576)
Recording block-done for octoS0SubroiZ15683136Y78409408X1097612544Difficultsoma_pred_affs/17981 with read ROI [10448:12016, 9296:10864, 5264:6832] (1568, 1568, 1568) and write ROI [10944:11520, 9792:10368, 5760:6336] (576, 576, 576)
Recorded block-done for octoS0SubroiZ15683136Y78409408X1097612544Difficultsoma_pred_affs/17981 with read ROI [10448:12016, 9296:10864, 5264:6832] (1568, 1568, 1568) and write ROI [10944:11520, 9792:10368, 5760:6336] (576, 576, 576)
Recording block-done for octoS0SubroiZ15683136Y78409408X1097612544Difficultsoma_pred_affs/19109 with read ROI [10448:12016, 9296:10864, 5840:7408] (1568, 1568, 1568) and write ROI [10944:11520, 9792:10368, 6336:6912] (576, 576, 576)
Recorded block-done for octoS0SubroiZ15683136Y78409408X1097612544Difficultsoma_pred_affs/19109 with read ROI [10448:12016, 9296:10864, 5840:7408] (1568, 1568, 1568) and write ROI [10944:11520, 9792:10368, 6336:6912] (576, 576, 576)
Recording block-done for octoS0SubroiZ15683136Y78409408X1097612544Difficultsoma_pred_affs/20322 with read ROI [10448:12016, 9872:11440, 5840:7408] (1568, 1568, 1568) and write ROI [10944:11520, 10368:10944, 6336:6912] (576, 576, 576)
Recorded block-done for octoS0SubroiZ15683136Y78409408X1097612544Difficultsoma_pred_affs/20322 with read ROI [10448:12016, 9872:11440, 5840:7408] (1568, 1568, 1568) and write ROI [10944:11520, 10368:10944, 6336:6912] (576, 576, 576)
Recording block-done for octoS0SubroiZ15683136Y78409408X1097612544Difficultsoma_pred_affs/10602 with read ROI [10448:12016, 9872:11440, 80:1648] (1568, 1568, 1568) and write ROI [10944:11520, 10368:10944, 576:1152] (576, 576, 576)
Recorded block-done for octoS0SubroiZ15683136Y78409408X1097612544Difficultsoma_pred_affs/10602 with read ROI [10448:12016, 9872:11440, 80:1648] (1568, 1568, 1568) and write ROI [10944:11520, 10368:10944, 576:1152] (576, 576, 576)
Recording block-done for octoS0SubroiZ15683136Y78409408X1097612544Difficultsoma_pred_affs/29982 with read ROI [10448:12016, 9872:11440, 9872:11440] (1568, 1568, 1568) and write ROI [10944:11520, 10368:10944, 10368:10944] (576, 576, 576)
Recorded block-done for octoS0SubroiZ15683136Y78409408X1097612544Difficultsoma_pred_affs/29982 with read ROI [10448:12016, 9872:11440, 9872:11440] (1568, 1568, 1568) and write ROI [10944:11520, 10368:10944, 10368:10944] (576, 576, 576)
Recording block-done for octoS0SubroiZ15683136Y78409408X1097612544Difficultsoma_pred_affs/24148 with read ROI [10448:12016, 9872:11440, 7568:9136] (1568, 1568, 1568) and write ROI [10944:11520, 10368:10944, 8064:8640] (576, 576, 576)
Recorded block-done for octoS0SubroiZ15683136Y78409408X1097612544Difficultsoma_pred_affs/24148 with read ROI [10448:12016, 9872:11440, 7568:9136] (1568, 1568, 1568) and write ROI [10944:11520, 10368:10944, 8064:8640] (576, 576, 576)
Recording block-done for octoS0SubroiZ15683136Y78409408X1097612544Difficultsoma_pred_affs/22822 with read ROI [10448:12016, 9872:11440, 6992:8560] (1568, 1568, 1568) and write ROI [10944:11520, 10368:10944, 7488:8064] (576, 576, 576)
Recorded block-done for octoS0SubroiZ15683136Y78409408X1097612544Difficultsoma_pred_affs/22822 with read ROI [10448:12016, 9872:11440, 6992:8560] (1568, 1568, 1568) and write ROI [10944:11520, 10368:10944, 7488:8064] (576, 576, 576)
Recording block-done for octoS0SubroiZ15683136Y78409408X1097612544Difficultsoma_pred_affs/18056 with read ROI [10448:12016, 10448:12016, 4112:5680] (1568, 1568, 1568) and write ROI [10944:11520, 10944:11520, 4608:5184] (576, 576, 576)
Recorded block-done for octoS0SubroiZ15683136Y78409408X1097612544Difficultsoma_pred_affs/18056 with read ROI [10448:12016, 10448:12016, 4112:5680] (1568, 1568, 1568) and write ROI [10944:11520, 10944:11520, 4608:5184] (576, 576, 576)
Recording block-done for octoS0SubroiZ15683136Y78409408X1097612544Difficultsoma_pred_affs/21585 with read ROI [10448:12016, 10448:12016, 5840:7408] (1568, 1568, 1568) and write ROI [10944:11520, 10944:11520, 6336:6912] (576, 576, 576)
Recorded block-done for octoS0SubroiZ15683136Y78409408X1097612544Difficultsoma_pred_affs/21585 with read ROI [10448:12016, 10448:12016, 5840:7408] (1568, 1568, 1568) and write ROI [10944:11520, 10944:11520, 6336:6912] (576, 576, 576)
Recording block-done for octoS0SubroiZ15683136Y78409408X1097612544Difficultsoma_pred_affs/30020 with read ROI [10448:12016, 10448:12016, 9296:10864] (1568, 1568, 1568) and write ROI [10944:11520, 10944:11520, 9792:10368] (576, 576, 576)
Recorded block-done for octoS0SubroiZ15683136Y78409408X1097612544Difficultsoma_pred_affs/30020 with read ROI [10448:12016, 10448:12016, 9296:10864] (1568, 1568, 1568) and write ROI [10944:11520, 10944:11520, 9792:10368] (576, 576, 576)
Recording block-done for octoS0SubroiZ15683136Y78409408X1097612544Difficultsoma_pred_affs/100 with read ROI [80:1648, 1808:3376, 656:2224] (1568, 1568, 1568) and write ROI [576:1152, 2304:2880, 1152:1728] (576, 576, 576)
Recorded block-done for octoS0SubroiZ15683136Y78409408X1097612544Difficultsoma_pred_affs/100 with read ROI [80:1648, 1808:3376, 656:2224] (1568, 1568, 1568) and write ROI [576:1152, 2304:2880, 1152:1728] (576, 576, 576)
Recording block-done for octoS0SubroiZ15683136Y78409408X1097612544Difficultsoma_pred_affs/39 with read ROI [80:1648, 80:1648, 1232:2800] (1568, 1568, 1568) and write ROI [576:1152, 576:1152, 1728:2304] (576, 576, 576)
Recorded block-done for octoS0SubroiZ15683136Y78409408X1097612544Difficultsoma_pred_affs/39 with read ROI [80:1648, 80:1648, 1232:2800] (1568, 1568, 1568) and write ROI [576:1152, 576:1152, 1728:2304] (576, 576, 576)
Recording block-done for octoS0SubroiZ15683136Y78409408X1097612544Difficultsoma_pred_affs/231 with read ROI [80:1648, 1232:2800, 2960:4528] (1568, 1568, 1568) and write ROI [576:1152, 1728:2304, 3456:4032] (576, 576, 576)
Recorded block-done for octoS0SubroiZ15683136Y78409408X1097612544Difficultsoma_pred_affs/231 with read ROI [80:1648, 1232:2800, 2960:4528] (1568, 1568, 1568) and write ROI [576:1152, 1728:2304, 3456:4032] (576, 576, 576)
Recording block-done for octoS0SubroiZ15683136Y78409408X1097612544Difficultsoma_pred_affs/2346 with read ROI [80:1648, 4112:5680, 7568:9136] (1568, 1568, 1568) and write ROI [576:1152, 4608:5184, 8064:8640] (576, 576, 576)
Recorded block-done for octoS0SubroiZ15683136Y78409408X1097612544Difficultsoma_pred_affs/2346 with read ROI [80:1648, 4112:5680, 7568:9136] (1568, 1568, 1568) and write ROI [576:1152, 4608:5184, 8064:8640] (576, 576, 576)
Recording block-done for octoS0SubroiZ15683136Y78409408X1097612544Difficultsoma_pred_affs/2692 with read ROI [80:1648, 6416:7984, 5840:7408] (1568, 1568, 1568) and write ROI [576:1152, 6912:7488, 6336:6912] (576, 576, 576)
Recorded block-done for octoS0SubroiZ15683136Y78409408X1097612544Difficultsoma_pred_affs/2692 with read ROI [80:1648, 6416:7984, 5840:7408] (1568, 1568, 1568) and write ROI [576:1152, 6912:7488, 6336:6912] (576, 576, 576)
Recording block-done for octoS0SubroiZ15683136Y78409408X1097612544Difficultsoma_pred_affs/2406 with read ROI [80:1648, 6992:8560, 4688:6256] (1568, 1568, 1568) and write ROI [576:1152, 7488:8064, 5184:5760] (576, 576, 576)
Recorded block-done for octoS0SubroiZ15683136Y78409408X1097612544Difficultsoma_pred_affs/2406 with read ROI [80:1648, 6992:8560, 4688:6256] (1568, 1568, 1568) and write ROI [576:1152, 7488:8064, 5184:5760] (576, 576, 576)
Recording block-done for octoS0SubroiZ15683136Y78409408X1097612544Difficultsoma_pred_affs/5171 with read ROI [80:1648, 10448:12016, 5264:6832] (1568, 1568, 1568) and write ROI [576:1152, 10944:11520, 5760:6336] (576, 576, 576)
Recorded block-done for octoS0SubroiZ15683136Y78409408X1097612544Difficultsoma_pred_affs/5171 with read ROI [80:1648, 10448:12016, 5264:6832] (1568, 1568, 1568) and write ROI [576:1152, 10944:11520, 5760:6336] (576, 576, 576)
Recording block-done for octoS0SubroiZ15683136Y78409408X1097612544Difficultsoma_pred_affs/5667 with read ROI [80:1648, 10448:12016, 5840:7408] (1568, 1568, 1568) and write ROI [576:1152, 10944:11520, 6336:6912] (576, 576, 576)
Recorded block-done for octoS0SubroiZ15683136Y78409408X1097612544Difficultsoma_pred_affs/5667 with read ROI [80:1648, 10448:12016, 5840:7408] (1568, 1568, 1568) and write ROI [576:1152, 10944:11520, 6336:6912] (576, 576, 576)
Recording block-done for octoS0SubroiZ15683136Y78409408X1097612544Difficultsoma_pred_affs/5577 with read ROI [80:1648, 7568:9136, 8720:10288] (1568, 1568, 1568) and write ROI [576:1152, 8064:8640, 9216:9792] (576, 576, 576)
Recorded block-done for octoS0SubroiZ15683136Y78409408X1097612544Difficultsoma_pred_affs/5577 with read ROI [80:1648, 7568:9136, 8720:10288] (1568, 1568, 1568) and write ROI [576:1152, 8064:8640, 9216:9792] (576, 576, 576)
Recording block-done for octoS0SubroiZ15683136Y78409408X1097612544Difficultsoma_pred_affs/92 with read ROI [656:2224, 80:1648, 1808:3376] (1568, 1568, 1568) and write ROI [1152:1728, 576:1152, 2304:2880] (576, 576, 576)
Recorded block-done for octoS0SubroiZ15683136Y78409408X1097612544Difficultsoma_pred_affs/92 with read ROI [656:2224, 80:1648, 1808:3376] (1568, 1568, 1568) and write ROI [1152:1728, 576:1152, 2304:2880] (576, 576, 576)
Recording block-done for octoS0SubroiZ15683136Y78409408X1097612544Difficultsoma_pred_affs/463 with read ROI [656:2224, 80:1648, 5264:6832] (1568, 1568, 1568) and write ROI [1152:1728, 576:1152, 5760:6336] (576, 576, 576)
Recorded block-done for octoS0SubroiZ15683136Y78409408X1097612544Difficultsoma_pred_affs/463 with read ROI [656:2224, 80:1648, 5264:6832] (1568, 1568, 1568) and write ROI [1152:1728, 576:1152, 5760:6336] (576, 576, 576)
Recording block-done for octoS0SubroiZ15683136Y78409408X1097612544Difficultsoma_pred_affs/583 with read ROI [656:2224, 1808:3376, 4112:5680] (1568, 1568, 1568) and write ROI [1152:1728, 2304:2880, 4608:5184] (576, 576, 576)
Recorded block-done for octoS0SubroiZ15683136Y78409408X1097612544Difficultsoma_pred_affs/583 with read ROI [656:2224, 1808:3376, 4112:5680] (1568, 1568, 1568) and write ROI [1152:1728, 2304:2880, 4608:5184] (576, 576, 576)
Recording block-done for octoS0SubroiZ15683136Y78409408X1097612544Difficultsoma_pred_affs/2630 with read ROI [656:2224, 2384:3952, 9296:10864] (1568, 1568, 1568) and write ROI [1152:1728, 2880:3456, 9792:10368] (576, 576, 576)
Recorded block-done for octoS0SubroiZ15683136Y78409408X1097612544Difficultsoma_pred_affs/2630 with read ROI [656:2224, 2384:3952, 9296:10864] (1568, 1568, 1568) and write ROI [1152:1728, 2880:3456, 9792:10368] (576, 576, 576)
Recording block-done for octoS0SubroiZ15683136Y78409408X1097612544Difficultsoma_pred_affs/1016 with read ROI [656:2224, 3536:5104, 4112:5680] (1568, 1568, 1568) and write ROI [1152:1728, 4032:4608, 4608:5184] (576, 576, 576)
Recorded block-done for octoS0SubroiZ15683136Y78409408X1097612544Difficultsoma_pred_affs/1016 with read ROI [656:2224, 3536:5104, 4112:5680] (1568, 1568, 1568) and write ROI [1152:1728, 4032:4608, 4608:5184] (576, 576, 576)
Recording block-done for octoS0SubroiZ15683136Y78409408X1097612544Difficultsoma_pred_affs/6091 with read ROI [656:2224, 6416:7984, 9872:11440] (1568, 1568, 1568) and write ROI [1152:1728, 6912:7488, 10368:10944] (576, 576, 576)
Recorded block-done for octoS0SubroiZ15683136Y78409408X1097612544Difficultsoma_pred_affs/6091 with read ROI [656:2224, 6416:7984, 9872:11440] (1568, 1568, 1568) and write ROI [1152:1728, 6912:7488, 10368:10944] (576, 576, 576)
Recording block-done for octoS0SubroiZ15683136Y78409408X1097612544Difficultsoma_pred_affs/2216 with read ROI [656:2224, 9296:10864, 1232:2800] (1568, 1568, 1568) and write ROI [1152:1728, 9792:10368, 1728:2304] (576, 576, 576)
Recorded block-done for octoS0SubroiZ15683136Y78409408X1097612544Difficultsoma_pred_affs/2216 with read ROI [656:2224, 9296:10864, 1232:2800] (1568, 1568, 1568) and write ROI [1152:1728, 9792:10368, 1728:2304] (576, 576, 576)
Recording block-done for octoS0SubroiZ15683136Y78409408X1097612544Difficultsoma_pred_affs/6683 with read ROI [656:2224, 7568:9136, 9296:10864] (1568, 1568, 1568) and write ROI [1152:1728, 8064:8640, 9792:10368] (576, 576, 576)
Recorded block-done for octoS0SubroiZ15683136Y78409408X1097612544Difficultsoma_pred_affs/6683 with read ROI [656:2224, 7568:9136, 9296:10864] (1568, 1568, 1568) and write ROI [1152:1728, 8064:8640, 9792:10368] (576, 576, 576)
Recording block-done for octoS0SubroiZ15683136Y78409408X1097612544Difficultsoma_pred_affs/1678 with read ROI [656:2224, 7568:9136, 1808:3376] (1568, 1568, 1568) and write ROI [1152:1728, 8064:8640, 2304:2880] (576, 576, 576)
Recorded block-done for octoS0SubroiZ15683136Y78409408X1097612544Difficultsoma_pred_affs/1678 with read ROI [656:2224, 7568:9136, 1808:3376] (1568, 1568, 1568) and write ROI [1152:1728, 8064:8640, 2304:2880] (576, 576, 576)
Recording block-done for octoS0SubroiZ15683136Y78409408X1097612544Difficultsoma_pred_affs/4617 with read ROI [656:2224, 6992:8560, 7568:9136] (1568, 1568, 1568) and write ROI [1152:1728, 7488:8064, 8064:8640] (576, 576, 576)
Recorded block-done for octoS0SubroiZ15683136Y78409408X1097612544Difficultsoma_pred_affs/4617 with read ROI [656:2224, 6992:8560, 7568:9136] (1568, 1568, 1568) and write ROI [1152:1728, 7488:8064, 8064:8640] (576, 576, 576)
Recording block-done for octoS0SubroiZ15683136Y78409408X1097612544Difficultsoma_pred_affs/108 with read ROI [1232:2800, 1232:2800, 80:1648] (1568, 1568, 1568) and write ROI [1728:2304, 1728:2304, 576:1152] (576, 576, 576)
Recorded block-done for octoS0SubroiZ15683136Y78409408X1097612544Difficultsoma_pred_affs/108 with read ROI [1232:2800, 1232:2800, 80:1648] (1568, 1568, 1568) and write ROI [1728:2304, 1728:2304, 576:1152] (576, 576, 576)
Recording block-done for octoS0SubroiZ15683136Y78409408X1097612544Difficultsoma_pred_affs/2631 with read ROI [1232:2800, 1808:3376, 9296:10864] (1568, 1568, 1568) and write ROI [1728:2304, 2304:2880, 9792:10368] (576, 576, 576)
Recorded block-done for octoS0SubroiZ15683136Y78409408X1097612544Difficultsoma_pred_affs/2631 with read ROI [1232:2800, 1808:3376, 9296:10864] (1568, 1568, 1568) and write ROI [1728:2304, 2304:2880, 9792:10368] (576, 576, 576)
Recording block-done for octoS0SubroiZ15683136Y78409408X1097612544Difficultsoma_pred_affs/1634 with read ROI [1232:2800, 5264:6832, 3536:5104] (1568, 1568, 1568) and write ROI [1728:2304, 5760:6336, 4032:4608] (576, 576, 576)
Recorded block-done for octoS0SubroiZ15683136Y78409408X1097612544Difficultsoma_pred_affs/1634 with read ROI [1232:2800, 5264:6832, 3536:5104] (1568, 1568, 1568) and write ROI [1728:2304, 5760:6336, 4032:4608] (576, 576, 576)
Recording block-done for octoS0SubroiZ15683136Y78409408X1097612544Difficultsoma_pred_affs/1588 with read ROI [1232:2800, 2960:4528, 5840:7408] (1568, 1568, 1568) and write ROI [1728:2304, 3456:4032, 6336:6912] (576, 576, 576)
Recorded block-done for octoS0SubroiZ15683136Y78409408X1097612544Difficultsoma_pred_affs/1588 with read ROI [1232:2800, 2960:4528, 5840:7408] (1568, 1568, 1568) and write ROI [1728:2304, 3456:4032, 6336:6912] (576, 576, 576)
Recording block-done for octoS0SubroiZ15683136Y78409408X1097612544Difficultsoma_pred_affs/2072 with read ROI [1232:2800, 2960:4528, 6992:8560] (1568, 1568, 1568) and write ROI [1728:2304, 3456:4032, 7488:8064] (576, 576, 576)
Recorded block-done for octoS0SubroiZ15683136Y78409408X1097612544Difficultsoma_pred_affs/2072 with read ROI [1232:2800, 2960:4528, 6992:8560] (1568, 1568, 1568) and write ROI [1728:2304, 3456:4032, 7488:8064] (576, 576, 576)
Recording block-done for octoS0SubroiZ15683136Y78409408X1097612544Difficultsoma_pred_affs/3159 with read ROI [1232:2800, 9872:11440, 1808:3376] (1568, 1568, 1568) and write ROI [1728:2304, 10368:10944, 2304:2880] (576, 576, 576)
Recorded block-done for octoS0SubroiZ15683136Y78409408X1097612544Difficultsoma_pred_affs/3159 with read ROI [1232:2800, 9872:11440, 1808:3376] (1568, 1568, 1568) and write ROI [1728:2304, 10368:10944, 2304:2880] (576, 576, 576)
Recording block-done for octoS0SubroiZ15683136Y78409408X1097612544Difficultsoma_pred_affs/1984 with read ROI [1232:2800, 9296:10864, 80:1648] (1568, 1568, 1568) and write ROI [1728:2304, 9792:10368, 576:1152] (576, 576, 576)
Recorded block-done for octoS0SubroiZ15683136Y78409408X1097612544Difficultsoma_pred_affs/1984 with read ROI [1232:2800, 9296:10864, 80:1648] (1568, 1568, 1568) and write ROI [1728:2304, 9792:10368, 576:1152] (576, 576, 576)
Recording block-done for octoS0SubroiZ15683136Y78409408X1097612544Difficultsoma_pred_affs/3828 with read ROI [1232:2800, 8144:9712, 4688:6256] (1568, 1568, 1568) and write ROI [1728:2304, 8640:9216, 5184:5760] (576, 576, 576)
Recorded block-done for octoS0SubroiZ15683136Y78409408X1097612544Difficultsoma_pred_affs/3828 with read ROI [1232:2800, 8144:9712, 4688:6256] (1568, 1568, 1568) and write ROI [1728:2304, 8640:9216, 5184:5760] (576, 576, 576)
Recording block-done for octoS0SubroiZ15683136Y78409408X1097612544Difficultsoma_pred_affs/7333 with read ROI [1232:2800, 8720:10288, 8144:9712] (1568, 1568, 1568) and write ROI [1728:2304, 9216:9792, 8640:9216] (576, 576, 576)
Recorded block-done for octoS0SubroiZ15683136Y78409408X1097612544Difficultsoma_pred_affs/7333 with read ROI [1232:2800, 8720:10288, 8144:9712] (1568, 1568, 1568) and write ROI [1728:2304, 9216:9792, 8640:9216] (576, 576, 576)
Recording block-done for octoS0SubroiZ15683136Y78409408X1097612544Difficultsoma_pred_affs/848 with read ROI [1808:3376, 1232:2800, 4688:6256] (1568, 1568, 1568) and write ROI [2304:2880, 1728:2304, 5184:5760] (576, 576, 576)
Recorded block-done for octoS0SubroiZ15683136Y78409408X1097612544Difficultsoma_pred_affs/848 with read ROI [1808:3376, 1232:2800, 4688:6256] (1568, 1568, 1568) and write ROI [2304:2880, 1728:2304, 5184:5760] (576, 576, 576)
Recording block-done for octoS0SubroiZ15683136Y78409408X1097612544Difficultsoma_pred_affs/2974 with read ROI [1808:3376, 2384:3952, 8720:10288] (1568, 1568, 1568) and write ROI [2304:2880, 2880:3456, 9216:9792] (576, 576, 576)
Recorded block-done for octoS0SubroiZ15683136Y78409408X1097612544Difficultsoma_pred_affs/2974 with read ROI [1808:3376, 2384:3952, 8720:10288] (1568, 1568, 1568) and write ROI [2304:2880, 2880:3456, 9216:9792] (576, 576, 576)
Recording block-done for octoS0SubroiZ15683136Y78409408X1097612544Difficultsoma_pred_affs/1109 with read ROI [1808:3376, 6416:7984, 80:1648] (1568, 1568, 1568) and write ROI [2304:2880, 6912:7488, 576:1152] (576, 576, 576)
Recorded block-done for octoS0SubroiZ15683136Y78409408X1097612544Difficultsoma_pred_affs/1109 with read ROI [1808:3376, 6416:7984, 80:1648] (1568, 1568, 1568) and write ROI [2304:2880, 6912:7488, 576:1152] (576, 576, 576)
Recording block-done for octoS0SubroiZ15683136Y78409408X1097612544Difficultsoma_pred_affs/3385 with read ROI [1808:3376, 5264:6832, 6416:7984] (1568, 1568, 1568) and write ROI [2304:2880, 5760:6336, 6912:7488] (576, 576, 576)
Recorded block-done for octoS0SubroiZ15683136Y78409408X1097612544Difficultsoma_pred_affs/3385 with read ROI [1808:3376, 5264:6832, 6416:7984] (1568, 1568, 1568) and write ROI [2304:2880, 5760:6336, 6912:7488] (576, 576, 576)
Recording block-done for octoS0SubroiZ15683136Y78409408X1097612544Difficultsoma_pred_affs/1349 with read ROI [1808:3376, 80:1648, 7568:9136] (1568, 1568, 1568) and write ROI [2304:2880, 576:1152, 8064:8640] (576, 576, 576)
Recorded block-done for octoS0SubroiZ15683136Y78409408X1097612544Difficultsoma_pred_affs/1349 with read ROI [1808:3376, 80:1648, 7568:9136] (1568, 1568, 1568) and write ROI [2304:2880, 576:1152, 8064:8640] (576, 576, 576)
Recording block-done for octoS0SubroiZ15683136Y78409408X1097612544Difficultsoma_pred_affs/7927 with read ROI [1808:3376, 6992:8560, 9872:11440] (1568, 1568, 1568) and write ROI [2304:2880, 7488:8064, 10368:10944] (576, 576, 576)
Recorded block-done for octoS0SubroiZ15683136Y78409408X1097612544Difficultsoma_pred_affs/7927 with read ROI [1808:3376, 6992:8560, 9872:11440] (1568, 1568, 1568) and write ROI [2304:2880, 7488:8064, 10368:10944] (576, 576, 576)
Recording block-done for octoS0SubroiZ15683136Y78409408X1097612544Difficultsoma_pred_affs/1946 with read ROI [1808:3376, 7568:9136, 1232:2800] (1568, 1568, 1568) and write ROI [2304:2880, 8064:8640, 1728:2304] (576, 576, 576)
Recorded block-done for octoS0SubroiZ15683136Y78409408X1097612544Difficultsoma_pred_affs/1946 with read ROI [1808:3376, 7568:9136, 1232:2800] (1568, 1568, 1568) and write ROI [2304:2880, 8064:8640, 1728:2304] (576, 576, 576)
Recording block-done for octoS0SubroiZ15683136Y78409408X1097612544Difficultsoma_pred_affs/9374 with read ROI [1808:3376, 9296:10864, 8720:10288] (1568, 1568, 1568) and write ROI [2304:2880, 9792:10368, 9216:9792] (576, 576, 576)
Recorded block-done for octoS0SubroiZ15683136Y78409408X1097612544Difficultsoma_pred_affs/9374 with read ROI [1808:3376, 9296:10864, 8720:10288] (1568, 1568, 1568) and write ROI [2304:2880, 9792:10368, 9216:9792] (576, 576, 576)
Recording block-done for octoS0SubroiZ15683136Y78409408X1097612544Difficultsoma_pred_affs/5631 with read ROI [1808:3376, 7568:9136, 6992:8560] (1568, 1568, 1568) and write ROI [2304:2880, 8064:8640, 7488:8064] (576, 576, 576)
Recorded block-done for octoS0SubroiZ15683136Y78409408X1097612544Difficultsoma_pred_affs/5631 with read ROI [1808:3376, 7568:9136, 6992:8560] (1568, 1568, 1568) and write ROI [2304:2880, 8064:8640, 7488:8064] (576, 576, 576)
Recording block-done for octoS0SubroiZ15683136Y78409408X1097612544Difficultsoma_pred_affs/7984 with read ROI [1808:3376, 8720:10288, 8144:9712] (1568, 1568, 1568) and write ROI [2304:2880, 9216:9792, 8640:9216] (576, 576, 576)
Recorded block-done for octoS0SubroiZ15683136Y78409408X1097612544Difficultsoma_pred_affs/7984 with read ROI [1808:3376, 8720:10288, 8144:9712] (1568, 1568, 1568) and write ROI [2304:2880, 9216:9792, 8640:9216] (576, 576, 576)
Recording block-done for octoS0SubroiZ15683136Y78409408X1097612544Difficultsoma_pred_affs/246 with read ROI [2384:3952, 80:1648, 1808:3376] (1568, 1568, 1568) and write ROI [2880:3456, 576:1152, 2304:2880] (576, 576, 576)
Recorded block-done for octoS0SubroiZ15683136Y78409408X1097612544Difficultsoma_pred_affs/246 with read ROI [2384:3952, 80:1648, 1808:3376] (1568, 1568, 1568) and write ROI [2880:3456, 576:1152, 2304:2880] (576, 576, 576)
Recording block-done for octoS0SubroiZ15683136Y78409408X1097612544Difficultsoma_pred_affs/270 with read ROI [2384:3952, 1808:3376, 80:1648] (1568, 1568, 1568) and write ROI [2880:3456, 2304:2880, 576:1152] (576, 576, 576)
Recorded block-done for octoS0SubroiZ15683136Y78409408X1097612544Difficultsoma_pred_affs/270 with read ROI [2384:3952, 1808:3376, 80:1648] (1568, 1568, 1568) and write ROI [2880:3456, 2304:2880, 576:1152] (576, 576, 576)
Recording block-done for octoS0SubroiZ15683136Y78409408X1097612544Difficultsoma_pred_affs/2958 with read ROI [2384:3952, 656:2224, 9872:11440] (1568, 1568, 1568) and write ROI [2880:3456, 1152:1728, 10368:10944] (576, 576, 576)
Recorded block-done for octoS0SubroiZ15683136Y78409408X1097612544Difficultsoma_pred_affs/2958 with read ROI [2384:3952, 656:2224, 9872:11440] (1568, 1568, 1568) and write ROI [2880:3456, 1152:1728, 10368:10944] (576, 576, 576)
Recording block-done for octoS0SubroiZ15683136Y78409408X1097612544Difficultsoma_pred_affs/1413 with read ROI [2384:3952, 3536:5104, 3536:5104] (1568, 1568, 1568) and write ROI [2880:3456, 4032:4608, 4032:4608] (576, 576, 576)
Recorded block-done for octoS0SubroiZ15683136Y78409408X1097612544Difficultsoma_pred_affs/1413 with read ROI [2384:3952, 3536:5104, 3536:5104] (1568, 1568, 1568) and write ROI [2880:3456, 4032:4608, 4032:4608] (576, 576, 576)
Recording block-done for octoS0SubroiZ15683136Y78409408X1097612544Difficultsoma_pred_affs/656 with read ROI [2384:3952, 4112:5680, 80:1648] (1568, 1568, 1568) and write ROI [2880:3456, 4608:5184, 576:1152] (576, 576, 576)
Recorded block-done for octoS0SubroiZ15683136Y78409408X1097612544Difficultsoma_pred_affs/656 with read ROI [2384:3952, 4112:5680, 80:1648] (1568, 1568, 1568) and write ROI [2880:3456, 4608:5184, 576:1152] (576, 576, 576)
Recording block-done for octoS0SubroiZ15683136Y78409408X1097612544Difficultsoma_pred_affs/3830 with read ROI [2384:3952, 6992:8560, 4688:6256] (1568, 1568, 1568) and write ROI [2880:3456, 7488:8064, 5184:5760] (576, 576, 576)
Recorded block-done for octoS0SubroiZ15683136Y78409408X1097612544Difficultsoma_pred_affs/3830 with read ROI [2384:3952, 6992:8560, 4688:6256] (1568, 1568, 1568) and write ROI [2880:3456, 7488:8064, 5184:5760] (576, 576, 576)
Recording block-done for octoS0SubroiZ15683136Y78409408X1097612544Difficultsoma_pred_affs/5265 with read ROI [2384:3952, 10448:12016, 2960:4528] (1568, 1568, 1568) and write ROI [2880:3456, 10944:11520, 3456:4032] (576, 576, 576)
Recorded block-done for octoS0SubroiZ15683136Y78409408X1097612544Difficultsoma_pred_affs/5265 with read ROI [2384:3952, 10448:12016, 2960:4528] (1568, 1568, 1568) and write ROI [2880:3456, 10944:11520, 3456:4032] (576, 576, 576)
Recording block-done for octoS0SubroiZ15683136Y78409408X1097612544Difficultsoma_pred_affs/516 with read ROI [2960:4528, 1808:3376, 1232:2800] (1568, 1568, 1568) and write ROI [3456:4032, 2304:2880, 1728:2304] (576, 576, 576)
Recorded block-done for octoS0SubroiZ15683136Y78409408X1097612544Difficultsoma_pred_affs/516 with read ROI [2960:4528, 1808:3376, 1232:2800] (1568, 1568, 1568) and write ROI [3456:4032, 2304:2880, 1728:2304] (576, 576, 576)
Recording block-done for octoS0SubroiZ15683136Y78409408X1097612544Difficultsoma_pred_affs/1011 with read ROI [2960:4528, 656:2224, 4688:6256] (1568, 1568, 1568) and write ROI [3456:4032, 1152:1728, 5184:5760] (576, 576, 576)
Recorded block-done for octoS0SubroiZ15683136Y78409408X1097612544Difficultsoma_pred_affs/1011 with read ROI [2960:4528, 656:2224, 4688:6256] (1568, 1568, 1568) and write ROI [3456:4032, 1152:1728, 5184:5760] (576, 576, 576)
Recording block-done for octoS0SubroiZ15683136Y78409408X1097612544Difficultsoma_pred_affs/1191 with read ROI [2960:4528, 1232:2800, 4688:6256] (1568, 1568, 1568) and write ROI [3456:4032, 1728:2304, 5184:5760] (576, 576, 576)
Recorded block-done for octoS0SubroiZ15683136Y78409408X1097612544Difficultsoma_pred_affs/1191 with read ROI [2960:4528, 1232:2800, 4688:6256] (1568, 1568, 1568) and write ROI [3456:4032, 1728:2304, 5184:5760] (576, 576, 576)
Recording block-done for octoS0SubroiZ15683136Y78409408X1097612544Difficultsoma_pred_affs/791 with read ROI [2960:4528, 4112:5680, 80:1648] (1568, 1568, 1568) and write ROI [3456:4032, 4608:5184, 576:1152] (576, 576, 576)
Recorded block-done for octoS0SubroiZ15683136Y78409408X1097612544Difficultsoma_pred_affs/791 with read ROI [2960:4528, 4112:5680, 80:1648] (1568, 1568, 1568) and write ROI [3456:4032, 4608:5184, 576:1152] (576, 576, 576)
Recording block-done for octoS0SubroiZ15683136Y78409408X1097612544Difficultsoma_pred_affs/4579 with read ROI [2960:4528, 2960:4528, 9296:10864] (1568, 1568, 1568) and write ROI [3456:4032, 3456:4032, 9792:10368] (576, 576, 576)
Recorded block-done for octoS0SubroiZ15683136Y78409408X1097612544Difficultsoma_pred_affs/4579 with read ROI [2960:4528, 2960:4528, 9296:10864] (1568, 1568, 1568) and write ROI [3456:4032, 3456:4032, 9792:10368] (576, 576, 576)
Recording block-done for octoS0SubroiZ15683136Y78409408X1097612544Difficultsoma_pred_affs/1855 with read ROI [2960:4528, 2960:4528, 4688:6256] (1568, 1568, 1568) and write ROI [3456:4032, 3456:4032, 5184:5760] (576, 576, 576)
Recorded block-done for octoS0SubroiZ15683136Y78409408X1097612544Difficultsoma_pred_affs/1855 with read ROI [2960:4528, 2960:4528, 4688:6256] (1568, 1568, 1568) and write ROI [3456:4032, 3456:4032, 5184:5760] (576, 576, 576)
Recording block-done for octoS0SubroiZ15683136Y78409408X1097612544Difficultsoma_pred_affs/2697 with read ROI [2960:4528, 3536:5104, 5840:7408] (1568, 1568, 1568) and write ROI [3456:4032, 4032:4608, 6336:6912] (576, 576, 576)
Recorded block-done for octoS0SubroiZ15683136Y78409408X1097612544Difficultsoma_pred_affs/2697 with read ROI [2960:4528, 3536:5104, 5840:7408] (1568, 1568, 1568) and write ROI [3456:4032, 4032:4608, 6336:6912] (576, 576, 576)
Recording block-done for octoS0SubroiZ15683136Y78409408X1097612544Difficultsoma_pred_affs/5057 with read ROI [2960:4528, 3536:5104, 9296:10864] (1568, 1568, 1568) and write ROI [3456:4032, 4032:4608, 9792:10368] (576, 576, 576)
Recorded block-done for octoS0SubroiZ15683136Y78409408X1097612544Difficultsoma_pred_affs/5057 with read ROI [2960:4528, 3536:5104, 9296:10864] (1568, 1568, 1568) and write ROI [3456:4032, 4032:4608, 9792:10368] (576, 576, 576)
Recording block-done for octoS0SubroiZ15683136Y78409408X1097612544Difficultsoma_pred_affs/2220 with read ROI [2960:4528, 6992:8560, 1232:2800] (1568, 1568, 1568) and write ROI [3456:4032, 7488:8064, 1728:2304] (576, 576, 576)
Recorded block-done for octoS0SubroiZ15683136Y78409408X1097612544Difficultsoma_pred_affs/2220 with read ROI [2960:4528, 6992:8560, 1232:2800] (1568, 1568, 1568) and write ROI [3456:4032, 7488:8064, 1728:2304] (576, 576, 576)
Recording block-done for octoS0SubroiZ15683136Y78409408X1097612544Difficultsoma_pred_affs/2837 with read ROI [2960:4528, 8144:9712, 1232:2800] (1568, 1568, 1568) and write ROI [3456:4032, 8640:9216, 1728:2304] (576, 576, 576)
Recorded block-done for octoS0SubroiZ15683136Y78409408X1097612544Difficultsoma_pred_affs/2837 with read ROI [2960:4528, 8144:9712, 1232:2800] (1568, 1568, 1568) and write ROI [3456:4032, 8640:9216, 1728:2304] (576, 576, 576)
Recording block-done for octoS0SubroiZ15683136Y78409408X1097612544Difficultsoma_pred_affs/5693 with read ROI [2960:4528, 8144:9712, 5264:6832] (1568, 1568, 1568) and write ROI [3456:4032, 8640:9216, 5760:6336] (576, 576, 576)
Recorded block-done for octoS0SubroiZ15683136Y78409408X1097612544Difficultsoma_pred_affs/5693 with read ROI [2960:4528, 8144:9712, 5264:6832] (1568, 1568, 1568) and write ROI [3456:4032, 8640:9216, 5760:6336] (576, 576, 576)
Recording block-done for octoS0SubroiZ15683136Y78409408X1097612544Difficultsoma_pred_affs/4276 with read ROI [2960:4528, 7568:9136, 4112:5680] (1568, 1568, 1568) and write ROI [3456:4032, 8064:8640, 4608:5184] (576, 576, 576)
Recorded block-done for octoS0SubroiZ15683136Y78409408X1097612544Difficultsoma_pred_affs/4276 with read ROI [2960:4528, 7568:9136, 4112:5680] (1568, 1568, 1568) and write ROI [3456:4032, 8064:8640, 4608:5184] (576, 576, 576)
Recording block-done for octoS0SubroiZ15683136Y78409408X1097612544Difficultsoma_pred_affs/7966 with read ROI [2960:4528, 6992:8560, 8720:10288] (1568, 1568, 1568) and write ROI [3456:4032, 7488:8064, 9216:9792] (576, 576, 576)
Recorded block-done for octoS0SubroiZ15683136Y78409408X1097612544Difficultsoma_pred_affs/7966 with read ROI [2960:4528, 6992:8560, 8720:10288] (1568, 1568, 1568) and write ROI [3456:4032, 7488:8064, 9216:9792] (576, 576, 576)
Recording block-done for octoS0SubroiZ15683136Y78409408X1097612544Difficultsoma_pred_affs/3231 with read ROI [2960:4528, 9872:11440, 80:1648] (1568, 1568, 1568) and write ROI [3456:4032, 10368:10944, 576:1152] (576, 576, 576)
Recorded block-done for octoS0SubroiZ15683136Y78409408X1097612544Difficultsoma_pred_affs/3231 with read ROI [2960:4528, 9872:11440, 80:1648] (1568, 1568, 1568) and write ROI [3456:4032, 10368:10944, 576:1152] (576, 576, 576)
Recording block-done for octoS0SubroiZ15683136Y78409408X1097612544Difficultsoma_pred_affs/407 with read ROI [3536:5104, 80:1648, 1808:3376] (1568, 1568, 1568) and write ROI [4032:4608, 576:1152, 2304:2880] (576, 576, 576)
Recorded block-done for octoS0SubroiZ15683136Y78409408X1097612544Difficultsoma_pred_affs/407 with read ROI [3536:5104, 80:1648, 1808:3376] (1568, 1568, 1568) and write ROI [4032:4608, 576:1152, 2304:2880] (576, 576, 576)
Recording block-done for octoS0SubroiZ15683136Y78409408X1097612544Difficultsoma_pred_affs/528 with read ROI [3536:5104, 1808:3376, 656:2224] (1568, 1568, 1568) and write ROI [4032:4608, 2304:2880, 1152:1728] (576, 576, 576)
Recorded block-done for octoS0SubroiZ15683136Y78409408X1097612544Difficultsoma_pred_affs/528 with read ROI [3536:5104, 1808:3376, 656:2224] (1568, 1568, 1568) and write ROI [4032:4608, 2304:2880, 1152:1728] (576, 576, 576)
Recording block-done for octoS0SubroiZ15683136Y78409408X1097612544Difficultsoma_pred_affs/9421 with read ROI [2960:4528, 9296:10864, 7568:9136] (1568, 1568, 1568) and write ROI [3456:4032, 9792:10368, 8064:8640] (576, 576, 576)
Recorded block-done for octoS0SubroiZ15683136Y78409408X1097612544Difficultsoma_pred_affs/9421 with read ROI [2960:4528, 9296:10864, 7568:9136] (1568, 1568, 1568) and write ROI [3456:4032, 9792:10368, 8064:8640] (576, 576, 576)
Recording block-done for octoS0SubroiZ15683136Y78409408X1097612544Difficultsoma_pred_affs/4133 with read ROI [3536:5104, 1808:3376, 9296:10864] (1568, 1568, 1568) and write ROI [4032:4608, 2304:2880, 9792:10368] (576, 576, 576)
Recorded block-done for octoS0SubroiZ15683136Y78409408X1097612544Difficultsoma_pred_affs/4133 with read ROI [3536:5104, 1808:3376, 9296:10864] (1568, 1568, 1568) and write ROI [4032:4608, 2304:2880, 9792:10368] (576, 576, 576)
Recording block-done for octoS0SubroiZ15683136Y78409408X1097612544Difficultsoma_pred_affs/10211 with read ROI [2960:4528, 10448:12016, 6992:8560] (1568, 1568, 1568) and write ROI [3456:4032, 10944:11520, 7488:8064] (576, 576, 576)
Recorded block-done for octoS0SubroiZ15683136Y78409408X1097612544Difficultsoma_pred_affs/10211 with read ROI [2960:4528, 10448:12016, 6992:8560] (1568, 1568, 1568) and write ROI [3456:4032, 10944:11520, 7488:8064] (576, 576, 576)
Recording block-done for octoS0SubroiZ15683136Y78409408X1097612544Difficultsoma_pred_affs/3419 with read ROI [3536:5104, 4688:6256, 5264:6832] (1568, 1568, 1568) and write ROI [4032:4608, 5184:5760, 5760:6336] (576, 576, 576)
Recorded block-done for octoS0SubroiZ15683136Y78409408X1097612544Difficultsoma_pred_affs/3419 with read ROI [3536:5104, 4688:6256, 5264:6832] (1568, 1568, 1568) and write ROI [4032:4608, 5184:5760, 5760:6336] (576, 576, 576)
Recording block-done for octoS0SubroiZ15683136Y78409408X1097612544Difficultsoma_pred_affs/1067 with read ROI [3536:5104, 2960:4528, 1808:3376] (1568, 1568, 1568) and write ROI [4032:4608, 3456:4032, 2304:2880] (576, 576, 576)
Recorded block-done for octoS0SubroiZ15683136Y78409408X1097612544Difficultsoma_pred_affs/1067 with read ROI [3536:5104, 2960:4528, 1808:3376] (1568, 1568, 1568) and write ROI [4032:4608, 3456:4032, 2304:2880] (576, 576, 576)
Recording block-done for octoS0SubroiZ15683136Y78409408X1097612544Difficultsoma_pred_affs/1869 with read ROI [3536:5104, 2960:4528, 4112:5680] (1568, 1568, 1568) and write ROI [4032:4608, 3456:4032, 4608:5184] (576, 576, 576)
Recorded block-done for octoS0SubroiZ15683136Y78409408X1097612544Difficultsoma_pred_affs/1869 with read ROI [3536:5104, 2960:4528, 4112:5680] (1568, 1568, 1568) and write ROI [4032:4608, 3456:4032, 4608:5184] (576, 576, 576)
Recording block-done for octoS0SubroiZ15683136Y78409408X1097612544Difficultsoma_pred_affs/1490 with read ROI [3536:5104, 5264:6832, 656:2224] (1568, 1568, 1568) and write ROI [4032:4608, 5760:6336, 1152:1728] (576, 576, 576)
Recorded block-done for octoS0SubroiZ15683136Y78409408X1097612544Difficultsoma_pred_affs/1490 with read ROI [3536:5104, 5264:6832, 656:2224] (1568, 1568, 1568) and write ROI [4032:4608, 5760:6336, 1152:1728] (576, 576, 576)
Recording block-done for octoS0SubroiZ15683136Y78409408X1097612544Difficultsoma_pred_affs/3454 with read ROI [3536:5104, 5840:7408, 4112:5680] (1568, 1568, 1568) and write ROI [4032:4608, 6336:6912, 4608:5184] (576, 576, 576)
Recorded block-done for octoS0SubroiZ15683136Y78409408X1097612544Difficultsoma_pred_affs/3454 with read ROI [3536:5104, 5840:7408, 4112:5680] (1568, 1568, 1568) and write ROI [4032:4608, 6336:6912, 4608:5184] (576, 576, 576)
Recording block-done for octoS0SubroiZ15683136Y78409408X1097612544Difficultsoma_pred_affs/2883 with read ROI [3536:5104, 8720:10288, 80:1648] (1568, 1568, 1568) and write ROI [4032:4608, 9216:9792, 576:1152] (576, 576, 576)
Recorded block-done for octoS0SubroiZ15683136Y78409408X1097612544Difficultsoma_pred_affs/2883 with read ROI [3536:5104, 8720:10288, 80:1648] (1568, 1568, 1568) and write ROI [4032:4608, 9216:9792, 576:1152] (576, 576, 576)
Recording block-done for octoS0SubroiZ15683136Y78409408X1097612544Difficultsoma_pred_affs/10097 with read ROI [3536:5104, 6992:8560, 9872:11440] (1568, 1568, 1568) and write ROI [4032:4608, 7488:8064, 10368:10944] (576, 576, 576)
Recorded block-done for octoS0SubroiZ15683136Y78409408X1097612544Difficultsoma_pred_affs/10097 with read ROI [3536:5104, 6992:8560, 9872:11440] (1568, 1568, 1568) and write ROI [4032:4608, 7488:8064, 10368:10944] (576, 576, 576)
Recording block-done for octoS0SubroiZ15683136Y78409408X1097612544Difficultsoma_pred_affs/9377 with read ROI [3536:5104, 7568:9136, 8720:10288] (1568, 1568, 1568) and write ROI [4032:4608, 8064:8640, 9216:9792] (576, 576, 576)
Recorded block-done for octoS0SubroiZ15683136Y78409408X1097612544Difficultsoma_pred_affs/9377 with read ROI [3536:5104, 7568:9136, 8720:10288] (1568, 1568, 1568) and write ROI [4032:4608, 8064:8640, 9216:9792] (576, 576, 576)
Recording block-done for octoS0SubroiZ15683136Y78409408X1097612544Difficultsoma_pred_affs/2560 with read ROI [3536:5104, 8144:9712, 80:1648] (1568, 1568, 1568) and write ROI [4032:4608, 8640:9216, 576:1152] (576, 576, 576)
Recorded block-done for octoS0SubroiZ15683136Y78409408X1097612544Difficultsoma_pred_affs/2560 with read ROI [3536:5104, 8144:9712, 80:1648] (1568, 1568, 1568) and write ROI [4032:4608, 8640:9216, 576:1152] (576, 576, 576)
Recording block-done for octoS0SubroiZ15683136Y78409408X1097612544Difficultsoma_pred_affs/10187 with read ROI [3536:5104, 9296:10864, 7568:9136] (1568, 1568, 1568) and write ROI [4032:4608, 9792:10368, 8064:8640] (576, 576, 576)
Recorded block-done for octoS0SubroiZ15683136Y78409408X1097612544Difficultsoma_pred_affs/10187 with read ROI [3536:5104, 9296:10864, 7568:9136] (1568, 1568, 1568) and write ROI [4032:4608, 9792:10368, 8064:8640] (576, 576, 576)
Recording block-done for octoS0SubroiZ15683136Y78409408X1097612544Difficultsoma_pred_affs/9446 with read ROI [3536:5104, 9296:10864, 6992:8560] (1568, 1568, 1568) and write ROI [4032:4608, 9792:10368, 7488:8064] (576, 576, 576)
Recorded block-done for octoS0SubroiZ15683136Y78409408X1097612544Difficultsoma_pred_affs/9446 with read ROI [3536:5104, 9296:10864, 6992:8560] (1568, 1568, 1568) and write ROI [4032:4608, 9792:10368, 7488:8064] (576, 576, 576)
Recording block-done for octoS0SubroiZ15683136Y78409408X1097612544Difficultsoma_pred_affs/10992 with read ROI [3536:5104, 9872:11440, 7568:9136] (1568, 1568, 1568) and write ROI [4032:4608, 10368:10944, 8064:8640] (576, 576, 576)
Recorded block-done for octoS0SubroiZ15683136Y78409408X1097612544Difficultsoma_pred_affs/10992 with read ROI [3536:5104, 9872:11440, 7568:9136] (1568, 1568, 1568) and write ROI [4032:4608, 10368:10944, 8064:8640] (576, 576, 576)
Recording block-done for octoS0SubroiZ15683136Y78409408X1097612544Difficultsoma_pred_affs/4239 with read ROI [4112:5680, 5264:6832, 5264:6832] (1568, 1568, 1568) and write ROI [4608:5184, 5760:6336, 5760:6336] (576, 576, 576)
Recorded block-done for octoS0SubroiZ15683136Y78409408X1097612544Difficultsoma_pred_affs/4239 with read ROI [4112:5680, 5264:6832, 5264:6832] (1568, 1568, 1568) and write ROI [4608:5184, 5760:6336, 5760:6336] (576, 576, 576)
Recording block-done for octoS0SubroiZ15683136Y78409408X1097612544Difficultsoma_pred_affs/5584 with read ROI [4112:5680, 3536:5104, 8720:10288] (1568, 1568, 1568) and write ROI [4608:5184, 4032:4608, 9216:9792] (576, 576, 576)
Recorded block-done for octoS0SubroiZ15683136Y78409408X1097612544Difficultsoma_pred_affs/5584 with read ROI [4112:5680, 3536:5104, 8720:10288] (1568, 1568, 1568) and write ROI [4608:5184, 4032:4608, 9216:9792] (576, 576, 576)
Recording block-done for octoS0SubroiZ15683136Y78409408X1097612544Difficultsoma_pred_affs/1491 with read ROI [4112:5680, 4688:6256, 656:2224] (1568, 1568, 1568) and write ROI [4608:5184, 5184:5760, 1152:1728] (576, 576, 576)
Recorded block-done for octoS0SubroiZ15683136Y78409408X1097612544Difficultsoma_pred_affs/1491 with read ROI [4112:5680, 4688:6256, 656:2224] (1568, 1568, 1568) and write ROI [4608:5184, 5184:5760, 1152:1728] (576, 576, 576)
Recording block-done for octoS0SubroiZ15683136Y78409408X1097612544Difficultsoma_pred_affs/6163 with read ROI [4112:5680, 5264:6832, 7568:9136] (1568, 1568, 1568) and write ROI [4608:5184, 5760:6336, 8064:8640] (576, 576, 576)
Recorded block-done for octoS0SubroiZ15683136Y78409408X1097612544Difficultsoma_pred_affs/6163 with read ROI [4112:5680, 5264:6832, 7568:9136] (1568, 1568, 1568) and write ROI [4608:5184, 5760:6336, 8064:8640] (576, 576, 576)
Recording block-done for octoS0SubroiZ15683136Y78409408X1097612544Difficultsoma_pred_affs/3584 with read ROI [4112:5680, 8720:10288, 656:2224] (1568, 1568, 1568) and write ROI [4608:5184, 9216:9792, 1152:1728] (576, 576, 576)
Recorded block-done for octoS0SubroiZ15683136Y78409408X1097612544Difficultsoma_pred_affs/3584 with read ROI [4112:5680, 8720:10288, 656:2224] (1568, 1568, 1568) and write ROI [4608:5184, 9216:9792, 1152:1728] (576, 576, 576)
Recording block-done for octoS0SubroiZ15683136Y78409408X1097612544Difficultsoma_pred_affs/12649 with read ROI [4112:5680, 8720:10288, 9296:10864] (1568, 1568, 1568) and write ROI [4608:5184, 9216:9792, 9792:10368] (576, 576, 576)
Recorded block-done for octoS0SubroiZ15683136Y78409408X1097612544Difficultsoma_pred_affs/12649 with read ROI [4112:5680, 8720:10288, 9296:10864] (1568, 1568, 1568) and write ROI [4608:5184, 9216:9792, 9792:10368] (576, 576, 576)
Recording block-done for octoS0SubroiZ15683136Y78409408X1097612544Difficultsoma_pred_affs/6878 with read ROI [4112:5680, 9296:10864, 4112:5680] (1568, 1568, 1568) and write ROI [4608:5184, 9792:10368, 4608:5184] (576, 576, 576)
Recorded block-done for octoS0SubroiZ15683136Y78409408X1097612544Difficultsoma_pred_affs/6878 with read ROI [4112:5680, 9296:10864, 4112:5680] (1568, 1568, 1568) and write ROI [4608:5184, 9792:10368, 4608:5184] (576, 576, 576)
Recording block-done for octoS0SubroiZ15683136Y78409408X1097612544Difficultsoma_pred_affs/4321 with read ROI [4112:5680, 7568:9136, 2960:4528] (1568, 1568, 1568) and write ROI [4608:5184, 8064:8640, 3456:4032] (576, 576, 576)
Recorded block-done for octoS0SubroiZ15683136Y78409408X1097612544Difficultsoma_pred_affs/4321 with read ROI [4112:5680, 7568:9136, 2960:4528] (1568, 1568, 1568) and write ROI [4608:5184, 8064:8640, 3456:4032] (576, 576, 576)
Recording block-done for octoS0SubroiZ15683136Y78409408X1097612544Difficultsoma_pred_affs/8697 with read ROI [4112:5680, 7568:9136, 7568:9136] (1568, 1568, 1568) and write ROI [4608:5184, 8064:8640, 8064:8640] (576, 576, 576)
Recorded block-done for octoS0SubroiZ15683136Y78409408X1097612544Difficultsoma_pred_affs/8697 with read ROI [4112:5680, 7568:9136, 7568:9136] (1568, 1568, 1568) and write ROI [4608:5184, 8064:8640, 8064:8640] (576, 576, 576)
Recording block-done for octoS0SubroiZ15683136Y78409408X1097612544Difficultsoma_pred_affs/4694 with read ROI [4688:6256, 5264:6832, 5264:6832] (1568, 1568, 1568) and write ROI [5184:5760, 5760:6336, 5760:6336] (576, 576, 576)
Recorded block-done for octoS0SubroiZ15683136Y78409408X1097612544Difficultsoma_pred_affs/4694 with read ROI [4688:6256, 5264:6832, 5264:6832] (1568, 1568, 1568) and write ROI [5184:5760, 5760:6336, 5760:6336] (576, 576, 576)
Recording block-done for octoS0SubroiZ15683136Y78409408X1097612544Difficultsoma_pred_affs/2499 with read ROI [4688:6256, 5264:6832, 1808:3376] (1568, 1568, 1568) and write ROI [5184:5760, 5760:6336, 2304:2880] (576, 576, 576)
Recorded block-done for octoS0SubroiZ15683136Y78409408X1097612544Difficultsoma_pred_affs/2499 with read ROI [4688:6256, 5264:6832, 1808:3376] (1568, 1568, 1568) and write ROI [5184:5760, 5760:6336, 2304:2880] (576, 576, 576)
Recording block-done for octoS0SubroiZ15683136Y78409408X1097612544Difficultsoma_pred_affs/2819 with read ROI [4688:6256, 5840:7408, 1808:3376] (1568, 1568, 1568) and write ROI [5184:5760, 6336:6912, 2304:2880] (576, 576, 576)
Recorded block-done for octoS0SubroiZ15683136Y78409408X1097612544Difficultsoma_pred_affs/2819 with read ROI [4688:6256, 5840:7408, 1808:3376] (1568, 1568, 1568) and write ROI [5184:5760, 6336:6912, 2304:2880] (576, 576, 576)
Recording block-done for octoS0SubroiZ15683136Y78409408X1097612544Difficultsoma_pred_affs/1114 with read ROI [4688:6256, 3536:5104, 80:1648] (1568, 1568, 1568) and write ROI [5184:5760, 4032:4608, 576:1152] (576, 576, 576)
Recorded block-done for octoS0SubroiZ15683136Y78409408X1097612544Difficultsoma_pred_affs/1114 with read ROI [4688:6256, 3536:5104, 80:1648] (1568, 1568, 1568) and write ROI [5184:5760, 4032:4608, 576:1152] (576, 576, 576)
Recording block-done for octoS0SubroiZ15683136Y78409408X1097612544Difficultsoma_pred_affs/6674 with read ROI [4688:6256, 2960:4528, 9872:11440] (1568, 1568, 1568) and write ROI [5184:5760, 3456:4032, 10368:10944] (576, 576, 576)
Recorded block-done for octoS0SubroiZ15683136Y78409408X1097612544Difficultsoma_pred_affs/6674 with read ROI [4688:6256, 2960:4528, 9872:11440] (1568, 1568, 1568) and write ROI [5184:5760, 3456:4032, 10368:10944] (576, 576, 576)
Recording block-done for octoS0SubroiZ15683136Y78409408X1097612544Difficultsoma_pred_affs/4829 with read ROI [4688:6256, 8720:10288, 1808:3376] (1568, 1568, 1568) and write ROI [5184:5760, 9216:9792, 2304:2880] (576, 576, 576)
Recorded block-done for octoS0SubroiZ15683136Y78409408X1097612544Difficultsoma_pred_affs/4829 with read ROI [4688:6256, 8720:10288, 1808:3376] (1568, 1568, 1568) and write ROI [5184:5760, 9216:9792, 2304:2880] (576, 576, 576)
Recording block-done for octoS0SubroiZ15683136Y78409408X1097612544Difficultsoma_pred_affs/4447 with read ROI [4688:6256, 9872:11440, 80:1648] (1568, 1568, 1568) and write ROI [5184:5760, 10368:10944, 576:1152] (576, 576, 576)
Recorded block-done for octoS0SubroiZ15683136Y78409408X1097612544Difficultsoma_pred_affs/4447 with read ROI [4688:6256, 9872:11440, 80:1648] (1568, 1568, 1568) and write ROI [5184:5760, 10368:10944, 576:1152] (576, 576, 576)
Recording block-done for octoS0SubroiZ15683136Y78409408X1097612544Difficultsoma_pred_affs/8770 with read ROI [4688:6256, 8720:10288, 5840:7408] (1568, 1568, 1568) and write ROI [5184:5760, 9216:9792, 6336:6912] (576, 576, 576)
Recorded block-done for octoS0SubroiZ15683136Y78409408X1097612544Difficultsoma_pred_affs/8770 with read ROI [4688:6256, 8720:10288, 5840:7408] (1568, 1568, 1568) and write ROI [5184:5760, 9216:9792, 6336:6912] (576, 576, 576)
Recording block-done for octoS0SubroiZ15683136Y78409408X1097612544Difficultsoma_pred_affs/946 with read ROI [5264:6832, 2384:3952, 80:1648] (1568, 1568, 1568) and write ROI [5760:6336, 2880:3456, 576:1152] (576, 576, 576)
Recorded block-done for octoS0SubroiZ15683136Y78409408X1097612544Difficultsoma_pred_affs/946 with read ROI [5264:6832, 2384:3952, 80:1648] (1568, 1568, 1568) and write ROI [5760:6336, 2880:3456, 576:1152] (576, 576, 576)
Recording block-done for octoS0SubroiZ15683136Y78409408X1097612544Difficultsoma_pred_affs/8032 with read ROI [4688:6256, 6992:8560, 6992:8560] (1568, 1568, 1568) and write ROI [5184:5760, 7488:8064, 7488:8064] (576, 576, 576)
Recorded block-done for octoS0SubroiZ15683136Y78409408X1097612544Difficultsoma_pred_affs/8032 with read ROI [4688:6256, 6992:8560, 6992:8560] (1568, 1568, 1568) and write ROI [5184:5760, 7488:8064, 7488:8064] (576, 576, 576)
Recording block-done for octoS0SubroiZ15683136Y78409408X1097612544Difficultsoma_pred_affs/6114 with read ROI [5264:6832, 2384:3952, 9296:10864] (1568, 1568, 1568) and write ROI [5760:6336, 2880:3456, 9792:10368] (576, 576, 576)
Recorded block-done for octoS0SubroiZ15683136Y78409408X1097612544Difficultsoma_pred_affs/6114 with read ROI [5264:6832, 2384:3952, 9296:10864] (1568, 1568, 1568) and write ROI [5760:6336, 2880:3456, 9792:10368] (576, 576, 576)
Recording block-done for octoS0SubroiZ15683136Y78409408X1097612544Difficultsoma_pred_affs/3055 with read ROI [5264:6832, 2384:3952, 5264:6832] (1568, 1568, 1568) and write ROI [5760:6336, 2880:3456, 5760:6336] (576, 576, 576)
Recorded block-done for octoS0SubroiZ15683136Y78409408X1097612544Difficultsoma_pred_affs/3055 with read ROI [5264:6832, 2384:3952, 5264:6832] (1568, 1568, 1568) and write ROI [5760:6336, 2880:3456, 5760:6336] (576, 576, 576)
Recording block-done for octoS0SubroiZ15683136Y78409408X1097612544Difficultsoma_pred_affs/1493 with read ROI [5264:6832, 3536:5104, 656:2224] (1568, 1568, 1568) and write ROI [5760:6336, 4032:4608, 1152:1728] (576, 576, 576)
Recorded block-done for octoS0SubroiZ15683136Y78409408X1097612544Difficultsoma_pred_affs/1493 with read ROI [5264:6832, 3536:5104, 656:2224] (1568, 1568, 1568) and write ROI [5760:6336, 4032:4608, 1152:1728] (576, 576, 576)
Recording block-done for octoS0SubroiZ15683136Y78409408X1097612544Difficultsoma_pred_affs/5676 with read ROI [5264:6832, 5264:6832, 5840:7408] (1568, 1568, 1568) and write ROI [5760:6336, 5760:6336, 6336:6912] (576, 576, 576)
Recorded block-done for octoS0SubroiZ15683136Y78409408X1097612544Difficultsoma_pred_affs/5676 with read ROI [5264:6832, 5264:6832, 5840:7408] (1568, 1568, 1568) and write ROI [5760:6336, 5760:6336, 6336:6912] (576, 576, 576)
Recording block-done for octoS0SubroiZ15683136Y78409408X1097612544Difficultsoma_pred_affs/2841 with read ROI [5264:6832, 5840:7408, 1232:2800] (1568, 1568, 1568) and write ROI [5760:6336, 6336:6912, 1728:2304] (576, 576, 576)
Recorded block-done for octoS0SubroiZ15683136Y78409408X1097612544Difficultsoma_pred_affs/2841 with read ROI [5264:6832, 5840:7408, 1232:2800] (1568, 1568, 1568) and write ROI [5760:6336, 6336:6912, 1728:2304] (576, 576, 576)
Recording block-done for octoS0SubroiZ15683136Y78409408X1097612544Difficultsoma_pred_affs/6726 with read ROI [5264:6832, 4112:5680, 8144:9712] (1568, 1568, 1568) and write ROI [5760:6336, 4608:5184, 8640:9216] (576, 576, 576)
Recorded block-done for octoS0SubroiZ15683136Y78409408X1097612544Difficultsoma_pred_affs/6726 with read ROI [5264:6832, 4112:5680, 8144:9712] (1568, 1568, 1568) and write ROI [5760:6336, 4608:5184, 8640:9216] (576, 576, 576)
Recording block-done for octoS0SubroiZ15683136Y78409408X1097612544Difficultsoma_pred_affs/4015 with read ROI [5264:6832, 8720:10288, 80:1648] (1568, 1568, 1568) and write ROI [5760:6336, 9216:9792, 576:1152] (576, 576, 576)
Recorded block-done for octoS0SubroiZ15683136Y78409408X1097612544Difficultsoma_pred_affs/4015 with read ROI [5264:6832, 8720:10288, 80:1648] (1568, 1568, 1568) and write ROI [5760:6336, 9216:9792, 576:1152] (576, 576, 576)
Recording block-done for octoS0SubroiZ15683136Y78409408X1097612544Difficultsoma_pred_affs/8824 with read ROI [5264:6832, 9296:10864, 4688:6256] (1568, 1568, 1568) and write ROI [5760:6336, 9792:10368, 5184:5760] (576, 576, 576)
Recorded block-done for octoS0SubroiZ15683136Y78409408X1097612544Difficultsoma_pred_affs/8824 with read ROI [5264:6832, 9296:10864, 4688:6256] (1568, 1568, 1568) and write ROI [5760:6336, 9792:10368, 5184:5760] (576, 576, 576)
Recording block-done for octoS0SubroiZ15683136Y78409408X1097612544Difficultsoma_pred_affs/16603 with read ROI [5264:6832, 9296:10864, 9872:11440] (1568, 1568, 1568) and write ROI [5760:6336, 9792:10368, 10368:10944] (576, 576, 576)
Recorded block-done for octoS0SubroiZ15683136Y78409408X1097612544Difficultsoma_pred_affs/16603 with read ROI [5264:6832, 9296:10864, 9872:11440] (1568, 1568, 1568) and write ROI [5760:6336, 9792:10368, 10368:10944] (576, 576, 576)
Recording block-done for octoS0SubroiZ15683136Y78409408X1097612544Difficultsoma_pred_affs/796 with read ROI [5840:7408, 1232:2800, 80:1648] (1568, 1568, 1568) and write ROI [6336:6912, 1728:2304, 576:1152] (576, 576, 576)
Recorded block-done for octoS0SubroiZ15683136Y78409408X1097612544Difficultsoma_pred_affs/796 with read ROI [5840:7408, 1232:2800, 80:1648] (1568, 1568, 1568) and write ROI [6336:6912, 1728:2304, 576:1152] (576, 576, 576)
Recording block-done for octoS0SubroiZ15683136Y78409408X1097612544Difficultsoma_pred_affs/2402 with read ROI [5840:7408, 656:2224, 5264:6832] (1568, 1568, 1568) and write ROI [6336:6912, 1152:1728, 5760:6336] (576, 576, 576)
Recorded block-done for octoS0SubroiZ15683136Y78409408X1097612544Difficultsoma_pred_affs/2402 with read ROI [5840:7408, 656:2224, 5264:6832] (1568, 1568, 1568) and write ROI [6336:6912, 1152:1728, 5760:6336] (576, 576, 576)
Recording block-done for octoS0SubroiZ15683136Y78409408X1097612544Difficultsoma_pred_affs/2702 with read ROI [5840:7408, 656:2224, 5840:7408] (1568, 1568, 1568) and write ROI [6336:6912, 1152:1728, 6336:6912] (576, 576, 576)
Recorded block-done for octoS0SubroiZ15683136Y78409408X1097612544Difficultsoma_pred_affs/2702 with read ROI [5840:7408, 656:2224, 5840:7408] (1568, 1568, 1568) and write ROI [6336:6912, 1152:1728, 6336:6912] (576, 576, 576)
Recording block-done for octoS0SubroiZ15683136Y78409408X1097612544Difficultsoma_pred_affs/5587 with read ROI [5840:7408, 1808:3376, 8720:10288] (1568, 1568, 1568) and write ROI [6336:6912, 2304:2880, 9216:9792] (576, 576, 576)
Recorded block-done for octoS0SubroiZ15683136Y78409408X1097612544Difficultsoma_pred_affs/5587 with read ROI [5840:7408, 1808:3376, 8720:10288] (1568, 1568, 1568) and write ROI [6336:6912, 2304:2880, 9216:9792] (576, 576, 576)
Recording block-done for octoS0SubroiZ15683136Y78409408X1097612544Difficultsoma_pred_affs/1704 with read ROI [5840:7408, 2960:4528, 1232:2800] (1568, 1568, 1568) and write ROI [6336:6912, 3456:4032, 1728:2304] (576, 576, 576)
Recorded block-done for octoS0SubroiZ15683136Y78409408X1097612544Difficultsoma_pred_affs/1704 with read ROI [5840:7408, 2960:4528, 1232:2800] (1568, 1568, 1568) and write ROI [6336:6912, 3456:4032, 1728:2304] (576, 576, 576)
Recording block-done for octoS0SubroiZ15683136Y78409408X1097612544Difficultsoma_pred_affs/4737 with read ROI [5840:7408, 5264:6832, 4112:5680] (1568, 1568, 1568) and write ROI [6336:6912, 5760:6336, 4608:5184] (576, 576, 576)
Recorded block-done for octoS0SubroiZ15683136Y78409408X1097612544Difficultsoma_pred_affs/4737 with read ROI [5840:7408, 5264:6832, 4112:5680] (1568, 1568, 1568) and write ROI [6336:6912, 5760:6336, 4608:5184] (576, 576, 576)
Recording block-done for octoS0SubroiZ15683136Y78409408X1097612544Difficultsoma_pred_affs/2887 with read ROI [5840:7408, 6416:7984, 80:1648] (1568, 1568, 1568) and write ROI [6336:6912, 6912:7488, 576:1152] (576, 576, 576)
Recorded block-done for octoS0SubroiZ15683136Y78409408X1097612544Difficultsoma_pred_affs/2887 with read ROI [5840:7408, 6416:7984, 80:1648] (1568, 1568, 1568) and write ROI [6336:6912, 6912:7488, 576:1152] (576, 576, 576)
Recording block-done for octoS0SubroiZ15683136Y78409408X1097612544Difficultsoma_pred_affs/3941 with read ROI [5840:7408, 6416:7984, 1808:3376] (1568, 1568, 1568) and write ROI [6336:6912, 6912:7488, 2304:2880] (576, 576, 576)
Recorded block-done for octoS0SubroiZ15683136Y78409408X1097612544Difficultsoma_pred_affs/3941 with read ROI [5840:7408, 6416:7984, 1808:3376] (1568, 1568, 1568) and write ROI [6336:6912, 6912:7488, 2304:2880] (576, 576, 576)
Recording block-done for octoS0SubroiZ15683136Y78409408X1097612544Difficultsoma_pred_affs/8700 with read ROI [5840:7408, 5840:7408, 7568:9136] (1568, 1568, 1568) and write ROI [6336:6912, 6336:6912, 8064:8640] (576, 576, 576)
Recorded block-done for octoS0SubroiZ15683136Y78409408X1097612544Difficultsoma_pred_affs/8700 with read ROI [5840:7408, 5840:7408, 7568:9136] (1568, 1568, 1568) and write ROI [6336:6912, 6336:6912, 8064:8640] (576, 576, 576)
Recording block-done for octoS0SubroiZ15683136Y78409408X1097612544Difficultsoma_pred_affs/4831 with read ROI [5840:7408, 7568:9136, 1808:3376] (1568, 1568, 1568) and write ROI [6336:6912, 8064:8640, 2304:2880] (576, 576, 576)
Recorded block-done for octoS0SubroiZ15683136Y78409408X1097612544Difficultsoma_pred_affs/4831 with read ROI [5840:7408, 7568:9136, 1808:3376] (1568, 1568, 1568) and write ROI [6336:6912, 8064:8640, 2304:2880] (576, 576, 576)
Recording block-done for octoS0SubroiZ15683136Y78409408X1097612544Difficultsoma_pred_affs/16604 with read ROI [5840:7408, 8720:10288, 9872:11440] (1568, 1568, 1568) and write ROI [6336:6912, 9216:9792, 10368:10944] (576, 576, 576)
Recorded block-done for octoS0SubroiZ15683136Y78409408X1097612544Difficultsoma_pred_affs/16604 with read ROI [5840:7408, 8720:10288, 9872:11440] (1568, 1568, 1568) and write ROI [6336:6912, 9216:9792, 10368:10944] (576, 576, 576)
Recording block-done for octoS0SubroiZ15683136Y78409408X1097612544Difficultsoma_pred_affs/17742 with read ROI [5840:7408, 9872:11440, 9296:10864] (1568, 1568, 1568) and write ROI [6336:6912, 10368:10944, 9792:10368] (576, 576, 576)
Recorded block-done for octoS0SubroiZ15683136Y78409408X1097612544Difficultsoma_pred_affs/17742 with read ROI [5840:7408, 9872:11440, 9296:10864] (1568, 1568, 1568) and write ROI [6336:6912, 10368:10944, 9792:10368] (576, 576, 576)
Recording block-done for octoS0SubroiZ15683136Y78409408X1097612544Difficultsoma_pred_affs/13690 with read ROI [5840:7408, 9872:11440, 6992:8560] (1568, 1568, 1568) and write ROI [6336:6912, 10368:10944, 7488:8064] (576, 576, 576)
Recorded block-done for octoS0SubroiZ15683136Y78409408X1097612544Difficultsoma_pred_affs/13690 with read ROI [5840:7408, 9872:11440, 6992:8560] (1568, 1568, 1568) and write ROI [6336:6912, 10368:10944, 7488:8064] (576, 576, 576)
Recording block-done for octoS0SubroiZ15683136Y78409408X1097612544Difficultsoma_pred_affs/1462 with read ROI [6416:7984, 1232:2800, 1808:3376] (1568, 1568, 1568) and write ROI [6912:7488, 1728:2304, 2304:2880] (576, 576, 576)
Recorded block-done for octoS0SubroiZ15683136Y78409408X1097612544Difficultsoma_pred_affs/1462 with read ROI [6416:7984, 1232:2800, 1808:3376] (1568, 1568, 1568) and write ROI [6912:7488, 1728:2304, 2304:2880] (576, 576, 576)
Recording block-done for octoS0SubroiZ15683136Y78409408X1097612544Difficultsoma_pred_affs/3379 with read ROI [6416:7984, 80:1648, 6992:8560] (1568, 1568, 1568) and write ROI [6912:7488, 576:1152, 7488:8064] (576, 576, 576)
Recorded block-done for octoS0SubroiZ15683136Y78409408X1097612544Difficultsoma_pred_affs/3379 with read ROI [6416:7984, 80:1648, 6992:8560] (1568, 1568, 1568) and write ROI [6912:7488, 576:1152, 7488:8064] (576, 576, 576)
Recording block-done for octoS0SubroiZ15683136Y78409408X1097612544Difficultsoma_pred_affs/2502 with read ROI [6416:7984, 3536:5104, 1808:3376] (1568, 1568, 1568) and write ROI [6912:7488, 4032:4608, 2304:2880] (576, 576, 576)
Recorded block-done for octoS0SubroiZ15683136Y78409408X1097612544Difficultsoma_pred_affs/2502 with read ROI [6416:7984, 3536:5104, 1808:3376] (1568, 1568, 1568) and write ROI [6912:7488, 4032:4608, 2304:2880] (576, 576, 576)
Recording block-done for octoS0SubroiZ15683136Y78409408X1097612544Difficultsoma_pred_affs/2226 with read ROI [6416:7984, 3536:5104, 1232:2800] (1568, 1568, 1568) and write ROI [6912:7488, 4032:4608, 1728:2304] (576, 576, 576)
Recorded block-done for octoS0SubroiZ15683136Y78409408X1097612544Difficultsoma_pred_affs/2226 with read ROI [6416:7984, 3536:5104, 1232:2800] (1568, 1568, 1568) and write ROI [6912:7488, 4032:4608, 1728:2304] (576, 576, 576)
Recording block-done for octoS0SubroiZ15683136Y78409408X1097612544Difficultsoma_pred_affs/5225 with read ROI [6416:7984, 5264:6832, 4112:5680] (1568, 1568, 1568) and write ROI [6912:7488, 5760:6336, 4608:5184] (576, 576, 576)
Recorded block-done for octoS0SubroiZ15683136Y78409408X1097612544Difficultsoma_pred_affs/5225 with read ROI [6416:7984, 5264:6832, 4112:5680] (1568, 1568, 1568) and write ROI [6912:7488, 5760:6336, 4608:5184] (576, 576, 576)
Recording block-done for octoS0SubroiZ15683136Y78409408X1097612544Difficultsoma_pred_affs/6167 with read ROI [6416:7984, 2960:4528, 7568:9136] (1568, 1568, 1568) and write ROI [6912:7488, 3456:4032, 8064:8640] (576, 576, 576)
Recorded block-done for octoS0SubroiZ15683136Y78409408X1097612544Difficultsoma_pred_affs/6167 with read ROI [6416:7984, 2960:4528, 7568:9136] (1568, 1568, 1568) and write ROI [6912:7488, 3456:4032, 8064:8640] (576, 576, 576)
Recording block-done for octoS0SubroiZ15683136Y78409408X1097612544Difficultsoma_pred_affs/11957 with read ROI [6416:7984, 9872:11440, 5264:6832] (1568, 1568, 1568) and write ROI [6912:7488, 10368:10944, 5760:6336] (576, 576, 576)
Recorded block-done for octoS0SubroiZ15683136Y78409408X1097612544Difficultsoma_pred_affs/11957 with read ROI [6416:7984, 9872:11440, 5264:6832] (1568, 1568, 1568) and write ROI [6912:7488, 10368:10944, 5760:6336] (576, 576, 576)
Recording block-done for octoS0SubroiZ15683136Y78409408X1097612544Difficultsoma_pred_affs/10270 with read ROI [6416:7984, 8144:9712, 5840:7408] (1568, 1568, 1568) and write ROI [6912:7488, 8640:9216, 6336:6912] (576, 576, 576)
Recorded block-done for octoS0SubroiZ15683136Y78409408X1097612544Difficultsoma_pred_affs/10270 with read ROI [6416:7984, 8144:9712, 5840:7408] (1568, 1568, 1568) and write ROI [6912:7488, 8640:9216, 6336:6912] (576, 576, 576)
Recording block-done for octoS0SubroiZ15683136Y78409408X1097612544Difficultsoma_pred_affs/10388 with read ROI [6416:7984, 10448:12016, 3536:5104] (1568, 1568, 1568) and write ROI [6912:7488, 10944:11520, 4032:4608] (576, 576, 576)
Recorded block-done for octoS0SubroiZ15683136Y78409408X1097612544Difficultsoma_pred_affs/10388 with read ROI [6416:7984, 10448:12016, 3536:5104] (1568, 1568, 1568) and write ROI [6912:7488, 10944:11520, 4032:4608] (576, 576, 576)
Recording block-done for octoS0SubroiZ15683136Y78409408X1097612544Difficultsoma_pred_affs/11843 with read ROI [6416:7984, 7568:9136, 7568:9136] (1568, 1568, 1568) and write ROI [6912:7488, 8064:8640, 8064:8640] (576, 576, 576)
Recorded block-done for octoS0SubroiZ15683136Y78409408X1097612544Difficultsoma_pred_affs/11843 with read ROI [6416:7984, 7568:9136, 7568:9136] (1568, 1568, 1568) and write ROI [6912:7488, 8064:8640, 8064:8640] (576, 576, 576)
Recording block-done for octoS0SubroiZ15683136Y78409408X1097612544Difficultsoma_pred_affs/2749 with read ROI [6992:8560, 1232:2800, 4112:5680] (1568, 1568, 1568) and write ROI [7488:8064, 1728:2304, 4608:5184] (576, 576, 576)
Recorded block-done for octoS0SubroiZ15683136Y78409408X1097612544Difficultsoma_pred_affs/2749 with read ROI [6992:8560, 1232:2800, 4112:5680] (1568, 1568, 1568) and write ROI [7488:8064, 1728:2304, 4608:5184] (576, 576, 576)
Recording block-done for octoS0SubroiZ15683136Y78409408X1097612544Difficultsoma_pred_affs/2142 with read ROI [6992:8560, 80:1648, 4112:5680] (1568, 1568, 1568) and write ROI [7488:8064, 576:1152, 4608:5184] (576, 576, 576)
Recorded block-done for octoS0SubroiZ15683136Y78409408X1097612544Difficultsoma_pred_affs/2142 with read ROI [6992:8560, 80:1648, 4112:5680] (1568, 1568, 1568) and write ROI [7488:8064, 576:1152, 4608:5184] (576, 576, 576)
Recording block-done for octoS0SubroiZ15683136Y78409408X1097612544Difficultsoma_pred_affs/4193 with read ROI [6992:8560, 656:2224, 6992:8560] (1568, 1568, 1568) and write ROI [7488:8064, 1152:1728, 7488:8064] (576, 576, 576)
Recorded block-done for octoS0SubroiZ15683136Y78409408X1097612544Difficultsoma_pred_affs/4193 with read ROI [6992:8560, 656:2224, 6992:8560] (1568, 1568, 1568) and write ROI [7488:8064, 1152:1728, 7488:8064] (576, 576, 576)
Recording block-done for octoS0SubroiZ15683136Y78409408X1097612544Difficultsoma_pred_affs/2268 with read ROI [6992:8560, 4112:5680, 80:1648] (1568, 1568, 1568) and write ROI [7488:8064, 4608:5184, 576:1152] (576, 576, 576)
Recorded block-done for octoS0SubroiZ15683136Y78409408X1097612544Difficultsoma_pred_affs/2268 with read ROI [6992:8560, 4112:5680, 80:1648] (1568, 1568, 1568) and write ROI [7488:8064, 4608:5184, 576:1152] (576, 576, 576)
Recording block-done for octoS0SubroiZ15683136Y78409408X1097612544Difficultsoma_pred_affs/5204 with read ROI [6992:8560, 4112:5680, 4688:6256] (1568, 1568, 1568) and write ROI [7488:8064, 4608:5184, 5184:5760] (576, 576, 576)
Recorded block-done for octoS0SubroiZ15683136Y78409408X1097612544Difficultsoma_pred_affs/5204 with read ROI [6992:8560, 4112:5680, 4688:6256] (1568, 1568, 1568) and write ROI [7488:8064, 4608:5184, 5184:5760] (576, 576, 576)
Recording block-done for octoS0SubroiZ15683136Y78409408X1097612544Difficultsoma_pred_affs/4718 with read ROI [6992:8560, 3536:5104, 4688:6256] (1568, 1568, 1568) and write ROI [7488:8064, 4032:4608, 5184:5760] (576, 576, 576)
Recorded block-done for octoS0SubroiZ15683136Y78409408X1097612544Difficultsoma_pred_affs/4718 with read ROI [6992:8560, 3536:5104, 4688:6256] (1568, 1568, 1568) and write ROI [7488:8064, 4032:4608, 5184:5760] (576, 576, 576)
Recording block-done for octoS0SubroiZ15683136Y78409408X1097612544Difficultsoma_pred_affs/7384 with read ROI [6992:8560, 4112:5680, 6992:8560] (1568, 1568, 1568) and write ROI [7488:8064, 4608:5184, 7488:8064] (576, 576, 576)
Recorded block-done for octoS0SubroiZ15683136Y78409408X1097612544Difficultsoma_pred_affs/7384 with read ROI [6992:8560, 4112:5680, 6992:8560] (1568, 1568, 1568) and write ROI [7488:8064, 4608:5184, 7488:8064] (576, 576, 576)
Recording block-done for octoS0SubroiZ15683136Y78409408X1097612544Difficultsoma_pred_affs/9428 with read ROI [6992:8560, 5264:6832, 7568:9136] (1568, 1568, 1568) and write ROI [7488:8064, 5760:6336, 8064:8640] (576, 576, 576)
Recorded block-done for octoS0SubroiZ15683136Y78409408X1097612544Difficultsoma_pred_affs/9428 with read ROI [6992:8560, 5264:6832, 7568:9136] (1568, 1568, 1568) and write ROI [7488:8064, 5760:6336, 8064:8640] (576, 576, 576)
Recording block-done for octoS0SubroiZ15683136Y78409408X1097612544Difficultsoma_pred_affs/8036 with read ROI [6992:8560, 4688:6256, 6992:8560] (1568, 1568, 1568) and write ROI [7488:8064, 5184:5760, 7488:8064] (576, 576, 576)
Recorded block-done for octoS0SubroiZ15683136Y78409408X1097612544Difficultsoma_pred_affs/8036 with read ROI [6992:8560, 4688:6256, 6992:8560] (1568, 1568, 1568) and write ROI [7488:8064, 5184:5760, 7488:8064] (576, 576, 576)
Recording block-done for octoS0SubroiZ15683136Y78409408X1097612544Difficultsoma_pred_affs/14528 with read ROI [6992:8560, 6416:7984, 9872:11440] (1568, 1568, 1568) and write ROI [7488:8064, 6912:7488, 10368:10944] (576, 576, 576)
Recorded block-done for octoS0SubroiZ15683136Y78409408X1097612544Difficultsoma_pred_affs/14528 with read ROI [6992:8560, 6416:7984, 9872:11440] (1568, 1568, 1568) and write ROI [7488:8064, 6912:7488, 10368:10944] (576, 576, 576)
Recording block-done for octoS0SubroiZ15683136Y78409408X1097612544Difficultsoma_pred_affs/15571 with read ROI [6992:8560, 7568:9136, 9296:10864] (1568, 1568, 1568) and write ROI [7488:8064, 8064:8640, 9792:10368] (576, 576, 576)
Recorded block-done for octoS0SubroiZ15683136Y78409408X1097612544Difficultsoma_pred_affs/15571 with read ROI [6992:8560, 7568:9136, 9296:10864] (1568, 1568, 1568) and write ROI [7488:8064, 8064:8640, 9792:10368] (576, 576, 576)
Recording block-done for octoS0SubroiZ15683136Y78409408X1097612544Difficultsoma_pred_affs/4886 with read ROI [6992:8560, 7568:9136, 656:2224] (1568, 1568, 1568) and write ROI [7488:8064, 8064:8640, 1152:1728] (576, 576, 576)
Recorded block-done for octoS0SubroiZ15683136Y78409408X1097612544Difficultsoma_pred_affs/4886 with read ROI [6992:8560, 7568:9136, 656:2224] (1568, 1568, 1568) and write ROI [7488:8064, 8064:8640, 1152:1728] (576, 576, 576)
Recording block-done for octoS0SubroiZ15683136Y78409408X1097612544Difficultsoma_pred_affs/7086 with read ROI [6992:8560, 10448:12016, 80:1648] (1568, 1568, 1568) and write ROI [7488:8064, 10944:11520, 576:1152] (576, 576, 576)
Recorded block-done for octoS0SubroiZ15683136Y78409408X1097612544Difficultsoma_pred_affs/7086 with read ROI [6992:8560, 10448:12016, 80:1648] (1568, 1568, 1568) and write ROI [7488:8064, 10944:11520, 576:1152] (576, 576, 576)
Recording block-done for octoS0SubroiZ15683136Y78409408X1097612544Difficultsoma_pred_affs/21334 with read ROI [6992:8560, 9872:11440, 9872:11440] (1568, 1568, 1568) and write ROI [7488:8064, 10368:10944, 10368:10944] (576, 576, 576)
Recorded block-done for octoS0SubroiZ15683136Y78409408X1097612544Difficultsoma_pred_affs/21334 with read ROI [6992:8560, 9872:11440, 9872:11440] (1568, 1568, 1568) and write ROI [7488:8064, 10368:10944, 10368:10944] (576, 576, 576)
Recording block-done for octoS0SubroiZ15683136Y78409408X1097612544Difficultsoma_pred_affs/12732 with read ROI [6992:8560, 7568:9136, 7568:9136] (1568, 1568, 1568) and write ROI [7488:8064, 8064:8640, 8064:8640] (576, 576, 576)
Recorded block-done for octoS0SubroiZ15683136Y78409408X1097612544Difficultsoma_pred_affs/12732 with read ROI [6992:8560, 7568:9136, 7568:9136] (1568, 1568, 1568) and write ROI [7488:8064, 8064:8640, 8064:8640] (576, 576, 576)
Recording block-done for octoS0SubroiZ15683136Y78409408X1097612544Difficultsoma_pred_affs/11871 with read ROI [6992:8560, 7568:9136, 6992:8560] (1568, 1568, 1568) and write ROI [7488:8064, 8064:8640, 7488:8064] (576, 576, 576)
Recorded block-done for octoS0SubroiZ15683136Y78409408X1097612544Difficultsoma_pred_affs/11871 with read ROI [6992:8560, 7568:9136, 6992:8560] (1568, 1568, 1568) and write ROI [7488:8064, 8064:8640, 7488:8064] (576, 576, 576)
Recording block-done for octoS0SubroiZ15683136Y78409408X1097612544Difficultsoma_pred_affs/4245 with read ROI [7568:9136, 1808:3376, 5264:6832] (1568, 1568, 1568) and write ROI [8064:8640, 2304:2880, 5760:6336] (576, 576, 576)
Recorded block-done for octoS0SubroiZ15683136Y78409408X1097612544Difficultsoma_pred_affs/4245 with read ROI [7568:9136, 1808:3376, 5264:6832] (1568, 1568, 1568) and write ROI [8064:8640, 2304:2880, 5760:6336] (576, 576, 576)
Recording block-done for octoS0SubroiZ15683136Y78409408X1097612544Difficultsoma_pred_affs/7955 with read ROI [7568:9136, 1808:3376, 9296:10864] (1568, 1568, 1568) and write ROI [8064:8640, 2304:2880, 9792:10368] (576, 576, 576)
Recorded block-done for octoS0SubroiZ15683136Y78409408X1097612544Difficultsoma_pred_affs/7955 with read ROI [7568:9136, 1808:3376, 9296:10864] (1568, 1568, 1568) and write ROI [8064:8640, 2304:2880, 9792:10368] (576, 576, 576)
Recording block-done for octoS0SubroiZ15683136Y78409408X1097612544Difficultsoma_pred_affs/5127 with read ROI [7568:9136, 1232:2800, 6992:8560] (1568, 1568, 1568) and write ROI [8064:8640, 1728:2304, 7488:8064] (576, 576, 576)
Recorded block-done for octoS0SubroiZ15683136Y78409408X1097612544Difficultsoma_pred_affs/5127 with read ROI [7568:9136, 1232:2800, 6992:8560] (1568, 1568, 1568) and write ROI [8064:8640, 1728:2304, 7488:8064] (576, 576, 576)
Recording block-done for octoS0SubroiZ15683136Y78409408X1097612544Difficultsoma_pred_affs/8640 with read ROI [7568:9136, 2384:3952, 9296:10864] (1568, 1568, 1568) and write ROI [8064:8640, 2880:3456, 9792:10368] (576, 576, 576)
Recorded block-done for octoS0SubroiZ15683136Y78409408X1097612544Difficultsoma_pred_affs/8640 with read ROI [7568:9136, 2384:3952, 9296:10864] (1568, 1568, 1568) and write ROI [8064:8640, 2880:3456, 9792:10368] (576, 576, 576)
Recording block-done for octoS0SubroiZ15683136Y78409408X1097612544Difficultsoma_pred_affs/4699 with read ROI [7568:9136, 2384:3952, 5264:6832] (1568, 1568, 1568) and write ROI [8064:8640, 2880:3456, 5760:6336] (576, 576, 576)
Recorded block-done for octoS0SubroiZ15683136Y78409408X1097612544Difficultsoma_pred_affs/4699 with read ROI [7568:9136, 2384:3952, 5264:6832] (1568, 1568, 1568) and write ROI [8064:8640, 2880:3456, 5760:6336] (576, 576, 576)
Recording block-done for octoS0SubroiZ15683136Y78409408X1097612544Difficultsoma_pred_affs/3590 with read ROI [7568:9136, 5264:6832, 656:2224] (1568, 1568, 1568) and write ROI [8064:8640, 5760:6336, 1152:1728] (576, 576, 576)
Recorded block-done for octoS0SubroiZ15683136Y78409408X1097612544Difficultsoma_pred_affs/3590 with read ROI [7568:9136, 5264:6832, 656:2224] (1568, 1568, 1568) and write ROI [8064:8640, 5760:6336, 1152:1728] (576, 576, 576)
Recording block-done for octoS0SubroiZ15683136Y78409408X1097612544Difficultsoma_pred_affs/7430 with read ROI [7568:9136, 4688:6256, 5840:7408] (1568, 1568, 1568) and write ROI [8064:8640, 5184:5760, 6336:6912] (576, 576, 576)
Recorded block-done for octoS0SubroiZ15683136Y78409408X1097612544Difficultsoma_pred_affs/7430 with read ROI [7568:9136, 4688:6256, 5840:7408] (1568, 1568, 1568) and write ROI [8064:8640, 5184:5760, 6336:6912] (576, 576, 576)
Recording block-done for octoS0SubroiZ15683136Y78409408X1097612544Difficultsoma_pred_affs/5701 with read ROI [7568:9136, 3536:5104, 5264:6832] (1568, 1568, 1568) and write ROI [8064:8640, 4032:4608, 5760:6336] (576, 576, 576)
Recorded block-done for octoS0SubroiZ15683136Y78409408X1097612544Difficultsoma_pred_affs/5701 with read ROI [7568:9136, 3536:5104, 5264:6832] (1568, 1568, 1568) and write ROI [8064:8640, 4032:4608, 5760:6336] (576, 576, 576)
Recording block-done for octoS0SubroiZ15683136Y78409408X1097612544Difficultsoma_pred_affs/11025 with read ROI [7568:9136, 6416:7984, 6992:8560] (1568, 1568, 1568) and write ROI [8064:8640, 6912:7488, 7488:8064] (576, 576, 576)
Recorded block-done for octoS0SubroiZ15683136Y78409408X1097612544Difficultsoma_pred_affs/11025 with read ROI [7568:9136, 6416:7984, 6992:8560] (1568, 1568, 1568) and write ROI [8064:8640, 6912:7488, 7488:8064] (576, 576, 576)
Recording block-done for octoS0SubroiZ15683136Y78409408X1097612544Difficultsoma_pred_affs/7364 with read ROI [7568:9136, 2960:4528, 7568:9136] (1568, 1568, 1568) and write ROI [8064:8640, 3456:4032, 8064:8640] (576, 576, 576)
Recorded block-done for octoS0SubroiZ15683136Y78409408X1097612544Difficultsoma_pred_affs/7364 with read ROI [7568:9136, 2960:4528, 7568:9136] (1568, 1568, 1568) and write ROI [8064:8640, 3456:4032, 8064:8640] (576, 576, 576)
Recording block-done for octoS0SubroiZ15683136Y78409408X1097612544Difficultsoma_pred_affs/16635 with read ROI [7568:9136, 7568:9136, 9296:10864] (1568, 1568, 1568) and write ROI [8064:8640, 8064:8640, 9792:10368] (576, 576, 576)
Recorded block-done for octoS0SubroiZ15683136Y78409408X1097612544Difficultsoma_pred_affs/16635 with read ROI [7568:9136, 7568:9136, 9296:10864] (1568, 1568, 1568) and write ROI [8064:8640, 8064:8640, 9792:10368] (576, 576, 576)
Recording block-done for octoS0SubroiZ15683136Y78409408X1097612544Difficultsoma_pred_affs/16607 with read ROI [7568:9136, 6992:8560, 9872:11440] (1568, 1568, 1568) and write ROI [8064:8640, 7488:8064, 10368:10944] (576, 576, 576)
Recorded block-done for octoS0SubroiZ15683136Y78409408X1097612544Difficultsoma_pred_affs/16607 with read ROI [7568:9136, 6992:8560, 9872:11440] (1568, 1568, 1568) and write ROI [8064:8640, 7488:8064, 10368:10944] (576, 576, 576)
Recording block-done for octoS0SubroiZ15683136Y78409408X1097612544Difficultsoma_pred_affs/7385 with read ROI [7568:9136, 3536:5104, 6992:8560] (1568, 1568, 1568) and write ROI [8064:8640, 4032:4608, 7488:8064] (576, 576, 576)
Recorded block-done for octoS0SubroiZ15683136Y78409408X1097612544Difficultsoma_pred_affs/7385 with read ROI [7568:9136, 3536:5104, 6992:8560] (1568, 1568, 1568) and write ROI [8064:8640, 4032:4608, 7488:8064] (576, 576, 576)
Recording block-done for octoS0SubroiZ15683136Y78409408X1097612544Difficultsoma_pred_affs/2210 with read ROI [8144:9712, 1232:2800, 1808:3376] (1568, 1568, 1568) and write ROI [8640:9216, 1728:2304, 2304:2880] (576, 576, 576)
Recorded block-done for octoS0SubroiZ15683136Y78409408X1097612544Difficultsoma_pred_affs/2210 with read ROI [8144:9712, 1232:2800, 1808:3376] (1568, 1568, 1568) and write ROI [8640:9216, 1728:2304, 2304:2880] (576, 576, 576)
Recording block-done for octoS0SubroiZ15683136Y78409408X1097612544Difficultsoma_pred_affs/8622 with read ROI [8144:9712, 1232:2800, 9872:11440] (1568, 1568, 1568) and write ROI [8640:9216, 1728:2304, 10368:10944] (576, 576, 576)
Recorded block-done for octoS0SubroiZ15683136Y78409408X1097612544Difficultsoma_pred_affs/8622 with read ROI [8144:9712, 1232:2800, 9872:11440] (1568, 1568, 1568) and write ROI [8640:9216, 1728:2304, 10368:10944] (576, 576, 576)
Recording block-done for octoS0SubroiZ15683136Y78409408X1097612544Difficultsoma_pred_affs/3462 with read ROI [8144:9712, 1232:2800, 4112:5680] (1568, 1568, 1568) and write ROI [8640:9216, 1728:2304, 4608:5184] (576, 576, 576)
Recorded block-done for octoS0SubroiZ15683136Y78409408X1097612544Difficultsoma_pred_affs/3462 with read ROI [8144:9712, 1232:2800, 4112:5680] (1568, 1568, 1568) and write ROI [8640:9216, 1728:2304, 4608:5184] (576, 576, 576)
Recording block-done for octoS0SubroiZ15683136Y78409408X1097612544Difficultsoma_pred_affs/2786 with read ROI [8144:9712, 1232:2800, 2960:4528] (1568, 1568, 1568) and write ROI [8640:9216, 1728:2304, 3456:4032] (576, 576, 576)
Recorded block-done for octoS0SubroiZ15683136Y78409408X1097612544Difficultsoma_pred_affs/2786 with read ROI [8144:9712, 1232:2800, 2960:4528] (1568, 1568, 1568) and write ROI [8640:9216, 1728:2304, 3456:4032] (576, 576, 576)
Recording block-done for octoS0SubroiZ15683136Y78409408X1097612544Difficultsoma_pred_affs/5128 with read ROI [8144:9712, 656:2224, 6992:8560] (1568, 1568, 1568) and write ROI [8640:9216, 1152:1728, 7488:8064] (576, 576, 576)
Recorded block-done for octoS0SubroiZ15683136Y78409408X1097612544Difficultsoma_pred_affs/5128 with read ROI [8144:9712, 656:2224, 6992:8560] (1568, 1568, 1568) and write ROI [8640:9216, 1152:1728, 7488:8064] (576, 576, 576)
Recording block-done for octoS0SubroiZ15683136Y78409408X1097612544Difficultsoma_pred_affs/6885 with read ROI [8144:9712, 5264:6832, 4112:5680] (1568, 1568, 1568) and write ROI [8640:9216, 5760:6336, 4608:5184] (576, 576, 576)
Recorded block-done for octoS0SubroiZ15683136Y78409408X1097612544Difficultsoma_pred_affs/6885 with read ROI [8144:9712, 5264:6832, 4112:5680] (1568, 1568, 1568) and write ROI [8640:9216, 5760:6336, 4608:5184] (576, 576, 576)
Recording block-done for octoS0SubroiZ15683136Y78409408X1097612544Difficultsoma_pred_affs/6189 with read ROI [8144:9712, 1808:3376, 6992:8560] (1568, 1568, 1568) and write ROI [8640:9216, 2304:2880, 7488:8064] (576, 576, 576)
Recorded block-done for octoS0SubroiZ15683136Y78409408X1097612544Difficultsoma_pred_affs/6189 with read ROI [8144:9712, 1808:3376, 6992:8560] (1568, 1568, 1568) and write ROI [8640:9216, 2304:2880, 7488:8064] (576, 576, 576)
Recording block-done for octoS0SubroiZ15683136Y78409408X1097612544Difficultsoma_pred_affs/2868 with read ROI [8144:9712, 3536:5104, 656:2224] (1568, 1568, 1568) and write ROI [8640:9216, 4032:4608, 1152:1728] (576, 576, 576)
Recorded block-done for octoS0SubroiZ15683136Y78409408X1097612544Difficultsoma_pred_affs/2868 with read ROI [8144:9712, 3536:5104, 656:2224] (1568, 1568, 1568) and write ROI [8640:9216, 4032:4608, 1152:1728] (576, 576, 576)
Recording block-done for octoS0SubroiZ15683136Y78409408X1097612544Difficultsoma_pred_affs/10195 with read ROI [8144:9712, 4688:6256, 7568:9136] (1568, 1568, 1568) and write ROI [8640:9216, 5184:5760, 8064:8640] (576, 576, 576)
Recorded block-done for octoS0SubroiZ15683136Y78409408X1097612544Difficultsoma_pred_affs/10195 with read ROI [8144:9712, 4688:6256, 7568:9136] (1568, 1568, 1568) and write ROI [8640:9216, 5184:5760, 8064:8640] (576, 576, 576)
Recording block-done for octoS0SubroiZ15683136Y78409408X1097612544Difficultsoma_pred_affs/8016 with read ROI [8144:9712, 2960:4528, 7568:9136] (1568, 1568, 1568) and write ROI [8640:9216, 3456:4032, 8064:8640] (576, 576, 576)
Recorded block-done for octoS0SubroiZ15683136Y78409408X1097612544Difficultsoma_pred_affs/8016 with read ROI [8144:9712, 2960:4528, 7568:9136] (1568, 1568, 1568) and write ROI [8640:9216, 3456:4032, 8064:8640] (576, 576, 576)
Recording block-done for octoS0SubroiZ15683136Y78409408X1097612544Difficultsoma_pred_affs/5410 with read ROI [8144:9712, 7568:9136, 80:1648] (1568, 1568, 1568) and write ROI [8640:9216, 8064:8640, 576:1152] (576, 576, 576)
Recorded block-done for octoS0SubroiZ15683136Y78409408X1097612544Difficultsoma_pred_affs/5410 with read ROI [8144:9712, 7568:9136, 80:1648] (1568, 1568, 1568) and write ROI [8640:9216, 8064:8640, 576:1152] (576, 576, 576)
Recording block-done for octoS0SubroiZ15683136Y78409408X1097612544Difficultsoma_pred_affs/6434 with read ROI [8144:9712, 7568:9136, 1232:2800] (1568, 1568, 1568) and write ROI [8640:9216, 8064:8640, 1728:2304] (576, 576, 576)
Recorded block-done for octoS0SubroiZ15683136Y78409408X1097612544Difficultsoma_pred_affs/6434 with read ROI [8144:9712, 7568:9136, 1232:2800] (1568, 1568, 1568) and write ROI [8640:9216, 8064:8640, 1728:2304] (576, 576, 576)
Recording block-done for octoS0SubroiZ15683136Y78409408X1097612544Difficultsoma_pred_affs/13724 with read ROI [8144:9712, 8144:9712, 6416:7984] (1568, 1568, 1568) and write ROI [8640:9216, 8640:9216, 6912:7488] (576, 576, 576)
Recorded block-done for octoS0SubroiZ15683136Y78409408X1097612544Difficultsoma_pred_affs/13724 with read ROI [8144:9712, 8144:9712, 6416:7984] (1568, 1568, 1568) and write ROI [8640:9216, 8640:9216, 6912:7488] (576, 576, 576)
Recording block-done for octoS0SubroiZ15683136Y78409408X1097612544Difficultsoma_pred_affs/14800 with read ROI [8144:9712, 10448:12016, 4688:6256] (1568, 1568, 1568) and write ROI [8640:9216, 10944:11520, 5184:5760] (576, 576, 576)
Recorded block-done for octoS0SubroiZ15683136Y78409408X1097612544Difficultsoma_pred_affs/14800 with read ROI [8144:9712, 10448:12016, 4688:6256] (1568, 1568, 1568) and write ROI [8640:9216, 10944:11520, 5184:5760] (576, 576, 576)
Recording block-done for octoS0SubroiZ15683136Y78409408X1097612544Difficultsoma_pred_affs/13665 with read ROI [8144:9712, 6992:8560, 7568:9136] (1568, 1568, 1568) and write ROI [8640:9216, 7488:8064, 8064:8640] (576, 576, 576)
Recorded block-done for octoS0SubroiZ15683136Y78409408X1097612544Difficultsoma_pred_affs/13665 with read ROI [8144:9712, 6992:8560, 7568:9136] (1568, 1568, 1568) and write ROI [8640:9216, 7488:8064, 8064:8640] (576, 576, 576)
Recording block-done for octoS0SubroiZ15683136Y78409408X1097612544Difficultsoma_pred_affs/6837 with read ROI [8720:10288, 3536:5104, 5264:6832] (1568, 1568, 1568) and write ROI [9216:9792, 4032:4608, 5760:6336] (576, 576, 576)
Recorded block-done for octoS0SubroiZ15683136Y78409408X1097612544Difficultsoma_pred_affs/6837 with read ROI [8720:10288, 3536:5104, 5264:6832] (1568, 1568, 1568) and write ROI [9216:9792, 4032:4608, 5760:6336] (576, 576, 576)
Recording block-done for octoS0SubroiZ15683136Y78409408X1097612544Difficultsoma_pred_affs/3502 with read ROI [8720:10288, 1808:3376, 2960:4528] (1568, 1568, 1568) and write ROI [9216:9792, 2304:2880, 3456:4032] (576, 576, 576)
Recorded block-done for octoS0SubroiZ15683136Y78409408X1097612544Difficultsoma_pred_affs/3502 with read ROI [8720:10288, 1808:3376, 2960:4528] (1568, 1568, 1568) and write ROI [9216:9792, 2304:2880, 3456:4032] (576, 576, 576)
Recording block-done for octoS0SubroiZ15683136Y78409408X1097612544Difficultsoma_pred_affs/11082 with read ROI [8720:10288, 6416:7984, 5840:7408] (1568, 1568, 1568) and write ROI [9216:9792, 6912:7488, 6336:6912] (576, 576, 576)
Recorded block-done for octoS0SubroiZ15683136Y78409408X1097612544Difficultsoma_pred_affs/11082 with read ROI [8720:10288, 6416:7984, 5840:7408] (1568, 1568, 1568) and write ROI [9216:9792, 6912:7488, 6336:6912] (576, 576, 576)
Recording block-done for octoS0SubroiZ15683136Y78409408X1097612544Difficultsoma_pred_affs/6912 with read ROI [8720:10288, 5264:6832, 3536:5104] (1568, 1568, 1568) and write ROI [9216:9792, 5760:6336, 4032:4608] (576, 576, 576)
Recorded block-done for octoS0SubroiZ15683136Y78409408X1097612544Difficultsoma_pred_affs/6912 with read ROI [8720:10288, 5264:6832, 3536:5104] (1568, 1568, 1568) and write ROI [9216:9792, 5760:6336, 4032:4608] (576, 576, 576)
Recording block-done for octoS0SubroiZ15683136Y78409408X1097612544Difficultsoma_pred_affs/6996 with read ROI [8720:10288, 6992:8560, 1808:3376] (1568, 1568, 1568) and write ROI [9216:9792, 7488:8064, 2304:2880] (576, 576, 576)
Recorded block-done for octoS0SubroiZ15683136Y78409408X1097612544Difficultsoma_pred_affs/6996 with read ROI [8720:10288, 6992:8560, 1808:3376] (1568, 1568, 1568) and write ROI [9216:9792, 7488:8064, 2304:2880] (576, 576, 576)
Recording block-done for octoS0SubroiZ15683136Y78409408X1097612544Difficultsoma_pred_affs/25450 with read ROI [8720:10288, 10448:12016, 9296:10864] (1568, 1568, 1568) and write ROI [9216:9792, 10944:11520, 9792:10368] (576, 576, 576)
Recorded block-done for octoS0SubroiZ15683136Y78409408X1097612544Difficultsoma_pred_affs/25450 with read ROI [8720:10288, 10448:12016, 9296:10864] (1568, 1568, 1568) and write ROI [9216:9792, 10944:11520, 9792:10368] (576, 576, 576)
Recording block-done for octoS0SubroiZ15683136Y78409408X1097612544Difficultsoma_pred_affs/14612 with read ROI [8720:10288, 6416:7984, 8144:9712] (1568, 1568, 1568) and write ROI [9216:9792, 6912:7488, 8640:9216] (576, 576, 576)
Recorded block-done for octoS0SubroiZ15683136Y78409408X1097612544Difficultsoma_pred_affs/14612 with read ROI [8720:10288, 6416:7984, 8144:9712] (1568, 1568, 1568) and write ROI [9216:9792, 6912:7488, 8640:9216] (576, 576, 576)
Recording block-done for octoS0SubroiZ15683136Y78409408X1097612544Difficultsoma_pred_affs/1959 with read ROI [9296:10864, 80:1648, 1232:2800] (1568, 1568, 1568) and write ROI [9792:10368, 576:1152, 1728:2304] (576, 576, 576)
Recorded block-done for octoS0SubroiZ15683136Y78409408X1097612544Difficultsoma_pred_affs/1959 with read ROI [9296:10864, 80:1648, 1232:2800] (1568, 1568, 1568) and write ROI [9792:10368, 576:1152, 1728:2304] (576, 576, 576)
Recording block-done for octoS0SubroiZ15683136Y78409408X1097612544Difficultsoma_pred_affs/2848 with read ROI [9296:10864, 1808:3376, 1232:2800] (1568, 1568, 1568) and write ROI [9792:10368, 2304:2880, 1728:2304] (576, 576, 576)
Recorded block-done for octoS0SubroiZ15683136Y78409408X1097612544Difficultsoma_pred_affs/2848 with read ROI [9296:10864, 1808:3376, 1232:2800] (1568, 1568, 1568) and write ROI [9792:10368, 2304:2880, 1728:2304] (576, 576, 576)
Recording block-done for octoS0SubroiZ15683136Y78409408X1097612544Difficultsoma_pred_affs/11773 with read ROI [9296:10864, 2960:4528, 9296:10864] (1568, 1568, 1568) and write ROI [9792:10368, 3456:4032, 9792:10368] (576, 576, 576)
Recorded block-done for octoS0SubroiZ15683136Y78409408X1097612544Difficultsoma_pred_affs/11773 with read ROI [9296:10864, 2960:4528, 9296:10864] (1568, 1568, 1568) and write ROI [9792:10368, 3456:4032, 9792:10368] (576, 576, 576)
Recording block-done for octoS0SubroiZ15683136Y78409408X1097612544Difficultsoma_pred_affs/12634 with read ROI [9296:10864, 2960:4528, 9872:11440] (1568, 1568, 1568) and write ROI [9792:10368, 3456:4032, 10368:10944] (576, 576, 576)
Recorded block-done for octoS0SubroiZ15683136Y78409408X1097612544Difficultsoma_pred_affs/12634 with read ROI [9296:10864, 2960:4528, 9872:11440] (1568, 1568, 1568) and write ROI [9792:10368, 3456:4032, 10368:10944] (576, 576, 576)
Recording block-done for octoS0SubroiZ15683136Y78409408X1097612544Difficultsoma_pred_affs/16667 with read ROI [9296:10864, 6416:7984, 8720:10288] (1568, 1568, 1568) and write ROI [9792:10368, 6912:7488, 9216:9792] (576, 576, 576)
Recorded block-done for octoS0SubroiZ15683136Y78409408X1097612544Difficultsoma_pred_affs/16667 with read ROI [9296:10864, 6416:7984, 8720:10288] (1568, 1568, 1568) and write ROI [9792:10368, 6912:7488, 9216:9792] (576, 576, 576)
Recording block-done for octoS0SubroiZ15683136Y78409408X1097612544Difficultsoma_pred_affs/18876 with read ROI [9296:10864, 6416:7984, 9872:11440] (1568, 1568, 1568) and write ROI [9792:10368, 6912:7488, 10368:10944] (576, 576, 576)
Recorded block-done for octoS0SubroiZ15683136Y78409408X1097612544Difficultsoma_pred_affs/18876 with read ROI [9296:10864, 6416:7984, 9872:11440] (1568, 1568, 1568) and write ROI [9792:10368, 6912:7488, 10368:10944] (576, 576, 576)
Recording block-done for octoS0SubroiZ15683136Y78409408X1097612544Difficultsoma_pred_affs/12823 with read ROI [9296:10864, 6992:8560, 5840:7408] (1568, 1568, 1568) and write ROI [9792:10368, 7488:8064, 6336:6912] (576, 576, 576)
Recorded block-done for octoS0SubroiZ15683136Y78409408X1097612544Difficultsoma_pred_affs/12823 with read ROI [9296:10864, 6992:8560, 5840:7408] (1568, 1568, 1568) and write ROI [9792:10368, 7488:8064, 6336:6912] (576, 576, 576)
Recording block-done for octoS0SubroiZ15683136Y78409408X1097612544Difficultsoma_pred_affs/15863 with read ROI [9296:10864, 10448:12016, 4112:5680] (1568, 1568, 1568) and write ROI [9792:10368, 10944:11520, 4608:5184] (576, 576, 576)
Recorded block-done for octoS0SubroiZ15683136Y78409408X1097612544Difficultsoma_pred_affs/15863 with read ROI [9296:10864, 10448:12016, 4112:5680] (1568, 1568, 1568) and write ROI [9792:10368, 10944:11520, 4608:5184] (576, 576, 576)
Recording block-done for octoS0SubroiZ15683136Y78409408X1097612544Difficultsoma_pred_affs/20212 with read ROI [9296:10864, 9296:10864, 7568:9136] (1568, 1568, 1568) and write ROI [9792:10368, 9792:10368, 8064:8640] (576, 576, 576)
Recorded block-done for octoS0SubroiZ15683136Y78409408X1097612544Difficultsoma_pred_affs/20212 with read ROI [9296:10864, 9296:10864, 7568:9136] (1568, 1568, 1568) and write ROI [9792:10368, 9792:10368, 8064:8640] (576, 576, 576)
Recording block-done for octoS0SubroiZ15683136Y78409408X1097612544Difficultsoma_pred_affs/6816 with read ROI [9872:11440, 1808:3376, 5840:7408] (1568, 1568, 1568) and write ROI [10368:10944, 2304:2880, 6336:6912] (576, 576, 576)
Recorded block-done for octoS0SubroiZ15683136Y78409408X1097612544Difficultsoma_pred_affs/6816 with read ROI [9872:11440, 1808:3376, 5840:7408] (1568, 1568, 1568) and write ROI [10368:10944, 2304:2880, 6336:6912] (576, 576, 576)
Recording block-done for octoS0SubroiZ15683136Y78409408X1097612544Difficultsoma_pred_affs/5231 with read ROI [9872:11440, 1808:3376, 4112:5680] (1568, 1568, 1568) and write ROI [10368:10944, 2304:2880, 4608:5184] (576, 576, 576)
Recorded block-done for octoS0SubroiZ15683136Y78409408X1097612544Difficultsoma_pred_affs/5231 with read ROI [9872:11440, 1808:3376, 4112:5680] (1568, 1568, 1568) and write ROI [10368:10944, 2304:2880, 4608:5184] (576, 576, 576)
Recording block-done for octoS0SubroiZ15683136Y78409408X1097612544Difficultsoma_pred_affs/3133 with read ROI [9872:11440, 80:1648, 2960:4528] (1568, 1568, 1568) and write ROI [10368:10944, 576:1152, 3456:4032] (576, 576, 576)
Recorded block-done for octoS0SubroiZ15683136Y78409408X1097612544Difficultsoma_pred_affs/3133 with read ROI [9872:11440, 80:1648, 2960:4528] (1568, 1568, 1568) and write ROI [10368:10944, 576:1152, 3456:4032] (576, 576, 576)
Recording block-done for octoS0SubroiZ15683136Y78409408X1097612544Difficultsoma_pred_affs/4919 with read ROI [9872:11440, 5264:6832, 80:1648] (1568, 1568, 1568) and write ROI [10368:10944, 5760:6336, 576:1152] (576, 576, 576)
Recorded block-done for octoS0SubroiZ15683136Y78409408X1097612544Difficultsoma_pred_affs/4919 with read ROI [9872:11440, 5264:6832, 80:1648] (1568, 1568, 1568) and write ROI [10368:10944, 5760:6336, 576:1152] (576, 576, 576)
Recording block-done for octoS0SubroiZ15683136Y78409408X1097612544Difficultsoma_pred_affs/10304 with read ROI [9872:11440, 5264:6832, 5264:6832] (1568, 1568, 1568) and write ROI [10368:10944, 5760:6336, 5760:6336] (576, 576, 576)
Recorded block-done for octoS0SubroiZ15683136Y78409408X1097612544Difficultsoma_pred_affs/10304 with read ROI [9872:11440, 5264:6832, 5264:6832] (1568, 1568, 1568) and write ROI [10368:10944, 5760:6336, 5760:6336] (576, 576, 576)
Recording block-done for octoS0SubroiZ15683136Y78409408X1097612544Difficultsoma_pred_affs/20083 with read ROI [9872:11440, 6416:7984, 9872:11440] (1568, 1568, 1568) and write ROI [10368:10944, 6912:7488, 10368:10944] (576, 576, 576)
Recorded block-done for octoS0SubroiZ15683136Y78409408X1097612544Difficultsoma_pred_affs/20083 with read ROI [9872:11440, 6416:7984, 9872:11440] (1568, 1568, 1568) and write ROI [10368:10944, 6912:7488, 10368:10944] (576, 576, 576)
Recording block-done for octoS0SubroiZ15683136Y78409408X1097612544Difficultsoma_pred_affs/11994 with read ROI [9872:11440, 6992:8560, 4688:6256] (1568, 1568, 1568) and write ROI [10368:10944, 7488:8064, 5184:5760] (576, 576, 576)
Recorded block-done for octoS0SubroiZ15683136Y78409408X1097612544Difficultsoma_pred_affs/11994 with read ROI [9872:11440, 6992:8560, 4688:6256] (1568, 1568, 1568) and write ROI [10368:10944, 7488:8064, 5184:5760] (576, 576, 576)
Recording block-done for octoS0SubroiZ15683136Y78409408X1097612544Difficultsoma_pred_affs/21339 with read ROI [9872:11440, 6992:8560, 9872:11440] (1568, 1568, 1568) and write ROI [10368:10944, 7488:8064, 10368:10944] (576, 576, 576)
Recorded block-done for octoS0SubroiZ15683136Y78409408X1097612544Difficultsoma_pred_affs/21339 with read ROI [9872:11440, 6992:8560, 9872:11440] (1568, 1568, 1568) and write ROI [10368:10944, 7488:8064, 10368:10944] (576, 576, 576)
Recording block-done for octoS0SubroiZ15683136Y78409408X1097612544Difficultsoma_pred_affs/9752 with read ROI [9872:11440, 8720:10288, 1232:2800] (1568, 1568, 1568) and write ROI [10368:10944, 9216:9792, 1728:2304] (576, 576, 576)
Recorded block-done for octoS0SubroiZ15683136Y78409408X1097612544Difficultsoma_pred_affs/9752 with read ROI [9872:11440, 8720:10288, 1232:2800] (1568, 1568, 1568) and write ROI [10368:10944, 9216:9792, 1728:2304] (576, 576, 576)
Recording block-done for octoS0SubroiZ15683136Y78409408X1097612544Difficultsoma_pred_affs/8383 with read ROI [9872:11440, 8720:10288, 80:1648] (1568, 1568, 1568) and write ROI [10368:10944, 9216:9792, 576:1152] (576, 576, 576)
Recorded block-done for octoS0SubroiZ15683136Y78409408X1097612544Difficultsoma_pred_affs/8383 with read ROI [9872:11440, 8720:10288, 80:1648] (1568, 1568, 1568) and write ROI [10368:10944, 9216:9792, 576:1152] (576, 576, 576)
Recording block-done for octoS0SubroiZ15683136Y78409408X1097612544Difficultsoma_pred_affs/18017 with read ROI [9872:11440, 10448:12016, 4688:6256] (1568, 1568, 1568) and write ROI [10368:10944, 10944:11520, 5184:5760] (576, 576, 576)
Recorded block-done for octoS0SubroiZ15683136Y78409408X1097612544Difficultsoma_pred_affs/18017 with read ROI [9872:11440, 10448:12016, 4688:6256] (1568, 1568, 1568) and write ROI [10368:10944, 10944:11520, 5184:5760] (576, 576, 576)
Recording block-done for octoS0SubroiZ15683136Y78409408X1097612544Difficultsoma_pred_affs/24147 with read ROI [9872:11440, 10448:12016, 7568:9136] (1568, 1568, 1568) and write ROI [10368:10944, 10944:11520, 8064:8640] (576, 576, 576)
Recorded block-done for octoS0SubroiZ15683136Y78409408X1097612544Difficultsoma_pred_affs/24147 with read ROI [9872:11440, 10448:12016, 7568:9136] (1568, 1568, 1568) and write ROI [10368:10944, 10944:11520, 8064:8640] (576, 576, 576)
Recording block-done for octoS0SubroiZ15683136Y78409408X1097612544Difficultsoma_pred_affs/11752 with read ROI [10448:12016, 1232:2800, 9872:11440] (1568, 1568, 1568) and write ROI [10944:11520, 1728:2304, 10368:10944] (576, 576, 576)
Recorded block-done for octoS0SubroiZ15683136Y78409408X1097612544Difficultsoma_pred_affs/11752 with read ROI [10448:12016, 1232:2800, 9872:11440] (1568, 1568, 1568) and write ROI [10944:11520, 1728:2304, 10368:10944] (576, 576, 576)
Recording block-done for octoS0SubroiZ15683136Y78409408X1097612544Difficultsoma_pred_affs/10152 with read ROI [10448:12016, 1232:2800, 8720:10288] (1568, 1568, 1568) and write ROI [10944:11520, 1728:2304, 9216:9792] (576, 576, 576)
Recorded block-done for octoS0SubroiZ15683136Y78409408X1097612544Difficultsoma_pred_affs/10152 with read ROI [10448:12016, 1232:2800, 8720:10288] (1568, 1568, 1568) and write ROI [10944:11520, 1728:2304, 9216:9792] (576, 576, 576)
Recording block-done for octoS0SubroiZ15683136Y78409408X1097612544Difficultsoma_pred_affs/7390 with read ROI [10448:12016, 656:2224, 6992:8560] (1568, 1568, 1568) and write ROI [10944:11520, 1152:1728, 7488:8064] (576, 576, 576)
Recorded block-done for octoS0SubroiZ15683136Y78409408X1097612544Difficultsoma_pred_affs/7390 with read ROI [10448:12016, 656:2224, 6992:8560] (1568, 1568, 1568) and write ROI [10944:11520, 1152:1728, 7488:8064] (576, 576, 576)
Recording block-done for octoS0SubroiZ15683136Y78409408X1097612544Difficultsoma_pred_affs/11144 with read ROI [10448:12016, 5840:7408, 4688:6256] (1568, 1568, 1568) and write ROI [10944:11520, 6336:6912, 5184:5760] (576, 576, 576)
Recorded block-done for octoS0SubroiZ15683136Y78409408X1097612544Difficultsoma_pred_affs/11144 with read ROI [10448:12016, 5840:7408, 4688:6256] (1568, 1568, 1568) and write ROI [10944:11520, 6336:6912, 5184:5760] (576, 576, 576)
Recording block-done for octoS0SubroiZ15683136Y78409408X1097612544Difficultsoma_pred_affs/7687 with read ROI [10448:12016, 6992:8560, 656:2224] (1568, 1568, 1568) and write ROI [10944:11520, 7488:8064, 1152:1728] (576, 576, 576)
Recorded block-done for octoS0SubroiZ15683136Y78409408X1097612544Difficultsoma_pred_affs/7687 with read ROI [10448:12016, 6992:8560, 656:2224] (1568, 1568, 1568) and write ROI [10944:11520, 7488:8064, 1152:1728] (576, 576, 576)
Recording block-done for octoS0SubroiZ15683136Y78409408X1097612544Difficultsoma_pred_affs/16900 with read ROI [10448:12016, 9296:10864, 4688:6256] (1568, 1568, 1568) and write ROI [10944:11520, 9792:10368, 5184:5760] (576, 576, 576)
Recorded block-done for octoS0SubroiZ15683136Y78409408X1097612544Difficultsoma_pred_affs/16900 with read ROI [10448:12016, 9296:10864, 4688:6256] (1568, 1568, 1568) and write ROI [10944:11520, 9792:10368, 5184:5760] (576, 576, 576)
Recording block-done for octoS0SubroiZ15683136Y78409408X1097612544Difficultsoma_pred_affs/19184 with read ROI [10448:12016, 10448:12016, 4688:6256] (1568, 1568, 1568) and write ROI [10944:11520, 10944:11520, 5184:5760] (576, 576, 576)
Recorded block-done for octoS0SubroiZ15683136Y78409408X1097612544Difficultsoma_pred_affs/19184 with read ROI [10448:12016, 10448:12016, 4688:6256] (1568, 1568, 1568) and write ROI [10944:11520, 10944:11520, 5184:5760] (576, 576, 576)
Recording block-done for octoS0SubroiZ15683136Y78409408X1097612544Difficultsoma_pred_affs/20180 with read ROI [10448:12016, 7568:9136, 8144:9712] (1568, 1568, 1568) and write ROI [10944:11520, 8064:8640, 8640:9216] (576, 576, 576)
Recorded block-done for octoS0SubroiZ15683136Y78409408X1097612544Difficultsoma_pred_affs/20180 with read ROI [10448:12016, 7568:9136, 8144:9712] (1568, 1568, 1568) and write ROI [10944:11520, 8064:8640, 8640:9216] (576, 576, 576)
Recording block-done for octoS0SubroiZ15683136Y78409408X1097612544Difficultsoma_pred_affs/10427 with read ROI [10448:12016, 6992:8560, 2960:4528] (1568, 1568, 1568) and write ROI [10944:11520, 7488:8064, 3456:4032] (576, 576, 576)
Recorded block-done for octoS0SubroiZ15683136Y78409408X1097612544Difficultsoma_pred_affs/10427 with read ROI [10448:12016, 6992:8560, 2960:4528] (1568, 1568, 1568) and write ROI [10944:11520, 7488:8064, 3456:4032] (576, 576, 576)
Recording block-done for octoS0SubroiZ15683136Y78409408X1097612544Difficultsoma_pred_affs/462 with read ROI [80:1648, 656:2224, 5264:6832] (1568, 1568, 1568) and write ROI [576:1152, 1152:1728, 5760:6336] (576, 576, 576)
Recorded block-done for octoS0SubroiZ15683136Y78409408X1097612544Difficultsoma_pred_affs/462 with read ROI [80:1648, 656:2224, 5264:6832] (1568, 1568, 1568) and write ROI [576:1152, 1152:1728, 5760:6336] (576, 576, 576)
Recording block-done for octoS0SubroiZ15683136Y78409408X1097612544Difficultsoma_pred_affs/3382 with read ROI [80:1648, 6992:8560, 6416:7984] (1568, 1568, 1568) and write ROI [576:1152, 7488:8064, 6912:7488] (576, 576, 576)
Recorded block-done for octoS0SubroiZ15683136Y78409408X1097612544Difficultsoma_pred_affs/3382 with read ROI [80:1648, 6992:8560, 6416:7984] (1568, 1568, 1568) and write ROI [576:1152, 7488:8064, 6912:7488] (576, 576, 576)
Recording block-done for octoS0SubroiZ15683136Y78409408X1097612544Difficultsoma_pred_affs/1296 with read ROI [1232:2800, 7568:9136, 80:1648] (1568, 1568, 1568) and write ROI [1728:2304, 8064:8640, 576:1152] (576, 576, 576)
Recorded block-done for octoS0SubroiZ15683136Y78409408X1097612544Difficultsoma_pred_affs/1296 with read ROI [1232:2800, 7568:9136, 80:1648] (1568, 1568, 1568) and write ROI [1728:2304, 8064:8640, 576:1152] (576, 576, 576)
Recording block-done for octoS0SubroiZ15683136Y78409408X1097612544Difficultsoma_pred_affs/1112 with read ROI [3536:5104, 4688:6256, 80:1648] (1568, 1568, 1568) and write ROI [4032:4608, 5184:5760, 576:1152] (576, 576, 576)
Recorded block-done for octoS0SubroiZ15683136Y78409408X1097612544Difficultsoma_pred_affs/1112 with read ROI [3536:5104, 4688:6256, 80:1648] (1568, 1568, 1568) and write ROI [4032:4608, 5184:5760, 576:1152] (576, 576, 576)
Recording block-done for octoS0SubroiZ15683136Y78409408X1097612544Difficultsoma_pred_affs/3232 with read ROI [3536:5104, 9296:10864, 80:1648] (1568, 1568, 1568) and write ROI [4032:4608, 9792:10368, 576:1152] (576, 576, 576)
Recorded block-done for octoS0SubroiZ15683136Y78409408X1097612544Difficultsoma_pred_affs/3232 with read ROI [3536:5104, 9296:10864, 80:1648] (1568, 1568, 1568) and write ROI [4032:4608, 9792:10368, 576:1152] (576, 576, 576)
Recording block-done for octoS0SubroiZ15683136Y78409408X1097612544Difficultsoma_pred_affs/6877 with read ROI [3536:5104, 9872:11440, 4112:5680] (1568, 1568, 1568) and write ROI [4032:4608, 10368:10944, 4608:5184] (576, 576, 576)
Recorded block-done for octoS0SubroiZ15683136Y78409408X1097612544Difficultsoma_pred_affs/6877 with read ROI [3536:5104, 9872:11440, 4112:5680] (1568, 1568, 1568) and write ROI [4032:4608, 10368:10944, 4608:5184] (576, 576, 576)
Recording block-done for octoS0SubroiZ15683136Y78409408X1097612544Difficultsoma_pred_affs/2245 with read ROI [5840:7408, 4688:6256, 656:2224] (1568, 1568, 1568) and write ROI [6336:6912, 5184:5760, 1152:1728] (576, 576, 576)
Recorded block-done for octoS0SubroiZ15683136Y78409408X1097612544Difficultsoma_pred_affs/2245 with read ROI [5840:7408, 4688:6256, 656:2224] (1568, 1568, 1568) and write ROI [6336:6912, 5184:5760, 1152:1728] (576, 576, 576)
Recording block-done for octoS0SubroiZ15683136Y78409408X1097612544Difficultsoma_pred_affs/4320 with read ROI [3536:5104, 8144:9712, 2960:4528] (1568, 1568, 1568) and write ROI [4032:4608, 8640:9216, 3456:4032] (576, 576, 576)
Recorded block-done for octoS0SubroiZ15683136Y78409408X1097612544Difficultsoma_pred_affs/4320 with read ROI [3536:5104, 8144:9712, 2960:4528] (1568, 1568, 1568) and write ROI [4032:4608, 8640:9216, 3456:4032] (576, 576, 576)
Recording block-done for octoS0SubroiZ15683136Y78409408X1097612544Difficultsoma_pred_affs/3238 with read ROI [6992:8560, 5840:7408, 80:1648] (1568, 1568, 1568) and write ROI [7488:8064, 6336:6912, 576:1152] (576, 576, 576)
Recorded block-done for octoS0SubroiZ15683136Y78409408X1097612544Difficultsoma_pred_affs/3238 with read ROI [6992:8560, 5840:7408, 80:1648] (1568, 1568, 1568) and write ROI [7488:8064, 6336:6912, 576:1152] (576, 576, 576)
Recording block-done for octoS0SubroiZ15683136Y78409408X1097612544Difficultsoma_pred_affs/9365 with read ROI [8720:10288, 1808:3376, 9296:10864] (1568, 1568, 1568) and write ROI [9216:9792, 2304:2880, 9792:10368] (576, 576, 576)
Recorded block-done for octoS0SubroiZ15683136Y78409408X1097612544Difficultsoma_pred_affs/9365 with read ROI [8720:10288, 1808:3376, 9296:10864] (1568, 1568, 1568) and write ROI [9216:9792, 2304:2880, 9792:10368] (576, 576, 576)
Recording block-done for octoS0SubroiZ15683136Y78409408X1097612544Difficultsoma_pred_affs/3503 with read ROI [9296:10864, 1232:2800, 2960:4528] (1568, 1568, 1568) and write ROI [9792:10368, 1728:2304, 3456:4032] (576, 576, 576)
Recorded block-done for octoS0SubroiZ15683136Y78409408X1097612544Difficultsoma_pred_affs/3503 with read ROI [9296:10864, 1232:2800, 2960:4528] (1568, 1568, 1568) and write ROI [9792:10368, 1728:2304, 3456:4032] (576, 576, 576)
Recording block-done for octoS0SubroiZ15683136Y78409408X1097612544Difficultsoma_pred_affs/17717 with read ROI [8144:9712, 6992:8560, 9872:11440] (1568, 1568, 1568) and write ROI [8640:9216, 7488:8064, 10368:10944] (576, 576, 576)
Recorded block-done for octoS0SubroiZ15683136Y78409408X1097612544Difficultsoma_pred_affs/17717 with read ROI [8144:9712, 6992:8560, 9872:11440] (1568, 1568, 1568) and write ROI [8640:9216, 7488:8064, 10368:10944] (576, 576, 576)
