INFO:root:worker 3 started...
INFO:root:epsilon_agglomerate: 0.25
INFO:root:mask_file: None
INFO:root:mask_dataset: None
INFO:root:filter_fragments: 0.0
INFO:root:cfg.INS_SEGMENT.THRESHOLD 0.5
INFO:root:Running block with config daisy_logs/p667Em047677EsbCrop_fragments/config_3.yaml...
wandb: Currently logged in as: sm2667 (iconnect). Use `wandb login --relogin` to force relogin
INFO:root:Reading affs from /media/samia/DATA/mounts/cephfs/catena/lsd_outputs/AFF/3d/HEMI/model_checkpoint_300000/P667_EM04767_7_ESB_crop.zarr
INFO:root:Opening RAG DB...
INFO:root:RAG DB opened
INFO:engine.post.parallel_aff_agglomerate:Agglomerating in block [496:2544, 496:2544, 4592:6640] (2048, 2048, 2048) with context of [368:2672, 368:2672, 4464:6768] (2304, 2304, 2304)
INFO:engine.post.parallel_aff_agglomerate:merged 24329 edges
INFO:engine.post.parallel_aff_agglomerate:Agglomerating in block [496:2544, 496:2544, 18928:20976] (2048, 2048, 2048) with context of [368:2672, 368:2672, 18800:21104] (2304, 2304, 2304)
INFO:engine.post.parallel_aff_agglomerate:merged 18211 edges
INFO:engine.post.parallel_aff_agglomerate:Agglomerating in block [496:2544, 496:2544, 29168:29264] (2048, 2048, 96) with context of [368:2672, 368:2672, 29040:29392] (2304, 2304, 352)
INFO:engine.post.parallel_aff_agglomerate:merged 3522 edges
INFO:engine.post.parallel_aff_agglomerate:Agglomerating in block [496:2544, 2544:4592, 496:2544] (2048, 2048, 2048) with context of [368:2672, 2416:4720, 368:2672] (2304, 2304, 2304)
INFO:engine.post.parallel_aff_agglomerate:did not merge (97, 164)
INFO:engine.post.parallel_aff_agglomerate:did not merge (150, 201)
INFO:engine.post.parallel_aff_agglomerate:did not merge (150, 211)
INFO:engine.post.parallel_aff_agglomerate:did not merge (150, 300)
INFO:engine.post.parallel_aff_agglomerate:did not merge (99, 210)
INFO:engine.post.parallel_aff_agglomerate:did not merge (99, 300)
INFO:engine.post.parallel_aff_agglomerate:did not merge (596, 677)
INFO:engine.post.parallel_aff_agglomerate:did not merge (530, 662)
INFO:engine.post.parallel_aff_agglomerate:did not merge (664, 677)
INFO:engine.post.parallel_aff_agglomerate:did not merge (803, 817)
INFO:engine.post.parallel_aff_agglomerate:did not merge (911, 1012)
INFO:engine.post.parallel_aff_agglomerate:did not merge (1029, 1147)
INFO:engine.post.parallel_aff_agglomerate:did not merge (1029, 1148)
INFO:engine.post.parallel_aff_agglomerate:did not merge (1063, 1114)
INFO:engine.post.parallel_aff_agglomerate:did not merge (1063, 1115)
INFO:engine.post.parallel_aff_agglomerate:did not merge (1063, 1148)
INFO:engine.post.parallel_aff_agglomerate:did not merge (1064, 1114)
INFO:engine.post.parallel_aff_agglomerate:did not merge (1064, 1115)
INFO:engine.post.parallel_aff_agglomerate:did not merge (1064, 1134)
INFO:engine.post.parallel_aff_agglomerate:did not merge (1081, 1114)
INFO:engine.post.parallel_aff_agglomerate:did not merge (1081, 1115)
INFO:engine.post.parallel_aff_agglomerate:did not merge (1081, 1134)
INFO:engine.post.parallel_aff_agglomerate:did not merge (1081, 1146)
INFO:engine.post.parallel_aff_agglomerate:did not merge (1301, 1314)
INFO:engine.post.parallel_aff_agglomerate:did not merge (1354, 1455)
INFO:engine.post.parallel_aff_agglomerate:did not merge (16778388, 16778418)
INFO:engine.post.parallel_aff_agglomerate:did not merge (16778388, 16778442)
INFO:engine.post.parallel_aff_agglomerate:did not merge (16778388, 16778522)
INFO:engine.post.parallel_aff_agglomerate:did not merge (16778388, 16778536)
INFO:engine.post.parallel_aff_agglomerate:did not merge (16778388, 16778561)
INFO:engine.post.parallel_aff_agglomerate:did not merge (1458, 1580)
INFO:engine.post.parallel_aff_agglomerate:did not merge (1677, 1725)
INFO:engine.post.parallel_aff_agglomerate:did not merge (1677, 1771)
INFO:engine.post.parallel_aff_agglomerate:did not merge (1677, 1783)
INFO:engine.post.parallel_aff_agglomerate:did not merge (1677, 16778647)
INFO:engine.post.parallel_aff_agglomerate:did not merge (1810, 1870)
INFO:engine.post.parallel_aff_agglomerate:did not merge (1915, 1931)
INFO:engine.post.parallel_aff_agglomerate:did not merge (16778904, 16778932)
INFO:engine.post.parallel_aff_agglomerate:did not merge (16778904, 16778944)
INFO:engine.post.parallel_aff_agglomerate:did not merge (16778904, 16778974)
INFO:engine.post.parallel_aff_agglomerate:did not merge (2135, 2262)
INFO:engine.post.parallel_aff_agglomerate:did not merge (2135, 16778932)
INFO:engine.post.parallel_aff_agglomerate:did not merge (2135, 16778944)
INFO:engine.post.parallel_aff_agglomerate:did not merge (16778995, 16779123)
INFO:engine.post.parallel_aff_agglomerate:did not merge (16778995, 16779135)
INFO:engine.post.parallel_aff_agglomerate:did not merge (16778995, 83888277)
INFO:engine.post.parallel_aff_agglomerate:did not merge (16779114, 16779288)
INFO:engine.post.parallel_aff_agglomerate:did not merge (16779227, 16779328)
INFO:engine.post.parallel_aff_agglomerate:did not merge (16779227, 83888277)
INFO:engine.post.parallel_aff_agglomerate:did not merge (16779227, 83888300)
INFO:engine.post.parallel_aff_agglomerate:did not merge (16779319, 16779328)
INFO:engine.post.parallel_aff_agglomerate:did not merge (2576, 2679)
INFO:engine.post.parallel_aff_agglomerate:did not merge (2847, 2918)
INFO:engine.post.parallel_aff_agglomerate:did not merge (2847, 2933)
INFO:engine.post.parallel_aff_agglomerate:did not merge (2874, 2947)
INFO:engine.post.parallel_aff_agglomerate:did not merge (2874, 2964)
INFO:engine.post.parallel_aff_agglomerate:did not merge (2948, 3230)
INFO:engine.post.parallel_aff_agglomerate:did not merge (3098, 3289)
INFO:engine.post.parallel_aff_agglomerate:did not merge (3098, 50332170)
INFO:engine.post.parallel_aff_agglomerate:did not merge (3153, 3188)
INFO:engine.post.parallel_aff_agglomerate:did not merge (3232, 3266)
INFO:engine.post.parallel_aff_agglomerate:did not merge (3232, 3289)
INFO:engine.post.parallel_aff_agglomerate:merged 29434 edges
INFO:engine.post.parallel_aff_agglomerate:Agglomerating in block [496:2544, 2544:4592, 10736:12784] (2048, 2048, 2048) with context of [368:2672, 2416:4720, 10608:12912] (2304, 2304, 2304)
INFO:engine.post.parallel_aff_agglomerate:did not merge (335544403, 335544612)
INFO:engine.post.parallel_aff_agglomerate:did not merge (335544403, 335544725)
INFO:engine.post.parallel_aff_agglomerate:did not merge (335544403, 335544808)
INFO:engine.post.parallel_aff_agglomerate:did not merge (335544403, 335545016)
INFO:engine.post.parallel_aff_agglomerate:did not merge (939524844, 1426064058)
INFO:engine.post.parallel_aff_agglomerate:did not merge (939524844, 1426064071)
INFO:engine.post.parallel_aff_agglomerate:did not merge (587203540, 587203631)
INFO:engine.post.parallel_aff_agglomerate:did not merge (587203540, 587203818)
INFO:engine.post.parallel_aff_agglomerate:did not merge (587203821, 587203843)
INFO:engine.post.parallel_aff_agglomerate:did not merge (587204174, 587204261)
INFO:engine.post.parallel_aff_agglomerate:did not merge (335546696, 335546789)
INFO:engine.post.parallel_aff_agglomerate:did not merge (335546039, 335546396)
INFO:engine.post.parallel_aff_agglomerate:did not merge (335546039, 335546514)
INFO:engine.post.parallel_aff_agglomerate:did not merge (335546039, 335546953)
INFO:engine.post.parallel_aff_agglomerate:did not merge (335546039, 335546959)
INFO:engine.post.parallel_aff_agglomerate:did not merge (335546039, 335547060)
INFO:engine.post.parallel_aff_agglomerate:did not merge (587204835, 587204952)
INFO:engine.post.parallel_aff_agglomerate:did not merge (587204835, 587205012)
INFO:engine.post.parallel_aff_agglomerate:did not merge (587204879, 587204976)
INFO:engine.post.parallel_aff_agglomerate:did not merge (587204879, 587204985)
INFO:engine.post.parallel_aff_agglomerate:did not merge (587204879, 587204997)
INFO:engine.post.parallel_aff_agglomerate:did not merge (587204879, 587205026)
INFO:engine.post.parallel_aff_agglomerate:did not merge (587204879, 587205070)
INFO:engine.post.parallel_aff_agglomerate:did not merge (335547027, 335547060)
INFO:engine.post.parallel_aff_agglomerate:did not merge (335547027, 335547061)
INFO:engine.post.parallel_aff_agglomerate:did not merge (335547027, 335547191)
INFO:engine.post.parallel_aff_agglomerate:did not merge (335547027, 620757265)
INFO:engine.post.parallel_aff_agglomerate:did not merge (335547027, 620757309)
INFO:engine.post.parallel_aff_agglomerate:merged 23375 edges
INFO:engine.post.parallel_aff_agglomerate:Agglomerating in block [496:2544, 2544:4592, 20976:23024] (2048, 2048, 2048) with context of [368:2672, 2416:4720, 20848:23152] (2304, 2304, 2304)
INFO:engine.post.parallel_aff_agglomerate:did not merge (3690987594, 3690987658)
INFO:engine.post.parallel_aff_agglomerate:did not merge (3690987594, 3690987659)
INFO:engine.post.parallel_aff_agglomerate:did not merge (3690987594, 3690987670)
INFO:engine.post.parallel_aff_agglomerate:did not merge (3690987594, 3690987678)
INFO:engine.post.parallel_aff_agglomerate:did not merge (3690987594, 3690987686)
INFO:engine.post.parallel_aff_agglomerate:did not merge (3690987594, 3690987693)
INFO:engine.post.parallel_aff_agglomerate:did not merge (3690987594, 3690987707)
INFO:engine.post.parallel_aff_agglomerate:did not merge (3690987594, 3690987714)
INFO:engine.post.parallel_aff_agglomerate:did not merge (3690987594, 3690987715)
INFO:engine.post.parallel_aff_agglomerate:did not merge (3690987594, 3690987738)
INFO:engine.post.parallel_aff_agglomerate:did not merge (4798284726, 4798284783)
INFO:engine.post.parallel_aff_agglomerate:did not merge (4798284726, 6123684996)
INFO:engine.post.parallel_aff_agglomerate:did not merge (3690988322, 3690988374)
INFO:engine.post.parallel_aff_agglomerate:did not merge (3690988471, 3690988568)
INFO:engine.post.parallel_aff_agglomerate:did not merge (3690988616, 3690988709)
INFO:engine.post.parallel_aff_agglomerate:did not merge (3690988616, 3690988721)
INFO:engine.post.parallel_aff_agglomerate:did not merge (3690988667, 3690988750)
INFO:engine.post.parallel_aff_agglomerate:did not merge (3690988667, 3690988829)
INFO:engine.post.parallel_aff_agglomerate:did not merge (3690988635, 3690988648)
INFO:engine.post.parallel_aff_agglomerate:did not merge (3690988635, 3690988710)
INFO:engine.post.parallel_aff_agglomerate:did not merge (2768241857, 2768241862)
INFO:engine.post.parallel_aff_agglomerate:did not merge (2768241857, 2768241910)
INFO:engine.post.parallel_aff_agglomerate:did not merge (3690988705, 3690988721)
INFO:engine.post.parallel_aff_agglomerate:did not merge (3690988705, 3690988787)
INFO:engine.post.parallel_aff_agglomerate:did not merge (3690988705, 3690988788)
INFO:engine.post.parallel_aff_agglomerate:did not merge (3690988705, 3690988888)
INFO:engine.post.parallel_aff_agglomerate:did not merge (3690988705, 3690988945)
INFO:engine.post.parallel_aff_agglomerate:did not merge (3690988705, 3690988954)
INFO:engine.post.parallel_aff_agglomerate:did not merge (3690988705, 3690989248)
INFO:engine.post.parallel_aff_agglomerate:did not merge (3690988634, 3690988721)
INFO:engine.post.parallel_aff_agglomerate:did not merge (3690988863, 3690988888)
INFO:engine.post.parallel_aff_agglomerate:did not merge (4798285417, 4798285434)
INFO:engine.post.parallel_aff_agglomerate:did not merge (3690988877, 3690988888)
INFO:engine.post.parallel_aff_agglomerate:did not merge (4798285571, 4798285578)
INFO:engine.post.parallel_aff_agglomerate:did not merge (4798285571, 4798285629)
INFO:engine.post.parallel_aff_agglomerate:did not merge (3690989583, 3690989629)
INFO:engine.post.parallel_aff_agglomerate:did not merge (3690989556, 3690989569)
INFO:engine.post.parallel_aff_agglomerate:did not merge (3690989659, 3690989680)
INFO:engine.post.parallel_aff_agglomerate:did not merge (3690989659, 3690989813)
INFO:engine.post.parallel_aff_agglomerate:did not merge (3690989659, 3690989823)
INFO:engine.post.parallel_aff_agglomerate:did not merge (3690989752, 3690989795)
INFO:engine.post.parallel_aff_agglomerate:did not merge (3690989752, 3690989915)
INFO:engine.post.parallel_aff_agglomerate:did not merge (3690989752, 3690989925)
INFO:engine.post.parallel_aff_agglomerate:did not merge (3690989824, 3690989915)
INFO:engine.post.parallel_aff_agglomerate:did not merge (3690990436, 3690990449)
INFO:engine.post.parallel_aff_agglomerate:did not merge (3690990452, 3690990631)
INFO:engine.post.parallel_aff_agglomerate:did not merge (3690990452, 4831838536)
INFO:engine.post.parallel_aff_agglomerate:did not merge (3690990452, 4831838790)
INFO:engine.post.parallel_aff_agglomerate:did not merge (4798286895, 4798287034)
INFO:engine.post.parallel_aff_agglomerate:did not merge (4798286895, 6140461201)
INFO:engine.post.parallel_aff_agglomerate:did not merge (3690990542, 3690990903)
INFO:engine.post.parallel_aff_agglomerate:merged 32419 edges
INFO:engine.post.parallel_aff_agglomerate:Agglomerating in block [496:2544, 4592:6640, 496:2544] (2048, 2048, 2048) with context of [368:2672, 4464:6768, 368:2672] (2304, 2304, 2304)
INFO:engine.post.parallel_aff_agglomerate:did not merge (33554525, 33554616)
INFO:engine.post.parallel_aff_agglomerate:did not merge (33554662, 33554727)
INFO:engine.post.parallel_aff_agglomerate:did not merge (33554662, 33554777)
INFO:engine.post.parallel_aff_agglomerate:did not merge (33554848, 33554879)
INFO:engine.post.parallel_aff_agglomerate:did not merge (33554912, 33554927)
INFO:engine.post.parallel_aff_agglomerate:did not merge (33554535, 33554661)
INFO:engine.post.parallel_aff_agglomerate:did not merge (33555545, 33555567)
INFO:engine.post.parallel_aff_agglomerate:did not merge (33555545, 33555623)
INFO:engine.post.parallel_aff_agglomerate:did not merge (33555545, 33555654)
INFO:engine.post.parallel_aff_agglomerate:did not merge (33555545, 33555655)
INFO:engine.post.parallel_aff_agglomerate:did not merge (33555545, 33555731)
INFO:engine.post.parallel_aff_agglomerate:did not merge (33555545, 33556036)
INFO:engine.post.parallel_aff_agglomerate:did not merge (33555545, 33556071)
INFO:engine.post.parallel_aff_agglomerate:did not merge (33555545, 33556139)
INFO:engine.post.parallel_aff_agglomerate:did not merge (33555545, 33556154)
INFO:engine.post.parallel_aff_agglomerate:did not merge (33555545, 33556175)
INFO:engine.post.parallel_aff_agglomerate:did not merge (33555545, 33556215)
INFO:engine.post.parallel_aff_agglomerate:did not merge (33555545, 33556217)
INFO:engine.post.parallel_aff_agglomerate:did not merge (33555545, 33556218)
INFO:engine.post.parallel_aff_agglomerate:did not merge (33555545, 33556234)
INFO:engine.post.parallel_aff_agglomerate:did not merge (33555712, 33555730)
INFO:engine.post.parallel_aff_agglomerate:did not merge (33555712, 33555777)
INFO:engine.post.parallel_aff_agglomerate:did not merge (33555793, 33555985)
INFO:engine.post.parallel_aff_agglomerate:did not merge (33555758, 33555842)
INFO:engine.post.parallel_aff_agglomerate:did not merge (33555863, 33555985)
INFO:engine.post.parallel_aff_agglomerate:did not merge (33555904, 33555985)
INFO:engine.post.parallel_aff_agglomerate:did not merge (33555900, 33556052)
INFO:engine.post.parallel_aff_agglomerate:did not merge (33555900, 33556199)
INFO:engine.post.parallel_aff_agglomerate:did not merge (33555900, 33556279)
INFO:engine.post.parallel_aff_agglomerate:did not merge (33556282, 33556322)
INFO:engine.post.parallel_aff_agglomerate:did not merge (33556238, 33556322)
INFO:engine.post.parallel_aff_agglomerate:did not merge (33556696, 33556821)
INFO:engine.post.parallel_aff_agglomerate:did not merge (33556729, 33556821)
INFO:engine.post.parallel_aff_agglomerate:did not merge (33557051, 33557174)
INFO:engine.post.parallel_aff_agglomerate:did not merge (33557625, 33558006)
INFO:engine.post.parallel_aff_agglomerate:did not merge (33557590, 33557612)
INFO:engine.post.parallel_aff_agglomerate:did not merge (33557590, 33557856)
INFO:engine.post.parallel_aff_agglomerate:did not merge (33557858, 33557933)
INFO:engine.post.parallel_aff_agglomerate:did not merge (33558008, 33558112)
INFO:engine.post.parallel_aff_agglomerate:did not merge (33558533, 33558606)
INFO:engine.post.parallel_aff_agglomerate:did not merge (33558533, 134218321)
INFO:engine.post.parallel_aff_agglomerate:merged 21863 edges
INFO:engine.post.parallel_aff_agglomerate:Agglomerating in block [496:2544, 4592:6640, 10736:12784] (2048, 2048, 2048) with context of [368:2672, 4464:6768, 10608:12912] (2304, 2304, 2304)
INFO:engine.post.parallel_aff_agglomerate:did not merge (956301478, 956301509)
INFO:engine.post.parallel_aff_agglomerate:did not merge (603979854, 603979861)
INFO:engine.post.parallel_aff_agglomerate:did not merge (603979854, 603979870)
INFO:engine.post.parallel_aff_agglomerate:did not merge (603979854, 603979872)
INFO:engine.post.parallel_aff_agglomerate:did not merge (603979854, 603979903)
INFO:engine.post.parallel_aff_agglomerate:did not merge (603979854, 603979920)
INFO:engine.post.parallel_aff_agglomerate:did not merge (603979854, 603979933)
INFO:engine.post.parallel_aff_agglomerate:did not merge (603979854, 603979960)
INFO:engine.post.parallel_aff_agglomerate:did not merge (603979854, 603979961)
INFO:engine.post.parallel_aff_agglomerate:did not merge (603979854, 603979968)
INFO:engine.post.parallel_aff_agglomerate:did not merge (603979854, 603979969)
INFO:engine.post.parallel_aff_agglomerate:did not merge (603979854, 603980034)
INFO:engine.post.parallel_aff_agglomerate:did not merge (603979854, 603980068)
INFO:engine.post.parallel_aff_agglomerate:did not merge (603979854, 603980100)
INFO:engine.post.parallel_aff_agglomerate:did not merge (603979854, 603980155)
INFO:engine.post.parallel_aff_agglomerate:did not merge (603979854, 603980251)
INFO:engine.post.parallel_aff_agglomerate:did not merge (603979854, 603980315)
INFO:engine.post.parallel_aff_agglomerate:did not merge (603979854, 603980333)
INFO:engine.post.parallel_aff_agglomerate:did not merge (603979854, 603980343)
INFO:engine.post.parallel_aff_agglomerate:did not merge (603979854, 603980469)
INFO:engine.post.parallel_aff_agglomerate:did not merge (603979854, 956302051)
INFO:engine.post.parallel_aff_agglomerate:did not merge (603979854, 989856115)
INFO:engine.post.parallel_aff_agglomerate:did not merge (956301776, 956301859)
INFO:engine.post.parallel_aff_agglomerate:did not merge (956301835, 956301842)
INFO:engine.post.parallel_aff_agglomerate:did not merge (956301778, 956301859)
INFO:engine.post.parallel_aff_agglomerate:did not merge (956301850, 956301859)
INFO:engine.post.parallel_aff_agglomerate:did not merge (956301849, 956301888)
INFO:engine.post.parallel_aff_agglomerate:did not merge (956301993, 956302084)
INFO:engine.post.parallel_aff_agglomerate:did not merge (956301993, 956302140)
INFO:engine.post.parallel_aff_agglomerate:did not merge (956301994, 956302012)
INFO:engine.post.parallel_aff_agglomerate:did not merge (956301994, 956302052)
INFO:engine.post.parallel_aff_agglomerate:did not merge (956302190, 956302336)
INFO:engine.post.parallel_aff_agglomerate:did not merge (956302227, 956302296)
INFO:engine.post.parallel_aff_agglomerate:did not merge (956302297, 956302439)
INFO:engine.post.parallel_aff_agglomerate:did not merge (603980715, 956302337)
INFO:engine.post.parallel_aff_agglomerate:did not merge (956302261, 956302337)
INFO:engine.post.parallel_aff_agglomerate:did not merge (956302477, 956302525)
INFO:engine.post.parallel_aff_agglomerate:did not merge (603980871, 603980898)
INFO:engine.post.parallel_aff_agglomerate:did not merge (603980871, 603980915)
INFO:engine.post.parallel_aff_agglomerate:did not merge (603980871, 603980938)
INFO:engine.post.parallel_aff_agglomerate:did not merge (603980871, 603980965)
INFO:engine.post.parallel_aff_agglomerate:did not merge (603980871, 989856438)
INFO:engine.post.parallel_aff_agglomerate:did not merge (603980871, 989856754)
INFO:engine.post.parallel_aff_agglomerate:did not merge (1426064869, 1426064993)
INFO:engine.post.parallel_aff_agglomerate:did not merge (1426064869, 1426065042)
INFO:engine.post.parallel_aff_agglomerate:did not merge (956302537, 956302572)
INFO:engine.post.parallel_aff_agglomerate:did not merge (956302537, 956302624)
INFO:engine.post.parallel_aff_agglomerate:did not merge (956302192, 956302475)
INFO:engine.post.parallel_aff_agglomerate:did not merge (956302192, 956302525)
INFO:engine.post.parallel_aff_agglomerate:did not merge (956302192, 956302572)
INFO:engine.post.parallel_aff_agglomerate:did not merge (956302192, 956302624)
INFO:engine.post.parallel_aff_agglomerate:did not merge (956302192, 956302643)
INFO:engine.post.parallel_aff_agglomerate:did not merge (956302192, 956302646)
INFO:engine.post.parallel_aff_agglomerate:did not merge (956302192, 956302838)
INFO:engine.post.parallel_aff_agglomerate:did not merge (956302192, 956302852)
INFO:engine.post.parallel_aff_agglomerate:did not merge (956302192, 956302853)
INFO:engine.post.parallel_aff_agglomerate:did not merge (956302894, 956302973)
INFO:engine.post.parallel_aff_agglomerate:did not merge (956302934, 956303056)
INFO:engine.post.parallel_aff_agglomerate:did not merge (956302934, 956303093)
INFO:engine.post.parallel_aff_agglomerate:did not merge (956302934, 956303126)
INFO:engine.post.parallel_aff_agglomerate:did not merge (956303094, 956303389)
INFO:engine.post.parallel_aff_agglomerate:did not merge (956303334, 956303389)
INFO:engine.post.parallel_aff_agglomerate:did not merge (956303633, 956303660)
INFO:engine.post.parallel_aff_agglomerate:did not merge (956303633, 1426065729)
INFO:engine.post.parallel_aff_agglomerate:did not merge (956304570, 956304610)
INFO:engine.post.parallel_aff_agglomerate:did not merge (956304570, 956304779)
INFO:engine.post.parallel_aff_agglomerate:merged 27031 edges
INFO:engine.post.parallel_aff_agglomerate:Agglomerating in block [496:2544, 4592:6640, 20976:23024] (2048, 2048, 2048) with context of [368:2672, 4464:6768, 20848:23152] (2304, 2304, 2304)
INFO:engine.post.parallel_aff_agglomerate:did not merge (4815061484, 4815061506)
INFO:engine.post.parallel_aff_agglomerate:did not merge (4815061484, 4815061522)
INFO:engine.post.parallel_aff_agglomerate:did not merge (4815061484, 4815061552)
INFO:engine.post.parallel_aff_agglomerate:did not merge (3707764857, 3707765019)
INFO:engine.post.parallel_aff_agglomerate:did not merge (3707764857, 3707765130)
INFO:engine.post.parallel_aff_agglomerate:did not merge (3707764857, 3707765145)
INFO:engine.post.parallel_aff_agglomerate:did not merge (3707764857, 3707765183)
INFO:engine.post.parallel_aff_agglomerate:did not merge (3707764857, 3707765215)
INFO:engine.post.parallel_aff_agglomerate:did not merge (3707764857, 4848616022)
INFO:engine.post.parallel_aff_agglomerate:did not merge (4815061800, 4815062010)
INFO:engine.post.parallel_aff_agglomerate:did not merge (4815062145, 4815062178)
INFO:engine.post.parallel_aff_agglomerate:did not merge (4815062145, 4815062310)
INFO:engine.post.parallel_aff_agglomerate:did not merge (4815062259, 4815062310)
INFO:engine.post.parallel_aff_agglomerate:did not merge (3707766424, 3707766554)
INFO:engine.post.parallel_aff_agglomerate:did not merge (3707766424, 3707766591)
INFO:engine.post.parallel_aff_agglomerate:did not merge (3707766424, 3707766693)
INFO:engine.post.parallel_aff_agglomerate:did not merge (4815062650, 4815062673)
INFO:engine.post.parallel_aff_agglomerate:did not merge (4815062650, 4815062674)
INFO:engine.post.parallel_aff_agglomerate:did not merge (4815062650, 4815062716)
INFO:engine.post.parallel_aff_agglomerate:did not merge (4815062650, 4815062896)
INFO:engine.post.parallel_aff_agglomerate:did not merge (4815062650, 4815062920)
INFO:engine.post.parallel_aff_agglomerate:did not merge (4815062650, 4815062921)
INFO:engine.post.parallel_aff_agglomerate:did not merge (4815062650, 4815062922)
INFO:engine.post.parallel_aff_agglomerate:did not merge (4815062650, 4815062946)
INFO:engine.post.parallel_aff_agglomerate:did not merge (4815062650, 4815062967)
INFO:engine.post.parallel_aff_agglomerate:did not merge (4815062650, 4815062969)
INFO:engine.post.parallel_aff_agglomerate:did not merge (4815062650, 4815062970)
INFO:engine.post.parallel_aff_agglomerate:did not merge (4815062650, 4815062985)
INFO:engine.post.parallel_aff_agglomerate:did not merge (4815062650, 4815063021)
INFO:engine.post.parallel_aff_agglomerate:did not merge (4815062650, 4815063036)
INFO:engine.post.parallel_aff_agglomerate:did not merge (4815062650, 4815063207)
INFO:engine.post.parallel_aff_agglomerate:did not merge (4815062650, 4815063335)
INFO:engine.post.parallel_aff_agglomerate:did not merge (4815063548, 4815063764)
INFO:engine.post.parallel_aff_agglomerate:did not merge (4815063601, 4815063764)
INFO:engine.post.parallel_aff_agglomerate:did not merge (4815063791, 4815063952)
INFO:engine.post.parallel_aff_agglomerate:did not merge (4815063664, 4815063764)
INFO:engine.post.parallel_aff_agglomerate:did not merge (4815063664, 4815063811)
INFO:engine.post.parallel_aff_agglomerate:did not merge (4815063664, 4815063908)
INFO:engine.post.parallel_aff_agglomerate:did not merge (4815063664, 4815063952)
INFO:engine.post.parallel_aff_agglomerate:did not merge (4815063664, 4815064035)
INFO:engine.post.parallel_aff_agglomerate:did not merge (4815063664, 4815064053)
INFO:engine.post.parallel_aff_agglomerate:did not merge (4815063664, 4815064062)
INFO:engine.post.parallel_aff_agglomerate:did not merge (4815063664, 4815064063)
INFO:engine.post.parallel_aff_agglomerate:did not merge (4815063922, 4815063952)
INFO:engine.post.parallel_aff_agglomerate:did not merge (4815063922, 4815063972)
INFO:engine.post.parallel_aff_agglomerate:did not merge (4815063922, 4815064051)
INFO:engine.post.parallel_aff_agglomerate:did not merge (4815063922, 4815064102)
INFO:engine.post.parallel_aff_agglomerate:did not merge (4815063982, 4815064061)
INFO:engine.post.parallel_aff_agglomerate:did not merge (4815064026, 4815064035)
INFO:engine.post.parallel_aff_agglomerate:did not merge (4815064007, 4815064035)
INFO:engine.post.parallel_aff_agglomerate:did not merge (4815064104, 4815064126)
INFO:engine.post.parallel_aff_agglomerate:did not merge (4815064027, 4815064061)
INFO:engine.post.parallel_aff_agglomerate:did not merge (4815063983, 6123686128)
INFO:engine.post.parallel_aff_agglomerate:did not merge (6123686204, 6123686327)
INFO:engine.post.parallel_aff_agglomerate:did not merge (6123686204, 6123686398)
INFO:engine.post.parallel_aff_agglomerate:did not merge (6123686204, 6123686765)
INFO:engine.post.parallel_aff_agglomerate:did not merge (4815064197, 4815064228)
INFO:engine.post.parallel_aff_agglomerate:did not merge (4815064291, 4815064511)
INFO:engine.post.parallel_aff_agglomerate:did not merge (4815064230, 4815064511)
INFO:engine.post.parallel_aff_agglomerate:did not merge (4815064379, 4815064392)
INFO:engine.post.parallel_aff_agglomerate:did not merge (4815064379, 4815064565)
INFO:engine.post.parallel_aff_agglomerate:did not merge (4815064379, 4815064653)
INFO:engine.post.parallel_aff_agglomerate:did not merge (4815064379, 4815064791)
INFO:engine.post.parallel_aff_agglomerate:did not merge (4815064379, 4815064797)
INFO:engine.post.parallel_aff_agglomerate:did not merge (6123686444, 6123686765)
INFO:engine.post.parallel_aff_agglomerate:did not merge (4815064462, 4815064511)
INFO:engine.post.parallel_aff_agglomerate:did not merge (4815064617, 4815064653)
INFO:engine.post.parallel_aff_agglomerate:did not merge (4815064617, 4815064683)
INFO:engine.post.parallel_aff_agglomerate:did not merge (4815064640, 4815064653)
INFO:engine.post.parallel_aff_agglomerate:did not merge (6123686820, 6123687028)
INFO:engine.post.parallel_aff_agglomerate:did not merge (4815064714, 4815064791)
INFO:engine.post.parallel_aff_agglomerate:did not merge (4815064714, 4815064797)
INFO:engine.post.parallel_aff_agglomerate:did not merge (4815065384, 4815065510)
INFO:engine.post.parallel_aff_agglomerate:did not merge (4815065384, 4815065565)
INFO:engine.post.parallel_aff_agglomerate:did not merge (4815065384, 4815065798)
INFO:engine.post.parallel_aff_agglomerate:did not merge (4815065384, 6174015925)
INFO:engine.post.parallel_aff_agglomerate:did not merge (4815065384, 6174016200)
INFO:engine.post.parallel_aff_agglomerate:did not merge (3707768640, 3707768820)
INFO:engine.post.parallel_aff_agglomerate:merged 13327 edges
INFO:engine.post.parallel_aff_agglomerate:Agglomerating in block [496:2544, 6640:8688, 496:2544] (2048, 2048, 2048) with context of [368:2672, 6512:8816, 368:2672] (2304, 2304, 2304)
INFO:engine.post.parallel_aff_agglomerate:did not merge (117440602, 117440684)
INFO:engine.post.parallel_aff_agglomerate:did not merge (117440727, 117440835)
INFO:engine.post.parallel_aff_agglomerate:did not merge (117440785, 117440848)
INFO:engine.post.parallel_aff_agglomerate:did not merge (218104074, 218104174)
INFO:engine.post.parallel_aff_agglomerate:did not merge (117440873, 117440939)
INFO:engine.post.parallel_aff_agglomerate:did not merge (117440873, 117440952)
INFO:engine.post.parallel_aff_agglomerate:did not merge (117441745, 117441896)
INFO:engine.post.parallel_aff_agglomerate:did not merge (117441836, 117441897)
INFO:engine.post.parallel_aff_agglomerate:did not merge (117441835, 117441896)
INFO:engine.post.parallel_aff_agglomerate:did not merge (117441853, 117441896)
INFO:engine.post.parallel_aff_agglomerate:did not merge (117441882, 117441897)
INFO:engine.post.parallel_aff_agglomerate:did not merge (117441881, 117441897)
INFO:engine.post.parallel_aff_agglomerate:did not merge (218105371, 218105510)
INFO:engine.post.parallel_aff_agglomerate:did not merge (218105371, 218105511)
INFO:engine.post.parallel_aff_agglomerate:did not merge (218105371, 436209646)
INFO:engine.post.parallel_aff_agglomerate:did not merge (117442357, 117442389)
INFO:engine.post.parallel_aff_agglomerate:did not merge (117442357, 117442390)
INFO:engine.post.parallel_aff_agglomerate:did not merge (117442357, 117442401)
INFO:engine.post.parallel_aff_agglomerate:did not merge (117442189, 117442226)
INFO:engine.post.parallel_aff_agglomerate:did not merge (117442189, 117442389)
INFO:engine.post.parallel_aff_agglomerate:did not merge (117442189, 117442390)
INFO:engine.post.parallel_aff_agglomerate:did not merge (117442189, 117442515)
INFO:engine.post.parallel_aff_agglomerate:did not merge (117442189, 218105235)
INFO:engine.post.parallel_aff_agglomerate:did not merge (117442423, 117442454)
INFO:engine.post.parallel_aff_agglomerate:did not merge (117442799, 117442814)
INFO:engine.post.parallel_aff_agglomerate:did not merge (218106131, 218106230)
INFO:engine.post.parallel_aff_agglomerate:did not merge (117442950, 117443184)
INFO:engine.post.parallel_aff_agglomerate:did not merge (117442950, 117443301)
INFO:engine.post.parallel_aff_agglomerate:did not merge (218106456, 218106505)
INFO:engine.post.parallel_aff_agglomerate:did not merge (117443464, 117443721)
INFO:engine.post.parallel_aff_agglomerate:did not merge (117443594, 285212757)
INFO:engine.post.parallel_aff_agglomerate:did not merge (117443515, 117443591)
INFO:engine.post.parallel_aff_agglomerate:merged 23660 edges
INFO:engine.post.parallel_aff_agglomerate:Agglomerating in block [496:2544, 6640:8688, 10736:12784] (2048, 2048, 2048) with context of [368:2672, 6512:8816, 10608:12912] (2304, 2304, 2304)
INFO:engine.post.parallel_aff_agglomerate:did not merge (1459618164, 1459618240)
INFO:engine.post.parallel_aff_agglomerate:did not merge (1459618137, 1459618325)
INFO:engine.post.parallel_aff_agglomerate:did not merge (1459618137, 1459618403)
INFO:engine.post.parallel_aff_agglomerate:did not merge (989855971, 989856147)
INFO:engine.post.parallel_aff_agglomerate:did not merge (989855971, 1459618403)
INFO:engine.post.parallel_aff_agglomerate:did not merge (1459618191, 1459618240)
INFO:engine.post.parallel_aff_agglomerate:did not merge (1459618405, 1459618545)
INFO:engine.post.parallel_aff_agglomerate:did not merge (1459618405, 1459618605)
INFO:engine.post.parallel_aff_agglomerate:did not merge (1459617893, 1459618051)
INFO:engine.post.parallel_aff_agglomerate:did not merge (1459617893, 1459618064)
INFO:engine.post.parallel_aff_agglomerate:did not merge (1459617893, 1459618083)
INFO:engine.post.parallel_aff_agglomerate:did not merge (1459617893, 1459618092)
INFO:engine.post.parallel_aff_agglomerate:did not merge (1459617893, 2063597864)
INFO:engine.post.parallel_aff_agglomerate:did not merge (1459617893, 2063598456)
INFO:engine.post.parallel_aff_agglomerate:did not merge (1459618458, 1459618505)
INFO:engine.post.parallel_aff_agglomerate:did not merge (1459618440, 1459618640)
INFO:engine.post.parallel_aff_agglomerate:did not merge (1459618507, 1459618544)
INFO:engine.post.parallel_aff_agglomerate:did not merge (1459618459, 1459618640)
INFO:engine.post.parallel_aff_agglomerate:did not merge (1459618535, 1459618640)
INFO:engine.post.parallel_aff_agglomerate:did not merge (2063598320, 2063598439)
INFO:engine.post.parallel_aff_agglomerate:did not merge (2063598320, 2063598455)
INFO:engine.post.parallel_aff_agglomerate:did not merge (2063598320, 2063598456)
INFO:engine.post.parallel_aff_agglomerate:did not merge (1459618607, 1459618637)
INFO:engine.post.parallel_aff_agglomerate:did not merge (1459618607, 1459618640)
INFO:engine.post.parallel_aff_agglomerate:did not merge (1459618607, 1459618659)
INFO:engine.post.parallel_aff_agglomerate:did not merge (1459618607, 1459618752)
INFO:engine.post.parallel_aff_agglomerate:did not merge (1459618607, 1459618775)
INFO:engine.post.parallel_aff_agglomerate:did not merge (1459618607, 1459618776)
INFO:engine.post.parallel_aff_agglomerate:did not merge (1459618607, 1459618777)
INFO:engine.post.parallel_aff_agglomerate:did not merge (1459618607, 1459618796)
INFO:engine.post.parallel_aff_agglomerate:did not merge (1459618607, 1459618797)
INFO:engine.post.parallel_aff_agglomerate:did not merge (1459618607, 1459618798)
INFO:engine.post.parallel_aff_agglomerate:did not merge (1459618607, 1459618818)
INFO:engine.post.parallel_aff_agglomerate:did not merge (2063598338, 2063598439)
INFO:engine.post.parallel_aff_agglomerate:did not merge (2063598338, 2063598455)
INFO:engine.post.parallel_aff_agglomerate:did not merge (2063598338, 2063598456)
INFO:engine.post.parallel_aff_agglomerate:did not merge (2063598338, 2063598470)
INFO:engine.post.parallel_aff_agglomerate:did not merge (1459618801, 1459618818)
INFO:engine.post.parallel_aff_agglomerate:did not merge (1459618801, 1459618924)
INFO:engine.post.parallel_aff_agglomerate:did not merge (1459618779, 1459618898)
INFO:engine.post.parallel_aff_agglomerate:did not merge (1459618779, 2063598470)
INFO:engine.post.parallel_aff_agglomerate:did not merge (2063598566, 2063598692)
INFO:engine.post.parallel_aff_agglomerate:did not merge (1459618901, 1459618997)
INFO:engine.post.parallel_aff_agglomerate:did not merge (989856476, 989856486)
INFO:engine.post.parallel_aff_agglomerate:did not merge (1459618977, 1459618997)
INFO:engine.post.parallel_aff_agglomerate:did not merge (1459618977, 1459619008)
INFO:engine.post.parallel_aff_agglomerate:did not merge (1459618902, 1459618997)
INFO:engine.post.parallel_aff_agglomerate:did not merge (1459619085, 1459619113)
INFO:engine.post.parallel_aff_agglomerate:did not merge (1459619158, 1459619176)
INFO:engine.post.parallel_aff_agglomerate:did not merge (2063598646, 2063598956)
INFO:engine.post.parallel_aff_agglomerate:did not merge (2063598646, 2063598957)
INFO:engine.post.parallel_aff_agglomerate:did not merge (1459619328, 1459619562)
INFO:engine.post.parallel_aff_agglomerate:did not merge (1459619347, 1459619562)
INFO:engine.post.parallel_aff_agglomerate:did not merge (1459619477, 1459619562)
INFO:engine.post.parallel_aff_agglomerate:did not merge (1459619398, 1459619562)
INFO:engine.post.parallel_aff_agglomerate:did not merge (1459619690, 1459619710)
INFO:engine.post.parallel_aff_agglomerate:did not merge (1459620245, 1459620268)
INFO:engine.post.parallel_aff_agglomerate:did not merge (1459620245, 1459620285)
INFO:engine.post.parallel_aff_agglomerate:did not merge (1459620245, 1459620321)
INFO:engine.post.parallel_aff_agglomerate:did not merge (1459620544, 1459620557)
INFO:engine.post.parallel_aff_agglomerate:did not merge (1459620544, 1459620574)
INFO:engine.post.parallel_aff_agglomerate:did not merge (2063600500, 2063600518)
INFO:engine.post.parallel_aff_agglomerate:did not merge (2063600500, 2063600519)
INFO:engine.post.parallel_aff_agglomerate:did not merge (2063600500, 2063600847)
INFO:engine.post.parallel_aff_agglomerate:did not merge (2063600644, 2063600658)
INFO:engine.post.parallel_aff_agglomerate:did not merge (2063600644, 2063600790)
INFO:engine.post.parallel_aff_agglomerate:did not merge (2063600644, 2063600847)
INFO:engine.post.parallel_aff_agglomerate:did not merge (989857406, 989857495)
INFO:engine.post.parallel_aff_agglomerate:did not merge (989857406, 989857516)
INFO:engine.post.parallel_aff_agglomerate:did not merge (989857406, 989857560)
INFO:engine.post.parallel_aff_agglomerate:did not merge (989857406, 989857632)
INFO:engine.post.parallel_aff_agglomerate:did not merge (989857406, 989857639)
INFO:engine.post.parallel_aff_agglomerate:did not merge (989857406, 989857760)
INFO:engine.post.parallel_aff_agglomerate:did not merge (989857406, 989857823)
INFO:engine.post.parallel_aff_agglomerate:did not merge (989857406, 989857878)
INFO:engine.post.parallel_aff_agglomerate:did not merge (989857406, 989857897)
INFO:engine.post.parallel_aff_agglomerate:did not merge (1459621327, 1459621412)
INFO:engine.post.parallel_aff_agglomerate:merged 28623 edges
INFO:engine.post.parallel_aff_agglomerate:Agglomerating in block [496:2544, 6640:8688, 20976:23024] (2048, 2048, 2048) with context of [368:2672, 6512:8816, 20848:23152] (2304, 2304, 2304)
INFO:engine.post.parallel_aff_agglomerate:did not merge (6157239443, 6157239459)
INFO:engine.post.parallel_aff_agglomerate:did not merge (6157239651, 6157239770)
INFO:engine.post.parallel_aff_agglomerate:did not merge (6157240115, 6157240158)
INFO:engine.post.parallel_aff_agglomerate:did not merge (6157240115, 6157240161)
INFO:engine.post.parallel_aff_agglomerate:did not merge (6157239776, 6157240161)
INFO:engine.post.parallel_aff_agglomerate:did not merge (6157239776, 6157240269)
INFO:engine.post.parallel_aff_agglomerate:did not merge (6157240417, 6157240759)
INFO:engine.post.parallel_aff_agglomerate:did not merge (6157240417, 6157240760)
INFO:engine.post.parallel_aff_agglomerate:did not merge (6157240417, 7751074006)
INFO:engine.post.parallel_aff_agglomerate:did not merge (6157240689, 6157240716)
INFO:engine.post.parallel_aff_agglomerate:did not merge (6157240689, 6157240760)
INFO:engine.post.parallel_aff_agglomerate:did not merge (6157240689, 7751074007)
INFO:engine.post.parallel_aff_agglomerate:did not merge (4848617729, 4848617801)
INFO:engine.post.parallel_aff_agglomerate:merged 10034 edges
INFO:engine.post.parallel_aff_agglomerate:Agglomerating in block [496:2544, 8688:9104, 496:2544] (2048, 416, 2048) with context of [368:2672, 8560:9232, 368:2672] (2304, 672, 2304)
INFO:engine.post.parallel_aff_agglomerate:did not merge (268436064, 268436143)
INFO:engine.post.parallel_aff_agglomerate:did not merge (268436080, 268436276)
INFO:engine.post.parallel_aff_agglomerate:did not merge (268436080, 268436291)
INFO:engine.post.parallel_aff_agglomerate:did not merge (268436189, 268436291)
INFO:engine.post.parallel_aff_agglomerate:did not merge (268436189, 268436351)
INFO:engine.post.parallel_aff_agglomerate:did not merge (268436189, 268436431)
INFO:engine.post.parallel_aff_agglomerate:did not merge (436208184, 436208258)
INFO:engine.post.parallel_aff_agglomerate:did not merge (436208184, 436208266)
INFO:engine.post.parallel_aff_agglomerate:did not merge (436208184, 436208422)
INFO:engine.post.parallel_aff_agglomerate:did not merge (268436293, 268436315)
INFO:engine.post.parallel_aff_agglomerate:did not merge (268436242, 268436291)
INFO:engine.post.parallel_aff_agglomerate:did not merge (268436242, 268436351)
INFO:engine.post.parallel_aff_agglomerate:did not merge (268436242, 268436370)
INFO:engine.post.parallel_aff_agglomerate:did not merge (268436242, 268436410)
INFO:engine.post.parallel_aff_agglomerate:did not merge (268436242, 268436431)
INFO:engine.post.parallel_aff_agglomerate:did not merge (268436278, 268436410)
INFO:engine.post.parallel_aff_agglomerate:did not merge (268436278, 268436462)
INFO:engine.post.parallel_aff_agglomerate:did not merge (268436391, 268436430)
INFO:engine.post.parallel_aff_agglomerate:did not merge (268436366, 268436429)
INFO:engine.post.parallel_aff_agglomerate:did not merge (268436366, 268436431)
INFO:engine.post.parallel_aff_agglomerate:did not merge (268436366, 268436480)
INFO:engine.post.parallel_aff_agglomerate:did not merge (268436422, 268436479)
INFO:engine.post.parallel_aff_agglomerate:did not merge (268436448, 268436462)
INFO:engine.post.parallel_aff_agglomerate:did not merge (268436437, 268436480)
INFO:engine.post.parallel_aff_agglomerate:did not merge (268436604, 268436652)
INFO:engine.post.parallel_aff_agglomerate:did not merge (268436604, 268436676)
INFO:engine.post.parallel_aff_agglomerate:did not merge (268436604, 268436685)
INFO:engine.post.parallel_aff_agglomerate:did not merge (268436604, 268436701)
INFO:engine.post.parallel_aff_agglomerate:did not merge (268436604, 268436702)
INFO:engine.post.parallel_aff_agglomerate:did not merge (268436604, 268436776)
INFO:engine.post.parallel_aff_agglomerate:did not merge (268436604, 268436777)
INFO:engine.post.parallel_aff_agglomerate:did not merge (268436604, 268436796)
INFO:engine.post.parallel_aff_agglomerate:did not merge (268436604, 268436806)
INFO:engine.post.parallel_aff_agglomerate:did not merge (268436604, 268436818)
INFO:engine.post.parallel_aff_agglomerate:did not merge (268436604, 268436819)
INFO:engine.post.parallel_aff_agglomerate:did not merge (268436604, 268436838)
INFO:engine.post.parallel_aff_agglomerate:did not merge (268437194, 268437465)
INFO:engine.post.parallel_aff_agglomerate:did not merge (268437194, 268437478)
INFO:engine.post.parallel_aff_agglomerate:did not merge (268437194, 268437487)
INFO:engine.post.parallel_aff_agglomerate:did not merge (268437194, 268437499)
INFO:engine.post.parallel_aff_agglomerate:did not merge (268437909, 268438035)
INFO:engine.post.parallel_aff_agglomerate:did not merge (268437909, 268438036)
INFO:engine.post.parallel_aff_agglomerate:did not merge (268438124, 268438287)
INFO:engine.post.parallel_aff_agglomerate:did not merge (268438197, 268438240)
INFO:engine.post.parallel_aff_agglomerate:did not merge (268438197, 268438241)
INFO:engine.post.parallel_aff_agglomerate:did not merge (268438197, 268438244)
INFO:engine.post.parallel_aff_agglomerate:did not merge (268438197, 268438286)
INFO:engine.post.parallel_aff_agglomerate:did not merge (268438288, 268438362)
INFO:engine.post.parallel_aff_agglomerate:did not merge (268438662, 268438702)
INFO:engine.post.parallel_aff_agglomerate:did not merge (268438662, 268438910)
INFO:engine.post.parallel_aff_agglomerate:merged 5319 edges
INFO:engine.post.parallel_aff_agglomerate:Agglomerating in block [496:2544, 8688:9104, 4592:6640] (2048, 416, 2048) with context of [368:2672, 8560:9232, 4464:6768] (2304, 672, 2304)
INFO:engine.post.parallel_aff_agglomerate:did not merge (687865973, 687866507)
INFO:engine.post.parallel_aff_agglomerate:did not merge (687865973, 687866508)
INFO:engine.post.parallel_aff_agglomerate:did not merge (687865973, 687866596)
INFO:engine.post.parallel_aff_agglomerate:did not merge (687865973, 687866712)
INFO:engine.post.parallel_aff_agglomerate:did not merge (687865973, 687866714)
INFO:engine.post.parallel_aff_agglomerate:did not merge (687865973, 687866750)
INFO:engine.post.parallel_aff_agglomerate:did not merge (687865973, 687866757)
INFO:engine.post.parallel_aff_agglomerate:did not merge (687865973, 687866872)
INFO:engine.post.parallel_aff_agglomerate:did not merge (687865973, 1040188595)
INFO:engine.post.parallel_aff_agglomerate:did not merge (436208462, 436208480)
INFO:engine.post.parallel_aff_agglomerate:did not merge (436208462, 436208591)
INFO:engine.post.parallel_aff_agglomerate:did not merge (687866493, 687866509)
INFO:engine.post.parallel_aff_agglomerate:did not merge (687866374, 687866712)
INFO:engine.post.parallel_aff_agglomerate:did not merge (687866374, 687866714)
INFO:engine.post.parallel_aff_agglomerate:did not merge (687866374, 687866750)
INFO:engine.post.parallel_aff_agglomerate:did not merge (687866374, 687866757)
INFO:engine.post.parallel_aff_agglomerate:did not merge (687866374, 687866768)
INFO:engine.post.parallel_aff_agglomerate:did not merge (687866374, 687866769)
INFO:engine.post.parallel_aff_agglomerate:did not merge (687866374, 687866872)
INFO:engine.post.parallel_aff_agglomerate:did not merge (687866374, 687866887)
INFO:engine.post.parallel_aff_agglomerate:did not merge (687866374, 687866932)
INFO:engine.post.parallel_aff_agglomerate:did not merge (687866374, 687866974)
INFO:engine.post.parallel_aff_agglomerate:did not merge (687866374, 687867030)
INFO:engine.post.parallel_aff_agglomerate:did not merge (687866374, 687867042)
INFO:engine.post.parallel_aff_agglomerate:did not merge (687866374, 687867068)
INFO:engine.post.parallel_aff_agglomerate:did not merge (687866374, 687867099)
INFO:engine.post.parallel_aff_agglomerate:did not merge (687866374, 687867100)
INFO:engine.post.parallel_aff_agglomerate:did not merge (687866374, 687867101)
INFO:engine.post.parallel_aff_agglomerate:did not merge (687866374, 687867113)
INFO:engine.post.parallel_aff_agglomerate:did not merge (687866374, 687867239)
INFO:engine.post.parallel_aff_agglomerate:did not merge (687866374, 687867241)
INFO:engine.post.parallel_aff_agglomerate:did not merge (687866374, 687867252)
INFO:engine.post.parallel_aff_agglomerate:did not merge (687866374, 687867279)
INFO:engine.post.parallel_aff_agglomerate:did not merge (687866374, 687867280)
INFO:engine.post.parallel_aff_agglomerate:did not merge (687866374, 687867328)
INFO:engine.post.parallel_aff_agglomerate:did not merge (687866374, 687867352)
INFO:engine.post.parallel_aff_agglomerate:did not merge (687866374, 687867403)
INFO:engine.post.parallel_aff_agglomerate:did not merge (687866374, 687867405)
INFO:engine.post.parallel_aff_agglomerate:did not merge (687866374, 687867406)
INFO:engine.post.parallel_aff_agglomerate:did not merge (687866374, 1040188595)
INFO:engine.post.parallel_aff_agglomerate:did not merge (436209222, 436209266)
INFO:engine.post.parallel_aff_agglomerate:did not merge (436209222, 436209292)
INFO:engine.post.parallel_aff_agglomerate:did not merge (687867377, 687867403)
INFO:engine.post.parallel_aff_agglomerate:did not merge (687867377, 687867405)
INFO:engine.post.parallel_aff_agglomerate:did not merge (687867377, 687867572)
INFO:engine.post.parallel_aff_agglomerate:did not merge (687867377, 687867573)
INFO:engine.post.parallel_aff_agglomerate:did not merge (687867378, 687867405)
INFO:engine.post.parallel_aff_agglomerate:did not merge (687867519, 687867573)
INFO:engine.post.parallel_aff_agglomerate:did not merge (687867884, 687867917)
INFO:engine.post.parallel_aff_agglomerate:did not merge (687867972, 687868078)
INFO:engine.post.parallel_aff_agglomerate:did not merge (687867993, 687868041)
INFO:engine.post.parallel_aff_agglomerate:did not merge (687867993, 687868169)
INFO:engine.post.parallel_aff_agglomerate:did not merge (687868083, 687868169)
INFO:engine.post.parallel_aff_agglomerate:did not merge (687868056, 687868077)
INFO:engine.post.parallel_aff_agglomerate:did not merge (687868056, 687868080)
INFO:engine.post.parallel_aff_agglomerate:did not merge (687868102, 687868169)
INFO:engine.post.parallel_aff_agglomerate:did not merge (687867920, 687868198)
INFO:engine.post.parallel_aff_agglomerate:did not merge (687867920, 687868226)
INFO:engine.post.parallel_aff_agglomerate:did not merge (687868182, 687868198)
INFO:engine.post.parallel_aff_agglomerate:did not merge (1040189586, 1040189659)
INFO:engine.post.parallel_aff_agglomerate:did not merge (687868341, 687868453)
INFO:engine.post.parallel_aff_agglomerate:did not merge (687868341, 687868482)
INFO:engine.post.parallel_aff_agglomerate:did not merge (687868400, 687868419)
INFO:engine.post.parallel_aff_agglomerate:did not merge (687868400, 1040189807)
INFO:engine.post.parallel_aff_agglomerate:did not merge (1040189958, 1040190030)
INFO:engine.post.parallel_aff_agglomerate:did not merge (1040189958, 1040190159)
INFO:engine.post.parallel_aff_agglomerate:did not merge (1040189958, 1040190219)
INFO:engine.post.parallel_aff_agglomerate:did not merge (1040189958, 1040190280)
INFO:engine.post.parallel_aff_agglomerate:did not merge (1040189958, 1040190305)
INFO:engine.post.parallel_aff_agglomerate:did not merge (1040190075, 1040190305)
INFO:engine.post.parallel_aff_agglomerate:did not merge (687868727, 687868754)
INFO:engine.post.parallel_aff_agglomerate:did not merge (687868727, 687868761)
INFO:engine.post.parallel_aff_agglomerate:did not merge (687868727, 687868773)
INFO:engine.post.parallel_aff_agglomerate:did not merge (687868727, 687868780)
INFO:engine.post.parallel_aff_agglomerate:did not merge (687868727, 687868788)
INFO:engine.post.parallel_aff_agglomerate:did not merge (687868727, 687868801)
INFO:engine.post.parallel_aff_agglomerate:did not merge (687868727, 687868802)
INFO:engine.post.parallel_aff_agglomerate:did not merge (687868727, 687869020)
INFO:engine.post.parallel_aff_agglomerate:did not merge (687868727, 1040190454)
INFO:engine.post.parallel_aff_agglomerate:did not merge (687868652, 687868743)
INFO:engine.post.parallel_aff_agglomerate:did not merge (687868652, 687868780)
INFO:engine.post.parallel_aff_agglomerate:did not merge (687868652, 687868788)
INFO:engine.post.parallel_aff_agglomerate:did not merge (687868652, 687868802)
INFO:engine.post.parallel_aff_agglomerate:did not merge (687868652, 687868842)
INFO:engine.post.parallel_aff_agglomerate:did not merge (687868652, 687868909)
INFO:engine.post.parallel_aff_agglomerate:did not merge (687868652, 1124073762)
INFO:engine.post.parallel_aff_agglomerate:merged 6386 edges
INFO:engine.post.parallel_aff_agglomerate:Agglomerating in block [496:2544, 8688:9104, 10736:12784] (2048, 416, 2048) with context of [368:2672, 8560:9232, 10608:12912] (2304, 672, 2304)
INFO:engine.post.parallel_aff_agglomerate:did not merge (1509949520, 1509949634)
INFO:engine.post.parallel_aff_agglomerate:did not merge (1509949520, 1509949652)
INFO:engine.post.parallel_aff_agglomerate:did not merge (2868904083, 2868904086)
INFO:engine.post.parallel_aff_agglomerate:did not merge (2868904083, 2868904264)
INFO:engine.post.parallel_aff_agglomerate:did not merge (2113929318, 2113929349)
INFO:engine.post.parallel_aff_agglomerate:did not merge (2113929332, 2113929349)
INFO:engine.post.parallel_aff_agglomerate:did not merge (2113929332, 2113929442)
INFO:engine.post.parallel_aff_agglomerate:did not merge (2113929557, 2113929666)
INFO:engine.post.parallel_aff_agglomerate:did not merge (2113929557, 2868904263)
INFO:engine.post.parallel_aff_agglomerate:did not merge (2113929557, 2868904428)
INFO:engine.post.parallel_aff_agglomerate:did not merge (2113929640, 2113929647)
INFO:engine.post.parallel_aff_agglomerate:did not merge (2113929627, 2113929647)
INFO:engine.post.parallel_aff_agglomerate:did not merge (1509949737, 1509949851)
INFO:engine.post.parallel_aff_agglomerate:did not merge (1509949737, 1509950009)
INFO:engine.post.parallel_aff_agglomerate:did not merge (1509949737, 1509950029)
INFO:engine.post.parallel_aff_agglomerate:did not merge (1509949737, 1509950240)
INFO:engine.post.parallel_aff_agglomerate:did not merge (2113930235, 2113930490)
INFO:engine.post.parallel_aff_agglomerate:did not merge (2113930417, 2113930490)
INFO:engine.post.parallel_aff_agglomerate:did not merge (2113930434, 2113930490)
INFO:engine.post.parallel_aff_agglomerate:did not merge (2113931437, 2113931481)
INFO:engine.post.parallel_aff_agglomerate:did not merge (2113931437, 2113931507)
INFO:engine.post.parallel_aff_agglomerate:did not merge (2113931437, 2113931559)
INFO:engine.post.parallel_aff_agglomerate:did not merge (2113931780, 2113931926)
INFO:engine.post.parallel_aff_agglomerate:did not merge (2113931740, 2113931900)
INFO:engine.post.parallel_aff_agglomerate:did not merge (2113931995, 2113932135)
INFO:engine.post.parallel_aff_agglomerate:did not merge (2113931560, 2113931634)
INFO:engine.post.parallel_aff_agglomerate:did not merge (2113931560, 2113931901)
INFO:engine.post.parallel_aff_agglomerate:did not merge (2113931560, 2113932024)
INFO:engine.post.parallel_aff_agglomerate:did not merge (2113931560, 2113932042)
INFO:engine.post.parallel_aff_agglomerate:did not merge (2113931560, 2113932379)
INFO:engine.post.parallel_aff_agglomerate:did not merge (2113931560, 2113932694)
INFO:engine.post.parallel_aff_agglomerate:did not merge (2113931560, 2113932789)
INFO:engine.post.parallel_aff_agglomerate:did not merge (2868907099, 2868907279)
INFO:engine.post.parallel_aff_agglomerate:did not merge (2868907099, 2868907315)
INFO:engine.post.parallel_aff_agglomerate:did not merge (2868907023, 2868907040)
INFO:engine.post.parallel_aff_agglomerate:did not merge (2868907023, 2868907041)
INFO:engine.post.parallel_aff_agglomerate:did not merge (2113932563, 2868906477)
INFO:engine.post.parallel_aff_agglomerate:did not merge (2113932563, 2868906622)
INFO:engine.post.parallel_aff_agglomerate:merged 8590 edges
INFO:engine.post.parallel_aff_agglomerate:Agglomerating in block [496:2544, 8688:9104, 20976:23024] (2048, 416, 2048) with context of [368:2672, 8560:9232, 20848:23152] (2304, 672, 2304)
INFO:engine.post.parallel_aff_agglomerate:did not merge (6207570002, 6207570005)
INFO:engine.post.parallel_aff_agglomerate:did not merge (7734296654, 7734296707)
INFO:engine.post.parallel_aff_agglomerate:did not merge (7734296654, 7734296713)
INFO:engine.post.parallel_aff_agglomerate:did not merge (7734296654, 7734296757)
INFO:engine.post.parallel_aff_agglomerate:did not merge (7734296768, 7734297277)
INFO:engine.post.parallel_aff_agglomerate:did not merge (7734296987, 7734297000)
INFO:engine.post.parallel_aff_agglomerate:did not merge (7734297163, 7734297256)
INFO:engine.post.parallel_aff_agglomerate:did not merge (9495904781, 9495904835)
INFO:engine.post.parallel_aff_agglomerate:did not merge (7734297346, 7734297398)
INFO:engine.post.parallel_aff_agglomerate:did not merge (7734297321, 7734297356)
INFO:engine.post.parallel_aff_agglomerate:did not merge (7734297321, 7734297380)
INFO:engine.post.parallel_aff_agglomerate:did not merge (7734297321, 7734297478)
INFO:engine.post.parallel_aff_agglomerate:did not merge (7734297321, 7734297523)
INFO:engine.post.parallel_aff_agglomerate:did not merge (7734297321, 7734297633)
INFO:engine.post.parallel_aff_agglomerate:did not merge (7734297415, 7734297455)
INFO:engine.post.parallel_aff_agglomerate:did not merge (7734297415, 7734297556)
INFO:engine.post.parallel_aff_agglomerate:did not merge (7734297484, 7734297490)
INFO:engine.post.parallel_aff_agglomerate:did not merge (6207570588, 6207570605)
INFO:engine.post.parallel_aff_agglomerate:did not merge (6207570588, 6207570621)
INFO:engine.post.parallel_aff_agglomerate:did not merge (6207570588, 6207570639)
INFO:engine.post.parallel_aff_agglomerate:did not merge (6207570588, 6207570810)
INFO:engine.post.parallel_aff_agglomerate:did not merge (7734297425, 7734297556)
INFO:engine.post.parallel_aff_agglomerate:did not merge (7734297608, 7734297624)
INFO:engine.post.parallel_aff_agglomerate:did not merge (7734297608, 7734297633)
INFO:engine.post.parallel_aff_agglomerate:did not merge (7734297608, 7734297687)
INFO:engine.post.parallel_aff_agglomerate:did not merge (7734297608, 7734297745)
INFO:engine.post.parallel_aff_agglomerate:did not merge (7734297752, 7734297832)
INFO:engine.post.parallel_aff_agglomerate:did not merge (7734297752, 7734297848)
INFO:engine.post.parallel_aff_agglomerate:did not merge (7734297495, 7734297823)
INFO:engine.post.parallel_aff_agglomerate:did not merge (7734297495, 7734297920)
INFO:engine.post.parallel_aff_agglomerate:did not merge (7734297495, 7734297981)
INFO:engine.post.parallel_aff_agglomerate:did not merge (7734297739, 7734297745)
INFO:engine.post.parallel_aff_agglomerate:did not merge (7734297759, 7734297789)
INFO:engine.post.parallel_aff_agglomerate:did not merge (7734297759, 7734297956)
INFO:engine.post.parallel_aff_agglomerate:did not merge (7734297853, 7734298050)
INFO:engine.post.parallel_aff_agglomerate:did not merge (7734298108, 7734298166)
INFO:engine.post.parallel_aff_agglomerate:did not merge (7734298044, 7734298225)
INFO:engine.post.parallel_aff_agglomerate:did not merge (7734297873, 7734298153)
INFO:engine.post.parallel_aff_agglomerate:did not merge (7734297998, 7734298154)
INFO:engine.post.parallel_aff_agglomerate:did not merge (7734297998, 7734298289)
INFO:engine.post.parallel_aff_agglomerate:did not merge (7734297998, 7734298290)
INFO:engine.post.parallel_aff_agglomerate:did not merge (7734297998, 7734298313)
INFO:engine.post.parallel_aff_agglomerate:did not merge (7734297998, 7734298401)
INFO:engine.post.parallel_aff_agglomerate:did not merge (7734297998, 7734298411)
INFO:engine.post.parallel_aff_agglomerate:did not merge (7734297998, 9579790572)
INFO:engine.post.parallel_aff_agglomerate:did not merge (7734298298, 7734298394)
INFO:engine.post.parallel_aff_agglomerate:did not merge (7734298281, 7734298469)
INFO:engine.post.parallel_aff_agglomerate:did not merge (7734298413, 7734298469)
INFO:engine.post.parallel_aff_agglomerate:did not merge (7734298021, 7734298394)
INFO:engine.post.parallel_aff_agglomerate:did not merge (7734298021, 7734298469)
INFO:engine.post.parallel_aff_agglomerate:did not merge (7734298021, 7734298489)
INFO:engine.post.parallel_aff_agglomerate:did not merge (7734298021, 7734298514)
INFO:engine.post.parallel_aff_agglomerate:did not merge (7734298021, 9579790555)
INFO:engine.post.parallel_aff_agglomerate:did not merge (7734298021, 9579790630)
INFO:engine.post.parallel_aff_agglomerate:did not merge (7734298274, 7734298384)
INFO:engine.post.parallel_aff_agglomerate:did not merge (7734298274, 7734298468)
INFO:engine.post.parallel_aff_agglomerate:did not merge (7734298274, 9579790629)
INFO:engine.post.parallel_aff_agglomerate:did not merge (7734298274, 9579790719)
INFO:engine.post.parallel_aff_agglomerate:merged 4857 edges
INFO:engine.post.parallel_aff_agglomerate:Agglomerating in block [2544:4592, 496:2544, 496:2544] (2048, 2048, 2048) with context of [2416:4720, 368:2672, 368:2672] (2304, 2304, 2304)
INFO:engine.post.parallel_aff_agglomerate:did not merge (2843, 2844)
INFO:engine.post.parallel_aff_agglomerate:did not merge (2843, 2900)
INFO:engine.post.parallel_aff_agglomerate:did not merge (3001, 33557987)
INFO:engine.post.parallel_aff_agglomerate:did not merge (2948, 33558066)
INFO:engine.post.parallel_aff_agglomerate:did not merge (2915, 16779429)
INFO:engine.post.parallel_aff_agglomerate:did not merge (2915, 16779468)
INFO:engine.post.parallel_aff_agglomerate:did not merge (16779813, 16779814)
INFO:engine.post.parallel_aff_agglomerate:did not merge (16779773, 16779782)
INFO:engine.post.parallel_aff_agglomerate:did not merge (16779773, 16779880)
INFO:engine.post.parallel_aff_agglomerate:did not merge (16779773, 16779977)
INFO:engine.post.parallel_aff_agglomerate:did not merge (16779773, 100663645)
INFO:engine.post.parallel_aff_agglomerate:did not merge (3044, 33558119)
INFO:engine.post.parallel_aff_agglomerate:did not merge (33558328, 33558412)
INFO:engine.post.parallel_aff_agglomerate:did not merge (33558328, 33558526)
INFO:engine.post.parallel_aff_agglomerate:did not merge (33558328, 33558545)
INFO:engine.post.parallel_aff_agglomerate:did not merge (33558328, 33558558)
INFO:engine.post.parallel_aff_agglomerate:did not merge (33558328, 33558559)
INFO:engine.post.parallel_aff_agglomerate:did not merge (33558328, 134218125)
INFO:engine.post.parallel_aff_agglomerate:did not merge (16779844, 16779852)
INFO:engine.post.parallel_aff_agglomerate:did not merge (16779844, 16779853)
INFO:engine.post.parallel_aff_agglomerate:did not merge (16779844, 16779854)
INFO:engine.post.parallel_aff_agglomerate:did not merge (16779844, 16779875)
INFO:engine.post.parallel_aff_agglomerate:did not merge (16779844, 16779903)
INFO:engine.post.parallel_aff_agglomerate:did not merge (16779844, 16779936)
INFO:engine.post.parallel_aff_agglomerate:did not merge (16779844, 16779958)
INFO:engine.post.parallel_aff_agglomerate:did not merge (16779844, 16779973)
INFO:engine.post.parallel_aff_agglomerate:did not merge (16779844, 16780222)
INFO:engine.post.parallel_aff_agglomerate:did not merge (16779844, 100663626)
INFO:engine.post.parallel_aff_agglomerate:did not merge (3070, 33558011)
INFO:engine.post.parallel_aff_agglomerate:did not merge (33558342, 33558353)
INFO:engine.post.parallel_aff_agglomerate:did not merge (33558352, 33558477)
INFO:engine.post.parallel_aff_agglomerate:did not merge (33558364, 33558544)
INFO:engine.post.parallel_aff_agglomerate:did not merge (33558341, 134218156)
INFO:engine.post.parallel_aff_agglomerate:did not merge (33558410, 33558477)
INFO:engine.post.parallel_aff_agglomerate:did not merge (33558410, 134218027)
INFO:engine.post.parallel_aff_agglomerate:did not merge (16779998, 16780059)
INFO:engine.post.parallel_aff_agglomerate:did not merge (16779998, 16780088)
INFO:engine.post.parallel_aff_agglomerate:did not merge (33558525, 134218190)
INFO:engine.post.parallel_aff_agglomerate:merged 22977 edges
INFO:engine.post.parallel_aff_agglomerate:Agglomerating in block [2544:4592, 496:2544, 10736:12784] (2048, 2048, 2048) with context of [2416:4720, 368:2672, 10608:12912] (2304, 2304, 2304)
INFO:engine.post.parallel_aff_agglomerate:did not merge (587204978, 956303935)
INFO:engine.post.parallel_aff_agglomerate:did not merge (956304472, 956304553)
INFO:engine.post.parallel_aff_agglomerate:did not merge (587204869, 587204895)
INFO:engine.post.parallel_aff_agglomerate:did not merge (587204756, 587204791)
INFO:engine.post.parallel_aff_agglomerate:did not merge (587204756, 587204802)
INFO:engine.post.parallel_aff_agglomerate:did not merge (956304460, 956304634)
INFO:engine.post.parallel_aff_agglomerate:did not merge (956304460, 956304636)
INFO:engine.post.parallel_aff_agglomerate:did not merge (939526548, 939526685)
INFO:engine.post.parallel_aff_agglomerate:did not merge (939526550, 939526613)
INFO:engine.post.parallel_aff_agglomerate:did not merge (939526550, 939526626)
INFO:engine.post.parallel_aff_agglomerate:did not merge (939526550, 939526627)
INFO:engine.post.parallel_aff_agglomerate:did not merge (939526550, 939526685)
INFO:engine.post.parallel_aff_agglomerate:did not merge (335546959, 335547073)
INFO:engine.post.parallel_aff_agglomerate:did not merge (956304575, 956304602)
INFO:engine.post.parallel_aff_agglomerate:did not merge (956304575, 956304744)
INFO:engine.post.parallel_aff_agglomerate:did not merge (956304627, 956304634)
INFO:engine.post.parallel_aff_agglomerate:did not merge (956304627, 956304635)
INFO:engine.post.parallel_aff_agglomerate:did not merge (956304627, 1476395392)
INFO:engine.post.parallel_aff_agglomerate:did not merge (939526674, 939526707)
INFO:engine.post.parallel_aff_agglomerate:did not merge (939526674, 1442840970)
INFO:engine.post.parallel_aff_agglomerate:did not merge (335547027, 335547061)
INFO:engine.post.parallel_aff_agglomerate:did not merge (335547027, 335547191)
INFO:engine.post.parallel_aff_agglomerate:did not merge (335547027, 620757309)
INFO:engine.post.parallel_aff_agglomerate:merged 22066 edges
INFO:engine.post.parallel_aff_agglomerate:Agglomerating in block [2544:4592, 496:2544, 20976:23024] (2048, 2048, 2048) with context of [2416:4720, 368:2672, 20848:23152] (2304, 2304, 2304)
INFO:engine.post.parallel_aff_agglomerate:did not merge (2768243382, 3690989092)
INFO:engine.post.parallel_aff_agglomerate:did not merge (2768243382, 3690989899)
INFO:engine.post.parallel_aff_agglomerate:did not merge (4815065263, 4815065558)
INFO:engine.post.parallel_aff_agglomerate:did not merge (4815065309, 4815065318)
INFO:engine.post.parallel_aff_agglomerate:did not merge (4815065361, 4815065558)
INFO:engine.post.parallel_aff_agglomerate:did not merge (4815065361, 6174015974)
INFO:engine.post.parallel_aff_agglomerate:did not merge (4815065307, 4815065318)
INFO:engine.post.parallel_aff_agglomerate:did not merge (4815065307, 4815065408)
INFO:engine.post.parallel_aff_agglomerate:did not merge (4815065307, 4815065422)
INFO:engine.post.parallel_aff_agglomerate:did not merge (4815065307, 4815065437)
INFO:engine.post.parallel_aff_agglomerate:did not merge (4815065307, 4815065447)
INFO:engine.post.parallel_aff_agglomerate:did not merge (4815065307, 4815065448)
INFO:engine.post.parallel_aff_agglomerate:did not merge (4815065307, 4815065460)
INFO:engine.post.parallel_aff_agglomerate:did not merge (4815065307, 4815065535)
INFO:engine.post.parallel_aff_agglomerate:did not merge (4815065307, 6174015875)
INFO:engine.post.parallel_aff_agglomerate:did not merge (4815065307, 6174015950)
INFO:engine.post.parallel_aff_agglomerate:did not merge (6123687671, 6123687874)
INFO:engine.post.parallel_aff_agglomerate:did not merge (2768243396, 3690989899)
INFO:engine.post.parallel_aff_agglomerate:did not merge (4815065389, 4815065422)
INFO:engine.post.parallel_aff_agglomerate:did not merge (4815065389, 4815065458)
INFO:engine.post.parallel_aff_agglomerate:did not merge (4815065389, 4815065459)
INFO:engine.post.parallel_aff_agglomerate:did not merge (4798286843, 4798286884)
INFO:engine.post.parallel_aff_agglomerate:did not merge (4798286843, 6140461362)
INFO:engine.post.parallel_aff_agglomerate:did not merge (4798286895, 6140461201)
INFO:engine.post.parallel_aff_agglomerate:did not merge (2768243428, 2768243455)
INFO:engine.post.parallel_aff_agglomerate:did not merge (4815065487, 4815065558)
INFO:engine.post.parallel_aff_agglomerate:did not merge (4815065446, 4815065521)
INFO:engine.post.parallel_aff_agglomerate:did not merge (4815065446, 4815065582)
INFO:engine.post.parallel_aff_agglomerate:did not merge (4815065446, 6174015998)
INFO:engine.post.parallel_aff_agglomerate:did not merge (6123687741, 6123687874)
INFO:engine.post.parallel_aff_agglomerate:did not merge (4815065469, 4815065582)
INFO:engine.post.parallel_aff_agglomerate:merged 20355 edges
INFO:engine.post.parallel_aff_agglomerate:Agglomerating in block [2544:4592, 2544:4592, 496:2544] (2048, 2048, 2048) with context of [2416:4720, 2416:4720, 368:2672] (2304, 2304, 2304)
INFO:engine.post.parallel_aff_agglomerate:did not merge (3001, 33557987)
INFO:engine.post.parallel_aff_agglomerate:did not merge (33558276, 83887906)
INFO:engine.post.parallel_aff_agglomerate:did not merge (2948, 3230)
INFO:engine.post.parallel_aff_agglomerate:did not merge (2948, 33558066)
INFO:engine.post.parallel_aff_agglomerate:did not merge (33558445, 83888808)
INFO:engine.post.parallel_aff_agglomerate:did not merge (83889187, 83889188)
INFO:engine.post.parallel_aff_agglomerate:did not merge (83889187, 83889201)
INFO:engine.post.parallel_aff_agglomerate:did not merge (83889187, 83889257)
INFO:engine.post.parallel_aff_agglomerate:did not merge (83889187, 234881395)
INFO:engine.post.parallel_aff_agglomerate:did not merge (83889187, 234881451)
INFO:engine.post.parallel_aff_agglomerate:did not merge (3044, 33558119)
INFO:engine.post.parallel_aff_agglomerate:did not merge (3070, 33558011)
INFO:engine.post.parallel_aff_agglomerate:did not merge (3098, 3289)
INFO:engine.post.parallel_aff_agglomerate:did not merge (3098, 50332170)
INFO:engine.post.parallel_aff_agglomerate:did not merge (83889119, 83889188)
INFO:engine.post.parallel_aff_agglomerate:did not merge (83889119, 83889265)
INFO:engine.post.parallel_aff_agglomerate:did not merge (83889119, 83889394)
INFO:engine.post.parallel_aff_agglomerate:did not merge (117443006, 117443069)
INFO:engine.post.parallel_aff_agglomerate:did not merge (117443469, 117443486)
INFO:engine.post.parallel_aff_agglomerate:did not merge (117443469, 117443534)
INFO:engine.post.parallel_aff_agglomerate:did not merge (3153, 3188)
INFO:engine.post.parallel_aff_agglomerate:did not merge (117443614, 117443615)
INFO:engine.post.parallel_aff_agglomerate:did not merge (3232, 3266)
INFO:engine.post.parallel_aff_agglomerate:did not merge (3232, 3289)
INFO:engine.post.parallel_aff_agglomerate:did not merge (117443503, 117443534)
INFO:engine.post.parallel_aff_agglomerate:did not merge (117443503, 285213068)
INFO:engine.post.parallel_aff_agglomerate:did not merge (50331979, 50332170)
INFO:engine.post.parallel_aff_agglomerate:did not merge (50332070, 50332171)
INFO:engine.post.parallel_aff_agglomerate:did not merge (50332113, 50332170)
INFO:engine.post.parallel_aff_agglomerate:did not merge (50332321, 50332397)
INFO:engine.post.parallel_aff_agglomerate:did not merge (50332321, 50332398)
INFO:engine.post.parallel_aff_agglomerate:did not merge (50332350, 50332362)
INFO:engine.post.parallel_aff_agglomerate:did not merge (50332237, 50332361)
INFO:engine.post.parallel_aff_agglomerate:did not merge (50332237, 50332373)
INFO:engine.post.parallel_aff_agglomerate:did not merge (50332237, 50332381)
INFO:engine.post.parallel_aff_agglomerate:did not merge (50332237, 50332423)
INFO:engine.post.parallel_aff_agglomerate:did not merge (50332471, 50332531)
INFO:engine.post.parallel_aff_agglomerate:did not merge (50332479, 50332531)
INFO:engine.post.parallel_aff_agglomerate:did not merge (50332512, 50332531)
INFO:engine.post.parallel_aff_agglomerate:did not merge (50332562, 50332624)
INFO:engine.post.parallel_aff_agglomerate:did not merge (50332607, 50332619)
INFO:engine.post.parallel_aff_agglomerate:did not merge (50332685, 50332703)
INFO:engine.post.parallel_aff_agglomerate:did not merge (50332685, 50332717)
INFO:engine.post.parallel_aff_agglomerate:did not merge (50332685, 50332732)
INFO:engine.post.parallel_aff_agglomerate:did not merge (50332644, 50332691)
INFO:engine.post.parallel_aff_agglomerate:did not merge (50332644, 50332693)
INFO:engine.post.parallel_aff_agglomerate:did not merge (50332657, 50332701)
INFO:engine.post.parallel_aff_agglomerate:did not merge (50332695, 50332718)
INFO:engine.post.parallel_aff_agglomerate:did not merge (50332658, 50332690)
INFO:engine.post.parallel_aff_agglomerate:did not merge (50332658, 50332702)
INFO:engine.post.parallel_aff_agglomerate:did not merge (50332658, 50332717)
INFO:engine.post.parallel_aff_agglomerate:did not merge (50332658, 50332732)
INFO:engine.post.parallel_aff_agglomerate:did not merge (50332694, 50332729)
INFO:engine.post.parallel_aff_agglomerate:did not merge (50332694, 50332754)
INFO:engine.post.parallel_aff_agglomerate:did not merge (50332694, 50332782)
INFO:engine.post.parallel_aff_agglomerate:did not merge (50332694, 50332791)
INFO:engine.post.parallel_aff_agglomerate:did not merge (50332694, 50332792)
INFO:engine.post.parallel_aff_agglomerate:did not merge (50332694, 50332802)
INFO:engine.post.parallel_aff_agglomerate:did not merge (50332771, 50332855)
INFO:engine.post.parallel_aff_agglomerate:did not merge (100664552, 100664689)
INFO:engine.post.parallel_aff_agglomerate:did not merge (50332908, 50333174)
INFO:engine.post.parallel_aff_agglomerate:did not merge (50333030, 50333163)
INFO:engine.post.parallel_aff_agglomerate:did not merge (50333030, 50333175)
INFO:engine.post.parallel_aff_agglomerate:did not merge (50333183, 50333238)
INFO:engine.post.parallel_aff_agglomerate:did not merge (50333195, 50333238)
INFO:engine.post.parallel_aff_agglomerate:did not merge (100665735, 100665782)
INFO:engine.post.parallel_aff_agglomerate:did not merge (50333634, 50333673)
INFO:engine.post.parallel_aff_agglomerate:did not merge (50333634, 50333690)
INFO:engine.post.parallel_aff_agglomerate:did not merge (100666023, 100666035)
INFO:engine.post.parallel_aff_agglomerate:did not merge (100666023, 100666056)
INFO:engine.post.parallel_aff_agglomerate:did not merge (100666023, 100666196)
INFO:engine.post.parallel_aff_agglomerate:did not merge (50333724, 50334110)
INFO:engine.post.parallel_aff_agglomerate:did not merge (50333724, 50334123)
INFO:engine.post.parallel_aff_agglomerate:did not merge (50333932, 50333944)
INFO:engine.post.parallel_aff_agglomerate:did not merge (50333932, 50333948)
INFO:engine.post.parallel_aff_agglomerate:did not merge (50333932, 50333960)
INFO:engine.post.parallel_aff_agglomerate:did not merge (50333932, 50334054)
INFO:engine.post.parallel_aff_agglomerate:did not merge (100666329, 100666344)
INFO:engine.post.parallel_aff_agglomerate:did not merge (100666605, 100666803)
INFO:engine.post.parallel_aff_agglomerate:did not merge (100666759, 100666803)
INFO:engine.post.parallel_aff_agglomerate:did not merge (100666759, 100666993)
INFO:engine.post.parallel_aff_agglomerate:did not merge (100666759, 100666996)
INFO:engine.post.parallel_aff_agglomerate:did not merge (100666759, 234884333)
INFO:engine.post.parallel_aff_agglomerate:did not merge (100666832, 100666996)
INFO:engine.post.parallel_aff_agglomerate:did not merge (50334881, 50334995)
INFO:engine.post.parallel_aff_agglomerate:did not merge (50334881, 50335008)
INFO:engine.post.parallel_aff_agglomerate:merged 29852 edges
INFO:engine.post.parallel_aff_agglomerate:Agglomerating in block [2544:4592, 2544:4592, 10736:12784] (2048, 2048, 2048) with context of [2416:4720, 2416:4720, 10608:12912] (2304, 2304, 2304)
INFO:engine.post.parallel_aff_agglomerate:did not merge (587204978, 956303935)
INFO:engine.post.parallel_aff_agglomerate:did not merge (956304238, 956304369)
INFO:engine.post.parallel_aff_agglomerate:did not merge (587204756, 587204791)
INFO:engine.post.parallel_aff_agglomerate:did not merge (587204756, 587204802)
INFO:engine.post.parallel_aff_agglomerate:did not merge (956304117, 956304167)
INFO:engine.post.parallel_aff_agglomerate:did not merge (956304117, 956304180)
INFO:engine.post.parallel_aff_agglomerate:did not merge (956304117, 956304181)
INFO:engine.post.parallel_aff_agglomerate:did not merge (956304117, 956304201)
INFO:engine.post.parallel_aff_agglomerate:did not merge (956304117, 956304204)
INFO:engine.post.parallel_aff_agglomerate:did not merge (956304117, 956304232)
INFO:engine.post.parallel_aff_agglomerate:did not merge (956304117, 956304259)
INFO:engine.post.parallel_aff_agglomerate:did not merge (956304117, 956304306)
INFO:engine.post.parallel_aff_agglomerate:did not merge (956304117, 956304318)
INFO:engine.post.parallel_aff_agglomerate:did not merge (956304117, 956304339)
INFO:engine.post.parallel_aff_agglomerate:did not merge (587204879, 587204976)
INFO:engine.post.parallel_aff_agglomerate:did not merge (587204879, 587204985)
INFO:engine.post.parallel_aff_agglomerate:did not merge (587204879, 587204997)
INFO:engine.post.parallel_aff_agglomerate:did not merge (587204879, 587205026)
INFO:engine.post.parallel_aff_agglomerate:did not merge (587204879, 587205070)
INFO:engine.post.parallel_aff_agglomerate:did not merge (1459621423, 1459621493)
INFO:engine.post.parallel_aff_agglomerate:did not merge (1459620866, 1459621097)
INFO:engine.post.parallel_aff_agglomerate:did not merge (1459620866, 1459621107)
INFO:engine.post.parallel_aff_agglomerate:did not merge (1459620866, 1459621117)
INFO:engine.post.parallel_aff_agglomerate:did not merge (1459620866, 1459621133)
INFO:engine.post.parallel_aff_agglomerate:did not merge (1459620866, 1459621308)
INFO:engine.post.parallel_aff_agglomerate:did not merge (1459620866, 1459621317)
INFO:engine.post.parallel_aff_agglomerate:did not merge (1459621480, 1459621493)
INFO:engine.post.parallel_aff_agglomerate:did not merge (1459621523, 1459621726)
INFO:engine.post.parallel_aff_agglomerate:did not merge (1459621544, 1459621610)
INFO:engine.post.parallel_aff_agglomerate:did not merge (335547027, 335547060)
INFO:engine.post.parallel_aff_agglomerate:did not merge (335547027, 335547061)
INFO:engine.post.parallel_aff_agglomerate:did not merge (335547027, 335547191)
INFO:engine.post.parallel_aff_agglomerate:did not merge (335547027, 620757265)
INFO:engine.post.parallel_aff_agglomerate:did not merge (335547027, 620757309)
INFO:engine.post.parallel_aff_agglomerate:did not merge (1459621592, 1459621610)
INFO:engine.post.parallel_aff_agglomerate:did not merge (620757274, 620757309)
INFO:engine.post.parallel_aff_agglomerate:did not merge (973078799, 973079045)
INFO:engine.post.parallel_aff_agglomerate:did not merge (973078799, 973079212)
INFO:engine.post.parallel_aff_agglomerate:did not merge (620757549, 620757657)
INFO:engine.post.parallel_aff_agglomerate:did not merge (620757077, 620757201)
INFO:engine.post.parallel_aff_agglomerate:did not merge (620757077, 620757333)
INFO:engine.post.parallel_aff_agglomerate:did not merge (620757077, 620757408)
INFO:engine.post.parallel_aff_agglomerate:did not merge (620757077, 620757617)
INFO:engine.post.parallel_aff_agglomerate:did not merge (620757077, 620757626)
INFO:engine.post.parallel_aff_agglomerate:did not merge (620757077, 620757726)
INFO:engine.post.parallel_aff_agglomerate:did not merge (620757077, 620757853)
INFO:engine.post.parallel_aff_agglomerate:did not merge (620757892, 620757928)
INFO:engine.post.parallel_aff_agglomerate:did not merge (620757892, 620757943)
INFO:engine.post.parallel_aff_agglomerate:did not merge (620757892, 620757982)
INFO:engine.post.parallel_aff_agglomerate:did not merge (620757892, 620757996)
INFO:engine.post.parallel_aff_agglomerate:did not merge (973080032, 973080116)
INFO:engine.post.parallel_aff_agglomerate:did not merge (973080048, 973080116)
INFO:engine.post.parallel_aff_agglomerate:did not merge (1442842574, 2080376614)
INFO:engine.post.parallel_aff_agglomerate:did not merge (973080442, 973080462)
INFO:engine.post.parallel_aff_agglomerate:did not merge (973080442, 973080482)
INFO:engine.post.parallel_aff_agglomerate:did not merge (973080442, 973080506)
INFO:engine.post.parallel_aff_agglomerate:did not merge (973080442, 973080581)
INFO:engine.post.parallel_aff_agglomerate:did not merge (973080442, 973080611)
INFO:engine.post.parallel_aff_agglomerate:did not merge (973080442, 973080631)
INFO:engine.post.parallel_aff_agglomerate:did not merge (973080442, 973080718)
INFO:engine.post.parallel_aff_agglomerate:did not merge (973080497, 973080660)
INFO:engine.post.parallel_aff_agglomerate:did not merge (973080774, 973080940)
INFO:engine.post.parallel_aff_agglomerate:did not merge (973080774, 973080957)
INFO:engine.post.parallel_aff_agglomerate:did not merge (973080916, 973080940)
INFO:engine.post.parallel_aff_agglomerate:did not merge (973080916, 973080957)
INFO:engine.post.parallel_aff_agglomerate:did not merge (973080916, 973080970)
INFO:engine.post.parallel_aff_agglomerate:did not merge (973080844, 973080940)
INFO:engine.post.parallel_aff_agglomerate:did not merge (973080844, 973080957)
INFO:engine.post.parallel_aff_agglomerate:did not merge (973080844, 973080970)
INFO:engine.post.parallel_aff_agglomerate:did not merge (973081340, 973081410)
INFO:engine.post.parallel_aff_agglomerate:did not merge (973081340, 973081426)
INFO:engine.post.parallel_aff_agglomerate:did not merge (1442843701, 1442843878)
INFO:engine.post.parallel_aff_agglomerate:did not merge (1442843701, 2080378222)
INFO:engine.post.parallel_aff_agglomerate:did not merge (620759325, 973081466)
INFO:engine.post.parallel_aff_agglomerate:did not merge (973081468, 973081478)
INFO:engine.post.parallel_aff_agglomerate:did not merge (973081468, 973081481)
INFO:engine.post.parallel_aff_agglomerate:did not merge (973081468, 973081638)
INFO:engine.post.parallel_aff_agglomerate:merged 26614 edges
INFO:engine.post.parallel_aff_agglomerate:Agglomerating in block [2544:4592, 2544:4592, 20976:23024] (2048, 2048, 2048) with context of [2416:4720, 2416:4720, 20848:23152] (2304, 2304, 2304)
INFO:engine.post.parallel_aff_agglomerate:did not merge (2768243382, 3690989092)
INFO:engine.post.parallel_aff_agglomerate:did not merge (2768243382, 3690989899)
INFO:engine.post.parallel_aff_agglomerate:did not merge (3707768545, 3707768564)
INFO:engine.post.parallel_aff_agglomerate:did not merge (3690990436, 3690990449)
INFO:engine.post.parallel_aff_agglomerate:did not merge (6123687671, 6123687874)
INFO:engine.post.parallel_aff_agglomerate:did not merge (3707768629, 4815065150)
INFO:engine.post.parallel_aff_agglomerate:did not merge (7683967462, 7683967834)
INFO:engine.post.parallel_aff_agglomerate:did not merge (7683967462, 9512681883)
INFO:engine.post.parallel_aff_agglomerate:did not merge (3690990452, 3690990631)
INFO:engine.post.parallel_aff_agglomerate:did not merge (3690990452, 4831838536)
INFO:engine.post.parallel_aff_agglomerate:did not merge (3690990452, 4831838790)
INFO:engine.post.parallel_aff_agglomerate:did not merge (2768243396, 3690989899)
INFO:engine.post.parallel_aff_agglomerate:did not merge (4798286895, 4798287034)
INFO:engine.post.parallel_aff_agglomerate:did not merge (4798286895, 6140461201)
INFO:engine.post.parallel_aff_agglomerate:did not merge (6123687741, 6123687874)
INFO:engine.post.parallel_aff_agglomerate:did not merge (3690990542, 3690990903)
INFO:engine.post.parallel_aff_agglomerate:did not merge (4831838609, 4831838681)
INFO:engine.post.parallel_aff_agglomerate:did not merge (4831838609, 4831838777)
INFO:engine.post.parallel_aff_agglomerate:did not merge (4831838609, 4831838778)
INFO:engine.post.parallel_aff_agglomerate:did not merge (4831838609, 4831838790)
INFO:engine.post.parallel_aff_agglomerate:did not merge (4831838609, 4831838832)
INFO:engine.post.parallel_aff_agglomerate:did not merge (4831838609, 4831838844)
INFO:engine.post.parallel_aff_agglomerate:did not merge (4831838609, 6140461476)
INFO:engine.post.parallel_aff_agglomerate:did not merge (6140461373, 7700742160)
INFO:engine.post.parallel_aff_agglomerate:did not merge (6140461736, 6140461868)
INFO:engine.post.parallel_aff_agglomerate:did not merge (4831839480, 4831839615)
INFO:engine.post.parallel_aff_agglomerate:did not merge (6140461883, 7700743281)
INFO:engine.post.parallel_aff_agglomerate:did not merge (3724543218, 3724543453)
INFO:engine.post.parallel_aff_agglomerate:did not merge (4831839954, 4831840009)
INFO:engine.post.parallel_aff_agglomerate:did not merge (4831839611, 4831839883)
INFO:engine.post.parallel_aff_agglomerate:did not merge (4831840079, 4831840145)
INFO:engine.post.parallel_aff_agglomerate:did not merge (4831840265, 4831840364)
INFO:engine.post.parallel_aff_agglomerate:did not merge (4831840868, 4831841092)
INFO:engine.post.parallel_aff_agglomerate:did not merge (4831840868, 4831841099)
INFO:engine.post.parallel_aff_agglomerate:did not merge (4831840868, 4831841105)
INFO:engine.post.parallel_aff_agglomerate:did not merge (4831840868, 4831841123)
INFO:engine.post.parallel_aff_agglomerate:did not merge (4831840868, 4831841131)
INFO:engine.post.parallel_aff_agglomerate:merged 15384 edges
INFO:engine.post.parallel_aff_agglomerate:Agglomerating in block [2544:4592, 4592:6640, 496:2544] (2048, 2048, 2048) with context of [2416:4720, 4464:6768, 368:2672] (2304, 2304, 2304)
INFO:engine.post.parallel_aff_agglomerate:did not merge (117443305, 268438065)
INFO:engine.post.parallel_aff_agglomerate:did not merge (117443346, 268438147)
INFO:engine.post.parallel_aff_agglomerate:did not merge (218106537, 218106576)
INFO:engine.post.parallel_aff_agglomerate:did not merge (218106537, 218106641)
INFO:engine.post.parallel_aff_agglomerate:did not merge (218106537, 452985235)
INFO:engine.post.parallel_aff_agglomerate:did not merge (268438552, 268438664)
INFO:engine.post.parallel_aff_agglomerate:did not merge (268438552, 520094214)
INFO:engine.post.parallel_aff_agglomerate:did not merge (117443006, 117443069)
INFO:engine.post.parallel_aff_agglomerate:did not merge (218106489, 218106539)
INFO:engine.post.parallel_aff_agglomerate:did not merge (268438606, 268438664)
INFO:engine.post.parallel_aff_agglomerate:did not merge (268438606, 520094214)
INFO:engine.post.parallel_aff_agglomerate:did not merge (436210622, 436210623)
INFO:engine.post.parallel_aff_agglomerate:did not merge (436210622, 436210823)
INFO:engine.post.parallel_aff_agglomerate:did not merge (268438630, 268438664)
INFO:engine.post.parallel_aff_agglomerate:did not merge (268438630, 520094214)
INFO:engine.post.parallel_aff_agglomerate:did not merge (268438714, 268438822)
INFO:engine.post.parallel_aff_agglomerate:did not merge (33558533, 33558606)
INFO:engine.post.parallel_aff_agglomerate:did not merge (33558533, 134218321)
INFO:engine.post.parallel_aff_agglomerate:did not merge (134218163, 134218198)
INFO:engine.post.parallel_aff_agglomerate:did not merge (134218246, 134218321)
INFO:engine.post.parallel_aff_agglomerate:did not merge (134218246, 134218352)
INFO:engine.post.parallel_aff_agglomerate:did not merge (134218246, 134218373)
INFO:engine.post.parallel_aff_agglomerate:did not merge (134218231, 134218462)
INFO:engine.post.parallel_aff_agglomerate:did not merge (134218231, 134218556)
INFO:engine.post.parallel_aff_agglomerate:did not merge (134218231, 134218557)
INFO:engine.post.parallel_aff_agglomerate:did not merge (134218353, 134218461)
INFO:engine.post.parallel_aff_agglomerate:did not merge (134218374, 134218462)
INFO:engine.post.parallel_aff_agglomerate:did not merge (134218299, 134218320)
INFO:engine.post.parallel_aff_agglomerate:did not merge (134218299, 134218335)
INFO:engine.post.parallel_aff_agglomerate:did not merge (134218299, 134218350)
INFO:engine.post.parallel_aff_agglomerate:did not merge (134218299, 134218407)
INFO:engine.post.parallel_aff_agglomerate:did not merge (134218299, 134218409)
INFO:engine.post.parallel_aff_agglomerate:did not merge (134218299, 134218497)
INFO:engine.post.parallel_aff_agglomerate:did not merge (134218299, 134218510)
INFO:engine.post.parallel_aff_agglomerate:did not merge (134218299, 134218618)
INFO:engine.post.parallel_aff_agglomerate:did not merge (134218299, 134218629)
INFO:engine.post.parallel_aff_agglomerate:did not merge (134218299, 134218630)
INFO:engine.post.parallel_aff_agglomerate:did not merge (134218299, 134218665)
INFO:engine.post.parallel_aff_agglomerate:did not merge (134218299, 134218667)
INFO:engine.post.parallel_aff_agglomerate:did not merge (134218299, 134218686)
INFO:engine.post.parallel_aff_agglomerate:did not merge (134218299, 134218753)
INFO:engine.post.parallel_aff_agglomerate:did not merge (134218299, 134218754)
INFO:engine.post.parallel_aff_agglomerate:did not merge (134218299, 134218756)
INFO:engine.post.parallel_aff_agglomerate:did not merge (134218299, 134218800)
INFO:engine.post.parallel_aff_agglomerate:did not merge (134218299, 134218821)
INFO:engine.post.parallel_aff_agglomerate:did not merge (134218299, 134218822)
INFO:engine.post.parallel_aff_agglomerate:did not merge (134218299, 134218831)
INFO:engine.post.parallel_aff_agglomerate:did not merge (134218299, 134218842)
INFO:engine.post.parallel_aff_agglomerate:did not merge (134218299, 134218928)
INFO:engine.post.parallel_aff_agglomerate:did not merge (134218526, 134218619)
INFO:engine.post.parallel_aff_agglomerate:did not merge (134218540, 134218556)
INFO:engine.post.parallel_aff_agglomerate:did not merge (134217883, 134218704)
INFO:engine.post.parallel_aff_agglomerate:did not merge (134217883, 134218829)
INFO:engine.post.parallel_aff_agglomerate:did not merge (134217883, 134218898)
INFO:engine.post.parallel_aff_agglomerate:did not merge (134217883, 134218960)
INFO:engine.post.parallel_aff_agglomerate:did not merge (134217883, 134218972)
INFO:engine.post.parallel_aff_agglomerate:did not merge (134217883, 134218995)
INFO:engine.post.parallel_aff_agglomerate:did not merge (134217883, 134219008)
INFO:engine.post.parallel_aff_agglomerate:did not merge (134217883, 234882239)
INFO:engine.post.parallel_aff_agglomerate:did not merge (134218884, 134218960)
INFO:engine.post.parallel_aff_agglomerate:did not merge (134218884, 134218972)
INFO:engine.post.parallel_aff_agglomerate:did not merge (134218880, 134218994)
INFO:engine.post.parallel_aff_agglomerate:did not merge (134218880, 134219108)
INFO:engine.post.parallel_aff_agglomerate:did not merge (134218880, 134219122)
INFO:engine.post.parallel_aff_agglomerate:did not merge (134218880, 134219134)
INFO:engine.post.parallel_aff_agglomerate:did not merge (134218880, 134219159)
INFO:engine.post.parallel_aff_agglomerate:did not merge (134218880, 134219175)
INFO:engine.post.parallel_aff_agglomerate:did not merge (134218880, 134219190)
INFO:engine.post.parallel_aff_agglomerate:did not merge (134219093, 134219123)
INFO:engine.post.parallel_aff_agglomerate:did not merge (134219310, 134219313)
INFO:engine.post.parallel_aff_agglomerate:did not merge (134219310, 134219329)
INFO:engine.post.parallel_aff_agglomerate:did not merge (134219310, 134219341)
INFO:engine.post.parallel_aff_agglomerate:did not merge (234882676, 234882690)
INFO:engine.post.parallel_aff_agglomerate:did not merge (234882676, 234882743)
INFO:engine.post.parallel_aff_agglomerate:did not merge (234882676, 234882782)
INFO:engine.post.parallel_aff_agglomerate:did not merge (234882676, 234882930)
INFO:engine.post.parallel_aff_agglomerate:did not merge (234882676, 234882949)
INFO:engine.post.parallel_aff_agglomerate:did not merge (134219497, 134219508)
INFO:engine.post.parallel_aff_agglomerate:did not merge (134219497, 134219515)
INFO:engine.post.parallel_aff_agglomerate:did not merge (134219641, 134219652)
INFO:engine.post.parallel_aff_agglomerate:did not merge (134219835, 134219841)
INFO:engine.post.parallel_aff_agglomerate:did not merge (134219835, 234883320)
INFO:engine.post.parallel_aff_agglomerate:did not merge (134219776, 134219792)
INFO:engine.post.parallel_aff_agglomerate:did not merge (134219776, 134219793)
INFO:engine.post.parallel_aff_agglomerate:did not merge (134219776, 134219854)
INFO:engine.post.parallel_aff_agglomerate:did not merge (134220299, 134220522)
INFO:engine.post.parallel_aff_agglomerate:did not merge (134220299, 134220534)
INFO:engine.post.parallel_aff_agglomerate:did not merge (134220232, 134220709)
INFO:engine.post.parallel_aff_agglomerate:did not merge (134220232, 134221032)
INFO:engine.post.parallel_aff_agglomerate:did not merge (134220232, 134221049)
INFO:engine.post.parallel_aff_agglomerate:did not merge (134220232, 134221241)
INFO:engine.post.parallel_aff_agglomerate:did not merge (134220847, 134220863)
INFO:engine.post.parallel_aff_agglomerate:did not merge (134220991, 134221241)
INFO:engine.post.parallel_aff_agglomerate:did not merge (134221157, 134221267)
INFO:engine.post.parallel_aff_agglomerate:did not merge (134221157, 134221268)
INFO:engine.post.parallel_aff_agglomerate:did not merge (134221126, 134221452)
INFO:engine.post.parallel_aff_agglomerate:did not merge (134221126, 134221493)
INFO:engine.post.parallel_aff_agglomerate:did not merge (134221407, 134221452)
INFO:engine.post.parallel_aff_agglomerate:did not merge (134221407, 134221493)
INFO:engine.post.parallel_aff_agglomerate:did not merge (134221427, 134221452)
INFO:engine.post.parallel_aff_agglomerate:did not merge (134221427, 134221493)
INFO:engine.post.parallel_aff_agglomerate:did not merge (134221896, 301990426)
INFO:engine.post.parallel_aff_agglomerate:merged 27729 edges
INFO:engine.post.parallel_aff_agglomerate:Agglomerating in block [2544:4592, 4592:6640, 10736:12784] (2048, 2048, 2048) with context of [2416:4720, 4464:6768, 10608:12912] (2304, 2304, 2304)
INFO:engine.post.parallel_aff_agglomerate:did not merge (989857919, 989857943)
INFO:engine.post.parallel_aff_agglomerate:did not merge (989857919, 989857989)
INFO:engine.post.parallel_aff_agglomerate:did not merge (989857919, 989858015)
INFO:engine.post.parallel_aff_agglomerate:did not merge (989857919, 989858023)
INFO:engine.post.parallel_aff_agglomerate:did not merge (989857919, 989858025)
INFO:engine.post.parallel_aff_agglomerate:did not merge (989857919, 989858123)
INFO:engine.post.parallel_aff_agglomerate:did not merge (989857919, 1459620858)
INFO:engine.post.parallel_aff_agglomerate:did not merge (989857919, 1526726659)
INFO:engine.post.parallel_aff_agglomerate:did not merge (989857919, 1526727000)
INFO:engine.post.parallel_aff_agglomerate:did not merge (2063600856, 2063600857)
INFO:engine.post.parallel_aff_agglomerate:did not merge (1459620866, 1459621097)
INFO:engine.post.parallel_aff_agglomerate:did not merge (1459620866, 1459621107)
INFO:engine.post.parallel_aff_agglomerate:did not merge (1459620866, 1459621117)
INFO:engine.post.parallel_aff_agglomerate:did not merge (1459620866, 1459621133)
INFO:engine.post.parallel_aff_agglomerate:did not merge (1459620866, 1459621308)
INFO:engine.post.parallel_aff_agglomerate:did not merge (1459620866, 1459621317)
INFO:engine.post.parallel_aff_agglomerate:did not merge (2063600787, 2063600857)
INFO:engine.post.parallel_aff_agglomerate:did not merge (1459621421, 2113931985)
INFO:engine.post.parallel_aff_agglomerate:did not merge (2868907771, 2868907916)
INFO:engine.post.parallel_aff_agglomerate:did not merge (956304570, 956304610)
INFO:engine.post.parallel_aff_agglomerate:did not merge (956304570, 956304779)
INFO:engine.post.parallel_aff_agglomerate:did not merge (1476395328, 1476395338)
INFO:engine.post.parallel_aff_agglomerate:did not merge (1476395093, 1476395444)
INFO:engine.post.parallel_aff_agglomerate:did not merge (1476395093, 1476395458)
INFO:engine.post.parallel_aff_agglomerate:did not merge (1476395093, 1476395459)
INFO:engine.post.parallel_aff_agglomerate:did not merge (1476395093, 1476395497)
INFO:engine.post.parallel_aff_agglomerate:did not merge (1476395353, 1476395420)
INFO:engine.post.parallel_aff_agglomerate:did not merge (1476395166, 1476395421)
INFO:engine.post.parallel_aff_agglomerate:did not merge (1476395166, 1476395433)
INFO:engine.post.parallel_aff_agglomerate:did not merge (1476395166, 1476395460)
INFO:engine.post.parallel_aff_agglomerate:did not merge (1476395539, 1476395561)
INFO:engine.post.parallel_aff_agglomerate:did not merge (1476395539, 1476395771)
INFO:engine.post.parallel_aff_agglomerate:did not merge (1476395539, 2080375361)
INFO:engine.post.parallel_aff_agglomerate:did not merge (1476395613, 1476395771)
INFO:engine.post.parallel_aff_agglomerate:did not merge (1476395613, 2080375219)
INFO:engine.post.parallel_aff_agglomerate:did not merge (1476395613, 2080375221)
INFO:engine.post.parallel_aff_agglomerate:did not merge (1476395613, 2080375361)
INFO:engine.post.parallel_aff_agglomerate:did not merge (2080375506, 2080375567)
INFO:engine.post.parallel_aff_agglomerate:did not merge (2080375506, 2080375624)
INFO:engine.post.parallel_aff_agglomerate:did not merge (2080375506, 2080375625)
INFO:engine.post.parallel_aff_agglomerate:did not merge (2080375486, 2080375624)
INFO:engine.post.parallel_aff_agglomerate:did not merge (2080375486, 2080375625)
INFO:engine.post.parallel_aff_agglomerate:did not merge (1476395793, 1476395833)
INFO:engine.post.parallel_aff_agglomerate:did not merge (2080375723, 2080375725)
INFO:engine.post.parallel_aff_agglomerate:did not merge (2080375723, 2080375737)
INFO:engine.post.parallel_aff_agglomerate:did not merge (2080375723, 2080375814)
INFO:engine.post.parallel_aff_agglomerate:did not merge (1476396006, 1476396021)
INFO:engine.post.parallel_aff_agglomerate:did not merge (1476396368, 1476396383)
INFO:engine.post.parallel_aff_agglomerate:did not merge (2080377259, 2080377454)
INFO:engine.post.parallel_aff_agglomerate:did not merge (1476397235, 1476397288)
INFO:engine.post.parallel_aff_agglomerate:did not merge (1476397235, 1476397362)
INFO:engine.post.parallel_aff_agglomerate:did not merge (1476397235, 1476397586)
INFO:engine.post.parallel_aff_agglomerate:did not merge (1006635013, 1006635015)
INFO:engine.post.parallel_aff_agglomerate:did not merge (1006635013, 1526728561)
INFO:engine.post.parallel_aff_agglomerate:did not merge (1006635013, 1526728574)
INFO:engine.post.parallel_aff_agglomerate:did not merge (1476397236, 1476397409)
INFO:engine.post.parallel_aff_agglomerate:did not merge (1476397236, 1476397975)
INFO:engine.post.parallel_aff_agglomerate:did not merge (2080377306, 2080377454)
INFO:engine.post.parallel_aff_agglomerate:did not merge (2080377306, 2080377489)
INFO:engine.post.parallel_aff_agglomerate:did not merge (2080377306, 2080377749)
INFO:engine.post.parallel_aff_agglomerate:did not merge (2080377306, 2080377789)
INFO:engine.post.parallel_aff_agglomerate:did not merge (2080377306, 2080378131)
INFO:engine.post.parallel_aff_agglomerate:did not merge (2080377306, 2080378163)
INFO:engine.post.parallel_aff_agglomerate:did not merge (1476397695, 1476397854)
INFO:engine.post.parallel_aff_agglomerate:did not merge (1476397695, 1476397909)
INFO:engine.post.parallel_aff_agglomerate:did not merge (1476397900, 1476397933)
INFO:engine.post.parallel_aff_agglomerate:did not merge (1476397867, 1476397955)
INFO:engine.post.parallel_aff_agglomerate:did not merge (1476397867, 1476397964)
INFO:engine.post.parallel_aff_agglomerate:did not merge (1476397867, 1476398025)
INFO:engine.post.parallel_aff_agglomerate:did not merge (1476397956, 1476398026)
INFO:engine.post.parallel_aff_agglomerate:did not merge (1476397993, 1476398025)
INFO:engine.post.parallel_aff_agglomerate:did not merge (1476397993, 1476398035)
INFO:engine.post.parallel_aff_agglomerate:did not merge (1476398047, 1476398101)
INFO:engine.post.parallel_aff_agglomerate:did not merge (1476398164, 1476398233)
INFO:engine.post.parallel_aff_agglomerate:did not merge (1006635235, 1006636087)
INFO:engine.post.parallel_aff_agglomerate:did not merge (1006635235, 1543503994)
INFO:engine.post.parallel_aff_agglomerate:did not merge (1476398184, 1476398233)
INFO:engine.post.parallel_aff_agglomerate:did not merge (1476398186, 1476398233)
INFO:engine.post.parallel_aff_agglomerate:did not merge (1476398186, 1476398317)
INFO:engine.post.parallel_aff_agglomerate:did not merge (1476398175, 1476398233)
INFO:engine.post.parallel_aff_agglomerate:did not merge (1476398490, 1476398526)
INFO:engine.post.parallel_aff_agglomerate:did not merge (1476398490, 1476398558)
INFO:engine.post.parallel_aff_agglomerate:did not merge (1476398490, 1476398659)
INFO:engine.post.parallel_aff_agglomerate:did not merge (1476398490, 1476398691)
INFO:engine.post.parallel_aff_agglomerate:did not merge (1476398490, 2147484111)
INFO:engine.post.parallel_aff_agglomerate:did not merge (1476398490, 2147484145)
INFO:engine.post.parallel_aff_agglomerate:did not merge (2080378660, 2080378695)
INFO:engine.post.parallel_aff_agglomerate:did not merge (2080378660, 2080378710)
INFO:engine.post.parallel_aff_agglomerate:did not merge (2080378660, 2080378725)
INFO:engine.post.parallel_aff_agglomerate:did not merge (2080378660, 2080378807)
INFO:engine.post.parallel_aff_agglomerate:did not merge (2080378660, 2080379087)
INFO:engine.post.parallel_aff_agglomerate:did not merge (1476398450, 1476398459)
INFO:engine.post.parallel_aff_agglomerate:did not merge (1476398450, 1476398594)
INFO:engine.post.parallel_aff_agglomerate:did not merge (1476398450, 1476398595)
INFO:engine.post.parallel_aff_agglomerate:did not merge (1476398517, 1476398567)
INFO:engine.post.parallel_aff_agglomerate:did not merge (1476398517, 2080378725)
INFO:engine.post.parallel_aff_agglomerate:did not merge (1476398517, 2080379087)
INFO:engine.post.parallel_aff_agglomerate:did not merge (1006635763, 1006635843)
INFO:engine.post.parallel_aff_agglomerate:did not merge (1476398460, 1476398595)
INFO:engine.post.parallel_aff_agglomerate:did not merge (1476398460, 1476398705)
INFO:engine.post.parallel_aff_agglomerate:did not merge (2080378876, 2080378948)
INFO:engine.post.parallel_aff_agglomerate:did not merge (2080378876, 2080379087)
INFO:engine.post.parallel_aff_agglomerate:merged 23578 edges
INFO:engine.post.parallel_aff_agglomerate:Agglomerating in block [2544:4592, 4592:6640, 20976:23024] (2048, 2048, 2048) with context of [2416:4720, 4464:6768, 20848:23152] (2304, 2304, 2304)
INFO:engine.post.parallel_aff_agglomerate:did not merge (6157240620, 7683967329)
INFO:engine.post.parallel_aff_agglomerate:did not merge (6157240620, 7734298195)
INFO:engine.post.parallel_aff_agglomerate:did not merge (6157240545, 7683967294)
INFO:engine.post.parallel_aff_agglomerate:did not merge (4815065384, 4815065510)
INFO:engine.post.parallel_aff_agglomerate:did not merge (4815065384, 4815065565)
INFO:engine.post.parallel_aff_agglomerate:did not merge (4815065384, 4815065798)
INFO:engine.post.parallel_aff_agglomerate:did not merge (4815065384, 6174015925)
INFO:engine.post.parallel_aff_agglomerate:did not merge (4815065384, 6174016200)
INFO:engine.post.parallel_aff_agglomerate:did not merge (9495905883, 9495905943)
INFO:engine.post.parallel_aff_agglomerate:did not merge (9495905883, 9495906094)
INFO:engine.post.parallel_aff_agglomerate:did not merge (9495905883, 9495906110)
INFO:engine.post.parallel_aff_agglomerate:did not merge (9495905883, 11593056579)
INFO:engine.post.parallel_aff_agglomerate:did not merge (7683967462, 7683967834)
INFO:engine.post.parallel_aff_agglomerate:did not merge (7683967462, 9512681883)
INFO:engine.post.parallel_aff_agglomerate:did not merge (3707768640, 3707768820)
INFO:engine.post.parallel_aff_agglomerate:did not merge (6174015801, 6174015925)
INFO:engine.post.parallel_aff_agglomerate:did not merge (6174015801, 6174015981)
INFO:engine.post.parallel_aff_agglomerate:did not merge (6174015801, 6174016200)
INFO:engine.post.parallel_aff_agglomerate:did not merge (6174015608, 6174015849)
INFO:engine.post.parallel_aff_agglomerate:did not merge (6174015608, 6174015924)
INFO:engine.post.parallel_aff_agglomerate:did not merge (6174015608, 6174015943)
INFO:engine.post.parallel_aff_agglomerate:did not merge (6174015608, 6174015966)
INFO:engine.post.parallel_aff_agglomerate:did not merge (6174015608, 6174016090)
INFO:engine.post.parallel_aff_agglomerate:did not merge (6174016092, 6174016839)
INFO:engine.post.parallel_aff_agglomerate:did not merge (6174016787, 6174016879)
INFO:engine.post.parallel_aff_agglomerate:did not merge (6174016787, 6174017000)
INFO:engine.post.parallel_aff_agglomerate:did not merge (6174016840, 6174016900)
INFO:engine.post.parallel_aff_agglomerate:did not merge (7700744692, 7700744716)
INFO:engine.post.parallel_aff_agglomerate:did not merge (7700744692, 7700744859)
INFO:engine.post.parallel_aff_agglomerate:did not merge (7700744692, 7700744866)
INFO:engine.post.parallel_aff_agglomerate:did not merge (7700744692, 7700744874)
INFO:engine.post.parallel_aff_agglomerate:did not merge (7700744692, 9512683851)
INFO:engine.post.parallel_aff_agglomerate:did not merge (7700744692, 9512683873)
INFO:engine.post.parallel_aff_agglomerate:did not merge (7700744692, 9512683878)
INFO:engine.post.parallel_aff_agglomerate:did not merge (7700744692, 9529458946)
INFO:engine.post.parallel_aff_agglomerate:did not merge (7700744692, 9529458961)
INFO:engine.post.parallel_aff_agglomerate:did not merge (6174017809, 6174017989)
INFO:engine.post.parallel_aff_agglomerate:did not merge (6174017809, 6174018041)
INFO:engine.post.parallel_aff_agglomerate:merged 11376 edges
INFO:engine.post.parallel_aff_agglomerate:Agglomerating in block [2544:4592, 6640:8688, 496:2544] (2048, 2048, 2048) with context of [2416:4720, 6512:8816, 368:2672] (2304, 2304, 2304)
INFO:engine.post.parallel_aff_agglomerate:did not merge (117443305, 268438065)
INFO:engine.post.parallel_aff_agglomerate:did not merge (117443346, 268438147)
INFO:engine.post.parallel_aff_agglomerate:did not merge (218106456, 218106505)
INFO:engine.post.parallel_aff_agglomerate:did not merge (117443464, 117443721)
INFO:engine.post.parallel_aff_agglomerate:did not merge (436210696, 771752302)
INFO:engine.post.parallel_aff_agglomerate:did not merge (436210696, 771752317)
INFO:engine.post.parallel_aff_agglomerate:did not merge (436210637, 436210638)
INFO:engine.post.parallel_aff_agglomerate:did not merge (117443594, 285212757)
INFO:engine.post.parallel_aff_agglomerate:did not merge (117443515, 117443591)
INFO:engine.post.parallel_aff_agglomerate:did not merge (754975708, 754975724)
INFO:engine.post.parallel_aff_agglomerate:did not merge (503317182, 503317291)
INFO:engine.post.parallel_aff_agglomerate:did not merge (754975709, 754975713)
INFO:engine.post.parallel_aff_agglomerate:did not merge (754975709, 754975724)
INFO:engine.post.parallel_aff_agglomerate:did not merge (754975709, 1207959671)
INFO:engine.post.parallel_aff_agglomerate:did not merge (503317271, 503317294)
INFO:engine.post.parallel_aff_agglomerate:did not merge (285213046, 285213326)
INFO:engine.post.parallel_aff_agglomerate:did not merge (285213315, 285213499)
INFO:engine.post.parallel_aff_agglomerate:did not merge (285213315, 285213510)
INFO:engine.post.parallel_aff_agglomerate:did not merge (285213439, 285213499)
INFO:engine.post.parallel_aff_agglomerate:did not merge (285213439, 285213510)
INFO:engine.post.parallel_aff_agglomerate:did not merge (285213743, 285213857)
INFO:engine.post.parallel_aff_agglomerate:did not merge (285213743, 285213987)
INFO:engine.post.parallel_aff_agglomerate:did not merge (285213845, 285213987)
INFO:engine.post.parallel_aff_agglomerate:did not merge (285213858, 285213987)
INFO:engine.post.parallel_aff_agglomerate:did not merge (285213872, 285213987)
INFO:engine.post.parallel_aff_agglomerate:did not merge (285213988, 285214323)
INFO:engine.post.parallel_aff_agglomerate:did not merge (285213988, 285214339)
INFO:engine.post.parallel_aff_agglomerate:did not merge (285214474, 285214551)
INFO:engine.post.parallel_aff_agglomerate:did not merge (285214474, 285214707)
INFO:engine.post.parallel_aff_agglomerate:did not merge (285214473, 285214749)
INFO:engine.post.parallel_aff_agglomerate:did not merge (285214763, 285214894)
INFO:engine.post.parallel_aff_agglomerate:did not merge (285215666, 285215791)
INFO:engine.post.parallel_aff_agglomerate:did not merge (285215703, 285215848)
INFO:engine.post.parallel_aff_agglomerate:did not merge (452987633, 452987641)
INFO:engine.post.parallel_aff_agglomerate:did not merge (285215927, 285215949)
INFO:engine.post.parallel_aff_agglomerate:did not merge (452987943, 452987968)
INFO:engine.post.parallel_aff_agglomerate:did not merge (452987943, 452987969)
INFO:engine.post.parallel_aff_agglomerate:did not merge (452987943, 452987993)
INFO:engine.post.parallel_aff_agglomerate:did not merge (452987943, 452987994)
INFO:engine.post.parallel_aff_agglomerate:did not merge (452987943, 452988004)
INFO:engine.post.parallel_aff_agglomerate:did not merge (452987943, 452988041)
INFO:engine.post.parallel_aff_agglomerate:did not merge (285216365, 285216389)
INFO:engine.post.parallel_aff_agglomerate:did not merge (452988070, 452988084)
INFO:engine.post.parallel_aff_agglomerate:did not merge (285216390, 285216649)
INFO:engine.post.parallel_aff_agglomerate:merged 26109 edges
INFO:engine.post.parallel_aff_agglomerate:Agglomerating in block [2544:4592, 6640:8688, 10736:12784] (2048, 2048, 2048) with context of [2416:4720, 6512:8816, 10608:12912] (2304, 2304, 2304)
INFO:engine.post.parallel_aff_agglomerate:did not merge (2868907560, 2868907597)
INFO:engine.post.parallel_aff_agglomerate:did not merge (1509952252, 1509952328)
INFO:engine.post.parallel_aff_agglomerate:did not merge (1509952252, 2197815452)
INFO:engine.post.parallel_aff_agglomerate:did not merge (2868907617, 2868907658)
INFO:engine.post.parallel_aff_agglomerate:did not merge (2868907617, 2868907676)
INFO:engine.post.parallel_aff_agglomerate:did not merge (2113932991, 2936013839)
INFO:engine.post.parallel_aff_agglomerate:did not merge (2113932991, 2936013848)
INFO:engine.post.parallel_aff_agglomerate:did not merge (2113932991, 2936013881)
INFO:engine.post.parallel_aff_agglomerate:did not merge (2113933018, 2868907358)
INFO:engine.post.parallel_aff_agglomerate:did not merge (2113933018, 2868907359)
INFO:engine.post.parallel_aff_agglomerate:did not merge (2868907628, 2868907649)
INFO:engine.post.parallel_aff_agglomerate:did not merge (2936013978, 2936013985)
INFO:engine.post.parallel_aff_agglomerate:did not merge (2936013978, 2936014000)
INFO:engine.post.parallel_aff_agglomerate:did not merge (2936013978, 2936014001)
INFO:engine.post.parallel_aff_agglomerate:did not merge (2936013978, 2936014037)
INFO:engine.post.parallel_aff_agglomerate:did not merge (2936013978, 3959423117)
INFO:engine.post.parallel_aff_agglomerate:did not merge (2936013978, 3959423133)
INFO:engine.post.parallel_aff_agglomerate:did not merge (2113933250, 2936013876)
INFO:engine.post.parallel_aff_agglomerate:did not merge (2868907738, 2868907857)
INFO:engine.post.parallel_aff_agglomerate:did not merge (2868907738, 3875537420)
INFO:engine.post.parallel_aff_agglomerate:did not merge (2936013972, 2936014064)
INFO:engine.post.parallel_aff_agglomerate:did not merge (2868907776, 2868907799)
INFO:engine.post.parallel_aff_agglomerate:did not merge (2868907776, 2868907999)
INFO:engine.post.parallel_aff_agglomerate:did not merge (2868907776, 3875537543)
INFO:engine.post.parallel_aff_agglomerate:did not merge (2936014005, 2936014017)
INFO:engine.post.parallel_aff_agglomerate:did not merge (2936014005, 3959423010)
INFO:engine.post.parallel_aff_agglomerate:did not merge (1526726748, 1526726881)
INFO:engine.post.parallel_aff_agglomerate:did not merge (1526726748, 1526726935)
INFO:engine.post.parallel_aff_agglomerate:did not merge (1526726748, 1526726950)
INFO:engine.post.parallel_aff_agglomerate:did not merge (2885681616, 2885681701)
INFO:engine.post.parallel_aff_agglomerate:did not merge (2885681616, 2885681723)
INFO:engine.post.parallel_aff_agglomerate:did not merge (2130706946, 2130707073)
INFO:engine.post.parallel_aff_agglomerate:did not merge (2130706946, 2885681723)
INFO:engine.post.parallel_aff_agglomerate:did not merge (1526726743, 1526727438)
INFO:engine.post.parallel_aff_agglomerate:did not merge (1526726743, 1526727521)
INFO:engine.post.parallel_aff_agglomerate:did not merge (1526726743, 1526727602)
INFO:engine.post.parallel_aff_agglomerate:did not merge (1526726743, 2197815985)
INFO:engine.post.parallel_aff_agglomerate:did not merge (2130707664, 2130707698)
INFO:engine.post.parallel_aff_agglomerate:did not merge (2130707664, 2130707842)
INFO:engine.post.parallel_aff_agglomerate:did not merge (1526728680, 2130708528)
INFO:engine.post.parallel_aff_agglomerate:did not merge (1526728680, 2130708660)
INFO:engine.post.parallel_aff_agglomerate:did not merge (2130708074, 2130709394)
INFO:engine.post.parallel_aff_agglomerate:did not merge (2130708074, 2130709539)
INFO:engine.post.parallel_aff_agglomerate:did not merge (2130708074, 2130709581)
INFO:engine.post.parallel_aff_agglomerate:did not merge (2130708074, 2130709582)
INFO:engine.post.parallel_aff_agglomerate:did not merge (2130708074, 2130709596)
INFO:engine.post.parallel_aff_agglomerate:did not merge (2130708074, 2130709792)
INFO:engine.post.parallel_aff_agglomerate:did not merge (2130708074, 2130709819)
INFO:engine.post.parallel_aff_agglomerate:did not merge (2130708074, 2130709912)
INFO:engine.post.parallel_aff_agglomerate:did not merge (2130708074, 2969567729)
INFO:engine.post.parallel_aff_agglomerate:did not merge (2885683952, 2885683999)
INFO:engine.post.parallel_aff_agglomerate:did not merge (2885683952, 2885684020)
INFO:engine.post.parallel_aff_agglomerate:did not merge (2130709514, 2130709583)
INFO:engine.post.parallel_aff_agglomerate:did not merge (2130709321, 2130709820)
INFO:engine.post.parallel_aff_agglomerate:did not merge (2130709321, 2969567730)
INFO:engine.post.parallel_aff_agglomerate:did not merge (2130709670, 2130709821)
INFO:engine.post.parallel_aff_agglomerate:did not merge (2130709670, 2969567731)
INFO:engine.post.parallel_aff_agglomerate:merged 24457 edges
INFO:engine.post.parallel_aff_agglomerate:Agglomerating in block [2544:4592, 6640:8688, 20976:23024] (2048, 2048, 2048) with context of [2416:4720, 6512:8816, 20848:23152] (2304, 2304, 2304)
INFO:engine.post.parallel_aff_agglomerate:did not merge (6157240620, 7683967329)
INFO:engine.post.parallel_aff_agglomerate:did not merge (6157240620, 7734298195)
INFO:engine.post.parallel_aff_agglomerate:did not merge (7734298336, 9495905820)
INFO:engine.post.parallel_aff_agglomerate:did not merge (6157240689, 6157240716)
INFO:engine.post.parallel_aff_agglomerate:did not merge (6157240689, 6157240760)
INFO:engine.post.parallel_aff_agglomerate:did not merge (6157240689, 7751074007)
INFO:engine.post.parallel_aff_agglomerate:did not merge (7734298021, 7734298037)
INFO:engine.post.parallel_aff_agglomerate:did not merge (7734298021, 7734298237)
INFO:engine.post.parallel_aff_agglomerate:did not merge (7734298021, 9563013649)
INFO:engine.post.parallel_aff_agglomerate:did not merge (7734298021, 9563013662)
INFO:engine.post.parallel_aff_agglomerate:did not merge (7734298021, 9563013674)
INFO:engine.post.parallel_aff_agglomerate:did not merge (9563013773, 9563013809)
INFO:engine.post.parallel_aff_agglomerate:did not merge (9563013773, 9563013885)
INFO:engine.post.parallel_aff_agglomerate:did not merge (7734298274, 7734298301)
INFO:engine.post.parallel_aff_agglomerate:did not merge (9563013751, 9563013753)
INFO:engine.post.parallel_aff_agglomerate:did not merge (9563013751, 9563013809)
INFO:engine.post.parallel_aff_agglomerate:did not merge (9563013751, 9563013829)
INFO:engine.post.parallel_aff_agglomerate:did not merge (9563013751, 9563013831)
INFO:engine.post.parallel_aff_agglomerate:did not merge (9563013751, 9563013834)
INFO:engine.post.parallel_aff_agglomerate:did not merge (9563013751, 9563013842)
INFO:engine.post.parallel_aff_agglomerate:did not merge (9563013751, 9563013866)
INFO:engine.post.parallel_aff_agglomerate:did not merge (9563013751, 9563013873)
INFO:engine.post.parallel_aff_agglomerate:did not merge (9563013751, 9563013874)
INFO:engine.post.parallel_aff_agglomerate:did not merge (9563013751, 9563013885)
INFO:engine.post.parallel_aff_agglomerate:did not merge (9563013751, 9563013921)
INFO:engine.post.parallel_aff_agglomerate:did not merge (9563013751, 11676942358)
INFO:engine.post.parallel_aff_agglomerate:did not merge (9563013751, 11676942441)
INFO:engine.post.parallel_aff_agglomerate:did not merge (9563013751, 11676942465)
INFO:engine.post.parallel_aff_agglomerate:did not merge (4848617729, 4848617801)
INFO:engine.post.parallel_aff_agglomerate:did not merge (9563013869, 11676942422)
INFO:engine.post.parallel_aff_agglomerate:did not merge (9563013853, 9563013865)
INFO:engine.post.parallel_aff_agglomerate:did not merge (9563013853, 11676942464)
INFO:engine.post.parallel_aff_agglomerate:did not merge (9563013848, 9563013865)
INFO:engine.post.parallel_aff_agglomerate:did not merge (7751073862, 7751074006)
INFO:engine.post.parallel_aff_agglomerate:did not merge (7751073862, 7751074007)
INFO:engine.post.parallel_aff_agglomerate:did not merge (7751073862, 7751074042)
INFO:engine.post.parallel_aff_agglomerate:did not merge (7751073862, 7751074043)
INFO:engine.post.parallel_aff_agglomerate:did not merge (7751073862, 7751074052)
INFO:engine.post.parallel_aff_agglomerate:did not merge (7751074086, 7751074134)
INFO:engine.post.parallel_aff_agglomerate:did not merge (7751073867, 7751074123)
INFO:engine.post.parallel_aff_agglomerate:did not merge (7751073867, 7751074134)
INFO:engine.post.parallel_aff_agglomerate:did not merge (7751073867, 7751074227)
INFO:engine.post.parallel_aff_agglomerate:did not merge (9512682055, 11593056275)
INFO:engine.post.parallel_aff_agglomerate:did not merge (7751074014, 7751074444)
INFO:engine.post.parallel_aff_agglomerate:did not merge (7751074996, 7751075457)
INFO:engine.post.parallel_aff_agglomerate:did not merge (7751074987, 7751075017)
INFO:engine.post.parallel_aff_agglomerate:did not merge (7751074987, 7751075474)
INFO:engine.post.parallel_aff_agglomerate:did not merge (7751075191, 7751075457)
INFO:engine.post.parallel_aff_agglomerate:did not merge (7751075375, 7751075457)
INFO:engine.post.parallel_aff_agglomerate:did not merge (7751075537, 7751075584)
INFO:engine.post.parallel_aff_agglomerate:did not merge (6224348934, 6224349060)
INFO:engine.post.parallel_aff_agglomerate:did not merge (9512683625, 9512683946)
INFO:engine.post.parallel_aff_agglomerate:did not merge (7751075504, 7751075689)
INFO:engine.post.parallel_aff_agglomerate:did not merge (7751075503, 7751075689)
INFO:engine.post.parallel_aff_agglomerate:did not merge (7751075503, 7751075758)
INFO:engine.post.parallel_aff_agglomerate:did not merge (9512683812, 9512683946)
INFO:engine.post.parallel_aff_agglomerate:did not merge (7751075872, 7751075944)
INFO:engine.post.parallel_aff_agglomerate:did not merge (7751075732, 7751075987)
INFO:engine.post.parallel_aff_agglomerate:did not merge (7751075864, 7751075974)
INFO:engine.post.parallel_aff_agglomerate:did not merge (7751075864, 9512683946)
INFO:engine.post.parallel_aff_agglomerate:did not merge (7751075739, 7751075944)
INFO:engine.post.parallel_aff_agglomerate:did not merge (7751075963, 7751076013)
INFO:engine.post.parallel_aff_agglomerate:did not merge (7751076067, 7751076202)
INFO:engine.post.parallel_aff_agglomerate:did not merge (7751075964, 7751076046)
INFO:engine.post.parallel_aff_agglomerate:did not merge (7751075964, 7751076057)
INFO:engine.post.parallel_aff_agglomerate:merged 18156 edges
INFO:engine.post.parallel_aff_agglomerate:Agglomerating in block [2544:4592, 8688:9104, 2544:4592] (2048, 416, 2048) with context of [2416:4720, 8560:9232, 2416:4720] (2304, 672, 2304)
INFO:engine.post.parallel_aff_agglomerate:did not merge (1107297164, 1107297165)
INFO:engine.post.parallel_aff_agglomerate:did not merge (436210775, 771752354)
INFO:engine.post.parallel_aff_agglomerate:did not merge (436210775, 771752386)
INFO:engine.post.parallel_aff_agglomerate:did not merge (268438626, 268438748)
INFO:engine.post.parallel_aff_agglomerate:did not merge (771752040, 771752052)
INFO:engine.post.parallel_aff_agglomerate:did not merge (771752040, 771752346)
INFO:engine.post.parallel_aff_agglomerate:did not merge (771752956, 771753108)
INFO:engine.post.parallel_aff_agglomerate:did not merge (520094912, 520094999)
INFO:engine.post.parallel_aff_agglomerate:did not merge (771753137, 771753174)
INFO:engine.post.parallel_aff_agglomerate:did not merge (771753137, 771753203)
INFO:engine.post.parallel_aff_agglomerate:did not merge (771753137, 771753218)
INFO:engine.post.parallel_aff_agglomerate:did not merge (771753137, 771753342)
INFO:engine.post.parallel_aff_agglomerate:did not merge (771753109, 771753220)
INFO:engine.post.parallel_aff_agglomerate:did not merge (771753221, 771753278)
INFO:engine.post.parallel_aff_agglomerate:did not merge (520095101, 520095158)
INFO:engine.post.parallel_aff_agglomerate:did not merge (520095101, 520095170)
INFO:engine.post.parallel_aff_agglomerate:did not merge (520095101, 520095171)
INFO:engine.post.parallel_aff_agglomerate:did not merge (520095101, 520095292)
INFO:engine.post.parallel_aff_agglomerate:did not merge (771753228, 771753278)
INFO:engine.post.parallel_aff_agglomerate:did not merge (771753240, 771753278)
INFO:engine.post.parallel_aff_agglomerate:did not merge (771753317, 771753548)
INFO:engine.post.parallel_aff_agglomerate:did not merge (771753267, 771753342)
INFO:engine.post.parallel_aff_agglomerate:did not merge (771753267, 771753361)
INFO:engine.post.parallel_aff_agglomerate:did not merge (771753416, 771753551)
INFO:engine.post.parallel_aff_agglomerate:did not merge (771753552, 771753618)
INFO:engine.post.parallel_aff_agglomerate:did not merge (771753725, 771753738)
INFO:engine.post.parallel_aff_agglomerate:did not merge (771753628, 771753635)
INFO:engine.post.parallel_aff_agglomerate:did not merge (771753628, 771753643)
INFO:engine.post.parallel_aff_agglomerate:did not merge (771753628, 771753673)
INFO:engine.post.parallel_aff_agglomerate:did not merge (771753628, 771753686)
INFO:engine.post.parallel_aff_agglomerate:did not merge (771753872, 771754017)
INFO:engine.post.parallel_aff_agglomerate:did not merge (771753853, 771753881)
INFO:engine.post.parallel_aff_agglomerate:did not merge (771753853, 771753899)
INFO:engine.post.parallel_aff_agglomerate:did not merge (771753979, 771754072)
INFO:engine.post.parallel_aff_agglomerate:did not merge (771753970, 771754040)
INFO:engine.post.parallel_aff_agglomerate:did not merge (771754121, 771754172)
INFO:engine.post.parallel_aff_agglomerate:did not merge (771754121, 771754273)
INFO:engine.post.parallel_aff_agglomerate:did not merge (771754263, 771754273)
INFO:engine.post.parallel_aff_agglomerate:did not merge (1124075553, 1124075570)
INFO:engine.post.parallel_aff_agglomerate:did not merge (1124075553, 1124075572)
INFO:engine.post.parallel_aff_agglomerate:did not merge (1124075553, 1124075599)
INFO:engine.post.parallel_aff_agglomerate:did not merge (1124075553, 1124075600)
INFO:engine.post.parallel_aff_agglomerate:did not merge (1124075553, 1124075692)
INFO:engine.post.parallel_aff_agglomerate:did not merge (771754347, 771754402)
INFO:engine.post.parallel_aff_agglomerate:did not merge (771754347, 771754419)
INFO:engine.post.parallel_aff_agglomerate:did not merge (771754498, 771754678)
INFO:engine.post.parallel_aff_agglomerate:did not merge (771755014, 771755075)
INFO:engine.post.parallel_aff_agglomerate:did not merge (771755042, 771755218)
INFO:engine.post.parallel_aff_agglomerate:did not merge (771755042, 771755219)
INFO:engine.post.parallel_aff_agglomerate:did not merge (771755042, 771755365)
INFO:engine.post.parallel_aff_agglomerate:did not merge (771755029, 771755075)
INFO:engine.post.parallel_aff_agglomerate:did not merge (771755139, 771755218)
INFO:engine.post.parallel_aff_agglomerate:merged 8518 edges
INFO:engine.post.parallel_aff_agglomerate:Agglomerating in block [2544:4592, 8688:9104, 8688:10736] (2048, 416, 2048) with context of [2416:4720, 8560:9232, 8560:10864] (2304, 672, 2304)
INFO:engine.post.parallel_aff_agglomerate:did not merge (2936013984, 2936014070)
INFO:engine.post.parallel_aff_agglomerate:did not merge (2197815649, 2197815707)
INFO:engine.post.parallel_aff_agglomerate:did not merge (2197815883, 2197816067)
INFO:engine.post.parallel_aff_agglomerate:did not merge (2197815883, 2952790850)
INFO:engine.post.parallel_aff_agglomerate:did not merge (2197816173, 2197816212)
INFO:engine.post.parallel_aff_agglomerate:did not merge (2197816190, 2197816212)
INFO:engine.post.parallel_aff_agglomerate:did not merge (2197816372, 2197816397)
INFO:engine.post.parallel_aff_agglomerate:did not merge (2197816361, 2197816423)
INFO:engine.post.parallel_aff_agglomerate:did not merge (2197816447, 2197816507)
INFO:engine.post.parallel_aff_agglomerate:did not merge (2197816447, 2197816508)
INFO:engine.post.parallel_aff_agglomerate:did not merge (2197816373, 2197816397)
INFO:engine.post.parallel_aff_agglomerate:did not merge (1593837197, 1593837262)
INFO:engine.post.parallel_aff_agglomerate:did not merge (1593837197, 1593837296)
INFO:engine.post.parallel_aff_agglomerate:did not merge (1593837197, 1593837316)
INFO:engine.post.parallel_aff_agglomerate:did not merge (1593837197, 1593837329)
INFO:engine.post.parallel_aff_agglomerate:did not merge (1593837197, 1593837339)
INFO:engine.post.parallel_aff_agglomerate:did not merge (1593837197, 1593837360)
INFO:engine.post.parallel_aff_agglomerate:did not merge (1593837197, 1593837439)
INFO:engine.post.parallel_aff_agglomerate:did not merge (1593837197, 1593837449)
INFO:engine.post.parallel_aff_agglomerate:did not merge (1593837197, 1593837468)
INFO:engine.post.parallel_aff_agglomerate:did not merge (1593837197, 1593837526)
INFO:engine.post.parallel_aff_agglomerate:did not merge (1593837197, 1593837608)
INFO:engine.post.parallel_aff_agglomerate:did not merge (1593837197, 2197816555)
INFO:engine.post.parallel_aff_agglomerate:did not merge (1593837197, 2281702096)
INFO:engine.post.parallel_aff_agglomerate:did not merge (2197816604, 2197816611)
INFO:engine.post.parallel_aff_agglomerate:did not merge (2197817174, 2197817276)
INFO:engine.post.parallel_aff_agglomerate:did not merge (2197817399, 2197817432)
INFO:engine.post.parallel_aff_agglomerate:did not merge (2197817657, 2197817884)
INFO:engine.post.parallel_aff_agglomerate:did not merge (2197817657, 2952792860)
INFO:engine.post.parallel_aff_agglomerate:did not merge (2197817657, 2952792926)
INFO:engine.post.parallel_aff_agglomerate:did not merge (2952792955, 2952793010)
INFO:engine.post.parallel_aff_agglomerate:did not merge (2197817698, 2197817767)
INFO:engine.post.parallel_aff_agglomerate:did not merge (2197817698, 2197817832)
INFO:engine.post.parallel_aff_agglomerate:did not merge (2952792987, 2952793010)
INFO:engine.post.parallel_aff_agglomerate:did not merge (2952793246, 2952793299)
INFO:engine.post.parallel_aff_agglomerate:did not merge (2952793246, 2952793317)
INFO:engine.post.parallel_aff_agglomerate:did not merge (2952793246, 2952793318)
INFO:engine.post.parallel_aff_agglomerate:did not merge (2952793246, 2952793366)
INFO:engine.post.parallel_aff_agglomerate:did not merge (2952793246, 2952793516)
INFO:engine.post.parallel_aff_agglomerate:did not merge (2952793246, 3959424121)
INFO:engine.post.parallel_aff_agglomerate:did not merge (2197817910, 2197817960)
INFO:engine.post.parallel_aff_agglomerate:did not merge (2197817910, 2952792860)
INFO:engine.post.parallel_aff_agglomerate:did not merge (2197817910, 2952793299)
INFO:engine.post.parallel_aff_agglomerate:did not merge (2197818107, 2197818155)
INFO:engine.post.parallel_aff_agglomerate:did not merge (2197818107, 2197818173)
INFO:engine.post.parallel_aff_agglomerate:did not merge (2197818107, 2197818187)
INFO:engine.post.parallel_aff_agglomerate:did not merge (2197818258, 2952793516)
INFO:engine.post.parallel_aff_agglomerate:did not merge (2197818258, 3053453712)
INFO:engine.post.parallel_aff_agglomerate:did not merge (2197818258, 3053453728)
INFO:engine.post.parallel_aff_agglomerate:merged 6457 edges
INFO:engine.post.parallel_aff_agglomerate:Agglomerating in block [2544:4592, 8688:9104, 16880:18928] (2048, 416, 2048) with context of [2416:4720, 8560:9232, 16752:19056] (2304, 672, 2304)
INFO:engine.post.parallel_aff_agglomerate:did not merge (4966056743, 4966056765)
INFO:engine.post.parallel_aff_agglomerate:did not merge (3791654134, 3791654146)
INFO:engine.post.parallel_aff_agglomerate:did not merge (4966056756, 4966056765)
INFO:engine.post.parallel_aff_agglomerate:did not merge (4966056756, 4966056779)
INFO:engine.post.parallel_aff_agglomerate:did not merge (4966056756, 4966056800)
INFO:engine.post.parallel_aff_agglomerate:did not merge (4966056756, 4966056808)
INFO:engine.post.parallel_aff_agglomerate:did not merge (4966056756, 4966056833)
INFO:engine.post.parallel_aff_agglomerate:did not merge (4966056749, 4966056765)
INFO:engine.post.parallel_aff_agglomerate:did not merge (4898949545, 4898949723)
INFO:engine.post.parallel_aff_agglomerate:did not merge (4982834490, 4982834578)
INFO:engine.post.parallel_aff_agglomerate:did not merge (4982834490, 4982834596)
INFO:engine.post.parallel_aff_agglomerate:did not merge (4982834490, 4982834629)
INFO:engine.post.parallel_aff_agglomerate:did not merge (4982834490, 6291456395)
INFO:engine.post.parallel_aff_agglomerate:did not merge (4982834490, 6291456464)
INFO:engine.post.parallel_aff_agglomerate:did not merge (4982834490, 6291456672)
INFO:engine.post.parallel_aff_agglomerate:did not merge (6291456704, 6291456749)
INFO:engine.post.parallel_aff_agglomerate:did not merge (6291456549, 6291456982)
INFO:engine.post.parallel_aff_agglomerate:did not merge (4982834720, 4982835143)
INFO:engine.post.parallel_aff_agglomerate:did not merge (7818183769, 7818183990)
INFO:engine.post.parallel_aff_agglomerate:did not merge (7818183769, 9663676656)
INFO:engine.post.parallel_aff_agglomerate:did not merge (6291457248, 6291457276)
INFO:engine.post.parallel_aff_agglomerate:did not merge (6291457277, 6291457414)
INFO:engine.post.parallel_aff_agglomerate:did not merge (4982835817, 4982836323)
INFO:engine.post.parallel_aff_agglomerate:did not merge (6291457486, 6291457594)
INFO:engine.post.parallel_aff_agglomerate:did not merge (7818184418, 7818184533)
INFO:engine.post.parallel_aff_agglomerate:did not merge (6291457573, 6291457763)
INFO:engine.post.parallel_aff_agglomerate:did not merge (7818184789, 7818184937)
INFO:engine.post.parallel_aff_agglomerate:did not merge (7818184789, 7818184996)
INFO:engine.post.parallel_aff_agglomerate:did not merge (7818184789, 9680453701)
INFO:engine.post.parallel_aff_agglomerate:did not merge (7818184789, 9680453950)
INFO:engine.post.parallel_aff_agglomerate:did not merge (7818184789, 9680454010)
INFO:engine.post.parallel_aff_agglomerate:did not merge (4982836410, 4982836507)
INFO:engine.post.parallel_aff_agglomerate:did not merge (4982836410, 4982836524)
INFO:engine.post.parallel_aff_agglomerate:did not merge (4982836410, 4982836743)
INFO:engine.post.parallel_aff_agglomerate:did not merge (4982836410, 6375343208)
INFO:engine.post.parallel_aff_agglomerate:did not merge (6291457859, 6291458130)
INFO:engine.post.parallel_aff_agglomerate:did not merge (6291457859, 6291458152)
INFO:engine.post.parallel_aff_agglomerate:did not merge (6291458014, 6291458183)
INFO:engine.post.parallel_aff_agglomerate:merged 3698 edges
INFO:engine.post.parallel_aff_agglomerate:Agglomerating in block [2544:4592, 8688:9104, 25072:27120] (2048, 416, 2048) with context of [2416:4720, 8560:9232, 24944:27248] (2304, 672, 2304)
INFO:engine.post.parallel_aff_agglomerate:did not merge (11509172853, 11509172921)
INFO:engine.post.parallel_aff_agglomerate:did not merge (11509172853, 11509172935)
INFO:engine.post.parallel_aff_agglomerate:did not merge (11509172853, 13857981037)
INFO:engine.post.parallel_aff_agglomerate:did not merge (11509172853, 13874757884)
INFO:engine.post.parallel_aff_agglomerate:did not merge (11509172853, 13874758003)
INFO:engine.post.parallel_aff_agglomerate:did not merge (11509172853, 13874758017)
INFO:engine.post.parallel_aff_agglomerate:did not merge (11509172854, 11509172921)
INFO:engine.post.parallel_aff_agglomerate:did not merge (11509172854, 13874758003)
INFO:engine.post.parallel_aff_agglomerate:did not merge (11576279709, 13857981041)
INFO:engine.post.parallel_aff_agglomerate:did not merge (9495906037, 9495906083)
INFO:engine.post.parallel_aff_agglomerate:did not merge (13874757936, 13874758003)
INFO:engine.post.parallel_aff_agglomerate:did not merge (13874757751, 13874757961)
INFO:engine.post.parallel_aff_agglomerate:did not merge (13874757751, 13874758016)
INFO:engine.post.parallel_aff_agglomerate:did not merge (13874757751, 13874758110)
INFO:engine.post.parallel_aff_agglomerate:did not merge (13874757751, 13874758157)
INFO:engine.post.parallel_aff_agglomerate:did not merge (13874757782, 13874758016)
INFO:engine.post.parallel_aff_agglomerate:did not merge (13874757782, 13874758109)
INFO:engine.post.parallel_aff_agglomerate:did not merge (13874757782, 13874758110)
INFO:engine.post.parallel_aff_agglomerate:did not merge (13874757782, 13874758157)
INFO:engine.post.parallel_aff_agglomerate:did not merge (13874757782, 13874758197)
INFO:engine.post.parallel_aff_agglomerate:did not merge (13874757782, 13874758235)
INFO:engine.post.parallel_aff_agglomerate:did not merge (13874757782, 13874758423)
INFO:engine.post.parallel_aff_agglomerate:did not merge (13874757782, 13874758568)
INFO:engine.post.parallel_aff_agglomerate:did not merge (13874757782, 13874758693)
INFO:engine.post.parallel_aff_agglomerate:did not merge (13874757782, 16441672352)
INFO:engine.post.parallel_aff_agglomerate:did not merge (13874757782, 16441672441)
INFO:engine.post.parallel_aff_agglomerate:did not merge (13874757782, 16441672479)
INFO:engine.post.parallel_aff_agglomerate:did not merge (13874757735, 13874757979)
INFO:engine.post.parallel_aff_agglomerate:did not merge (13874757735, 13874758400)
INFO:engine.post.parallel_aff_agglomerate:did not merge (13874757735, 13874758512)
INFO:engine.post.parallel_aff_agglomerate:did not merge (11593056506, 11593056552)
INFO:engine.post.parallel_aff_agglomerate:did not merge (11593056506, 11593056604)
INFO:engine.post.parallel_aff_agglomerate:did not merge (11593056506, 11593056762)
INFO:engine.post.parallel_aff_agglomerate:did not merge (11593056506, 11593056826)
INFO:engine.post.parallel_aff_agglomerate:did not merge (11593056506, 11593056959)
INFO:engine.post.parallel_aff_agglomerate:did not merge (11593056506, 11593057197)
INFO:engine.post.parallel_aff_agglomerate:did not merge (11593056506, 11593057209)
INFO:engine.post.parallel_aff_agglomerate:did not merge (11593056506, 11593057210)
INFO:engine.post.parallel_aff_agglomerate:did not merge (11593056506, 11593057376)
INFO:engine.post.parallel_aff_agglomerate:did not merge (11593056506, 11593057386)
INFO:engine.post.parallel_aff_agglomerate:did not merge (11593056506, 11593057391)
INFO:engine.post.parallel_aff_agglomerate:did not merge (11593056506, 11593057454)
INFO:engine.post.parallel_aff_agglomerate:did not merge (11593056506, 11593057766)
INFO:engine.post.parallel_aff_agglomerate:did not merge (11593056506, 13874757884)
INFO:engine.post.parallel_aff_agglomerate:did not merge (11593056506, 13874758190)
INFO:engine.post.parallel_aff_agglomerate:did not merge (11593056506, 13958644100)
INFO:engine.post.parallel_aff_agglomerate:did not merge (13874758011, 13874758477)
INFO:engine.post.parallel_aff_agglomerate:did not merge (13874758011, 13874758601)
INFO:engine.post.parallel_aff_agglomerate:did not merge (13874758011, 13874758602)
INFO:engine.post.parallel_aff_agglomerate:did not merge (13874758011, 13874758623)
INFO:engine.post.parallel_aff_agglomerate:did not merge (13874758011, 13874758733)
INFO:engine.post.parallel_aff_agglomerate:did not merge (13874758011, 13874758879)
INFO:engine.post.parallel_aff_agglomerate:did not merge (13874758011, 13874758942)
INFO:engine.post.parallel_aff_agglomerate:did not merge (13874758725, 13874758879)
INFO:engine.post.parallel_aff_agglomerate:did not merge (13874758895, 13874758925)
INFO:engine.post.parallel_aff_agglomerate:did not merge (13874758926, 13874759028)
INFO:engine.post.parallel_aff_agglomerate:did not merge (13874759102, 13874759182)
INFO:engine.post.parallel_aff_agglomerate:did not merge (13874759019, 13874759028)
INFO:engine.post.parallel_aff_agglomerate:did not merge (13874759019, 13874759160)
INFO:engine.post.parallel_aff_agglomerate:did not merge (11593057580, 11593057766)
INFO:engine.post.parallel_aff_agglomerate:did not merge (16441673134, 19411239024)
INFO:engine.post.parallel_aff_agglomerate:did not merge (13874759434, 13874759582)
INFO:engine.post.parallel_aff_agglomerate:did not merge (11593058055, 11593058090)
INFO:engine.post.parallel_aff_agglomerate:did not merge (13874759506, 13874759555)
INFO:engine.post.parallel_aff_agglomerate:did not merge (13874759506, 13874759676)
INFO:engine.post.parallel_aff_agglomerate:did not merge (16441675012, 16441675553)
INFO:engine.post.parallel_aff_agglomerate:did not merge (16441675012, 19411239015)
INFO:engine.post.parallel_aff_agglomerate:did not merge (13874759713, 13874759884)
INFO:engine.post.parallel_aff_agglomerate:did not merge (11593058420, 11593058439)
INFO:engine.post.parallel_aff_agglomerate:did not merge (11593058420, 11593058587)
INFO:engine.post.parallel_aff_agglomerate:did not merge (11593058420, 11593058594)
INFO:engine.post.parallel_aff_agglomerate:did not merge (11593058420, 11593058820)
INFO:engine.post.parallel_aff_agglomerate:did not merge (11593058420, 13975421231)
INFO:engine.post.parallel_aff_agglomerate:did not merge (11593058420, 13975421238)
INFO:engine.post.parallel_aff_agglomerate:merged 3315 edges
INFO:engine.post.parallel_aff_agglomerate:Agglomerating in block [4592:6640, 496:2544, 6640:8688] (2048, 2048, 2048) with context of [4464:6768, 368:2672, 6512:8816] (2304, 2304, 2304)
INFO:engine.post.parallel_aff_agglomerate:did not merge (201330112, 201330123)
INFO:engine.post.parallel_aff_agglomerate:did not merge (201330112, 201330273)
INFO:engine.post.parallel_aff_agglomerate:did not merge (201330112, 201330274)
INFO:engine.post.parallel_aff_agglomerate:did not merge (201330112, 201330381)
INFO:engine.post.parallel_aff_agglomerate:did not merge (201330402, 201330425)
INFO:engine.post.parallel_aff_agglomerate:did not merge (201330402, 201330457)
INFO:engine.post.parallel_aff_agglomerate:did not merge (201330632, 419430880)
INFO:engine.post.parallel_aff_agglomerate:merged 23836 edges
INFO:engine.post.parallel_aff_agglomerate:Agglomerating in block [4592:6640, 496:2544, 18928:20976] (2048, 2048, 2048) with context of [4464:6768, 368:2672, 18800:21104] (2304, 2304, 2304)
INFO:engine.post.parallel_aff_agglomerate:did not merge (3724544506, 3724544507)
INFO:engine.post.parallel_aff_agglomerate:did not merge (4831841269, 4831841341)
INFO:engine.post.parallel_aff_agglomerate:did not merge (4831841329, 4831841417)
INFO:engine.post.parallel_aff_agglomerate:did not merge (4831841329, 6190793049)
INFO:engine.post.parallel_aff_agglomerate:did not merge (2801798143, 2801798302)
INFO:engine.post.parallel_aff_agglomerate:did not merge (2801798143, 2801798354)
INFO:engine.post.parallel_aff_agglomerate:did not merge (2801798143, 3774874052)
INFO:engine.post.parallel_aff_agglomerate:did not merge (2801798143, 3774874104)
INFO:engine.post.parallel_aff_agglomerate:merged 13802 edges
INFO:engine.post.parallel_aff_agglomerate:Agglomerating in block [4592:6640, 496:2544, 29168:29264] (2048, 2048, 96) with context of [4464:6768, 368:2672, 29040:29392] (2304, 2304, 352)
INFO:engine.post.parallel_aff_agglomerate:did not merge (11442061749, 11442061750)
INFO:engine.post.parallel_aff_agglomerate:did not merge (9428798328, 9428798455)
INFO:engine.post.parallel_aff_agglomerate:did not merge (9428798400, 9428798422)
INFO:engine.post.parallel_aff_agglomerate:did not merge (13757317562, 13757317575)
INFO:engine.post.parallel_aff_agglomerate:did not merge (11475618695, 11475618784)
INFO:engine.post.parallel_aff_agglomerate:did not merge (13757317583, 13757317585)
INFO:engine.post.parallel_aff_agglomerate:merged 3722 edges
INFO:engine.post.parallel_aff_agglomerate:Agglomerating in block [4592:6640, 2544:4592, 2544:4592] (2048, 2048, 2048) with context of [4464:6768, 2416:4720, 2416:4720] (2304, 2304, 2304)
INFO:engine.post.parallel_aff_agglomerate:did not merge (234884691, 234884708)
INFO:engine.post.parallel_aff_agglomerate:did not merge (234884691, 234884781)
INFO:engine.post.parallel_aff_agglomerate:did not merge (234884691, 402655535)
INFO:engine.post.parallel_aff_agglomerate:did not merge (234884691, 402655640)
INFO:engine.post.parallel_aff_agglomerate:did not merge (134221562, 134221563)
INFO:engine.post.parallel_aff_agglomerate:did not merge (452988032, 452988074)
INFO:engine.post.parallel_aff_agglomerate:did not merge (234884924, 452987855)
INFO:engine.post.parallel_aff_agglomerate:did not merge (134221597, 234884698)
INFO:engine.post.parallel_aff_agglomerate:did not merge (234884699, 234884715)
INFO:engine.post.parallel_aff_agglomerate:did not merge (50334881, 50334995)
INFO:engine.post.parallel_aff_agglomerate:did not merge (50334881, 50335008)
INFO:engine.post.parallel_aff_agglomerate:did not merge (50334881, 100667088)
INFO:engine.post.parallel_aff_agglomerate:did not merge (100667428, 100667630)
INFO:engine.post.parallel_aff_agglomerate:did not merge (452988268, 452988354)
INFO:engine.post.parallel_aff_agglomerate:did not merge (452988164, 452988354)
INFO:engine.post.parallel_aff_agglomerate:did not merge (251658667, 251658803)
INFO:engine.post.parallel_aff_agglomerate:did not merge (251658915, 251659090)
INFO:engine.post.parallel_aff_agglomerate:did not merge (251658916, 251659090)
INFO:engine.post.parallel_aff_agglomerate:did not merge (251658917, 251659090)
INFO:engine.post.parallel_aff_agglomerate:did not merge (251659283, 251659341)
INFO:engine.post.parallel_aff_agglomerate:did not merge (251659283, 251659366)
INFO:engine.post.parallel_aff_agglomerate:did not merge (251659283, 251659388)
INFO:engine.post.parallel_aff_agglomerate:did not merge (251659283, 251659411)
INFO:engine.post.parallel_aff_agglomerate:did not merge (251659283, 251659437)
INFO:engine.post.parallel_aff_agglomerate:did not merge (251659343, 251659385)
INFO:engine.post.parallel_aff_agglomerate:did not merge (251659343, 251659410)
INFO:engine.post.parallel_aff_agglomerate:did not merge (251659438, 251659577)
INFO:engine.post.parallel_aff_agglomerate:did not merge (251659438, 251659578)
INFO:engine.post.parallel_aff_agglomerate:did not merge (251659438, 251659598)
INFO:engine.post.parallel_aff_agglomerate:did not merge (251659580, 251659614)
INFO:engine.post.parallel_aff_agglomerate:did not merge (251659580, 251659615)
INFO:engine.post.parallel_aff_agglomerate:did not merge (251659580, 251659680)
INFO:engine.post.parallel_aff_agglomerate:did not merge (251659580, 251659733)
INFO:engine.post.parallel_aff_agglomerate:did not merge (251659641, 251659824)
INFO:engine.post.parallel_aff_agglomerate:did not merge (251659770, 251659824)
INFO:engine.post.parallel_aff_agglomerate:did not merge (251659770, 251659826)
INFO:engine.post.parallel_aff_agglomerate:did not merge (251659770, 251659850)
INFO:engine.post.parallel_aff_agglomerate:did not merge (150995926, 150995940)
INFO:engine.post.parallel_aff_agglomerate:did not merge (150995926, 150996174)
INFO:engine.post.parallel_aff_agglomerate:did not merge (150995926, 251659756)
INFO:engine.post.parallel_aff_agglomerate:did not merge (251659771, 251659825)
INFO:engine.post.parallel_aff_agglomerate:did not merge (251659771, 251659850)
INFO:engine.post.parallel_aff_agglomerate:did not merge (251659851, 251659899)
INFO:engine.post.parallel_aff_agglomerate:did not merge (251660176, 251660275)
INFO:engine.post.parallel_aff_agglomerate:did not merge (251660242, 251660275)
INFO:engine.post.parallel_aff_agglomerate:did not merge (251660353, 251660588)
INFO:engine.post.parallel_aff_agglomerate:did not merge (251660635, 251660798)
INFO:engine.post.parallel_aff_agglomerate:did not merge (251660800, 251661093)
INFO:engine.post.parallel_aff_agglomerate:did not merge (251660777, 251660896)
INFO:engine.post.parallel_aff_agglomerate:did not merge (251660777, 251661071)
INFO:engine.post.parallel_aff_agglomerate:did not merge (251660748, 251660761)
INFO:engine.post.parallel_aff_agglomerate:did not merge (251660748, 251660943)
INFO:engine.post.parallel_aff_agglomerate:did not merge (251660994, 251661071)
INFO:engine.post.parallel_aff_agglomerate:did not merge (251661073, 251661093)
INFO:engine.post.parallel_aff_agglomerate:did not merge (419433332, 419433356)
INFO:engine.post.parallel_aff_agglomerate:did not merge (251661168, 251661229)
INFO:engine.post.parallel_aff_agglomerate:did not merge (251661147, 251661229)
INFO:engine.post.parallel_aff_agglomerate:did not merge (251661053, 251661130)
INFO:engine.post.parallel_aff_agglomerate:did not merge (251661053, 251661282)
INFO:engine.post.parallel_aff_agglomerate:did not merge (251661053, 251661296)
INFO:engine.post.parallel_aff_agglomerate:did not merge (251661053, 251661330)
INFO:engine.post.parallel_aff_agglomerate:did not merge (251661053, 251661360)
INFO:engine.post.parallel_aff_agglomerate:did not merge (251661167, 251661229)
INFO:engine.post.parallel_aff_agglomerate:did not merge (251661592, 251661606)
INFO:engine.post.parallel_aff_agglomerate:did not merge (251661592, 251661638)
INFO:engine.post.parallel_aff_agglomerate:did not merge (251661592, 251661748)
INFO:engine.post.parallel_aff_agglomerate:did not merge (150997541, 150997840)
INFO:engine.post.parallel_aff_agglomerate:did not merge (150997541, 150997845)
INFO:engine.post.parallel_aff_agglomerate:did not merge (150997541, 150997866)
INFO:engine.post.parallel_aff_agglomerate:did not merge (251662254, 251662503)
INFO:engine.post.parallel_aff_agglomerate:did not merge (251662541, 251662555)
INFO:engine.post.parallel_aff_agglomerate:did not merge (251662759, 251663044)
INFO:engine.post.parallel_aff_agglomerate:did not merge (251662759, 419433740)
INFO:engine.post.parallel_aff_agglomerate:did not merge (251662999, 486539817)
INFO:engine.post.parallel_aff_agglomerate:did not merge (251662999, 486539858)
INFO:engine.post.parallel_aff_agglomerate:merged 32102 edges
INFO:engine.post.parallel_aff_agglomerate:Agglomerating in block [4592:6640, 2544:4592, 12784:14832] (2048, 2048, 2048) with context of [4464:6768, 2416:4720, 12656:14960] (2304, 2304, 2304)
INFO:engine.post.parallel_aff_agglomerate:did not merge (2835352903, 2835352950)
INFO:engine.post.parallel_aff_agglomerate:did not merge (2835352903, 2835353019)
INFO:engine.post.parallel_aff_agglomerate:did not merge (2835352903, 2835353027)
INFO:engine.post.parallel_aff_agglomerate:did not merge (2885684468, 2885684471)
INFO:engine.post.parallel_aff_agglomerate:did not merge (2885684468, 2885684574)
INFO:engine.post.parallel_aff_agglomerate:did not merge (2885684468, 2885684582)
INFO:engine.post.parallel_aff_agglomerate:did not merge (2885684468, 2885684625)
INFO:engine.post.parallel_aff_agglomerate:did not merge (2080378251, 2080378361)
INFO:engine.post.parallel_aff_agglomerate:did not merge (2080378251, 2080378387)
INFO:engine.post.parallel_aff_agglomerate:did not merge (2080378251, 2080378390)
INFO:engine.post.parallel_aff_agglomerate:did not merge (2080378251, 2080378391)
INFO:engine.post.parallel_aff_agglomerate:did not merge (2080378251, 2080378416)
INFO:engine.post.parallel_aff_agglomerate:did not merge (2080378251, 2080378434)
INFO:engine.post.parallel_aff_agglomerate:did not merge (2080378251, 2080378469)
INFO:engine.post.parallel_aff_agglomerate:did not merge (2080378251, 2080378489)
INFO:engine.post.parallel_aff_agglomerate:did not merge (2080378251, 2080378501)
INFO:engine.post.parallel_aff_agglomerate:did not merge (2080378251, 2080378514)
INFO:engine.post.parallel_aff_agglomerate:did not merge (2080378251, 2080378583)
INFO:engine.post.parallel_aff_agglomerate:did not merge (2130709367, 2130709481)
INFO:engine.post.parallel_aff_agglomerate:did not merge (2130709367, 2130709648)
INFO:engine.post.parallel_aff_agglomerate:did not merge (2130709367, 2130709672)
INFO:engine.post.parallel_aff_agglomerate:did not merge (2130709367, 2885683299)
INFO:engine.post.parallel_aff_agglomerate:did not merge (1442843929, 1442843964)
INFO:engine.post.parallel_aff_agglomerate:did not merge (2080378529, 2080378621)
INFO:engine.post.parallel_aff_agglomerate:did not merge (1476398290, 1476398314)
INFO:engine.post.parallel_aff_agglomerate:did not merge (1476398290, 1476398330)
INFO:engine.post.parallel_aff_agglomerate:did not merge (1476398290, 1476398702)
INFO:engine.post.parallel_aff_agglomerate:did not merge (1476398290, 2080378494)
INFO:engine.post.parallel_aff_agglomerate:did not merge (1476398290, 2080378595)
INFO:engine.post.parallel_aff_agglomerate:did not merge (1476398290, 2147483975)
INFO:engine.post.parallel_aff_agglomerate:did not merge (1442844033, 2080378470)
INFO:engine.post.parallel_aff_agglomerate:did not merge (1476398517, 1476398518)
INFO:engine.post.parallel_aff_agglomerate:did not merge (1476398517, 1476398687)
INFO:engine.post.parallel_aff_agglomerate:did not merge (1476398517, 2130709648)
INFO:engine.post.parallel_aff_agglomerate:did not merge (2885684933, 2885684991)
INFO:engine.post.parallel_aff_agglomerate:did not merge (2885684933, 3892314543)
INFO:engine.post.parallel_aff_agglomerate:did not merge (2885684933, 3892314843)
INFO:engine.post.parallel_aff_agglomerate:did not merge (2080378775, 2835352919)
INFO:engine.post.parallel_aff_agglomerate:did not merge (1476398473, 1476398592)
INFO:engine.post.parallel_aff_agglomerate:did not merge (1476398473, 2147483975)
INFO:engine.post.parallel_aff_agglomerate:did not merge (2835353122, 2835353146)
INFO:engine.post.parallel_aff_agglomerate:did not merge (2130709647, 2130709648)
INFO:engine.post.parallel_aff_agglomerate:did not merge (2835353132, 2835353146)
INFO:engine.post.parallel_aff_agglomerate:did not merge (2097152140, 2097152329)
INFO:engine.post.parallel_aff_agglomerate:did not merge (2097152140, 2097152355)
INFO:engine.post.parallel_aff_agglomerate:did not merge (2097152140, 2097152356)
INFO:engine.post.parallel_aff_agglomerate:did not merge (2097152140, 2097152376)
INFO:engine.post.parallel_aff_agglomerate:did not merge (2097152140, 2097152389)
INFO:engine.post.parallel_aff_agglomerate:did not merge (2097152140, 2097152390)
INFO:engine.post.parallel_aff_agglomerate:did not merge (2097152140, 2097152403)
INFO:engine.post.parallel_aff_agglomerate:did not merge (2097152553, 2097152564)
INFO:engine.post.parallel_aff_agglomerate:did not merge (2097152754, 2097152992)
INFO:engine.post.parallel_aff_agglomerate:did not merge (2097152762, 2097152906)
INFO:engine.post.parallel_aff_agglomerate:did not merge (2097152762, 2097153059)
INFO:engine.post.parallel_aff_agglomerate:did not merge (2097152762, 2097153075)
INFO:engine.post.parallel_aff_agglomerate:did not merge (2097152762, 2097153232)
INFO:engine.post.parallel_aff_agglomerate:did not merge (2097152861, 2097152992)
INFO:engine.post.parallel_aff_agglomerate:did not merge (2097152861, 2097153043)
INFO:engine.post.parallel_aff_agglomerate:did not merge (2097152970, 2097152979)
INFO:engine.post.parallel_aff_agglomerate:did not merge (2852127691, 2852127705)
INFO:engine.post.parallel_aff_agglomerate:did not merge (2097153385, 2097153401)
INFO:engine.post.parallel_aff_agglomerate:did not merge (1493173377, 1493173607)
INFO:engine.post.parallel_aff_agglomerate:did not merge (1493173377, 2147484898)
INFO:engine.post.parallel_aff_agglomerate:did not merge (1493173377, 2147485349)
INFO:engine.post.parallel_aff_agglomerate:did not merge (2097153725, 2097153745)
INFO:engine.post.parallel_aff_agglomerate:did not merge (2097153725, 2097153748)
INFO:engine.post.parallel_aff_agglomerate:did not merge (2097153725, 2097153781)
INFO:engine.post.parallel_aff_agglomerate:did not merge (2097153725, 2097153809)
INFO:engine.post.parallel_aff_agglomerate:did not merge (2097153725, 2097153890)
INFO:engine.post.parallel_aff_agglomerate:did not merge (2097153725, 2097153908)
INFO:engine.post.parallel_aff_agglomerate:did not merge (2097154584, 2097154632)
INFO:engine.post.parallel_aff_agglomerate:did not merge (2097154288, 2097154295)
INFO:engine.post.parallel_aff_agglomerate:did not merge (2097154288, 2097154298)
INFO:engine.post.parallel_aff_agglomerate:did not merge (2097154288, 2097154320)
INFO:engine.post.parallel_aff_agglomerate:did not merge (2097154288, 2097154321)
INFO:engine.post.parallel_aff_agglomerate:did not merge (2097154288, 2097154376)
INFO:engine.post.parallel_aff_agglomerate:did not merge (2097154288, 2097154456)
INFO:engine.post.parallel_aff_agglomerate:did not merge (2097154288, 2097154457)
INFO:engine.post.parallel_aff_agglomerate:did not merge (2097154288, 2097154474)
INFO:engine.post.parallel_aff_agglomerate:did not merge (2097154288, 2097154648)
INFO:engine.post.parallel_aff_agglomerate:did not merge (2097154288, 2097154650)
INFO:engine.post.parallel_aff_agglomerate:did not merge (2097154288, 2097154665)
INFO:engine.post.parallel_aff_agglomerate:did not merge (2097154288, 2097154746)
INFO:engine.post.parallel_aff_agglomerate:did not merge (2097154288, 2097154997)
INFO:engine.post.parallel_aff_agglomerate:did not merge (2097154288, 2097154999)
INFO:engine.post.parallel_aff_agglomerate:did not merge (2097154288, 2097155010)
INFO:engine.post.parallel_aff_agglomerate:did not merge (2097154288, 2097155024)
INFO:engine.post.parallel_aff_agglomerate:did not merge (2097154288, 2097155060)
INFO:engine.post.parallel_aff_agglomerate:did not merge (2097154288, 2097155094)
INFO:engine.post.parallel_aff_agglomerate:did not merge (2097154288, 2097155106)
INFO:engine.post.parallel_aff_agglomerate:did not merge (2097154288, 2097155123)
INFO:engine.post.parallel_aff_agglomerate:did not merge (2097154288, 2097155250)
INFO:engine.post.parallel_aff_agglomerate:did not merge (2097154288, 2097155266)
INFO:engine.post.parallel_aff_agglomerate:did not merge (2097154288, 2097155334)
INFO:engine.post.parallel_aff_agglomerate:did not merge (2097154288, 2097155345)
INFO:engine.post.parallel_aff_agglomerate:did not merge (2852129765, 2852129907)
INFO:engine.post.parallel_aff_agglomerate:did not merge (2852129765, 2852129927)
INFO:engine.post.parallel_aff_agglomerate:did not merge (2852129765, 2852130088)
INFO:engine.post.parallel_aff_agglomerate:did not merge (2097154884, 2097154971)
INFO:engine.post.parallel_aff_agglomerate:did not merge (2097154954, 2097154999)
INFO:engine.post.parallel_aff_agglomerate:did not merge (2097155045, 2097155063)
INFO:engine.post.parallel_aff_agglomerate:did not merge (2097155045, 2097155124)
INFO:engine.post.parallel_aff_agglomerate:did not merge (2097155242, 2097155334)
INFO:engine.post.parallel_aff_agglomerate:did not merge (2852130678, 3825207561)
INFO:engine.post.parallel_aff_agglomerate:did not merge (2852130678, 3825207665)
INFO:engine.post.parallel_aff_agglomerate:did not merge (2852130678, 3841982795)
INFO:engine.post.parallel_aff_agglomerate:did not merge (2852130693, 2852131054)
INFO:engine.post.parallel_aff_agglomerate:did not merge (2852130693, 3825207561)
INFO:engine.post.parallel_aff_agglomerate:merged 26599 edges
INFO:engine.post.parallel_aff_agglomerate:Agglomerating in block [4592:6640, 2544:4592, 23024:25072] (2048, 2048, 2048) with context of [4464:6768, 2416:4720, 22896:25200] (2304, 2304, 2304)
INFO:engine.post.parallel_aff_agglomerate:did not merge (7700744692, 9512683851)
INFO:engine.post.parallel_aff_agglomerate:did not merge (7700744692, 9512683873)
INFO:engine.post.parallel_aff_agglomerate:did not merge (6174017858, 6174017880)
INFO:engine.post.parallel_aff_agglomerate:did not merge (6174017858, 6174017881)
INFO:engine.post.parallel_aff_agglomerate:did not merge (6174017858, 7700744720)
INFO:engine.post.parallel_aff_agglomerate:did not merge (7700744636, 7700744667)
INFO:engine.post.parallel_aff_agglomerate:did not merge (6174017822, 7751075186)
INFO:engine.post.parallel_aff_agglomerate:did not merge (6174017822, 7751075663)
INFO:engine.post.parallel_aff_agglomerate:did not merge (6174017822, 7751075678)
INFO:engine.post.parallel_aff_agglomerate:did not merge (7700744691, 9512683942)
INFO:engine.post.parallel_aff_agglomerate:did not merge (7700744570, 9462351994)
INFO:engine.post.parallel_aff_agglomerate:did not merge (9479127157, 9479127839)
INFO:engine.post.parallel_aff_agglomerate:did not merge (7717519574, 7717520052)
INFO:engine.post.parallel_aff_agglomerate:did not merge (7717519574, 7717520158)
INFO:engine.post.parallel_aff_agglomerate:did not merge (7717519574, 7717520171)
INFO:engine.post.parallel_aff_agglomerate:did not merge (7717519574, 7717520189)
INFO:engine.post.parallel_aff_agglomerate:did not merge (7717520053, 7717520061)
INFO:engine.post.parallel_aff_agglomerate:did not merge (7717520053, 7717520114)
INFO:engine.post.parallel_aff_agglomerate:did not merge (7717520053, 7717520152)
INFO:engine.post.parallel_aff_agglomerate:did not merge (7717520053, 7717520276)
INFO:engine.post.parallel_aff_agglomerate:did not merge (7717520053, 7717520286)
INFO:engine.post.parallel_aff_agglomerate:did not merge (7717519835, 7717520136)
INFO:engine.post.parallel_aff_agglomerate:did not merge (7717519835, 7717520172)
INFO:engine.post.parallel_aff_agglomerate:did not merge (7717519835, 7717520285)
INFO:engine.post.parallel_aff_agglomerate:did not merge (7717520229, 7717520276)
INFO:engine.post.parallel_aff_agglomerate:did not merge (7717520229, 7717520286)
INFO:engine.post.parallel_aff_agglomerate:did not merge (7717520347, 7717520363)
INFO:engine.post.parallel_aff_agglomerate:did not merge (9479128329, 9479128350)
INFO:engine.post.parallel_aff_agglomerate:did not merge (9479128329, 9479128421)
INFO:engine.post.parallel_aff_agglomerate:did not merge (9479128339, 9479128350)
INFO:engine.post.parallel_aff_agglomerate:did not merge (9479128339, 9479128421)
INFO:engine.post.parallel_aff_agglomerate:did not merge (9479128371, 9479128448)
INFO:engine.post.parallel_aff_agglomerate:did not merge (9479128371, 9479128505)
INFO:engine.post.parallel_aff_agglomerate:did not merge (9479128371, 9479128561)
INFO:engine.post.parallel_aff_agglomerate:did not merge (7717520877, 7717520984)
INFO:engine.post.parallel_aff_agglomerate:did not merge (7717520903, 7717520932)
INFO:engine.post.parallel_aff_agglomerate:did not merge (7717520903, 7717520984)
INFO:engine.post.parallel_aff_agglomerate:did not merge (7717520339, 7717521323)
INFO:engine.post.parallel_aff_agglomerate:did not merge (6190794306, 6190794386)
INFO:engine.post.parallel_aff_agglomerate:did not merge (6190794444, 6190794561)
INFO:engine.post.parallel_aff_agglomerate:did not merge (6190794444, 6190794659)
INFO:engine.post.parallel_aff_agglomerate:did not merge (6190794444, 7767853027)
INFO:engine.post.parallel_aff_agglomerate:did not merge (6190794444, 7767853219)
INFO:engine.post.parallel_aff_agglomerate:did not merge (7717520828, 7717521131)
INFO:engine.post.parallel_aff_agglomerate:did not merge (7717521343, 7717521379)
INFO:engine.post.parallel_aff_agglomerate:did not merge (7717521463, 7717521579)
INFO:engine.post.parallel_aff_agglomerate:did not merge (7717521463, 9546236241)
INFO:engine.post.parallel_aff_agglomerate:merged 9212 edges
INFO:engine.post.parallel_aff_agglomerate:Agglomerating in block [4592:6640, 4592:6640, 4592:6640] (2048, 2048, 2048) with context of [4464:6768, 4464:6768, 4464:6768] (2304, 2304, 2304)
INFO:engine.post.parallel_aff_agglomerate:did not merge (1124076318, 1124076447)
INFO:engine.post.parallel_aff_agglomerate:did not merge (1124076238, 1124076403)
INFO:engine.post.parallel_aff_agglomerate:did not merge (1124076238, 1124076507)
INFO:engine.post.parallel_aff_agglomerate:did not merge (1124076238, 1593838250)
INFO:engine.post.parallel_aff_agglomerate:did not merge (1124076238, 1593838465)
INFO:engine.post.parallel_aff_agglomerate:did not merge (1124076313, 1124076449)
INFO:engine.post.parallel_aff_agglomerate:did not merge (452988233, 788529505)
INFO:engine.post.parallel_aff_agglomerate:did not merge (452988285, 452988319)
INFO:engine.post.parallel_aff_agglomerate:did not merge (1124076691, 1694499153)
INFO:engine.post.parallel_aff_agglomerate:did not merge (1124076430, 1124076431)
INFO:engine.post.parallel_aff_agglomerate:did not merge (1124076430, 1124076471)
INFO:engine.post.parallel_aff_agglomerate:did not merge (1124076430, 1124076485)
INFO:engine.post.parallel_aff_agglomerate:did not merge (1124076429, 1124076471)
INFO:engine.post.parallel_aff_agglomerate:did not merge (452988157, 452988319)
INFO:engine.post.parallel_aff_agglomerate:did not merge (452988188, 452988213)
INFO:engine.post.parallel_aff_agglomerate:did not merge (721420387, 721420593)
INFO:engine.post.parallel_aff_agglomerate:did not merge (721420387, 721420749)
INFO:engine.post.parallel_aff_agglomerate:did not merge (721420387, 721420844)
INFO:engine.post.parallel_aff_agglomerate:did not merge (721420387, 1073742149)
INFO:engine.post.parallel_aff_agglomerate:did not merge (721420387, 1073742279)
INFO:engine.post.parallel_aff_agglomerate:did not merge (1073742397, 1073742408)
INFO:engine.post.parallel_aff_agglomerate:did not merge (1073742470, 1073742512)
INFO:engine.post.parallel_aff_agglomerate:did not merge (1073742470, 1073742557)
INFO:engine.post.parallel_aff_agglomerate:did not merge (721420386, 721420552)
INFO:engine.post.parallel_aff_agglomerate:did not merge (721420386, 721420628)
INFO:engine.post.parallel_aff_agglomerate:did not merge (721420386, 721420677)
INFO:engine.post.parallel_aff_agglomerate:did not merge (721420386, 721420711)
INFO:engine.post.parallel_aff_agglomerate:did not merge (721420386, 721420779)
INFO:engine.post.parallel_aff_agglomerate:did not merge (721420386, 721420814)
INFO:engine.post.parallel_aff_agglomerate:did not merge (721420386, 721420815)
INFO:engine.post.parallel_aff_agglomerate:did not merge (721420386, 721420947)
INFO:engine.post.parallel_aff_agglomerate:did not merge (721420386, 721421024)
INFO:engine.post.parallel_aff_agglomerate:did not merge (721420386, 721421025)
INFO:engine.post.parallel_aff_agglomerate:did not merge (721421168, 721421254)
INFO:engine.post.parallel_aff_agglomerate:did not merge (1073742869, 1073743136)
INFO:engine.post.parallel_aff_agglomerate:did not merge (1073743180, 1073743197)
INFO:engine.post.parallel_aff_agglomerate:did not merge (1073743180, 1073743199)
INFO:engine.post.parallel_aff_agglomerate:did not merge (1073743512, 1073743523)
INFO:engine.post.parallel_aff_agglomerate:did not merge (1073743512, 1610613995)
INFO:engine.post.parallel_aff_agglomerate:did not merge (1073743855, 1073743903)
INFO:engine.post.parallel_aff_agglomerate:did not merge (721422227, 721422390)
INFO:engine.post.parallel_aff_agglomerate:did not merge (721422151, 721422288)
INFO:engine.post.parallel_aff_agglomerate:did not merge (721422801, 721422874)
INFO:engine.post.parallel_aff_agglomerate:did not merge (1073744906, 1073744924)
INFO:engine.post.parallel_aff_agglomerate:did not merge (1073744906, 1073744927)
INFO:engine.post.parallel_aff_agglomerate:did not merge (1073744906, 1073744999)
INFO:engine.post.parallel_aff_agglomerate:did not merge (721422974, 721422982)
INFO:engine.post.parallel_aff_agglomerate:did not merge (721422923, 721422958)
INFO:engine.post.parallel_aff_agglomerate:did not merge (721422923, 721423162)
INFO:engine.post.parallel_aff_agglomerate:did not merge (721422997, 1157627968)
INFO:engine.post.parallel_aff_agglomerate:did not merge (721422997, 1157628058)
INFO:engine.post.parallel_aff_agglomerate:did not merge (721423011, 1073744999)
INFO:engine.post.parallel_aff_agglomerate:merged 23319 edges
INFO:engine.post.parallel_aff_agglomerate:Agglomerating in block [4592:6640, 4592:6640, 12784:14832] (2048, 2048, 2048) with context of [4464:6768, 4464:6768, 12656:14960] (2304, 2304, 2304)
INFO:engine.post.parallel_aff_agglomerate:did not merge (2885684415, 2885684416)
INFO:engine.post.parallel_aff_agglomerate:did not merge (3808431296, 3808431327)
INFO:engine.post.parallel_aff_agglomerate:did not merge (2130709491, 2130709493)
INFO:engine.post.parallel_aff_agglomerate:did not merge (4982836373, 4982836378)
INFO:engine.post.parallel_aff_agglomerate:did not merge (4982836373, 4982836412)
INFO:engine.post.parallel_aff_agglomerate:did not merge (4982836373, 4982836460)
INFO:engine.post.parallel_aff_agglomerate:did not merge (4982836373, 4982836461)
INFO:engine.post.parallel_aff_agglomerate:did not merge (4982836373, 4982836472)
INFO:engine.post.parallel_aff_agglomerate:did not merge (4982836373, 4982836529)
INFO:engine.post.parallel_aff_agglomerate:did not merge (4982836373, 4982836576)
INFO:engine.post.parallel_aff_agglomerate:did not merge (4982836373, 4982836607)
INFO:engine.post.parallel_aff_agglomerate:did not merge (4982836373, 4982836617)
INFO:engine.post.parallel_aff_agglomerate:did not merge (4982836373, 4982836625)
INFO:engine.post.parallel_aff_agglomerate:did not merge (4982836373, 4982836626)
INFO:engine.post.parallel_aff_agglomerate:did not merge (4982836373, 4982836634)
INFO:engine.post.parallel_aff_agglomerate:did not merge (4982836373, 4982836635)
INFO:engine.post.parallel_aff_agglomerate:did not merge (4982836373, 6392119460)
INFO:engine.post.parallel_aff_agglomerate:did not merge (4982836373, 6392119547)
INFO:engine.post.parallel_aff_agglomerate:did not merge (4982836373, 6392119564)
INFO:engine.post.parallel_aff_agglomerate:did not merge (4982836373, 6392119574)
INFO:engine.post.parallel_aff_agglomerate:did not merge (4982836373, 6392119575)
INFO:engine.post.parallel_aff_agglomerate:did not merge (2130709367, 2130709481)
INFO:engine.post.parallel_aff_agglomerate:did not merge (2130709367, 2130709648)
INFO:engine.post.parallel_aff_agglomerate:did not merge (2130709367, 2885683299)
INFO:engine.post.parallel_aff_agglomerate:did not merge (3875540178, 3875540217)
INFO:engine.post.parallel_aff_agglomerate:did not merge (3875540178, 3875540317)
INFO:engine.post.parallel_aff_agglomerate:did not merge (3875540178, 3875540336)
INFO:engine.post.parallel_aff_agglomerate:did not merge (3875540178, 3875540347)
INFO:engine.post.parallel_aff_agglomerate:did not merge (3875540178, 3875540348)
INFO:engine.post.parallel_aff_agglomerate:did not merge (3875540178, 3875540509)
INFO:engine.post.parallel_aff_agglomerate:did not merge (3875540178, 5083496836)
INFO:engine.post.parallel_aff_agglomerate:did not merge (3875540178, 5083496837)
INFO:engine.post.parallel_aff_agglomerate:did not merge (1476398517, 1476398518)
INFO:engine.post.parallel_aff_agglomerate:did not merge (1476398517, 1476398567)
INFO:engine.post.parallel_aff_agglomerate:did not merge (1476398517, 1476398687)
INFO:engine.post.parallel_aff_agglomerate:did not merge (1476398517, 2080378725)
INFO:engine.post.parallel_aff_agglomerate:did not merge (1476398517, 2080379087)
INFO:engine.post.parallel_aff_agglomerate:did not merge (1476398517, 2130709648)
INFO:engine.post.parallel_aff_agglomerate:did not merge (3875540179, 3875540216)
INFO:engine.post.parallel_aff_agglomerate:did not merge (3875540179, 3875540317)
INFO:engine.post.parallel_aff_agglomerate:did not merge (3875540179, 3875540318)
INFO:engine.post.parallel_aff_agglomerate:did not merge (3875540179, 3875540336)
INFO:engine.post.parallel_aff_agglomerate:did not merge (3875540072, 3875540158)
INFO:engine.post.parallel_aff_agglomerate:did not merge (3875540072, 3875540180)
INFO:engine.post.parallel_aff_agglomerate:did not merge (3875540072, 3875540218)
INFO:engine.post.parallel_aff_agglomerate:did not merge (3875540072, 3875540337)
INFO:engine.post.parallel_aff_agglomerate:did not merge (3875540072, 3875540361)
INFO:engine.post.parallel_aff_agglomerate:did not merge (2080378876, 2080378948)
INFO:engine.post.parallel_aff_agglomerate:did not merge (2080378876, 2080379087)
INFO:engine.post.parallel_aff_agglomerate:did not merge (2835353088, 3825205443)
INFO:engine.post.parallel_aff_agglomerate:did not merge (3875540196, 3875540216)
INFO:engine.post.parallel_aff_agglomerate:did not merge (3875540196, 3875540317)
INFO:engine.post.parallel_aff_agglomerate:did not merge (3875540196, 3875540318)
INFO:engine.post.parallel_aff_agglomerate:did not merge (3875540196, 3875540336)
INFO:engine.post.parallel_aff_agglomerate:did not merge (3875540196, 3875540338)
INFO:engine.post.parallel_aff_agglomerate:did not merge (3875540196, 3875540347)
INFO:engine.post.parallel_aff_agglomerate:did not merge (3875540196, 3875540349)
INFO:engine.post.parallel_aff_agglomerate:did not merge (3875540196, 3875540415)
INFO:engine.post.parallel_aff_agglomerate:did not merge (3875540196, 5083496838)
INFO:engine.post.parallel_aff_agglomerate:did not merge (2130709666, 2130709772)
INFO:engine.post.parallel_aff_agglomerate:did not merge (3875540315, 3875540317)
INFO:engine.post.parallel_aff_agglomerate:did not merge (2130709647, 2130709648)
INFO:engine.post.parallel_aff_agglomerate:did not merge (2130709735, 2130709772)
INFO:engine.post.parallel_aff_agglomerate:did not merge (2130709735, 2130709787)
INFO:engine.post.parallel_aff_agglomerate:did not merge (3875540316, 3875540317)
INFO:engine.post.parallel_aff_agglomerate:did not merge (3875540314, 3875540317)
INFO:engine.post.parallel_aff_agglomerate:did not merge (3875540314, 3875540336)
INFO:engine.post.parallel_aff_agglomerate:did not merge (2902458851, 2902458932)
INFO:engine.post.parallel_aff_agglomerate:did not merge (2902458862, 2902458932)
INFO:engine.post.parallel_aff_agglomerate:did not merge (2902458863, 2902458987)
INFO:engine.post.parallel_aff_agglomerate:did not merge (2902458863, 2902459015)
INFO:engine.post.parallel_aff_agglomerate:did not merge (2902458878, 2902458932)
INFO:engine.post.parallel_aff_agglomerate:did not merge (2147483966, 2147484016)
INFO:engine.post.parallel_aff_agglomerate:did not merge (2902458642, 2902458741)
INFO:engine.post.parallel_aff_agglomerate:did not merge (2902458642, 2902458849)
INFO:engine.post.parallel_aff_agglomerate:did not merge (2147484409, 2147484434)
INFO:engine.post.parallel_aff_agglomerate:did not merge (2902459550, 2902459597)
INFO:engine.post.parallel_aff_agglomerate:did not merge (2902459888, 2902460083)
INFO:engine.post.parallel_aff_agglomerate:did not merge (2902460060, 2902460083)
INFO:engine.post.parallel_aff_agglomerate:did not merge (2902458501, 2902459014)
INFO:engine.post.parallel_aff_agglomerate:did not merge (2902458501, 2902459054)
INFO:engine.post.parallel_aff_agglomerate:did not merge (2902458501, 2902459092)
INFO:engine.post.parallel_aff_agglomerate:did not merge (2902458501, 2902459114)
INFO:engine.post.parallel_aff_agglomerate:did not merge (2902458501, 2902459597)
INFO:engine.post.parallel_aff_agglomerate:did not merge (2902458501, 2902459875)
INFO:engine.post.parallel_aff_agglomerate:did not merge (2902458501, 2902460012)
INFO:engine.post.parallel_aff_agglomerate:did not merge (2902458501, 2902460083)
INFO:engine.post.parallel_aff_agglomerate:did not merge (2902458501, 2902460219)
INFO:engine.post.parallel_aff_agglomerate:did not merge (2902458501, 2902460228)
INFO:engine.post.parallel_aff_agglomerate:did not merge (2902458501, 2902460361)
INFO:engine.post.parallel_aff_agglomerate:did not merge (2902458501, 2902460511)
INFO:engine.post.parallel_aff_agglomerate:did not merge (2902458501, 2902460664)
INFO:engine.post.parallel_aff_agglomerate:did not merge (2902460599, 2902460607)
INFO:engine.post.parallel_aff_agglomerate:did not merge (2902460651, 2902460728)
INFO:engine.post.parallel_aff_agglomerate:did not merge (2902460651, 2902460729)
INFO:engine.post.parallel_aff_agglomerate:did not merge (2902460651, 2902460917)
INFO:engine.post.parallel_aff_agglomerate:did not merge (2902461228, 2902461411)
INFO:engine.post.parallel_aff_agglomerate:did not merge (2902461827, 2902462005)
INFO:engine.post.parallel_aff_agglomerate:did not merge (2902461827, 3909091795)
INFO:engine.post.parallel_aff_agglomerate:did not merge (2902461914, 2902461932)
INFO:engine.post.parallel_aff_agglomerate:did not merge (2902461914, 3909091854)
INFO:engine.post.parallel_aff_agglomerate:merged 24308 edges
INFO:engine.post.parallel_aff_agglomerate:Agglomerating in block [4592:6640, 4592:6640, 23024:25072] (2048, 2048, 2048) with context of [4464:6768, 4464:6768, 22896:25200] (2304, 2304, 2304)
INFO:engine.post.parallel_aff_agglomerate:did not merge (7700744692, 9512683851)
INFO:engine.post.parallel_aff_agglomerate:did not merge (7700744692, 9512683873)
INFO:engine.post.parallel_aff_agglomerate:did not merge (11525949697, 11525949698)
INFO:engine.post.parallel_aff_agglomerate:did not merge (11525949697, 11525949740)
INFO:engine.post.parallel_aff_agglomerate:did not merge (9512683779, 9512683846)
INFO:engine.post.parallel_aff_agglomerate:did not merge (7751075864, 7751075880)
INFO:engine.post.parallel_aff_agglomerate:did not merge (7751075864, 7751075964)
INFO:engine.post.parallel_aff_agglomerate:did not merge (7751075864, 9579790400)
INFO:engine.post.parallel_aff_agglomerate:did not merge (9512683844, 9512683846)
INFO:engine.post.parallel_aff_agglomerate:did not merge (9512683844, 9512683862)
INFO:engine.post.parallel_aff_agglomerate:did not merge (7751075986, 7751076307)
INFO:engine.post.parallel_aff_agglomerate:did not merge (7751075974, 7751076307)
INFO:engine.post.parallel_aff_agglomerate:did not merge (11525949769, 13891534923)
INFO:engine.post.parallel_aff_agglomerate:did not merge (7751075948, 7751075964)
INFO:engine.post.parallel_aff_agglomerate:did not merge (9529459265, 9529459339)
INFO:engine.post.parallel_aff_agglomerate:did not merge (9529459336, 9529459339)
INFO:engine.post.parallel_aff_agglomerate:did not merge (7767851580, 7767851584)
INFO:engine.post.parallel_aff_agglomerate:did not merge (7767851580, 7767851863)
INFO:engine.post.parallel_aff_agglomerate:did not merge (7767851580, 7767851864)
INFO:engine.post.parallel_aff_agglomerate:did not merge (7767851580, 7767851871)
INFO:engine.post.parallel_aff_agglomerate:did not merge (9529459379, 9529459461)
INFO:engine.post.parallel_aff_agglomerate:did not merge (9529459713, 9529459752)
INFO:engine.post.parallel_aff_agglomerate:did not merge (9529459713, 9529459767)
INFO:engine.post.parallel_aff_agglomerate:did not merge (9529459769, 9529459835)
INFO:engine.post.parallel_aff_agglomerate:did not merge (7767852153, 7767852275)
INFO:engine.post.parallel_aff_agglomerate:did not merge (11542725890, 11542725948)
INFO:engine.post.parallel_aff_agglomerate:did not merge (11542725890, 11542725970)
INFO:engine.post.parallel_aff_agglomerate:did not merge (11542725890, 13891536138)
INFO:engine.post.parallel_aff_agglomerate:did not merge (9529460041, 9529460128)
INFO:engine.post.parallel_aff_agglomerate:did not merge (9529460041, 9529460183)
INFO:engine.post.parallel_aff_agglomerate:did not merge (9529459573, 9529459752)
INFO:engine.post.parallel_aff_agglomerate:did not merge (9529459573, 9529459760)
INFO:engine.post.parallel_aff_agglomerate:did not merge (9529459573, 9529459766)
INFO:engine.post.parallel_aff_agglomerate:did not merge (9529459573, 9529459774)
INFO:engine.post.parallel_aff_agglomerate:did not merge (9529459573, 9529459784)
INFO:engine.post.parallel_aff_agglomerate:did not merge (9529459573, 9529460659)
INFO:engine.post.parallel_aff_agglomerate:did not merge (9529459573, 11626611077)
INFO:engine.post.parallel_aff_agglomerate:did not merge (11542726069, 11542726102)
INFO:engine.post.parallel_aff_agglomerate:did not merge (7767852331, 7767852885)
INFO:engine.post.parallel_aff_agglomerate:did not merge (7767852331, 9596570606)
INFO:engine.post.parallel_aff_agglomerate:did not merge (9529460235, 9529460244)
INFO:engine.post.parallel_aff_agglomerate:did not merge (9529460332, 9529460358)
INFO:engine.post.parallel_aff_agglomerate:did not merge (9529460332, 9529460375)
INFO:engine.post.parallel_aff_agglomerate:did not merge (9529460332, 9529460448)
INFO:engine.post.parallel_aff_agglomerate:did not merge (9529460332, 9529460491)
INFO:engine.post.parallel_aff_agglomerate:did not merge (9529460332, 9529460599)
INFO:engine.post.parallel_aff_agglomerate:merged 11411 edges
INFO:engine.post.parallel_aff_agglomerate:Agglomerating in block [4592:6640, 6640:8688, 4592:6640] (2048, 2048, 2048) with context of [4464:6768, 6512:8816, 4464:6768] (2304, 2304, 2304)
INFO:engine.post.parallel_aff_agglomerate:did not merge (1124076164, 1593838242)
INFO:engine.post.parallel_aff_agglomerate:did not merge (1677722034, 1677722136)
INFO:engine.post.parallel_aff_agglomerate:did not merge (1677722034, 1677722146)
INFO:engine.post.parallel_aff_agglomerate:did not merge (1124076238, 1593838250)
INFO:engine.post.parallel_aff_agglomerate:did not merge (2281702285, 2281702328)
INFO:engine.post.parallel_aff_agglomerate:did not merge (1593838575, 1593838576)
INFO:engine.post.parallel_aff_agglomerate:did not merge (1677722167, 1677722206)
INFO:engine.post.parallel_aff_agglomerate:did not merge (1593838606, 1593838627)
INFO:engine.post.parallel_aff_agglomerate:did not merge (1593838606, 1593838671)
INFO:engine.post.parallel_aff_agglomerate:did not merge (1593838606, 1593838753)
INFO:engine.post.parallel_aff_agglomerate:did not merge (1593838606, 2298478790)
INFO:engine.post.parallel_aff_agglomerate:did not merge (1124076377, 1593838290)
INFO:engine.post.parallel_aff_agglomerate:did not merge (1677722186, 1677722216)
INFO:engine.post.parallel_aff_agglomerate:did not merge (1677722186, 2399141975)
INFO:engine.post.parallel_aff_agglomerate:did not merge (1593838616, 1593838679)
INFO:engine.post.parallel_aff_agglomerate:did not merge (1593838616, 1593838680)
INFO:engine.post.parallel_aff_agglomerate:did not merge (1593838616, 1593838697)
INFO:engine.post.parallel_aff_agglomerate:did not merge (1593838667, 1593838753)
INFO:engine.post.parallel_aff_agglomerate:did not merge (1593838692, 1593838746)
INFO:engine.post.parallel_aff_agglomerate:did not merge (1593838706, 1593838753)
INFO:engine.post.parallel_aff_agglomerate:did not merge (1140851013, 1140851038)
INFO:engine.post.parallel_aff_agglomerate:did not merge (1140851368, 1140851404)
INFO:engine.post.parallel_aff_agglomerate:did not merge (1140851368, 1140851412)
INFO:engine.post.parallel_aff_agglomerate:did not merge (1140851368, 1140851538)
INFO:engine.post.parallel_aff_agglomerate:did not merge (1140851368, 1140851609)
INFO:engine.post.parallel_aff_agglomerate:did not merge (1140851368, 1140851684)
INFO:engine.post.parallel_aff_agglomerate:did not merge (1140851488, 1140851634)
INFO:engine.post.parallel_aff_agglomerate:did not merge (1140852362, 1140852417)
INFO:engine.post.parallel_aff_agglomerate:did not merge (1140852362, 1140852431)
INFO:engine.post.parallel_aff_agglomerate:did not merge (1140852573, 1140852591)
INFO:engine.post.parallel_aff_agglomerate:did not merge (1140852573, 1140852685)
INFO:engine.post.parallel_aff_agglomerate:did not merge (1140852573, 1140852704)
INFO:engine.post.parallel_aff_agglomerate:did not merge (1140852573, 1140852749)
INFO:engine.post.parallel_aff_agglomerate:did not merge (1140852573, 1140852889)
INFO:engine.post.parallel_aff_agglomerate:did not merge (1140852574, 1140852649)
INFO:engine.post.parallel_aff_agglomerate:did not merge (1140852574, 1140852650)
INFO:engine.post.parallel_aff_agglomerate:did not merge (1140850760, 1140850969)
INFO:engine.post.parallel_aff_agglomerate:did not merge (1140850760, 1140852160)
INFO:engine.post.parallel_aff_agglomerate:did not merge (1140850760, 1140852301)
INFO:engine.post.parallel_aff_agglomerate:did not merge (1140850760, 1140852389)
INFO:engine.post.parallel_aff_agglomerate:did not merge (1140850760, 1140852402)
INFO:engine.post.parallel_aff_agglomerate:did not merge (1140850760, 1140852416)
INFO:engine.post.parallel_aff_agglomerate:did not merge (1140850760, 1140852431)
INFO:engine.post.parallel_aff_agglomerate:did not merge (1140850760, 1140852538)
INFO:engine.post.parallel_aff_agglomerate:did not merge (1140850760, 1140852547)
INFO:engine.post.parallel_aff_agglomerate:did not merge (1140850760, 1140852572)
INFO:engine.post.parallel_aff_agglomerate:did not merge (1140850760, 1140852581)
INFO:engine.post.parallel_aff_agglomerate:did not merge (1140850760, 1140852590)
INFO:engine.post.parallel_aff_agglomerate:did not merge (1140850760, 1140852632)
INFO:engine.post.parallel_aff_agglomerate:did not merge (1140850760, 1140852728)
INFO:engine.post.parallel_aff_agglomerate:did not merge (1140850760, 1140852770)
INFO:engine.post.parallel_aff_agglomerate:did not merge (1140850760, 1140852837)
INFO:engine.post.parallel_aff_agglomerate:did not merge (1140850760, 1140852839)
INFO:engine.post.parallel_aff_agglomerate:did not merge (1140850760, 1140852853)
INFO:engine.post.parallel_aff_agglomerate:did not merge (1140850760, 1140852863)
INFO:engine.post.parallel_aff_agglomerate:did not merge (1140850760, 1140852874)
INFO:engine.post.parallel_aff_agglomerate:did not merge (1140850760, 1140852876)
INFO:engine.post.parallel_aff_agglomerate:did not merge (1140850760, 1140852911)
INFO:engine.post.parallel_aff_agglomerate:did not merge (1140850760, 1140852936)
INFO:engine.post.parallel_aff_agglomerate:did not merge (1140850760, 1140853005)
INFO:engine.post.parallel_aff_agglomerate:did not merge (1140850760, 1140853381)
INFO:engine.post.parallel_aff_agglomerate:did not merge (1140850760, 1610614698)
INFO:engine.post.parallel_aff_agglomerate:did not merge (1140850760, 1610615164)
INFO:engine.post.parallel_aff_agglomerate:did not merge (1140850760, 1610615457)
INFO:engine.post.parallel_aff_agglomerate:did not merge (1140852705, 1140852749)
INFO:engine.post.parallel_aff_agglomerate:did not merge (788531464, 788531476)
INFO:engine.post.parallel_aff_agglomerate:did not merge (1140852751, 1140852838)
INFO:engine.post.parallel_aff_agglomerate:did not merge (1140852751, 1140852938)
INFO:engine.post.parallel_aff_agglomerate:did not merge (1140852670, 1140852715)
INFO:engine.post.parallel_aff_agglomerate:did not merge (1140852952, 1140853044)
INFO:engine.post.parallel_aff_agglomerate:did not merge (1140853215, 1140853226)
INFO:engine.post.parallel_aff_agglomerate:did not merge (1140853215, 1140853290)
INFO:engine.post.parallel_aff_agglomerate:did not merge (1140853215, 1140853351)
INFO:engine.post.parallel_aff_agglomerate:did not merge (1140853259, 1140853491)
INFO:engine.post.parallel_aff_agglomerate:did not merge (1140853528, 1140853576)
INFO:engine.post.parallel_aff_agglomerate:did not merge (788532442, 788532490)
INFO:engine.post.parallel_aff_agglomerate:did not merge (1140853550, 1140853576)
INFO:engine.post.parallel_aff_agglomerate:did not merge (1140853592, 1140853642)
INFO:engine.post.parallel_aff_agglomerate:did not merge (1140853592, 1140853659)
INFO:engine.post.parallel_aff_agglomerate:did not merge (1140853592, 1140853660)
INFO:engine.post.parallel_aff_agglomerate:did not merge (1140853592, 1140853826)
INFO:engine.post.parallel_aff_agglomerate:did not merge (1140853592, 1140853924)
INFO:engine.post.parallel_aff_agglomerate:did not merge (1140853730, 1140853747)
INFO:engine.post.parallel_aff_agglomerate:did not merge (1140853714, 1140853747)
INFO:engine.post.parallel_aff_agglomerate:did not merge (1140853714, 1140853762)
INFO:engine.post.parallel_aff_agglomerate:did not merge (1140853714, 1140853881)
INFO:engine.post.parallel_aff_agglomerate:did not merge (1140853925, 1140854190)
INFO:engine.post.parallel_aff_agglomerate:did not merge (1140853925, 1711276553)
INFO:engine.post.parallel_aff_agglomerate:did not merge (1140853951, 1140854049)
INFO:engine.post.parallel_aff_agglomerate:did not merge (1140854066, 1140854101)
INFO:engine.post.parallel_aff_agglomerate:merged 20003 edges
INFO:engine.post.parallel_aff_agglomerate:Agglomerating in block [4592:6640, 6640:8688, 14832:16880] (2048, 2048, 2048) with context of [4464:6768, 6512:8816, 14704:17008] (2304, 2304, 2304)
INFO:engine.post.parallel_aff_agglomerate:did not merge (4915726590, 4915726604)
INFO:engine.post.parallel_aff_agglomerate:did not merge (4982836373, 4982836378)
INFO:engine.post.parallel_aff_agglomerate:did not merge (4982836373, 4982836412)
INFO:engine.post.parallel_aff_agglomerate:did not merge (4982836373, 4982836460)
INFO:engine.post.parallel_aff_agglomerate:did not merge (4982836373, 4982836461)
INFO:engine.post.parallel_aff_agglomerate:did not merge (3875539748, 3875539793)
INFO:engine.post.parallel_aff_agglomerate:did not merge (3875539748, 3875539811)
INFO:engine.post.parallel_aff_agglomerate:did not merge (3875539915, 3875540053)
INFO:engine.post.parallel_aff_agglomerate:did not merge (3875539915, 3875540070)
INFO:engine.post.parallel_aff_agglomerate:did not merge (3875539915, 3875540112)
INFO:engine.post.parallel_aff_agglomerate:did not merge (3875540018, 3875540028)
INFO:engine.post.parallel_aff_agglomerate:did not merge (3875540018, 3875540038)
INFO:engine.post.parallel_aff_agglomerate:did not merge (3875540018, 3875540053)
INFO:engine.post.parallel_aff_agglomerate:did not merge (3875540018, 3875540070)
INFO:engine.post.parallel_aff_agglomerate:did not merge (3875540018, 3875540257)
INFO:engine.post.parallel_aff_agglomerate:did not merge (3875540018, 3875540267)
INFO:engine.post.parallel_aff_agglomerate:did not merge (3875540018, 3875540297)
INFO:engine.post.parallel_aff_agglomerate:did not merge (3875540018, 3875540383)
INFO:engine.post.parallel_aff_agglomerate:did not merge (3875540018, 3875540385)
INFO:engine.post.parallel_aff_agglomerate:did not merge (3875540018, 4982836370)
INFO:engine.post.parallel_aff_agglomerate:did not merge (3875540018, 4982836455)
INFO:engine.post.parallel_aff_agglomerate:did not merge (3875540161, 4982836527)
INFO:engine.post.parallel_aff_agglomerate:did not merge (5066720130, 5066720150)
INFO:engine.post.parallel_aff_agglomerate:did not merge (3875540250, 3875540509)
INFO:engine.post.parallel_aff_agglomerate:did not merge (3875540250, 4982836378)
INFO:engine.post.parallel_aff_agglomerate:did not merge (3875540250, 5083496999)
INFO:engine.post.parallel_aff_agglomerate:did not merge (6375343215, 6375343229)
INFO:engine.post.parallel_aff_agglomerate:did not merge (2885684525, 2885684579)
INFO:engine.post.parallel_aff_agglomerate:did not merge (3808431483, 4982836270)
INFO:engine.post.parallel_aff_agglomerate:did not merge (3808431483, 4999610439)
INFO:engine.post.parallel_aff_agglomerate:did not merge (3875540229, 3875540244)
INFO:engine.post.parallel_aff_agglomerate:did not merge (3875540229, 3875540259)
INFO:engine.post.parallel_aff_agglomerate:did not merge (3875540229, 3875540486)
INFO:engine.post.parallel_aff_agglomerate:did not merge (3875540229, 5066720150)
INFO:engine.post.parallel_aff_agglomerate:did not merge (3875540229, 5066720160)
INFO:engine.post.parallel_aff_agglomerate:did not merge (3875540229, 5083496748)
INFO:engine.post.parallel_aff_agglomerate:did not merge (3808431205, 3808431272)
INFO:engine.post.parallel_aff_agglomerate:did not merge (3808431205, 3808431278)
INFO:engine.post.parallel_aff_agglomerate:did not merge (3808431205, 3808431308)
INFO:engine.post.parallel_aff_agglomerate:did not merge (3808431205, 4999610624)
INFO:engine.post.parallel_aff_agglomerate:did not merge (3808431205, 4999610630)
INFO:engine.post.parallel_aff_agglomerate:did not merge (3808431205, 4999610660)
INFO:engine.post.parallel_aff_agglomerate:did not merge (3808431321, 3808431348)
INFO:engine.post.parallel_aff_agglomerate:did not merge (2885684393, 2885684592)
INFO:engine.post.parallel_aff_agglomerate:did not merge (2885684393, 2885684676)
INFO:engine.post.parallel_aff_agglomerate:did not merge (2885684393, 3892314571)
INFO:engine.post.parallel_aff_agglomerate:did not merge (3875540460, 3875540486)
INFO:engine.post.parallel_aff_agglomerate:did not merge (2885684661, 2885684662)
INFO:engine.post.parallel_aff_agglomerate:did not merge (4999610557, 4999610624)
INFO:engine.post.parallel_aff_agglomerate:did not merge (4999610557, 4999610630)
INFO:engine.post.parallel_aff_agglomerate:did not merge (4999610557, 4999610660)
INFO:engine.post.parallel_aff_agglomerate:did not merge (4999610480, 4999610591)
INFO:engine.post.parallel_aff_agglomerate:did not merge (4999610480, 4999610642)
INFO:engine.post.parallel_aff_agglomerate:did not merge (4999610480, 4999610685)
INFO:engine.post.parallel_aff_agglomerate:did not merge (4999610480, 4999610701)
INFO:engine.post.parallel_aff_agglomerate:did not merge (4999610480, 4999610710)
INFO:engine.post.parallel_aff_agglomerate:did not merge (3892314235, 3892314421)
INFO:engine.post.parallel_aff_agglomerate:did not merge (3892314235, 3892314571)
INFO:engine.post.parallel_aff_agglomerate:did not merge (6308233497, 6308233593)
INFO:engine.post.parallel_aff_agglomerate:did not merge (6308233497, 7918846212)
INFO:engine.post.parallel_aff_agglomerate:did not merge (4999611063, 4999611070)
INFO:engine.post.parallel_aff_agglomerate:did not merge (4999611081, 4999611126)
INFO:engine.post.parallel_aff_agglomerate:did not merge (3892315864, 3892316017)
INFO:engine.post.parallel_aff_agglomerate:did not merge (3892315864, 3892316026)
INFO:engine.post.parallel_aff_agglomerate:did not merge (3892315864, 3892316095)
INFO:engine.post.parallel_aff_agglomerate:did not merge (4999611487, 4999611673)
INFO:engine.post.parallel_aff_agglomerate:did not merge (3892316241, 3892316341)
INFO:engine.post.parallel_aff_agglomerate:did not merge (3892316113, 3892316275)
INFO:engine.post.parallel_aff_agglomerate:did not merge (3892316113, 3892316341)
INFO:engine.post.parallel_aff_agglomerate:did not merge (3892316113, 3892316363)
INFO:engine.post.parallel_aff_agglomerate:did not merge (4999611852, 4999611897)
INFO:engine.post.parallel_aff_agglomerate:did not merge (3892316726, 3892316740)
INFO:engine.post.parallel_aff_agglomerate:did not merge (3892316726, 3892316795)
INFO:engine.post.parallel_aff_agglomerate:did not merge (4999612257, 4999612362)
INFO:engine.post.parallel_aff_agglomerate:did not merge (4999612257, 4999612418)
INFO:engine.post.parallel_aff_agglomerate:merged 13794 edges
INFO:engine.post.parallel_aff_agglomerate:Agglomerating in block [4592:6640, 6640:8688, 25072:27120] (2048, 2048, 2048) with context of [4464:6768, 6512:8816, 24944:27248] (2304, 2304, 2304)
INFO:engine.post.parallel_aff_agglomerate:did not merge (16441674823, 16441674961)
INFO:engine.post.parallel_aff_agglomerate:did not merge (16441674823, 16441675045)
INFO:engine.post.parallel_aff_agglomerate:did not merge (11593058455, 13975420961)
INFO:engine.post.parallel_aff_agglomerate:did not merge (13874759705, 16525558302)
INFO:engine.post.parallel_aff_agglomerate:did not merge (11593058420, 11593058439)
INFO:engine.post.parallel_aff_agglomerate:did not merge (11593058420, 11593058820)
INFO:engine.post.parallel_aff_agglomerate:did not merge (13891535094, 13891535141)
INFO:engine.post.parallel_aff_agglomerate:did not merge (13891535037, 13891535188)
INFO:engine.post.parallel_aff_agglomerate:did not merge (16458449603, 16458449676)
INFO:engine.post.parallel_aff_agglomerate:did not merge (16458449603, 16458449739)
INFO:engine.post.parallel_aff_agglomerate:did not merge (13891535250, 13891535294)
INFO:engine.post.parallel_aff_agglomerate:did not merge (13891535284, 13891535303)
INFO:engine.post.parallel_aff_agglomerate:did not merge (13891535426, 13891535606)
INFO:engine.post.parallel_aff_agglomerate:did not merge (13891535807, 13891535930)
INFO:engine.post.parallel_aff_agglomerate:did not merge (13891535984, 13891535989)
INFO:engine.post.parallel_aff_agglomerate:did not merge (13891536016, 13891536023)
INFO:engine.post.parallel_aff_agglomerate:did not merge (13891536016, 13891536073)
INFO:engine.post.parallel_aff_agglomerate:did not merge (13891536290, 13891536302)
INFO:engine.post.parallel_aff_agglomerate:did not merge (11609835359, 11609835369)
INFO:engine.post.parallel_aff_agglomerate:did not merge (13891536153, 13891536302)
INFO:engine.post.parallel_aff_agglomerate:did not merge (13891536153, 13891536307)
INFO:engine.post.parallel_aff_agglomerate:did not merge (13891536153, 13891536386)
INFO:engine.post.parallel_aff_agglomerate:did not merge (13891536153, 13891536565)
INFO:engine.post.parallel_aff_agglomerate:did not merge (13891536153, 13891536566)
INFO:engine.post.parallel_aff_agglomerate:did not merge (13891536204, 16559112275)
INFO:engine.post.parallel_aff_agglomerate:did not merge (13891536523, 13891536623)
INFO:engine.post.parallel_aff_agglomerate:did not merge (13891536523, 13891536682)
INFO:engine.post.parallel_aff_agglomerate:did not merge (16458451419, 16458451613)
INFO:engine.post.parallel_aff_agglomerate:did not merge (16458451419, 16458451834)
INFO:engine.post.parallel_aff_agglomerate:did not merge (13891536624, 13891536807)
INFO:engine.post.parallel_aff_agglomerate:did not merge (13891536397, 13891536677)
INFO:engine.post.parallel_aff_agglomerate:did not merge (13891536397, 13891536682)
INFO:engine.post.parallel_aff_agglomerate:did not merge (13891536397, 16458451105)
INFO:engine.post.parallel_aff_agglomerate:did not merge (13891536397, 16458451613)
INFO:engine.post.parallel_aff_agglomerate:did not merge (13891536397, 16458451834)
INFO:engine.post.parallel_aff_agglomerate:did not merge (13891536397, 16559112450)
INFO:engine.post.parallel_aff_agglomerate:merged 10302 edges
INFO:engine.post.parallel_aff_agglomerate:Agglomerating in block [4592:6640, 8688:9104, 8688:10736] (2048, 416, 2048) with context of [4464:6768, 8560:9232, 8560:10864] (2304, 672, 2304)
INFO:engine.post.parallel_aff_agglomerate:did not merge (3036676957, 3959423991)
INFO:engine.post.parallel_aff_agglomerate:did not merge (3959424084, 3959424121)
INFO:engine.post.parallel_aff_agglomerate:did not merge (3959424084, 3959424124)
INFO:engine.post.parallel_aff_agglomerate:did not merge (3959424084, 3959424128)
INFO:engine.post.parallel_aff_agglomerate:did not merge (3959424084, 3959424134)
INFO:engine.post.parallel_aff_agglomerate:did not merge (3036676978, 3959424027)
INFO:engine.post.parallel_aff_agglomerate:did not merge (3959424122, 3959424128)
INFO:engine.post.parallel_aff_agglomerate:did not merge (2197818107, 2197818155)
INFO:engine.post.parallel_aff_agglomerate:did not merge (2197818107, 2197818173)
INFO:engine.post.parallel_aff_agglomerate:did not merge (2197818107, 2197818187)
INFO:engine.post.parallel_aff_agglomerate:did not merge (2197818258, 2952793516)
INFO:engine.post.parallel_aff_agglomerate:did not merge (2197818258, 3053453712)
INFO:engine.post.parallel_aff_agglomerate:did not merge (2197818258, 3053453728)
INFO:engine.post.parallel_aff_agglomerate:did not merge (3053453604, 3053453670)
INFO:engine.post.parallel_aff_agglomerate:did not merge (3053453604, 3053453684)
INFO:engine.post.parallel_aff_agglomerate:did not merge (3053454515, 3053454657)
INFO:engine.post.parallel_aff_agglomerate:did not merge (3053454528, 3053454541)
INFO:engine.post.parallel_aff_agglomerate:did not merge (3053454593, 3053454657)
INFO:engine.post.parallel_aff_agglomerate:did not merge (3053454688, 3053454763)
INFO:engine.post.parallel_aff_agglomerate:did not merge (3053454711, 3053454746)
INFO:engine.post.parallel_aff_agglomerate:did not merge (3053454711, 3053454764)
INFO:engine.post.parallel_aff_agglomerate:did not merge (3053454725, 3053454791)
INFO:engine.post.parallel_aff_agglomerate:did not merge (3053454725, 3053454816)
INFO:engine.post.parallel_aff_agglomerate:did not merge (3053454725, 3053454831)
INFO:engine.post.parallel_aff_agglomerate:did not merge (3053454725, 3053454832)
INFO:engine.post.parallel_aff_agglomerate:did not merge (3053454725, 3053454864)
INFO:engine.post.parallel_aff_agglomerate:did not merge (3053454817, 3053454857)
INFO:engine.post.parallel_aff_agglomerate:did not merge (3053454953, 3053455205)
INFO:engine.post.parallel_aff_agglomerate:did not merge (3053455063, 3053455075)
INFO:engine.post.parallel_aff_agglomerate:did not merge (3053455096, 3053455126)
INFO:engine.post.parallel_aff_agglomerate:did not merge (3154116966, 3154117015)
INFO:engine.post.parallel_aff_agglomerate:did not merge (3053455237, 3053455380)
INFO:engine.post.parallel_aff_agglomerate:did not merge (3053453401, 3053453712)
INFO:engine.post.parallel_aff_agglomerate:did not merge (3053453401, 3053453728)
INFO:engine.post.parallel_aff_agglomerate:did not merge (3053453401, 3053454626)
INFO:engine.post.parallel_aff_agglomerate:did not merge (3053453401, 3053454791)
INFO:engine.post.parallel_aff_agglomerate:did not merge (3053453401, 3053454816)
INFO:engine.post.parallel_aff_agglomerate:did not merge (3053453401, 3053454830)
INFO:engine.post.parallel_aff_agglomerate:did not merge (3053453401, 3053454831)
INFO:engine.post.parallel_aff_agglomerate:did not merge (3053453401, 3053454832)
INFO:engine.post.parallel_aff_agglomerate:did not merge (3053453401, 3053454843)
INFO:engine.post.parallel_aff_agglomerate:did not merge (3053453401, 3053454845)
INFO:engine.post.parallel_aff_agglomerate:did not merge (3053453401, 3053454864)
INFO:engine.post.parallel_aff_agglomerate:did not merge (3053453401, 3053454970)
INFO:engine.post.parallel_aff_agglomerate:did not merge (3053453401, 3053454985)
INFO:engine.post.parallel_aff_agglomerate:did not merge (3053453401, 3053454992)
INFO:engine.post.parallel_aff_agglomerate:did not merge (3053453401, 3053455011)
INFO:engine.post.parallel_aff_agglomerate:did not merge (3053453401, 3053455012)
INFO:engine.post.parallel_aff_agglomerate:did not merge (3053453401, 3053455040)
INFO:engine.post.parallel_aff_agglomerate:did not merge (3053453401, 3053455043)
INFO:engine.post.parallel_aff_agglomerate:did not merge (3053453401, 3053455057)
INFO:engine.post.parallel_aff_agglomerate:did not merge (3053453401, 3053455071)
INFO:engine.post.parallel_aff_agglomerate:did not merge (3053453401, 3053455072)
INFO:engine.post.parallel_aff_agglomerate:did not merge (3053453401, 3053455086)
INFO:engine.post.parallel_aff_agglomerate:did not merge (3053453401, 3053455087)
INFO:engine.post.parallel_aff_agglomerate:did not merge (3053453401, 3053455113)
INFO:engine.post.parallel_aff_agglomerate:did not merge (3053453401, 3053455126)
INFO:engine.post.parallel_aff_agglomerate:did not merge (3053453401, 3053455180)
INFO:engine.post.parallel_aff_agglomerate:did not merge (3053453401, 3053455204)
INFO:engine.post.parallel_aff_agglomerate:did not merge (3053453401, 3053455205)
INFO:engine.post.parallel_aff_agglomerate:did not merge (3053453401, 3053455221)
INFO:engine.post.parallel_aff_agglomerate:did not merge (3053453401, 3053455222)
INFO:engine.post.parallel_aff_agglomerate:did not merge (3053453401, 3053455225)
INFO:engine.post.parallel_aff_agglomerate:did not merge (3053453401, 3053455227)
INFO:engine.post.parallel_aff_agglomerate:did not merge (3053453401, 3053455233)
INFO:engine.post.parallel_aff_agglomerate:did not merge (3053453401, 3053455246)
INFO:engine.post.parallel_aff_agglomerate:did not merge (3053453401, 3053455248)
INFO:engine.post.parallel_aff_agglomerate:did not merge (3053453401, 3053455284)
INFO:engine.post.parallel_aff_agglomerate:did not merge (3053453401, 3053455309)
INFO:engine.post.parallel_aff_agglomerate:did not merge (3053453401, 3053455310)
INFO:engine.post.parallel_aff_agglomerate:did not merge (3053453401, 3053455336)
INFO:engine.post.parallel_aff_agglomerate:did not merge (3053453401, 3053455344)
INFO:engine.post.parallel_aff_agglomerate:did not merge (3053453401, 3053455367)
INFO:engine.post.parallel_aff_agglomerate:did not merge (3053453401, 3053455398)
INFO:engine.post.parallel_aff_agglomerate:did not merge (3053453401, 3053455458)
INFO:engine.post.parallel_aff_agglomerate:did not merge (3053453401, 3053455499)
INFO:engine.post.parallel_aff_agglomerate:did not merge (3053453401, 3053455535)
INFO:engine.post.parallel_aff_agglomerate:did not merge (3053453401, 3053455536)
INFO:engine.post.parallel_aff_agglomerate:did not merge (3053453401, 3053455549)
INFO:engine.post.parallel_aff_agglomerate:did not merge (3053453401, 3053455642)
INFO:engine.post.parallel_aff_agglomerate:did not merge (3053453401, 3053455653)
INFO:engine.post.parallel_aff_agglomerate:did not merge (3053453401, 3053455750)
INFO:engine.post.parallel_aff_agglomerate:did not merge (3053453401, 3053455761)
INFO:engine.post.parallel_aff_agglomerate:did not merge (3053453401, 3053455768)
INFO:engine.post.parallel_aff_agglomerate:did not merge (3053453401, 3053455876)
INFO:engine.post.parallel_aff_agglomerate:did not merge (3053453401, 3053455901)
INFO:engine.post.parallel_aff_agglomerate:did not merge (3053453401, 3053455913)
INFO:engine.post.parallel_aff_agglomerate:did not merge (3053453401, 3053455966)
INFO:engine.post.parallel_aff_agglomerate:did not merge (3053453401, 3053456014)
INFO:engine.post.parallel_aff_agglomerate:did not merge (3053453401, 3053456058)
INFO:engine.post.parallel_aff_agglomerate:did not merge (3053453401, 3053456077)
INFO:engine.post.parallel_aff_agglomerate:did not merge (3053453401, 3053456092)
INFO:engine.post.parallel_aff_agglomerate:did not merge (3053453401, 3053456130)
INFO:engine.post.parallel_aff_agglomerate:did not merge (3053453401, 3053456211)
INFO:engine.post.parallel_aff_agglomerate:did not merge (3053453401, 3053456231)
INFO:engine.post.parallel_aff_agglomerate:did not merge (3053453401, 3053456242)
INFO:engine.post.parallel_aff_agglomerate:did not merge (3053455297, 3053455380)
INFO:engine.post.parallel_aff_agglomerate:did not merge (3053455322, 3053455325)
INFO:engine.post.parallel_aff_agglomerate:did not merge (3053455322, 3053455326)
INFO:engine.post.parallel_aff_agglomerate:did not merge (3053455322, 3053455332)
INFO:engine.post.parallel_aff_agglomerate:did not merge (3053455322, 3053455337)
INFO:engine.post.parallel_aff_agglomerate:did not merge (3053455322, 3053455343)
INFO:engine.post.parallel_aff_agglomerate:did not merge (3053455322, 3053455346)
INFO:engine.post.parallel_aff_agglomerate:did not merge (3053455322, 3053455351)
INFO:engine.post.parallel_aff_agglomerate:did not merge (3053455322, 3053455357)
INFO:engine.post.parallel_aff_agglomerate:did not merge (3053455322, 3053455360)
INFO:engine.post.parallel_aff_agglomerate:did not merge (3053455322, 3053455378)
INFO:engine.post.parallel_aff_agglomerate:did not merge (3053455322, 3053455391)
INFO:engine.post.parallel_aff_agglomerate:did not merge (3053455322, 3053455412)
INFO:engine.post.parallel_aff_agglomerate:did not merge (3053455322, 3053455424)
INFO:engine.post.parallel_aff_agglomerate:did not merge (3053455322, 3053455441)
INFO:engine.post.parallel_aff_agglomerate:did not merge (3053455322, 3053455452)
INFO:engine.post.parallel_aff_agglomerate:did not merge (3053455322, 3053455460)
INFO:engine.post.parallel_aff_agglomerate:did not merge (3053455322, 3053455468)
INFO:engine.post.parallel_aff_agglomerate:did not merge (3053455322, 3053455469)
INFO:engine.post.parallel_aff_agglomerate:did not merge (3053455322, 3053455481)
INFO:engine.post.parallel_aff_agglomerate:did not merge (3053455322, 3053455497)
INFO:engine.post.parallel_aff_agglomerate:did not merge (3053455322, 3053455498)
INFO:engine.post.parallel_aff_agglomerate:did not merge (3053455322, 3053455670)
INFO:engine.post.parallel_aff_agglomerate:did not merge (3053455322, 3053455702)
INFO:engine.post.parallel_aff_agglomerate:did not merge (3154117004, 3154117015)
INFO:engine.post.parallel_aff_agglomerate:did not merge (3154117004, 3154117032)
INFO:engine.post.parallel_aff_agglomerate:did not merge (3154117004, 3154117035)
INFO:engine.post.parallel_aff_agglomerate:did not merge (3053455563, 3053455631)
INFO:engine.post.parallel_aff_agglomerate:did not merge (3053455563, 3053455672)
INFO:engine.post.parallel_aff_agglomerate:did not merge (3053455563, 3053455684)
INFO:engine.post.parallel_aff_agglomerate:did not merge (3053455563, 3053455714)
INFO:engine.post.parallel_aff_agglomerate:did not merge (3053455563, 3053455802)
INFO:engine.post.parallel_aff_agglomerate:did not merge (3154117066, 3154117108)
INFO:engine.post.parallel_aff_agglomerate:did not merge (3053456394, 3053456428)
INFO:engine.post.parallel_aff_agglomerate:did not merge (3053456394, 3053456448)
INFO:engine.post.parallel_aff_agglomerate:did not merge (3053456394, 3053456527)
INFO:engine.post.parallel_aff_agglomerate:did not merge (3053456394, 3053456621)
INFO:engine.post.parallel_aff_agglomerate:did not merge (3053456394, 3053456633)
INFO:engine.post.parallel_aff_agglomerate:did not merge (3053456394, 4093640879)
INFO:engine.post.parallel_aff_agglomerate:did not merge (3053456394, 4093641050)
INFO:engine.post.parallel_aff_agglomerate:did not merge (3053456394, 4093641062)
INFO:engine.post.parallel_aff_agglomerate:did not merge (3053456391, 3053456665)
INFO:engine.post.parallel_aff_agglomerate:did not merge (3053456504, 3053456665)
INFO:engine.post.parallel_aff_agglomerate:merged 5987 edges
INFO:engine.post.parallel_aff_agglomerate:Agglomerating in block [4592:6640, 8688:9104, 18928:20976] (2048, 416, 2048) with context of [4464:6768, 8560:9232, 18800:21104] (2304, 672, 2304)
INFO:engine.post.parallel_aff_agglomerate:did not merge (7818184789, 7818184996)
INFO:engine.post.parallel_aff_agglomerate:did not merge (7818184789, 9680454010)
INFO:engine.post.parallel_aff_agglomerate:did not merge (9663676983, 11676943254)
INFO:engine.post.parallel_aff_agglomerate:did not merge (9579793297, 9579793419)
INFO:engine.post.parallel_aff_agglomerate:did not merge (9579793297, 9579793514)
INFO:engine.post.parallel_aff_agglomerate:did not merge (9579793297, 9579793525)
INFO:engine.post.parallel_aff_agglomerate:did not merge (7818184601, 7818184732)
INFO:engine.post.parallel_aff_agglomerate:did not merge (6291458014, 6291458183)
INFO:engine.post.parallel_aff_agglomerate:did not merge (7818184694, 7818185007)
INFO:engine.post.parallel_aff_agglomerate:did not merge (9680453904, 9680454094)
INFO:engine.post.parallel_aff_agglomerate:did not merge (11693719910, 11693720605)
INFO:engine.post.parallel_aff_agglomerate:did not merge (9680453704, 9680454010)
INFO:engine.post.parallel_aff_agglomerate:did not merge (9680453704, 9680454315)
INFO:engine.post.parallel_aff_agglomerate:did not merge (9680453704, 9680454632)
INFO:engine.post.parallel_aff_agglomerate:did not merge (9781116992, 9781117074)
INFO:engine.post.parallel_aff_agglomerate:did not merge (9781116992, 9781117075)
INFO:engine.post.parallel_aff_agglomerate:did not merge (9680454204, 9680454352)
INFO:engine.post.parallel_aff_agglomerate:did not merge (9781117073, 9781117099)
INFO:engine.post.parallel_aff_agglomerate:did not merge (11693720457, 11693720544)
INFO:engine.post.parallel_aff_agglomerate:did not merge (11693720457, 11693720605)
INFO:engine.post.parallel_aff_agglomerate:did not merge (9680454231, 9680454295)
INFO:engine.post.parallel_aff_agglomerate:did not merge (9680454231, 9680454705)
INFO:engine.post.parallel_aff_agglomerate:did not merge (9680454231, 11693720544)
INFO:engine.post.parallel_aff_agglomerate:did not merge (7918846700, 7918846742)
INFO:engine.post.parallel_aff_agglomerate:did not merge (7918846868, 7918847009)
INFO:engine.post.parallel_aff_agglomerate:did not merge (7918846868, 9781117094)
INFO:engine.post.parallel_aff_agglomerate:did not merge (11693721258, 11693721495)
INFO:engine.post.parallel_aff_agglomerate:did not merge (9680454868, 9680455326)
INFO:engine.post.parallel_aff_agglomerate:did not merge (7918847053, 7918847277)
INFO:engine.post.parallel_aff_agglomerate:did not merge (9781117107, 9781117213)
INFO:engine.post.parallel_aff_agglomerate:did not merge (9781117107, 9781117217)
INFO:engine.post.parallel_aff_agglomerate:did not merge (9781117107, 9781117246)
INFO:engine.post.parallel_aff_agglomerate:did not merge (9781117107, 9781117249)
INFO:engine.post.parallel_aff_agglomerate:did not merge (9781117107, 9781117266)
INFO:engine.post.parallel_aff_agglomerate:did not merge (9781117107, 9781117267)
INFO:engine.post.parallel_aff_agglomerate:did not merge (9680455484, 9680455541)
INFO:engine.post.parallel_aff_agglomerate:did not merge (7918847360, 7918847383)
INFO:engine.post.parallel_aff_agglomerate:did not merge (7918847360, 9680455541)
INFO:engine.post.parallel_aff_agglomerate:did not merge (11693722284, 14076084758)
INFO:engine.post.parallel_aff_agglomerate:did not merge (9781117304, 9781117395)
INFO:engine.post.parallel_aff_agglomerate:did not merge (9680455622, 9680455731)
INFO:engine.post.parallel_aff_agglomerate:did not merge (9680455622, 9680455744)
INFO:engine.post.parallel_aff_agglomerate:did not merge (9680456194, 11811160331)
INFO:engine.post.parallel_aff_agglomerate:did not merge (9680456134, 9680456233)
INFO:engine.post.parallel_aff_agglomerate:did not merge (9680456155, 9680456233)
INFO:engine.post.parallel_aff_agglomerate:merged 3475 edges
INFO:engine.post.parallel_aff_agglomerate:Agglomerating in block [4592:6640, 8688:9104, 29168:29264] (2048, 416, 96) with context of [4464:6768, 8560:9232, 29040:29392] (2304, 672, 352)
INFO:engine.post.parallel_aff_agglomerate:did not merge (19310576336, 19310576391)
INFO:engine.post.parallel_aff_agglomerate:did not merge (16441675288, 16441675331)
INFO:engine.post.parallel_aff_agglomerate:did not merge (16441675288, 16441675413)
INFO:engine.post.parallel_aff_agglomerate:did not merge (19310576383, 19310576391)
INFO:engine.post.parallel_aff_agglomerate:did not merge (22598910051, 22598910060)
INFO:engine.post.parallel_aff_agglomerate:did not merge (19411241570, 19411241610)
INFO:engine.post.parallel_aff_agglomerate:merged 1600 edges
INFO:engine.post.parallel_aff_agglomerate:Agglomerating in block [6640:7504, 496:2544, 6640:8688] (864, 2048, 2048) with context of [6512:7632, 368:2672, 6512:8816] (1120, 2304, 2304)
INFO:engine.post.parallel_aff_agglomerate:did not merge (1023412388, 1023412448)
INFO:engine.post.parallel_aff_agglomerate:did not merge (1023412388, 1023412477)
INFO:engine.post.parallel_aff_agglomerate:did not merge (1023412388, 1023412553)
INFO:engine.post.parallel_aff_agglomerate:did not merge (1023412388, 1023412590)
INFO:engine.post.parallel_aff_agglomerate:did not merge (1023412388, 1023412591)
INFO:engine.post.parallel_aff_agglomerate:did not merge (1023412388, 1023412640)
INFO:engine.post.parallel_aff_agglomerate:did not merge (1023412388, 1023412658)
INFO:engine.post.parallel_aff_agglomerate:did not merge (1023412388, 1023412660)
INFO:engine.post.parallel_aff_agglomerate:did not merge (1023412388, 1023412706)
INFO:engine.post.parallel_aff_agglomerate:did not merge (1023412388, 1023412715)
INFO:engine.post.parallel_aff_agglomerate:did not merge (1023412388, 1023412842)
INFO:engine.post.parallel_aff_agglomerate:did not merge (1023412388, 1560281090)
INFO:engine.post.parallel_aff_agglomerate:did not merge (1023412630, 1023412706)
INFO:engine.post.parallel_aff_agglomerate:did not merge (671092621, 1073744651)
INFO:engine.post.parallel_aff_agglomerate:did not merge (1023412690, 1023412702)
INFO:engine.post.parallel_aff_agglomerate:did not merge (1023412690, 1023412704)
INFO:engine.post.parallel_aff_agglomerate:did not merge (1023412690, 1023412774)
INFO:engine.post.parallel_aff_agglomerate:did not merge (1023412690, 1023412881)
INFO:engine.post.parallel_aff_agglomerate:did not merge (1023412690, 1023413106)
INFO:engine.post.parallel_aff_agglomerate:did not merge (1023412690, 1560281766)
INFO:engine.post.parallel_aff_agglomerate:did not merge (671092424, 1073744138)
INFO:engine.post.parallel_aff_agglomerate:did not merge (671092290, 1023412669)
INFO:engine.post.parallel_aff_agglomerate:did not merge (671092290, 1023412681)
INFO:engine.post.parallel_aff_agglomerate:did not merge (419434680, 671092027)
INFO:engine.post.parallel_aff_agglomerate:did not merge (1023412808, 1023412877)
INFO:engine.post.parallel_aff_agglomerate:did not merge (1023412808, 1023413018)
INFO:engine.post.parallel_aff_agglomerate:did not merge (671092681, 1073744710)
INFO:engine.post.parallel_aff_agglomerate:did not merge (1073745072, 1073745236)
INFO:engine.post.parallel_aff_agglomerate:did not merge (1073745072, 1073745309)
INFO:engine.post.parallel_aff_agglomerate:did not merge (1073745072, 1073745317)
INFO:engine.post.parallel_aff_agglomerate:did not merge (1023412917, 1023413018)
INFO:engine.post.parallel_aff_agglomerate:did not merge (1023412917, 1560281551)
INFO:engine.post.parallel_aff_agglomerate:did not merge (1073745089, 1073745090)
INFO:engine.post.parallel_aff_agglomerate:did not merge (1073745089, 1627389980)
INFO:engine.post.parallel_aff_agglomerate:did not merge (1073745274, 1073745317)
INFO:engine.post.parallel_aff_agglomerate:did not merge (419434792, 419434990)
INFO:engine.post.parallel_aff_agglomerate:did not merge (1023412866, 1023413000)
INFO:engine.post.parallel_aff_agglomerate:did not merge (1023412866, 1023413096)
INFO:engine.post.parallel_aff_agglomerate:did not merge (1543507041, 1543507042)
INFO:engine.post.parallel_aff_agglomerate:did not merge (1543507041, 2231370080)
INFO:engine.post.parallel_aff_agglomerate:merged 11459 edges
INFO:engine.post.parallel_aff_agglomerate:Agglomerating in block [6640:7504, 496:2544, 16880:18928] (864, 2048, 2048) with context of [6512:7632, 368:2672, 16752:19056] (1120, 2304, 2304)
INFO:engine.post.parallel_aff_agglomerate:did not merge (4882172108, 4882172128)
INFO:engine.post.parallel_aff_agglomerate:did not merge (4882172108, 6257901798)
INFO:engine.post.parallel_aff_agglomerate:did not merge (3774876224, 3774876250)
INFO:engine.post.parallel_aff_agglomerate:did not merge (3774876224, 4882171786)
INFO:engine.post.parallel_aff_agglomerate:did not merge (3774876224, 4882171998)
INFO:engine.post.parallel_aff_agglomerate:did not merge (3774876339, 4932503386)
INFO:engine.post.parallel_aff_agglomerate:did not merge (2852130640, 2852130842)
INFO:engine.post.parallel_aff_agglomerate:did not merge (4932503554, 4932503613)
INFO:engine.post.parallel_aff_agglomerate:merged 4137 edges
INFO:engine.post.parallel_aff_agglomerate:Agglomerating in block [6640:7504, 496:2544, 27120:29168] (864, 2048, 2048) with context of [6512:7632, 368:2672, 26992:29296] (1120, 2304, 2304)
INFO:engine.post.parallel_aff_agglomerate:did not merge (9479130066, 11492395731)
INFO:engine.post.parallel_aff_agglomerate:did not merge (9479130066, 11492395837)
INFO:engine.post.parallel_aff_agglomerate:did not merge (11492396163, 13824428374)
INFO:engine.post.parallel_aff_agglomerate:did not merge (11542726416, 13824428374)
INFO:engine.post.parallel_aff_agglomerate:did not merge (11542726416, 13908312153)
INFO:engine.post.parallel_aff_agglomerate:merged 9465 edges
INFO:engine.post.parallel_aff_agglomerate:Agglomerating in block [6640:7504, 2544:4592, 6640:8688] (864, 2048, 2048) with context of [6512:7632, 2416:4720, 6512:8816] (1120, 2304, 2304)
INFO:engine.post.parallel_aff_agglomerate:did not merge (671092264, 671092480)
INFO:engine.post.parallel_aff_agglomerate:did not merge (721422962, 1073744728)
INFO:engine.post.parallel_aff_agglomerate:did not merge (1073744572, 1073744581)
INFO:engine.post.parallel_aff_agglomerate:did not merge (1073744572, 1073744610)
INFO:engine.post.parallel_aff_agglomerate:did not merge (1073744572, 1073744619)
INFO:engine.post.parallel_aff_agglomerate:did not merge (1073744572, 1073744630)
INFO:engine.post.parallel_aff_agglomerate:did not merge (1073744572, 1073744692)
INFO:engine.post.parallel_aff_agglomerate:did not merge (1073744572, 1073744693)
INFO:engine.post.parallel_aff_agglomerate:did not merge (1073744572, 1073744730)
INFO:engine.post.parallel_aff_agglomerate:did not merge (1073744572, 1073744757)
INFO:engine.post.parallel_aff_agglomerate:did not merge (1073744927, 1610615755)
INFO:engine.post.parallel_aff_agglomerate:did not merge (671092621, 1073744651)
INFO:engine.post.parallel_aff_agglomerate:did not merge (1073745019, 1610615755)
INFO:engine.post.parallel_aff_agglomerate:did not merge (1073744975, 1543506481)
INFO:engine.post.parallel_aff_agglomerate:did not merge (671092424, 671092590)
INFO:engine.post.parallel_aff_agglomerate:did not merge (671092424, 1073744138)
INFO:engine.post.parallel_aff_agglomerate:did not merge (721422973, 721422982)
INFO:engine.post.parallel_aff_agglomerate:did not merge (721422961, 1073744728)
INFO:engine.post.parallel_aff_agglomerate:did not merge (1610615835, 1610615946)
INFO:engine.post.parallel_aff_agglomerate:did not merge (1610615835, 1610616024)
INFO:engine.post.parallel_aff_agglomerate:did not merge (1610615835, 1610616039)
INFO:engine.post.parallel_aff_agglomerate:did not merge (1610615835, 1610616082)
INFO:engine.post.parallel_aff_agglomerate:did not merge (1610615835, 1610616109)
INFO:engine.post.parallel_aff_agglomerate:did not merge (1610615835, 1610616142)
INFO:engine.post.parallel_aff_agglomerate:did not merge (1610615835, 1610616149)
INFO:engine.post.parallel_aff_agglomerate:did not merge (1610615835, 1610616190)
INFO:engine.post.parallel_aff_agglomerate:did not merge (1610615835, 1610616273)
INFO:engine.post.parallel_aff_agglomerate:did not merge (1610615835, 2315256137)
INFO:engine.post.parallel_aff_agglomerate:did not merge (1610615835, 2315256206)
INFO:engine.post.parallel_aff_agglomerate:did not merge (1610615835, 2315256250)
INFO:engine.post.parallel_aff_agglomerate:did not merge (1610615835, 2315256338)
INFO:engine.post.parallel_aff_agglomerate:did not merge (671092681, 1073744710)
INFO:engine.post.parallel_aff_agglomerate:did not merge (721423009, 721423139)
INFO:engine.post.parallel_aff_agglomerate:did not merge (1610616148, 1610616231)
INFO:engine.post.parallel_aff_agglomerate:did not merge (1023412866, 1023413000)
INFO:engine.post.parallel_aff_agglomerate:did not merge (1023412866, 1023413096)
INFO:engine.post.parallel_aff_agglomerate:did not merge (1543507041, 1543507042)
INFO:engine.post.parallel_aff_agglomerate:did not merge (1543507041, 2231370080)
INFO:engine.post.parallel_aff_agglomerate:did not merge (2214595655, 3070230905)
INFO:engine.post.parallel_aff_agglomerate:did not merge (1090519509, 1090519572)
INFO:engine.post.parallel_aff_agglomerate:did not merge (1560281399, 1560281455)
INFO:engine.post.parallel_aff_agglomerate:did not merge (1090519539, 1090519572)
INFO:engine.post.parallel_aff_agglomerate:did not merge (1090519539, 1090519587)
INFO:engine.post.parallel_aff_agglomerate:did not merge (1090519748, 1090519814)
INFO:engine.post.parallel_aff_agglomerate:did not merge (1090519747, 1090519798)
INFO:engine.post.parallel_aff_agglomerate:did not merge (1090520143, 1090520144)
INFO:engine.post.parallel_aff_agglomerate:did not merge (1090520143, 1090520234)
INFO:engine.post.parallel_aff_agglomerate:did not merge (1090520143, 1090520254)
INFO:engine.post.parallel_aff_agglomerate:did not merge (1090520143, 1090520255)
INFO:engine.post.parallel_aff_agglomerate:did not merge (1090520049, 1090520113)
INFO:engine.post.parallel_aff_agglomerate:did not merge (1090520049, 1560281927)
INFO:engine.post.parallel_aff_agglomerate:did not merge (1090520937, 1090521098)
INFO:engine.post.parallel_aff_agglomerate:did not merge (1090520970, 1090521098)
INFO:engine.post.parallel_aff_agglomerate:merged 13701 edges
INFO:engine.post.parallel_aff_agglomerate:Agglomerating in block [6640:7504, 2544:4592, 18928:20976] (864, 2048, 2048) with context of [6512:7632, 2416:4720, 18800:21104] (1120, 2304, 2304)
INFO:engine.post.parallel_aff_agglomerate:did not merge (6241126072, 7834959983)
INFO:engine.post.parallel_aff_agglomerate:did not merge (9596570910, 9596570940)
INFO:engine.post.parallel_aff_agglomerate:did not merge (9596570910, 9596571024)
INFO:engine.post.parallel_aff_agglomerate:did not merge (9596570910, 9596571025)
INFO:engine.post.parallel_aff_agglomerate:did not merge (9596570910, 9596571036)
INFO:engine.post.parallel_aff_agglomerate:did not merge (9596570910, 9596571037)
INFO:engine.post.parallel_aff_agglomerate:did not merge (9596570910, 9596571046)
INFO:engine.post.parallel_aff_agglomerate:did not merge (9596570910, 9596571090)
INFO:engine.post.parallel_aff_agglomerate:did not merge (9596570910, 9596571106)
INFO:engine.post.parallel_aff_agglomerate:did not merge (9596570910, 9596571118)
INFO:engine.post.parallel_aff_agglomerate:did not merge (9596570910, 9596571207)
INFO:engine.post.parallel_aff_agglomerate:did not merge (9596570910, 9596571236)
INFO:engine.post.parallel_aff_agglomerate:did not merge (9596570910, 11710497200)
INFO:engine.post.parallel_aff_agglomerate:did not merge (9596570910, 11710497270)
INFO:engine.post.parallel_aff_agglomerate:did not merge (6241126130, 7834962481)
INFO:engine.post.parallel_aff_agglomerate:did not merge (4882172195, 4882172232)
INFO:engine.post.parallel_aff_agglomerate:did not merge (4882172195, 6257901785)
INFO:engine.post.parallel_aff_agglomerate:did not merge (7767853367, 9613344977)
INFO:engine.post.parallel_aff_agglomerate:did not merge (6257901647, 6257901718)
INFO:engine.post.parallel_aff_agglomerate:did not merge (6257901647, 6257901719)
INFO:engine.post.parallel_aff_agglomerate:did not merge (6257901647, 6257901764)
INFO:engine.post.parallel_aff_agglomerate:did not merge (6257901647, 6257901772)
INFO:engine.post.parallel_aff_agglomerate:did not merge (6257901647, 6257901785)
INFO:engine.post.parallel_aff_agglomerate:did not merge (6257901647, 6257901792)
INFO:engine.post.parallel_aff_agglomerate:did not merge (6257901647, 6257901803)
INFO:engine.post.parallel_aff_agglomerate:did not merge (6257901647, 6257901806)
INFO:engine.post.parallel_aff_agglomerate:did not merge (6257901647, 6257901824)
INFO:engine.post.parallel_aff_agglomerate:did not merge (6257901647, 6257901837)
INFO:engine.post.parallel_aff_agglomerate:did not merge (6257901647, 6257901844)
INFO:engine.post.parallel_aff_agglomerate:did not merge (6257901647, 6257901850)
INFO:engine.post.parallel_aff_agglomerate:did not merge (6257901647, 6257901851)
INFO:engine.post.parallel_aff_agglomerate:did not merge (6257901975, 6257902368)
INFO:engine.post.parallel_aff_agglomerate:did not merge (6257902119, 6257902172)
INFO:engine.post.parallel_aff_agglomerate:did not merge (6257902119, 6257902253)
INFO:engine.post.parallel_aff_agglomerate:did not merge (6257902238, 6257902288)
INFO:engine.post.parallel_aff_agglomerate:did not merge (6257902238, 6257902309)
INFO:engine.post.parallel_aff_agglomerate:did not merge (6257902238, 6257902311)
INFO:engine.post.parallel_aff_agglomerate:did not merge (6257902238, 6257902314)
INFO:engine.post.parallel_aff_agglomerate:did not merge (6257902238, 6257902329)
INFO:engine.post.parallel_aff_agglomerate:did not merge (6257902238, 6257902330)
INFO:engine.post.parallel_aff_agglomerate:did not merge (6257902238, 6257902339)
INFO:engine.post.parallel_aff_agglomerate:did not merge (6257902238, 6257902340)
INFO:engine.post.parallel_aff_agglomerate:did not merge (6257902238, 6257902359)
INFO:engine.post.parallel_aff_agglomerate:did not merge (6257902372, 6257902444)
INFO:engine.post.parallel_aff_agglomerate:did not merge (6257902372, 6257902551)
INFO:engine.post.parallel_aff_agglomerate:did not merge (6257902446, 6257902553)
INFO:engine.post.parallel_aff_agglomerate:merged 5413 edges
INFO:engine.post.parallel_aff_agglomerate:Agglomerating in block [6640:7504, 2544:4592, 29168:29264] (864, 2048, 96) with context of [6512:7632, 2416:4720, 29040:29392] (1120, 2304, 352)
INFO:engine.post.parallel_aff_agglomerate:did not merge (16391340539, 16391340544)
INFO:engine.post.parallel_aff_agglomerate:did not merge (16391340539, 16391340553)
INFO:engine.post.parallel_aff_agglomerate:did not merge (16391340539, 16391340555)
INFO:engine.post.parallel_aff_agglomerate:did not merge (16391340539, 16391340576)
INFO:engine.post.parallel_aff_agglomerate:did not merge (16391340539, 16391340577)
INFO:engine.post.parallel_aff_agglomerate:did not merge (13824428855, 16391340576)
INFO:engine.post.parallel_aff_agglomerate:did not merge (16458451397, 16458451493)
INFO:engine.post.parallel_aff_agglomerate:did not merge (16458451397, 16458451530)
INFO:engine.post.parallel_aff_agglomerate:did not merge (16458451397, 16458451547)
INFO:engine.post.parallel_aff_agglomerate:did not merge (16458451397, 16458451561)
INFO:engine.post.parallel_aff_agglomerate:did not merge (16458451397, 16458451562)
INFO:engine.post.parallel_aff_agglomerate:did not merge (16458451397, 16458451618)
INFO:engine.post.parallel_aff_agglomerate:did not merge (13824428871, 13824429090)
INFO:engine.post.parallel_aff_agglomerate:did not merge (19327353411, 19327353438)
INFO:engine.post.parallel_aff_agglomerate:did not merge (13824428929, 13824429090)
INFO:engine.post.parallel_aff_agglomerate:did not merge (13841203289, 13841203529)
INFO:engine.post.parallel_aff_agglomerate:did not merge (13841203289, 13841203569)
INFO:engine.post.parallel_aff_agglomerate:did not merge (13841203289, 13841203620)
INFO:engine.post.parallel_aff_agglomerate:did not merge (13841203289, 13841203621)
INFO:engine.post.parallel_aff_agglomerate:did not merge (13841203289, 13841203631)
INFO:engine.post.parallel_aff_agglomerate:did not merge (13841203289, 13841203639)
INFO:engine.post.parallel_aff_agglomerate:did not merge (13841203289, 13841203647)
INFO:engine.post.parallel_aff_agglomerate:did not merge (13841203289, 13841203664)
INFO:engine.post.parallel_aff_agglomerate:did not merge (13841203289, 13841203699)
INFO:engine.post.parallel_aff_agglomerate:did not merge (13841203289, 13841203716)
INFO:engine.post.parallel_aff_agglomerate:did not merge (13841203289, 13841203748)
INFO:engine.post.parallel_aff_agglomerate:did not merge (16408117266, 16408117322)
INFO:engine.post.parallel_aff_agglomerate:did not merge (16408117266, 16408117329)
INFO:engine.post.parallel_aff_agglomerate:did not merge (16408117266, 16408117346)
INFO:engine.post.parallel_aff_agglomerate:did not merge (16408117266, 16408117350)
INFO:engine.post.parallel_aff_agglomerate:merged 2395 edges
INFO:engine.post.parallel_aff_agglomerate:Agglomerating in block [6640:7504, 4592:6640, 2544:4592] (864, 2048, 2048) with context of [6512:7632, 4464:6768, 2416:4720] (1120, 2304, 2304)
INFO:engine.post.parallel_aff_agglomerate:did not merge (788532783, 1224740034)
INFO:engine.post.parallel_aff_agglomerate:did not merge (788532799, 1140853662)
INFO:engine.post.parallel_aff_agglomerate:did not merge (788532799, 1140853673)
INFO:engine.post.parallel_aff_agglomerate:did not merge (788532799, 1140853674)
INFO:engine.post.parallel_aff_agglomerate:did not merge (788532799, 1224739960)
INFO:engine.post.parallel_aff_agglomerate:did not merge (788532790, 1140853737)
INFO:engine.post.parallel_aff_agglomerate:did not merge (1224739785, 1224739805)
INFO:engine.post.parallel_aff_agglomerate:did not merge (1224739785, 1224739845)
INFO:engine.post.parallel_aff_agglomerate:did not merge (1224739785, 1224740036)
INFO:engine.post.parallel_aff_agglomerate:did not merge (1224739785, 1224740043)
INFO:engine.post.parallel_aff_agglomerate:did not merge (1224739785, 1224740073)
INFO:engine.post.parallel_aff_agglomerate:did not merge (1224739785, 1224740092)
INFO:engine.post.parallel_aff_agglomerate:did not merge (1224739785, 1224740111)
INFO:engine.post.parallel_aff_agglomerate:did not merge (1224739785, 1224740174)
INFO:engine.post.parallel_aff_agglomerate:did not merge (1224739785, 1224740270)
INFO:engine.post.parallel_aff_agglomerate:did not merge (1224739785, 1224740316)
INFO:engine.post.parallel_aff_agglomerate:did not merge (1224739785, 1224740318)
INFO:engine.post.parallel_aff_agglomerate:did not merge (1224739785, 1224740340)
INFO:engine.post.parallel_aff_agglomerate:did not merge (1224739785, 1224740456)
INFO:engine.post.parallel_aff_agglomerate:did not merge (1224739785, 1224740468)
INFO:engine.post.parallel_aff_agglomerate:did not merge (1224739785, 1224740474)
INFO:engine.post.parallel_aff_agglomerate:did not merge (1224739785, 1224740475)
INFO:engine.post.parallel_aff_agglomerate:did not merge (1224739785, 1224740621)
INFO:engine.post.parallel_aff_agglomerate:did not merge (1224739785, 1811939957)
INFO:engine.post.parallel_aff_agglomerate:did not merge (536875131, 536875307)
INFO:engine.post.parallel_aff_agglomerate:did not merge (536875096, 788532510)
INFO:engine.post.parallel_aff_agglomerate:did not merge (1224740337, 1224740361)
INFO:engine.post.parallel_aff_agglomerate:did not merge (1224740337, 1224740381)
INFO:engine.post.parallel_aff_agglomerate:did not merge (1224740337, 1224740394)
INFO:engine.post.parallel_aff_agglomerate:did not merge (1224740337, 1224740420)
INFO:engine.post.parallel_aff_agglomerate:did not merge (1224740337, 1224740560)
INFO:engine.post.parallel_aff_agglomerate:did not merge (1224740337, 1224740593)
INFO:engine.post.parallel_aff_agglomerate:did not merge (1140853925, 1140853971)
INFO:engine.post.parallel_aff_agglomerate:did not merge (721422997, 1157627968)
INFO:engine.post.parallel_aff_agglomerate:did not merge (721422997, 1157628058)
INFO:engine.post.parallel_aff_agglomerate:did not merge (788532386, 788532387)
INFO:engine.post.parallel_aff_agglomerate:did not merge (788532386, 788532411)
INFO:engine.post.parallel_aff_agglomerate:did not merge (788532386, 788532608)
INFO:engine.post.parallel_aff_agglomerate:did not merge (788532386, 788532704)
INFO:engine.post.parallel_aff_agglomerate:did not merge (1224740269, 1224740623)
INFO:engine.post.parallel_aff_agglomerate:did not merge (1224740314, 1224740316)
INFO:engine.post.parallel_aff_agglomerate:did not merge (1224740314, 1811939649)
INFO:engine.post.parallel_aff_agglomerate:did not merge (788532828, 1140853737)
INFO:engine.post.parallel_aff_agglomerate:did not merge (1140853953, 1140853984)
INFO:engine.post.parallel_aff_agglomerate:did not merge (1140853953, 1140854042)
INFO:engine.post.parallel_aff_agglomerate:did not merge (1140853953, 1140854111)
INFO:engine.post.parallel_aff_agglomerate:did not merge (1224740297, 1224740621)
INFO:engine.post.parallel_aff_agglomerate:did not merge (1140854132, 1711276347)
INFO:engine.post.parallel_aff_agglomerate:did not merge (1140854132, 1711276474)
INFO:engine.post.parallel_aff_agglomerate:did not merge (536875372, 536875409)
INFO:engine.post.parallel_aff_agglomerate:did not merge (536875372, 536875444)
INFO:engine.post.parallel_aff_agglomerate:did not merge (536875372, 889193066)
INFO:engine.post.parallel_aff_agglomerate:did not merge (1224740467, 1224740560)
INFO:engine.post.parallel_aff_agglomerate:did not merge (1224740467, 1224740569)
INFO:engine.post.parallel_aff_agglomerate:did not merge (536875417, 536875582)
INFO:engine.post.parallel_aff_agglomerate:did not merge (872418677, 872418752)
INFO:engine.post.parallel_aff_agglomerate:did not merge (872418677, 1342177627)
INFO:engine.post.parallel_aff_agglomerate:did not merge (805306878, 805306998)
INFO:engine.post.parallel_aff_agglomerate:did not merge (805306478, 805306998)
INFO:engine.post.parallel_aff_agglomerate:did not merge (805307010, 805307070)
INFO:engine.post.parallel_aff_agglomerate:did not merge (553648731, 553648744)
INFO:engine.post.parallel_aff_agglomerate:did not merge (553648731, 553648884)
INFO:engine.post.parallel_aff_agglomerate:did not merge (553648731, 553648905)
INFO:engine.post.parallel_aff_agglomerate:did not merge (553648731, 553648925)
INFO:engine.post.parallel_aff_agglomerate:did not merge (553648731, 553648949)
INFO:engine.post.parallel_aff_agglomerate:did not merge (553648731, 553648979)
INFO:engine.post.parallel_aff_agglomerate:did not merge (553648731, 553649025)
INFO:engine.post.parallel_aff_agglomerate:did not merge (553648731, 553649362)
INFO:engine.post.parallel_aff_agglomerate:did not merge (553648731, 553649475)
INFO:engine.post.parallel_aff_agglomerate:did not merge (553648731, 553649499)
INFO:engine.post.parallel_aff_agglomerate:did not merge (553648731, 553649500)
INFO:engine.post.parallel_aff_agglomerate:did not merge (553648731, 553649512)
INFO:engine.post.parallel_aff_agglomerate:did not merge (1157628579, 1157628607)
INFO:engine.post.parallel_aff_agglomerate:did not merge (553649406, 889193902)
INFO:engine.post.parallel_aff_agglomerate:did not merge (553649406, 889193927)
INFO:engine.post.parallel_aff_agglomerate:did not merge (805307624, 805307731)
INFO:engine.post.parallel_aff_agglomerate:did not merge (805307679, 805307806)
INFO:engine.post.parallel_aff_agglomerate:did not merge (805307593, 805307914)
INFO:engine.post.parallel_aff_agglomerate:did not merge (805307713, 805307730)
INFO:engine.post.parallel_aff_agglomerate:did not merge (805307713, 805307744)
INFO:engine.post.parallel_aff_agglomerate:did not merge (805307713, 805307806)
INFO:engine.post.parallel_aff_agglomerate:did not merge (805307745, 805307806)
INFO:engine.post.parallel_aff_agglomerate:did not merge (805307905, 805307914)
INFO:engine.post.parallel_aff_agglomerate:did not merge (805307318, 805307460)
INFO:engine.post.parallel_aff_agglomerate:did not merge (805307318, 805307634)
INFO:engine.post.parallel_aff_agglomerate:did not merge (805307318, 805307667)
INFO:engine.post.parallel_aff_agglomerate:did not merge (805307318, 805307771)
INFO:engine.post.parallel_aff_agglomerate:did not merge (805307318, 805307822)
INFO:engine.post.parallel_aff_agglomerate:did not merge (805307318, 805307913)
INFO:engine.post.parallel_aff_agglomerate:did not merge (805307318, 805307933)
INFO:engine.post.parallel_aff_agglomerate:did not merge (805307318, 805308016)
INFO:engine.post.parallel_aff_agglomerate:did not merge (805307318, 805308174)
INFO:engine.post.parallel_aff_agglomerate:did not merge (805307318, 805308193)
INFO:engine.post.parallel_aff_agglomerate:did not merge (805307318, 805308197)
INFO:engine.post.parallel_aff_agglomerate:did not merge (805307318, 805308198)
INFO:engine.post.parallel_aff_agglomerate:did not merge (805307868, 805307952)
INFO:engine.post.parallel_aff_agglomerate:did not merge (805307868, 805308118)
INFO:engine.post.parallel_aff_agglomerate:did not merge (805307868, 805308143)
INFO:engine.post.parallel_aff_agglomerate:did not merge (805307868, 805308160)
INFO:engine.post.parallel_aff_agglomerate:did not merge (805307868, 805308161)
INFO:engine.post.parallel_aff_agglomerate:did not merge (805308090, 805308118)
INFO:engine.post.parallel_aff_agglomerate:did not merge (805308146, 805308161)
INFO:engine.post.parallel_aff_agglomerate:merged 14674 edges
INFO:engine.post.parallel_aff_agglomerate:Agglomerating in block [6640:7504, 4592:6640, 12784:14832] (864, 2048, 2048) with context of [6512:7632, 4464:6768, 12656:14960] (1120, 2304, 2304)
INFO:engine.post.parallel_aff_agglomerate:did not merge (3892317292, 4999612614)
INFO:engine.post.parallel_aff_agglomerate:did not merge (3892317292, 4999612623)
INFO:engine.post.parallel_aff_agglomerate:did not merge (3892317062, 3892317159)
INFO:engine.post.parallel_aff_agglomerate:did not merge (2902461827, 2902462005)
INFO:engine.post.parallel_aff_agglomerate:did not merge (2902461827, 3909091795)
INFO:engine.post.parallel_aff_agglomerate:did not merge (2902462051, 3892317211)
INFO:engine.post.parallel_aff_agglomerate:did not merge (4999612747, 4999612756)
INFO:engine.post.parallel_aff_agglomerate:did not merge (6392121381, 6392121392)
INFO:engine.post.parallel_aff_agglomerate:did not merge (6392121381, 6392121401)
INFO:engine.post.parallel_aff_agglomerate:did not merge (6392121381, 8036286745)
INFO:engine.post.parallel_aff_agglomerate:did not merge (2902461914, 2902461932)
INFO:engine.post.parallel_aff_agglomerate:did not merge (2902461914, 3909091854)
INFO:engine.post.parallel_aff_agglomerate:did not merge (3909091703, 3909091854)
INFO:engine.post.parallel_aff_agglomerate:did not merge (3909091616, 3909091795)
INFO:engine.post.parallel_aff_agglomerate:did not merge (3909091616, 3909091829)
INFO:engine.post.parallel_aff_agglomerate:did not merge (3909091796, 3909091853)
INFO:engine.post.parallel_aff_agglomerate:did not merge (3909091796, 3909091854)
INFO:engine.post.parallel_aff_agglomerate:did not merge (3909091796, 3909091867)
INFO:engine.post.parallel_aff_agglomerate:did not merge (3909091796, 3909091910)
INFO:engine.post.parallel_aff_agglomerate:did not merge (3909091796, 3909091911)
INFO:engine.post.parallel_aff_agglomerate:did not merge (3909091796, 3909091931)
INFO:engine.post.parallel_aff_agglomerate:did not merge (3909091796, 3909092046)
INFO:engine.post.parallel_aff_agglomerate:did not merge (3909091868, 3909091931)
INFO:engine.post.parallel_aff_agglomerate:did not merge (3909092030, 3909092046)
INFO:engine.post.parallel_aff_agglomerate:did not merge (3909092131, 3909092337)
INFO:engine.post.parallel_aff_agglomerate:did not merge (3909092131, 3909092348)
INFO:engine.post.parallel_aff_agglomerate:did not merge (3909092292, 3909092356)
INFO:engine.post.parallel_aff_agglomerate:did not merge (3909092556, 3909092600)
INFO:engine.post.parallel_aff_agglomerate:did not merge (3909092556, 3909092617)
INFO:engine.post.parallel_aff_agglomerate:did not merge (3909092655, 3909092700)
INFO:engine.post.parallel_aff_agglomerate:did not merge (3909092655, 3909092798)
INFO:engine.post.parallel_aff_agglomerate:did not merge (3909092655, 3909092815)
INFO:engine.post.parallel_aff_agglomerate:did not merge (3909092655, 3909092837)
INFO:engine.post.parallel_aff_agglomerate:did not merge (3909092655, 3909092859)
INFO:engine.post.parallel_aff_agglomerate:did not merge (3909092780, 3909092815)
INFO:engine.post.parallel_aff_agglomerate:did not merge (3909092780, 3909092837)
INFO:engine.post.parallel_aff_agglomerate:did not merge (3909092780, 3909092859)
INFO:engine.post.parallel_aff_agglomerate:did not merge (3909092799, 3909092958)
INFO:engine.post.parallel_aff_agglomerate:did not merge (3909092941, 3909092959)
INFO:engine.post.parallel_aff_agglomerate:did not merge (3909092941, 3909092980)
INFO:engine.post.parallel_aff_agglomerate:did not merge (3909092941, 3909093000)
INFO:engine.post.parallel_aff_agglomerate:did not merge (3909092941, 3909093001)
INFO:engine.post.parallel_aff_agglomerate:did not merge (5016389227, 5016389365)
INFO:engine.post.parallel_aff_agglomerate:did not merge (5016389227, 5016389394)
INFO:engine.post.parallel_aff_agglomerate:did not merge (5016389227, 5016389395)
INFO:engine.post.parallel_aff_agglomerate:did not merge (5016389227, 5016389416)
INFO:engine.post.parallel_aff_agglomerate:did not merge (5016389227, 5016389489)
INFO:engine.post.parallel_aff_agglomerate:did not merge (3909092982, 3909093000)
INFO:engine.post.parallel_aff_agglomerate:did not merge (3909092982, 3909093021)
INFO:engine.post.parallel_aff_agglomerate:did not merge (3909093161, 3909093210)
INFO:engine.post.parallel_aff_agglomerate:did not merge (3909093161, 3909093211)
INFO:engine.post.parallel_aff_agglomerate:did not merge (3909093161, 3909093456)
INFO:engine.post.parallel_aff_agglomerate:did not merge (3909093131, 3909093159)
INFO:engine.post.parallel_aff_agglomerate:did not merge (3909093131, 3909093311)
INFO:engine.post.parallel_aff_agglomerate:did not merge (3909093358, 3909093467)
INFO:engine.post.parallel_aff_agglomerate:did not merge (3909093371, 3909093487)
INFO:engine.post.parallel_aff_agglomerate:did not merge (3909093443, 3909093456)
INFO:engine.post.parallel_aff_agglomerate:merged 9860 edges
INFO:engine.post.parallel_aff_agglomerate:Agglomerating in block [6640:7504, 4592:6640, 23024:25072] (864, 2048, 2048) with context of [6512:7632, 4464:6768, 22896:25200] (1120, 2304, 2304)
INFO:engine.post.parallel_aff_agglomerate:did not merge (9529460332, 9529460358)
INFO:engine.post.parallel_aff_agglomerate:did not merge (9529460332, 9529460375)
INFO:engine.post.parallel_aff_agglomerate:did not merge (9529460332, 9529460448)
INFO:engine.post.parallel_aff_agglomerate:did not merge (9529460332, 9529460491)
INFO:engine.post.parallel_aff_agglomerate:did not merge (9529460332, 9529460599)
INFO:engine.post.parallel_aff_agglomerate:did not merge (9529460332, 11609835060)
INFO:engine.post.parallel_aff_agglomerate:did not merge (9596571252, 11609835330)
INFO:engine.post.parallel_aff_agglomerate:did not merge (11609835222, 11609835287)
INFO:engine.post.parallel_aff_agglomerate:did not merge (11609835222, 11609835330)
INFO:engine.post.parallel_aff_agglomerate:did not merge (11609835222, 11609835386)
INFO:engine.post.parallel_aff_agglomerate:did not merge (11609835222, 11609835388)
INFO:engine.post.parallel_aff_agglomerate:did not merge (11609835222, 11609835457)
INFO:engine.post.parallel_aff_agglomerate:did not merge (13891536577, 13891536685)
INFO:engine.post.parallel_aff_agglomerate:did not merge (13891536644, 16559112416)
INFO:engine.post.parallel_aff_agglomerate:did not merge (9613345166, 9613345255)
INFO:engine.post.parallel_aff_agglomerate:did not merge (11626611013, 11626611072)
INFO:engine.post.parallel_aff_agglomerate:did not merge (13908312347, 13908312376)
INFO:engine.post.parallel_aff_agglomerate:did not merge (13908312347, 13908312383)
INFO:engine.post.parallel_aff_agglomerate:did not merge (9613344858, 9613344891)
INFO:engine.post.parallel_aff_agglomerate:did not merge (9613344858, 9613344911)
INFO:engine.post.parallel_aff_agglomerate:did not merge (9613344858, 11626610939)
INFO:engine.post.parallel_aff_agglomerate:did not merge (9613344858, 11710496777)
INFO:engine.post.parallel_aff_agglomerate:did not merge (9613344858, 11710497080)
INFO:engine.post.parallel_aff_agglomerate:did not merge (11626611342, 11626611376)
INFO:engine.post.parallel_aff_agglomerate:did not merge (11626610873, 11626611546)
INFO:engine.post.parallel_aff_agglomerate:did not merge (11626610873, 11626611620)
INFO:engine.post.parallel_aff_agglomerate:did not merge (11626610873, 11626611703)
INFO:engine.post.parallel_aff_agglomerate:did not merge (13908312748, 13908312822)
INFO:engine.post.parallel_aff_agglomerate:did not merge (11626611584, 11626611589)
INFO:engine.post.parallel_aff_agglomerate:did not merge (11626611584, 11626611713)
INFO:engine.post.parallel_aff_agglomerate:did not merge (11626611584, 11626611715)
INFO:engine.post.parallel_aff_agglomerate:did not merge (11626611621, 11626611709)
INFO:engine.post.parallel_aff_agglomerate:merged 4606 edges
INFO:engine.post.parallel_aff_agglomerate:Agglomerating in block [6640:7504, 6640:8688, 4592:6640] (864, 2048, 2048) with context of [6512:7632, 6512:8816, 4464:6768] (1120, 2304, 2304)
INFO:engine.post.parallel_aff_agglomerate:did not merge (788532799, 1140853662)
INFO:engine.post.parallel_aff_agglomerate:did not merge (788532799, 1140853673)
INFO:engine.post.parallel_aff_agglomerate:did not merge (788532799, 1140853674)
INFO:engine.post.parallel_aff_agglomerate:did not merge (788532799, 1224739960)
INFO:engine.post.parallel_aff_agglomerate:did not merge (2399142408, 2399142416)
INFO:engine.post.parallel_aff_agglomerate:did not merge (2399142408, 2399142421)
INFO:engine.post.parallel_aff_agglomerate:did not merge (2399142408, 2399142438)
INFO:engine.post.parallel_aff_agglomerate:did not merge (2399142408, 2399142448)
INFO:engine.post.parallel_aff_agglomerate:did not merge (1140853925, 1140854190)
INFO:engine.post.parallel_aff_agglomerate:did not merge (1140853925, 1711276553)
INFO:engine.post.parallel_aff_agglomerate:did not merge (1224740396, 1694501340)
INFO:engine.post.parallel_aff_agglomerate:did not merge (1694501655, 2399142459)
INFO:engine.post.parallel_aff_agglomerate:did not merge (1694501655, 2399142460)
INFO:engine.post.parallel_aff_agglomerate:did not merge (1694501655, 2399142464)
INFO:engine.post.parallel_aff_agglomerate:did not merge (1694501655, 2399142466)
INFO:engine.post.parallel_aff_agglomerate:did not merge (1694501655, 2399142471)
INFO:engine.post.parallel_aff_agglomerate:did not merge (1140853951, 1140854049)
INFO:engine.post.parallel_aff_agglomerate:did not merge (1140854066, 1140854101)
INFO:engine.post.parallel_aff_agglomerate:did not merge (1711276334, 1711276553)
INFO:engine.post.parallel_aff_agglomerate:did not merge (1711276334, 1711276554)
INFO:engine.post.parallel_aff_agglomerate:did not merge (1711276287, 1711276553)
INFO:engine.post.parallel_aff_agglomerate:did not merge (1711276287, 1711276554)
INFO:engine.post.parallel_aff_agglomerate:did not merge (1711276665, 1711276792)
INFO:engine.post.parallel_aff_agglomerate:did not merge (1711276706, 1711276792)
INFO:engine.post.parallel_aff_agglomerate:did not merge (1711276216, 1711276802)
INFO:engine.post.parallel_aff_agglomerate:did not merge (1711276722, 1711276792)
INFO:engine.post.parallel_aff_agglomerate:did not merge (1711276936, 1711276993)
INFO:engine.post.parallel_aff_agglomerate:did not merge (2315256523, 2315256567)
INFO:engine.post.parallel_aff_agglomerate:did not merge (1711277299, 1711277332)
INFO:engine.post.parallel_aff_agglomerate:did not merge (1711277299, 1711277333)
INFO:engine.post.parallel_aff_agglomerate:did not merge (1241516185, 1241516201)
INFO:engine.post.parallel_aff_agglomerate:did not merge (1241516185, 1711277709)
INFO:engine.post.parallel_aff_agglomerate:did not merge (1711277698, 1711277709)
INFO:engine.post.parallel_aff_agglomerate:merged 9263 edges
INFO:engine.post.parallel_aff_agglomerate:Agglomerating in block [6640:7504, 6640:8688, 14832:16880] (864, 2048, 2048) with context of [6512:7632, 6512:8816, 14704:17008] (1120, 2304, 2304)
INFO:engine.post.parallel_aff_agglomerate:did not merge (6392121173, 8019509689)
INFO:engine.post.parallel_aff_agglomerate:did not merge (6392121173, 8019509780)
INFO:engine.post.parallel_aff_agglomerate:did not merge (8019509901, 8019509904)
INFO:engine.post.parallel_aff_agglomerate:did not merge (8019509901, 8019509906)
INFO:engine.post.parallel_aff_agglomerate:did not merge (8019509901, 8019509947)
INFO:engine.post.parallel_aff_agglomerate:did not merge (8019509901, 9915334828)
INFO:engine.post.parallel_aff_agglomerate:did not merge (8019509855, 8019509900)
INFO:engine.post.parallel_aff_agglomerate:did not merge (8019509855, 8019509904)
INFO:engine.post.parallel_aff_agglomerate:did not merge (8019509855, 8019509906)
INFO:engine.post.parallel_aff_agglomerate:did not merge (6392121238, 8019509689)
INFO:engine.post.parallel_aff_agglomerate:did not merge (5083499704, 5083499818)
INFO:engine.post.parallel_aff_agglomerate:did not merge (5083499704, 5083500045)
INFO:engine.post.parallel_aff_agglomerate:did not merge (5083499704, 6509560192)
INFO:engine.post.parallel_aff_agglomerate:did not merge (5083499927, 5083500045)
INFO:engine.post.parallel_aff_agglomerate:did not merge (6492783762, 8153727111)
INFO:engine.post.parallel_aff_agglomerate:did not merge (5083499890, 5083499911)
INFO:engine.post.parallel_aff_agglomerate:did not merge (6408896931, 6408897172)
INFO:engine.post.parallel_aff_agglomerate:did not merge (6408897000, 6408897172)
INFO:engine.post.parallel_aff_agglomerate:did not merge (5100274121, 5100274179)
INFO:engine.post.parallel_aff_agglomerate:did not merge (5100274121, 5100274200)
INFO:engine.post.parallel_aff_agglomerate:did not merge (5100274121, 5100274213)
INFO:engine.post.parallel_aff_agglomerate:did not merge (5100274121, 5100274234)
INFO:engine.post.parallel_aff_agglomerate:did not merge (5100274121, 5100274241)
INFO:engine.post.parallel_aff_agglomerate:did not merge (5100274121, 5100274343)
INFO:engine.post.parallel_aff_agglomerate:did not merge (5100274121, 5100274378)
INFO:engine.post.parallel_aff_agglomerate:did not merge (5100274121, 5100274435)
INFO:engine.post.parallel_aff_agglomerate:did not merge (5100274121, 5100274516)
INFO:engine.post.parallel_aff_agglomerate:did not merge (5100274121, 5100274527)
INFO:engine.post.parallel_aff_agglomerate:did not merge (5100274121, 5100274539)
INFO:engine.post.parallel_aff_agglomerate:did not merge (5100274121, 5100274573)
INFO:engine.post.parallel_aff_agglomerate:did not merge (5100274121, 5100274617)
INFO:engine.post.parallel_aff_agglomerate:did not merge (5100274121, 5100274634)
INFO:engine.post.parallel_aff_agglomerate:did not merge (5100274121, 5100274648)
INFO:engine.post.parallel_aff_agglomerate:did not merge (5100274121, 5100274732)
INFO:engine.post.parallel_aff_agglomerate:did not merge (5100274121, 6408897298)
INFO:engine.post.parallel_aff_agglomerate:did not merge (6408897018, 6408897099)
INFO:engine.post.parallel_aff_agglomerate:did not merge (6408897018, 6408897172)
INFO:engine.post.parallel_aff_agglomerate:did not merge (6408897032, 6408897099)
INFO:engine.post.parallel_aff_agglomerate:did not merge (6408897032, 6408897172)
INFO:engine.post.parallel_aff_agglomerate:did not merge (5100274566, 5100274617)
INFO:engine.post.parallel_aff_agglomerate:did not merge (5100274566, 5100274634)
INFO:engine.post.parallel_aff_agglomerate:did not merge (5100274566, 5100274684)
INFO:engine.post.parallel_aff_agglomerate:did not merge (5100274566, 5100274685)
INFO:engine.post.parallel_aff_agglomerate:did not merge (5100274566, 5100274695)
INFO:engine.post.parallel_aff_agglomerate:did not merge (5100274566, 5100274704)
INFO:engine.post.parallel_aff_agglomerate:did not merge (5100274566, 5100274705)
INFO:engine.post.parallel_aff_agglomerate:did not merge (5100274566, 5100274711)
INFO:engine.post.parallel_aff_agglomerate:did not merge (7935624149, 7935624230)
INFO:engine.post.parallel_aff_agglomerate:did not merge (7935624149, 7935624231)
INFO:engine.post.parallel_aff_agglomerate:merged 9213 edges
INFO:engine.post.parallel_aff_agglomerate:Agglomerating in block [6640:7504, 6640:8688, 25072:27120] (864, 2048, 2048) with context of [6512:7632, 6512:8816, 24944:27248] (1120, 2304, 2304)
INFO:engine.post.parallel_aff_agglomerate:did not merge (19411241742, 19411241866)
INFO:engine.post.parallel_aff_agglomerate:did not merge (19411241742, 22716350626)
INFO:engine.post.parallel_aff_agglomerate:did not merge (13891536523, 13891536623)
INFO:engine.post.parallel_aff_agglomerate:did not merge (13891536523, 13891536682)
INFO:engine.post.parallel_aff_agglomerate:did not merge (13975422975, 13975422996)
INFO:engine.post.parallel_aff_agglomerate:did not merge (13975422975, 13975423089)
INFO:engine.post.parallel_aff_agglomerate:did not merge (13975423160, 16542336544)
INFO:engine.post.parallel_aff_agglomerate:did not merge (13975423160, 16659775519)
INFO:engine.post.parallel_aff_agglomerate:did not merge (13975423160, 16659775548)
INFO:engine.post.parallel_aff_agglomerate:did not merge (16542336653, 16542336663)
INFO:engine.post.parallel_aff_agglomerate:did not merge (13891536536, 13891536564)
INFO:engine.post.parallel_aff_agglomerate:did not merge (19411241654, 22699573683)
INFO:engine.post.parallel_aff_agglomerate:did not merge (16458451419, 16458451613)
INFO:engine.post.parallel_aff_agglomerate:did not merge (16458451419, 16458451834)
INFO:engine.post.parallel_aff_agglomerate:did not merge (16458451419, 19411241603)
INFO:engine.post.parallel_aff_agglomerate:did not merge (13891536624, 13891536807)
INFO:engine.post.parallel_aff_agglomerate:did not merge (13891536397, 13891536677)
INFO:engine.post.parallel_aff_agglomerate:did not merge (13891536397, 13891536682)
INFO:engine.post.parallel_aff_agglomerate:did not merge (13891536397, 16458451105)
INFO:engine.post.parallel_aff_agglomerate:did not merge (13891536397, 16458451613)
INFO:engine.post.parallel_aff_agglomerate:did not merge (13891536397, 16458451834)
INFO:engine.post.parallel_aff_agglomerate:did not merge (13891536397, 16542336571)
INFO:engine.post.parallel_aff_agglomerate:did not merge (13891536397, 16559112450)
INFO:engine.post.parallel_aff_agglomerate:did not merge (13975423019, 13975423089)
INFO:engine.post.parallel_aff_agglomerate:did not merge (13975423092, 16659775519)
INFO:engine.post.parallel_aff_agglomerate:did not merge (13975423027, 13975423089)
INFO:engine.post.parallel_aff_agglomerate:did not merge (16559112499, 16559112574)
INFO:engine.post.parallel_aff_agglomerate:did not merge (16559112397, 16559112558)
INFO:engine.post.parallel_aff_agglomerate:did not merge (16559112397, 16559112564)
INFO:engine.post.parallel_aff_agglomerate:did not merge (16559112397, 16559112566)
INFO:engine.post.parallel_aff_agglomerate:did not merge (16559112397, 16559112794)
INFO:engine.post.parallel_aff_agglomerate:did not merge (16559112722, 16559112794)
INFO:engine.post.parallel_aff_agglomerate:did not merge (16559112748, 16559112794)
INFO:engine.post.parallel_aff_agglomerate:merged 4322 edges
INFO:engine.post.parallel_aff_agglomerate:Agglomerating in block [6640:7504, 8688:9104, 8688:10736] (864, 416, 2048) with context of [6512:7632, 8560:9232, 8560:10864] (1120, 672, 2304)
INFO:engine.post.parallel_aff_agglomerate:did not merge (3053456391, 3053456665)
INFO:engine.post.parallel_aff_agglomerate:did not merge (3053456504, 3053456665)
INFO:engine.post.parallel_aff_agglomerate:did not merge (4093641080, 4093641245)
INFO:engine.post.parallel_aff_agglomerate:did not merge (4093641096, 4093641125)
INFO:engine.post.parallel_aff_agglomerate:did not merge (4093641096, 4093641199)
INFO:engine.post.parallel_aff_agglomerate:did not merge (4093641096, 4093641245)
INFO:engine.post.parallel_aff_agglomerate:did not merge (4093641042, 4093641289)
INFO:engine.post.parallel_aff_agglomerate:did not merge (4093641042, 4093641432)
INFO:engine.post.parallel_aff_agglomerate:did not merge (4093641042, 4093641509)
INFO:engine.post.parallel_aff_agglomerate:did not merge (4093641042, 4093641527)
INFO:engine.post.parallel_aff_agglomerate:did not merge (4093641042, 4093641575)
INFO:engine.post.parallel_aff_agglomerate:did not merge (4093641042, 4093641576)
INFO:engine.post.parallel_aff_agglomerate:did not merge (4093641042, 4093641589)
INFO:engine.post.parallel_aff_agglomerate:did not merge (4093641042, 4093641591)
INFO:engine.post.parallel_aff_agglomerate:did not merge (4093641042, 4093641607)
INFO:engine.post.parallel_aff_agglomerate:did not merge (4093641042, 4093641608)
INFO:engine.post.parallel_aff_agglomerate:did not merge (4093641042, 4093641628)
INFO:engine.post.parallel_aff_agglomerate:did not merge (4093641042, 4093641629)
INFO:engine.post.parallel_aff_agglomerate:did not merge (4093641042, 4093641630)
INFO:engine.post.parallel_aff_agglomerate:did not merge (4093641042, 4093641920)
INFO:engine.post.parallel_aff_agglomerate:did not merge (4093641939, 4093642006)
INFO:engine.post.parallel_aff_agglomerate:did not merge (4093642161, 4093642188)
INFO:engine.post.parallel_aff_agglomerate:did not merge (4093642405, 4093642630)
INFO:engine.post.parallel_aff_agglomerate:did not merge (4093642734, 4093642859)
INFO:engine.post.parallel_aff_agglomerate:did not merge (4093642734, 4093642862)
INFO:engine.post.parallel_aff_agglomerate:did not merge (3170895746, 3170895890)
INFO:engine.post.parallel_aff_agglomerate:merged 3392 edges
INFO:engine.post.parallel_aff_agglomerate:Agglomerating in block [6640:7504, 8688:9104, 18928:20976] (864, 416, 2048) with context of [6512:7632, 8560:9232, 18800:21104] (1120, 672, 2304)
INFO:engine.post.parallel_aff_agglomerate:did not merge (9680455989, 9680455999)
INFO:engine.post.parallel_aff_agglomerate:did not merge (9680455989, 11693722578)
INFO:engine.post.parallel_aff_agglomerate:did not merge (9680456041, 11794383341)
INFO:engine.post.parallel_aff_agglomerate:did not merge (9680456194, 11811160331)
INFO:engine.post.parallel_aff_agglomerate:did not merge (9680456134, 9680456233)
INFO:engine.post.parallel_aff_agglomerate:did not merge (9680456155, 9680456233)
INFO:engine.post.parallel_aff_agglomerate:did not merge (11811160379, 11811160389)
INFO:engine.post.parallel_aff_agglomerate:did not merge (11811160379, 11811160436)
INFO:engine.post.parallel_aff_agglomerate:did not merge (11811160401, 11811160445)
INFO:engine.post.parallel_aff_agglomerate:did not merge (11811160404, 11811160445)
INFO:engine.post.parallel_aff_agglomerate:did not merge (11811160404, 11811160459)
INFO:engine.post.parallel_aff_agglomerate:did not merge (11811160404, 11811160541)
INFO:engine.post.parallel_aff_agglomerate:did not merge (11811160508, 11811160517)
INFO:engine.post.parallel_aff_agglomerate:did not merge (11811160765, 11811160776)
INFO:engine.post.parallel_aff_agglomerate:did not merge (11811160765, 11811160789)
INFO:engine.post.parallel_aff_agglomerate:did not merge (11811160765, 11811160790)
INFO:engine.post.parallel_aff_agglomerate:did not merge (11811160765, 11811160824)
INFO:engine.post.parallel_aff_agglomerate:did not merge (11811160765, 11811160833)
INFO:engine.post.parallel_aff_agglomerate:did not merge (11811160765, 11811160844)
INFO:engine.post.parallel_aff_agglomerate:did not merge (11811160765, 11811161077)
INFO:engine.post.parallel_aff_agglomerate:did not merge (11811161026, 11811161033)
INFO:engine.post.parallel_aff_agglomerate:merged 1952 edges
INFO:engine.post.parallel_aff_agglomerate:Agglomerating in block [6640:7504, 8688:9104, 29168:29264] (864, 416, 96) with context of [6512:7632, 8560:9232, 29040:29392] (1120, 672, 352)
INFO:engine.post.parallel_aff_agglomerate:did not merge (22716351402, 22716351585)
INFO:engine.post.parallel_aff_agglomerate:did not merge (22716351402, 22716351590)
INFO:engine.post.parallel_aff_agglomerate:did not merge (22716351402, 22716351591)
INFO:engine.post.parallel_aff_agglomerate:merged 360 edges
