INFO:root:worker 4 started...
INFO:root:epsilon_agglomerate: 0.25
INFO:root:mask_file: None
INFO:root:mask_dataset: None
INFO:root:filter_fragments: 0.0
INFO:root:cfg.INS_SEGMENT.THRESHOLD 0.5
INFO:root:Running block with config daisy_logs/p667Em047677EsbCrop_fragments/config_4.yaml...
wandb: Currently logged in as: sm2667 (iconnect). Use `wandb login --relogin` to force relogin
INFO:root:Reading affs from /media/samia/DATA/mounts/cephfs/catena/lsd_outputs/AFF/3d/HEMI/model_checkpoint_300000/P667_EM04767_7_ESB_crop.zarr
INFO:root:Opening RAG DB...
INFO:root:RAG DB opened
INFO:engine.post.parallel_aff_agglomerate:Agglomerating in block [496:2544, 496:2544, 6640:8688] (2048, 2048, 2048) with context of [368:2672, 368:2672, 6512:8816] (2304, 2304, 2304)
INFO:engine.post.parallel_aff_agglomerate:merged 18427 edges
INFO:engine.post.parallel_aff_agglomerate:Agglomerating in block [496:2544, 496:2544, 16880:18928] (2048, 2048, 2048) with context of [368:2672, 368:2672, 16752:19056] (2304, 2304, 2304)
INFO:engine.post.parallel_aff_agglomerate:merged 18260 edges
INFO:engine.post.parallel_aff_agglomerate:Agglomerating in block [496:2544, 496:2544, 27120:29168] (2048, 2048, 2048) with context of [368:2672, 368:2672, 26992:29296] (2304, 2304, 2304)
INFO:engine.post.parallel_aff_agglomerate:merged 21410 edges
INFO:engine.post.parallel_aff_agglomerate:Agglomerating in block [496:2544, 2544:4592, 6640:8688] (2048, 2048, 2048) with context of [368:2672, 2416:4720, 6512:8816] (2304, 2304, 2304)
INFO:engine.post.parallel_aff_agglomerate:did not merge (67108958, 67108980)
INFO:engine.post.parallel_aff_agglomerate:did not merge (167772269, 167772302)
INFO:engine.post.parallel_aff_agglomerate:did not merge (167772269, 167772317)
INFO:engine.post.parallel_aff_agglomerate:did not merge (167772269, 167772358)
INFO:engine.post.parallel_aff_agglomerate:did not merge (167772277, 167772337)
INFO:engine.post.parallel_aff_agglomerate:did not merge (67108995, 67109137)
INFO:engine.post.parallel_aff_agglomerate:did not merge (67108995, 67109146)
INFO:engine.post.parallel_aff_agglomerate:did not merge (67108995, 67109192)
INFO:engine.post.parallel_aff_agglomerate:did not merge (67109082, 67109212)
INFO:engine.post.parallel_aff_agglomerate:did not merge (167772294, 167772302)
INFO:engine.post.parallel_aff_agglomerate:did not merge (167772294, 167772317)
INFO:engine.post.parallel_aff_agglomerate:did not merge (167772294, 167772358)
INFO:engine.post.parallel_aff_agglomerate:did not merge (167772294, 167772562)
INFO:engine.post.parallel_aff_agglomerate:did not merge (67109162, 67109212)
INFO:engine.post.parallel_aff_agglomerate:did not merge (67109162, 67109231)
INFO:engine.post.parallel_aff_agglomerate:did not merge (67109162, 67109342)
INFO:engine.post.parallel_aff_agglomerate:did not merge (67109162, 184549697)
INFO:engine.post.parallel_aff_agglomerate:did not merge (167772704, 167772722)
INFO:engine.post.parallel_aff_agglomerate:did not merge (67109460, 67109491)
INFO:engine.post.parallel_aff_agglomerate:did not merge (67109460, 67109556)
INFO:engine.post.parallel_aff_agglomerate:did not merge (67109460, 67109571)
INFO:engine.post.parallel_aff_agglomerate:did not merge (67109460, 67109591)
INFO:engine.post.parallel_aff_agglomerate:did not merge (67109460, 67109592)
INFO:engine.post.parallel_aff_agglomerate:did not merge (67109460, 67109633)
INFO:engine.post.parallel_aff_agglomerate:did not merge (67109803, 67109921)
INFO:engine.post.parallel_aff_agglomerate:did not merge (167773140, 167773181)
INFO:engine.post.parallel_aff_agglomerate:did not merge (67109853, 167773181)
INFO:engine.post.parallel_aff_agglomerate:did not merge (67109763, 67109921)
INFO:engine.post.parallel_aff_agglomerate:did not merge (67109833, 67109921)
INFO:engine.post.parallel_aff_agglomerate:did not merge (167772338, 167773819)
INFO:engine.post.parallel_aff_agglomerate:did not merge (167772338, 167773937)
INFO:engine.post.parallel_aff_agglomerate:did not merge (167772338, 167774246)
INFO:engine.post.parallel_aff_agglomerate:did not merge (167772338, 167774394)
INFO:engine.post.parallel_aff_agglomerate:did not merge (167772338, 167774412)
INFO:engine.post.parallel_aff_agglomerate:did not merge (167772338, 167774555)
INFO:engine.post.parallel_aff_agglomerate:did not merge (167772338, 167774624)
INFO:engine.post.parallel_aff_agglomerate:did not merge (167772338, 167774780)
INFO:engine.post.parallel_aff_agglomerate:did not merge (167772338, 369098814)
INFO:engine.post.parallel_aff_agglomerate:did not merge (167772304, 167772336)
INFO:engine.post.parallel_aff_agglomerate:did not merge (167772304, 167773608)
INFO:engine.post.parallel_aff_agglomerate:did not merge (167772304, 167773688)
INFO:engine.post.parallel_aff_agglomerate:did not merge (167772304, 167773819)
INFO:engine.post.parallel_aff_agglomerate:did not merge (167772304, 167773861)
INFO:engine.post.parallel_aff_agglomerate:did not merge (167772304, 167773937)
INFO:engine.post.parallel_aff_agglomerate:did not merge (167772304, 167773938)
INFO:engine.post.parallel_aff_agglomerate:did not merge (167772304, 167774167)
INFO:engine.post.parallel_aff_agglomerate:did not merge (167772304, 167774224)
INFO:engine.post.parallel_aff_agglomerate:did not merge (167772304, 369098806)
INFO:engine.post.parallel_aff_agglomerate:merged 13963 edges
INFO:engine.post.parallel_aff_agglomerate:Agglomerating in block [496:2544, 2544:4592, 18928:20976] (2048, 2048, 2048) with context of [368:2672, 2416:4720, 18800:21104] (2304, 2304, 2304)
INFO:engine.post.parallel_aff_agglomerate:did not merge (2013266063, 2013266128)
INFO:engine.post.parallel_aff_agglomerate:did not merge (2013266242, 2785017863)
INFO:engine.post.parallel_aff_agglomerate:did not merge (2768241359, 2768241397)
INFO:engine.post.parallel_aff_agglomerate:did not merge (3690988224, 3690988305)
INFO:engine.post.parallel_aff_agglomerate:did not merge (3690988224, 3690988306)
INFO:engine.post.parallel_aff_agglomerate:did not merge (3690988224, 3690988322)
INFO:engine.post.parallel_aff_agglomerate:did not merge (3690988635, 3690988648)
INFO:engine.post.parallel_aff_agglomerate:did not merge (3690988635, 3690988710)
INFO:engine.post.parallel_aff_agglomerate:did not merge (3690988635, 3690988751)
INFO:engine.post.parallel_aff_agglomerate:did not merge (2768241857, 2768241862)
INFO:engine.post.parallel_aff_agglomerate:did not merge (2768241857, 2768241910)
INFO:engine.post.parallel_aff_agglomerate:did not merge (2013267300, 2013267362)
INFO:engine.post.parallel_aff_agglomerate:did not merge (2768242013, 2768242041)
INFO:engine.post.parallel_aff_agglomerate:did not merge (2768242013, 2768242057)
INFO:engine.post.parallel_aff_agglomerate:did not merge (3690988890, 3690988967)
INFO:engine.post.parallel_aff_agglomerate:did not merge (2013267288, 2013267289)
INFO:engine.post.parallel_aff_agglomerate:did not merge (3690989048, 3690989075)
INFO:engine.post.parallel_aff_agglomerate:did not merge (3690989048, 4815063830)
INFO:engine.post.parallel_aff_agglomerate:did not merge (2768241993, 2768242449)
INFO:engine.post.parallel_aff_agglomerate:did not merge (2768241852, 2768242449)
INFO:engine.post.parallel_aff_agglomerate:did not merge (2768242713, 2768242738)
INFO:engine.post.parallel_aff_agglomerate:did not merge (2768242713, 2768242847)
INFO:engine.post.parallel_aff_agglomerate:did not merge (2013268151, 2013268229)
INFO:engine.post.parallel_aff_agglomerate:did not merge (2013268151, 2013268245)
INFO:engine.post.parallel_aff_agglomerate:did not merge (2013268151, 2013268297)
INFO:engine.post.parallel_aff_agglomerate:did not merge (2013268151, 2013268298)
INFO:engine.post.parallel_aff_agglomerate:did not merge (2013268151, 2013268549)
INFO:engine.post.parallel_aff_agglomerate:did not merge (2768242974, 2768243056)
INFO:engine.post.parallel_aff_agglomerate:did not merge (3690990101, 3690990135)
INFO:engine.post.parallel_aff_agglomerate:did not merge (3690990436, 3690990449)
INFO:engine.post.parallel_aff_agglomerate:did not merge (3690990436, 3690990498)
INFO:engine.post.parallel_aff_agglomerate:did not merge (2013267814, 2013268549)
INFO:engine.post.parallel_aff_agglomerate:did not merge (2013267814, 2013268578)
INFO:engine.post.parallel_aff_agglomerate:did not merge (2768243357, 2768243432)
INFO:engine.post.parallel_aff_agglomerate:merged 28746 edges
INFO:engine.post.parallel_aff_agglomerate:Agglomerating in block [496:2544, 2544:4592, 29168:29264] (2048, 2048, 96) with context of [368:2672, 2416:4720, 29040:29392] (2304, 2304, 352)
INFO:engine.post.parallel_aff_agglomerate:did not merge (7633633739, 7633633794)
INFO:engine.post.parallel_aff_agglomerate:did not merge (7633633793, 7633633794)
INFO:engine.post.parallel_aff_agglomerate:did not merge (7633633793, 7633633961)
INFO:engine.post.parallel_aff_agglomerate:did not merge (7633634191, 7633634205)
INFO:engine.post.parallel_aff_agglomerate:did not merge (9395241196, 9395241210)
INFO:engine.post.parallel_aff_agglomerate:did not merge (9395241196, 9395241212)
INFO:engine.post.parallel_aff_agglomerate:did not merge (7633634498, 7633634536)
INFO:engine.post.parallel_aff_agglomerate:did not merge (7633634498, 7633634548)
INFO:engine.post.parallel_aff_agglomerate:did not merge (7633634498, 7633634564)
INFO:engine.post.parallel_aff_agglomerate:did not merge (7633634498, 7633634700)
INFO:engine.post.parallel_aff_agglomerate:did not merge (7633634498, 7633634766)
INFO:engine.post.parallel_aff_agglomerate:did not merge (7633634498, 9395241212)
INFO:engine.post.parallel_aff_agglomerate:did not merge (9395241404, 9395241414)
INFO:engine.post.parallel_aff_agglomerate:merged 2427 edges
INFO:engine.post.parallel_aff_agglomerate:Agglomerating in block [496:2544, 4592:6640, 2544:4592] (2048, 2048, 2048) with context of [368:2672, 4464:6768, 2416:4720] (2304, 2304, 2304)
INFO:engine.post.parallel_aff_agglomerate:did not merge (83886157, 83886405)
INFO:engine.post.parallel_aff_agglomerate:did not merge (83886157, 83886683)
INFO:engine.post.parallel_aff_agglomerate:did not merge (83886157, 83886692)
INFO:engine.post.parallel_aff_agglomerate:did not merge (83886157, 83886693)
INFO:engine.post.parallel_aff_agglomerate:did not merge (83886157, 83886943)
INFO:engine.post.parallel_aff_agglomerate:did not merge (83886157, 83886977)
INFO:engine.post.parallel_aff_agglomerate:did not merge (83886157, 83887005)
INFO:engine.post.parallel_aff_agglomerate:did not merge (33555819, 33556240)
INFO:engine.post.parallel_aff_agglomerate:did not merge (83886229, 83886248)
INFO:engine.post.parallel_aff_agglomerate:did not merge (83886229, 83886305)
INFO:engine.post.parallel_aff_agglomerate:did not merge (83886229, 83886318)
INFO:engine.post.parallel_aff_agglomerate:did not merge (83886229, 83886340)
INFO:engine.post.parallel_aff_agglomerate:did not merge (83886229, 83886341)
INFO:engine.post.parallel_aff_agglomerate:did not merge (83886229, 83886365)
INFO:engine.post.parallel_aff_agglomerate:did not merge (83886229, 83886392)
INFO:engine.post.parallel_aff_agglomerate:did not merge (83886229, 83886393)
INFO:engine.post.parallel_aff_agglomerate:did not merge (83886229, 83886460)
INFO:engine.post.parallel_aff_agglomerate:did not merge (83886229, 83886461)
INFO:engine.post.parallel_aff_agglomerate:did not merge (83886229, 83886466)
INFO:engine.post.parallel_aff_agglomerate:did not merge (83886229, 83886475)
INFO:engine.post.parallel_aff_agglomerate:did not merge (83886229, 83886583)
INFO:engine.post.parallel_aff_agglomerate:did not merge (83886229, 83886595)
INFO:engine.post.parallel_aff_agglomerate:did not merge (83886229, 83886683)
INFO:engine.post.parallel_aff_agglomerate:did not merge (83886229, 83886693)
INFO:engine.post.parallel_aff_agglomerate:did not merge (83886229, 83886706)
INFO:engine.post.parallel_aff_agglomerate:did not merge (83886229, 83886719)
INFO:engine.post.parallel_aff_agglomerate:did not merge (83886229, 83886853)
INFO:engine.post.parallel_aff_agglomerate:did not merge (83886229, 83886860)
INFO:engine.post.parallel_aff_agglomerate:did not merge (83886229, 83887145)
INFO:engine.post.parallel_aff_agglomerate:did not merge (83886229, 83887160)
INFO:engine.post.parallel_aff_agglomerate:did not merge (83886229, 83887173)
INFO:engine.post.parallel_aff_agglomerate:did not merge (83886229, 83887289)
INFO:engine.post.parallel_aff_agglomerate:did not merge (83886229, 83887384)
INFO:engine.post.parallel_aff_agglomerate:did not merge (83886229, 83887525)
INFO:engine.post.parallel_aff_agglomerate:did not merge (83886229, 83887623)
INFO:engine.post.parallel_aff_agglomerate:did not merge (83886229, 83887786)
INFO:engine.post.parallel_aff_agglomerate:did not merge (83886229, 83887968)
INFO:engine.post.parallel_aff_agglomerate:did not merge (83886229, 83887969)
INFO:engine.post.parallel_aff_agglomerate:did not merge (83886229, 83888058)
INFO:engine.post.parallel_aff_agglomerate:did not merge (83886229, 83888331)
INFO:engine.post.parallel_aff_agglomerate:did not merge (83886229, 83888376)
INFO:engine.post.parallel_aff_agglomerate:did not merge (83886229, 83888517)
INFO:engine.post.parallel_aff_agglomerate:did not merge (83886229, 83888667)
INFO:engine.post.parallel_aff_agglomerate:did not merge (83886229, 83889008)
INFO:engine.post.parallel_aff_agglomerate:did not merge (83886229, 83889109)
INFO:engine.post.parallel_aff_agglomerate:did not merge (83886229, 83889129)
INFO:engine.post.parallel_aff_agglomerate:did not merge (83886229, 83889138)
INFO:engine.post.parallel_aff_agglomerate:did not merge (83886229, 234881404)
INFO:engine.post.parallel_aff_agglomerate:did not merge (33556176, 33556240)
INFO:engine.post.parallel_aff_agglomerate:did not merge (83887385, 83887525)
INFO:engine.post.parallel_aff_agglomerate:did not merge (83888864, 83888931)
INFO:engine.post.parallel_aff_agglomerate:did not merge (83888864, 83889007)
INFO:engine.post.parallel_aff_agglomerate:did not merge (83888827, 83888886)
INFO:engine.post.parallel_aff_agglomerate:did not merge (83888827, 83888930)
INFO:engine.post.parallel_aff_agglomerate:did not merge (83888827, 83888931)
INFO:engine.post.parallel_aff_agglomerate:did not merge (83888827, 83889007)
INFO:engine.post.parallel_aff_agglomerate:merged 17746 edges
INFO:engine.post.parallel_aff_agglomerate:Agglomerating in block [496:2544, 4592:6640, 12784:14832] (2048, 2048, 2048) with context of [368:2672, 4464:6768, 12656:14960] (2304, 2304, 2304)
INFO:engine.post.parallel_aff_agglomerate:did not merge (1426064181, 1426064306)
INFO:engine.post.parallel_aff_agglomerate:did not merge (1426064181, 1426064349)
INFO:engine.post.parallel_aff_agglomerate:did not merge (956301994, 956302012)
INFO:engine.post.parallel_aff_agglomerate:did not merge (956301994, 956302052)
INFO:engine.post.parallel_aff_agglomerate:did not merge (1426064332, 1426064388)
INFO:engine.post.parallel_aff_agglomerate:did not merge (2030043967, 2030044104)
INFO:engine.post.parallel_aff_agglomerate:did not merge (1426064530, 1426064543)
INFO:engine.post.parallel_aff_agglomerate:did not merge (1426064511, 1426064628)
INFO:engine.post.parallel_aff_agglomerate:did not merge (956302190, 956302270)
INFO:engine.post.parallel_aff_agglomerate:did not merge (956302190, 956302336)
INFO:engine.post.parallel_aff_agglomerate:did not merge (1426064723, 1426064775)
INFO:engine.post.parallel_aff_agglomerate:did not merge (1426064723, 1426064909)
INFO:engine.post.parallel_aff_agglomerate:did not merge (1426064869, 1426064993)
INFO:engine.post.parallel_aff_agglomerate:did not merge (1426064869, 1426065042)
INFO:engine.post.parallel_aff_agglomerate:did not merge (956302429, 956302691)
INFO:engine.post.parallel_aff_agglomerate:did not merge (1426065487, 1426065643)
INFO:engine.post.parallel_aff_agglomerate:did not merge (1426065487, 1426065862)
INFO:engine.post.parallel_aff_agglomerate:did not merge (1426065487, 2030044652)
INFO:engine.post.parallel_aff_agglomerate:did not merge (1426065487, 2030044725)
INFO:engine.post.parallel_aff_agglomerate:did not merge (1426065487, 2030044740)
INFO:engine.post.parallel_aff_agglomerate:did not merge (1426065487, 2030044741)
INFO:engine.post.parallel_aff_agglomerate:did not merge (2030045058, 2030045092)
INFO:engine.post.parallel_aff_agglomerate:did not merge (2030045058, 2030045101)
INFO:engine.post.parallel_aff_agglomerate:did not merge (2030045058, 2030045104)
INFO:engine.post.parallel_aff_agglomerate:did not merge (2030045058, 2030045261)
INFO:engine.post.parallel_aff_agglomerate:did not merge (1426065830, 1426065862)
INFO:engine.post.parallel_aff_agglomerate:did not merge (1426065830, 1426065863)
INFO:engine.post.parallel_aff_agglomerate:did not merge (1426065830, 1426065877)
INFO:engine.post.parallel_aff_agglomerate:did not merge (1426066036, 1426066052)
INFO:engine.post.parallel_aff_agglomerate:did not merge (2030045245, 2030045261)
INFO:engine.post.parallel_aff_agglomerate:did not merge (1426066466, 1426066475)
INFO:engine.post.parallel_aff_agglomerate:did not merge (1426066466, 1426066543)
INFO:engine.post.parallel_aff_agglomerate:did not merge (1426066466, 1426066558)
INFO:engine.post.parallel_aff_agglomerate:did not merge (1426066466, 1426066559)
INFO:engine.post.parallel_aff_agglomerate:did not merge (1426066829, 1426066893)
INFO:engine.post.parallel_aff_agglomerate:did not merge (1426066829, 1426066952)
INFO:engine.post.parallel_aff_agglomerate:did not merge (1426066877, 1426066892)
INFO:engine.post.parallel_aff_agglomerate:did not merge (1426066877, 1426066893)
INFO:engine.post.parallel_aff_agglomerate:did not merge (1426066877, 1426066958)
INFO:engine.post.parallel_aff_agglomerate:did not merge (1426066924, 1426066952)
INFO:engine.post.parallel_aff_agglomerate:did not merge (1426067145, 1426067222)
INFO:engine.post.parallel_aff_agglomerate:did not merge (1426067145, 1426067269)
INFO:engine.post.parallel_aff_agglomerate:did not merge (1426067145, 2080375188)
INFO:engine.post.parallel_aff_agglomerate:did not merge (956304570, 956304610)
INFO:engine.post.parallel_aff_agglomerate:did not merge (956304570, 956304779)
INFO:engine.post.parallel_aff_agglomerate:merged 23232 edges
INFO:engine.post.parallel_aff_agglomerate:Agglomerating in block [496:2544, 4592:6640, 23024:25072] (2048, 2048, 2048) with context of [368:2672, 4464:6768, 22896:25200] (2304, 2304, 2304)
INFO:engine.post.parallel_aff_agglomerate:did not merge (6123685288, 6123685414)
INFO:engine.post.parallel_aff_agglomerate:did not merge (6123685479, 6123685526)
INFO:engine.post.parallel_aff_agglomerate:did not merge (6123685447, 6123685698)
INFO:engine.post.parallel_aff_agglomerate:did not merge (6123685555, 6123685672)
INFO:engine.post.parallel_aff_agglomerate:did not merge (6123685555, 6123685698)
INFO:engine.post.parallel_aff_agglomerate:did not merge (6123685555, 6123686020)
INFO:engine.post.parallel_aff_agglomerate:did not merge (6123685555, 6123686043)
INFO:engine.post.parallel_aff_agglomerate:did not merge (6123685555, 6123686129)
INFO:engine.post.parallel_aff_agglomerate:did not merge (6123685555, 6123686130)
INFO:engine.post.parallel_aff_agglomerate:did not merge (6123685555, 6123686151)
INFO:engine.post.parallel_aff_agglomerate:did not merge (6123685555, 6123686175)
INFO:engine.post.parallel_aff_agglomerate:did not merge (6123685555, 6123686215)
INFO:engine.post.parallel_aff_agglomerate:did not merge (6123685555, 6123686295)
INFO:engine.post.parallel_aff_agglomerate:did not merge (6123685555, 6123686296)
INFO:engine.post.parallel_aff_agglomerate:did not merge (6123685555, 6123686297)
INFO:engine.post.parallel_aff_agglomerate:did not merge (6123685555, 6123686298)
INFO:engine.post.parallel_aff_agglomerate:did not merge (6123685555, 6123686442)
INFO:engine.post.parallel_aff_agglomerate:did not merge (6123685555, 7650412259)
INFO:engine.post.parallel_aff_agglomerate:did not merge (7650412036, 7650412259)
INFO:engine.post.parallel_aff_agglomerate:did not merge (7650412036, 7650412269)
INFO:engine.post.parallel_aff_agglomerate:did not merge (7650412036, 7650412302)
INFO:engine.post.parallel_aff_agglomerate:did not merge (7650412036, 7650412311)
INFO:engine.post.parallel_aff_agglomerate:did not merge (7650412036, 7650412389)
INFO:engine.post.parallel_aff_agglomerate:did not merge (7650412036, 7650412400)
INFO:engine.post.parallel_aff_agglomerate:did not merge (4815063983, 6123686128)
INFO:engine.post.parallel_aff_agglomerate:did not merge (6123686820, 6123687028)
INFO:engine.post.parallel_aff_agglomerate:did not merge (6123686928, 6123686962)
INFO:engine.post.parallel_aff_agglomerate:did not merge (6123687211, 6123687341)
INFO:engine.post.parallel_aff_agglomerate:did not merge (6123687211, 6123687352)
INFO:engine.post.parallel_aff_agglomerate:did not merge (6123687211, 6123687361)
INFO:engine.post.parallel_aff_agglomerate:did not merge (6123687306, 6123687352)
INFO:engine.post.parallel_aff_agglomerate:did not merge (6123687306, 6123687361)
INFO:engine.post.parallel_aff_agglomerate:did not merge (6123687459, 7700742272)
INFO:engine.post.parallel_aff_agglomerate:merged 16084 edges
INFO:engine.post.parallel_aff_agglomerate:Agglomerating in block [496:2544, 6640:8688, 4592:6640] (2048, 2048, 2048) with context of [368:2672, 6512:8816, 4464:6768] (2304, 2304, 2304)
INFO:engine.post.parallel_aff_agglomerate:did not merge (385876057, 385876090)
INFO:engine.post.parallel_aff_agglomerate:did not merge (385876057, 385876099)
INFO:engine.post.parallel_aff_agglomerate:did not merge (385876060, 385876090)
INFO:engine.post.parallel_aff_agglomerate:did not merge (385876060, 385876099)
INFO:engine.post.parallel_aff_agglomerate:did not merge (385876191, 385876277)
INFO:engine.post.parallel_aff_agglomerate:did not merge (385876171, 385876278)
INFO:engine.post.parallel_aff_agglomerate:did not merge (385876050, 385876127)
INFO:engine.post.parallel_aff_agglomerate:did not merge (385876050, 385876278)
INFO:engine.post.parallel_aff_agglomerate:did not merge (385876050, 385876341)
INFO:engine.post.parallel_aff_agglomerate:did not merge (385876050, 385876409)
INFO:engine.post.parallel_aff_agglomerate:did not merge (385876480, 385876503)
INFO:engine.post.parallel_aff_agglomerate:did not merge (385876550, 385876699)
INFO:engine.post.parallel_aff_agglomerate:did not merge (385876531, 385876648)
INFO:engine.post.parallel_aff_agglomerate:did not merge (385876591, 385876742)
INFO:engine.post.parallel_aff_agglomerate:did not merge (385876591, 385876743)
INFO:engine.post.parallel_aff_agglomerate:did not merge (218104504, 218104546)
INFO:engine.post.parallel_aff_agglomerate:did not merge (218104504, 385876819)
INFO:engine.post.parallel_aff_agglomerate:did not merge (385876650, 385876819)
INFO:engine.post.parallel_aff_agglomerate:did not merge (385876549, 385876613)
INFO:engine.post.parallel_aff_agglomerate:did not merge (218104547, 218104585)
INFO:engine.post.parallel_aff_agglomerate:did not merge (385877492, 385877538)
INFO:engine.post.parallel_aff_agglomerate:did not merge (385877492, 385877548)
INFO:engine.post.parallel_aff_agglomerate:did not merge (385877492, 385877604)
INFO:engine.post.parallel_aff_agglomerate:did not merge (385877492, 385877614)
INFO:engine.post.parallel_aff_agglomerate:did not merge (385877492, 385877621)
INFO:engine.post.parallel_aff_agglomerate:did not merge (218105421, 218105480)
INFO:engine.post.parallel_aff_agglomerate:did not merge (385877806, 385877861)
INFO:engine.post.parallel_aff_agglomerate:did not merge (385877806, 385877862)
INFO:engine.post.parallel_aff_agglomerate:did not merge (385877806, 385877944)
INFO:engine.post.parallel_aff_agglomerate:did not merge (385878355, 385878419)
INFO:engine.post.parallel_aff_agglomerate:did not merge (637536922, 1056964912)
INFO:engine.post.parallel_aff_agglomerate:merged 20932 edges
INFO:engine.post.parallel_aff_agglomerate:Agglomerating in block [496:2544, 6640:8688, 14832:16880] (2048, 2048, 2048) with context of [368:2672, 6512:8816, 14704:17008] (2304, 2304, 2304)
INFO:engine.post.parallel_aff_agglomerate:did not merge (2818572380, 2818572577)
INFO:engine.post.parallel_aff_agglomerate:did not merge (2818572413, 2818572486)
INFO:engine.post.parallel_aff_agglomerate:did not merge (2818572413, 2818572520)
INFO:engine.post.parallel_aff_agglomerate:did not merge (2818572413, 2818572569)
INFO:engine.post.parallel_aff_agglomerate:did not merge (2818572379, 2818572575)
INFO:engine.post.parallel_aff_agglomerate:did not merge (2818572379, 2818572576)
INFO:engine.post.parallel_aff_agglomerate:did not merge (2818572379, 2818572577)
INFO:engine.post.parallel_aff_agglomerate:did not merge (2818572379, 2818572620)
INFO:engine.post.parallel_aff_agglomerate:did not merge (2818572379, 2818572749)
INFO:engine.post.parallel_aff_agglomerate:did not merge (2818572579, 2818572596)
INFO:engine.post.parallel_aff_agglomerate:did not merge (2818572589, 2818572596)
INFO:engine.post.parallel_aff_agglomerate:did not merge (2818572784, 2818572961)
INFO:engine.post.parallel_aff_agglomerate:did not merge (2818572736, 2818573054)
INFO:engine.post.parallel_aff_agglomerate:did not merge (2818572736, 3741319310)
INFO:engine.post.parallel_aff_agglomerate:did not merge (2818572859, 2818572908)
INFO:engine.post.parallel_aff_agglomerate:did not merge (2818572859, 2818572919)
INFO:engine.post.parallel_aff_agglomerate:did not merge (2818572859, 2818572936)
INFO:engine.post.parallel_aff_agglomerate:did not merge (2818572859, 2818572937)
INFO:engine.post.parallel_aff_agglomerate:did not merge (2818573064, 2818573339)
INFO:engine.post.parallel_aff_agglomerate:did not merge (2818573477, 2818573576)
INFO:engine.post.parallel_aff_agglomerate:did not merge (2818573453, 2818573522)
INFO:engine.post.parallel_aff_agglomerate:did not merge (2818573639, 2818573752)
INFO:engine.post.parallel_aff_agglomerate:did not merge (2818573639, 2818573863)
INFO:engine.post.parallel_aff_agglomerate:did not merge (2818573639, 2818573942)
INFO:engine.post.parallel_aff_agglomerate:did not merge (2818573639, 2818574054)
INFO:engine.post.parallel_aff_agglomerate:did not merge (2063599433, 2063599555)
INFO:engine.post.parallel_aff_agglomerate:did not merge (2818574200, 2818574233)
INFO:engine.post.parallel_aff_agglomerate:did not merge (2818574200, 2818574259)
INFO:engine.post.parallel_aff_agglomerate:did not merge (2818574200, 2818574260)
INFO:engine.post.parallel_aff_agglomerate:did not merge (2818574200, 2818574286)
INFO:engine.post.parallel_aff_agglomerate:did not merge (2818574200, 2818574287)
INFO:engine.post.parallel_aff_agglomerate:did not merge (2818574200, 2818574306)
INFO:engine.post.parallel_aff_agglomerate:did not merge (2818574200, 2818574307)
INFO:engine.post.parallel_aff_agglomerate:did not merge (2818574200, 2818574309)
INFO:engine.post.parallel_aff_agglomerate:did not merge (2818574200, 2818574310)
INFO:engine.post.parallel_aff_agglomerate:did not merge (2818574200, 2818574311)
INFO:engine.post.parallel_aff_agglomerate:did not merge (2063600136, 2063600178)
INFO:engine.post.parallel_aff_agglomerate:did not merge (2063600136, 2818574993)
INFO:engine.post.parallel_aff_agglomerate:did not merge (2818575051, 2818575250)
INFO:engine.post.parallel_aff_agglomerate:did not merge (2818575235, 2818575250)
INFO:engine.post.parallel_aff_agglomerate:did not merge (2818575298, 2818575320)
INFO:engine.post.parallel_aff_agglomerate:did not merge (2818575415, 2818575449)
INFO:engine.post.parallel_aff_agglomerate:did not merge (2818575492, 2818575567)
INFO:engine.post.parallel_aff_agglomerate:did not merge (2818575500, 2818575567)
INFO:engine.post.parallel_aff_agglomerate:did not merge (2818575500, 2818575585)
INFO:engine.post.parallel_aff_agglomerate:did not merge (2818575704, 2818575734)
INFO:engine.post.parallel_aff_agglomerate:did not merge (2818575774, 2818575901)
INFO:engine.post.parallel_aff_agglomerate:did not merge (3741322748, 3741322768)
INFO:engine.post.parallel_aff_agglomerate:did not merge (3741322748, 3741322923)
INFO:engine.post.parallel_aff_agglomerate:did not merge (3741322748, 3741322945)
INFO:engine.post.parallel_aff_agglomerate:did not merge (3741322748, 4915724802)
INFO:engine.post.parallel_aff_agglomerate:did not merge (2818575834, 3808428365)
INFO:engine.post.parallel_aff_agglomerate:merged 26838 edges
INFO:engine.post.parallel_aff_agglomerate:Agglomerating in block [496:2544, 6640:8688, 25072:27120] (2048, 2048, 2048) with context of [368:2672, 6512:8816, 24944:27248] (2304, 2304, 2304)
INFO:engine.post.parallel_aff_agglomerate:did not merge (9445572742, 9445572773)
INFO:engine.post.parallel_aff_agglomerate:did not merge (9445572742, 9445572774)
INFO:engine.post.parallel_aff_agglomerate:did not merge (9445572742, 9445572785)
INFO:engine.post.parallel_aff_agglomerate:did not merge (9445572742, 9445572807)
INFO:engine.post.parallel_aff_agglomerate:did not merge (9445572758, 9445572772)
INFO:engine.post.parallel_aff_agglomerate:did not merge (9445572808, 11458838676)
INFO:engine.post.parallel_aff_agglomerate:did not merge (11458838736, 11458838755)
INFO:engine.post.parallel_aff_agglomerate:did not merge (11458838736, 11458838765)
INFO:engine.post.parallel_aff_agglomerate:did not merge (11458838917, 11458838979)
INFO:engine.post.parallel_aff_agglomerate:did not merge (11458838917, 11458839026)
INFO:engine.post.parallel_aff_agglomerate:did not merge (9445572746, 9445572773)
INFO:engine.post.parallel_aff_agglomerate:did not merge (9445572746, 9445572774)
INFO:engine.post.parallel_aff_agglomerate:did not merge (9445572746, 9445572785)
INFO:engine.post.parallel_aff_agglomerate:did not merge (9445572746, 9445572798)
INFO:engine.post.parallel_aff_agglomerate:did not merge (9445572746, 9445572807)
INFO:engine.post.parallel_aff_agglomerate:did not merge (9445572746, 9445572818)
INFO:engine.post.parallel_aff_agglomerate:did not merge (9445572739, 9445572783)
INFO:engine.post.parallel_aff_agglomerate:did not merge (9445572739, 9445572784)
INFO:engine.post.parallel_aff_agglomerate:did not merge (9445572739, 9445572797)
INFO:engine.post.parallel_aff_agglomerate:did not merge (9445572739, 9445572851)
INFO:engine.post.parallel_aff_agglomerate:did not merge (9445572739, 9445572853)
INFO:engine.post.parallel_aff_agglomerate:did not merge (9445572739, 9445572865)
INFO:engine.post.parallel_aff_agglomerate:did not merge (9445572739, 9445572867)
INFO:engine.post.parallel_aff_agglomerate:did not merge (9445572739, 9445572879)
INFO:engine.post.parallel_aff_agglomerate:did not merge (9445572739, 9445572904)
INFO:engine.post.parallel_aff_agglomerate:did not merge (9445572739, 9445572927)
INFO:engine.post.parallel_aff_agglomerate:did not merge (9445573411, 9445573475)
INFO:engine.post.parallel_aff_agglomerate:did not merge (9445573411, 9445573505)
INFO:engine.post.parallel_aff_agglomerate:did not merge (9445573477, 9445573505)
INFO:engine.post.parallel_aff_agglomerate:did not merge (9445573477, 9445573565)
INFO:engine.post.parallel_aff_agglomerate:did not merge (9445573517, 9445573565)
INFO:engine.post.parallel_aff_agglomerate:did not merge (9445573862, 9445574061)
INFO:engine.post.parallel_aff_agglomerate:did not merge (11458840395, 11458840466)
INFO:engine.post.parallel_aff_agglomerate:did not merge (11458840395, 13790873387)
INFO:engine.post.parallel_aff_agglomerate:did not merge (11458840414, 11458840466)
INFO:engine.post.parallel_aff_agglomerate:did not merge (11458840501, 11458840615)
INFO:engine.post.parallel_aff_agglomerate:did not merge (11458840565, 11458840571)
INFO:engine.post.parallel_aff_agglomerate:did not merge (11458840565, 11458840615)
INFO:engine.post.parallel_aff_agglomerate:did not merge (11458840565, 11458840633)
INFO:engine.post.parallel_aff_agglomerate:did not merge (11458840565, 11458840645)
INFO:engine.post.parallel_aff_agglomerate:did not merge (11458840565, 11458840647)
INFO:engine.post.parallel_aff_agglomerate:did not merge (11458840565, 11458840663)
INFO:engine.post.parallel_aff_agglomerate:did not merge (7683966365, 7683966564)
INFO:engine.post.parallel_aff_agglomerate:did not merge (7683966365, 7683966678)
INFO:engine.post.parallel_aff_agglomerate:did not merge (11458840665, 11458840682)
INFO:engine.post.parallel_aff_agglomerate:did not merge (11458840746, 11458840757)
INFO:engine.post.parallel_aff_agglomerate:did not merge (11458840746, 11458840764)
INFO:engine.post.parallel_aff_agglomerate:did not merge (11458840831, 11458840864)
INFO:engine.post.parallel_aff_agglomerate:did not merge (11458840831, 11458840879)
INFO:engine.post.parallel_aff_agglomerate:did not merge (9445574871, 9445574891)
INFO:engine.post.parallel_aff_agglomerate:did not merge (11458841163, 11458841352)
INFO:engine.post.parallel_aff_agglomerate:did not merge (11458841163, 11458841382)
INFO:engine.post.parallel_aff_agglomerate:did not merge (11458841163, 11458841483)
INFO:engine.post.parallel_aff_agglomerate:did not merge (9445575525, 9445575533)
INFO:engine.post.parallel_aff_agglomerate:did not merge (9445575525, 9445575534)
INFO:engine.post.parallel_aff_agglomerate:did not merge (9445575525, 9445575663)
INFO:engine.post.parallel_aff_agglomerate:did not merge (9445575525, 9445575699)
INFO:engine.post.parallel_aff_agglomerate:did not merge (9445575525, 9445575713)
INFO:engine.post.parallel_aff_agglomerate:did not merge (9445575525, 9445575724)
INFO:engine.post.parallel_aff_agglomerate:did not merge (9445575525, 9445575733)
INFO:engine.post.parallel_aff_agglomerate:did not merge (9445575525, 9445575767)
INFO:engine.post.parallel_aff_agglomerate:did not merge (9445575525, 9445575784)
INFO:engine.post.parallel_aff_agglomerate:did not merge (9445575525, 9445575798)
INFO:engine.post.parallel_aff_agglomerate:did not merge (9445575877, 9445575912)
INFO:engine.post.parallel_aff_agglomerate:did not merge (9445575614, 9445575941)
INFO:engine.post.parallel_aff_agglomerate:did not merge (9445575614, 11525947690)
INFO:engine.post.parallel_aff_agglomerate:merged 14322 edges
INFO:engine.post.parallel_aff_agglomerate:Agglomerating in block [496:2544, 8688:9104, 12784:14832] (2048, 416, 2048) with context of [368:2672, 8560:9232, 12656:14960] (2304, 672, 2304)
INFO:engine.post.parallel_aff_agglomerate:did not merge (2868904096, 2868904139)
INFO:engine.post.parallel_aff_agglomerate:did not merge (2868904096, 2868904154)
INFO:engine.post.parallel_aff_agglomerate:did not merge (2113929557, 2113929558)
INFO:engine.post.parallel_aff_agglomerate:did not merge (2113929557, 2113929666)
INFO:engine.post.parallel_aff_agglomerate:did not merge (2113929557, 2868904263)
INFO:engine.post.parallel_aff_agglomerate:did not merge (2113929557, 2868904428)
INFO:engine.post.parallel_aff_agglomerate:did not merge (2868904334, 2868904428)
INFO:engine.post.parallel_aff_agglomerate:did not merge (2868904334, 2868904601)
INFO:engine.post.parallel_aff_agglomerate:did not merge (2936013103, 2936013113)
INFO:engine.post.parallel_aff_agglomerate:did not merge (2936013103, 2936013120)
INFO:engine.post.parallel_aff_agglomerate:did not merge (2936013103, 2936013187)
INFO:engine.post.parallel_aff_agglomerate:did not merge (2936013331, 2936013382)
INFO:engine.post.parallel_aff_agglomerate:did not merge (2113931437, 2113931481)
INFO:engine.post.parallel_aff_agglomerate:did not merge (2113931437, 2113931507)
INFO:engine.post.parallel_aff_agglomerate:did not merge (2113931437, 2113931559)
INFO:engine.post.parallel_aff_agglomerate:did not merge (2936013600, 2936013627)
INFO:engine.post.parallel_aff_agglomerate:did not merge (2936013600, 2936013633)
INFO:engine.post.parallel_aff_agglomerate:did not merge (2936013600, 2936013636)
INFO:engine.post.parallel_aff_agglomerate:did not merge (2936013600, 2936013648)
INFO:engine.post.parallel_aff_agglomerate:did not merge (2113931740, 2113931900)
INFO:engine.post.parallel_aff_agglomerate:did not merge (2936013640, 2936013648)
INFO:engine.post.parallel_aff_agglomerate:did not merge (2868906520, 2868906583)
INFO:engine.post.parallel_aff_agglomerate:did not merge (2868906520, 2868906621)
INFO:engine.post.parallel_aff_agglomerate:did not merge (2868906520, 2868906622)
INFO:engine.post.parallel_aff_agglomerate:did not merge (2868906520, 2868906804)
INFO:engine.post.parallel_aff_agglomerate:did not merge (2936013712, 2936013735)
INFO:engine.post.parallel_aff_agglomerate:did not merge (2868906685, 2868906753)
INFO:engine.post.parallel_aff_agglomerate:did not merge (2868906685, 2868906784)
INFO:engine.post.parallel_aff_agglomerate:did not merge (2936013729, 2936013748)
INFO:engine.post.parallel_aff_agglomerate:did not merge (2868907099, 2868907279)
INFO:engine.post.parallel_aff_agglomerate:did not merge (2868907099, 2868907315)
INFO:engine.post.parallel_aff_agglomerate:did not merge (2936013780, 2936013803)
INFO:engine.post.parallel_aff_agglomerate:did not merge (2113932563, 2113932847)
INFO:engine.post.parallel_aff_agglomerate:did not merge (2113932563, 2868906477)
INFO:engine.post.parallel_aff_agglomerate:did not merge (2113932563, 2868906622)
INFO:engine.post.parallel_aff_agglomerate:did not merge (2868907062, 2868907090)
INFO:engine.post.parallel_aff_agglomerate:did not merge (2868907062, 2868907177)
INFO:engine.post.parallel_aff_agglomerate:did not merge (2868907062, 2868907215)
INFO:engine.post.parallel_aff_agglomerate:did not merge (2868907062, 2868907217)
INFO:engine.post.parallel_aff_agglomerate:did not merge (2936013783, 2936013803)
INFO:engine.post.parallel_aff_agglomerate:did not merge (2868907203, 2868907215)
INFO:engine.post.parallel_aff_agglomerate:did not merge (2868907203, 2868907217)
INFO:engine.post.parallel_aff_agglomerate:did not merge (2868907203, 2868907329)
INFO:engine.post.parallel_aff_agglomerate:did not merge (2868907203, 2868907402)
INFO:engine.post.parallel_aff_agglomerate:did not merge (2868907331, 2868907493)
INFO:engine.post.parallel_aff_agglomerate:did not merge (2868907297, 2868907312)
INFO:engine.post.parallel_aff_agglomerate:did not merge (2868907297, 2868907315)
INFO:engine.post.parallel_aff_agglomerate:did not merge (2868907297, 2868907383)
INFO:engine.post.parallel_aff_agglomerate:did not merge (2868907387, 2868907517)
INFO:engine.post.parallel_aff_agglomerate:did not merge (2868907387, 2868907539)
INFO:engine.post.parallel_aff_agglomerate:did not merge (2868907387, 2868907540)
INFO:engine.post.parallel_aff_agglomerate:did not merge (3791653848, 3791653908)
INFO:engine.post.parallel_aff_agglomerate:did not merge (3791653848, 3791653942)
INFO:engine.post.parallel_aff_agglomerate:did not merge (3791654149, 3791654243)
INFO:engine.post.parallel_aff_agglomerate:did not merge (3791654149, 4966056693)
INFO:engine.post.parallel_aff_agglomerate:did not merge (2868907660, 2868907673)
INFO:engine.post.parallel_aff_agglomerate:did not merge (2868907660, 2868907934)
INFO:engine.post.parallel_aff_agglomerate:did not merge (2868907659, 2868907752)
INFO:engine.post.parallel_aff_agglomerate:did not merge (2868907727, 2868907826)
INFO:engine.post.parallel_aff_agglomerate:did not merge (2868907727, 2868907840)
INFO:engine.post.parallel_aff_agglomerate:did not merge (2868907727, 3875537389)
INFO:engine.post.parallel_aff_agglomerate:did not merge (2868907783, 2868907934)
INFO:engine.post.parallel_aff_agglomerate:did not merge (2868907783, 2868907952)
INFO:engine.post.parallel_aff_agglomerate:did not merge (2868907783, 3875537237)
INFO:engine.post.parallel_aff_agglomerate:did not merge (2868907783, 3875537498)
INFO:engine.post.parallel_aff_agglomerate:merged 6248 edges
INFO:engine.post.parallel_aff_agglomerate:Agglomerating in block [496:2544, 8688:9104, 23024:25072] (2048, 416, 2048) with context of [368:2672, 8560:9232, 22896:25200] (2304, 672, 2304)
INFO:engine.post.parallel_aff_agglomerate:did not merge (9563013199, 9563013204)
INFO:engine.post.parallel_aff_agglomerate:did not merge (9563013199, 9563013205)
INFO:engine.post.parallel_aff_agglomerate:did not merge (9563013199, 9563013207)
INFO:engine.post.parallel_aff_agglomerate:did not merge (9563013199, 9563013222)
INFO:engine.post.parallel_aff_agglomerate:did not merge (7734297105, 7734297106)
INFO:engine.post.parallel_aff_agglomerate:did not merge (7734297105, 7734297107)
INFO:engine.post.parallel_aff_agglomerate:did not merge (7734297105, 7734297116)
INFO:engine.post.parallel_aff_agglomerate:did not merge (7734297105, 9563013255)
INFO:engine.post.parallel_aff_agglomerate:did not merge (9495904781, 9495904835)
INFO:engine.post.parallel_aff_agglomerate:did not merge (7734297314, 7734297415)
INFO:engine.post.parallel_aff_agglomerate:did not merge (11509171203, 11509171565)
INFO:engine.post.parallel_aff_agglomerate:did not merge (7734297346, 7734297398)
INFO:engine.post.parallel_aff_agglomerate:did not merge (7734297391, 7734297425)
INFO:engine.post.parallel_aff_agglomerate:did not merge (7734297484, 7734297490)
INFO:engine.post.parallel_aff_agglomerate:did not merge (7734297484, 9563013457)
INFO:engine.post.parallel_aff_agglomerate:did not merge (9495904690, 9495905194)
INFO:engine.post.parallel_aff_agglomerate:did not merge (9495904690, 9495905266)
INFO:engine.post.parallel_aff_agglomerate:did not merge (9495904690, 9495905281)
INFO:engine.post.parallel_aff_agglomerate:did not merge (7734297553, 7734297607)
INFO:engine.post.parallel_aff_agglomerate:did not merge (7734297553, 9563013457)
INFO:engine.post.parallel_aff_agglomerate:did not merge (9495905549, 9495905696)
INFO:engine.post.parallel_aff_agglomerate:did not merge (9495905290, 9495905477)
INFO:engine.post.parallel_aff_agglomerate:did not merge (9495905290, 9495905510)
INFO:engine.post.parallel_aff_agglomerate:did not merge (9495905290, 9495905709)
INFO:engine.post.parallel_aff_agglomerate:did not merge (9495905679, 9495905696)
INFO:engine.post.parallel_aff_agglomerate:did not merge (9495905679, 9495905874)
INFO:engine.post.parallel_aff_agglomerate:did not merge (11509172634, 11509172725)
INFO:engine.post.parallel_aff_agglomerate:did not merge (9495905789, 9495906050)
INFO:engine.post.parallel_aff_agglomerate:did not merge (9495905954, 9495906019)
INFO:engine.post.parallel_aff_agglomerate:did not merge (9495905974, 9495906036)
INFO:engine.post.parallel_aff_agglomerate:did not merge (11509172853, 11509172854)
INFO:engine.post.parallel_aff_agglomerate:did not merge (11509172853, 11509172921)
INFO:engine.post.parallel_aff_agglomerate:did not merge (11509172853, 11509172935)
INFO:engine.post.parallel_aff_agglomerate:did not merge (11509172853, 13874757884)
INFO:engine.post.parallel_aff_agglomerate:did not merge (11509172853, 13874758003)
INFO:engine.post.parallel_aff_agglomerate:did not merge (11509172853, 13874758017)
INFO:engine.post.parallel_aff_agglomerate:merged 3799 edges
INFO:engine.post.parallel_aff_agglomerate:Agglomerating in block [2544:4592, 496:2544, 2544:4592] (2048, 2048, 2048) with context of [2416:4720, 368:2672, 2416:4720] (2304, 2304, 2304)
INFO:engine.post.parallel_aff_agglomerate:did not merge (67112014, 67112033)
INFO:engine.post.parallel_aff_agglomerate:did not merge (67112014, 67112133)
INFO:engine.post.parallel_aff_agglomerate:did not merge (67111924, 67111971)
INFO:engine.post.parallel_aff_agglomerate:did not merge (67111924, 67111982)
INFO:engine.post.parallel_aff_agglomerate:did not merge (67111924, 67112164)
INFO:engine.post.parallel_aff_agglomerate:did not merge (67111924, 67112271)
INFO:engine.post.parallel_aff_agglomerate:did not merge (67111924, 67112371)
INFO:engine.post.parallel_aff_agglomerate:did not merge (67112046, 67112047)
INFO:engine.post.parallel_aff_agglomerate:did not merge (67112017, 67112018)
INFO:engine.post.parallel_aff_agglomerate:did not merge (67112017, 67112033)
INFO:engine.post.parallel_aff_agglomerate:did not merge (67112017, 67112133)
INFO:engine.post.parallel_aff_agglomerate:did not merge (67112017, 67112136)
INFO:engine.post.parallel_aff_agglomerate:did not merge (67112017, 67112152)
INFO:engine.post.parallel_aff_agglomerate:did not merge (67112017, 67112174)
INFO:engine.post.parallel_aff_agglomerate:did not merge (67112017, 67112197)
INFO:engine.post.parallel_aff_agglomerate:did not merge (67112017, 67112339)
INFO:engine.post.parallel_aff_agglomerate:did not merge (67112017, 201326962)
INFO:engine.post.parallel_aff_agglomerate:did not merge (67112017, 201327128)
INFO:engine.post.parallel_aff_agglomerate:did not merge (83889103, 83889144)
INFO:engine.post.parallel_aff_agglomerate:did not merge (83889065, 83889133)
INFO:engine.post.parallel_aff_agglomerate:did not merge (83889065, 83889143)
INFO:engine.post.parallel_aff_agglomerate:did not merge (83889065, 83889318)
INFO:engine.post.parallel_aff_agglomerate:did not merge (67112170, 67112277)
INFO:engine.post.parallel_aff_agglomerate:did not merge (67112170, 67112334)
INFO:engine.post.parallel_aff_agglomerate:did not merge (67112170, 67112408)
INFO:engine.post.parallel_aff_agglomerate:did not merge (67112170, 201327066)
INFO:engine.post.parallel_aff_agglomerate:did not merge (67112170, 201327123)
INFO:engine.post.parallel_aff_agglomerate:did not merge (67112233, 67112428)
INFO:engine.post.parallel_aff_agglomerate:did not merge (67112233, 67112544)
INFO:engine.post.parallel_aff_agglomerate:did not merge (83889115, 83889144)
INFO:engine.post.parallel_aff_agglomerate:did not merge (83889115, 83889179)
INFO:engine.post.parallel_aff_agglomerate:did not merge (83889125, 83889144)
INFO:engine.post.parallel_aff_agglomerate:did not merge (83889125, 83889179)
INFO:engine.post.parallel_aff_agglomerate:did not merge (83889125, 83889582)
INFO:engine.post.parallel_aff_agglomerate:did not merge (83889250, 83889251)
INFO:engine.post.parallel_aff_agglomerate:merged 29947 edges
INFO:engine.post.parallel_aff_agglomerate:Agglomerating in block [2544:4592, 496:2544, 14832:16880] (2048, 2048, 2048) with context of [2416:4720, 368:2672, 14704:17008] (2304, 2304, 2304)
INFO:engine.post.parallel_aff_agglomerate:did not merge (939526471, 939526542)
INFO:engine.post.parallel_aff_agglomerate:did not merge (2030046609, 2030046673)
INFO:engine.post.parallel_aff_agglomerate:did not merge (2030046609, 2030047064)
INFO:engine.post.parallel_aff_agglomerate:did not merge (1409288727, 2030046398)
INFO:engine.post.parallel_aff_agglomerate:did not merge (2785021138, 2785021139)
INFO:engine.post.parallel_aff_agglomerate:did not merge (2785021138, 2785021157)
INFO:engine.post.parallel_aff_agglomerate:did not merge (1409288735, 2030046321)
INFO:engine.post.parallel_aff_agglomerate:did not merge (2785020652, 2785020921)
INFO:engine.post.parallel_aff_agglomerate:did not merge (2785020652, 2785021154)
INFO:engine.post.parallel_aff_agglomerate:did not merge (2785020652, 2785021167)
INFO:engine.post.parallel_aff_agglomerate:did not merge (2785020652, 2785021337)
INFO:engine.post.parallel_aff_agglomerate:did not merge (1409289099, 2013268396)
INFO:engine.post.parallel_aff_agglomerate:did not merge (1409288851, 2013268369)
INFO:engine.post.parallel_aff_agglomerate:did not merge (939526515, 939526543)
INFO:engine.post.parallel_aff_agglomerate:did not merge (939526515, 1442840805)
INFO:engine.post.parallel_aff_agglomerate:did not merge (2013268573, 2013268690)
INFO:engine.post.parallel_aff_agglomerate:did not merge (2013268573, 2801795278)
INFO:engine.post.parallel_aff_agglomerate:did not merge (939526594, 939526631)
INFO:engine.post.parallel_aff_agglomerate:did not merge (939526486, 939526633)
INFO:engine.post.parallel_aff_agglomerate:did not merge (939526486, 939526692)
INFO:engine.post.parallel_aff_agglomerate:did not merge (939526486, 1442840955)
INFO:engine.post.parallel_aff_agglomerate:did not merge (2013268858, 2801795375)
INFO:engine.post.parallel_aff_agglomerate:did not merge (2013268858, 2801795474)
INFO:engine.post.parallel_aff_agglomerate:did not merge (2030046791, 2030046968)
INFO:engine.post.parallel_aff_agglomerate:did not merge (2030046791, 2030047064)
INFO:engine.post.parallel_aff_agglomerate:did not merge (2030046791, 2835350150)
INFO:engine.post.parallel_aff_agglomerate:did not merge (2030046791, 2835350247)
INFO:engine.post.parallel_aff_agglomerate:did not merge (2030046935, 2835350066)
INFO:engine.post.parallel_aff_agglomerate:did not merge (2030046773, 2030047064)
INFO:engine.post.parallel_aff_agglomerate:did not merge (2030046884, 2030047064)
INFO:engine.post.parallel_aff_agglomerate:did not merge (2030046884, 2835350066)
INFO:engine.post.parallel_aff_agglomerate:did not merge (939526745, 939526831)
INFO:engine.post.parallel_aff_agglomerate:merged 16455 edges
INFO:engine.post.parallel_aff_agglomerate:Agglomerating in block [2544:4592, 496:2544, 25072:27120] (2048, 2048, 2048) with context of [2416:4720, 368:2672, 24944:27248] (2304, 2304, 2304)
INFO:engine.post.parallel_aff_agglomerate:did not merge (6106909378, 6106909379)
INFO:engine.post.parallel_aff_agglomerate:did not merge (6106909378, 6106909388)
INFO:engine.post.parallel_aff_agglomerate:did not merge (6106909378, 6106909389)
INFO:engine.post.parallel_aff_agglomerate:did not merge (6106909378, 6106909394)
INFO:engine.post.parallel_aff_agglomerate:did not merge (6106909378, 6106909406)
INFO:engine.post.parallel_aff_agglomerate:did not merge (6106909378, 6106909407)
INFO:engine.post.parallel_aff_agglomerate:did not merge (6106909378, 6106909410)
INFO:engine.post.parallel_aff_agglomerate:did not merge (6106909378, 6106909411)
INFO:engine.post.parallel_aff_agglomerate:did not merge (6106909378, 6106909420)
INFO:engine.post.parallel_aff_agglomerate:did not merge (6106909378, 6106909429)
INFO:engine.post.parallel_aff_agglomerate:did not merge (6106909378, 6106909431)
INFO:engine.post.parallel_aff_agglomerate:did not merge (6106909378, 6106909441)
INFO:engine.post.parallel_aff_agglomerate:did not merge (6106909378, 6106909442)
INFO:engine.post.parallel_aff_agglomerate:did not merge (6106909378, 6106909452)
INFO:engine.post.parallel_aff_agglomerate:did not merge (6106909378, 6106909454)
INFO:engine.post.parallel_aff_agglomerate:did not merge (6106909378, 6106909459)
INFO:engine.post.parallel_aff_agglomerate:did not merge (6106909378, 6106909460)
INFO:engine.post.parallel_aff_agglomerate:did not merge (6106909378, 6106909468)
INFO:engine.post.parallel_aff_agglomerate:did not merge (6106909378, 6106909470)
INFO:engine.post.parallel_aff_agglomerate:did not merge (6106909378, 6106909475)
INFO:engine.post.parallel_aff_agglomerate:did not merge (6106909378, 6106909479)
INFO:engine.post.parallel_aff_agglomerate:did not merge (6106909378, 6106909481)
INFO:engine.post.parallel_aff_agglomerate:did not merge (6106909378, 6106909491)
INFO:engine.post.parallel_aff_agglomerate:did not merge (6106909378, 6106909493)
INFO:engine.post.parallel_aff_agglomerate:did not merge (6106909378, 6106909494)
INFO:engine.post.parallel_aff_agglomerate:did not merge (6106909378, 6106909495)
INFO:engine.post.parallel_aff_agglomerate:did not merge (6106909378, 6106909496)
INFO:engine.post.parallel_aff_agglomerate:did not merge (6106909378, 6106909503)
INFO:engine.post.parallel_aff_agglomerate:did not merge (6106909378, 6106909505)
INFO:engine.post.parallel_aff_agglomerate:did not merge (6106909378, 6106909513)
INFO:engine.post.parallel_aff_agglomerate:did not merge (6106909378, 6106909515)
INFO:engine.post.parallel_aff_agglomerate:did not merge (6106909378, 6106909516)
INFO:engine.post.parallel_aff_agglomerate:did not merge (6106909378, 6106909520)
INFO:engine.post.parallel_aff_agglomerate:did not merge (6106909378, 6106909528)
INFO:engine.post.parallel_aff_agglomerate:did not merge (6106909378, 6106909531)
INFO:engine.post.parallel_aff_agglomerate:did not merge (6106909378, 6106909534)
INFO:engine.post.parallel_aff_agglomerate:did not merge (6106909378, 6106909535)
INFO:engine.post.parallel_aff_agglomerate:did not merge (6106909378, 6106909536)
INFO:engine.post.parallel_aff_agglomerate:did not merge (6106909378, 6106909551)
INFO:engine.post.parallel_aff_agglomerate:did not merge (6106909378, 6106909564)
INFO:engine.post.parallel_aff_agglomerate:did not merge (6106909378, 6106909568)
INFO:engine.post.parallel_aff_agglomerate:did not merge (6106909378, 6106909572)
INFO:engine.post.parallel_aff_agglomerate:did not merge (6106909378, 6106909586)
INFO:engine.post.parallel_aff_agglomerate:did not merge (6106909378, 6106909588)
INFO:engine.post.parallel_aff_agglomerate:did not merge (6106909378, 6106909590)
INFO:engine.post.parallel_aff_agglomerate:did not merge (6106909378, 6106909591)
INFO:engine.post.parallel_aff_agglomerate:did not merge (6106909378, 6106909604)
INFO:engine.post.parallel_aff_agglomerate:did not merge (6106909378, 6106909606)
INFO:engine.post.parallel_aff_agglomerate:did not merge (6106909378, 6106909620)
INFO:engine.post.parallel_aff_agglomerate:did not merge (6106909378, 6106909643)
INFO:engine.post.parallel_aff_agglomerate:did not merge (6106909378, 6106909651)
INFO:engine.post.parallel_aff_agglomerate:did not merge (6106909378, 6106909652)
INFO:engine.post.parallel_aff_agglomerate:did not merge (6106909378, 6106909657)
INFO:engine.post.parallel_aff_agglomerate:did not merge (6106909378, 6106909672)
INFO:engine.post.parallel_aff_agglomerate:did not merge (6106909378, 7633636044)
INFO:engine.post.parallel_aff_agglomerate:did not merge (6106909378, 7633636267)
INFO:engine.post.parallel_aff_agglomerate:did not merge (6106909378, 7633636278)
INFO:engine.post.parallel_aff_agglomerate:did not merge (6106909378, 7650413116)
INFO:engine.post.parallel_aff_agglomerate:did not merge (6106909378, 7650413117)
INFO:engine.post.parallel_aff_agglomerate:did not merge (6106909378, 7650413125)
INFO:engine.post.parallel_aff_agglomerate:did not merge (6106909378, 7650413156)
INFO:engine.post.parallel_aff_agglomerate:did not merge (6106909378, 7650413198)
INFO:engine.post.parallel_aff_agglomerate:did not merge (4798286957, 6106909569)
INFO:engine.post.parallel_aff_agglomerate:did not merge (4798286957, 6106909589)
INFO:engine.post.parallel_aff_agglomerate:did not merge (7650413382, 7650413487)
INFO:engine.post.parallel_aff_agglomerate:did not merge (7650413381, 7650413490)
INFO:engine.post.parallel_aff_agglomerate:did not merge (7650413381, 7650413601)
INFO:engine.post.parallel_aff_agglomerate:did not merge (4798286765, 4798286848)
INFO:engine.post.parallel_aff_agglomerate:did not merge (4798286765, 4798286853)
INFO:engine.post.parallel_aff_agglomerate:did not merge (4798286765, 4798286888)
INFO:engine.post.parallel_aff_agglomerate:did not merge (4798286765, 6140461243)
INFO:engine.post.parallel_aff_agglomerate:did not merge (4798286766, 4798286888)
INFO:engine.post.parallel_aff_agglomerate:did not merge (7650413400, 7650413487)
INFO:engine.post.parallel_aff_agglomerate:did not merge (7650413400, 7650413511)
INFO:engine.post.parallel_aff_agglomerate:did not merge (7650413400, 7650413512)
INFO:engine.post.parallel_aff_agglomerate:did not merge (6106909560, 6106909596)
INFO:engine.post.parallel_aff_agglomerate:did not merge (6106909560, 6106909597)
INFO:engine.post.parallel_aff_agglomerate:did not merge (6106909560, 6106909690)
INFO:engine.post.parallel_aff_agglomerate:did not merge (6106909560, 6106909691)
INFO:engine.post.parallel_aff_agglomerate:did not merge (7650413546, 7650413620)
INFO:engine.post.parallel_aff_agglomerate:did not merge (7650413546, 7650413655)
INFO:engine.post.parallel_aff_agglomerate:did not merge (7650413546, 7650413733)
INFO:engine.post.parallel_aff_agglomerate:did not merge (7650413546, 9462350259)
INFO:engine.post.parallel_aff_agglomerate:did not merge (7650413546, 9462350294)
INFO:engine.post.parallel_aff_agglomerate:did not merge (4798286874, 4798286888)
INFO:engine.post.parallel_aff_agglomerate:merged 22313 edges
INFO:engine.post.parallel_aff_agglomerate:Agglomerating in block [2544:4592, 2544:4592, 8688:10736] (2048, 2048, 2048) with context of [2416:4720, 2416:4720, 8560:10864] (2304, 2304, 2304)
INFO:engine.post.parallel_aff_agglomerate:did not merge (352323382, 352323433)
INFO:engine.post.parallel_aff_agglomerate:did not merge (352323382, 352323438)
INFO:engine.post.parallel_aff_agglomerate:did not merge (352323382, 352323451)
INFO:engine.post.parallel_aff_agglomerate:did not merge (352323382, 352323484)
INFO:engine.post.parallel_aff_agglomerate:did not merge (352323382, 352323552)
INFO:engine.post.parallel_aff_agglomerate:did not merge (352323382, 352323567)
INFO:engine.post.parallel_aff_agglomerate:did not merge (352323382, 352323582)
INFO:engine.post.parallel_aff_agglomerate:did not merge (352323382, 352323627)
INFO:engine.post.parallel_aff_agglomerate:did not merge (352323382, 352323654)
INFO:engine.post.parallel_aff_agglomerate:did not merge (352323382, 352323658)
INFO:engine.post.parallel_aff_agglomerate:did not merge (352323382, 352323706)
INFO:engine.post.parallel_aff_agglomerate:did not merge (352323382, 352323911)
INFO:engine.post.parallel_aff_agglomerate:did not merge (352323382, 603982093)
INFO:engine.post.parallel_aff_agglomerate:did not merge (603982184, 603982206)
INFO:engine.post.parallel_aff_agglomerate:did not merge (352323618, 603982071)
INFO:engine.post.parallel_aff_agglomerate:did not merge (989857900, 989858008)
INFO:engine.post.parallel_aff_agglomerate:did not merge (603982087, 603982088)
INFO:engine.post.parallel_aff_agglomerate:did not merge (603982087, 603982099)
INFO:engine.post.parallel_aff_agglomerate:did not merge (603982087, 603982100)
INFO:engine.post.parallel_aff_agglomerate:did not merge (603982087, 603982111)
INFO:engine.post.parallel_aff_agglomerate:did not merge (603982087, 603982113)
INFO:engine.post.parallel_aff_agglomerate:did not merge (603982087, 603982121)
INFO:engine.post.parallel_aff_agglomerate:did not merge (603982087, 603982137)
INFO:engine.post.parallel_aff_agglomerate:did not merge (603982087, 603982152)
INFO:engine.post.parallel_aff_agglomerate:did not merge (603982087, 603982153)
INFO:engine.post.parallel_aff_agglomerate:did not merge (603982087, 603982166)
INFO:engine.post.parallel_aff_agglomerate:did not merge (603982087, 603982167)
INFO:engine.post.parallel_aff_agglomerate:did not merge (603982087, 989857756)
INFO:engine.post.parallel_aff_agglomerate:did not merge (989857912, 989857913)
INFO:engine.post.parallel_aff_agglomerate:did not merge (352323664, 352323676)
INFO:engine.post.parallel_aff_agglomerate:did not merge (352323664, 352323711)
INFO:engine.post.parallel_aff_agglomerate:did not merge (352323664, 352323722)
INFO:engine.post.parallel_aff_agglomerate:did not merge (352323664, 352323733)
INFO:engine.post.parallel_aff_agglomerate:did not merge (352323664, 352323757)
INFO:engine.post.parallel_aff_agglomerate:did not merge (352323664, 654311686)
INFO:engine.post.parallel_aff_agglomerate:did not merge (989857929, 989857987)
INFO:engine.post.parallel_aff_agglomerate:did not merge (989857929, 989857997)
INFO:engine.post.parallel_aff_agglomerate:did not merge (989857929, 989857998)
INFO:engine.post.parallel_aff_agglomerate:did not merge (989857929, 989857999)
INFO:engine.post.parallel_aff_agglomerate:did not merge (989857929, 989858008)
INFO:engine.post.parallel_aff_agglomerate:did not merge (989857929, 1526726687)
INFO:engine.post.parallel_aff_agglomerate:did not merge (989857929, 1526726884)
INFO:engine.post.parallel_aff_agglomerate:did not merge (989858116, 1526726802)
INFO:engine.post.parallel_aff_agglomerate:did not merge (335546992, 335547044)
INFO:engine.post.parallel_aff_agglomerate:did not merge (956304619, 956304629)
INFO:engine.post.parallel_aff_agglomerate:did not merge (956304619, 1476395387)
INFO:engine.post.parallel_aff_agglomerate:did not merge (335547027, 335547060)
INFO:engine.post.parallel_aff_agglomerate:did not merge (637536953, 989857998)
INFO:engine.post.parallel_aff_agglomerate:did not merge (989858043, 989858064)
INFO:engine.post.parallel_aff_agglomerate:did not merge (989858043, 989858131)
INFO:engine.post.parallel_aff_agglomerate:did not merge (989858043, 1526726940)
INFO:engine.post.parallel_aff_agglomerate:did not merge (620757142, 620757321)
INFO:engine.post.parallel_aff_agglomerate:did not merge (620757309, 620757321)
INFO:engine.post.parallel_aff_agglomerate:did not merge (620757077, 620757201)
INFO:engine.post.parallel_aff_agglomerate:did not merge (620757077, 620757333)
INFO:engine.post.parallel_aff_agglomerate:did not merge (620757077, 620757408)
INFO:engine.post.parallel_aff_agglomerate:did not merge (620757077, 620757617)
INFO:engine.post.parallel_aff_agglomerate:did not merge (620757077, 620757626)
INFO:engine.post.parallel_aff_agglomerate:did not merge (620757077, 620757726)
INFO:engine.post.parallel_aff_agglomerate:did not merge (620757077, 620757853)
INFO:engine.post.parallel_aff_agglomerate:did not merge (973080145, 973080159)
INFO:engine.post.parallel_aff_agglomerate:did not merge (973080145, 973080227)
INFO:engine.post.parallel_aff_agglomerate:did not merge (973080145, 1476396363)
INFO:engine.post.parallel_aff_agglomerate:did not merge (973080145, 1476396459)
INFO:engine.post.parallel_aff_agglomerate:did not merge (973080145, 1476396517)
INFO:engine.post.parallel_aff_agglomerate:did not merge (620759125, 620759145)
INFO:engine.post.parallel_aff_agglomerate:did not merge (620759125, 620759152)
INFO:engine.post.parallel_aff_agglomerate:did not merge (620759125, 620759167)
INFO:engine.post.parallel_aff_agglomerate:did not merge (620759125, 620759200)
INFO:engine.post.parallel_aff_agglomerate:did not merge (620759125, 620759310)
INFO:engine.post.parallel_aff_agglomerate:did not merge (620759325, 973081466)
INFO:engine.post.parallel_aff_agglomerate:did not merge (620759317, 620759368)
INFO:engine.post.parallel_aff_agglomerate:did not merge (369101450, 369101724)
INFO:engine.post.parallel_aff_agglomerate:merged 19473 edges
INFO:engine.post.parallel_aff_agglomerate:Agglomerating in block [2544:4592, 2544:4592, 14832:16880] (2048, 2048, 2048) with context of [2416:4720, 2416:4720, 14704:17008] (2304, 2304, 2304)
INFO:engine.post.parallel_aff_agglomerate:did not merge (1426067001, 1426067030)
INFO:engine.post.parallel_aff_agglomerate:did not merge (1426067001, 1426067100)
INFO:engine.post.parallel_aff_agglomerate:did not merge (1426067001, 1426067138)
INFO:engine.post.parallel_aff_agglomerate:did not merge (1426067001, 1426067151)
INFO:engine.post.parallel_aff_agglomerate:did not merge (1426067001, 1426067164)
INFO:engine.post.parallel_aff_agglomerate:did not merge (1426067001, 1426067177)
INFO:engine.post.parallel_aff_agglomerate:did not merge (1426067001, 2030046594)
INFO:engine.post.parallel_aff_agglomerate:did not merge (1426067001, 2080375142)
INFO:engine.post.parallel_aff_agglomerate:did not merge (2785021104, 3758096889)
INFO:engine.post.parallel_aff_agglomerate:did not merge (1409288727, 2030046398)
INFO:engine.post.parallel_aff_agglomerate:did not merge (2785021138, 2785021139)
INFO:engine.post.parallel_aff_agglomerate:did not merge (2785021138, 2785021157)
INFO:engine.post.parallel_aff_agglomerate:did not merge (2030046189, 2030046244)
INFO:engine.post.parallel_aff_agglomerate:did not merge (2030046189, 2030046248)
INFO:engine.post.parallel_aff_agglomerate:did not merge (2030046189, 2030046269)
INFO:engine.post.parallel_aff_agglomerate:did not merge (2030046189, 2030046275)
INFO:engine.post.parallel_aff_agglomerate:did not merge (2030046189, 2030046330)
INFO:engine.post.parallel_aff_agglomerate:did not merge (2030046189, 2030046354)
INFO:engine.post.parallel_aff_agglomerate:did not merge (2030046189, 2030046365)
INFO:engine.post.parallel_aff_agglomerate:did not merge (2030046189, 2030046366)
INFO:engine.post.parallel_aff_agglomerate:did not merge (2030046189, 2030046380)
INFO:engine.post.parallel_aff_agglomerate:did not merge (2030046189, 2030046486)
INFO:engine.post.parallel_aff_agglomerate:did not merge (1409288735, 2030046321)
INFO:engine.post.parallel_aff_agglomerate:did not merge (2785020652, 2785020921)
INFO:engine.post.parallel_aff_agglomerate:did not merge (2785020652, 2785021154)
INFO:engine.post.parallel_aff_agglomerate:did not merge (2785020652, 2785021167)
INFO:engine.post.parallel_aff_agglomerate:did not merge (1426066445, 1426066597)
INFO:engine.post.parallel_aff_agglomerate:did not merge (1426066445, 1426066869)
INFO:engine.post.parallel_aff_agglomerate:did not merge (2030046444, 2818575300)
INFO:engine.post.parallel_aff_agglomerate:did not merge (2030046444, 2818575383)
INFO:engine.post.parallel_aff_agglomerate:did not merge (2030046525, 2818575383)
INFO:engine.post.parallel_aff_agglomerate:did not merge (2818575587, 2818575830)
INFO:engine.post.parallel_aff_agglomerate:did not merge (2818575587, 3741322807)
INFO:engine.post.parallel_aff_agglomerate:did not merge (1426067088, 2030046021)
INFO:engine.post.parallel_aff_agglomerate:did not merge (2030046740, 2818575744)
INFO:engine.post.parallel_aff_agglomerate:did not merge (2030046653, 2818575450)
INFO:engine.post.parallel_aff_agglomerate:did not merge (2030046705, 2818575569)
INFO:engine.post.parallel_aff_agglomerate:did not merge (2785021336, 2785021411)
INFO:engine.post.parallel_aff_agglomerate:did not merge (2785021336, 3758096883)
INFO:engine.post.parallel_aff_agglomerate:did not merge (1442840675, 1442841161)
INFO:engine.post.parallel_aff_agglomerate:did not merge (1442840675, 1442841169)
INFO:engine.post.parallel_aff_agglomerate:did not merge (1442840675, 1442841304)
INFO:engine.post.parallel_aff_agglomerate:did not merge (1442840675, 1442841305)
INFO:engine.post.parallel_aff_agglomerate:did not merge (1442840675, 1442841307)
INFO:engine.post.parallel_aff_agglomerate:did not merge (1442840675, 1442841487)
INFO:engine.post.parallel_aff_agglomerate:did not merge (1442840675, 1442841573)
INFO:engine.post.parallel_aff_agglomerate:did not merge (1442840675, 1442841627)
INFO:engine.post.parallel_aff_agglomerate:did not merge (1442840675, 1442841628)
INFO:engine.post.parallel_aff_agglomerate:did not merge (1442840675, 1442841692)
INFO:engine.post.parallel_aff_agglomerate:did not merge (1442840675, 1442841873)
INFO:engine.post.parallel_aff_agglomerate:did not merge (1442840675, 1442841889)
INFO:engine.post.parallel_aff_agglomerate:did not merge (1442840675, 1442841905)
INFO:engine.post.parallel_aff_agglomerate:did not merge (1442840675, 1442841923)
INFO:engine.post.parallel_aff_agglomerate:did not merge (1442840675, 1442841924)
INFO:engine.post.parallel_aff_agglomerate:did not merge (1442840675, 1442841934)
INFO:engine.post.parallel_aff_agglomerate:did not merge (1442840675, 1442841951)
INFO:engine.post.parallel_aff_agglomerate:did not merge (1442840675, 1442841961)
INFO:engine.post.parallel_aff_agglomerate:did not merge (2046821236, 2046821286)
INFO:engine.post.parallel_aff_agglomerate:did not merge (2046821236, 2046821287)
INFO:engine.post.parallel_aff_agglomerate:did not merge (2046821783, 2046821807)
INFO:engine.post.parallel_aff_agglomerate:did not merge (2046821796, 2046821807)
INFO:engine.post.parallel_aff_agglomerate:did not merge (2046821922, 2046822084)
INFO:engine.post.parallel_aff_agglomerate:did not merge (2046822490, 2046822535)
INFO:engine.post.parallel_aff_agglomerate:did not merge (2046822655, 2046822733)
INFO:engine.post.parallel_aff_agglomerate:did not merge (2046822655, 2801797929)
INFO:engine.post.parallel_aff_agglomerate:did not merge (2046822683, 2046822733)
INFO:engine.post.parallel_aff_agglomerate:did not merge (2046822743, 2046822855)
INFO:engine.post.parallel_aff_agglomerate:did not merge (2046822798, 2046822855)
INFO:engine.post.parallel_aff_agglomerate:did not merge (2046822798, 2046822919)
INFO:engine.post.parallel_aff_agglomerate:did not merge (2046822798, 2046822933)
INFO:engine.post.parallel_aff_agglomerate:did not merge (2046822920, 2046822933)
INFO:engine.post.parallel_aff_agglomerate:did not merge (2046822920, 2801796291)
INFO:engine.post.parallel_aff_agglomerate:did not merge (2046822920, 2852126954)
INFO:engine.post.parallel_aff_agglomerate:merged 24223 edges
INFO:engine.post.parallel_aff_agglomerate:Agglomerating in block [2544:4592, 2544:4592, 25072:27120] (2048, 2048, 2048) with context of [2416:4720, 2416:4720, 24944:27248] (2304, 2304, 2304)
INFO:engine.post.parallel_aff_agglomerate:did not merge (4798286957, 6106909569)
INFO:engine.post.parallel_aff_agglomerate:did not merge (4798286957, 6106909589)
INFO:engine.post.parallel_aff_agglomerate:did not merge (9412021205, 9412021210)
INFO:engine.post.parallel_aff_agglomerate:did not merge (9412021084, 9412021131)
INFO:engine.post.parallel_aff_agglomerate:did not merge (7650413277, 7650413296)
INFO:engine.post.parallel_aff_agglomerate:did not merge (7650413277, 7650413334)
INFO:engine.post.parallel_aff_agglomerate:did not merge (9445575458, 9445575517)
INFO:engine.post.parallel_aff_agglomerate:did not merge (9445575458, 9445575590)
INFO:engine.post.parallel_aff_agglomerate:did not merge (9445575458, 9445575631)
INFO:engine.post.parallel_aff_agglomerate:did not merge (11458841484, 11458841486)
INFO:engine.post.parallel_aff_agglomerate:did not merge (11458841484, 11458841627)
INFO:engine.post.parallel_aff_agglomerate:did not merge (11458841484, 11458841779)
INFO:engine.post.parallel_aff_agglomerate:did not merge (11458841484, 11458841796)
INFO:engine.post.parallel_aff_agglomerate:did not merge (11458841484, 11458841815)
INFO:engine.post.parallel_aff_agglomerate:did not merge (11458841484, 11458841817)
INFO:engine.post.parallel_aff_agglomerate:did not merge (11458841484, 11458841863)
INFO:engine.post.parallel_aff_agglomerate:did not merge (11458841484, 11458842018)
INFO:engine.post.parallel_aff_agglomerate:did not merge (11458841484, 11458842019)
INFO:engine.post.parallel_aff_agglomerate:did not merge (11458841484, 11458842028)
INFO:engine.post.parallel_aff_agglomerate:did not merge (11458841484, 11458842046)
INFO:engine.post.parallel_aff_agglomerate:did not merge (11458841484, 11458842208)
INFO:engine.post.parallel_aff_agglomerate:did not merge (11458841484, 13807649215)
INFO:engine.post.parallel_aff_agglomerate:did not merge (11458841484, 13807649377)
INFO:engine.post.parallel_aff_agglomerate:did not merge (9412021237, 9412021325)
INFO:engine.post.parallel_aff_agglomerate:did not merge (9412021237, 9412021326)
INFO:engine.post.parallel_aff_agglomerate:did not merge (9412021237, 9412021327)
INFO:engine.post.parallel_aff_agglomerate:did not merge (9412021237, 9412021339)
INFO:engine.post.parallel_aff_agglomerate:did not merge (9412021237, 9412021410)
INFO:engine.post.parallel_aff_agglomerate:did not merge (9412021237, 11475616058)
INFO:engine.post.parallel_aff_agglomerate:did not merge (6106909879, 6106909911)
INFO:engine.post.parallel_aff_agglomerate:did not merge (6106909879, 6106909970)
INFO:engine.post.parallel_aff_agglomerate:did not merge (6106909879, 7667188122)
INFO:engine.post.parallel_aff_agglomerate:did not merge (6123687557, 7650413193)
INFO:engine.post.parallel_aff_agglomerate:did not merge (6123687557, 7650413220)
INFO:engine.post.parallel_aff_agglomerate:did not merge (6123687542, 6123687781)
INFO:engine.post.parallel_aff_agglomerate:did not merge (9412021412, 11475616131)
INFO:engine.post.parallel_aff_agglomerate:did not merge (9412021265, 9412021320)
INFO:engine.post.parallel_aff_agglomerate:did not merge (9412021265, 9412021325)
INFO:engine.post.parallel_aff_agglomerate:did not merge (9412021265, 9412021449)
INFO:engine.post.parallel_aff_agglomerate:did not merge (9412021365, 9412021410)
INFO:engine.post.parallel_aff_agglomerate:did not merge (7667188032, 7667188122)
INFO:engine.post.parallel_aff_agglomerate:did not merge (6140461477, 6140461502)
INFO:engine.post.parallel_aff_agglomerate:did not merge (6140461477, 6140461541)
INFO:engine.post.parallel_aff_agglomerate:did not merge (7667188327, 7667188430)
INFO:engine.post.parallel_aff_agglomerate:did not merge (6140461644, 6140461697)
INFO:engine.post.parallel_aff_agglomerate:did not merge (7667188539, 7667188608)
INFO:engine.post.parallel_aff_agglomerate:did not merge (7667189514, 7667189664)
INFO:engine.post.parallel_aff_agglomerate:did not merge (7667189569, 7667189591)
INFO:engine.post.parallel_aff_agglomerate:did not merge (7667189543, 7667189714)
INFO:engine.post.parallel_aff_agglomerate:did not merge (7667189552, 7667189664)
INFO:engine.post.parallel_aff_agglomerate:did not merge (6140462405, 6140462471)
INFO:engine.post.parallel_aff_agglomerate:did not merge (6140462405, 6140462477)
INFO:engine.post.parallel_aff_agglomerate:did not merge (6140462405, 6140462490)
INFO:engine.post.parallel_aff_agglomerate:did not merge (6140462405, 6140462515)
INFO:engine.post.parallel_aff_agglomerate:did not merge (6140462405, 6140462542)
INFO:engine.post.parallel_aff_agglomerate:did not merge (6140462405, 6140462560)
INFO:engine.post.parallel_aff_agglomerate:did not merge (7667189648, 7667189664)
INFO:engine.post.parallel_aff_agglomerate:did not merge (7667189649, 7667189673)
INFO:engine.post.parallel_aff_agglomerate:did not merge (7667189649, 7667189714)
INFO:engine.post.parallel_aff_agglomerate:did not merge (7667189580, 7667189664)
INFO:engine.post.parallel_aff_agglomerate:did not merge (7667189741, 7667189755)
INFO:engine.post.parallel_aff_agglomerate:did not merge (7667189741, 9428797136)
INFO:engine.post.parallel_aff_agglomerate:did not merge (7667190124, 7667190189)
INFO:engine.post.parallel_aff_agglomerate:did not merge (7667190124, 7667190361)
INFO:engine.post.parallel_aff_agglomerate:did not merge (7667190124, 7667190444)
INFO:engine.post.parallel_aff_agglomerate:did not merge (7667190215, 7667190444)
INFO:engine.post.parallel_aff_agglomerate:did not merge (7667190215, 9428797585)
INFO:engine.post.parallel_aff_agglomerate:did not merge (7667190292, 7667190361)
INFO:engine.post.parallel_aff_agglomerate:did not merge (7667190292, 7667190444)
INFO:engine.post.parallel_aff_agglomerate:did not merge (7667190292, 7667190469)
INFO:engine.post.parallel_aff_agglomerate:did not merge (7667190332, 7667190444)
INFO:engine.post.parallel_aff_agglomerate:did not merge (7667190638, 7667190646)
INFO:engine.post.parallel_aff_agglomerate:did not merge (7667190638, 7667190673)
INFO:engine.post.parallel_aff_agglomerate:did not merge (7667190392, 7667190444)
INFO:engine.post.parallel_aff_agglomerate:did not merge (7667190392, 7667190469)
INFO:engine.post.parallel_aff_agglomerate:did not merge (7667190392, 7667190480)
INFO:engine.post.parallel_aff_agglomerate:did not merge (7667190392, 7667190761)
INFO:engine.post.parallel_aff_agglomerate:did not merge (7667190392, 7667190774)
INFO:engine.post.parallel_aff_agglomerate:did not merge (7667190392, 7667190837)
INFO:engine.post.parallel_aff_agglomerate:did not merge (7667190392, 7667190860)
INFO:engine.post.parallel_aff_agglomerate:did not merge (7667190392, 7667190873)
INFO:engine.post.parallel_aff_agglomerate:did not merge (7667190392, 7667190886)
INFO:engine.post.parallel_aff_agglomerate:did not merge (7667190392, 7667190887)
INFO:engine.post.parallel_aff_agglomerate:did not merge (7667190392, 7667190907)
INFO:engine.post.parallel_aff_agglomerate:did not merge (7667190392, 7667190945)
INFO:engine.post.parallel_aff_agglomerate:did not merge (7667190392, 7667191095)
INFO:engine.post.parallel_aff_agglomerate:did not merge (6140463529, 6140463555)
INFO:engine.post.parallel_aff_agglomerate:did not merge (6140463529, 6140463560)
INFO:engine.post.parallel_aff_agglomerate:did not merge (6140463529, 6140463654)
INFO:engine.post.parallel_aff_agglomerate:did not merge (6140463529, 7667190723)
INFO:engine.post.parallel_aff_agglomerate:did not merge (7667190704, 7667190723)
INFO:engine.post.parallel_aff_agglomerate:did not merge (7667190704, 7667190785)
INFO:engine.post.parallel_aff_agglomerate:did not merge (7667190704, 7667190826)
INFO:engine.post.parallel_aff_agglomerate:did not merge (7667190691, 7667190723)
INFO:engine.post.parallel_aff_agglomerate:did not merge (7667190691, 7667190826)
INFO:engine.post.parallel_aff_agglomerate:did not merge (6140463782, 6140463949)
INFO:engine.post.parallel_aff_agglomerate:did not merge (6140463782, 7717519722)
INFO:engine.post.parallel_aff_agglomerate:did not merge (6140463782, 7717519834)
INFO:engine.post.parallel_aff_agglomerate:did not merge (9428798436, 11475618475)
INFO:engine.post.parallel_aff_agglomerate:did not merge (9428798436, 11475618596)
INFO:engine.post.parallel_aff_agglomerate:did not merge (9428798436, 11475618735)
INFO:engine.post.parallel_aff_agglomerate:did not merge (9428798436, 11492393071)
INFO:engine.post.parallel_aff_agglomerate:did not merge (7667190890, 7667191068)
INFO:engine.post.parallel_aff_agglomerate:did not merge (6140463814, 6140463949)
INFO:engine.post.parallel_aff_agglomerate:merged 15255 edges
INFO:engine.post.parallel_aff_agglomerate:Agglomerating in block [2544:4592, 4592:6640, 6640:8688] (2048, 2048, 2048) with context of [2416:4720, 4464:6768, 6512:8816] (2304, 2304, 2304)
INFO:engine.post.parallel_aff_agglomerate:did not merge (352323574, 352323612)
INFO:engine.post.parallel_aff_agglomerate:did not merge (352323574, 352323620)
INFO:engine.post.parallel_aff_agglomerate:did not merge (352323574, 352323621)
INFO:engine.post.parallel_aff_agglomerate:did not merge (1509952208, 1509952272)
INFO:engine.post.parallel_aff_agglomerate:did not merge (1509952208, 1509952351)
INFO:engine.post.parallel_aff_agglomerate:did not merge (1509952208, 1509952368)
INFO:engine.post.parallel_aff_agglomerate:did not merge (1509952208, 2197815467)
INFO:engine.post.parallel_aff_agglomerate:did not merge (1509952208, 2197815492)
INFO:engine.post.parallel_aff_agglomerate:did not merge (385878744, 704643274)
INFO:engine.post.parallel_aff_agglomerate:did not merge (989857828, 989857906)
INFO:engine.post.parallel_aff_agglomerate:did not merge (989858008, 989858053)
INFO:engine.post.parallel_aff_agglomerate:did not merge (402653921, 402654190)
INFO:engine.post.parallel_aff_agglomerate:did not merge (1006634169, 1006634189)
INFO:engine.post.parallel_aff_agglomerate:did not merge (1006634169, 1006634191)
INFO:engine.post.parallel_aff_agglomerate:did not merge (654312319, 654312460)
INFO:engine.post.parallel_aff_agglomerate:did not merge (654312906, 654312997)
INFO:engine.post.parallel_aff_agglomerate:did not merge (654312906, 654313061)
INFO:engine.post.parallel_aff_agglomerate:did not merge (654313078, 654313122)
INFO:engine.post.parallel_aff_agglomerate:did not merge (654313027, 654313049)
INFO:engine.post.parallel_aff_agglomerate:did not merge (654313027, 654313094)
INFO:engine.post.parallel_aff_agglomerate:did not merge (654313027, 654313199)
INFO:engine.post.parallel_aff_agglomerate:did not merge (654313164, 654313277)
INFO:engine.post.parallel_aff_agglomerate:did not merge (654313085, 654313122)
INFO:engine.post.parallel_aff_agglomerate:did not merge (654313144, 654313186)
INFO:engine.post.parallel_aff_agglomerate:did not merge (654313144, 654313198)
INFO:engine.post.parallel_aff_agglomerate:did not merge (654313144, 654313199)
INFO:engine.post.parallel_aff_agglomerate:did not merge (654313236, 654313277)
INFO:engine.post.parallel_aff_agglomerate:did not merge (654313236, 654313295)
INFO:engine.post.parallel_aff_agglomerate:did not merge (654313236, 654313318)
INFO:engine.post.parallel_aff_agglomerate:did not merge (654313236, 654313323)
INFO:engine.post.parallel_aff_agglomerate:did not merge (654313236, 654313324)
INFO:engine.post.parallel_aff_agglomerate:did not merge (654313236, 654313331)
INFO:engine.post.parallel_aff_agglomerate:did not merge (654313236, 654313332)
INFO:engine.post.parallel_aff_agglomerate:did not merge (654313603, 654313658)
INFO:engine.post.parallel_aff_agglomerate:did not merge (654313612, 654313658)
INFO:engine.post.parallel_aff_agglomerate:did not merge (402655646, 402655666)
INFO:engine.post.parallel_aff_agglomerate:did not merge (654313928, 654313988)
INFO:engine.post.parallel_aff_agglomerate:did not merge (654313928, 654314172)
INFO:engine.post.parallel_aff_agglomerate:did not merge (654313943, 654313988)
INFO:engine.post.parallel_aff_agglomerate:did not merge (654313943, 654314172)
INFO:engine.post.parallel_aff_agglomerate:merged 21101 edges
INFO:engine.post.parallel_aff_agglomerate:Agglomerating in block [2544:4592, 4592:6640, 18928:20976] (2048, 2048, 2048) with context of [2416:4720, 4464:6768, 18800:21104] (2304, 2304, 2304)
INFO:engine.post.parallel_aff_agglomerate:did not merge (4848617728, 6207571297)
INFO:engine.post.parallel_aff_agglomerate:did not merge (6207571450, 6207571514)
INFO:engine.post.parallel_aff_agglomerate:did not merge (6207571450, 6207571522)
INFO:engine.post.parallel_aff_agglomerate:did not merge (6207571450, 7818182903)
INFO:engine.post.parallel_aff_agglomerate:did not merge (3707768657, 3707768708)
INFO:engine.post.parallel_aff_agglomerate:did not merge (3707768640, 3707768820)
INFO:engine.post.parallel_aff_agglomerate:did not merge (3707768781, 3707768812)
INFO:engine.post.parallel_aff_agglomerate:did not merge (3707768691, 3707768708)
INFO:engine.post.parallel_aff_agglomerate:did not merge (4865392763, 4865393087)
INFO:engine.post.parallel_aff_agglomerate:did not merge (4865392763, 4865393140)
INFO:engine.post.parallel_aff_agglomerate:did not merge (4865392763, 4865393171)
INFO:engine.post.parallel_aff_agglomerate:did not merge (4865392763, 4865393193)
INFO:engine.post.parallel_aff_agglomerate:did not merge (4865392763, 4865393194)
INFO:engine.post.parallel_aff_agglomerate:did not merge (4865392763, 4865393208)
INFO:engine.post.parallel_aff_agglomerate:did not merge (4865392763, 4865393209)
INFO:engine.post.parallel_aff_agglomerate:did not merge (4865392763, 4865393210)
INFO:engine.post.parallel_aff_agglomerate:did not merge (4865392763, 4865393229)
INFO:engine.post.parallel_aff_agglomerate:did not merge (4865392763, 4865393230)
INFO:engine.post.parallel_aff_agglomerate:did not merge (4865392763, 4865393262)
INFO:engine.post.parallel_aff_agglomerate:did not merge (4865392763, 4865393278)
INFO:engine.post.parallel_aff_agglomerate:did not merge (4865393231, 4865393262)
INFO:engine.post.parallel_aff_agglomerate:did not merge (4865393231, 4865393278)
INFO:engine.post.parallel_aff_agglomerate:did not merge (6174015801, 6174015881)
INFO:engine.post.parallel_aff_agglomerate:did not merge (6174015801, 6174015925)
INFO:engine.post.parallel_aff_agglomerate:did not merge (6174015801, 6174015981)
INFO:engine.post.parallel_aff_agglomerate:did not merge (6174015801, 6174016079)
INFO:engine.post.parallel_aff_agglomerate:did not merge (6174015801, 6174016121)
INFO:engine.post.parallel_aff_agglomerate:did not merge (6174015801, 6174016200)
INFO:engine.post.parallel_aff_agglomerate:did not merge (3758097175, 3758097261)
INFO:engine.post.parallel_aff_agglomerate:did not merge (4865394554, 4865394570)
INFO:engine.post.parallel_aff_agglomerate:did not merge (4865394554, 4865394597)
INFO:engine.post.parallel_aff_agglomerate:did not merge (4865394554, 4865394618)
INFO:engine.post.parallel_aff_agglomerate:did not merge (3758099797, 4865394975)
INFO:engine.post.parallel_aff_agglomerate:did not merge (6174017826, 7767851084)
INFO:engine.post.parallel_aff_agglomerate:merged 13190 edges
INFO:engine.post.parallel_aff_agglomerate:Agglomerating in block [2544:4592, 4592:6640, 29168:29264] (2048, 2048, 96) with context of [2416:4720, 4464:6768, 29040:29392] (2304, 2304, 352)
INFO:engine.post.parallel_aff_agglomerate:did not merge (11458841860, 11458841874)
INFO:engine.post.parallel_aff_agglomerate:did not merge (11458841860, 11458841921)
INFO:engine.post.parallel_aff_agglomerate:did not merge (11458841860, 11458842063)
INFO:engine.post.parallel_aff_agglomerate:did not merge (11458841852, 11458842003)
INFO:engine.post.parallel_aff_agglomerate:did not merge (11458841852, 11458842170)
INFO:engine.post.parallel_aff_agglomerate:did not merge (11458841911, 11458842170)
INFO:engine.post.parallel_aff_agglomerate:did not merge (16357786209, 16357786210)
INFO:engine.post.parallel_aff_agglomerate:did not merge (9412021512, 11475616002)
INFO:engine.post.parallel_aff_agglomerate:did not merge (11458841991, 11458842170)
INFO:engine.post.parallel_aff_agglomerate:did not merge (11458841991, 11458842270)
INFO:engine.post.parallel_aff_agglomerate:did not merge (11475616234, 11475616266)
INFO:engine.post.parallel_aff_agglomerate:did not merge (11475616234, 11475616334)
INFO:engine.post.parallel_aff_agglomerate:did not merge (11475616234, 13807649631)
INFO:engine.post.parallel_aff_agglomerate:did not merge (11475617518, 11475617638)
INFO:engine.post.parallel_aff_agglomerate:did not merge (13757317438, 13757317444)
INFO:engine.post.parallel_aff_agglomerate:did not merge (13757317438, 13757317466)
INFO:engine.post.parallel_aff_agglomerate:did not merge (13757317438, 13757317488)
INFO:engine.post.parallel_aff_agglomerate:merged 5511 edges
INFO:engine.post.parallel_aff_agglomerate:Agglomerating in block [2544:4592, 6640:8688, 2544:4592] (2048, 2048, 2048) with context of [2416:4720, 6512:8816, 2416:4720] (2304, 2304, 2304)
INFO:engine.post.parallel_aff_agglomerate:did not merge (436210381, 436210417)
INFO:engine.post.parallel_aff_agglomerate:did not merge (436210381, 436210477)
INFO:engine.post.parallel_aff_agglomerate:did not merge (436210349, 436210351)
INFO:engine.post.parallel_aff_agglomerate:did not merge (436210349, 436210365)
INFO:engine.post.parallel_aff_agglomerate:did not merge (436210349, 436210385)
INFO:engine.post.parallel_aff_agglomerate:did not merge (436210349, 436210405)
INFO:engine.post.parallel_aff_agglomerate:did not merge (268438431, 268438618)
INFO:engine.post.parallel_aff_agglomerate:did not merge (268438431, 268438690)
INFO:engine.post.parallel_aff_agglomerate:did not merge (268438431, 268438797)
INFO:engine.post.parallel_aff_agglomerate:did not merge (268438431, 520093983)
INFO:engine.post.parallel_aff_agglomerate:did not merge (268438431, 520094240)
INFO:engine.post.parallel_aff_agglomerate:did not merge (436210632, 687868609)
INFO:engine.post.parallel_aff_agglomerate:did not merge (268438572, 268438712)
INFO:engine.post.parallel_aff_agglomerate:did not merge (268438572, 520093735)
INFO:engine.post.parallel_aff_agglomerate:did not merge (687868787, 687868857)
INFO:engine.post.parallel_aff_agglomerate:did not merge (687868787, 687868881)
INFO:engine.post.parallel_aff_agglomerate:did not merge (687868787, 1124073777)
INFO:engine.post.parallel_aff_agglomerate:did not merge (754975703, 754975716)
INFO:engine.post.parallel_aff_agglomerate:did not merge (754975703, 1207959674)
INFO:engine.post.parallel_aff_agglomerate:did not merge (218106456, 218106505)
INFO:engine.post.parallel_aff_agglomerate:did not merge (218106609, 218106617)
INFO:engine.post.parallel_aff_agglomerate:did not merge (218106609, 218106808)
INFO:engine.post.parallel_aff_agglomerate:did not merge (268438568, 268438712)
INFO:engine.post.parallel_aff_agglomerate:did not merge (268438595, 268438618)
INFO:engine.post.parallel_aff_agglomerate:did not merge (268438595, 268438690)
INFO:engine.post.parallel_aff_agglomerate:did not merge (268438626, 268438748)
INFO:engine.post.parallel_aff_agglomerate:did not merge (754975697, 754975716)
INFO:engine.post.parallel_aff_agglomerate:did not merge (754975697, 1207959674)
INFO:engine.post.parallel_aff_agglomerate:did not merge (268438592, 268438618)
INFO:engine.post.parallel_aff_agglomerate:did not merge (754975708, 754975724)
INFO:engine.post.parallel_aff_agglomerate:did not merge (754975709, 754975724)
INFO:engine.post.parallel_aff_agglomerate:did not merge (754975713, 754975720)
INFO:engine.post.parallel_aff_agglomerate:did not merge (754975722, 754975723)
INFO:engine.post.parallel_aff_agglomerate:did not merge (754975719, 1207959674)
INFO:engine.post.parallel_aff_agglomerate:did not merge (754975754, 754975776)
INFO:engine.post.parallel_aff_agglomerate:did not merge (452985269, 452985597)
INFO:engine.post.parallel_aff_agglomerate:did not merge (452985269, 452985713)
INFO:engine.post.parallel_aff_agglomerate:did not merge (285214357, 285214708)
INFO:engine.post.parallel_aff_agglomerate:did not merge (452986574, 452986597)
INFO:engine.post.parallel_aff_agglomerate:did not merge (452986574, 452986651)
INFO:engine.post.parallel_aff_agglomerate:did not merge (452986642, 452986651)
INFO:engine.post.parallel_aff_agglomerate:did not merge (452986745, 452986866)
INFO:engine.post.parallel_aff_agglomerate:did not merge (452986745, 452986927)
INFO:engine.post.parallel_aff_agglomerate:did not merge (452987523, 452987668)
INFO:engine.post.parallel_aff_agglomerate:did not merge (452987633, 452987641)
INFO:engine.post.parallel_aff_agglomerate:did not merge (452987850, 452987982)
INFO:engine.post.parallel_aff_agglomerate:did not merge (285216260, 285216297)
INFO:engine.post.parallel_aff_agglomerate:did not merge (285216260, 285216329)
INFO:engine.post.parallel_aff_agglomerate:did not merge (285216260, 285216330)
INFO:engine.post.parallel_aff_agglomerate:did not merge (285216260, 285216331)
INFO:engine.post.parallel_aff_agglomerate:did not merge (285216517, 520097065)
INFO:engine.post.parallel_aff_agglomerate:did not merge (452988170, 452988193)
INFO:engine.post.parallel_aff_agglomerate:did not merge (452988170, 452988206)
INFO:engine.post.parallel_aff_agglomerate:merged 25204 edges
INFO:engine.post.parallel_aff_agglomerate:Agglomerating in block [2544:4592, 6640:8688, 12784:14832] (2048, 2048, 2048) with context of [2416:4720, 6512:8816, 12656:14960] (2304, 2304, 2304)
INFO:engine.post.parallel_aff_agglomerate:did not merge (3858760454, 3858760496)
INFO:engine.post.parallel_aff_agglomerate:did not merge (3791653444, 3791653977)
INFO:engine.post.parallel_aff_agglomerate:did not merge (3791653444, 3791654055)
INFO:engine.post.parallel_aff_agglomerate:did not merge (3791653444, 3791654157)
INFO:engine.post.parallel_aff_agglomerate:did not merge (3791653444, 3791654183)
INFO:engine.post.parallel_aff_agglomerate:did not merge (3791653444, 3791654506)
INFO:engine.post.parallel_aff_agglomerate:did not merge (3791653444, 4982833870)
INFO:engine.post.parallel_aff_agglomerate:did not merge (2113933018, 2868907358)
INFO:engine.post.parallel_aff_agglomerate:did not merge (2113933018, 2868907359)
INFO:engine.post.parallel_aff_agglomerate:did not merge (3791654101, 3791654119)
INFO:engine.post.parallel_aff_agglomerate:did not merge (3791654101, 3791654213)
INFO:engine.post.parallel_aff_agglomerate:did not merge (3791654101, 3791654482)
INFO:engine.post.parallel_aff_agglomerate:did not merge (2868907414, 2868907415)
INFO:engine.post.parallel_aff_agglomerate:did not merge (2868907414, 2868907416)
INFO:engine.post.parallel_aff_agglomerate:did not merge (2868907414, 2868907443)
INFO:engine.post.parallel_aff_agglomerate:did not merge (2868907414, 2868907461)
INFO:engine.post.parallel_aff_agglomerate:did not merge (2868907660, 3858760440)
INFO:engine.post.parallel_aff_agglomerate:did not merge (4966056724, 4966056726)
INFO:engine.post.parallel_aff_agglomerate:did not merge (4966056724, 4966056730)
INFO:engine.post.parallel_aff_agglomerate:did not merge (4966056724, 4966056739)
INFO:engine.post.parallel_aff_agglomerate:did not merge (4966056724, 4966056753)
INFO:engine.post.parallel_aff_agglomerate:did not merge (3791654191, 3791654377)
INFO:engine.post.parallel_aff_agglomerate:did not merge (2113933129, 2113933267)
INFO:engine.post.parallel_aff_agglomerate:did not merge (3858760530, 3858760554)
INFO:engine.post.parallel_aff_agglomerate:did not merge (4966056797, 4966056798)
INFO:engine.post.parallel_aff_agglomerate:did not merge (4966056797, 4966056804)
INFO:engine.post.parallel_aff_agglomerate:did not merge (4966056797, 4966056805)
INFO:engine.post.parallel_aff_agglomerate:did not merge (4966056797, 4966056812)
INFO:engine.post.parallel_aff_agglomerate:did not merge (4966056797, 4966056823)
INFO:engine.post.parallel_aff_agglomerate:did not merge (4966056797, 4966056824)
INFO:engine.post.parallel_aff_agglomerate:did not merge (3791654232, 3791654482)
INFO:engine.post.parallel_aff_agglomerate:did not merge (2936014005, 2936014017)
INFO:engine.post.parallel_aff_agglomerate:did not merge (2936014005, 3959423010)
INFO:engine.post.parallel_aff_agglomerate:did not merge (2885681252, 2885681436)
INFO:engine.post.parallel_aff_agglomerate:did not merge (2885681252, 2885681476)
INFO:engine.post.parallel_aff_agglomerate:did not merge (2130706819, 2130707059)
INFO:engine.post.parallel_aff_agglomerate:did not merge (2885681616, 2885681701)
INFO:engine.post.parallel_aff_agglomerate:did not merge (2885681616, 2885681723)
INFO:engine.post.parallel_aff_agglomerate:did not merge (2130706946, 2130707059)
INFO:engine.post.parallel_aff_agglomerate:did not merge (2130706946, 2130707073)
INFO:engine.post.parallel_aff_agglomerate:did not merge (2130706946, 2885681723)
INFO:engine.post.parallel_aff_agglomerate:did not merge (3808428581, 3808428616)
INFO:engine.post.parallel_aff_agglomerate:did not merge (3808428581, 3808428784)
INFO:engine.post.parallel_aff_agglomerate:did not merge (3808429051, 3808429052)
INFO:engine.post.parallel_aff_agglomerate:did not merge (3808429051, 3808429124)
INFO:engine.post.parallel_aff_agglomerate:did not merge (3808429290, 3808429338)
INFO:engine.post.parallel_aff_agglomerate:did not merge (3808429290, 3808429363)
INFO:engine.post.parallel_aff_agglomerate:did not merge (3808429290, 3808429369)
INFO:engine.post.parallel_aff_agglomerate:did not merge (3808429290, 4982834519)
INFO:engine.post.parallel_aff_agglomerate:did not merge (2885682180, 2885682216)
INFO:engine.post.parallel_aff_agglomerate:did not merge (2885682180, 2885682233)
INFO:engine.post.parallel_aff_agglomerate:did not merge (2885682180, 2885682234)
INFO:engine.post.parallel_aff_agglomerate:did not merge (2885683001, 2885683084)
INFO:engine.post.parallel_aff_agglomerate:did not merge (2885683032, 2885683084)
INFO:engine.post.parallel_aff_agglomerate:did not merge (2885683293, 2885683334)
INFO:engine.post.parallel_aff_agglomerate:did not merge (2885683292, 2885683334)
INFO:engine.post.parallel_aff_agglomerate:did not merge (2885683428, 2885683450)
INFO:engine.post.parallel_aff_agglomerate:did not merge (2885683584, 2885683712)
INFO:engine.post.parallel_aff_agglomerate:did not merge (2885683584, 2885683725)
INFO:engine.post.parallel_aff_agglomerate:did not merge (3808430899, 3808430988)
INFO:engine.post.parallel_aff_agglomerate:did not merge (3808431040, 3808431110)
INFO:engine.post.parallel_aff_agglomerate:did not merge (3808431040, 3808431123)
INFO:engine.post.parallel_aff_agglomerate:did not merge (3808431040, 3808431162)
INFO:engine.post.parallel_aff_agglomerate:did not merge (3808431040, 3808431197)
INFO:engine.post.parallel_aff_agglomerate:did not merge (2885684393, 2885684592)
INFO:engine.post.parallel_aff_agglomerate:did not merge (2885684393, 2885684676)
INFO:engine.post.parallel_aff_agglomerate:did not merge (2885684393, 3892314571)
INFO:engine.post.parallel_aff_agglomerate:merged 25334 edges
INFO:engine.post.parallel_aff_agglomerate:Agglomerating in block [2544:4592, 6640:8688, 23024:25072] (2048, 2048, 2048) with context of [2416:4720, 6512:8816, 22896:25200] (2304, 2304, 2304)
INFO:engine.post.parallel_aff_agglomerate:did not merge (7683967190, 7683967638)
INFO:engine.post.parallel_aff_agglomerate:did not merge (7683967190, 9445576377)
INFO:engine.post.parallel_aff_agglomerate:did not merge (6157240620, 7683967329)
INFO:engine.post.parallel_aff_agglomerate:did not merge (6157240620, 7734298195)
INFO:engine.post.parallel_aff_agglomerate:did not merge (7734298336, 7734298441)
INFO:engine.post.parallel_aff_agglomerate:did not merge (7734298336, 9495905820)
INFO:engine.post.parallel_aff_agglomerate:did not merge (11509172756, 13874757706)
INFO:engine.post.parallel_aff_agglomerate:did not merge (9495905954, 11576279371)
INFO:engine.post.parallel_aff_agglomerate:did not merge (11509172853, 11509172854)
INFO:engine.post.parallel_aff_agglomerate:did not merge (11509172853, 13857981037)
INFO:engine.post.parallel_aff_agglomerate:did not merge (13857981105, 16525557854)
INFO:engine.post.parallel_aff_agglomerate:did not merge (11576279686, 11576279694)
INFO:engine.post.parallel_aff_agglomerate:did not merge (11576279686, 11576279709)
INFO:engine.post.parallel_aff_agglomerate:did not merge (11576279686, 13958643791)
INFO:engine.post.parallel_aff_agglomerate:did not merge (11576279686, 13958643806)
INFO:engine.post.parallel_aff_agglomerate:did not merge (9512682018, 9512682139)
INFO:engine.post.parallel_aff_agglomerate:did not merge (9512682041, 9512682547)
INFO:engine.post.parallel_aff_agglomerate:did not merge (9512682041, 9512682590)
INFO:engine.post.parallel_aff_agglomerate:did not merge (9512682041, 9512682609)
INFO:engine.post.parallel_aff_agglomerate:did not merge (9512682041, 11525947635)
INFO:engine.post.parallel_aff_agglomerate:did not merge (9512682041, 11525948561)
INFO:engine.post.parallel_aff_agglomerate:did not merge (9512682041, 11525948572)
INFO:engine.post.parallel_aff_agglomerate:did not merge (9512682573, 9512682590)
INFO:engine.post.parallel_aff_agglomerate:did not merge (11525948590, 11525948604)
INFO:engine.post.parallel_aff_agglomerate:did not merge (11525948590, 11525948605)
INFO:engine.post.parallel_aff_agglomerate:did not merge (9512682755, 9512682804)
INFO:engine.post.parallel_aff_agglomerate:did not merge (9512682787, 9512682812)
INFO:engine.post.parallel_aff_agglomerate:did not merge (9512683621, 9512683758)
INFO:engine.post.parallel_aff_agglomerate:did not merge (9512683621, 9512683759)
INFO:engine.post.parallel_aff_agglomerate:did not merge (9512683253, 9512683590)
INFO:engine.post.parallel_aff_agglomerate:did not merge (9512683633, 9512683667)
INFO:engine.post.parallel_aff_agglomerate:did not merge (9512683633, 9512683736)
INFO:engine.post.parallel_aff_agglomerate:did not merge (9512683633, 9512683945)
INFO:engine.post.parallel_aff_agglomerate:did not merge (9512683625, 9512683946)
INFO:engine.post.parallel_aff_agglomerate:did not merge (9512683383, 9512683932)
INFO:engine.post.parallel_aff_agglomerate:did not merge (9512683383, 9512683940)
INFO:engine.post.parallel_aff_agglomerate:did not merge (9512683383, 9512684060)
INFO:engine.post.parallel_aff_agglomerate:did not merge (9512683383, 9512684135)
INFO:engine.post.parallel_aff_agglomerate:did not merge (9512683383, 11525949652)
INFO:engine.post.parallel_aff_agglomerate:did not merge (9512683812, 9512683946)
INFO:engine.post.parallel_aff_agglomerate:did not merge (11525949245, 11525949652)
INFO:engine.post.parallel_aff_agglomerate:did not merge (7751075864, 7751075880)
INFO:engine.post.parallel_aff_agglomerate:did not merge (7751075864, 7751075964)
INFO:engine.post.parallel_aff_agglomerate:did not merge (7751075864, 7751075974)
INFO:engine.post.parallel_aff_agglomerate:did not merge (7751075864, 7751076015)
INFO:engine.post.parallel_aff_agglomerate:did not merge (7751075864, 9512683946)
INFO:engine.post.parallel_aff_agglomerate:did not merge (7751075864, 9596567643)
INFO:engine.post.parallel_aff_agglomerate:did not merge (7751075864, 9596567797)
INFO:engine.post.parallel_aff_agglomerate:did not merge (7751075948, 7751075964)
INFO:engine.post.parallel_aff_agglomerate:did not merge (7751075948, 7751076015)
INFO:engine.post.parallel_aff_agglomerate:merged 12266 edges
INFO:engine.post.parallel_aff_agglomerate:Agglomerating in block [2544:4592, 8688:9104, 4592:6640] (2048, 416, 2048) with context of [2416:4720, 8560:9232, 4464:6768] (2304, 672, 2304)
INFO:engine.post.parallel_aff_agglomerate:did not merge (1107297160, 1577059236)
INFO:engine.post.parallel_aff_agglomerate:did not merge (1107297161, 1577059236)
INFO:engine.post.parallel_aff_agglomerate:did not merge (1207959555, 1207959655)
INFO:engine.post.parallel_aff_agglomerate:did not merge (1124073564, 1124073762)
INFO:engine.post.parallel_aff_agglomerate:did not merge (1207959707, 1207959743)
INFO:engine.post.parallel_aff_agglomerate:did not merge (1593836221, 1593836252)
INFO:engine.post.parallel_aff_agglomerate:did not merge (1593836230, 1593836252)
INFO:engine.post.parallel_aff_agglomerate:did not merge (1593836518, 1593836580)
INFO:engine.post.parallel_aff_agglomerate:did not merge (1124074555, 1124074652)
INFO:engine.post.parallel_aff_agglomerate:did not merge (1124074555, 1124074664)
INFO:engine.post.parallel_aff_agglomerate:did not merge (1124074539, 1124074677)
INFO:engine.post.parallel_aff_agglomerate:did not merge (1593836214, 1593836215)
INFO:engine.post.parallel_aff_agglomerate:did not merge (1593836214, 1593836220)
INFO:engine.post.parallel_aff_agglomerate:did not merge (1593836214, 1593836252)
INFO:engine.post.parallel_aff_agglomerate:did not merge (1593836214, 1593837208)
INFO:engine.post.parallel_aff_agglomerate:did not merge (1593836214, 1593837383)
INFO:engine.post.parallel_aff_agglomerate:did not merge (1124074762, 1124074805)
INFO:engine.post.parallel_aff_agglomerate:did not merge (1124074929, 1124074948)
INFO:engine.post.parallel_aff_agglomerate:did not merge (771753628, 771753635)
INFO:engine.post.parallel_aff_agglomerate:did not merge (771753628, 771753643)
INFO:engine.post.parallel_aff_agglomerate:did not merge (771753628, 771753673)
INFO:engine.post.parallel_aff_agglomerate:did not merge (771753628, 771753686)
INFO:engine.post.parallel_aff_agglomerate:did not merge (771753628, 771753830)
INFO:engine.post.parallel_aff_agglomerate:did not merge (1124075074, 1124075148)
INFO:engine.post.parallel_aff_agglomerate:did not merge (1124075074, 1124075208)
INFO:engine.post.parallel_aff_agglomerate:did not merge (1124075074, 1124075222)
INFO:engine.post.parallel_aff_agglomerate:did not merge (1124075074, 1124075247)
INFO:engine.post.parallel_aff_agglomerate:did not merge (1124075074, 1593837383)
INFO:engine.post.parallel_aff_agglomerate:did not merge (771753970, 771754040)
INFO:engine.post.parallel_aff_agglomerate:did not merge (771753970, 1207960253)
INFO:engine.post.parallel_aff_agglomerate:did not merge (1124075259, 1124075486)
INFO:engine.post.parallel_aff_agglomerate:did not merge (1124075307, 1124075346)
INFO:engine.post.parallel_aff_agglomerate:did not merge (1124075307, 1124075443)
INFO:engine.post.parallel_aff_agglomerate:did not merge (1124075354, 1124075486)
INFO:engine.post.parallel_aff_agglomerate:did not merge (1207960260, 1207960311)
INFO:engine.post.parallel_aff_agglomerate:did not merge (1207960260, 1207960317)
INFO:engine.post.parallel_aff_agglomerate:did not merge (1207960260, 1207960323)
INFO:engine.post.parallel_aff_agglomerate:did not merge (1593837772, 1593837972)
INFO:engine.post.parallel_aff_agglomerate:did not merge (1124075507, 1124075640)
INFO:engine.post.parallel_aff_agglomerate:did not merge (1207960380, 1207960401)
INFO:engine.post.parallel_aff_agglomerate:did not merge (1207960380, 1207960413)
INFO:engine.post.parallel_aff_agglomerate:did not merge (1207960380, 1207960414)
INFO:engine.post.parallel_aff_agglomerate:did not merge (1124075631, 1124075679)
INFO:engine.post.parallel_aff_agglomerate:did not merge (1124075743, 1124075779)
INFO:engine.post.parallel_aff_agglomerate:did not merge (1124075743, 1124075988)
INFO:engine.post.parallel_aff_agglomerate:did not merge (1124075904, 1124075988)
INFO:engine.post.parallel_aff_agglomerate:did not merge (1207960467, 1207960481)
INFO:engine.post.parallel_aff_agglomerate:did not merge (1207960467, 1207960514)
INFO:engine.post.parallel_aff_agglomerate:did not merge (1124075850, 1124076017)
INFO:engine.post.parallel_aff_agglomerate:did not merge (771754619, 771754796)
INFO:engine.post.parallel_aff_agglomerate:did not merge (771754619, 771755015)
INFO:engine.post.parallel_aff_agglomerate:did not merge (1593838249, 1593838564)
INFO:engine.post.parallel_aff_agglomerate:did not merge (1593838249, 1593838566)
INFO:engine.post.parallel_aff_agglomerate:did not merge (1593838249, 1593838577)
INFO:engine.post.parallel_aff_agglomerate:did not merge (1593838249, 1593838594)
INFO:engine.post.parallel_aff_agglomerate:did not merge (1593838249, 1593838595)
INFO:engine.post.parallel_aff_agglomerate:did not merge (1593838249, 1593838612)
INFO:engine.post.parallel_aff_agglomerate:did not merge (1593838249, 1593838622)
INFO:engine.post.parallel_aff_agglomerate:did not merge (1593838249, 1593838623)
INFO:engine.post.parallel_aff_agglomerate:did not merge (1593838249, 1593838634)
INFO:engine.post.parallel_aff_agglomerate:did not merge (1593838249, 1593838635)
INFO:engine.post.parallel_aff_agglomerate:did not merge (1593838249, 1593838711)
INFO:engine.post.parallel_aff_agglomerate:did not merge (1593838249, 1593838816)
INFO:engine.post.parallel_aff_agglomerate:did not merge (1593838249, 1593838817)
INFO:engine.post.parallel_aff_agglomerate:did not merge (1593838249, 2281702085)
INFO:engine.post.parallel_aff_agglomerate:did not merge (1593838249, 2281702322)
INFO:engine.post.parallel_aff_agglomerate:did not merge (1593838249, 2298479061)
INFO:engine.post.parallel_aff_agglomerate:did not merge (771755042, 771755139)
INFO:engine.post.parallel_aff_agglomerate:did not merge (771755042, 771755218)
INFO:engine.post.parallel_aff_agglomerate:did not merge (771755042, 771755219)
INFO:engine.post.parallel_aff_agglomerate:did not merge (771755042, 771755365)
INFO:engine.post.parallel_aff_agglomerate:did not merge (1124076149, 1124076274)
INFO:engine.post.parallel_aff_agglomerate:did not merge (1124076245, 1124076276)
INFO:engine.post.parallel_aff_agglomerate:did not merge (1124076245, 1593838514)
INFO:engine.post.parallel_aff_agglomerate:did not merge (1593838496, 1593838514)
INFO:engine.post.parallel_aff_agglomerate:did not merge (1593838496, 1593838575)
INFO:engine.post.parallel_aff_agglomerate:did not merge (1593838496, 1593838593)
INFO:engine.post.parallel_aff_agglomerate:did not merge (1593838496, 1593838635)
INFO:engine.post.parallel_aff_agglomerate:did not merge (1593838496, 1593838693)
INFO:engine.post.parallel_aff_agglomerate:merged 4416 edges
INFO:engine.post.parallel_aff_agglomerate:Agglomerating in block [2544:4592, 8688:9104, 10736:12784] (2048, 416, 2048) with context of [2416:4720, 8560:9232, 10608:12912] (2304, 672, 2304)
INFO:engine.post.parallel_aff_agglomerate:did not merge (2113932991, 2936013839)
INFO:engine.post.parallel_aff_agglomerate:did not merge (2113932991, 2936013848)
INFO:engine.post.parallel_aff_agglomerate:did not merge (2113932991, 2936013881)
INFO:engine.post.parallel_aff_agglomerate:did not merge (2113933250, 2936013876)
INFO:engine.post.parallel_aff_agglomerate:did not merge (2952790105, 2952790109)
INFO:engine.post.parallel_aff_agglomerate:did not merge (2952790105, 2952790480)
INFO:engine.post.parallel_aff_agglomerate:did not merge (2952790105, 2952790493)
INFO:engine.post.parallel_aff_agglomerate:did not merge (2952790105, 2952790518)
INFO:engine.post.parallel_aff_agglomerate:did not merge (2952790105, 2952790519)
INFO:engine.post.parallel_aff_agglomerate:did not merge (2952790105, 2952790572)
INFO:engine.post.parallel_aff_agglomerate:did not merge (2952790105, 2952790585)
INFO:engine.post.parallel_aff_agglomerate:did not merge (2952790105, 2952790638)
INFO:engine.post.parallel_aff_agglomerate:did not merge (2952790105, 2952790704)
INFO:engine.post.parallel_aff_agglomerate:did not merge (2952790452, 2952790704)
INFO:engine.post.parallel_aff_agglomerate:did not merge (2197815649, 2197815707)
INFO:engine.post.parallel_aff_agglomerate:did not merge (2952790852, 2952790863)
INFO:engine.post.parallel_aff_agglomerate:did not merge (2952790852, 2952791066)
INFO:engine.post.parallel_aff_agglomerate:did not merge (2952790852, 2952791078)
INFO:engine.post.parallel_aff_agglomerate:did not merge (2952790852, 2952791079)
INFO:engine.post.parallel_aff_agglomerate:did not merge (2952790852, 2952791080)
INFO:engine.post.parallel_aff_agglomerate:did not merge (2952790852, 2952791081)
INFO:engine.post.parallel_aff_agglomerate:did not merge (2952790852, 2952791082)
INFO:engine.post.parallel_aff_agglomerate:did not merge (2952790852, 2952791099)
INFO:engine.post.parallel_aff_agglomerate:did not merge (2952790852, 2952791100)
INFO:engine.post.parallel_aff_agglomerate:did not merge (2952790852, 2952791130)
INFO:engine.post.parallel_aff_agglomerate:did not merge (2952790852, 2952791160)
INFO:engine.post.parallel_aff_agglomerate:did not merge (2952790852, 2952791250)
INFO:engine.post.parallel_aff_agglomerate:did not merge (2952790852, 2952791292)
INFO:engine.post.parallel_aff_agglomerate:did not merge (2952790691, 2952790893)
INFO:engine.post.parallel_aff_agglomerate:did not merge (2952790691, 2952790917)
INFO:engine.post.parallel_aff_agglomerate:did not merge (2952790691, 2952791066)
INFO:engine.post.parallel_aff_agglomerate:did not merge (2952790691, 2952791080)
INFO:engine.post.parallel_aff_agglomerate:did not merge (2952790691, 2952791081)
INFO:engine.post.parallel_aff_agglomerate:did not merge (2952790691, 2952791082)
INFO:engine.post.parallel_aff_agglomerate:did not merge (2952790691, 2952791099)
INFO:engine.post.parallel_aff_agglomerate:did not merge (2952790691, 2952791100)
INFO:engine.post.parallel_aff_agglomerate:did not merge (2952790691, 2952791130)
INFO:engine.post.parallel_aff_agglomerate:did not merge (2952790691, 2952791160)
INFO:engine.post.parallel_aff_agglomerate:did not merge (2952790691, 2952791195)
INFO:engine.post.parallel_aff_agglomerate:did not merge (2952790691, 2952791206)
INFO:engine.post.parallel_aff_agglomerate:did not merge (2952790691, 2952791223)
INFO:engine.post.parallel_aff_agglomerate:did not merge (2952790691, 2952791224)
INFO:engine.post.parallel_aff_agglomerate:did not merge (2952790691, 2952791292)
INFO:engine.post.parallel_aff_agglomerate:did not merge (2952790691, 2952791341)
INFO:engine.post.parallel_aff_agglomerate:did not merge (3036676301, 3036676302)
INFO:engine.post.parallel_aff_agglomerate:did not merge (2952791208, 2952791250)
INFO:engine.post.parallel_aff_agglomerate:did not merge (2952791208, 2952791292)
INFO:engine.post.parallel_aff_agglomerate:did not merge (2952791196, 2952791292)
INFO:engine.post.parallel_aff_agglomerate:did not merge (2197815883, 2197815884)
INFO:engine.post.parallel_aff_agglomerate:did not merge (2197815883, 2197815898)
INFO:engine.post.parallel_aff_agglomerate:did not merge (2197815883, 2197815912)
INFO:engine.post.parallel_aff_agglomerate:did not merge (2197815883, 2197815959)
INFO:engine.post.parallel_aff_agglomerate:did not merge (2197815883, 2197815982)
INFO:engine.post.parallel_aff_agglomerate:did not merge (2197815883, 2197816028)
INFO:engine.post.parallel_aff_agglomerate:did not merge (2197815883, 2197816067)
INFO:engine.post.parallel_aff_agglomerate:did not merge (2197815883, 2197816214)
INFO:engine.post.parallel_aff_agglomerate:did not merge (2197815883, 2197816233)
INFO:engine.post.parallel_aff_agglomerate:did not merge (2197815883, 2952790850)
INFO:engine.post.parallel_aff_agglomerate:did not merge (2197815883, 3036676338)
INFO:engine.post.parallel_aff_agglomerate:did not merge (2952791277, 2952791340)
INFO:engine.post.parallel_aff_agglomerate:did not merge (2952791525, 2952791608)
INFO:engine.post.parallel_aff_agglomerate:did not merge (2197816256, 2197816298)
INFO:engine.post.parallel_aff_agglomerate:did not merge (2197816256, 3036676396)
INFO:engine.post.parallel_aff_agglomerate:did not merge (2197816256, 3036676421)
INFO:engine.post.parallel_aff_agglomerate:did not merge (3036676406, 3036676421)
INFO:engine.post.parallel_aff_agglomerate:did not merge (3036676413, 3036676421)
INFO:engine.post.parallel_aff_agglomerate:did not merge (2952791693, 2952791773)
INFO:engine.post.parallel_aff_agglomerate:did not merge (2197816361, 2197816413)
INFO:engine.post.parallel_aff_agglomerate:did not merge (2197816361, 2197816423)
INFO:engine.post.parallel_aff_agglomerate:did not merge (2197816361, 2197816459)
INFO:engine.post.parallel_aff_agglomerate:did not merge (2197816361, 2197816473)
INFO:engine.post.parallel_aff_agglomerate:did not merge (2197816361, 3036676421)
INFO:engine.post.parallel_aff_agglomerate:did not merge (2197816361, 3036676483)
INFO:engine.post.parallel_aff_agglomerate:did not merge (2952791847, 2952791868)
INFO:engine.post.parallel_aff_agglomerate:did not merge (3875538718, 3875538734)
INFO:engine.post.parallel_aff_agglomerate:did not merge (3875538718, 3875538891)
INFO:engine.post.parallel_aff_agglomerate:did not merge (3875538748, 3875538891)
INFO:engine.post.parallel_aff_agglomerate:did not merge (2197816636, 2197816979)
INFO:engine.post.parallel_aff_agglomerate:did not merge (3875538810, 3875538922)
INFO:engine.post.parallel_aff_agglomerate:did not merge (3875538810, 5066719698)
INFO:engine.post.parallel_aff_agglomerate:did not merge (3036676530, 3036676536)
INFO:engine.post.parallel_aff_agglomerate:did not merge (3036676530, 3036676666)
INFO:engine.post.parallel_aff_agglomerate:did not merge (2197816752, 2197816979)
INFO:engine.post.parallel_aff_agglomerate:did not merge (3875538920, 3875538922)
INFO:engine.post.parallel_aff_agglomerate:did not merge (3875538920, 3875539083)
INFO:engine.post.parallel_aff_agglomerate:did not merge (3875538920, 5066719790)
INFO:engine.post.parallel_aff_agglomerate:did not merge (2952792170, 2952792178)
INFO:engine.post.parallel_aff_agglomerate:did not merge (3875539042, 3875539083)
INFO:engine.post.parallel_aff_agglomerate:did not merge (3875539054, 3875539083)
INFO:engine.post.parallel_aff_agglomerate:did not merge (3036676658, 3036676664)
INFO:engine.post.parallel_aff_agglomerate:did not merge (2952792370, 2952792410)
INFO:engine.post.parallel_aff_agglomerate:did not merge (2952792455, 2952792483)
INFO:engine.post.parallel_aff_agglomerate:did not merge (2952793062, 2952793115)
INFO:engine.post.parallel_aff_agglomerate:did not merge (2952793142, 2952793195)
INFO:engine.post.parallel_aff_agglomerate:did not merge (2952793142, 2952793236)
INFO:engine.post.parallel_aff_agglomerate:did not merge (2952793142, 2952793258)
INFO:engine.post.parallel_aff_agglomerate:did not merge (2952793246, 2952793299)
INFO:engine.post.parallel_aff_agglomerate:did not merge (2952793246, 2952793317)
INFO:engine.post.parallel_aff_agglomerate:did not merge (2952793246, 2952793318)
INFO:engine.post.parallel_aff_agglomerate:did not merge (2952793246, 2952793516)
INFO:engine.post.parallel_aff_agglomerate:did not merge (2197817910, 2197817960)
INFO:engine.post.parallel_aff_agglomerate:did not merge (2197817910, 2952792860)
INFO:engine.post.parallel_aff_agglomerate:did not merge (2197817910, 2952793299)
INFO:engine.post.parallel_aff_agglomerate:did not merge (2952793327, 2952793365)
INFO:engine.post.parallel_aff_agglomerate:did not merge (2197818258, 2952793516)
INFO:engine.post.parallel_aff_agglomerate:did not merge (2197818258, 3036677019)
INFO:engine.post.parallel_aff_agglomerate:did not merge (2197818258, 3053453712)
INFO:engine.post.parallel_aff_agglomerate:did not merge (2197818258, 3053453728)
INFO:engine.post.parallel_aff_agglomerate:merged 8494 edges
INFO:engine.post.parallel_aff_agglomerate:Agglomerating in block [2544:4592, 8688:9104, 20976:23024] (2048, 416, 2048) with context of [2416:4720, 8560:9232, 20848:23152] (2304, 672, 2304)
INFO:engine.post.parallel_aff_agglomerate:did not merge (7734298413, 7734298469)
INFO:engine.post.parallel_aff_agglomerate:did not merge (7734298021, 7734298037)
INFO:engine.post.parallel_aff_agglomerate:did not merge (7734298021, 7734298237)
INFO:engine.post.parallel_aff_agglomerate:did not merge (7734298021, 7734298394)
INFO:engine.post.parallel_aff_agglomerate:did not merge (7734298021, 7734298469)
INFO:engine.post.parallel_aff_agglomerate:did not merge (7734298021, 7734298489)
INFO:engine.post.parallel_aff_agglomerate:did not merge (7734298021, 7734298514)
INFO:engine.post.parallel_aff_agglomerate:did not merge (7734298021, 9563013662)
INFO:engine.post.parallel_aff_agglomerate:did not merge (7734298021, 9563013674)
INFO:engine.post.parallel_aff_agglomerate:did not merge (7734298021, 9579790555)
INFO:engine.post.parallel_aff_agglomerate:did not merge (7734298021, 9579790630)
INFO:engine.post.parallel_aff_agglomerate:did not merge (7734298274, 7734298301)
INFO:engine.post.parallel_aff_agglomerate:did not merge (7734298274, 7734298329)
INFO:engine.post.parallel_aff_agglomerate:did not merge (7734298274, 7734298384)
INFO:engine.post.parallel_aff_agglomerate:did not merge (7734298274, 7734298468)
INFO:engine.post.parallel_aff_agglomerate:did not merge (7734298274, 9579790629)
INFO:engine.post.parallel_aff_agglomerate:did not merge (7734298274, 9579790719)
INFO:engine.post.parallel_aff_agglomerate:did not merge (9579790438, 9579790572)
INFO:engine.post.parallel_aff_agglomerate:did not merge (9579790438, 9579790707)
INFO:engine.post.parallel_aff_agglomerate:did not merge (9579790409, 9579790630)
INFO:engine.post.parallel_aff_agglomerate:did not merge (9579790409, 9579790819)
INFO:engine.post.parallel_aff_agglomerate:did not merge (11593056359, 11593056603)
INFO:engine.post.parallel_aff_agglomerate:did not merge (11593056359, 11593056684)
INFO:engine.post.parallel_aff_agglomerate:did not merge (11593056359, 11593056830)
INFO:engine.post.parallel_aff_agglomerate:did not merge (9579790437, 9579790555)
INFO:engine.post.parallel_aff_agglomerate:did not merge (9579790437, 9579790571)
INFO:engine.post.parallel_aff_agglomerate:did not merge (9579790437, 9579790590)
INFO:engine.post.parallel_aff_agglomerate:did not merge (9579790437, 9579790630)
INFO:engine.post.parallel_aff_agglomerate:did not merge (9579790437, 9579790836)
INFO:engine.post.parallel_aff_agglomerate:did not merge (9579790437, 9579790863)
INFO:engine.post.parallel_aff_agglomerate:did not merge (9579790437, 9579790967)
INFO:engine.post.parallel_aff_agglomerate:did not merge (9579790437, 9579791110)
INFO:engine.post.parallel_aff_agglomerate:did not merge (9579790437, 9579791420)
INFO:engine.post.parallel_aff_agglomerate:did not merge (9663676537, 9663676540)
INFO:engine.post.parallel_aff_agglomerate:did not merge (9663676537, 9663676543)
INFO:engine.post.parallel_aff_agglomerate:did not merge (11593056561, 11593056571)
INFO:engine.post.parallel_aff_agglomerate:did not merge (11593056561, 11593056588)
INFO:engine.post.parallel_aff_agglomerate:did not merge (11593056561, 11593056706)
INFO:engine.post.parallel_aff_agglomerate:did not merge (11593056561, 11593056707)
INFO:engine.post.parallel_aff_agglomerate:did not merge (11593056561, 11593056776)
INFO:engine.post.parallel_aff_agglomerate:did not merge (11593056561, 13958643866)
INFO:engine.post.parallel_aff_agglomerate:did not merge (9579790504, 9579790555)
INFO:engine.post.parallel_aff_agglomerate:did not merge (9579790504, 9579790630)
INFO:engine.post.parallel_aff_agglomerate:did not merge (9579790426, 9579791110)
INFO:engine.post.parallel_aff_agglomerate:did not merge (9579790426, 9579791125)
INFO:engine.post.parallel_aff_agglomerate:did not merge (9579790426, 9579791177)
INFO:engine.post.parallel_aff_agglomerate:did not merge (9579790426, 9579791253)
INFO:engine.post.parallel_aff_agglomerate:did not merge (9579790872, 9579791110)
INFO:engine.post.parallel_aff_agglomerate:did not merge (9579790997, 9579791024)
INFO:engine.post.parallel_aff_agglomerate:did not merge (9579790997, 9579791126)
INFO:engine.post.parallel_aff_agglomerate:did not merge (9579791257, 9579791317)
INFO:engine.post.parallel_aff_agglomerate:did not merge (9579791257, 9579791391)
INFO:engine.post.parallel_aff_agglomerate:did not merge (9579791258, 9579791393)
INFO:engine.post.parallel_aff_agglomerate:did not merge (9579791258, 9579791394)
INFO:engine.post.parallel_aff_agglomerate:did not merge (9579791258, 9579791479)
INFO:engine.post.parallel_aff_agglomerate:did not merge (9579791396, 9579791462)
INFO:engine.post.parallel_aff_agglomerate:did not merge (9579791396, 9579791477)
INFO:engine.post.parallel_aff_agglomerate:did not merge (9579791396, 9579791491)
INFO:engine.post.parallel_aff_agglomerate:did not merge (9579791396, 9579791492)
INFO:engine.post.parallel_aff_agglomerate:did not merge (9579791396, 9579791540)
INFO:engine.post.parallel_aff_agglomerate:did not merge (9579791396, 9579791628)
INFO:engine.post.parallel_aff_agglomerate:did not merge (9579791396, 9579791682)
INFO:engine.post.parallel_aff_agglomerate:did not merge (9663676584, 9663676707)
INFO:engine.post.parallel_aff_agglomerate:did not merge (9579791272, 9579791479)
INFO:engine.post.parallel_aff_agglomerate:did not merge (11593056784, 11593056812)
INFO:engine.post.parallel_aff_agglomerate:did not merge (11593056784, 11593056855)
INFO:engine.post.parallel_aff_agglomerate:did not merge (11593056784, 11593056876)
INFO:engine.post.parallel_aff_agglomerate:did not merge (11593056784, 11593056919)
INFO:engine.post.parallel_aff_agglomerate:did not merge (11593056784, 11593056977)
INFO:engine.post.parallel_aff_agglomerate:did not merge (11593056784, 11593057000)
INFO:engine.post.parallel_aff_agglomerate:did not merge (11593056784, 13958643971)
INFO:engine.post.parallel_aff_agglomerate:did not merge (9579791711, 9579791753)
INFO:engine.post.parallel_aff_agglomerate:did not merge (9579791662, 9579791682)
INFO:engine.post.parallel_aff_agglomerate:did not merge (9579791662, 9579791729)
INFO:engine.post.parallel_aff_agglomerate:did not merge (9579791684, 9579791701)
INFO:engine.post.parallel_aff_agglomerate:did not merge (9579791684, 9579791866)
INFO:engine.post.parallel_aff_agglomerate:did not merge (9579791684, 9579791897)
INFO:engine.post.parallel_aff_agglomerate:did not merge (9579791684, 9579791949)
INFO:engine.post.parallel_aff_agglomerate:did not merge (9579791684, 9579792124)
INFO:engine.post.parallel_aff_agglomerate:did not merge (9579791544, 9579791628)
INFO:engine.post.parallel_aff_agglomerate:did not merge (9579791544, 9579791729)
INFO:engine.post.parallel_aff_agglomerate:did not merge (9579791544, 9579792217)
INFO:engine.post.parallel_aff_agglomerate:did not merge (9579791544, 9579792314)
INFO:engine.post.parallel_aff_agglomerate:did not merge (9663676717, 9663676741)
INFO:engine.post.parallel_aff_agglomerate:did not merge (9663676717, 9663676759)
INFO:engine.post.parallel_aff_agglomerate:did not merge (9663676717, 9663676811)
INFO:engine.post.parallel_aff_agglomerate:did not merge (9663676717, 9663676846)
INFO:engine.post.parallel_aff_agglomerate:did not merge (9663676717, 9663676902)
INFO:engine.post.parallel_aff_agglomerate:did not merge (9663676717, 9663676909)
INFO:engine.post.parallel_aff_agglomerate:did not merge (9663676717, 9663676942)
INFO:engine.post.parallel_aff_agglomerate:did not merge (11593057561, 11593057703)
INFO:engine.post.parallel_aff_agglomerate:did not merge (11593057561, 13958644065)
INFO:engine.post.parallel_aff_agglomerate:did not merge (9579792118, 9579792879)
INFO:engine.post.parallel_aff_agglomerate:did not merge (9579792118, 9579792919)
INFO:engine.post.parallel_aff_agglomerate:did not merge (9579792411, 9579792432)
INFO:engine.post.parallel_aff_agglomerate:did not merge (11593057776, 11593058153)
INFO:engine.post.parallel_aff_agglomerate:did not merge (11593057709, 11593057752)
INFO:engine.post.parallel_aff_agglomerate:did not merge (11593057709, 11593058153)
INFO:engine.post.parallel_aff_agglomerate:did not merge (11593057709, 11593058165)
INFO:engine.post.parallel_aff_agglomerate:did not merge (11593057709, 13958644161)
INFO:engine.post.parallel_aff_agglomerate:did not merge (9579792447, 9579793024)
INFO:engine.post.parallel_aff_agglomerate:did not merge (9579792447, 9579793039)
INFO:engine.post.parallel_aff_agglomerate:did not merge (9579793108, 9579793132)
INFO:engine.post.parallel_aff_agglomerate:did not merge (9579792689, 9579793290)
INFO:engine.post.parallel_aff_agglomerate:did not merge (9579792689, 9579793502)
INFO:engine.post.parallel_aff_agglomerate:did not merge (9579792689, 11693719623)
INFO:engine.post.parallel_aff_agglomerate:did not merge (9579792751, 9579793260)
INFO:engine.post.parallel_aff_agglomerate:did not merge (9579792751, 9579793386)
INFO:engine.post.parallel_aff_agglomerate:did not merge (9579792751, 9579793513)
INFO:engine.post.parallel_aff_agglomerate:did not merge (9579792751, 11693719678)
INFO:engine.post.parallel_aff_agglomerate:did not merge (9663676968, 9663677001)
INFO:engine.post.parallel_aff_agglomerate:did not merge (9663676968, 9663677011)
INFO:engine.post.parallel_aff_agglomerate:did not merge (9663676968, 9663677018)
INFO:engine.post.parallel_aff_agglomerate:did not merge (9663676968, 9663677043)
INFO:engine.post.parallel_aff_agglomerate:did not merge (9663676968, 11794382860)
INFO:engine.post.parallel_aff_agglomerate:did not merge (9663676968, 11794382891)
INFO:engine.post.parallel_aff_agglomerate:did not merge (9663676968, 11794382902)
INFO:engine.post.parallel_aff_agglomerate:did not merge (9663676968, 11794382912)
INFO:engine.post.parallel_aff_agglomerate:did not merge (9663676968, 11794382919)
INFO:engine.post.parallel_aff_agglomerate:did not merge (9663676983, 9663676986)
INFO:engine.post.parallel_aff_agglomerate:did not merge (9663676983, 9663677015)
INFO:engine.post.parallel_aff_agglomerate:did not merge (9579793419, 9579793699)
INFO:engine.post.parallel_aff_agglomerate:did not merge (9579793420, 9579793513)
INFO:engine.post.parallel_aff_agglomerate:did not merge (9579793298, 9579793502)
INFO:engine.post.parallel_aff_agglomerate:did not merge (9579793298, 9579793521)
INFO:engine.post.parallel_aff_agglomerate:did not merge (9579793298, 9579793667)
INFO:engine.post.parallel_aff_agglomerate:did not merge (9579793298, 9579793699)
INFO:engine.post.parallel_aff_agglomerate:did not merge (9663677021, 9663677043)
INFO:engine.post.parallel_aff_agglomerate:did not merge (9579793525, 9579793699)
INFO:engine.post.parallel_aff_agglomerate:merged 5785 edges
INFO:engine.post.parallel_aff_agglomerate:Agglomerating in block [4592:6640, 496:2544, 2544:4592] (2048, 2048, 2048) with context of [4464:6768, 368:2672, 2416:4720] (2304, 2304, 2304)
INFO:engine.post.parallel_aff_agglomerate:did not merge (100666409, 100666486)
INFO:engine.post.parallel_aff_agglomerate:did not merge (100666409, 100666542)
INFO:engine.post.parallel_aff_agglomerate:did not merge (100666409, 100666610)
INFO:engine.post.parallel_aff_agglomerate:did not merge (100666409, 100666639)
INFO:engine.post.parallel_aff_agglomerate:did not merge (100666409, 100666736)
INFO:engine.post.parallel_aff_agglomerate:did not merge (100666409, 100666749)
INFO:engine.post.parallel_aff_agglomerate:did not merge (100666409, 100666763)
INFO:engine.post.parallel_aff_agglomerate:did not merge (100666409, 100666775)
INFO:engine.post.parallel_aff_agglomerate:did not merge (100666409, 100666789)
INFO:engine.post.parallel_aff_agglomerate:did not merge (100666409, 100666806)
INFO:engine.post.parallel_aff_agglomerate:did not merge (100666409, 100666908)
INFO:engine.post.parallel_aff_agglomerate:did not merge (100666409, 100666948)
INFO:engine.post.parallel_aff_agglomerate:did not merge (100666409, 100666961)
INFO:engine.post.parallel_aff_agglomerate:did not merge (100666409, 100666973)
INFO:engine.post.parallel_aff_agglomerate:did not merge (100666409, 100666974)
INFO:engine.post.parallel_aff_agglomerate:did not merge (100666409, 100667006)
INFO:engine.post.parallel_aff_agglomerate:did not merge (100667101, 234884688)
INFO:engine.post.parallel_aff_agglomerate:did not merge (234884816, 234885047)
INFO:engine.post.parallel_aff_agglomerate:did not merge (50334878, 50334922)
INFO:engine.post.parallel_aff_agglomerate:did not merge (201330446, 201330460)
INFO:engine.post.parallel_aff_agglomerate:did not merge (50334881, 100667088)
INFO:engine.post.parallel_aff_agglomerate:did not merge (234884792, 234885108)
INFO:engine.post.parallel_aff_agglomerate:did not merge (234884792, 469762214)
INFO:engine.post.parallel_aff_agglomerate:did not merge (234884792, 469762524)
INFO:engine.post.parallel_aff_agglomerate:did not merge (201330478, 201330507)
INFO:engine.post.parallel_aff_agglomerate:did not merge (201330478, 201330530)
INFO:engine.post.parallel_aff_agglomerate:did not merge (201330497, 201330793)
INFO:engine.post.parallel_aff_agglomerate:did not merge (201330497, 419430745)
INFO:engine.post.parallel_aff_agglomerate:did not merge (201330714, 201330793)
INFO:engine.post.parallel_aff_agglomerate:merged 34433 edges
INFO:engine.post.parallel_aff_agglomerate:Agglomerating in block [4592:6640, 496:2544, 14832:16880] (2048, 2048, 2048) with context of [4464:6768, 368:2672, 14704:17008] (2304, 2304, 2304)
INFO:engine.post.parallel_aff_agglomerate:did not merge (1442843932, 1442844133)
INFO:engine.post.parallel_aff_agglomerate:did not merge (1442843932, 1442844226)
INFO:engine.post.parallel_aff_agglomerate:did not merge (1442843932, 2097152309)
INFO:engine.post.parallel_aff_agglomerate:did not merge (1442843929, 1442843964)
INFO:engine.post.parallel_aff_agglomerate:did not merge (2801798187, 2801798284)
INFO:engine.post.parallel_aff_agglomerate:did not merge (2801798187, 2801798297)
INFO:engine.post.parallel_aff_agglomerate:did not merge (2801798187, 2801798349)
INFO:engine.post.parallel_aff_agglomerate:did not merge (2801798187, 3774874034)
INFO:engine.post.parallel_aff_agglomerate:did not merge (2801798187, 3774874047)
INFO:engine.post.parallel_aff_agglomerate:did not merge (2801798045, 2801798351)
INFO:engine.post.parallel_aff_agglomerate:did not merge (3758100009, 3758100068)
INFO:engine.post.parallel_aff_agglomerate:merged 29405 edges
INFO:engine.post.parallel_aff_agglomerate:Agglomerating in block [4592:6640, 496:2544, 25072:27120] (2048, 2048, 2048) with context of [4464:6768, 368:2672, 24944:27248] (2304, 2304, 2304)
INFO:engine.post.parallel_aff_agglomerate:did not merge (7667190756, 7667190777)
INFO:engine.post.parallel_aff_agglomerate:did not merge (7667190730, 7667190757)
INFO:engine.post.parallel_aff_agglomerate:did not merge (9428798265, 9428798304)
INFO:engine.post.parallel_aff_agglomerate:did not merge (9428798265, 9428798305)
INFO:engine.post.parallel_aff_agglomerate:did not merge (6140463676, 7667190608)
INFO:engine.post.parallel_aff_agglomerate:did not merge (6140463654, 7667190723)
INFO:engine.post.parallel_aff_agglomerate:did not merge (9428798621, 11492393204)
INFO:engine.post.parallel_aff_agglomerate:did not merge (6140463782, 6140463949)
INFO:engine.post.parallel_aff_agglomerate:did not merge (6140463782, 7700744624)
INFO:engine.post.parallel_aff_agglomerate:did not merge (6140463782, 7717519834)
INFO:engine.post.parallel_aff_agglomerate:did not merge (9428798436, 11475618475)
INFO:engine.post.parallel_aff_agglomerate:did not merge (9428798436, 11475618596)
INFO:engine.post.parallel_aff_agglomerate:did not merge (9428798436, 11475618735)
INFO:engine.post.parallel_aff_agglomerate:did not merge (9428798436, 11492393071)
INFO:engine.post.parallel_aff_agglomerate:did not merge (6140463814, 6140463949)
INFO:engine.post.parallel_aff_agglomerate:merged 19436 edges
INFO:engine.post.parallel_aff_agglomerate:Agglomerating in block [4592:6640, 2544:4592, 6640:8688] (2048, 2048, 2048) with context of [4464:6768, 2416:4720, 6512:8816] (2304, 2304, 2304)
INFO:engine.post.parallel_aff_agglomerate:did not merge (654313788, 1056967462)
INFO:engine.post.parallel_aff_agglomerate:did not merge (654313744, 654313746)
INFO:engine.post.parallel_aff_agglomerate:did not merge (654313744, 1056967462)
INFO:engine.post.parallel_aff_agglomerate:did not merge (654313786, 1056967462)
INFO:engine.post.parallel_aff_agglomerate:did not merge (654313929, 1056967462)
INFO:engine.post.parallel_aff_agglomerate:did not merge (654313701, 1006635381)
INFO:engine.post.parallel_aff_agglomerate:did not merge (369101757, 369101912)
INFO:engine.post.parallel_aff_agglomerate:did not merge (369101757, 671089174)
INFO:engine.post.parallel_aff_agglomerate:did not merge (671090926, 671091286)
INFO:engine.post.parallel_aff_agglomerate:did not merge (671091261, 671091275)
INFO:engine.post.parallel_aff_agglomerate:did not merge (671091636, 671091766)
INFO:engine.post.parallel_aff_agglomerate:did not merge (671091636, 671091812)
INFO:engine.post.parallel_aff_agglomerate:did not merge (671091636, 671091833)
INFO:engine.post.parallel_aff_agglomerate:did not merge (671091636, 671092279)
INFO:engine.post.parallel_aff_agglomerate:did not merge (671091752, 671091908)
INFO:engine.post.parallel_aff_agglomerate:did not merge (1023412404, 1023412535)
INFO:engine.post.parallel_aff_agglomerate:did not merge (1023412639, 1023412798)
INFO:engine.post.parallel_aff_agglomerate:did not merge (671090129, 671092498)
INFO:engine.post.parallel_aff_agglomerate:did not merge (671090129, 671092530)
INFO:engine.post.parallel_aff_agglomerate:did not merge (671090129, 1090519555)
INFO:engine.post.parallel_aff_agglomerate:did not merge (671092264, 671092480)
INFO:engine.post.parallel_aff_agglomerate:did not merge (671092424, 671092590)
INFO:engine.post.parallel_aff_agglomerate:did not merge (1023412866, 1023413000)
INFO:engine.post.parallel_aff_agglomerate:did not merge (1023412866, 1023413096)
INFO:engine.post.parallel_aff_agglomerate:merged 23552 edges
INFO:engine.post.parallel_aff_agglomerate:Agglomerating in block [4592:6640, 2544:4592, 18928:20976] (2048, 2048, 2048) with context of [4464:6768, 2416:4720, 18800:21104] (2304, 2304, 2304)
INFO:engine.post.parallel_aff_agglomerate:did not merge (4865394865, 6174017666)
INFO:engine.post.parallel_aff_agglomerate:did not merge (3758099828, 4865394983)
INFO:engine.post.parallel_aff_agglomerate:did not merge (6174017878, 7751075820)
INFO:engine.post.parallel_aff_agglomerate:did not merge (6174017878, 7767851084)
INFO:engine.post.parallel_aff_agglomerate:did not merge (4865394964, 4865394983)
INFO:engine.post.parallel_aff_agglomerate:did not merge (4865394964, 6224348536)
INFO:engine.post.parallel_aff_agglomerate:did not merge (3758099872, 3758099873)
INFO:engine.post.parallel_aff_agglomerate:did not merge (3758099872, 3758099990)
INFO:engine.post.parallel_aff_agglomerate:did not merge (3758099872, 4932501773)
INFO:engine.post.parallel_aff_agglomerate:did not merge (3758099851, 3758099866)
INFO:engine.post.parallel_aff_agglomerate:did not merge (3758099851, 3758099909)
INFO:engine.post.parallel_aff_agglomerate:did not merge (3758099868, 3758099934)
INFO:engine.post.parallel_aff_agglomerate:did not merge (3758099868, 3758099935)
INFO:engine.post.parallel_aff_agglomerate:did not merge (3758099868, 3758099952)
INFO:engine.post.parallel_aff_agglomerate:did not merge (3758099905, 4932501772)
INFO:engine.post.parallel_aff_agglomerate:did not merge (6174017826, 7767851084)
INFO:engine.post.parallel_aff_agglomerate:did not merge (3724544782, 3724545170)
INFO:engine.post.parallel_aff_agglomerate:did not merge (3758099963, 3758099964)
INFO:engine.post.parallel_aff_agglomerate:did not merge (4882170320, 4882170516)
INFO:engine.post.parallel_aff_agglomerate:did not merge (4882169927, 4882170148)
INFO:engine.post.parallel_aff_agglomerate:did not merge (4882169927, 4882170385)
INFO:engine.post.parallel_aff_agglomerate:did not merge (4882169927, 4882170390)
INFO:engine.post.parallel_aff_agglomerate:did not merge (4882169927, 4882170518)
INFO:engine.post.parallel_aff_agglomerate:did not merge (3774873736, 3774873985)
INFO:engine.post.parallel_aff_agglomerate:did not merge (3774873736, 3774875107)
INFO:engine.post.parallel_aff_agglomerate:did not merge (4882171030, 4882171042)
INFO:engine.post.parallel_aff_agglomerate:did not merge (4882171046, 4882171162)
INFO:engine.post.parallel_aff_agglomerate:did not merge (4882171179, 4882171250)
INFO:engine.post.parallel_aff_agglomerate:did not merge (4882171317, 4882171345)
INFO:engine.post.parallel_aff_agglomerate:did not merge (4882171306, 4882172240)
INFO:engine.post.parallel_aff_agglomerate:did not merge (4882171306, 6257901661)
INFO:engine.post.parallel_aff_agglomerate:did not merge (4882171306, 6257901843)
INFO:engine.post.parallel_aff_agglomerate:did not merge (4882172004, 4882172031)
INFO:engine.post.parallel_aff_agglomerate:did not merge (4882172004, 4882172041)
INFO:engine.post.parallel_aff_agglomerate:did not merge (4882172004, 4882172173)
INFO:engine.post.parallel_aff_agglomerate:did not merge (4882172195, 4882172232)
INFO:engine.post.parallel_aff_agglomerate:did not merge (4882172195, 6257901785)
INFO:engine.post.parallel_aff_agglomerate:merged 9504 edges
INFO:engine.post.parallel_aff_agglomerate:Agglomerating in block [4592:6640, 2544:4592, 29168:29264] (2048, 2048, 96) with context of [4464:6768, 2416:4720, 29040:29392] (2304, 2304, 352)
INFO:engine.post.parallel_aff_agglomerate:did not merge (11475618334, 11475618344)
INFO:engine.post.parallel_aff_agglomerate:did not merge (11475618334, 11475618458)
INFO:engine.post.parallel_aff_agglomerate:did not merge (11475618334, 11475618503)
INFO:engine.post.parallel_aff_agglomerate:did not merge (11475618334, 11475618609)
INFO:engine.post.parallel_aff_agglomerate:did not merge (11475618334, 11475618628)
INFO:engine.post.parallel_aff_agglomerate:did not merge (11475618334, 13757317444)
INFO:engine.post.parallel_aff_agglomerate:did not merge (11475618334, 13757317500)
INFO:engine.post.parallel_aff_agglomerate:did not merge (11475618334, 13807652882)
INFO:engine.post.parallel_aff_agglomerate:did not merge (11475618334, 13807652899)
INFO:engine.post.parallel_aff_agglomerate:did not merge (13807652590, 13807652631)
INFO:engine.post.parallel_aff_agglomerate:did not merge (13807652590, 13807652882)
INFO:engine.post.parallel_aff_agglomerate:did not merge (13807652590, 13807652899)
INFO:engine.post.parallel_aff_agglomerate:did not merge (13774094482, 13774094505)
INFO:engine.post.parallel_aff_agglomerate:did not merge (11492394119, 11492394307)
INFO:engine.post.parallel_aff_agglomerate:did not merge (11492394119, 13774094505)
INFO:engine.post.parallel_aff_agglomerate:did not merge (11492394032, 11492394060)
INFO:engine.post.parallel_aff_agglomerate:did not merge (13774094508, 13774094509)
INFO:engine.post.parallel_aff_agglomerate:did not merge (13774094508, 13774094530)
INFO:engine.post.parallel_aff_agglomerate:did not merge (13774094508, 13774094542)
INFO:engine.post.parallel_aff_agglomerate:did not merge (11492394573, 13824427588)
INFO:engine.post.parallel_aff_agglomerate:did not merge (11492394697, 11492394737)
INFO:engine.post.parallel_aff_agglomerate:did not merge (11492394753, 11492394872)
INFO:engine.post.parallel_aff_agglomerate:did not merge (11492394834, 11492395233)
INFO:engine.post.parallel_aff_agglomerate:did not merge (11492394834, 11492395244)
INFO:engine.post.parallel_aff_agglomerate:did not merge (11492394834, 13824428198)
INFO:engine.post.parallel_aff_agglomerate:did not merge (11492395094, 11492395162)
INFO:engine.post.parallel_aff_agglomerate:did not merge (11492395314, 11492395331)
INFO:engine.post.parallel_aff_agglomerate:did not merge (11492395314, 11492395375)
INFO:engine.post.parallel_aff_agglomerate:did not merge (11492395314, 11492395416)
INFO:engine.post.parallel_aff_agglomerate:did not merge (11492395314, 11492395432)
INFO:engine.post.parallel_aff_agglomerate:did not merge (11492395314, 13824428198)
INFO:engine.post.parallel_aff_agglomerate:did not merge (11492395314, 13824428337)
INFO:engine.post.parallel_aff_agglomerate:did not merge (11492395388, 11492395427)
INFO:engine.post.parallel_aff_agglomerate:did not merge (13774094751, 13774094755)
INFO:engine.post.parallel_aff_agglomerate:did not merge (11492395639, 11492395737)
INFO:engine.post.parallel_aff_agglomerate:did not merge (11492395639, 11492395800)
INFO:engine.post.parallel_aff_agglomerate:merged 4582 edges
INFO:engine.post.parallel_aff_agglomerate:Agglomerating in block [4592:6640, 4592:6640, 496:2544] (2048, 2048, 2048) with context of [4464:6768, 4464:6768, 368:2672] (2304, 2304, 2304)
INFO:engine.post.parallel_aff_agglomerate:did not merge (285216657, 520096769)
INFO:engine.post.parallel_aff_agglomerate:did not merge (285216657, 520096782)
INFO:engine.post.parallel_aff_agglomerate:did not merge (520097009, 520097180)
INFO:engine.post.parallel_aff_agglomerate:did not merge (452987942, 452988057)
INFO:engine.post.parallel_aff_agglomerate:did not merge (452987942, 452988287)
INFO:engine.post.parallel_aff_agglomerate:did not merge (452988070, 452988084)
INFO:engine.post.parallel_aff_agglomerate:did not merge (520097112, 520097301)
INFO:engine.post.parallel_aff_agglomerate:did not merge (520097112, 520097302)
INFO:engine.post.parallel_aff_agglomerate:did not merge (134221896, 301990426)
INFO:engine.post.parallel_aff_agglomerate:did not merge (520097198, 520097301)
INFO:engine.post.parallel_aff_agglomerate:did not merge (520097198, 520097302)
INFO:engine.post.parallel_aff_agglomerate:did not merge (520097271, 520097382)
INFO:engine.post.parallel_aff_agglomerate:did not merge (520097155, 520097289)
INFO:engine.post.parallel_aff_agglomerate:did not merge (520097230, 872415710)
INFO:engine.post.parallel_aff_agglomerate:did not merge (301990417, 301990473)
INFO:engine.post.parallel_aff_agglomerate:did not merge (301990417, 301990650)
INFO:engine.post.parallel_aff_agglomerate:did not merge (301990590, 301990629)
INFO:engine.post.parallel_aff_agglomerate:did not merge (301990590, 301990802)
INFO:engine.post.parallel_aff_agglomerate:did not merge (301990561, 301990850)
INFO:engine.post.parallel_aff_agglomerate:did not merge (301990561, 301990889)
INFO:engine.post.parallel_aff_agglomerate:did not merge (301990561, 301990890)
INFO:engine.post.parallel_aff_agglomerate:did not merge (301990487, 301990650)
INFO:engine.post.parallel_aff_agglomerate:did not merge (301990487, 301990880)
INFO:engine.post.parallel_aff_agglomerate:did not merge (301990487, 301990999)
INFO:engine.post.parallel_aff_agglomerate:did not merge (301990487, 301991035)
INFO:engine.post.parallel_aff_agglomerate:did not merge (301990487, 301991332)
INFO:engine.post.parallel_aff_agglomerate:did not merge (301990630, 301990802)
INFO:engine.post.parallel_aff_agglomerate:did not merge (301990630, 301990820)
INFO:engine.post.parallel_aff_agglomerate:did not merge (301990630, 301990890)
INFO:engine.post.parallel_aff_agglomerate:did not merge (301990630, 301991104)
INFO:engine.post.parallel_aff_agglomerate:did not merge (301991001, 301991103)
INFO:engine.post.parallel_aff_agglomerate:did not merge (301991001, 301991104)
INFO:engine.post.parallel_aff_agglomerate:did not merge (301991001, 301991116)
INFO:engine.post.parallel_aff_agglomerate:did not merge (301991411, 301991699)
INFO:engine.post.parallel_aff_agglomerate:did not merge (301991568, 301991699)
INFO:engine.post.parallel_aff_agglomerate:did not merge (301991700, 301991809)
INFO:engine.post.parallel_aff_agglomerate:did not merge (301991700, 301991891)
INFO:engine.post.parallel_aff_agglomerate:did not merge (301991527, 301991699)
INFO:engine.post.parallel_aff_agglomerate:did not merge (301991797, 301991845)
INFO:engine.post.parallel_aff_agglomerate:did not merge (301991799, 301991939)
INFO:engine.post.parallel_aff_agglomerate:did not merge (301991941, 301991973)
INFO:engine.post.parallel_aff_agglomerate:did not merge (301991941, 301991977)
INFO:engine.post.parallel_aff_agglomerate:did not merge (301991847, 301991891)
INFO:engine.post.parallel_aff_agglomerate:did not merge (301991847, 301992187)
INFO:engine.post.parallel_aff_agglomerate:did not merge (301991847, 301992395)
INFO:engine.post.parallel_aff_agglomerate:did not merge (301992149, 301992187)
INFO:engine.post.parallel_aff_agglomerate:did not merge (301992191, 301992395)
INFO:engine.post.parallel_aff_agglomerate:did not merge (301992891, 301992991)
INFO:engine.post.parallel_aff_agglomerate:did not merge (301992946, 301993079)
INFO:engine.post.parallel_aff_agglomerate:did not merge (301992942, 301993110)
INFO:engine.post.parallel_aff_agglomerate:did not merge (301992943, 301993059)
INFO:engine.post.parallel_aff_agglomerate:did not merge (469765535, 469765890)
INFO:engine.post.parallel_aff_agglomerate:did not merge (301994193, 301994230)
INFO:engine.post.parallel_aff_agglomerate:did not merge (301994193, 301994392)
INFO:engine.post.parallel_aff_agglomerate:did not merge (301994375, 301994392)
INFO:engine.post.parallel_aff_agglomerate:did not merge (301994375, 301994738)
INFO:engine.post.parallel_aff_agglomerate:did not merge (301994663, 553648355)
INFO:engine.post.parallel_aff_agglomerate:did not merge (301994739, 301994787)
INFO:engine.post.parallel_aff_agglomerate:did not merge (301994739, 301994847)
INFO:engine.post.parallel_aff_agglomerate:did not merge (301994739, 301994868)
INFO:engine.post.parallel_aff_agglomerate:did not merge (301994739, 553648601)
INFO:engine.post.parallel_aff_agglomerate:did not merge (301994739, 553648618)
INFO:engine.post.parallel_aff_agglomerate:did not merge (301994739, 553648699)
INFO:engine.post.parallel_aff_agglomerate:did not merge (301994756, 301994885)
INFO:engine.post.parallel_aff_agglomerate:did not merge (301994756, 301994915)
INFO:engine.post.parallel_aff_agglomerate:did not merge (301994756, 553648747)
INFO:engine.post.parallel_aff_agglomerate:did not merge (301994704, 301994935)
INFO:engine.post.parallel_aff_agglomerate:did not merge (301994704, 553648767)
INFO:engine.post.parallel_aff_agglomerate:merged 34366 edges
INFO:engine.post.parallel_aff_agglomerate:Agglomerating in block [4592:6640, 4592:6640, 10736:12784] (2048, 2048, 2048) with context of [4464:6768, 4464:6768, 10608:12912] (2304, 2304, 2304)
INFO:engine.post.parallel_aff_agglomerate:did not merge (2885684415, 2885684416)
INFO:engine.post.parallel_aff_agglomerate:did not merge (2130709491, 2130709493)
INFO:engine.post.parallel_aff_agglomerate:did not merge (1526728996, 1526729430)
INFO:engine.post.parallel_aff_agglomerate:did not merge (1526728996, 2130708755)
INFO:engine.post.parallel_aff_agglomerate:did not merge (1526728996, 2130709278)
INFO:engine.post.parallel_aff_agglomerate:did not merge (1526729135, 2130709375)
INFO:engine.post.parallel_aff_agglomerate:did not merge (2130709367, 2885683299)
INFO:engine.post.parallel_aff_agglomerate:did not merge (1476398450, 1476398459)
INFO:engine.post.parallel_aff_agglomerate:did not merge (1476398450, 1476398594)
INFO:engine.post.parallel_aff_agglomerate:did not merge (1476398450, 1476398595)
INFO:engine.post.parallel_aff_agglomerate:did not merge (2952793014, 2952793152)
INFO:engine.post.parallel_aff_agglomerate:did not merge (2952793014, 2952793176)
INFO:engine.post.parallel_aff_agglomerate:did not merge (2952793014, 2952793197)
INFO:engine.post.parallel_aff_agglomerate:did not merge (1476398517, 1476398567)
INFO:engine.post.parallel_aff_agglomerate:did not merge (1476398517, 2080378725)
INFO:engine.post.parallel_aff_agglomerate:did not merge (1476398517, 2080379087)
INFO:engine.post.parallel_aff_agglomerate:did not merge (3875540072, 3875540158)
INFO:engine.post.parallel_aff_agglomerate:did not merge (3875540072, 3875540180)
INFO:engine.post.parallel_aff_agglomerate:did not merge (3875540072, 3875540218)
INFO:engine.post.parallel_aff_agglomerate:did not merge (3875540072, 3875540337)
INFO:engine.post.parallel_aff_agglomerate:did not merge (3875540072, 3875540361)
INFO:engine.post.parallel_aff_agglomerate:did not merge (1006635763, 1006635843)
INFO:engine.post.parallel_aff_agglomerate:did not merge (1476398460, 1476398595)
INFO:engine.post.parallel_aff_agglomerate:did not merge (1476398460, 1476398705)
INFO:engine.post.parallel_aff_agglomerate:did not merge (2080378876, 2080378948)
INFO:engine.post.parallel_aff_agglomerate:did not merge (2080378876, 2080379087)
INFO:engine.post.parallel_aff_agglomerate:did not merge (1526729223, 1526729430)
INFO:engine.post.parallel_aff_agglomerate:did not merge (2885684628, 2885684629)
INFO:engine.post.parallel_aff_agglomerate:did not merge (2885684628, 2885684651)
INFO:engine.post.parallel_aff_agglomerate:did not merge (1526729242, 1526729334)
INFO:engine.post.parallel_aff_agglomerate:did not merge (1526729229, 1526729430)
INFO:engine.post.parallel_aff_agglomerate:did not merge (1526729246, 1526729430)
INFO:engine.post.parallel_aff_agglomerate:did not merge (2885684635, 2885684651)
INFO:engine.post.parallel_aff_agglomerate:did not merge (2885684736, 2885684768)
INFO:engine.post.parallel_aff_agglomerate:did not merge (2147483966, 2147484016)
INFO:engine.post.parallel_aff_agglomerate:did not merge (2147484140, 2147484203)
INFO:engine.post.parallel_aff_agglomerate:did not merge (1543504408, 1543504420)
INFO:engine.post.parallel_aff_agglomerate:did not merge (1543504408, 1543504432)
INFO:engine.post.parallel_aff_agglomerate:did not merge (1543504408, 1543504443)
INFO:engine.post.parallel_aff_agglomerate:did not merge (1543504408, 1543504545)
INFO:engine.post.parallel_aff_agglomerate:did not merge (1543504408, 1543504608)
INFO:engine.post.parallel_aff_agglomerate:did not merge (2147484346, 2147484516)
INFO:engine.post.parallel_aff_agglomerate:did not merge (2147484463, 2147484549)
INFO:engine.post.parallel_aff_agglomerate:did not merge (1543504621, 1543504817)
INFO:engine.post.parallel_aff_agglomerate:did not merge (1543504714, 1543504817)
INFO:engine.post.parallel_aff_agglomerate:did not merge (1543504738, 1543504757)
INFO:engine.post.parallel_aff_agglomerate:did not merge (1543504738, 1543504770)
INFO:engine.post.parallel_aff_agglomerate:did not merge (1543504738, 1543504817)
INFO:engine.post.parallel_aff_agglomerate:did not merge (1543504738, 1543504827)
INFO:engine.post.parallel_aff_agglomerate:did not merge (1543504738, 1543504829)
INFO:engine.post.parallel_aff_agglomerate:did not merge (2147484654, 2147484667)
INFO:engine.post.parallel_aff_agglomerate:did not merge (2147484944, 2147484953)
INFO:engine.post.parallel_aff_agglomerate:did not merge (2147485005, 2147485131)
INFO:engine.post.parallel_aff_agglomerate:did not merge (2147485005, 2147485132)
INFO:engine.post.parallel_aff_agglomerate:did not merge (2147485250, 2147485279)
INFO:engine.post.parallel_aff_agglomerate:did not merge (2147485250, 2147485302)
INFO:engine.post.parallel_aff_agglomerate:did not merge (2147485250, 2147485314)
INFO:engine.post.parallel_aff_agglomerate:did not merge (2147485797, 2147485824)
INFO:engine.post.parallel_aff_agglomerate:did not merge (2147485797, 2147485838)
INFO:engine.post.parallel_aff_agglomerate:did not merge (2147485797, 2147485839)
INFO:engine.post.parallel_aff_agglomerate:did not merge (2147485797, 2147485849)
INFO:engine.post.parallel_aff_agglomerate:did not merge (2147486187, 2147486385)
INFO:engine.post.parallel_aff_agglomerate:did not merge (2147486334, 2147486385)
INFO:engine.post.parallel_aff_agglomerate:did not merge (2147486500, 2147486520)
INFO:engine.post.parallel_aff_agglomerate:did not merge (2147486537, 2147486577)
INFO:engine.post.parallel_aff_agglomerate:did not merge (2147486537, 2147486962)
INFO:engine.post.parallel_aff_agglomerate:did not merge (2147486677, 2147486709)
INFO:engine.post.parallel_aff_agglomerate:did not merge (2147486677, 2147486711)
INFO:engine.post.parallel_aff_agglomerate:did not merge (2147486712, 2147486878)
INFO:engine.post.parallel_aff_agglomerate:did not merge (2147486712, 2986344838)
INFO:engine.post.parallel_aff_agglomerate:did not merge (2147486665, 2147486962)
INFO:engine.post.parallel_aff_agglomerate:did not merge (2147486665, 2986344921)
INFO:engine.post.parallel_aff_agglomerate:did not merge (2147486752, 2147486962)
INFO:engine.post.parallel_aff_agglomerate:did not merge (2147486926, 2147486962)
INFO:engine.post.parallel_aff_agglomerate:did not merge (2147486926, 2986344921)
INFO:engine.post.parallel_aff_agglomerate:did not merge (2147486869, 2147486878)
INFO:engine.post.parallel_aff_agglomerate:did not merge (2147486869, 2986344838)
INFO:engine.post.parallel_aff_agglomerate:did not merge (2147486869, 2986344868)
INFO:engine.post.parallel_aff_agglomerate:did not merge (2147487200, 2986344544)
INFO:engine.post.parallel_aff_agglomerate:did not merge (2147487200, 2986344899)
INFO:engine.post.parallel_aff_agglomerate:merged 20379 edges
INFO:engine.post.parallel_aff_agglomerate:Agglomerating in block [4592:6640, 4592:6640, 20976:23024] (2048, 2048, 2048) with context of [4464:6768, 4464:6768, 20848:23152] (2304, 2304, 2304)
INFO:engine.post.parallel_aff_agglomerate:did not merge (6224349225, 6224349303)
INFO:engine.post.parallel_aff_agglomerate:did not merge (7751075732, 7751075746)
INFO:engine.post.parallel_aff_agglomerate:did not merge (7751075732, 9579793228)
INFO:engine.post.parallel_aff_agglomerate:did not merge (7700744692, 7700744716)
INFO:engine.post.parallel_aff_agglomerate:did not merge (7700744692, 7700744859)
INFO:engine.post.parallel_aff_agglomerate:did not merge (7700744692, 7700744866)
INFO:engine.post.parallel_aff_agglomerate:did not merge (7700744692, 7700744874)
INFO:engine.post.parallel_aff_agglomerate:did not merge (7700744692, 9512682056)
INFO:engine.post.parallel_aff_agglomerate:did not merge (7700744692, 9512683851)
INFO:engine.post.parallel_aff_agglomerate:did not merge (7700744692, 9512683873)
INFO:engine.post.parallel_aff_agglomerate:did not merge (7700744692, 9512683878)
INFO:engine.post.parallel_aff_agglomerate:did not merge (7700744692, 9529458946)
INFO:engine.post.parallel_aff_agglomerate:did not merge (7700744692, 9529458961)
INFO:engine.post.parallel_aff_agglomerate:did not merge (4865394952, 4865394967)
INFO:engine.post.parallel_aff_agglomerate:did not merge (4865394952, 6174017501)
INFO:engine.post.parallel_aff_agglomerate:did not merge (6224349224, 6224349303)
INFO:engine.post.parallel_aff_agglomerate:did not merge (6224349224, 6224349383)
INFO:engine.post.parallel_aff_agglomerate:did not merge (6224349286, 7751075683)
INFO:engine.post.parallel_aff_agglomerate:did not merge (9512684049, 9512684167)
INFO:engine.post.parallel_aff_agglomerate:did not merge (7818184596, 7818184895)
INFO:engine.post.parallel_aff_agglomerate:did not merge (7751076114, 9579793254)
INFO:engine.post.parallel_aff_agglomerate:did not merge (6174017809, 6174017989)
INFO:engine.post.parallel_aff_agglomerate:did not merge (6174017809, 6174018041)
INFO:engine.post.parallel_aff_agglomerate:did not merge (7751075829, 9512683942)
INFO:engine.post.parallel_aff_agglomerate:did not merge (6224349334, 6224349383)
INFO:engine.post.parallel_aff_agglomerate:did not merge (6224349334, 7834960251)
INFO:engine.post.parallel_aff_agglomerate:did not merge (9512684054, 9512684167)
INFO:engine.post.parallel_aff_agglomerate:did not merge (9579793489, 9579793553)
INFO:engine.post.parallel_aff_agglomerate:did not merge (6224349315, 6224349383)
INFO:engine.post.parallel_aff_agglomerate:did not merge (7767851203, 7767851255)
INFO:engine.post.parallel_aff_agglomerate:did not merge (7767851322, 7767851488)
INFO:engine.post.parallel_aff_agglomerate:did not merge (6241125123, 6241125290)
INFO:engine.post.parallel_aff_agglomerate:did not merge (7767851999, 7767852123)
INFO:engine.post.parallel_aff_agglomerate:did not merge (7767852059, 7767852169)
INFO:engine.post.parallel_aff_agglomerate:did not merge (7767852102, 7767852210)
INFO:engine.post.parallel_aff_agglomerate:did not merge (7767851988, 7767852259)
INFO:engine.post.parallel_aff_agglomerate:did not merge (7767851988, 7767852311)
INFO:engine.post.parallel_aff_agglomerate:did not merge (7767852109, 7767852210)
INFO:engine.post.parallel_aff_agglomerate:did not merge (6241125566, 6241125637)
INFO:engine.post.parallel_aff_agglomerate:did not merge (7767852242, 7767852336)
INFO:engine.post.parallel_aff_agglomerate:did not merge (9529459732, 9529459805)
INFO:engine.post.parallel_aff_agglomerate:did not merge (9529459732, 11609834723)
INFO:engine.post.parallel_aff_agglomerate:did not merge (9529459732, 11609834818)
INFO:engine.post.parallel_aff_agglomerate:did not merge (9529459800, 9529459805)
INFO:engine.post.parallel_aff_agglomerate:did not merge (7767852330, 7767852589)
INFO:engine.post.parallel_aff_agglomerate:did not merge (7767852330, 7767852701)
INFO:engine.post.parallel_aff_agglomerate:did not merge (7767852330, 7767852942)
INFO:engine.post.parallel_aff_agglomerate:did not merge (7767852330, 7767852972)
INFO:engine.post.parallel_aff_agglomerate:did not merge (7767852330, 7767852975)
INFO:engine.post.parallel_aff_agglomerate:did not merge (7767852330, 7767852976)
INFO:engine.post.parallel_aff_agglomerate:did not merge (7767852330, 7767853095)
INFO:engine.post.parallel_aff_agglomerate:did not merge (7767852330, 7767853155)
INFO:engine.post.parallel_aff_agglomerate:did not merge (7767852330, 7767853191)
INFO:engine.post.parallel_aff_agglomerate:did not merge (7767852330, 7767853215)
INFO:engine.post.parallel_aff_agglomerate:did not merge (7767852933, 7767852958)
INFO:engine.post.parallel_aff_agglomerate:did not merge (7767852933, 7767852975)
INFO:engine.post.parallel_aff_agglomerate:did not merge (7767852926, 7767852975)
INFO:engine.post.parallel_aff_agglomerate:did not merge (7767852747, 7767852975)
INFO:engine.post.parallel_aff_agglomerate:did not merge (7767852747, 7767853078)
INFO:engine.post.parallel_aff_agglomerate:did not merge (7767852747, 7767853155)
INFO:engine.post.parallel_aff_agglomerate:did not merge (7767852747, 7767853167)
INFO:engine.post.parallel_aff_agglomerate:did not merge (7767852747, 7767853191)
INFO:engine.post.parallel_aff_agglomerate:did not merge (7767852747, 7767853192)
INFO:engine.post.parallel_aff_agglomerate:did not merge (7767852747, 7767853200)
INFO:engine.post.parallel_aff_agglomerate:did not merge (7767852747, 7767853215)
INFO:engine.post.parallel_aff_agglomerate:did not merge (7767852747, 7767853225)
INFO:engine.post.parallel_aff_agglomerate:did not merge (7767852747, 7767853248)
INFO:engine.post.parallel_aff_agglomerate:did not merge (7767852747, 7767853258)
INFO:engine.post.parallel_aff_agglomerate:did not merge (7767852747, 7767853284)
INFO:engine.post.parallel_aff_agglomerate:did not merge (7767852747, 7767853580)
INFO:engine.post.parallel_aff_agglomerate:did not merge (7767852747, 9613345007)
INFO:engine.post.parallel_aff_agglomerate:did not merge (9529460594, 9529460674)
INFO:engine.post.parallel_aff_agglomerate:merged 20596 edges
INFO:engine.post.parallel_aff_agglomerate:Agglomerating in block [4592:6640, 6640:8688, 496:2544] (2048, 2048, 2048) with context of [4464:6768, 6512:8816, 368:2672] (2304, 2304, 2304)
INFO:engine.post.parallel_aff_agglomerate:did not merge (520096939, 520096940)
INFO:engine.post.parallel_aff_agglomerate:did not merge (520096939, 520096952)
INFO:engine.post.parallel_aff_agglomerate:did not merge (855638824, 855638828)
INFO:engine.post.parallel_aff_agglomerate:did not merge (855638824, 855638844)
INFO:engine.post.parallel_aff_agglomerate:did not merge (855638824, 855638883)
INFO:engine.post.parallel_aff_agglomerate:did not merge (855638824, 855638888)
INFO:engine.post.parallel_aff_agglomerate:did not merge (855638824, 855638890)
INFO:engine.post.parallel_aff_agglomerate:did not merge (855638824, 855638895)
INFO:engine.post.parallel_aff_agglomerate:did not merge (855638824, 855638925)
INFO:engine.post.parallel_aff_agglomerate:did not merge (855638824, 855638926)
INFO:engine.post.parallel_aff_agglomerate:did not merge (855638824, 855638931)
INFO:engine.post.parallel_aff_agglomerate:did not merge (855638824, 855638974)
INFO:engine.post.parallel_aff_agglomerate:did not merge (855638824, 855638982)
INFO:engine.post.parallel_aff_agglomerate:did not merge (855638824, 855638992)
INFO:engine.post.parallel_aff_agglomerate:did not merge (855638824, 855639028)
INFO:engine.post.parallel_aff_agglomerate:did not merge (855638824, 855639044)
INFO:engine.post.parallel_aff_agglomerate:did not merge (855638824, 855639077)
INFO:engine.post.parallel_aff_agglomerate:did not merge (855638824, 1325400210)
INFO:engine.post.parallel_aff_agglomerate:did not merge (771755276, 771755419)
INFO:engine.post.parallel_aff_agglomerate:did not merge (771755276, 771755431)
INFO:engine.post.parallel_aff_agglomerate:did not merge (771755229, 771755244)
INFO:engine.post.parallel_aff_agglomerate:did not merge (771755229, 771755431)
INFO:engine.post.parallel_aff_agglomerate:did not merge (855638958, 855639016)
INFO:engine.post.parallel_aff_agglomerate:did not merge (452988070, 452988084)
INFO:engine.post.parallel_aff_agglomerate:did not merge (285216390, 285216649)
INFO:engine.post.parallel_aff_agglomerate:did not merge (520097248, 855638882)
INFO:engine.post.parallel_aff_agglomerate:did not merge (771755493, 771755524)
INFO:engine.post.parallel_aff_agglomerate:did not merge (536871390, 536871667)
INFO:engine.post.parallel_aff_agglomerate:did not merge (536871537, 536871566)
INFO:engine.post.parallel_aff_agglomerate:did not merge (536871537, 536871649)
INFO:engine.post.parallel_aff_agglomerate:did not merge (536871537, 536871975)
INFO:engine.post.parallel_aff_agglomerate:did not merge (536871678, 536871711)
INFO:engine.post.parallel_aff_agglomerate:did not merge (536871810, 536871975)
INFO:engine.post.parallel_aff_agglomerate:did not merge (536872091, 536872245)
INFO:engine.post.parallel_aff_agglomerate:did not merge (536872116, 536872127)
INFO:engine.post.parallel_aff_agglomerate:did not merge (536872116, 536872163)
INFO:engine.post.parallel_aff_agglomerate:did not merge (536872116, 536872175)
INFO:engine.post.parallel_aff_agglomerate:did not merge (536872116, 536872193)
INFO:engine.post.parallel_aff_agglomerate:did not merge (536872116, 536872213)
INFO:engine.post.parallel_aff_agglomerate:did not merge (536872555, 536872877)
INFO:engine.post.parallel_aff_agglomerate:did not merge (536872468, 536872498)
INFO:engine.post.parallel_aff_agglomerate:did not merge (536872468, 536872552)
INFO:engine.post.parallel_aff_agglomerate:did not merge (536872468, 536872581)
INFO:engine.post.parallel_aff_agglomerate:did not merge (536872468, 536872582)
INFO:engine.post.parallel_aff_agglomerate:did not merge (536872468, 536872595)
INFO:engine.post.parallel_aff_agglomerate:did not merge (536872468, 536872628)
INFO:engine.post.parallel_aff_agglomerate:did not merge (536872468, 536872633)
INFO:engine.post.parallel_aff_agglomerate:did not merge (536872468, 536872676)
INFO:engine.post.parallel_aff_agglomerate:did not merge (536872468, 536872725)
INFO:engine.post.parallel_aff_agglomerate:did not merge (536872468, 536872977)
INFO:engine.post.parallel_aff_agglomerate:did not merge (536872468, 536873004)
INFO:engine.post.parallel_aff_agglomerate:did not merge (536872468, 536873098)
INFO:engine.post.parallel_aff_agglomerate:did not merge (536872468, 536873116)
INFO:engine.post.parallel_aff_agglomerate:did not merge (536872468, 536873127)
INFO:engine.post.parallel_aff_agglomerate:did not merge (536872468, 536873152)
INFO:engine.post.parallel_aff_agglomerate:did not merge (536872468, 536873173)
INFO:engine.post.parallel_aff_agglomerate:did not merge (536872468, 536873177)
INFO:engine.post.parallel_aff_agglomerate:did not merge (536872468, 536873211)
INFO:engine.post.parallel_aff_agglomerate:did not merge (536872468, 536873520)
INFO:engine.post.parallel_aff_agglomerate:did not merge (536872468, 788530786)
INFO:engine.post.parallel_aff_agglomerate:did not merge (536872468, 788531016)
INFO:engine.post.parallel_aff_agglomerate:did not merge (536872992, 536873064)
INFO:engine.post.parallel_aff_agglomerate:did not merge (788531090, 788531162)
INFO:engine.post.parallel_aff_agglomerate:did not merge (788531090, 788531263)
INFO:engine.post.parallel_aff_agglomerate:did not merge (788531090, 1224738598)
INFO:engine.post.parallel_aff_agglomerate:did not merge (788531124, 788531263)
INFO:engine.post.parallel_aff_agglomerate:did not merge (536873354, 536873520)
INFO:engine.post.parallel_aff_agglomerate:did not merge (536873354, 788531263)
INFO:engine.post.parallel_aff_agglomerate:did not merge (536873332, 536873371)
INFO:engine.post.parallel_aff_agglomerate:did not merge (536873332, 536873676)
INFO:engine.post.parallel_aff_agglomerate:did not merge (536873332, 536873695)
INFO:engine.post.parallel_aff_agglomerate:did not merge (536873332, 536873696)
INFO:engine.post.parallel_aff_agglomerate:did not merge (536873332, 536873709)
INFO:engine.post.parallel_aff_agglomerate:did not merge (536873332, 536873958)
INFO:engine.post.parallel_aff_agglomerate:did not merge (536873332, 536874040)
INFO:engine.post.parallel_aff_agglomerate:did not merge (536873010, 536873520)
INFO:engine.post.parallel_aff_agglomerate:did not merge (536873010, 536873800)
INFO:engine.post.parallel_aff_agglomerate:did not merge (536873010, 536873955)
INFO:engine.post.parallel_aff_agglomerate:did not merge (536873541, 536873559)
INFO:engine.post.parallel_aff_agglomerate:did not merge (536873560, 536873613)
INFO:engine.post.parallel_aff_agglomerate:did not merge (536873653, 536873659)
INFO:engine.post.parallel_aff_agglomerate:did not merge (536873653, 536873660)
INFO:engine.post.parallel_aff_agglomerate:did not merge (536873786, 536874061)
INFO:engine.post.parallel_aff_agglomerate:did not merge (536873895, 536873956)
INFO:engine.post.parallel_aff_agglomerate:did not merge (536873927, 536873958)
INFO:engine.post.parallel_aff_agglomerate:did not merge (536873927, 536873976)
INFO:engine.post.parallel_aff_agglomerate:did not merge (536873927, 536874040)
INFO:engine.post.parallel_aff_agglomerate:did not merge (536873927, 536874227)
INFO:engine.post.parallel_aff_agglomerate:did not merge (536873927, 536874229)
INFO:engine.post.parallel_aff_agglomerate:did not merge (536873927, 536874250)
INFO:engine.post.parallel_aff_agglomerate:did not merge (536873927, 536874251)
INFO:engine.post.parallel_aff_agglomerate:did not merge (536873927, 536874281)
INFO:engine.post.parallel_aff_agglomerate:did not merge (536874018, 536874039)
INFO:engine.post.parallel_aff_agglomerate:did not merge (536874018, 536874148)
INFO:engine.post.parallel_aff_agglomerate:did not merge (536874018, 536874324)
INFO:engine.post.parallel_aff_agglomerate:did not merge (536874178, 536874228)
INFO:engine.post.parallel_aff_agglomerate:did not merge (536874178, 536874252)
INFO:engine.post.parallel_aff_agglomerate:did not merge (536874178, 536874278)
INFO:engine.post.parallel_aff_agglomerate:did not merge (536874306, 536874323)
INFO:engine.post.parallel_aff_agglomerate:did not merge (536874374, 536874487)
INFO:engine.post.parallel_aff_agglomerate:did not merge (788532086, 788532142)
INFO:engine.post.parallel_aff_agglomerate:did not merge (536874490, 536874667)
INFO:engine.post.parallel_aff_agglomerate:did not merge (536874490, 536874705)
INFO:engine.post.parallel_aff_agglomerate:did not merge (536874490, 788532174)
INFO:engine.post.parallel_aff_agglomerate:did not merge (536874512, 536874536)
INFO:engine.post.parallel_aff_agglomerate:did not merge (536874512, 536874759)
INFO:engine.post.parallel_aff_agglomerate:did not merge (536874512, 536874774)
INFO:engine.post.parallel_aff_agglomerate:did not merge (536874513, 536874667)
INFO:engine.post.parallel_aff_agglomerate:did not merge (536874513, 536874705)
INFO:engine.post.parallel_aff_agglomerate:did not merge (536874723, 536874759)
INFO:engine.post.parallel_aff_agglomerate:did not merge (536874723, 536874760)
INFO:engine.post.parallel_aff_agglomerate:did not merge (536874723, 536874774)
INFO:engine.post.parallel_aff_agglomerate:did not merge (536874723, 536874776)
INFO:engine.post.parallel_aff_agglomerate:did not merge (536874723, 536874785)
INFO:engine.post.parallel_aff_agglomerate:did not merge (536874723, 536874797)
INFO:engine.post.parallel_aff_agglomerate:did not merge (536874723, 536874937)
INFO:engine.post.parallel_aff_agglomerate:did not merge (536874723, 536874955)
INFO:engine.post.parallel_aff_agglomerate:did not merge (536874723, 536874970)
INFO:engine.post.parallel_aff_agglomerate:did not merge (536874603, 536874776)
INFO:engine.post.parallel_aff_agglomerate:did not merge (788532783, 788532798)
INFO:engine.post.parallel_aff_agglomerate:did not merge (536875101, 536875175)
INFO:engine.post.parallel_aff_agglomerate:did not merge (536875101, 536875280)
INFO:engine.post.parallel_aff_agglomerate:did not merge (788532983, 788533102)
INFO:engine.post.parallel_aff_agglomerate:did not merge (788532983, 788533174)
INFO:engine.post.parallel_aff_agglomerate:did not merge (788532983, 1241514111)
INFO:engine.post.parallel_aff_agglomerate:did not merge (788532983, 1241514205)
INFO:engine.post.parallel_aff_agglomerate:did not merge (536875436, 536875535)
INFO:engine.post.parallel_aff_agglomerate:merged 26493 edges
INFO:engine.post.parallel_aff_agglomerate:Agglomerating in block [4592:6640, 6640:8688, 10736:12784] (2048, 2048, 2048) with context of [4464:6768, 6512:8816, 10608:12912] (2304, 2304, 2304)
INFO:engine.post.parallel_aff_agglomerate:did not merge (2952793397, 3875539896)
INFO:engine.post.parallel_aff_agglomerate:did not merge (2952793317, 2952793318)
INFO:engine.post.parallel_aff_agglomerate:did not merge (3959424084, 3959424122)
INFO:engine.post.parallel_aff_agglomerate:did not merge (3959424084, 3959424128)
INFO:engine.post.parallel_aff_agglomerate:did not merge (3959424084, 3959424135)
INFO:engine.post.parallel_aff_agglomerate:did not merge (3959424084, 3959424137)
INFO:engine.post.parallel_aff_agglomerate:did not merge (3959424084, 5184159815)
INFO:engine.post.parallel_aff_agglomerate:did not merge (3959424076, 3959424099)
INFO:engine.post.parallel_aff_agglomerate:did not merge (3959424076, 3959424104)
INFO:engine.post.parallel_aff_agglomerate:did not merge (3959424076, 3959424141)
INFO:engine.post.parallel_aff_agglomerate:did not merge (3959424076, 3959424146)
INFO:engine.post.parallel_aff_agglomerate:did not merge (3959424076, 5066719891)
INFO:engine.post.parallel_aff_agglomerate:did not merge (2952793322, 3875540042)
INFO:engine.post.parallel_aff_agglomerate:did not merge (3875540218, 3875540252)
INFO:engine.post.parallel_aff_agglomerate:did not merge (5066720079, 5066720112)
INFO:engine.post.parallel_aff_agglomerate:did not merge (5066720079, 5066720116)
INFO:engine.post.parallel_aff_agglomerate:did not merge (5066720079, 5066720119)
INFO:engine.post.parallel_aff_agglomerate:did not merge (5066720079, 5066720122)
INFO:engine.post.parallel_aff_agglomerate:did not merge (5066720079, 5066720124)
INFO:engine.post.parallel_aff_agglomerate:did not merge (5066720079, 5066720125)
INFO:engine.post.parallel_aff_agglomerate:did not merge (5066720079, 5066720126)
INFO:engine.post.parallel_aff_agglomerate:did not merge (5066720079, 5066720127)
INFO:engine.post.parallel_aff_agglomerate:did not merge (5066720079, 5066720131)
INFO:engine.post.parallel_aff_agglomerate:did not merge (5066720079, 5066720134)
INFO:engine.post.parallel_aff_agglomerate:did not merge (5066720079, 5066720190)
INFO:engine.post.parallel_aff_agglomerate:did not merge (5066720079, 5066720226)
INFO:engine.post.parallel_aff_agglomerate:did not merge (5066720079, 5066720227)
INFO:engine.post.parallel_aff_agglomerate:did not merge (5066720079, 5066720229)
INFO:engine.post.parallel_aff_agglomerate:did not merge (5066720079, 5066720239)
INFO:engine.post.parallel_aff_agglomerate:did not merge (5066720079, 6492782763)
INFO:engine.post.parallel_aff_agglomerate:did not merge (3959424125, 3959424127)
INFO:engine.post.parallel_aff_agglomerate:did not merge (3959424125, 3959424146)
INFO:engine.post.parallel_aff_agglomerate:did not merge (3959424125, 3959424190)
INFO:engine.post.parallel_aff_agglomerate:did not merge (3959424125, 5184159817)
INFO:engine.post.parallel_aff_agglomerate:did not merge (2952793014, 2952793152)
INFO:engine.post.parallel_aff_agglomerate:did not merge (2952793014, 2952793176)
INFO:engine.post.parallel_aff_agglomerate:did not merge (2952793014, 2952793197)
INFO:engine.post.parallel_aff_agglomerate:did not merge (2952793445, 3959424044)
INFO:engine.post.parallel_aff_agglomerate:did not merge (2130709670, 2130709821)
INFO:engine.post.parallel_aff_agglomerate:did not merge (2197818258, 3036677019)
INFO:engine.post.parallel_aff_agglomerate:did not merge (2197818258, 3053453728)
INFO:engine.post.parallel_aff_agglomerate:did not merge (3959424181, 3959424185)
INFO:engine.post.parallel_aff_agglomerate:did not merge (3959424155, 3959424190)
INFO:engine.post.parallel_aff_agglomerate:did not merge (3892314219, 3892314252)
INFO:engine.post.parallel_aff_agglomerate:did not merge (3892314219, 3892314903)
INFO:engine.post.parallel_aff_agglomerate:did not merge (2969567580, 2969567637)
INFO:engine.post.parallel_aff_agglomerate:did not merge (2969567580, 2969567690)
INFO:engine.post.parallel_aff_agglomerate:did not merge (2969567580, 2969567976)
INFO:engine.post.parallel_aff_agglomerate:did not merge (2214592845, 3053453814)
INFO:engine.post.parallel_aff_agglomerate:did not merge (2969567353, 2969567702)
INFO:engine.post.parallel_aff_agglomerate:did not merge (2969567353, 2969567729)
INFO:engine.post.parallel_aff_agglomerate:did not merge (2969567353, 2969567821)
INFO:engine.post.parallel_aff_agglomerate:did not merge (2969567353, 2969567887)
INFO:engine.post.parallel_aff_agglomerate:did not merge (2969567353, 2969568198)
INFO:engine.post.parallel_aff_agglomerate:did not merge (2969567353, 2969568383)
INFO:engine.post.parallel_aff_agglomerate:did not merge (3892314881, 3892314903)
INFO:engine.post.parallel_aff_agglomerate:did not merge (2214593077, 2214593093)
INFO:engine.post.parallel_aff_agglomerate:did not merge (2214593077, 2214593115)
INFO:engine.post.parallel_aff_agglomerate:did not merge (2214593237, 2214593316)
INFO:engine.post.parallel_aff_agglomerate:did not merge (2969567339, 2969567521)
INFO:engine.post.parallel_aff_agglomerate:did not merge (2969567339, 2969567730)
INFO:engine.post.parallel_aff_agglomerate:did not merge (2969567339, 2969567822)
INFO:engine.post.parallel_aff_agglomerate:did not merge (2969567339, 2969568025)
INFO:engine.post.parallel_aff_agglomerate:did not merge (2969567339, 2969568147)
INFO:engine.post.parallel_aff_agglomerate:did not merge (2969567339, 2969568166)
INFO:engine.post.parallel_aff_agglomerate:did not merge (2969567339, 2969568199)
INFO:engine.post.parallel_aff_agglomerate:did not merge (2969567339, 2969568271)
INFO:engine.post.parallel_aff_agglomerate:did not merge (2969567339, 2969568308)
INFO:engine.post.parallel_aff_agglomerate:did not merge (2969567339, 2969568321)
INFO:engine.post.parallel_aff_agglomerate:did not merge (2969567339, 2969568322)
INFO:engine.post.parallel_aff_agglomerate:did not merge (2969567339, 2969568331)
INFO:engine.post.parallel_aff_agglomerate:did not merge (2969567339, 2969568474)
INFO:engine.post.parallel_aff_agglomerate:did not merge (2969567339, 2969568485)
INFO:engine.post.parallel_aff_agglomerate:did not merge (2969567339, 2969568493)
INFO:engine.post.parallel_aff_agglomerate:did not merge (2969567339, 2969568510)
INFO:engine.post.parallel_aff_agglomerate:did not merge (2969567339, 2969568530)
INFO:engine.post.parallel_aff_agglomerate:did not merge (2969567339, 2969568537)
INFO:engine.post.parallel_aff_agglomerate:did not merge (2969567339, 2969568552)
INFO:engine.post.parallel_aff_agglomerate:did not merge (2969567339, 2969568605)
INFO:engine.post.parallel_aff_agglomerate:did not merge (2969567334, 2969567553)
INFO:engine.post.parallel_aff_agglomerate:did not merge (2969567334, 2969567569)
INFO:engine.post.parallel_aff_agglomerate:did not merge (2969567334, 2969567690)
INFO:engine.post.parallel_aff_agglomerate:did not merge (2969567334, 2969567718)
INFO:engine.post.parallel_aff_agglomerate:did not merge (2969567334, 2969567740)
INFO:engine.post.parallel_aff_agglomerate:did not merge (2969567334, 2969567756)
INFO:engine.post.parallel_aff_agglomerate:did not merge (2969567334, 2969567867)
INFO:engine.post.parallel_aff_agglomerate:did not merge (2969567334, 2969567875)
INFO:engine.post.parallel_aff_agglomerate:did not merge (2969567334, 2969567921)
INFO:engine.post.parallel_aff_agglomerate:did not merge (2969567334, 2969567981)
INFO:engine.post.parallel_aff_agglomerate:did not merge (2969567334, 2969568165)
INFO:engine.post.parallel_aff_agglomerate:did not merge (2969567334, 2969568271)
INFO:engine.post.parallel_aff_agglomerate:did not merge (2969567334, 2969568294)
INFO:engine.post.parallel_aff_agglomerate:did not merge (2969567334, 2969568474)
INFO:engine.post.parallel_aff_agglomerate:did not merge (2969567334, 2969568945)
INFO:engine.post.parallel_aff_agglomerate:did not merge (2969567334, 2969568953)
INFO:engine.post.parallel_aff_agglomerate:did not merge (2969567334, 2969568962)
INFO:engine.post.parallel_aff_agglomerate:did not merge (2214593864, 2214594061)
INFO:engine.post.parallel_aff_agglomerate:did not merge (2214593864, 2969568722)
INFO:engine.post.parallel_aff_agglomerate:did not merge (2214593864, 2969568876)
INFO:engine.post.parallel_aff_agglomerate:did not merge (2969568811, 2969568876)
INFO:engine.post.parallel_aff_agglomerate:did not merge (2214594062, 2214594112)
INFO:engine.post.parallel_aff_agglomerate:did not merge (2214594062, 2969568876)
INFO:engine.post.parallel_aff_agglomerate:did not merge (3892316258, 3892316273)
INFO:engine.post.parallel_aff_agglomerate:did not merge (2969568947, 2969568961)
INFO:engine.post.parallel_aff_agglomerate:did not merge (2969568947, 2969569031)
INFO:engine.post.parallel_aff_agglomerate:did not merge (2969568947, 3892316273)
INFO:engine.post.parallel_aff_agglomerate:did not merge (2214594138, 2214594258)
INFO:engine.post.parallel_aff_agglomerate:did not merge (2969569280, 2969569294)
INFO:engine.post.parallel_aff_agglomerate:did not merge (2969569280, 2969569295)
INFO:engine.post.parallel_aff_agglomerate:did not merge (2969569280, 2969569355)
INFO:engine.post.parallel_aff_agglomerate:did not merge (2969569280, 2969569367)
INFO:engine.post.parallel_aff_agglomerate:did not merge (2969569280, 2969569368)
INFO:engine.post.parallel_aff_agglomerate:did not merge (2969569280, 2969569378)
INFO:engine.post.parallel_aff_agglomerate:did not merge (2969569280, 2969569422)
INFO:engine.post.parallel_aff_agglomerate:did not merge (2969569266, 2969569295)
INFO:engine.post.parallel_aff_agglomerate:did not merge (2969569266, 2969569388)
INFO:engine.post.parallel_aff_agglomerate:did not merge (2969569266, 2969569402)
INFO:engine.post.parallel_aff_agglomerate:did not merge (2969569435, 2969569494)
INFO:engine.post.parallel_aff_agglomerate:did not merge (2969569446, 2969569494)
INFO:engine.post.parallel_aff_agglomerate:did not merge (2969569447, 2969569458)
INFO:engine.post.parallel_aff_agglomerate:did not merge (2969569484, 2969569494)
INFO:engine.post.parallel_aff_agglomerate:merged 15751 edges
INFO:engine.post.parallel_aff_agglomerate:Agglomerating in block [4592:6640, 6640:8688, 20976:23024] (2048, 2048, 2048) with context of [4464:6768, 6512:8816, 20848:23152] (2304, 2304, 2304)
INFO:engine.post.parallel_aff_agglomerate:did not merge (7751075872, 7751075944)
INFO:engine.post.parallel_aff_agglomerate:did not merge (7751075732, 7751075746)
INFO:engine.post.parallel_aff_agglomerate:did not merge (7751075732, 7751075987)
INFO:engine.post.parallel_aff_agglomerate:did not merge (7751075732, 9579793228)
INFO:engine.post.parallel_aff_agglomerate:did not merge (11676943260, 11676943270)
INFO:engine.post.parallel_aff_agglomerate:did not merge (11676943260, 11676943275)
INFO:engine.post.parallel_aff_agglomerate:did not merge (11676943260, 11676943279)
INFO:engine.post.parallel_aff_agglomerate:did not merge (11676943260, 11676943312)
INFO:engine.post.parallel_aff_agglomerate:did not merge (11676943260, 11676943323)
INFO:engine.post.parallel_aff_agglomerate:did not merge (7751075864, 7751075974)
INFO:engine.post.parallel_aff_agglomerate:did not merge (7751075864, 9512683882)
INFO:engine.post.parallel_aff_agglomerate:did not merge (7751075864, 9512683946)
INFO:engine.post.parallel_aff_agglomerate:did not merge (7818184820, 9680453834)
INFO:engine.post.parallel_aff_agglomerate:did not merge (13958644366, 13958644378)
INFO:engine.post.parallel_aff_agglomerate:did not merge (7751075739, 7751075944)
INFO:engine.post.parallel_aff_agglomerate:did not merge (11676943299, 11676943313)
INFO:engine.post.parallel_aff_agglomerate:did not merge (11676943299, 11676943356)
INFO:engine.post.parallel_aff_agglomerate:did not merge (11676943299, 13958644197)
INFO:engine.post.parallel_aff_agglomerate:did not merge (13958644358, 13958644360)
INFO:engine.post.parallel_aff_agglomerate:did not merge (7751075963, 7751076013)
INFO:engine.post.parallel_aff_agglomerate:did not merge (7751076067, 7751076202)
INFO:engine.post.parallel_aff_agglomerate:did not merge (7751075964, 7751076046)
INFO:engine.post.parallel_aff_agglomerate:did not merge (7751075964, 7751076057)
INFO:engine.post.parallel_aff_agglomerate:did not merge (11593058684, 13975421294)
INFO:engine.post.parallel_aff_agglomerate:did not merge (11676943331, 11676943349)
INFO:engine.post.parallel_aff_agglomerate:did not merge (7834960281, 7834960339)
INFO:engine.post.parallel_aff_agglomerate:did not merge (7834960281, 7834960428)
INFO:engine.post.parallel_aff_agglomerate:did not merge (7834960281, 7834960496)
INFO:engine.post.parallel_aff_agglomerate:did not merge (7834960281, 7834960503)
INFO:engine.post.parallel_aff_agglomerate:did not merge (7834960281, 7834960549)
INFO:engine.post.parallel_aff_agglomerate:did not merge (7834960281, 7834960613)
INFO:engine.post.parallel_aff_agglomerate:did not merge (7834960281, 9680454106)
INFO:engine.post.parallel_aff_agglomerate:did not merge (9596568533, 9596568542)
INFO:engine.post.parallel_aff_agglomerate:did not merge (9596568384, 9596568678)
INFO:engine.post.parallel_aff_agglomerate:did not merge (9596568643, 9596568660)
INFO:engine.post.parallel_aff_agglomerate:did not merge (9596568736, 9596568970)
INFO:engine.post.parallel_aff_agglomerate:did not merge (9596568848, 9596568881)
INFO:engine.post.parallel_aff_agglomerate:did not merge (9596568848, 9596569012)
INFO:engine.post.parallel_aff_agglomerate:did not merge (9596568898, 9596569012)
INFO:engine.post.parallel_aff_agglomerate:did not merge (9596568925, 9596569028)
INFO:engine.post.parallel_aff_agglomerate:did not merge (9596568943, 9596569028)
INFO:engine.post.parallel_aff_agglomerate:did not merge (9596568943, 9596569037)
INFO:engine.post.parallel_aff_agglomerate:did not merge (9596568991, 9596569011)
INFO:engine.post.parallel_aff_agglomerate:did not merge (9596568979, 9596569011)
INFO:engine.post.parallel_aff_agglomerate:did not merge (9596568979, 9596569028)
INFO:engine.post.parallel_aff_agglomerate:did not merge (9596568979, 9596569037)
INFO:engine.post.parallel_aff_agglomerate:did not merge (9596568972, 9596569012)
INFO:engine.post.parallel_aff_agglomerate:did not merge (9596568972, 9596569138)
INFO:engine.post.parallel_aff_agglomerate:did not merge (9596569030, 9596569138)
INFO:engine.post.parallel_aff_agglomerate:did not merge (9596569052, 9596569138)
INFO:engine.post.parallel_aff_agglomerate:did not merge (9596568990, 9596569011)
INFO:engine.post.parallel_aff_agglomerate:did not merge (9596569029, 9596569039)
INFO:engine.post.parallel_aff_agglomerate:did not merge (9596569352, 9596569424)
INFO:engine.post.parallel_aff_agglomerate:did not merge (9596569352, 9596569489)
INFO:engine.post.parallel_aff_agglomerate:did not merge (9596569352, 9596569500)
INFO:engine.post.parallel_aff_agglomerate:did not merge (9596569271, 9596569290)
INFO:engine.post.parallel_aff_agglomerate:did not merge (9596569271, 9596569308)
INFO:engine.post.parallel_aff_agglomerate:did not merge (9596569271, 9596569473)
INFO:engine.post.parallel_aff_agglomerate:did not merge (9596569271, 9596569622)
INFO:engine.post.parallel_aff_agglomerate:did not merge (9596569271, 9596569623)
INFO:engine.post.parallel_aff_agglomerate:did not merge (9596569427, 9596569500)
INFO:engine.post.parallel_aff_agglomerate:did not merge (9596569399, 9596569421)
INFO:engine.post.parallel_aff_agglomerate:did not merge (9596569399, 9596569441)
INFO:engine.post.parallel_aff_agglomerate:did not merge (9596569399, 9596569475)
INFO:engine.post.parallel_aff_agglomerate:did not merge (9596569399, 9596569499)
INFO:engine.post.parallel_aff_agglomerate:did not merge (9596569399, 9596569622)
INFO:engine.post.parallel_aff_agglomerate:did not merge (9596569399, 9596569623)
INFO:engine.post.parallel_aff_agglomerate:did not merge (9596569399, 9596569640)
INFO:engine.post.parallel_aff_agglomerate:did not merge (9596569713, 9596569941)
INFO:engine.post.parallel_aff_agglomerate:did not merge (9596569713, 9596569964)
INFO:engine.post.parallel_aff_agglomerate:did not merge (9596570132, 9596570178)
INFO:engine.post.parallel_aff_agglomerate:did not merge (9596570132, 9596570180)
INFO:engine.post.parallel_aff_agglomerate:did not merge (9596570105, 9596570381)
INFO:engine.post.parallel_aff_agglomerate:did not merge (9596570147, 9596570381)
INFO:engine.post.parallel_aff_agglomerate:did not merge (9596570263, 9596570381)
INFO:engine.post.parallel_aff_agglomerate:did not merge (9596570051, 11609835222)
INFO:engine.post.parallel_aff_agglomerate:did not merge (9596570382, 9596570650)
INFO:engine.post.parallel_aff_agglomerate:did not merge (9596571172, 9596571196)
INFO:engine.post.parallel_aff_agglomerate:did not merge (9596571172, 9596571351)
INFO:engine.post.parallel_aff_agglomerate:merged 19237 edges
INFO:engine.post.parallel_aff_agglomerate:Agglomerating in block [4592:6640, 8688:9104, 496:2544] (2048, 416, 2048) with context of [4464:6768, 8560:9232, 368:2672] (2304, 672, 2304)
INFO:engine.post.parallel_aff_agglomerate:did not merge (855638824, 855638828)
INFO:engine.post.parallel_aff_agglomerate:did not merge (855638824, 855638844)
INFO:engine.post.parallel_aff_agglomerate:did not merge (855638824, 855638883)
INFO:engine.post.parallel_aff_agglomerate:did not merge (855638824, 855638888)
INFO:engine.post.parallel_aff_agglomerate:did not merge (855638824, 855638890)
INFO:engine.post.parallel_aff_agglomerate:did not merge (855638824, 855638895)
INFO:engine.post.parallel_aff_agglomerate:did not merge (520097134, 520097169)
INFO:engine.post.parallel_aff_agglomerate:did not merge (520097248, 855638882)
INFO:engine.post.parallel_aff_agglomerate:did not merge (872415340, 872415569)
INFO:engine.post.parallel_aff_agglomerate:did not merge (872415340, 872415597)
INFO:engine.post.parallel_aff_agglomerate:did not merge (872415340, 872415606)
INFO:engine.post.parallel_aff_agglomerate:did not merge (872415340, 872415632)
INFO:engine.post.parallel_aff_agglomerate:did not merge (872415340, 872415679)
INFO:engine.post.parallel_aff_agglomerate:did not merge (872415340, 872415705)
INFO:engine.post.parallel_aff_agglomerate:did not merge (872415340, 872415780)
INFO:engine.post.parallel_aff_agglomerate:did not merge (872415340, 872415792)
INFO:engine.post.parallel_aff_agglomerate:did not merge (872415340, 872415794)
INFO:engine.post.parallel_aff_agglomerate:did not merge (872415340, 872415795)
INFO:engine.post.parallel_aff_agglomerate:did not merge (872415340, 872415796)
INFO:engine.post.parallel_aff_agglomerate:did not merge (872415340, 872415797)
INFO:engine.post.parallel_aff_agglomerate:did not merge (872415668, 872415794)
INFO:engine.post.parallel_aff_agglomerate:did not merge (872415782, 872415797)
INFO:engine.post.parallel_aff_agglomerate:did not merge (872415856, 872415926)
INFO:engine.post.parallel_aff_agglomerate:did not merge (1224737521, 1224737730)
INFO:engine.post.parallel_aff_agglomerate:did not merge (1224737521, 1224737869)
INFO:engine.post.parallel_aff_agglomerate:did not merge (1224737521, 1224737999)
INFO:engine.post.parallel_aff_agglomerate:did not merge (1224737723, 1224737869)
INFO:engine.post.parallel_aff_agglomerate:did not merge (1224737723, 1224737999)
INFO:engine.post.parallel_aff_agglomerate:did not merge (872416572, 872416707)
INFO:engine.post.parallel_aff_agglomerate:did not merge (872416753, 872416899)
INFO:engine.post.parallel_aff_agglomerate:did not merge (872416753, 872416915)
INFO:engine.post.parallel_aff_agglomerate:did not merge (872416753, 872416916)
INFO:engine.post.parallel_aff_agglomerate:did not merge (872416753, 872416917)
INFO:engine.post.parallel_aff_agglomerate:did not merge (872416753, 872416935)
INFO:engine.post.parallel_aff_agglomerate:did not merge (872416753, 872416936)
INFO:engine.post.parallel_aff_agglomerate:did not merge (872416830, 872416993)
INFO:engine.post.parallel_aff_agglomerate:did not merge (872417013, 872417025)
INFO:engine.post.parallel_aff_agglomerate:did not merge (872417013, 872417073)
INFO:engine.post.parallel_aff_agglomerate:did not merge (872417089, 872417242)
INFO:engine.post.parallel_aff_agglomerate:did not merge (872417256, 872417344)
INFO:engine.post.parallel_aff_agglomerate:did not merge (872417327, 872417353)
INFO:engine.post.parallel_aff_agglomerate:did not merge (872417327, 872417354)
INFO:engine.post.parallel_aff_agglomerate:did not merge (872417327, 872417377)
INFO:engine.post.parallel_aff_agglomerate:did not merge (872417531, 872417665)
INFO:engine.post.parallel_aff_agglomerate:did not merge (1224738822, 1224738837)
INFO:engine.post.parallel_aff_agglomerate:did not merge (1224738822, 1224738864)
INFO:engine.post.parallel_aff_agglomerate:did not merge (1224738822, 1224738906)
INFO:engine.post.parallel_aff_agglomerate:did not merge (1224738822, 1224738921)
INFO:engine.post.parallel_aff_agglomerate:did not merge (1224738822, 1224739051)
INFO:engine.post.parallel_aff_agglomerate:did not merge (1224738877, 1224738935)
INFO:engine.post.parallel_aff_agglomerate:did not merge (1224738877, 1224739051)
INFO:engine.post.parallel_aff_agglomerate:did not merge (1224738877, 1795162685)
INFO:engine.post.parallel_aff_agglomerate:did not merge (872417367, 872417422)
INFO:engine.post.parallel_aff_agglomerate:did not merge (872417367, 872417469)
INFO:engine.post.parallel_aff_agglomerate:did not merge (872417367, 872417538)
INFO:engine.post.parallel_aff_agglomerate:did not merge (872417367, 872417583)
INFO:engine.post.parallel_aff_agglomerate:did not merge (872417367, 872417598)
INFO:engine.post.parallel_aff_agglomerate:did not merge (872417367, 872417662)
INFO:engine.post.parallel_aff_agglomerate:did not merge (872417367, 872417693)
INFO:engine.post.parallel_aff_agglomerate:did not merge (872417367, 872417694)
INFO:engine.post.parallel_aff_agglomerate:did not merge (872417367, 872417736)
INFO:engine.post.parallel_aff_agglomerate:did not merge (872417367, 872417767)
INFO:engine.post.parallel_aff_agglomerate:did not merge (872417367, 872417780)
INFO:engine.post.parallel_aff_agglomerate:did not merge (872417367, 872417793)
INFO:engine.post.parallel_aff_agglomerate:did not merge (872417367, 872417794)
INFO:engine.post.parallel_aff_agglomerate:did not merge (872417367, 872417952)
INFO:engine.post.parallel_aff_agglomerate:did not merge (872418110, 872418158)
INFO:engine.post.parallel_aff_agglomerate:did not merge (872418110, 872418243)
INFO:engine.post.parallel_aff_agglomerate:did not merge (872418195, 872418226)
INFO:engine.post.parallel_aff_agglomerate:did not merge (872418195, 872418227)
INFO:engine.post.parallel_aff_agglomerate:did not merge (872418195, 872418228)
INFO:engine.post.parallel_aff_agglomerate:did not merge (872418195, 872418243)
INFO:engine.post.parallel_aff_agglomerate:did not merge (872418195, 872418352)
INFO:engine.post.parallel_aff_agglomerate:did not merge (872418195, 872418389)
INFO:engine.post.parallel_aff_agglomerate:did not merge (872418195, 872418412)
INFO:engine.post.parallel_aff_agglomerate:did not merge (872418195, 872418443)
INFO:engine.post.parallel_aff_agglomerate:did not merge (872418195, 872418618)
INFO:engine.post.parallel_aff_agglomerate:did not merge (872418195, 1224738779)
INFO:engine.post.parallel_aff_agglomerate:did not merge (872418195, 1224738834)
INFO:engine.post.parallel_aff_agglomerate:did not merge (872418195, 1224738847)
INFO:engine.post.parallel_aff_agglomerate:did not merge (872418195, 1224738921)
INFO:engine.post.parallel_aff_agglomerate:did not merge (872418195, 1224739217)
INFO:engine.post.parallel_aff_agglomerate:did not merge (872418195, 1224739642)
INFO:engine.post.parallel_aff_agglomerate:did not merge (872418195, 1224739643)
INFO:engine.post.parallel_aff_agglomerate:did not merge (872418195, 1224739942)
INFO:engine.post.parallel_aff_agglomerate:did not merge (872418596, 872418608)
INFO:engine.post.parallel_aff_agglomerate:did not merge (872418769, 872418818)
INFO:engine.post.parallel_aff_agglomerate:did not merge (872418808, 872418818)
INFO:engine.post.parallel_aff_agglomerate:merged 7591 edges
INFO:engine.post.parallel_aff_agglomerate:Agglomerating in block [4592:6640, 8688:9104, 4592:6640] (2048, 416, 2048) with context of [4464:6768, 8560:9232, 4464:6768] (2304, 672, 2304)
INFO:engine.post.parallel_aff_agglomerate:did not merge (1677722034, 1677722136)
INFO:engine.post.parallel_aff_agglomerate:did not merge (1677722034, 1677722146)
INFO:engine.post.parallel_aff_agglomerate:did not merge (2281702285, 2281702328)
INFO:engine.post.parallel_aff_agglomerate:did not merge (1694498923, 1694499216)
INFO:engine.post.parallel_aff_agglomerate:did not merge (1694498923, 1694499737)
INFO:engine.post.parallel_aff_agglomerate:did not merge (1694498923, 1694499746)
INFO:engine.post.parallel_aff_agglomerate:did not merge (1694498923, 1694499755)
INFO:engine.post.parallel_aff_agglomerate:did not merge (1694498923, 1694499787)
INFO:engine.post.parallel_aff_agglomerate:did not merge (1694499776, 1694499830)
INFO:engine.post.parallel_aff_agglomerate:did not merge (1694499776, 1694499837)
INFO:engine.post.parallel_aff_agglomerate:did not merge (1694499776, 1694499846)
INFO:engine.post.parallel_aff_agglomerate:did not merge (1694499776, 1694499847)
INFO:engine.post.parallel_aff_agglomerate:did not merge (1694499777, 1694499847)
INFO:engine.post.parallel_aff_agglomerate:did not merge (1694499821, 1694499906)
INFO:engine.post.parallel_aff_agglomerate:did not merge (1224738300, 1224738339)
INFO:engine.post.parallel_aff_agglomerate:did not merge (1224738300, 1224738437)
INFO:engine.post.parallel_aff_agglomerate:did not merge (1224738300, 1224738457)
INFO:engine.post.parallel_aff_agglomerate:did not merge (1224738300, 1224738482)
INFO:engine.post.parallel_aff_agglomerate:did not merge (1224738300, 1224738505)
INFO:engine.post.parallel_aff_agglomerate:did not merge (1224738300, 1224738686)
INFO:engine.post.parallel_aff_agglomerate:did not merge (1224738300, 1224738726)
INFO:engine.post.parallel_aff_agglomerate:did not merge (1694500167, 1694500505)
INFO:engine.post.parallel_aff_agglomerate:did not merge (1224739368, 1795162621)
INFO:engine.post.parallel_aff_agglomerate:did not merge (1694500972, 1694501135)
INFO:engine.post.parallel_aff_agglomerate:did not merge (1694500972, 1694501165)
INFO:engine.post.parallel_aff_agglomerate:did not merge (2298480715, 2298480785)
INFO:engine.post.parallel_aff_agglomerate:did not merge (1694501109, 1694501135)
INFO:engine.post.parallel_aff_agglomerate:did not merge (1224739635, 1224739661)
INFO:engine.post.parallel_aff_agglomerate:did not merge (1224739635, 1224739720)
INFO:engine.post.parallel_aff_agglomerate:did not merge (1694501180, 1694501197)
INFO:engine.post.parallel_aff_agglomerate:did not merge (1694501180, 1694501254)
INFO:engine.post.parallel_aff_agglomerate:did not merge (1694501180, 1694501330)
INFO:engine.post.parallel_aff_agglomerate:did not merge (1694501180, 1694501343)
INFO:engine.post.parallel_aff_agglomerate:did not merge (1694501179, 1694501206)
INFO:engine.post.parallel_aff_agglomerate:did not merge (1694501198, 1694501267)
INFO:engine.post.parallel_aff_agglomerate:did not merge (1224739732, 1224739822)
INFO:engine.post.parallel_aff_agglomerate:did not merge (1224739732, 1694501267)
INFO:engine.post.parallel_aff_agglomerate:did not merge (1795162882, 1795162891)
INFO:engine.post.parallel_aff_agglomerate:did not merge (1694501345, 1694501372)
INFO:engine.post.parallel_aff_agglomerate:did not merge (1795162956, 1795163051)
INFO:engine.post.parallel_aff_agglomerate:merged 4574 edges
INFO:engine.post.parallel_aff_agglomerate:Agglomerating in block [4592:6640, 8688:9104, 12784:14832] (2048, 416, 2048) with context of [4464:6768, 8560:9232, 12656:14960] (2304, 672, 2304)
INFO:engine.post.parallel_aff_agglomerate:did not merge (3875539915, 3875540053)
INFO:engine.post.parallel_aff_agglomerate:did not merge (3875539915, 3875540070)
INFO:engine.post.parallel_aff_agglomerate:did not merge (3875539915, 3875540112)
INFO:engine.post.parallel_aff_agglomerate:did not merge (3875540161, 4982836527)
INFO:engine.post.parallel_aff_agglomerate:did not merge (3959424146, 3959424150)
INFO:engine.post.parallel_aff_agglomerate:did not merge (3959424146, 3959424190)
INFO:engine.post.parallel_aff_agglomerate:did not merge (3959424146, 5184159817)
INFO:engine.post.parallel_aff_agglomerate:did not merge (3959424164, 3959424190)
INFO:engine.post.parallel_aff_agglomerate:did not merge (4982836699, 4982836707)
INFO:engine.post.parallel_aff_agglomerate:did not merge (5184159824, 5184159828)
INFO:engine.post.parallel_aff_agglomerate:did not merge (5184159824, 5184159857)
INFO:engine.post.parallel_aff_agglomerate:did not merge (5184159824, 5184159876)
INFO:engine.post.parallel_aff_agglomerate:did not merge (5083496949, 5083496992)
INFO:engine.post.parallel_aff_agglomerate:did not merge (6392119640, 6392119694)
INFO:engine.post.parallel_aff_agglomerate:did not merge (5184159843, 5184159874)
INFO:engine.post.parallel_aff_agglomerate:did not merge (5184159843, 5184159899)
INFO:engine.post.parallel_aff_agglomerate:did not merge (5184159843, 5184159928)
INFO:engine.post.parallel_aff_agglomerate:did not merge (5184159843, 5184159930)
INFO:engine.post.parallel_aff_agglomerate:did not merge (5083497096, 5083497104)
INFO:engine.post.parallel_aff_agglomerate:did not merge (5083497096, 5083497105)
INFO:engine.post.parallel_aff_agglomerate:did not merge (5083497096, 5083497106)
INFO:engine.post.parallel_aff_agglomerate:did not merge (5184159882, 5184159899)
INFO:engine.post.parallel_aff_agglomerate:did not merge (5184159882, 5184159907)
INFO:engine.post.parallel_aff_agglomerate:did not merge (5184159891, 5184159899)
INFO:engine.post.parallel_aff_agglomerate:did not merge (5184159891, 5184159907)
INFO:engine.post.parallel_aff_agglomerate:did not merge (5184159891, 5184159928)
INFO:engine.post.parallel_aff_agglomerate:did not merge (5083497191, 5083497422)
INFO:engine.post.parallel_aff_agglomerate:did not merge (5184159881, 5184159928)
INFO:engine.post.parallel_aff_agglomerate:did not merge (5184159881, 5184159930)
INFO:engine.post.parallel_aff_agglomerate:did not merge (5184159887, 5184159930)
INFO:engine.post.parallel_aff_agglomerate:did not merge (5083497411, 5083497422)
INFO:engine.post.parallel_aff_agglomerate:did not merge (5083497411, 5083497440)
INFO:engine.post.parallel_aff_agglomerate:did not merge (5083497411, 5083497496)
INFO:engine.post.parallel_aff_agglomerate:did not merge (5083497411, 5083497502)
INFO:engine.post.parallel_aff_agglomerate:did not merge (5083497411, 5083497518)
INFO:engine.post.parallel_aff_agglomerate:did not merge (5184159986, 5184160000)
INFO:engine.post.parallel_aff_agglomerate:did not merge (5184159991, 5184160000)
INFO:engine.post.parallel_aff_agglomerate:did not merge (5184159991, 5184160106)
INFO:engine.post.parallel_aff_agglomerate:did not merge (5083497561, 5083497626)
INFO:engine.post.parallel_aff_agglomerate:did not merge (5083497561, 5083497689)
INFO:engine.post.parallel_aff_agglomerate:did not merge (5083497629, 5083497681)
INFO:engine.post.parallel_aff_agglomerate:did not merge (5184160105, 5184160127)
INFO:engine.post.parallel_aff_agglomerate:did not merge (5184160105, 5184160141)
INFO:engine.post.parallel_aff_agglomerate:did not merge (3976201307, 3976201335)
INFO:engine.post.parallel_aff_agglomerate:did not merge (3976201307, 3976201349)
INFO:engine.post.parallel_aff_agglomerate:did not merge (3976201307, 3976201350)
INFO:engine.post.parallel_aff_agglomerate:did not merge (3976201307, 5083497702)
INFO:engine.post.parallel_aff_agglomerate:did not merge (3976201307, 5083497793)
INFO:engine.post.parallel_aff_agglomerate:did not merge (5083497806, 5083497826)
INFO:engine.post.parallel_aff_agglomerate:did not merge (5083497806, 5083497929)
INFO:engine.post.parallel_aff_agglomerate:did not merge (5083497806, 5083497941)
INFO:engine.post.parallel_aff_agglomerate:did not merge (3976201365, 3976201366)
INFO:engine.post.parallel_aff_agglomerate:did not merge (5184160176, 5184160260)
INFO:engine.post.parallel_aff_agglomerate:did not merge (5083498028, 5083498172)
INFO:engine.post.parallel_aff_agglomerate:did not merge (5184160258, 5184160260)
INFO:engine.post.parallel_aff_agglomerate:did not merge (3976201607, 3976201791)
INFO:engine.post.parallel_aff_agglomerate:did not merge (5184160304, 5184160327)
INFO:engine.post.parallel_aff_agglomerate:did not merge (5184160304, 5184160387)
INFO:engine.post.parallel_aff_agglomerate:did not merge (5083498439, 5083498486)
INFO:engine.post.parallel_aff_agglomerate:did not merge (5083498439, 5083498716)
INFO:engine.post.parallel_aff_agglomerate:did not merge (5083498510, 5083498545)
INFO:engine.post.parallel_aff_agglomerate:did not merge (5083498510, 5083498583)
INFO:engine.post.parallel_aff_agglomerate:did not merge (5083498510, 5083498632)
INFO:engine.post.parallel_aff_agglomerate:did not merge (5083498125, 5083498171)
INFO:engine.post.parallel_aff_agglomerate:did not merge (5083498125, 5083498271)
INFO:engine.post.parallel_aff_agglomerate:did not merge (5184160370, 5184160387)
INFO:engine.post.parallel_aff_agglomerate:did not merge (5184160355, 5184160445)
INFO:engine.post.parallel_aff_agglomerate:did not merge (5184160355, 5184160451)
INFO:engine.post.parallel_aff_agglomerate:did not merge (5184160355, 5184160452)
INFO:engine.post.parallel_aff_agglomerate:did not merge (5184160355, 5184160481)
INFO:engine.post.parallel_aff_agglomerate:did not merge (5184160431, 5184160434)
INFO:engine.post.parallel_aff_agglomerate:did not merge (5184160431, 5184160452)
INFO:engine.post.parallel_aff_agglomerate:did not merge (5083498743, 5083498773)
INFO:engine.post.parallel_aff_agglomerate:did not merge (5184160511, 5184160513)
INFO:engine.post.parallel_aff_agglomerate:did not merge (5184160511, 5184160515)
INFO:engine.post.parallel_aff_agglomerate:did not merge (5184160511, 5184160522)
INFO:engine.post.parallel_aff_agglomerate:did not merge (5083499479, 5083499514)
INFO:engine.post.parallel_aff_agglomerate:did not merge (5083499479, 5083499618)
INFO:engine.post.parallel_aff_agglomerate:did not merge (5083499619, 5083499749)
INFO:engine.post.parallel_aff_agglomerate:did not merge (5083499619, 5083499811)
INFO:engine.post.parallel_aff_agglomerate:did not merge (5083499619, 5083499831)
INFO:engine.post.parallel_aff_agglomerate:did not merge (5083499619, 6509560181)
INFO:engine.post.parallel_aff_agglomerate:did not merge (5083499619, 6509560205)
INFO:engine.post.parallel_aff_agglomerate:did not merge (5083499675, 5083499696)
INFO:engine.post.parallel_aff_agglomerate:did not merge (5083499637, 5083499770)
INFO:engine.post.parallel_aff_agglomerate:did not merge (5083499753, 5083499770)
INFO:engine.post.parallel_aff_agglomerate:did not merge (3976202701, 5200937329)
INFO:engine.post.parallel_aff_agglomerate:did not merge (5083499858, 6509560403)
INFO:engine.post.parallel_aff_agglomerate:did not merge (5083499752, 5083499770)
INFO:engine.post.parallel_aff_agglomerate:did not merge (5083499752, 5083499806)
INFO:engine.post.parallel_aff_agglomerate:did not merge (5083500135, 6509560219)
INFO:engine.post.parallel_aff_agglomerate:did not merge (5083499639, 5083499890)
INFO:engine.post.parallel_aff_agglomerate:did not merge (5083499639, 6509560264)
INFO:engine.post.parallel_aff_agglomerate:did not merge (5083499834, 5083499912)
INFO:engine.post.parallel_aff_agglomerate:did not merge (5083499834, 5083500140)
INFO:engine.post.parallel_aff_agglomerate:did not merge (5083499834, 6509560286)
INFO:engine.post.parallel_aff_agglomerate:merged 8879 edges
INFO:engine.post.parallel_aff_agglomerate:Agglomerating in block [4592:6640, 8688:9104, 23024:25072] (2048, 416, 2048) with context of [4464:6768, 8560:9232, 22896:25200] (2304, 672, 2304)
INFO:engine.post.parallel_aff_agglomerate:did not merge (11593058357, 11593058378)
INFO:engine.post.parallel_aff_agglomerate:did not merge (11593058357, 11593058451)
INFO:engine.post.parallel_aff_agglomerate:did not merge (11593058357, 11593058489)
INFO:engine.post.parallel_aff_agglomerate:did not merge (11593058357, 11593058503)
INFO:engine.post.parallel_aff_agglomerate:did not merge (11593058357, 11593058527)
INFO:engine.post.parallel_aff_agglomerate:did not merge (11593058357, 11593058571)
INFO:engine.post.parallel_aff_agglomerate:did not merge (11593058357, 11593058618)
INFO:engine.post.parallel_aff_agglomerate:did not merge (11593058439, 13958644324)
INFO:engine.post.parallel_aff_agglomerate:did not merge (11676943299, 13958644197)
INFO:engine.post.parallel_aff_agglomerate:did not merge (11676943299, 14076084234)
INFO:engine.post.parallel_aff_agglomerate:did not merge (11676943313, 11676943426)
INFO:engine.post.parallel_aff_agglomerate:did not merge (9579793420, 9579793513)
INFO:engine.post.parallel_aff_agglomerate:did not merge (11593058392, 11593058573)
INFO:engine.post.parallel_aff_agglomerate:did not merge (11593058392, 11593058619)
INFO:engine.post.parallel_aff_agglomerate:did not merge (11593058392, 13975421217)
INFO:engine.post.parallel_aff_agglomerate:did not merge (11593058420, 11593058587)
INFO:engine.post.parallel_aff_agglomerate:did not merge (11593058420, 11593058594)
INFO:engine.post.parallel_aff_agglomerate:did not merge (11593058420, 13975421231)
INFO:engine.post.parallel_aff_agglomerate:did not merge (11593058420, 13975421238)
INFO:engine.post.parallel_aff_agglomerate:did not merge (11593058518, 11593058581)
INFO:engine.post.parallel_aff_agglomerate:did not merge (11693719674, 11693719678)
INFO:engine.post.parallel_aff_agglomerate:did not merge (11693719674, 11693720001)
INFO:engine.post.parallel_aff_agglomerate:did not merge (11693719674, 14076084234)
INFO:engine.post.parallel_aff_agglomerate:did not merge (11693719674, 14076084387)
INFO:engine.post.parallel_aff_agglomerate:did not merge (14076084251, 14076084387)
INFO:engine.post.parallel_aff_agglomerate:did not merge (13975421012, 13975421013)
INFO:engine.post.parallel_aff_agglomerate:did not merge (13975421012, 13975421231)
INFO:engine.post.parallel_aff_agglomerate:did not merge (13975421012, 13975421238)
INFO:engine.post.parallel_aff_agglomerate:did not merge (13975421012, 13975421483)
INFO:engine.post.parallel_aff_agglomerate:did not merge (14076084305, 14076084387)
INFO:engine.post.parallel_aff_agglomerate:did not merge (13975421449, 13975421796)
INFO:engine.post.parallel_aff_agglomerate:did not merge (13975421449, 13975421993)
INFO:engine.post.parallel_aff_agglomerate:did not merge (11693720249, 11693720545)
INFO:engine.post.parallel_aff_agglomerate:did not merge (11693720249, 11693720557)
INFO:engine.post.parallel_aff_agglomerate:did not merge (11693720249, 11693720815)
INFO:engine.post.parallel_aff_agglomerate:did not merge (11693720249, 11693721165)
INFO:engine.post.parallel_aff_agglomerate:did not merge (11693720249, 13975421993)
INFO:engine.post.parallel_aff_agglomerate:did not merge (11693720852, 11693721165)
INFO:engine.post.parallel_aff_agglomerate:did not merge (11693721090, 11693721294)
INFO:engine.post.parallel_aff_agglomerate:did not merge (11693721090, 11693721340)
INFO:engine.post.parallel_aff_agglomerate:did not merge (13975422197, 13975422206)
INFO:engine.post.parallel_aff_agglomerate:did not merge (13975422360, 13975422532)
INFO:engine.post.parallel_aff_agglomerate:did not merge (13975422360, 13975422587)
INFO:engine.post.parallel_aff_agglomerate:did not merge (13975422480, 13975422532)
INFO:engine.post.parallel_aff_agglomerate:did not merge (13975422480, 13975422587)
INFO:engine.post.parallel_aff_agglomerate:did not merge (14076084730, 14076084740)
INFO:engine.post.parallel_aff_agglomerate:did not merge (14076084730, 14076084744)
INFO:engine.post.parallel_aff_agglomerate:did not merge (14076084730, 14076084745)
INFO:engine.post.parallel_aff_agglomerate:did not merge (14076084730, 14076084746)
INFO:engine.post.parallel_aff_agglomerate:did not merge (14076084730, 14076084748)
INFO:engine.post.parallel_aff_agglomerate:did not merge (14076084730, 14076084751)
INFO:engine.post.parallel_aff_agglomerate:did not merge (14076084730, 14076084753)
INFO:engine.post.parallel_aff_agglomerate:did not merge (14076084730, 14076084756)
INFO:engine.post.parallel_aff_agglomerate:did not merge (14076084730, 14076084760)
INFO:engine.post.parallel_aff_agglomerate:did not merge (14076084730, 14076084764)
INFO:engine.post.parallel_aff_agglomerate:did not merge (14076084730, 14076084815)
INFO:engine.post.parallel_aff_agglomerate:did not merge (13975423015, 13975423022)
INFO:engine.post.parallel_aff_agglomerate:did not merge (13975423015, 13975423039)
INFO:engine.post.parallel_aff_agglomerate:did not merge (13975423015, 13975423068)
INFO:engine.post.parallel_aff_agglomerate:did not merge (13975423015, 16659775688)
INFO:engine.post.parallel_aff_agglomerate:did not merge (13975422989, 13975423232)
INFO:engine.post.parallel_aff_agglomerate:did not merge (13975422984, 13975423038)
INFO:engine.post.parallel_aff_agglomerate:merged 2512 edges
INFO:engine.post.parallel_aff_agglomerate:Agglomerating in block [6640:7504, 496:2544, 2544:4592] (864, 2048, 2048) with context of [6512:7632, 368:2672, 2416:4720] (1120, 2304, 2304)
INFO:engine.post.parallel_aff_agglomerate:did not merge (251662366, 251662383)
INFO:engine.post.parallel_aff_agglomerate:did not merge (251662569, 419434288)
INFO:engine.post.parallel_aff_agglomerate:did not merge (251662569, 419434306)
INFO:engine.post.parallel_aff_agglomerate:did not merge (251662569, 419434326)
INFO:engine.post.parallel_aff_agglomerate:did not merge (251662625, 419434327)
INFO:engine.post.parallel_aff_agglomerate:did not merge (150998467, 150998526)
INFO:engine.post.parallel_aff_agglomerate:did not merge (150998481, 150998662)
INFO:engine.post.parallel_aff_agglomerate:did not merge (150998481, 150998663)
INFO:engine.post.parallel_aff_agglomerate:did not merge (469766471, 469766528)
INFO:engine.post.parallel_aff_agglomerate:did not merge (469766471, 469766598)
INFO:engine.post.parallel_aff_agglomerate:did not merge (419434675, 419434743)
INFO:engine.post.parallel_aff_agglomerate:did not merge (419434675, 419434815)
INFO:engine.post.parallel_aff_agglomerate:did not merge (419434675, 419434816)
INFO:engine.post.parallel_aff_agglomerate:did not merge (419434675, 419434915)
INFO:engine.post.parallel_aff_agglomerate:did not merge (419434744, 419434745)
INFO:engine.post.parallel_aff_agglomerate:did not merge (150998606, 150998784)
INFO:engine.post.parallel_aff_agglomerate:did not merge (419434784, 419434803)
INFO:engine.post.parallel_aff_agglomerate:did not merge (469766448, 469766449)
INFO:engine.post.parallel_aff_agglomerate:did not merge (419434742, 419434743)
INFO:engine.post.parallel_aff_agglomerate:did not merge (419434747, 419434815)
INFO:engine.post.parallel_aff_agglomerate:did not merge (419434747, 419434816)
INFO:engine.post.parallel_aff_agglomerate:did not merge (419434747, 419434915)
INFO:engine.post.parallel_aff_agglomerate:did not merge (419434747, 419434926)
INFO:engine.post.parallel_aff_agglomerate:did not merge (419434747, 738198116)
INFO:engine.post.parallel_aff_agglomerate:did not merge (150998615, 150998774)
INFO:engine.post.parallel_aff_agglomerate:did not merge (150998615, 150998821)
INFO:engine.post.parallel_aff_agglomerate:did not merge (150998615, 150998862)
INFO:engine.post.parallel_aff_agglomerate:did not merge (150998615, 318767536)
INFO:engine.post.parallel_aff_agglomerate:did not merge (301994683, 301994741)
INFO:engine.post.parallel_aff_agglomerate:did not merge (419434802, 419434803)
INFO:engine.post.parallel_aff_agglomerate:did not merge (419434906, 419434970)
INFO:engine.post.parallel_aff_agglomerate:did not merge (419434906, 738197666)
INFO:engine.post.parallel_aff_agglomerate:did not merge (419434906, 738198033)
INFO:engine.post.parallel_aff_agglomerate:did not merge (419434906, 738198147)
INFO:engine.post.parallel_aff_agglomerate:did not merge (469766527, 469766528)
INFO:engine.post.parallel_aff_agglomerate:did not merge (150998696, 150998862)
INFO:engine.post.parallel_aff_agglomerate:merged 12614 edges
INFO:engine.post.parallel_aff_agglomerate:Agglomerating in block [6640:7504, 496:2544, 12784:14832] (864, 2048, 2048) with context of [6512:7632, 368:2672, 12656:14960] (1120, 2304, 2304)
INFO:engine.post.parallel_aff_agglomerate:did not merge (2097155355, 2097155358)
INFO:engine.post.parallel_aff_agglomerate:did not merge (2097155372, 2097155378)
INFO:engine.post.parallel_aff_agglomerate:did not merge (2097155331, 2097155334)
INFO:engine.post.parallel_aff_agglomerate:did not merge (2097155331, 2097155345)
INFO:engine.post.parallel_aff_agglomerate:did not merge (2852130678, 3825207561)
INFO:engine.post.parallel_aff_agglomerate:did not merge (2852130678, 3825207665)
INFO:engine.post.parallel_aff_agglomerate:did not merge (2852130678, 3841982795)
INFO:engine.post.parallel_aff_agglomerate:did not merge (3825207653, 3825207665)
INFO:engine.post.parallel_aff_agglomerate:did not merge (2852130790, 2852130917)
INFO:engine.post.parallel_aff_agglomerate:did not merge (2852130693, 2852131054)
INFO:engine.post.parallel_aff_agglomerate:did not merge (2852130693, 3825207511)
INFO:engine.post.parallel_aff_agglomerate:did not merge (2852130693, 3825207561)
INFO:engine.post.parallel_aff_agglomerate:did not merge (3825207674, 3825207900)
INFO:engine.post.parallel_aff_agglomerate:did not merge (3825207674, 5016387708)
INFO:engine.post.parallel_aff_agglomerate:did not merge (2902461831, 2902461847)
INFO:engine.post.parallel_aff_agglomerate:did not merge (2902461810, 2902461816)
INFO:engine.post.parallel_aff_agglomerate:did not merge (2902461810, 2902461834)
INFO:engine.post.parallel_aff_agglomerate:did not merge (2902461810, 2902461836)
INFO:engine.post.parallel_aff_agglomerate:did not merge (2902461810, 2902461847)
INFO:engine.post.parallel_aff_agglomerate:did not merge (2902461810, 2902461850)
INFO:engine.post.parallel_aff_agglomerate:did not merge (2902461810, 2902461861)
INFO:engine.post.parallel_aff_agglomerate:did not merge (2902461810, 2902461862)
INFO:engine.post.parallel_aff_agglomerate:did not merge (2902461810, 2902461941)
INFO:engine.post.parallel_aff_agglomerate:did not merge (2902461810, 2902461954)
INFO:engine.post.parallel_aff_agglomerate:did not merge (2902461810, 2902462025)
INFO:engine.post.parallel_aff_agglomerate:did not merge (2852130852, 2852130853)
INFO:engine.post.parallel_aff_agglomerate:did not merge (2852130852, 2852130855)
INFO:engine.post.parallel_aff_agglomerate:did not merge (2852130852, 2852130858)
INFO:engine.post.parallel_aff_agglomerate:merged 14461 edges
INFO:engine.post.parallel_aff_agglomerate:Agglomerating in block [6640:7504, 496:2544, 23024:25072] (864, 2048, 2048) with context of [6512:7632, 368:2672, 22896:25200] (1120, 2304, 2304)
INFO:engine.post.parallel_aff_agglomerate:merged 4287 edges
INFO:engine.post.parallel_aff_agglomerate:Agglomerating in block [6640:7504, 2544:4592, 4592:6640] (864, 2048, 2048) with context of [6512:7632, 2416:4720, 4464:6768] (1120, 2304, 2304)
INFO:engine.post.parallel_aff_agglomerate:did not merge (721422962, 1073744728)
INFO:engine.post.parallel_aff_agglomerate:did not merge (721422720, 721422801)
INFO:engine.post.parallel_aff_agglomerate:did not merge (721422720, 721422838)
INFO:engine.post.parallel_aff_agglomerate:did not merge (721422720, 1140853325)
INFO:engine.post.parallel_aff_agglomerate:did not merge (1073744923, 1073744924)
INFO:engine.post.parallel_aff_agglomerate:did not merge (1073744923, 1073744927)
INFO:engine.post.parallel_aff_agglomerate:did not merge (721422961, 1073744728)
INFO:engine.post.parallel_aff_agglomerate:did not merge (671092544, 671092552)
INFO:engine.post.parallel_aff_agglomerate:did not merge (1610616078, 2315255983)
INFO:engine.post.parallel_aff_agglomerate:did not merge (1090519453, 1090519539)
INFO:engine.post.parallel_aff_agglomerate:did not merge (1090519453, 1090519677)
INFO:engine.post.parallel_aff_agglomerate:did not merge (1090519453, 1627390499)
INFO:engine.post.parallel_aff_agglomerate:did not merge (1090519678, 1090519749)
INFO:engine.post.parallel_aff_agglomerate:did not merge (1090519678, 1627390499)
INFO:engine.post.parallel_aff_agglomerate:did not merge (1090519678, 1627390578)
INFO:engine.post.parallel_aff_agglomerate:did not merge (486539941, 486539991)
INFO:engine.post.parallel_aff_agglomerate:did not merge (486539951, 486539991)
INFO:engine.post.parallel_aff_agglomerate:merged 8925 edges
INFO:engine.post.parallel_aff_agglomerate:Agglomerating in block [6640:7504, 2544:4592, 14832:16880] (864, 2048, 2048) with context of [6512:7632, 2416:4720, 14704:17008] (1120, 2304, 2304)
INFO:engine.post.parallel_aff_agglomerate:did not merge (2852130547, 3825207609)
INFO:engine.post.parallel_aff_agglomerate:did not merge (3825207584, 3825207594)
INFO:engine.post.parallel_aff_agglomerate:did not merge (4999612770, 4999612825)
INFO:engine.post.parallel_aff_agglomerate:did not merge (4999612770, 6408896536)
INFO:engine.post.parallel_aff_agglomerate:did not merge (4999612770, 6408896596)
INFO:engine.post.parallel_aff_agglomerate:did not merge (2852130813, 2852131038)
INFO:engine.post.parallel_aff_agglomerate:did not merge (2852130813, 2852131211)
INFO:engine.post.parallel_aff_agglomerate:did not merge (2852130813, 3841983157)
INFO:engine.post.parallel_aff_agglomerate:did not merge (2852130693, 3825207511)
INFO:engine.post.parallel_aff_agglomerate:did not merge (2902461871, 2902461885)
INFO:engine.post.parallel_aff_agglomerate:did not merge (2902461871, 2902461924)
INFO:engine.post.parallel_aff_agglomerate:did not merge (2902461871, 2902461998)
INFO:engine.post.parallel_aff_agglomerate:did not merge (4999612819, 4999612842)
INFO:engine.post.parallel_aff_agglomerate:did not merge (2852130723, 2852131033)
INFO:engine.post.parallel_aff_agglomerate:did not merge (3841982930, 3841983157)
INFO:engine.post.parallel_aff_agglomerate:did not merge (3841983221, 3841983511)
INFO:engine.post.parallel_aff_agglomerate:did not merge (3841983538, 3841983635)
INFO:engine.post.parallel_aff_agglomerate:did not merge (3841983538, 3841983674)
INFO:engine.post.parallel_aff_agglomerate:did not merge (3841983537, 3841983607)
INFO:engine.post.parallel_aff_agglomerate:did not merge (3841983582, 3841983897)
INFO:engine.post.parallel_aff_agglomerate:did not merge (3841983968, 3841983983)
INFO:engine.post.parallel_aff_agglomerate:did not merge (3841983968, 3841984176)
INFO:engine.post.parallel_aff_agglomerate:did not merge (3841983968, 3841984288)
INFO:engine.post.parallel_aff_agglomerate:did not merge (3841983968, 3841984307)
INFO:engine.post.parallel_aff_agglomerate:did not merge (3841983968, 3841984530)
INFO:engine.post.parallel_aff_agglomerate:did not merge (3841984124, 3841984176)
INFO:engine.post.parallel_aff_agglomerate:did not merge (3841984289, 3841984530)
INFO:engine.post.parallel_aff_agglomerate:did not merge (3841984433, 3841984706)
INFO:engine.post.parallel_aff_agglomerate:did not merge (3841984433, 3841984727)
INFO:engine.post.parallel_aff_agglomerate:did not merge (3841984434, 3841984530)
INFO:engine.post.parallel_aff_agglomerate:did not merge (3841984552, 3841984705)
INFO:engine.post.parallel_aff_agglomerate:did not merge (3841984756, 3841984856)
INFO:engine.post.parallel_aff_agglomerate:did not merge (3841984728, 3841984919)
INFO:engine.post.parallel_aff_agglomerate:did not merge (3841984772, 3841984856)
INFO:engine.post.parallel_aff_agglomerate:did not merge (3841984789, 3841984820)
INFO:engine.post.parallel_aff_agglomerate:did not merge (3841984789, 3841984919)
INFO:engine.post.parallel_aff_agglomerate:did not merge (3841984555, 3841984705)
INFO:engine.post.parallel_aff_agglomerate:did not merge (3841984555, 3841984841)
INFO:engine.post.parallel_aff_agglomerate:did not merge (3841984555, 3841984856)
INFO:engine.post.parallel_aff_agglomerate:did not merge (3841984555, 3841985097)
INFO:engine.post.parallel_aff_agglomerate:did not merge (4949279653, 4949279735)
INFO:engine.post.parallel_aff_agglomerate:merged 13978 edges
INFO:engine.post.parallel_aff_agglomerate:Agglomerating in block [6640:7504, 2544:4592, 25072:27120] (864, 2048, 2048) with context of [6512:7632, 2416:4720, 24944:27248] (1120, 2304, 2304)
INFO:engine.post.parallel_aff_agglomerate:did not merge (13824428813, 13824428826)
INFO:engine.post.parallel_aff_agglomerate:did not merge (7717520828, 7717521131)
INFO:engine.post.parallel_aff_agglomerate:did not merge (11542726363, 13891536366)
INFO:engine.post.parallel_aff_agglomerate:did not merge (11542726363, 13891536403)
INFO:engine.post.parallel_aff_agglomerate:did not merge (9479130085, 11542726147)
INFO:engine.post.parallel_aff_agglomerate:did not merge (11542726191, 11542726192)
INFO:engine.post.parallel_aff_agglomerate:did not merge (11542726191, 11542726200)
INFO:engine.post.parallel_aff_agglomerate:did not merge (11542726191, 11542726206)
INFO:engine.post.parallel_aff_agglomerate:did not merge (11542726191, 11542726208)
INFO:engine.post.parallel_aff_agglomerate:did not merge (11542726191, 11542726217)
INFO:engine.post.parallel_aff_agglomerate:did not merge (11542726191, 11542726218)
INFO:engine.post.parallel_aff_agglomerate:did not merge (11542726191, 11542726228)
INFO:engine.post.parallel_aff_agglomerate:did not merge (11542726191, 11542726229)
INFO:engine.post.parallel_aff_agglomerate:did not merge (11542726191, 11542726242)
INFO:engine.post.parallel_aff_agglomerate:did not merge (11542726191, 11542726256)
INFO:engine.post.parallel_aff_agglomerate:did not merge (11542726191, 11542726285)
INFO:engine.post.parallel_aff_agglomerate:did not merge (11542726191, 11542726335)
INFO:engine.post.parallel_aff_agglomerate:did not merge (11542726191, 11542726337)
INFO:engine.post.parallel_aff_agglomerate:did not merge (13824428531, 13824428652)
INFO:engine.post.parallel_aff_agglomerate:did not merge (13891536525, 13891536650)
INFO:engine.post.parallel_aff_agglomerate:did not merge (13891536525, 13891536656)
INFO:engine.post.parallel_aff_agglomerate:did not merge (13891536525, 13891536663)
INFO:engine.post.parallel_aff_agglomerate:did not merge (13891536456, 13891536457)
INFO:engine.post.parallel_aff_agglomerate:did not merge (13891536456, 13891536540)
INFO:engine.post.parallel_aff_agglomerate:did not merge (13891536456, 13891536547)
INFO:engine.post.parallel_aff_agglomerate:did not merge (13891536456, 13891536578)
INFO:engine.post.parallel_aff_agglomerate:did not merge (13891536456, 13891536585)
INFO:engine.post.parallel_aff_agglomerate:did not merge (13891536456, 13891536610)
INFO:engine.post.parallel_aff_agglomerate:did not merge (13891536456, 13891536632)
INFO:engine.post.parallel_aff_agglomerate:did not merge (13891536456, 13891536650)
INFO:engine.post.parallel_aff_agglomerate:did not merge (13891536456, 13891536656)
INFO:engine.post.parallel_aff_agglomerate:did not merge (13891536456, 13891536663)
INFO:engine.post.parallel_aff_agglomerate:did not merge (13891536456, 13891536758)
INFO:engine.post.parallel_aff_agglomerate:did not merge (13891536456, 16559112423)
INFO:engine.post.parallel_aff_agglomerate:did not merge (13891536456, 16559112436)
INFO:engine.post.parallel_aff_agglomerate:did not merge (13824428880, 13824428944)
INFO:engine.post.parallel_aff_agglomerate:did not merge (13824428880, 13824428968)
INFO:engine.post.parallel_aff_agglomerate:did not merge (13824428880, 13824428969)
INFO:engine.post.parallel_aff_agglomerate:did not merge (13824428880, 13824429000)
INFO:engine.post.parallel_aff_agglomerate:did not merge (11542726416, 13824428374)
INFO:engine.post.parallel_aff_agglomerate:did not merge (13824428883, 13824429240)
INFO:engine.post.parallel_aff_agglomerate:did not merge (13824428883, 16475226348)
INFO:engine.post.parallel_aff_agglomerate:did not merge (13891536508, 13891536514)
INFO:engine.post.parallel_aff_agglomerate:did not merge (13891536508, 13891536663)
INFO:engine.post.parallel_aff_agglomerate:did not merge (13891536508, 13891536777)
INFO:engine.post.parallel_aff_agglomerate:did not merge (13891536508, 16559112436)
INFO:engine.post.parallel_aff_agglomerate:did not merge (13891536508, 16559112555)
INFO:engine.post.parallel_aff_agglomerate:did not merge (13891536628, 13891536774)
INFO:engine.post.parallel_aff_agglomerate:did not merge (7717521463, 7717521579)
INFO:engine.post.parallel_aff_agglomerate:did not merge (13824429032, 13824429240)
INFO:engine.post.parallel_aff_agglomerate:did not merge (11559501913, 11559502071)
INFO:engine.post.parallel_aff_agglomerate:did not merge (9546236242, 9546236267)
INFO:engine.post.parallel_aff_agglomerate:did not merge (9546236242, 9546236390)
INFO:engine.post.parallel_aff_agglomerate:did not merge (11559502105, 11559502176)
INFO:engine.post.parallel_aff_agglomerate:did not merge (11559502105, 11559502309)
INFO:engine.post.parallel_aff_agglomerate:did not merge (11559502105, 11559502361)
INFO:engine.post.parallel_aff_agglomerate:did not merge (11559502105, 11559502395)
INFO:engine.post.parallel_aff_agglomerate:did not merge (11559502105, 11559502453)
INFO:engine.post.parallel_aff_agglomerate:did not merge (11559502534, 11559502602)
INFO:engine.post.parallel_aff_agglomerate:did not merge (11559502520, 11559502620)
INFO:engine.post.parallel_aff_agglomerate:did not merge (11559502653, 11559502889)
INFO:engine.post.parallel_aff_agglomerate:did not merge (11559502653, 11559502890)
INFO:engine.post.parallel_aff_agglomerate:did not merge (9546236723, 9546236944)
INFO:engine.post.parallel_aff_agglomerate:merged 5440 edges
INFO:engine.post.parallel_aff_agglomerate:Agglomerating in block [6640:7504, 4592:6640, 6640:8688] (864, 2048, 2048) with context of [6512:7632, 4464:6768, 6512:8816] (1120, 2304, 2304)
INFO:engine.post.parallel_aff_agglomerate:did not merge (1073744927, 1610615755)
INFO:engine.post.parallel_aff_agglomerate:did not merge (2214595268, 2214595276)
INFO:engine.post.parallel_aff_agglomerate:did not merge (2214595268, 2214595278)
INFO:engine.post.parallel_aff_agglomerate:did not merge (2214595268, 2214595294)
INFO:engine.post.parallel_aff_agglomerate:did not merge (2214595268, 2214595298)
INFO:engine.post.parallel_aff_agglomerate:did not merge (2214595268, 2214595300)
INFO:engine.post.parallel_aff_agglomerate:did not merge (2214595268, 2214595321)
INFO:engine.post.parallel_aff_agglomerate:did not merge (1073745019, 1610615755)
INFO:engine.post.parallel_aff_agglomerate:did not merge (1610615801, 1610615821)
INFO:engine.post.parallel_aff_agglomerate:did not merge (1610615801, 1610615840)
INFO:engine.post.parallel_aff_agglomerate:did not merge (1610615801, 1610615856)
INFO:engine.post.parallel_aff_agglomerate:did not merge (1610616035, 2298480989)
INFO:engine.post.parallel_aff_agglomerate:did not merge (2298481380, 2298481536)
INFO:engine.post.parallel_aff_agglomerate:did not merge (2298481380, 2298481538)
INFO:engine.post.parallel_aff_agglomerate:did not merge (2298481380, 2298481764)
INFO:engine.post.parallel_aff_agglomerate:did not merge (2298481308, 2298481407)
INFO:engine.post.parallel_aff_agglomerate:did not merge (2298481308, 2298481408)
INFO:engine.post.parallel_aff_agglomerate:did not merge (2298481308, 2298481536)
INFO:engine.post.parallel_aff_agglomerate:did not merge (2298481308, 2298481539)
INFO:engine.post.parallel_aff_agglomerate:did not merge (2298481381, 2298481408)
INFO:engine.post.parallel_aff_agglomerate:did not merge (2298481381, 2298481536)
INFO:engine.post.parallel_aff_agglomerate:did not merge (2298481206, 2298481408)
INFO:engine.post.parallel_aff_agglomerate:did not merge (2298481206, 2298481536)
INFO:engine.post.parallel_aff_agglomerate:did not merge (721423011, 1073744999)
INFO:engine.post.parallel_aff_agglomerate:did not merge (2214595612, 2214595677)
INFO:engine.post.parallel_aff_agglomerate:did not merge (2214595655, 3070230905)
INFO:engine.post.parallel_aff_agglomerate:did not merge (2214595521, 2214595530)
INFO:engine.post.parallel_aff_agglomerate:did not merge (2214595613, 2214595677)
INFO:engine.post.parallel_aff_agglomerate:did not merge (1627390417, 1627390484)
INFO:engine.post.parallel_aff_agglomerate:did not merge (1627390417, 1627390503)
INFO:engine.post.parallel_aff_agglomerate:did not merge (1627390417, 1627390532)
INFO:engine.post.parallel_aff_agglomerate:did not merge (1627390417, 1627390612)
INFO:engine.post.parallel_aff_agglomerate:did not merge (1627390417, 1627390613)
INFO:engine.post.parallel_aff_agglomerate:did not merge (1627390417, 1627390632)
INFO:engine.post.parallel_aff_agglomerate:did not merge (1627390417, 1627390749)
INFO:engine.post.parallel_aff_agglomerate:did not merge (1627390063, 1627390416)
INFO:engine.post.parallel_aff_agglomerate:did not merge (1627390614, 1627390885)
INFO:engine.post.parallel_aff_agglomerate:did not merge (1627390682, 1627390863)
INFO:engine.post.parallel_aff_agglomerate:did not merge (1157628865, 1157628942)
INFO:engine.post.parallel_aff_agglomerate:did not merge (1157628865, 1157628944)
INFO:engine.post.parallel_aff_agglomerate:did not merge (1157628865, 1157628983)
INFO:engine.post.parallel_aff_agglomerate:did not merge (1157628865, 1157629003)
INFO:engine.post.parallel_aff_agglomerate:did not merge (1157628865, 1157629016)
INFO:engine.post.parallel_aff_agglomerate:did not merge (1157628865, 1157629017)
INFO:engine.post.parallel_aff_agglomerate:did not merge (1157628865, 1157629037)
INFO:engine.post.parallel_aff_agglomerate:did not merge (1157628865, 1157629099)
INFO:engine.post.parallel_aff_agglomerate:did not merge (1627391438, 1627391576)
INFO:engine.post.parallel_aff_agglomerate:did not merge (1627391526, 1627391576)
INFO:engine.post.parallel_aff_agglomerate:did not merge (1627391563, 1627391576)
INFO:engine.post.parallel_aff_agglomerate:did not merge (1627391800, 1627391902)
INFO:engine.post.parallel_aff_agglomerate:did not merge (1157629189, 1157629251)
INFO:engine.post.parallel_aff_agglomerate:did not merge (1157629189, 1157629286)
INFO:engine.post.parallel_aff_agglomerate:did not merge (1157629189, 1157629409)
INFO:engine.post.parallel_aff_agglomerate:did not merge (1157629416, 1627391902)
INFO:engine.post.parallel_aff_agglomerate:merged 8864 edges
INFO:engine.post.parallel_aff_agglomerate:Agglomerating in block [6640:7504, 4592:6640, 18928:20976] (864, 2048, 2048) with context of [6512:7632, 4464:6768, 18800:21104] (1120, 2304, 2304)
INFO:engine.post.parallel_aff_agglomerate:did not merge (6241126072, 6241126102)
INFO:engine.post.parallel_aff_agglomerate:did not merge (6241126072, 7834959983)
INFO:engine.post.parallel_aff_agglomerate:did not merge (9596570689, 9596570875)
INFO:engine.post.parallel_aff_agglomerate:did not merge (9596570689, 11693722531)
INFO:engine.post.parallel_aff_agglomerate:did not merge (9596570689, 11710496894)
INFO:engine.post.parallel_aff_agglomerate:did not merge (7834962700, 9596570691)
INFO:engine.post.parallel_aff_agglomerate:did not merge (7834962677, 9596570691)
INFO:engine.post.parallel_aff_agglomerate:did not merge (7834962479, 7834962498)
INFO:engine.post.parallel_aff_agglomerate:did not merge (9596570910, 9596570940)
INFO:engine.post.parallel_aff_agglomerate:did not merge (9596570910, 9596571090)
INFO:engine.post.parallel_aff_agglomerate:did not merge (9596570910, 9596571106)
INFO:engine.post.parallel_aff_agglomerate:did not merge (9596570910, 9596571118)
INFO:engine.post.parallel_aff_agglomerate:did not merge (9596570910, 9596571236)
INFO:engine.post.parallel_aff_agglomerate:did not merge (9596570454, 9596570537)
INFO:engine.post.parallel_aff_agglomerate:did not merge (9596570454, 9596570574)
INFO:engine.post.parallel_aff_agglomerate:did not merge (9596570454, 9596570684)
INFO:engine.post.parallel_aff_agglomerate:did not merge (9596570454, 9596570707)
INFO:engine.post.parallel_aff_agglomerate:did not merge (9596570454, 9596570718)
INFO:engine.post.parallel_aff_agglomerate:did not merge (9596570454, 9596570727)
INFO:engine.post.parallel_aff_agglomerate:did not merge (9596570454, 9596570759)
INFO:engine.post.parallel_aff_agglomerate:did not merge (9596570454, 9596570773)
INFO:engine.post.parallel_aff_agglomerate:did not merge (9596570454, 9596570814)
INFO:engine.post.parallel_aff_agglomerate:did not merge (9596570454, 9596570943)
INFO:engine.post.parallel_aff_agglomerate:did not merge (7834962532, 9680455046)
INFO:engine.post.parallel_aff_agglomerate:did not merge (6241126130, 7834962481)
INFO:engine.post.parallel_aff_agglomerate:did not merge (9613345258, 9613345293)
INFO:engine.post.parallel_aff_agglomerate:did not merge (7851737155, 7851737377)
INFO:engine.post.parallel_aff_agglomerate:did not merge (9613345271, 9613345293)
INFO:engine.post.parallel_aff_agglomerate:did not merge (9613345654, 9613345740)
INFO:engine.post.parallel_aff_agglomerate:did not merge (9613345654, 9613345741)
INFO:engine.post.parallel_aff_agglomerate:did not merge (6325011046, 6325011160)
INFO:engine.post.parallel_aff_agglomerate:did not merge (6325011046, 6325011190)
INFO:engine.post.parallel_aff_agglomerate:did not merge (6325011046, 6325011345)
INFO:engine.post.parallel_aff_agglomerate:did not merge (6325011046, 7851737932)
INFO:engine.post.parallel_aff_agglomerate:did not merge (6325011046, 7935623678)
INFO:engine.post.parallel_aff_agglomerate:did not merge (6325011046, 7935623685)
INFO:engine.post.parallel_aff_agglomerate:merged 6012 edges
INFO:engine.post.parallel_aff_agglomerate:Agglomerating in block [6640:7504, 4592:6640, 29168:29264] (864, 2048, 96) with context of [6512:7632, 4464:6768, 29040:29392] (1120, 2304, 352)
INFO:engine.post.parallel_aff_agglomerate:did not merge (16458451634, 16458451777)
INFO:engine.post.parallel_aff_agglomerate:did not merge (16458451634, 19327353355)
INFO:engine.post.parallel_aff_agglomerate:did not merge (16458451634, 19428016292)
INFO:engine.post.parallel_aff_agglomerate:did not merge (16458451634, 19428016435)
INFO:engine.post.parallel_aff_agglomerate:did not merge (16391340539, 16391340544)
INFO:engine.post.parallel_aff_agglomerate:did not merge (16391340539, 16391340553)
INFO:engine.post.parallel_aff_agglomerate:did not merge (16391340539, 16391340555)
INFO:engine.post.parallel_aff_agglomerate:did not merge (16391340539, 16391340576)
INFO:engine.post.parallel_aff_agglomerate:did not merge (16391340539, 16391340577)
INFO:engine.post.parallel_aff_agglomerate:did not merge (16391340539, 16391340594)
INFO:engine.post.parallel_aff_agglomerate:did not merge (16391340539, 16391340623)
INFO:engine.post.parallel_aff_agglomerate:did not merge (16391340539, 19344130079)
INFO:engine.post.parallel_aff_agglomerate:did not merge (13824428855, 16391340576)
INFO:engine.post.parallel_aff_agglomerate:did not merge (13824428855, 16391340594)
INFO:engine.post.parallel_aff_agglomerate:did not merge (19411241806, 19411241807)
INFO:engine.post.parallel_aff_agglomerate:did not merge (19411241806, 19411241809)
INFO:engine.post.parallel_aff_agglomerate:did not merge (19411241806, 19411241917)
INFO:engine.post.parallel_aff_agglomerate:did not merge (19411241806, 22716350725)
INFO:engine.post.parallel_aff_agglomerate:did not merge (22598910631, 26239565843)
INFO:engine.post.parallel_aff_agglomerate:did not merge (16458451397, 16458451493)
INFO:engine.post.parallel_aff_agglomerate:did not merge (16458451397, 16458451530)
INFO:engine.post.parallel_aff_agglomerate:did not merge (16458451397, 16458451547)
INFO:engine.post.parallel_aff_agglomerate:did not merge (16458451397, 16458451561)
INFO:engine.post.parallel_aff_agglomerate:did not merge (16458451397, 16458451562)
INFO:engine.post.parallel_aff_agglomerate:did not merge (16458451397, 16458451618)
INFO:engine.post.parallel_aff_agglomerate:did not merge (16458451642, 16458451777)
INFO:engine.post.parallel_aff_agglomerate:did not merge (16458451642, 19428016300)
INFO:engine.post.parallel_aff_agglomerate:did not merge (16458451642, 19428016435)
INFO:engine.post.parallel_aff_agglomerate:did not merge (22598910607, 22598910609)
INFO:engine.post.parallel_aff_agglomerate:did not merge (22598910607, 22598910613)
INFO:engine.post.parallel_aff_agglomerate:did not merge (22598910607, 22598910615)
INFO:engine.post.parallel_aff_agglomerate:did not merge (16458451724, 16458451777)
INFO:engine.post.parallel_aff_agglomerate:did not merge (16458451724, 16458452091)
INFO:engine.post.parallel_aff_agglomerate:did not merge (16458451724, 19428016435)
INFO:engine.post.parallel_aff_agglomerate:did not merge (19344130065, 19344130079)
INFO:engine.post.parallel_aff_agglomerate:merged 1996 edges
INFO:engine.post.parallel_aff_agglomerate:Agglomerating in block [6640:7504, 6640:8688, 2544:4592] (864, 2048, 2048) with context of [6512:7632, 6512:8816, 2416:4720] (1120, 2304, 2304)
INFO:engine.post.parallel_aff_agglomerate:did not merge (788532783, 788532798)
INFO:engine.post.parallel_aff_agglomerate:did not merge (788532783, 1224740034)
INFO:engine.post.parallel_aff_agglomerate:did not merge (1224739931, 1224739933)
INFO:engine.post.parallel_aff_agglomerate:did not merge (1224739931, 1224739961)
INFO:engine.post.parallel_aff_agglomerate:did not merge (1224739931, 1224739962)
INFO:engine.post.parallel_aff_agglomerate:did not merge (1224739931, 1224739980)
INFO:engine.post.parallel_aff_agglomerate:did not merge (1224739931, 1224740038)
INFO:engine.post.parallel_aff_agglomerate:did not merge (1224739931, 1224740110)
INFO:engine.post.parallel_aff_agglomerate:did not merge (872418675, 872418726)
INFO:engine.post.parallel_aff_agglomerate:did not merge (872418675, 872418734)
INFO:engine.post.parallel_aff_agglomerate:did not merge (872418675, 1224739836)
INFO:engine.post.parallel_aff_agglomerate:did not merge (872418675, 1224739890)
INFO:engine.post.parallel_aff_agglomerate:did not merge (1224740237, 1795162902)
INFO:engine.post.parallel_aff_agglomerate:did not merge (1795162962, 1795163003)
INFO:engine.post.parallel_aff_agglomerate:did not merge (1795162962, 1795163007)
INFO:engine.post.parallel_aff_agglomerate:did not merge (1795162962, 1795163008)
INFO:engine.post.parallel_aff_agglomerate:did not merge (788532799, 1140853662)
INFO:engine.post.parallel_aff_agglomerate:did not merge (788532799, 1140853673)
INFO:engine.post.parallel_aff_agglomerate:did not merge (788532799, 1140853674)
INFO:engine.post.parallel_aff_agglomerate:did not merge (788532799, 1224739960)
INFO:engine.post.parallel_aff_agglomerate:did not merge (1224740262, 1795162915)
INFO:engine.post.parallel_aff_agglomerate:did not merge (536875101, 536875175)
INFO:engine.post.parallel_aff_agglomerate:did not merge (536875101, 536875280)
INFO:engine.post.parallel_aff_agglomerate:did not merge (536875101, 788532618)
INFO:engine.post.parallel_aff_agglomerate:did not merge (1224739785, 1224739805)
INFO:engine.post.parallel_aff_agglomerate:did not merge (1224739785, 1224739845)
INFO:engine.post.parallel_aff_agglomerate:did not merge (1224739785, 1224740036)
INFO:engine.post.parallel_aff_agglomerate:did not merge (1224739785, 1224740073)
INFO:engine.post.parallel_aff_agglomerate:did not merge (1224739785, 1224740092)
INFO:engine.post.parallel_aff_agglomerate:did not merge (1795162973, 1795162999)
INFO:engine.post.parallel_aff_agglomerate:did not merge (1795162973, 1795163014)
INFO:engine.post.parallel_aff_agglomerate:did not merge (1224740149, 1224740151)
INFO:engine.post.parallel_aff_agglomerate:did not merge (1224740279, 1795162904)
INFO:engine.post.parallel_aff_agglomerate:did not merge (1140853925, 1140853971)
INFO:engine.post.parallel_aff_agglomerate:did not merge (1140853925, 1140854190)
INFO:engine.post.parallel_aff_agglomerate:did not merge (1140853925, 1711276553)
INFO:engine.post.parallel_aff_agglomerate:did not merge (788532842, 788533412)
INFO:engine.post.parallel_aff_agglomerate:did not merge (1694501411, 1694501521)
INFO:engine.post.parallel_aff_agglomerate:did not merge (1694501411, 1694501691)
INFO:engine.post.parallel_aff_agglomerate:did not merge (1694501411, 1694501717)
INFO:engine.post.parallel_aff_agglomerate:did not merge (1694501411, 2415919456)
INFO:engine.post.parallel_aff_agglomerate:did not merge (1694501594, 1694501604)
INFO:engine.post.parallel_aff_agglomerate:did not merge (1694501594, 1694501605)
INFO:engine.post.parallel_aff_agglomerate:did not merge (1694501594, 1694501730)
INFO:engine.post.parallel_aff_agglomerate:did not merge (1224740396, 1694501340)
INFO:engine.post.parallel_aff_agglomerate:did not merge (1694501564, 1694501717)
INFO:engine.post.parallel_aff_agglomerate:did not merge (1795163002, 1795163003)
INFO:engine.post.parallel_aff_agglomerate:did not merge (1795163002, 1795163007)
INFO:engine.post.parallel_aff_agglomerate:did not merge (788532983, 788533102)
INFO:engine.post.parallel_aff_agglomerate:did not merge (788532983, 788533174)
INFO:engine.post.parallel_aff_agglomerate:did not merge (788532966, 788533412)
INFO:engine.post.parallel_aff_agglomerate:did not merge (872418604, 872418849)
INFO:engine.post.parallel_aff_agglomerate:did not merge (1694501733, 1694501792)
INFO:engine.post.parallel_aff_agglomerate:did not merge (1795162845, 1795162857)
INFO:engine.post.parallel_aff_agglomerate:did not merge (1795162845, 1795162889)
INFO:engine.post.parallel_aff_agglomerate:did not merge (872418686, 872418726)
INFO:engine.post.parallel_aff_agglomerate:did not merge (872418686, 872418734)
INFO:engine.post.parallel_aff_agglomerate:did not merge (1694501569, 1694501717)
INFO:engine.post.parallel_aff_agglomerate:did not merge (1694501640, 1694501641)
INFO:engine.post.parallel_aff_agglomerate:did not merge (1694501640, 1694501758)
INFO:engine.post.parallel_aff_agglomerate:did not merge (1694501640, 1694501831)
INFO:engine.post.parallel_aff_agglomerate:did not merge (1795163020, 2533359751)
INFO:engine.post.parallel_aff_agglomerate:did not merge (788533072, 788533412)
INFO:engine.post.parallel_aff_agglomerate:did not merge (1694501694, 1694501708)
INFO:engine.post.parallel_aff_agglomerate:did not merge (1694501694, 1694501709)
INFO:engine.post.parallel_aff_agglomerate:did not merge (1694501694, 1694501827)
INFO:engine.post.parallel_aff_agglomerate:did not merge (1795163072, 1795163090)
INFO:engine.post.parallel_aff_agglomerate:did not merge (1795163072, 2533359786)
INFO:engine.post.parallel_aff_agglomerate:did not merge (536875417, 536875582)
INFO:engine.post.parallel_aff_agglomerate:did not merge (872418677, 872418752)
INFO:engine.post.parallel_aff_agglomerate:did not merge (872418677, 1342177627)
INFO:engine.post.parallel_aff_agglomerate:did not merge (1711276287, 1711276334)
INFO:engine.post.parallel_aff_agglomerate:did not merge (1711276287, 1711276553)
INFO:engine.post.parallel_aff_agglomerate:did not merge (1711276287, 1711276554)
INFO:engine.post.parallel_aff_agglomerate:did not merge (1711276287, 1711276555)
INFO:engine.post.parallel_aff_agglomerate:did not merge (1241514445, 1241514571)
INFO:engine.post.parallel_aff_agglomerate:did not merge (1241514510, 1241514774)
INFO:engine.post.parallel_aff_agglomerate:did not merge (1241514421, 1241514571)
INFO:engine.post.parallel_aff_agglomerate:did not merge (1241514554, 1241514571)
INFO:engine.post.parallel_aff_agglomerate:did not merge (1241514113, 1241514494)
INFO:engine.post.parallel_aff_agglomerate:did not merge (1241514113, 1241514641)
INFO:engine.post.parallel_aff_agglomerate:did not merge (1241514747, 1241514774)
INFO:engine.post.parallel_aff_agglomerate:did not merge (1241514747, 1241514956)
INFO:engine.post.parallel_aff_agglomerate:did not merge (1241514728, 1241514744)
INFO:engine.post.parallel_aff_agglomerate:did not merge (1241514794, 1241514956)
INFO:engine.post.parallel_aff_agglomerate:did not merge (889193373, 889193480)
INFO:engine.post.parallel_aff_agglomerate:did not merge (1241515513, 1241515782)
INFO:engine.post.parallel_aff_agglomerate:did not merge (1241515388, 1241515414)
INFO:engine.post.parallel_aff_agglomerate:did not merge (1241515388, 1241515581)
INFO:engine.post.parallel_aff_agglomerate:did not merge (1241515304, 1241515342)
INFO:engine.post.parallel_aff_agglomerate:did not merge (1241515304, 1241515414)
INFO:engine.post.parallel_aff_agglomerate:did not merge (1241515304, 1241515476)
INFO:engine.post.parallel_aff_agglomerate:did not merge (1241515660, 1241515852)
INFO:engine.post.parallel_aff_agglomerate:did not merge (1241515660, 1241515853)
INFO:engine.post.parallel_aff_agglomerate:did not merge (1241515890, 1241515924)
INFO:engine.post.parallel_aff_agglomerate:did not merge (1241515890, 1241516010)
INFO:engine.post.parallel_aff_agglomerate:did not merge (1241515890, 1241516011)
INFO:engine.post.parallel_aff_agglomerate:did not merge (889194819, 889195094)
INFO:engine.post.parallel_aff_agglomerate:did not merge (1241516064, 1241516104)
INFO:engine.post.parallel_aff_agglomerate:did not merge (1241516064, 1241516122)
INFO:engine.post.parallel_aff_agglomerate:did not merge (1241516064, 1241516201)
INFO:engine.post.parallel_aff_agglomerate:did not merge (1241516064, 1241516287)
INFO:engine.post.parallel_aff_agglomerate:did not merge (1241516185, 1241516201)
INFO:engine.post.parallel_aff_agglomerate:did not merge (1241516185, 1711277709)
INFO:engine.post.parallel_aff_agglomerate:did not merge (1711277698, 1711277709)
INFO:engine.post.parallel_aff_agglomerate:merged 14696 edges
INFO:engine.post.parallel_aff_agglomerate:Agglomerating in block [6640:7504, 6640:8688, 12784:14832] (864, 2048, 2048) with context of [6512:7632, 6512:8816, 12656:14960] (1120, 2304, 2304)
INFO:engine.post.parallel_aff_agglomerate:did not merge (6392121173, 6392121214)
INFO:engine.post.parallel_aff_agglomerate:did not merge (6392121173, 6392121215)
INFO:engine.post.parallel_aff_agglomerate:did not merge (6392121173, 6392121364)
INFO:engine.post.parallel_aff_agglomerate:did not merge (6392121173, 6392121376)
INFO:engine.post.parallel_aff_agglomerate:did not merge (6392121173, 6392121384)
INFO:engine.post.parallel_aff_agglomerate:did not merge (6392121173, 6392121416)
INFO:engine.post.parallel_aff_agglomerate:did not merge (6392121173, 6392121450)
INFO:engine.post.parallel_aff_agglomerate:did not merge (6392121173, 6392121453)
INFO:engine.post.parallel_aff_agglomerate:did not merge (6392121173, 6392121511)
INFO:engine.post.parallel_aff_agglomerate:did not merge (6392121173, 8019509689)
INFO:engine.post.parallel_aff_agglomerate:did not merge (6392121173, 8019509780)
INFO:engine.post.parallel_aff_agglomerate:did not merge (6392121173, 8036286760)
INFO:engine.post.parallel_aff_agglomerate:did not merge (6392121173, 8036286855)
INFO:engine.post.parallel_aff_agglomerate:did not merge (3892317062, 3892317159)
INFO:engine.post.parallel_aff_agglomerate:did not merge (3892317062, 3892317454)
INFO:engine.post.parallel_aff_agglomerate:did not merge (6492783699, 6492783701)
INFO:engine.post.parallel_aff_agglomerate:did not merge (6492783699, 8153727038)
INFO:engine.post.parallel_aff_agglomerate:did not merge (6492783652, 8153727209)
INFO:engine.post.parallel_aff_agglomerate:did not merge (6492783712, 6492783787)
INFO:engine.post.parallel_aff_agglomerate:did not merge (6492783679, 6492783859)
INFO:engine.post.parallel_aff_agglomerate:did not merge (6392121404, 6392121416)
INFO:engine.post.parallel_aff_agglomerate:did not merge (6392121404, 8036286760)
INFO:engine.post.parallel_aff_agglomerate:did not merge (6492783704, 6492783859)
INFO:engine.post.parallel_aff_agglomerate:did not merge (6392121415, 6392121416)
INFO:engine.post.parallel_aff_agglomerate:did not merge (5100273855, 5100273942)
INFO:engine.post.parallel_aff_agglomerate:did not merge (5100273855, 5100274086)
INFO:engine.post.parallel_aff_agglomerate:did not merge (5100273855, 5100274149)
INFO:engine.post.parallel_aff_agglomerate:did not merge (5100273855, 5100274213)
INFO:engine.post.parallel_aff_agglomerate:did not merge (5100273855, 6408896580)
INFO:engine.post.parallel_aff_agglomerate:did not merge (6408896931, 6408897000)
INFO:engine.post.parallel_aff_agglomerate:did not merge (6408896931, 6408897172)
INFO:engine.post.parallel_aff_agglomerate:did not merge (5100274121, 5100274213)
INFO:engine.post.parallel_aff_agglomerate:did not merge (5100274121, 5100274343)
INFO:engine.post.parallel_aff_agglomerate:did not merge (5100274121, 5100274435)
INFO:engine.post.parallel_aff_agglomerate:did not merge (5100274121, 5100274539)
INFO:engine.post.parallel_aff_agglomerate:did not merge (5100274121, 5100274617)
INFO:engine.post.parallel_aff_agglomerate:did not merge (5100274121, 6408897298)
INFO:engine.post.parallel_aff_agglomerate:did not merge (5100273759, 5100273957)
INFO:engine.post.parallel_aff_agglomerate:did not merge (5100273759, 5100274048)
INFO:engine.post.parallel_aff_agglomerate:did not merge (5100273759, 5100274066)
INFO:engine.post.parallel_aff_agglomerate:did not merge (5100273759, 5100274336)
INFO:engine.post.parallel_aff_agglomerate:did not merge (5100273759, 5100274360)
INFO:engine.post.parallel_aff_agglomerate:did not merge (5100273759, 5100274425)
INFO:engine.post.parallel_aff_agglomerate:did not merge (5100273759, 5100274673)
INFO:engine.post.parallel_aff_agglomerate:did not merge (5100273759, 5100274747)
INFO:engine.post.parallel_aff_agglomerate:did not merge (5100273759, 5100274782)
INFO:engine.post.parallel_aff_agglomerate:did not merge (5100273759, 5100274984)
INFO:engine.post.parallel_aff_agglomerate:did not merge (5100273759, 5100275214)
INFO:engine.post.parallel_aff_agglomerate:did not merge (5100274566, 5100274617)
INFO:engine.post.parallel_aff_agglomerate:did not merge (5100274566, 5100274684)
INFO:engine.post.parallel_aff_agglomerate:did not merge (5100274566, 5100274685)
INFO:engine.post.parallel_aff_agglomerate:did not merge (5100274566, 5100274695)
INFO:engine.post.parallel_aff_agglomerate:did not merge (5100274566, 5100274704)
INFO:engine.post.parallel_aff_agglomerate:did not merge (5100274566, 5100274705)
INFO:engine.post.parallel_aff_agglomerate:did not merge (5100274566, 5100274711)
INFO:engine.post.parallel_aff_agglomerate:did not merge (5100274852, 5100274977)
INFO:engine.post.parallel_aff_agglomerate:did not merge (6408897973, 6408898116)
INFO:engine.post.parallel_aff_agglomerate:did not merge (6408897973, 6408898339)
INFO:engine.post.parallel_aff_agglomerate:did not merge (6408897973, 8036287622)
INFO:engine.post.parallel_aff_agglomerate:did not merge (6408897973, 8036287663)
INFO:engine.post.parallel_aff_agglomerate:did not merge (5100275008, 5100275055)
INFO:engine.post.parallel_aff_agglomerate:did not merge (5100275008, 5100275067)
INFO:engine.post.parallel_aff_agglomerate:did not merge (5100275005, 5100275094)
INFO:engine.post.parallel_aff_agglomerate:merged 12969 edges
INFO:engine.post.parallel_aff_agglomerate:Agglomerating in block [6640:7504, 6640:8688, 23024:25072] (864, 2048, 2048) with context of [6512:7632, 6512:8816, 22896:25200] (1120, 2304, 2304)
INFO:engine.post.parallel_aff_agglomerate:did not merge (13975423160, 16542336544)
INFO:engine.post.parallel_aff_agglomerate:did not merge (11693722832, 11693722873)
INFO:engine.post.parallel_aff_agglomerate:did not merge (11693722832, 11693722882)
INFO:engine.post.parallel_aff_agglomerate:did not merge (11693722832, 11693722890)
INFO:engine.post.parallel_aff_agglomerate:did not merge (11693722832, 11693722900)
INFO:engine.post.parallel_aff_agglomerate:did not merge (11693722878, 11693722952)
INFO:engine.post.parallel_aff_agglomerate:did not merge (11693722872, 11693722890)
INFO:engine.post.parallel_aff_agglomerate:did not merge (11693722872, 11693722931)
INFO:engine.post.parallel_aff_agglomerate:did not merge (11693722872, 11693722945)
INFO:engine.post.parallel_aff_agglomerate:did not merge (11693722872, 11693722958)
INFO:engine.post.parallel_aff_agglomerate:did not merge (11710497196, 11710497541)
INFO:engine.post.parallel_aff_agglomerate:did not merge (16559112499, 16559112574)
INFO:engine.post.parallel_aff_agglomerate:did not merge (13992198491, 13992198585)
INFO:engine.post.parallel_aff_agglomerate:did not merge (13992198242, 13992198345)
INFO:engine.post.parallel_aff_agglomerate:did not merge (13992198242, 13992198686)
INFO:engine.post.parallel_aff_agglomerate:did not merge (13992198758, 13992198976)
INFO:engine.post.parallel_aff_agglomerate:did not merge (13992198795, 13992199117)
INFO:engine.post.parallel_aff_agglomerate:did not merge (13992198901, 13992198976)
INFO:engine.post.parallel_aff_agglomerate:did not merge (13992198901, 13992199121)
INFO:engine.post.parallel_aff_agglomerate:merged 4356 edges
INFO:engine.post.parallel_aff_agglomerate:Agglomerating in block [6640:7504, 8688:9104, 4592:6640] (864, 416, 2048) with context of [6512:7632, 8560:9232, 4464:6768] (1120, 672, 2304)
INFO:engine.post.parallel_aff_agglomerate:did not merge (1795162956, 1795163051)
INFO:engine.post.parallel_aff_agglomerate:did not merge (2399142408, 2399142416)
INFO:engine.post.parallel_aff_agglomerate:did not merge (2399142408, 2399142421)
INFO:engine.post.parallel_aff_agglomerate:did not merge (2399142408, 2399142438)
INFO:engine.post.parallel_aff_agglomerate:did not merge (2399142408, 2399142448)
INFO:engine.post.parallel_aff_agglomerate:did not merge (1694501655, 2399142459)
INFO:engine.post.parallel_aff_agglomerate:did not merge (1694501655, 2399142460)
INFO:engine.post.parallel_aff_agglomerate:did not merge (1694501655, 2399142464)
INFO:engine.post.parallel_aff_agglomerate:did not merge (1694501655, 2399142466)
INFO:engine.post.parallel_aff_agglomerate:did not merge (1694501655, 2399142471)
INFO:engine.post.parallel_aff_agglomerate:did not merge (2415919705, 2415919743)
INFO:engine.post.parallel_aff_agglomerate:did not merge (2415919734, 2415919743)
INFO:engine.post.parallel_aff_agglomerate:did not merge (2415919930, 2415919945)
INFO:engine.post.parallel_aff_agglomerate:did not merge (3170895552, 3170895648)
INFO:engine.post.parallel_aff_agglomerate:did not merge (3170895739, 3170895893)
INFO:engine.post.parallel_aff_agglomerate:merged 2849 edges
INFO:engine.post.parallel_aff_agglomerate:Agglomerating in block [6640:7504, 8688:9104, 14832:16880] (864, 416, 2048) with context of [6512:7632, 8560:9232, 14704:17008] (1120, 672, 2304)
INFO:engine.post.parallel_aff_agglomerate:did not merge (6492783625, 8019509689)
INFO:engine.post.parallel_aff_agglomerate:did not merge (6492783639, 6492783679)
INFO:engine.post.parallel_aff_agglomerate:did not merge (6492783639, 6492783705)
INFO:engine.post.parallel_aff_agglomerate:did not merge (6392121264, 6392121271)
INFO:engine.post.parallel_aff_agglomerate:did not merge (6392121264, 6392121366)
INFO:engine.post.parallel_aff_agglomerate:did not merge (6392121264, 8036286613)
INFO:engine.post.parallel_aff_agglomerate:did not merge (6392121238, 6392121364)
INFO:engine.post.parallel_aff_agglomerate:did not merge (6392121238, 6392121376)
INFO:engine.post.parallel_aff_agglomerate:did not merge (6392121238, 6392121384)
INFO:engine.post.parallel_aff_agglomerate:did not merge (6392121238, 6392121437)
INFO:engine.post.parallel_aff_agglomerate:did not merge (6392121238, 6392121453)
INFO:engine.post.parallel_aff_agglomerate:did not merge (6392121238, 6392121487)
INFO:engine.post.parallel_aff_agglomerate:did not merge (6392121238, 6392121488)
INFO:engine.post.parallel_aff_agglomerate:did not merge (6392121238, 8019509689)
INFO:engine.post.parallel_aff_agglomerate:did not merge (6392121238, 8036286831)
INFO:engine.post.parallel_aff_agglomerate:did not merge (6392121385, 8036286617)
INFO:engine.post.parallel_aff_agglomerate:did not merge (5083499774, 5083499787)
INFO:engine.post.parallel_aff_agglomerate:did not merge (5083499639, 5083499787)
INFO:engine.post.parallel_aff_agglomerate:did not merge (5083499639, 5083499890)
INFO:engine.post.parallel_aff_agglomerate:did not merge (5083499639, 6509560264)
INFO:engine.post.parallel_aff_agglomerate:did not merge (8036286912, 8036287179)
INFO:engine.post.parallel_aff_agglomerate:did not merge (8036286553, 8036286710)
INFO:engine.post.parallel_aff_agglomerate:did not merge (8036286553, 8036286934)
INFO:engine.post.parallel_aff_agglomerate:did not merge (6509560345, 6509560361)
INFO:engine.post.parallel_aff_agglomerate:did not merge (6509560345, 6509560640)
INFO:engine.post.parallel_aff_agglomerate:did not merge (6509560345, 8153727203)
INFO:engine.post.parallel_aff_agglomerate:did not merge (8036287123, 8036287179)
INFO:engine.post.parallel_aff_agglomerate:did not merge (8036287123, 8036287186)
INFO:engine.post.parallel_aff_agglomerate:did not merge (8036287234, 8036287480)
INFO:engine.post.parallel_aff_agglomerate:did not merge (8036287287, 8036287352)
INFO:engine.post.parallel_aff_agglomerate:did not merge (8036287444, 8036287572)
INFO:engine.post.parallel_aff_agglomerate:did not merge (8036287444, 8036287658)
INFO:engine.post.parallel_aff_agglomerate:did not merge (8036287444, 8036287782)
INFO:engine.post.parallel_aff_agglomerate:did not merge (9797895198, 11928600825)
INFO:engine.post.parallel_aff_agglomerate:did not merge (8036287846, 8036287857)
INFO:engine.post.parallel_aff_agglomerate:did not merge (8036287847, 8036287857)
INFO:engine.post.parallel_aff_agglomerate:merged 2467 edges
INFO:engine.post.parallel_aff_agglomerate:Agglomerating in block [6640:7504, 8688:9104, 25072:27120] (864, 416, 2048) with context of [6512:7632, 8560:9232, 24944:27248] (1120, 672, 2304)
INFO:engine.post.parallel_aff_agglomerate:did not merge (16642998792, 19511902671)
INFO:engine.post.parallel_aff_agglomerate:did not merge (16642998792, 19511902693)
INFO:engine.post.parallel_aff_agglomerate:did not merge (22716351379, 22716351524)
INFO:engine.post.parallel_aff_agglomerate:merged 1289 edges
