INFO:root:worker 0 started...
INFO:root:epsilon_agglomerate: 0.25
INFO:root:mask_file: None
INFO:root:mask_dataset: None
INFO:root:filter_fragments: 0.0
INFO:root:cfg.INS_SEGMENT.THRESHOLD 0.5
INFO:root:Running block with config daisy_logs/p667Em047677EsbCrop_fragments/config_0.yaml...
wandb: Currently logged in as: sm2667 (iconnect). Use `wandb login --relogin` to force relogin
INFO:root:Reading affs from /media/samia/DATA/mounts/cephfs/catena/lsd_outputs/AFF/3d/HEMI/model_checkpoint_300000/P667_EM04767_7_ESB_crop.zarr
INFO:root:Opening RAG DB...
INFO:root:RAG DB opened
INFO:engine.post.parallel_aff_agglomerate:Agglomerating in block [496:2544, 496:2544, 496:2544] (2048, 2048, 2048) with context of [368:2672, 368:2672, 368:2672] (2304, 2304, 2304)
/home/samia/anaconda3/envs/funkelsd/lib/python3.8/site-packages/Cython/Compiler/Main.py:369: FutureWarning: Cython directive 'language_level' not set, using 2 for now (Py2). This will change in a later release! File: /home/samia/.cython/inline/waterz_473f57c3308baa3285bd784515d3b6bf.pyx
  tree = Parsing.p_module(s, pxd, full_module_name)
INFO:root:building 'waterz_473f57c3308baa3285bd784515d3b6bf' extension
INFO:root:gcc -pthread -B /home/samia/anaconda3/envs/funkelsd/compiler_compat -Wno-unused-result -Wsign-compare -DNDEBUG -fwrapv -O2 -Wall -fPIC -O2 -isystem /home/samia/anaconda3/envs/funkelsd/include -fPIC -O2 -isystem /home/samia/anaconda3/envs/funkelsd/include -fPIC -I/home/samia/anaconda3/envs/funkelsd/lib/python3.8/site-packages/waterz -I/home/samia/.cython/inline/waterz_473f57c3308baa3285bd784515d3b6bf -I/home/samia/anaconda3/envs/funkelsd/lib/python3.8/site-packages/waterz/backend -I/home/samia/anaconda3/envs/funkelsd/include -I/home/samia/anaconda3/envs/funkelsd/lib/python3.8/site-packages/numpy/core/include -I/home/samia/anaconda3/envs/funkelsd/include/python3.8 -c /home/samia/.cython/inline/waterz_473f57c3308baa3285bd784515d3b6bf.cpp -o /home/samia/.cython/inline/home/samia/.cython/inline/waterz_473f57c3308baa3285bd784515d3b6bf.o -std=c++11 -w
INFO:root:gcc -pthread -B /home/samia/anaconda3/envs/funkelsd/compiler_compat -Wno-unused-result -Wsign-compare -DNDEBUG -fwrapv -O2 -Wall -fPIC -O2 -isystem /home/samia/anaconda3/envs/funkelsd/include -fPIC -O2 -isystem /home/samia/anaconda3/envs/funkelsd/include -fPIC -I/home/samia/anaconda3/envs/funkelsd/lib/python3.8/site-packages/waterz -I/home/samia/.cython/inline/waterz_473f57c3308baa3285bd784515d3b6bf -I/home/samia/anaconda3/envs/funkelsd/lib/python3.8/site-packages/waterz/backend -I/home/samia/anaconda3/envs/funkelsd/include -I/home/samia/anaconda3/envs/funkelsd/lib/python3.8/site-packages/numpy/core/include -I/home/samia/anaconda3/envs/funkelsd/include/python3.8 -c /home/samia/.cython/inline/waterz_473f57c3308baa3285bd784515d3b6bf_frontend_agglomerate.cpp -o /home/samia/.cython/inline/home/samia/.cython/inline/waterz_473f57c3308baa3285bd784515d3b6bf_frontend_agglomerate.o -std=c++11 -w
INFO:root:g++ -pthread -B /home/samia/anaconda3/envs/funkelsd/compiler_compat -shared -Wl,--allow-shlib-undefined -Wl,-rpath,/home/samia/anaconda3/envs/funkelsd/lib -Wl,-rpath-link,/home/samia/anaconda3/envs/funkelsd/lib -L/home/samia/anaconda3/envs/funkelsd/lib -Wl,--allow-shlib-undefined -Wl,-rpath,/home/samia/anaconda3/envs/funkelsd/lib -Wl,-rpath-link,/home/samia/anaconda3/envs/funkelsd/lib -L/home/samia/anaconda3/envs/funkelsd/lib /home/samia/.cython/inline/home/samia/.cython/inline/waterz_473f57c3308baa3285bd784515d3b6bf.o /home/samia/.cython/inline/home/samia/.cython/inline/waterz_473f57c3308baa3285bd784515d3b6bf_frontend_agglomerate.o -o /home/samia/.cython/inline/waterz_473f57c3308baa3285bd784515d3b6bf.cpython-38-x86_64-linux-gnu.so -std=c++11
INFO:engine.post.parallel_aff_agglomerate:merged 22524 edges
INFO:engine.post.parallel_aff_agglomerate:Agglomerating in block [496:2544, 496:2544, 12784:14832] (2048, 2048, 2048) with context of [368:2672, 368:2672, 12656:14960] (2304, 2304, 2304)
INFO:engine.post.parallel_aff_agglomerate:merged 17239 edges
INFO:engine.post.parallel_aff_agglomerate:Agglomerating in block [496:2544, 496:2544, 23024:25072] (2048, 2048, 2048) with context of [368:2672, 368:2672, 22896:25200] (2304, 2304, 2304)
INFO:engine.post.parallel_aff_agglomerate:merged 21748 edges
INFO:engine.post.parallel_aff_agglomerate:Agglomerating in block [496:2544, 2544:4592, 4592:6640] (2048, 2048, 2048) with context of [368:2672, 2416:4720, 4464:6768] (2304, 2304, 2304)
INFO:engine.post.parallel_aff_agglomerate:did not merge (67108958, 67108980)
INFO:engine.post.parallel_aff_agglomerate:did not merge (67108956, 67109061)
INFO:engine.post.parallel_aff_agglomerate:did not merge (67109023, 67109211)
INFO:engine.post.parallel_aff_agglomerate:did not merge (67109023, 67109228)
INFO:engine.post.parallel_aff_agglomerate:did not merge (67109023, 67109239)
INFO:engine.post.parallel_aff_agglomerate:did not merge (67108995, 67109137)
INFO:engine.post.parallel_aff_agglomerate:did not merge (67108995, 67109146)
INFO:engine.post.parallel_aff_agglomerate:did not merge (67108995, 67109192)
INFO:engine.post.parallel_aff_agglomerate:did not merge (67108954, 67109278)
INFO:engine.post.parallel_aff_agglomerate:did not merge (67108955, 67108971)
INFO:engine.post.parallel_aff_agglomerate:did not merge (67108955, 67109197)
INFO:engine.post.parallel_aff_agglomerate:did not merge (67109178, 67109211)
INFO:engine.post.parallel_aff_agglomerate:did not merge (67109212, 67109229)
INFO:engine.post.parallel_aff_agglomerate:did not merge (67109199, 67109211)
INFO:engine.post.parallel_aff_agglomerate:did not merge (67109199, 67109228)
INFO:engine.post.parallel_aff_agglomerate:did not merge (67109199, 67109239)
INFO:engine.post.parallel_aff_agglomerate:did not merge (67109357, 67109435)
INFO:engine.post.parallel_aff_agglomerate:did not merge (67109460, 67109491)
INFO:engine.post.parallel_aff_agglomerate:did not merge (67109460, 67109633)
INFO:engine.post.parallel_aff_agglomerate:did not merge (67109436, 67109613)
INFO:engine.post.parallel_aff_agglomerate:did not merge (16777709, 16777752)
INFO:engine.post.parallel_aff_agglomerate:did not merge (16777709, 16777761)
INFO:engine.post.parallel_aff_agglomerate:did not merge (16777709, 16777770)
INFO:engine.post.parallel_aff_agglomerate:did not merge (16777709, 16777806)
INFO:engine.post.parallel_aff_agglomerate:did not merge (16777709, 16777815)
INFO:engine.post.parallel_aff_agglomerate:did not merge (16777709, 16777831)
INFO:engine.post.parallel_aff_agglomerate:did not merge (16777709, 16777839)
INFO:engine.post.parallel_aff_agglomerate:did not merge (16777709, 16778063)
INFO:engine.post.parallel_aff_agglomerate:did not merge (16777709, 16778078)
INFO:engine.post.parallel_aff_agglomerate:did not merge (16777709, 16778079)
INFO:engine.post.parallel_aff_agglomerate:did not merge (16777709, 16778082)
INFO:engine.post.parallel_aff_agglomerate:did not merge (16777709, 16778107)
INFO:engine.post.parallel_aff_agglomerate:did not merge (16777709, 16778353)
INFO:engine.post.parallel_aff_agglomerate:did not merge (16777709, 16778438)
INFO:engine.post.parallel_aff_agglomerate:did not merge (167773140, 167773181)
INFO:engine.post.parallel_aff_agglomerate:did not merge (67109853, 167773181)
INFO:engine.post.parallel_aff_agglomerate:did not merge (67109592, 67109939)
INFO:engine.post.parallel_aff_agglomerate:did not merge (67109592, 67109955)
INFO:engine.post.parallel_aff_agglomerate:did not merge (67109592, 67110112)
INFO:engine.post.parallel_aff_agglomerate:did not merge (67110016, 67110172)
INFO:engine.post.parallel_aff_agglomerate:did not merge (67110037, 67110112)
INFO:engine.post.parallel_aff_agglomerate:did not merge (67109959, 67110112)
INFO:engine.post.parallel_aff_agglomerate:did not merge (67110157, 67110172)
INFO:engine.post.parallel_aff_agglomerate:did not merge (67110157, 67110186)
INFO:engine.post.parallel_aff_agglomerate:did not merge (67110157, 67110319)
INFO:engine.post.parallel_aff_agglomerate:did not merge (67110157, 67110343)
INFO:engine.post.parallel_aff_agglomerate:did not merge (67110173, 67110343)
INFO:engine.post.parallel_aff_agglomerate:did not merge (67110245, 67110319)
INFO:engine.post.parallel_aff_agglomerate:did not merge (67110245, 67110343)
INFO:engine.post.parallel_aff_agglomerate:did not merge (67110222, 67110244)
INFO:engine.post.parallel_aff_agglomerate:did not merge (67110282, 67110319)
INFO:engine.post.parallel_aff_agglomerate:did not merge (67110282, 67110343)
INFO:engine.post.parallel_aff_agglomerate:did not merge (67110298, 67110403)
INFO:engine.post.parallel_aff_agglomerate:did not merge (67110310, 67110371)
INFO:engine.post.parallel_aff_agglomerate:did not merge (67110310, 67110385)
INFO:engine.post.parallel_aff_agglomerate:did not merge (67110310, 67110402)
INFO:engine.post.parallel_aff_agglomerate:did not merge (67110310, 67110411)
INFO:engine.post.parallel_aff_agglomerate:did not merge (67110310, 67110528)
INFO:engine.post.parallel_aff_agglomerate:did not merge (67110310, 67110545)
INFO:engine.post.parallel_aff_agglomerate:did not merge (67110310, 67110548)
INFO:engine.post.parallel_aff_agglomerate:did not merge (67110497, 67110662)
INFO:engine.post.parallel_aff_agglomerate:did not merge (67110497, 67110686)
INFO:engine.post.parallel_aff_agglomerate:did not merge (67110261, 67110662)
INFO:engine.post.parallel_aff_agglomerate:did not merge (16778526, 16778607)
INFO:engine.post.parallel_aff_agglomerate:did not merge (67110638, 67110662)
INFO:engine.post.parallel_aff_agglomerate:did not merge (67110652, 67110662)
INFO:engine.post.parallel_aff_agglomerate:did not merge (16778858, 16778888)
INFO:engine.post.parallel_aff_agglomerate:did not merge (16778858, 16778903)
INFO:engine.post.parallel_aff_agglomerate:did not merge (67111076, 67111239)
INFO:engine.post.parallel_aff_agglomerate:did not merge (67111192, 67111244)
INFO:engine.post.parallel_aff_agglomerate:did not merge (16779342, 16779424)
INFO:engine.post.parallel_aff_agglomerate:did not merge (67111628, 67111692)
INFO:engine.post.parallel_aff_agglomerate:did not merge (16779403, 16779424)
INFO:engine.post.parallel_aff_agglomerate:did not merge (16779403, 16779647)
INFO:engine.post.parallel_aff_agglomerate:did not merge (16779863, 16779967)
INFO:engine.post.parallel_aff_agglomerate:did not merge (16779863, 100663635)
INFO:engine.post.parallel_aff_agglomerate:did not merge (67112170, 67112330)
INFO:engine.post.parallel_aff_agglomerate:merged 14255 edges
INFO:engine.post.parallel_aff_agglomerate:Agglomerating in block [496:2544, 2544:4592, 14832:16880] (2048, 2048, 2048) with context of [368:2672, 2416:4720, 14704:17008] (2304, 2304, 2304)
INFO:engine.post.parallel_aff_agglomerate:did not merge (1409286259, 1409286473)
INFO:engine.post.parallel_aff_agglomerate:did not merge (1409286892, 1409287105)
INFO:engine.post.parallel_aff_agglomerate:did not merge (1409286731, 1409286804)
INFO:engine.post.parallel_aff_agglomerate:did not merge (2013266913, 2013267100)
INFO:engine.post.parallel_aff_agglomerate:did not merge (939525247, 939525248)
INFO:engine.post.parallel_aff_agglomerate:did not merge (939525247, 939525256)
INFO:engine.post.parallel_aff_agglomerate:did not merge (939525247, 939525285)
INFO:engine.post.parallel_aff_agglomerate:did not merge (939525247, 939525295)
INFO:engine.post.parallel_aff_agglomerate:did not merge (939525247, 939525373)
INFO:engine.post.parallel_aff_agglomerate:did not merge (939525247, 939525388)
INFO:engine.post.parallel_aff_agglomerate:did not merge (939525247, 939525396)
INFO:engine.post.parallel_aff_agglomerate:did not merge (939525247, 939525471)
INFO:engine.post.parallel_aff_agglomerate:did not merge (939525247, 939525493)
INFO:engine.post.parallel_aff_agglomerate:did not merge (939525247, 939525499)
INFO:engine.post.parallel_aff_agglomerate:did not merge (939525247, 939525571)
INFO:engine.post.parallel_aff_agglomerate:did not merge (939525247, 939525597)
INFO:engine.post.parallel_aff_agglomerate:did not merge (939525247, 939525704)
INFO:engine.post.parallel_aff_agglomerate:did not merge (939525247, 939525806)
INFO:engine.post.parallel_aff_agglomerate:did not merge (1409287421, 1409287431)
INFO:engine.post.parallel_aff_agglomerate:did not merge (1409287421, 1409287533)
INFO:engine.post.parallel_aff_agglomerate:did not merge (1409287421, 1409287590)
INFO:engine.post.parallel_aff_agglomerate:did not merge (1409287421, 1409287605)
INFO:engine.post.parallel_aff_agglomerate:did not merge (2013267327, 2013267390)
INFO:engine.post.parallel_aff_agglomerate:did not merge (1409287433, 1409287533)
INFO:engine.post.parallel_aff_agglomerate:did not merge (1409287433, 1409287590)
INFO:engine.post.parallel_aff_agglomerate:did not merge (1409287432, 1409287465)
INFO:engine.post.parallel_aff_agglomerate:did not merge (1409287432, 1409287492)
INFO:engine.post.parallel_aff_agglomerate:did not merge (1409287432, 1409287498)
INFO:engine.post.parallel_aff_agglomerate:did not merge (1409287622, 1409287720)
INFO:engine.post.parallel_aff_agglomerate:did not merge (1409287622, 1409287757)
INFO:engine.post.parallel_aff_agglomerate:did not merge (2013267538, 2013267566)
INFO:engine.post.parallel_aff_agglomerate:did not merge (1409287679, 1409287757)
INFO:engine.post.parallel_aff_agglomerate:did not merge (1409287829, 1409287847)
INFO:engine.post.parallel_aff_agglomerate:did not merge (1409288009, 2013267618)
INFO:engine.post.parallel_aff_agglomerate:did not merge (939525952, 939526255)
INFO:engine.post.parallel_aff_agglomerate:did not merge (2013267894, 2013268030)
INFO:engine.post.parallel_aff_agglomerate:did not merge (2013267894, 2785020567)
INFO:engine.post.parallel_aff_agglomerate:did not merge (1409288148, 1409288322)
INFO:engine.post.parallel_aff_agglomerate:did not merge (939526146, 939526255)
INFO:engine.post.parallel_aff_agglomerate:did not merge (2013268168, 2013268191)
INFO:engine.post.parallel_aff_agglomerate:did not merge (1409288309, 1409288322)
INFO:engine.post.parallel_aff_agglomerate:did not merge (1409288309, 1409288357)
INFO:engine.post.parallel_aff_agglomerate:did not merge (1409288585, 1409288628)
INFO:engine.post.parallel_aff_agglomerate:merged 28467 edges
INFO:engine.post.parallel_aff_agglomerate:Agglomerating in block [496:2544, 2544:4592, 25072:27120] (2048, 2048, 2048) with context of [368:2672, 2416:4720, 24944:27248] (2304, 2304, 2304)
INFO:engine.post.parallel_aff_agglomerate:did not merge (6106906698, 6106906722)
INFO:engine.post.parallel_aff_agglomerate:did not merge (6106906695, 6106906723)
INFO:engine.post.parallel_aff_agglomerate:did not merge (6106906695, 6106906733)
INFO:engine.post.parallel_aff_agglomerate:did not merge (6106906695, 6106906739)
INFO:engine.post.parallel_aff_agglomerate:did not merge (6106906695, 6106906742)
INFO:engine.post.parallel_aff_agglomerate:did not merge (6106906757, 6106906980)
INFO:engine.post.parallel_aff_agglomerate:did not merge (7633633508, 9412018479)
INFO:engine.post.parallel_aff_agglomerate:did not merge (6106907001, 6106907004)
INFO:engine.post.parallel_aff_agglomerate:did not merge (6106907080, 6106907289)
INFO:engine.post.parallel_aff_agglomerate:did not merge (6106907223, 6106907232)
INFO:engine.post.parallel_aff_agglomerate:did not merge (6106907223, 6106907289)
INFO:engine.post.parallel_aff_agglomerate:did not merge (6106907182, 6106907196)
INFO:engine.post.parallel_aff_agglomerate:did not merge (6106907182, 6106907232)
INFO:engine.post.parallel_aff_agglomerate:did not merge (6106907182, 6106907293)
INFO:engine.post.parallel_aff_agglomerate:did not merge (4798284446, 6123684612)
INFO:engine.post.parallel_aff_agglomerate:did not merge (4798284446, 6123684773)
INFO:engine.post.parallel_aff_agglomerate:did not merge (6106907420, 6106907434)
INFO:engine.post.parallel_aff_agglomerate:did not merge (6106907407, 6106907611)
INFO:engine.post.parallel_aff_agglomerate:did not merge (4798284544, 4798284753)
INFO:engine.post.parallel_aff_agglomerate:did not merge (6106907528, 6106907540)
INFO:engine.post.parallel_aff_agglomerate:did not merge (6106907760, 6106907776)
INFO:engine.post.parallel_aff_agglomerate:did not merge (6106907792, 6106907802)
INFO:engine.post.parallel_aff_agglomerate:did not merge (6106907792, 6106907819)
INFO:engine.post.parallel_aff_agglomerate:did not merge (6106907792, 6106907854)
INFO:engine.post.parallel_aff_agglomerate:did not merge (6106907792, 6106907870)
INFO:engine.post.parallel_aff_agglomerate:did not merge (6106907792, 6106907895)
INFO:engine.post.parallel_aff_agglomerate:did not merge (6106907792, 7633634156)
INFO:engine.post.parallel_aff_agglomerate:did not merge (6106907792, 7633634189)
INFO:engine.post.parallel_aff_agglomerate:did not merge (6106907792, 7633634203)
INFO:engine.post.parallel_aff_agglomerate:did not merge (7633634475, 7633634497)
INFO:engine.post.parallel_aff_agglomerate:did not merge (7633634475, 7633634572)
INFO:engine.post.parallel_aff_agglomerate:did not merge (7633634552, 7633634572)
INFO:engine.post.parallel_aff_agglomerate:did not merge (6106907986, 6106908001)
INFO:engine.post.parallel_aff_agglomerate:did not merge (6106907972, 6106908001)
INFO:engine.post.parallel_aff_agglomerate:did not merge (6106908139, 6106908192)
INFO:engine.post.parallel_aff_agglomerate:did not merge (4798285052, 4798285076)
INFO:engine.post.parallel_aff_agglomerate:did not merge (4798285052, 4798285559)
INFO:engine.post.parallel_aff_agglomerate:did not merge (4798285052, 4798285572)
INFO:engine.post.parallel_aff_agglomerate:did not merge (4798285052, 4798285588)
INFO:engine.post.parallel_aff_agglomerate:did not merge (4798285052, 4798285607)
INFO:engine.post.parallel_aff_agglomerate:did not merge (4798285052, 4798285610)
INFO:engine.post.parallel_aff_agglomerate:did not merge (4798285052, 4798285627)
INFO:engine.post.parallel_aff_agglomerate:did not merge (4798285052, 4798285644)
INFO:engine.post.parallel_aff_agglomerate:did not merge (4798285052, 4798285683)
INFO:engine.post.parallel_aff_agglomerate:did not merge (4798285052, 4798285689)
INFO:engine.post.parallel_aff_agglomerate:did not merge (4798285052, 4798285724)
INFO:engine.post.parallel_aff_agglomerate:did not merge (4798285052, 4798285766)
INFO:engine.post.parallel_aff_agglomerate:did not merge (4798285052, 4798285767)
INFO:engine.post.parallel_aff_agglomerate:did not merge (4798285052, 4798285881)
INFO:engine.post.parallel_aff_agglomerate:did not merge (4798285052, 4798285909)
INFO:engine.post.parallel_aff_agglomerate:did not merge (4798285052, 4798285989)
INFO:engine.post.parallel_aff_agglomerate:did not merge (4798285052, 4798285990)
INFO:engine.post.parallel_aff_agglomerate:did not merge (4798285052, 4798286085)
INFO:engine.post.parallel_aff_agglomerate:did not merge (4798285052, 4798286095)
INFO:engine.post.parallel_aff_agglomerate:did not merge (6106908309, 6106908433)
INFO:engine.post.parallel_aff_agglomerate:did not merge (6106908350, 6106908449)
INFO:engine.post.parallel_aff_agglomerate:did not merge (6106908551, 6106908667)
INFO:engine.post.parallel_aff_agglomerate:did not merge (6106908526, 6106908633)
INFO:engine.post.parallel_aff_agglomerate:did not merge (7633635118, 7633635245)
INFO:engine.post.parallel_aff_agglomerate:did not merge (6106908611, 6106908718)
INFO:engine.post.parallel_aff_agglomerate:did not merge (4798285969, 4798285987)
INFO:engine.post.parallel_aff_agglomerate:did not merge (6106909001, 6106909146)
INFO:engine.post.parallel_aff_agglomerate:did not merge (6106909147, 6106909176)
INFO:engine.post.parallel_aff_agglomerate:did not merge (4798286297, 4798286432)
INFO:engine.post.parallel_aff_agglomerate:did not merge (6106909136, 6106909177)
INFO:engine.post.parallel_aff_agglomerate:did not merge (6106909290, 6106909377)
INFO:engine.post.parallel_aff_agglomerate:did not merge (6106909290, 6106909386)
INFO:engine.post.parallel_aff_agglomerate:did not merge (6106909290, 6106909387)
INFO:engine.post.parallel_aff_agglomerate:did not merge (6106909290, 6106909418)
INFO:engine.post.parallel_aff_agglomerate:did not merge (6106909290, 6106909601)
INFO:engine.post.parallel_aff_agglomerate:did not merge (6106909290, 6106909614)
INFO:engine.post.parallel_aff_agglomerate:did not merge (4798286398, 4798286432)
INFO:engine.post.parallel_aff_agglomerate:did not merge (6106909270, 6106909338)
INFO:engine.post.parallel_aff_agglomerate:did not merge (6106909270, 6106909360)
INFO:engine.post.parallel_aff_agglomerate:did not merge (6106909270, 6106909361)
INFO:engine.post.parallel_aff_agglomerate:did not merge (6106909270, 6106909377)
INFO:engine.post.parallel_aff_agglomerate:did not merge (6106909270, 6106909386)
INFO:engine.post.parallel_aff_agglomerate:did not merge (6106909270, 6106909387)
INFO:engine.post.parallel_aff_agglomerate:did not merge (6106909270, 6106909587)
INFO:engine.post.parallel_aff_agglomerate:did not merge (6106909270, 6106909601)
INFO:engine.post.parallel_aff_agglomerate:did not merge (6106909270, 6106909602)
INFO:engine.post.parallel_aff_agglomerate:did not merge (6106909270, 6106909603)
INFO:engine.post.parallel_aff_agglomerate:did not merge (6106909270, 6106909614)
INFO:engine.post.parallel_aff_agglomerate:did not merge (6106909270, 6106909615)
INFO:engine.post.parallel_aff_agglomerate:did not merge (6106909270, 6106909616)
INFO:engine.post.parallel_aff_agglomerate:did not merge (6106909879, 6106909911)
INFO:engine.post.parallel_aff_agglomerate:did not merge (6106909879, 6106909970)
INFO:engine.post.parallel_aff_agglomerate:did not merge (6106909879, 7667188122)
INFO:engine.post.parallel_aff_agglomerate:merged 20795 edges
INFO:engine.post.parallel_aff_agglomerate:Agglomerating in block [496:2544, 4592:6640, 8688:10736] (2048, 2048, 2048) with context of [368:2672, 4464:6768, 8560:10864] (2304, 2304, 2304)
INFO:engine.post.parallel_aff_agglomerate:did not merge (603979854, 603979903)
INFO:engine.post.parallel_aff_agglomerate:did not merge (603979854, 603979920)
INFO:engine.post.parallel_aff_agglomerate:did not merge (603979854, 603979933)
INFO:engine.post.parallel_aff_agglomerate:did not merge (603979854, 603979960)
INFO:engine.post.parallel_aff_agglomerate:did not merge (603979854, 603979968)
INFO:engine.post.parallel_aff_agglomerate:did not merge (603979854, 603980034)
INFO:engine.post.parallel_aff_agglomerate:did not merge (603979854, 603980068)
INFO:engine.post.parallel_aff_agglomerate:did not merge (603979854, 603980100)
INFO:engine.post.parallel_aff_agglomerate:did not merge (603979854, 603980333)
INFO:engine.post.parallel_aff_agglomerate:did not merge (603979854, 603980343)
INFO:engine.post.parallel_aff_agglomerate:did not merge (603979854, 603980469)
INFO:engine.post.parallel_aff_agglomerate:did not merge (603979854, 956302051)
INFO:engine.post.parallel_aff_agglomerate:did not merge (603980242, 603980422)
INFO:engine.post.parallel_aff_agglomerate:did not merge (603980242, 603980441)
INFO:engine.post.parallel_aff_agglomerate:did not merge (603980242, 603980449)
INFO:engine.post.parallel_aff_agglomerate:did not merge (603980242, 603980519)
INFO:engine.post.parallel_aff_agglomerate:did not merge (603980242, 603980521)
INFO:engine.post.parallel_aff_agglomerate:did not merge (603980242, 603980538)
INFO:engine.post.parallel_aff_agglomerate:did not merge (603980500, 603980511)
INFO:engine.post.parallel_aff_agglomerate:did not merge (603980500, 603980636)
INFO:engine.post.parallel_aff_agglomerate:did not merge (603980500, 603980693)
INFO:engine.post.parallel_aff_agglomerate:did not merge (603980500, 603980694)
INFO:engine.post.parallel_aff_agglomerate:did not merge (603980522, 603980537)
INFO:engine.post.parallel_aff_agglomerate:did not merge (603980522, 603980538)
INFO:engine.post.parallel_aff_agglomerate:did not merge (603980522, 603980555)
INFO:engine.post.parallel_aff_agglomerate:did not merge (603980522, 603980774)
INFO:engine.post.parallel_aff_agglomerate:did not merge (603979860, 603979884)
INFO:engine.post.parallel_aff_agglomerate:did not merge (603979860, 603979950)
INFO:engine.post.parallel_aff_agglomerate:did not merge (603979860, 603979951)
INFO:engine.post.parallel_aff_agglomerate:did not merge (603979860, 603980019)
INFO:engine.post.parallel_aff_agglomerate:did not merge (603979860, 603980132)
INFO:engine.post.parallel_aff_agglomerate:did not merge (603979860, 603980262)
INFO:engine.post.parallel_aff_agglomerate:did not merge (603979860, 603980275)
INFO:engine.post.parallel_aff_agglomerate:did not merge (603979860, 603980332)
INFO:engine.post.parallel_aff_agglomerate:did not merge (603979860, 603980398)
INFO:engine.post.parallel_aff_agglomerate:did not merge (603979860, 603980399)
INFO:engine.post.parallel_aff_agglomerate:did not merge (603979860, 603980555)
INFO:engine.post.parallel_aff_agglomerate:did not merge (603979860, 603980774)
INFO:engine.post.parallel_aff_agglomerate:did not merge (603979860, 603980827)
INFO:engine.post.parallel_aff_agglomerate:did not merge (603979860, 603980834)
INFO:engine.post.parallel_aff_agglomerate:did not merge (603979860, 603980859)
INFO:engine.post.parallel_aff_agglomerate:did not merge (352322267, 352322405)
INFO:engine.post.parallel_aff_agglomerate:did not merge (603980715, 956302337)
INFO:engine.post.parallel_aff_agglomerate:did not merge (603980730, 603980774)
INFO:engine.post.parallel_aff_agglomerate:did not merge (603980730, 603980804)
INFO:engine.post.parallel_aff_agglomerate:did not merge (956302401, 956302919)
INFO:engine.post.parallel_aff_agglomerate:did not merge (956302261, 956302337)
INFO:engine.post.parallel_aff_agglomerate:did not merge (352322554, 352322594)
INFO:engine.post.parallel_aff_agglomerate:did not merge (603980860, 603980893)
INFO:engine.post.parallel_aff_agglomerate:did not merge (603980860, 603980982)
INFO:engine.post.parallel_aff_agglomerate:did not merge (603980860, 603981085)
INFO:engine.post.parallel_aff_agglomerate:did not merge (603980860, 603981157)
INFO:engine.post.parallel_aff_agglomerate:did not merge (603980860, 603981164)
INFO:engine.post.parallel_aff_agglomerate:did not merge (603980860, 603981169)
INFO:engine.post.parallel_aff_agglomerate:did not merge (603980860, 603981177)
INFO:engine.post.parallel_aff_agglomerate:did not merge (956302749, 956302919)
INFO:engine.post.parallel_aff_agglomerate:did not merge (956302784, 956302919)
INFO:engine.post.parallel_aff_agglomerate:did not merge (603980945, 603980957)
INFO:engine.post.parallel_aff_agglomerate:did not merge (603980945, 603980971)
INFO:engine.post.parallel_aff_agglomerate:did not merge (603980945, 603980983)
INFO:engine.post.parallel_aff_agglomerate:did not merge (603980945, 603981029)
INFO:engine.post.parallel_aff_agglomerate:did not merge (956302801, 956302919)
INFO:engine.post.parallel_aff_agglomerate:did not merge (956302823, 956302840)
INFO:engine.post.parallel_aff_agglomerate:did not merge (603981144, 603981156)
INFO:engine.post.parallel_aff_agglomerate:did not merge (603981150, 603981156)
INFO:engine.post.parallel_aff_agglomerate:did not merge (956303095, 956303109)
INFO:engine.post.parallel_aff_agglomerate:did not merge (956303095, 956303197)
INFO:engine.post.parallel_aff_agglomerate:did not merge (956303095, 956303458)
INFO:engine.post.parallel_aff_agglomerate:did not merge (956303095, 1459620102)
INFO:engine.post.parallel_aff_agglomerate:did not merge (956303095, 1459620117)
INFO:engine.post.parallel_aff_agglomerate:did not merge (603981333, 603981396)
INFO:engine.post.parallel_aff_agglomerate:did not merge (603981333, 603981427)
INFO:engine.post.parallel_aff_agglomerate:did not merge (603981333, 603981565)
INFO:engine.post.parallel_aff_agglomerate:did not merge (603981333, 956302933)
INFO:engine.post.parallel_aff_agglomerate:did not merge (603981631, 603981637)
INFO:engine.post.parallel_aff_agglomerate:did not merge (603981631, 603981646)
INFO:engine.post.parallel_aff_agglomerate:did not merge (603981631, 603981666)
INFO:engine.post.parallel_aff_agglomerate:did not merge (603981773, 603981782)
INFO:engine.post.parallel_aff_agglomerate:did not merge (603981773, 603981803)
INFO:engine.post.parallel_aff_agglomerate:did not merge (603981773, 603981820)
INFO:engine.post.parallel_aff_agglomerate:did not merge (603981773, 603981832)
INFO:engine.post.parallel_aff_agglomerate:did not merge (603981944, 603981978)
INFO:engine.post.parallel_aff_agglomerate:merged 15024 edges
INFO:engine.post.parallel_aff_agglomerate:Agglomerating in block [496:2544, 4592:6640, 16880:18928] (2048, 2048, 2048) with context of [368:2672, 4464:6768, 16752:19056] (2304, 2304, 2304)
INFO:engine.post.parallel_aff_agglomerate:did not merge (2785017971, 2785018051)
INFO:engine.post.parallel_aff_agglomerate:did not merge (2785018016, 2785018069)
INFO:engine.post.parallel_aff_agglomerate:did not merge (2785017946, 2785018052)
INFO:engine.post.parallel_aff_agglomerate:did not merge (2785017946, 2785018069)
INFO:engine.post.parallel_aff_agglomerate:did not merge (2785018147, 2785018247)
INFO:engine.post.parallel_aff_agglomerate:did not merge (2785018147, 2785018248)
INFO:engine.post.parallel_aff_agglomerate:did not merge (2785018147, 2785018266)
INFO:engine.post.parallel_aff_agglomerate:did not merge (2785018147, 2785018303)
INFO:engine.post.parallel_aff_agglomerate:did not merge (2785018147, 2785018357)
INFO:engine.post.parallel_aff_agglomerate:did not merge (2785018477, 2785018514)
INFO:engine.post.parallel_aff_agglomerate:did not merge (2785018477, 2785019035)
INFO:engine.post.parallel_aff_agglomerate:did not merge (2785018477, 3707765370)
INFO:engine.post.parallel_aff_agglomerate:did not merge (2785018477, 3707765415)
INFO:engine.post.parallel_aff_agglomerate:did not merge (2785018734, 2785018820)
INFO:engine.post.parallel_aff_agglomerate:did not merge (2785019003, 2785019169)
INFO:engine.post.parallel_aff_agglomerate:did not merge (2030044060, 2030044140)
INFO:engine.post.parallel_aff_agglomerate:did not merge (2785019212, 2785019290)
INFO:engine.post.parallel_aff_agglomerate:did not merge (2785019230, 2785019290)
INFO:engine.post.parallel_aff_agglomerate:did not merge (3707766267, 3707766316)
INFO:engine.post.parallel_aff_agglomerate:did not merge (3707766267, 3707766476)
INFO:engine.post.parallel_aff_agglomerate:did not merge (3707766267, 3707766681)
INFO:engine.post.parallel_aff_agglomerate:did not merge (2785019510, 2785019551)
INFO:engine.post.parallel_aff_agglomerate:did not merge (2785019510, 2785019572)
INFO:engine.post.parallel_aff_agglomerate:did not merge (2785019510, 2785019573)
INFO:engine.post.parallel_aff_agglomerate:did not merge (2785019628, 2785019633)
INFO:engine.post.parallel_aff_agglomerate:did not merge (2785019628, 2785019942)
INFO:engine.post.parallel_aff_agglomerate:did not merge (2785019871, 2785019923)
INFO:engine.post.parallel_aff_agglomerate:did not merge (2030044885, 2785020061)
INFO:engine.post.parallel_aff_agglomerate:did not merge (2030045074, 2818574401)
INFO:engine.post.parallel_aff_agglomerate:did not merge (2785020084, 3707766908)
INFO:engine.post.parallel_aff_agglomerate:did not merge (2785020431, 2785020482)
INFO:engine.post.parallel_aff_agglomerate:did not merge (2785020690, 2785020691)
INFO:engine.post.parallel_aff_agglomerate:did not merge (2785020690, 2785020772)
INFO:engine.post.parallel_aff_agglomerate:did not merge (2785020690, 2785020773)
INFO:engine.post.parallel_aff_agglomerate:did not merge (2785020690, 2785020778)
INFO:engine.post.parallel_aff_agglomerate:did not merge (2785020690, 2785020933)
INFO:engine.post.parallel_aff_agglomerate:did not merge (2785021047, 2785021111)
INFO:engine.post.parallel_aff_agglomerate:did not merge (2785021132, 2785021151)
INFO:engine.post.parallel_aff_agglomerate:did not merge (2785021132, 2785021152)
INFO:engine.post.parallel_aff_agglomerate:did not merge (2785021132, 2785021258)
INFO:engine.post.parallel_aff_agglomerate:did not merge (2785021132, 2785021277)
INFO:engine.post.parallel_aff_agglomerate:did not merge (2785021189, 2785021264)
INFO:engine.post.parallel_aff_agglomerate:did not merge (2785021315, 2785021603)
INFO:engine.post.parallel_aff_agglomerate:merged 24708 edges
INFO:engine.post.parallel_aff_agglomerate:Agglomerating in block [496:2544, 4592:6640, 27120:29168] (2048, 2048, 2048) with context of [368:2672, 4464:6768, 26992:29296] (2304, 2304, 2304)
INFO:engine.post.parallel_aff_agglomerate:did not merge (7650410635, 7650410804)
INFO:engine.post.parallel_aff_agglomerate:did not merge (7650410635, 7650410814)
INFO:engine.post.parallel_aff_agglomerate:did not merge (7650410635, 7650410815)
INFO:engine.post.parallel_aff_agglomerate:did not merge (7650410635, 7650410826)
INFO:engine.post.parallel_aff_agglomerate:did not merge (9412018359, 9412018543)
INFO:engine.post.parallel_aff_agglomerate:did not merge (9412018359, 9412018732)
INFO:engine.post.parallel_aff_agglomerate:did not merge (9412018720, 9412018733)
INFO:engine.post.parallel_aff_agglomerate:did not merge (7650410971, 7650411184)
INFO:engine.post.parallel_aff_agglomerate:did not merge (7650410991, 7650411184)
INFO:engine.post.parallel_aff_agglomerate:did not merge (9412018674, 9412018700)
INFO:engine.post.parallel_aff_agglomerate:did not merge (9412018329, 9412018477)
INFO:engine.post.parallel_aff_agglomerate:did not merge (9412018836, 9412018904)
INFO:engine.post.parallel_aff_agglomerate:did not merge (9412018836, 9412019131)
INFO:engine.post.parallel_aff_agglomerate:did not merge (9412018989, 9412018998)
INFO:engine.post.parallel_aff_agglomerate:did not merge (9412018988, 9412018998)
INFO:engine.post.parallel_aff_agglomerate:did not merge (9412019014, 9412019215)
INFO:engine.post.parallel_aff_agglomerate:did not merge (9412018948, 9412019131)
INFO:engine.post.parallel_aff_agglomerate:did not merge (9412018948, 9412019220)
INFO:engine.post.parallel_aff_agglomerate:did not merge (9412018948, 9412019229)
INFO:engine.post.parallel_aff_agglomerate:did not merge (9412019137, 9412019220)
INFO:engine.post.parallel_aff_agglomerate:did not merge (9412019252, 9412019348)
INFO:engine.post.parallel_aff_agglomerate:did not merge (9412019310, 9412019370)
INFO:engine.post.parallel_aff_agglomerate:did not merge (9412019310, 9412019403)
INFO:engine.post.parallel_aff_agglomerate:did not merge (9412019310, 9412019420)
INFO:engine.post.parallel_aff_agglomerate:did not merge (9412019310, 9412019523)
INFO:engine.post.parallel_aff_agglomerate:did not merge (9412019424, 9412019458)
INFO:engine.post.parallel_aff_agglomerate:did not merge (9412019424, 9412019491)
INFO:engine.post.parallel_aff_agglomerate:did not merge (9412019405, 9412019420)
INFO:engine.post.parallel_aff_agglomerate:did not merge (9412019405, 9412019433)
INFO:engine.post.parallel_aff_agglomerate:did not merge (9412019405, 9412019450)
INFO:engine.post.parallel_aff_agglomerate:did not merge (9412019405, 9412019523)
INFO:engine.post.parallel_aff_agglomerate:did not merge (9412019405, 9412019948)
INFO:engine.post.parallel_aff_agglomerate:did not merge (9412019405, 9412019996)
INFO:engine.post.parallel_aff_agglomerate:did not merge (9412019405, 9412020009)
INFO:engine.post.parallel_aff_agglomerate:did not merge (9412019405, 9412020129)
INFO:engine.post.parallel_aff_agglomerate:did not merge (9412019405, 9412020144)
INFO:engine.post.parallel_aff_agglomerate:did not merge (9412019405, 9412020164)
INFO:engine.post.parallel_aff_agglomerate:did not merge (9412019405, 9412020209)
INFO:engine.post.parallel_aff_agglomerate:did not merge (9412019405, 9412020226)
INFO:engine.post.parallel_aff_agglomerate:did not merge (9412019405, 9412020234)
INFO:engine.post.parallel_aff_agglomerate:did not merge (9412019405, 9412020250)
INFO:engine.post.parallel_aff_agglomerate:did not merge (9412019405, 9412020276)
INFO:engine.post.parallel_aff_agglomerate:did not merge (9412019405, 9412020426)
INFO:engine.post.parallel_aff_agglomerate:did not merge (9412020194, 9412020233)
INFO:engine.post.parallel_aff_agglomerate:did not merge (9412020194, 9412020258)
INFO:engine.post.parallel_aff_agglomerate:did not merge (9412020194, 9412020259)
INFO:engine.post.parallel_aff_agglomerate:did not merge (9412020194, 9412020269)
INFO:engine.post.parallel_aff_agglomerate:did not merge (9412020194, 9412020277)
INFO:engine.post.parallel_aff_agglomerate:did not merge (9412020194, 9412020278)
INFO:engine.post.parallel_aff_agglomerate:did not merge (9412020194, 9412020279)
INFO:engine.post.parallel_aff_agglomerate:did not merge (9412020194, 9412020285)
INFO:engine.post.parallel_aff_agglomerate:did not merge (9412020194, 9412020331)
INFO:engine.post.parallel_aff_agglomerate:did not merge (9412020194, 9412020348)
INFO:engine.post.parallel_aff_agglomerate:did not merge (9412020194, 9412020370)
INFO:engine.post.parallel_aff_agglomerate:did not merge (9412020194, 9412020426)
INFO:engine.post.parallel_aff_agglomerate:did not merge (9412020166, 9412020233)
INFO:engine.post.parallel_aff_agglomerate:did not merge (9412020166, 9412020285)
INFO:engine.post.parallel_aff_agglomerate:did not merge (9412020166, 9412020331)
INFO:engine.post.parallel_aff_agglomerate:did not merge (9412020280, 9412020426)
INFO:engine.post.parallel_aff_agglomerate:did not merge (9412020270, 9412020352)
INFO:engine.post.parallel_aff_agglomerate:did not merge (9412020332, 9412020370)
INFO:engine.post.parallel_aff_agglomerate:did not merge (9412020381, 9412020488)
INFO:engine.post.parallel_aff_agglomerate:did not merge (9412020406, 9412020426)
INFO:engine.post.parallel_aff_agglomerate:did not merge (9412020183, 9412020233)
INFO:engine.post.parallel_aff_agglomerate:did not merge (9412020183, 9412020331)
INFO:engine.post.parallel_aff_agglomerate:did not merge (9412020183, 9412020341)
INFO:engine.post.parallel_aff_agglomerate:did not merge (9412020183, 9412020369)
INFO:engine.post.parallel_aff_agglomerate:did not merge (9412020183, 9412020393)
INFO:engine.post.parallel_aff_agglomerate:did not merge (9412020183, 9412020405)
INFO:engine.post.parallel_aff_agglomerate:did not merge (9412020183, 9412020562)
INFO:engine.post.parallel_aff_agglomerate:did not merge (9412020183, 9412020731)
INFO:engine.post.parallel_aff_agglomerate:did not merge (7650412336, 7650412468)
INFO:engine.post.parallel_aff_agglomerate:did not merge (7650412336, 7650412639)
INFO:engine.post.parallel_aff_agglomerate:did not merge (9412020323, 9412020562)
INFO:engine.post.parallel_aff_agglomerate:did not merge (9412020323, 9412020581)
INFO:engine.post.parallel_aff_agglomerate:did not merge (9412020323, 9412020593)
INFO:engine.post.parallel_aff_agglomerate:did not merge (9412020323, 9412020602)
INFO:engine.post.parallel_aff_agglomerate:did not merge (9412020323, 9412020692)
INFO:engine.post.parallel_aff_agglomerate:did not merge (9412020323, 9412020798)
INFO:engine.post.parallel_aff_agglomerate:did not merge (9412020323, 9412020837)
INFO:engine.post.parallel_aff_agglomerate:did not merge (9412020323, 9412020952)
INFO:engine.post.parallel_aff_agglomerate:did not merge (9412020323, 9412021038)
INFO:engine.post.parallel_aff_agglomerate:did not merge (9412020323, 9412021056)
INFO:engine.post.parallel_aff_agglomerate:did not merge (9412020323, 9412021080)
INFO:engine.post.parallel_aff_agglomerate:did not merge (9412020323, 9412021196)
INFO:engine.post.parallel_aff_agglomerate:did not merge (9412020978, 9412021118)
INFO:engine.post.parallel_aff_agglomerate:did not merge (9412020968, 9412021017)
INFO:engine.post.parallel_aff_agglomerate:did not merge (9412020968, 9412021314)
INFO:engine.post.parallel_aff_agglomerate:did not merge (9412020968, 9412021333)
INFO:engine.post.parallel_aff_agglomerate:did not merge (9412020968, 9412021345)
INFO:engine.post.parallel_aff_agglomerate:did not merge (9412021454, 11475616054)
INFO:engine.post.parallel_aff_agglomerate:did not merge (9412021454, 11475616066)
INFO:engine.post.parallel_aff_agglomerate:did not merge (9412021512, 11475616002)
INFO:engine.post.parallel_aff_agglomerate:did not merge (9412021483, 11475616011)
INFO:engine.post.parallel_aff_agglomerate:merged 26322 edges
INFO:engine.post.parallel_aff_agglomerate:Agglomerating in block [496:2544, 6640:8688, 8688:10736] (2048, 2048, 2048) with context of [368:2672, 6512:8816, 8560:10864] (2304, 2304, 2304)
INFO:engine.post.parallel_aff_agglomerate:did not merge (989855803, 989855812)
INFO:engine.post.parallel_aff_agglomerate:did not merge (989855803, 989855979)
INFO:engine.post.parallel_aff_agglomerate:did not merge (1459618137, 1459618325)
INFO:engine.post.parallel_aff_agglomerate:did not merge (1459618137, 1459618403)
INFO:engine.post.parallel_aff_agglomerate:did not merge (989855971, 989856147)
INFO:engine.post.parallel_aff_agglomerate:did not merge (989855971, 1459618403)
INFO:engine.post.parallel_aff_agglomerate:did not merge (989856032, 989856099)
INFO:engine.post.parallel_aff_agglomerate:did not merge (1459618405, 1459618545)
INFO:engine.post.parallel_aff_agglomerate:did not merge (1459618405, 1459618605)
INFO:engine.post.parallel_aff_agglomerate:did not merge (1459618440, 1459618640)
INFO:engine.post.parallel_aff_agglomerate:did not merge (1459618459, 1459618640)
INFO:engine.post.parallel_aff_agglomerate:did not merge (1459618535, 1459618640)
INFO:engine.post.parallel_aff_agglomerate:did not merge (989856279, 989856338)
INFO:engine.post.parallel_aff_agglomerate:did not merge (989856223, 989856524)
INFO:engine.post.parallel_aff_agglomerate:did not merge (989856223, 989856525)
INFO:engine.post.parallel_aff_agglomerate:did not merge (989856340, 989856349)
INFO:engine.post.parallel_aff_agglomerate:did not merge (989856476, 989856486)
INFO:engine.post.parallel_aff_agglomerate:did not merge (989856558, 989856604)
INFO:engine.post.parallel_aff_agglomerate:did not merge (989856722, 989856734)
INFO:engine.post.parallel_aff_agglomerate:did not merge (989856737, 989856776)
INFO:engine.post.parallel_aff_agglomerate:did not merge (989856737, 989856787)
INFO:engine.post.parallel_aff_agglomerate:did not merge (989857495, 989857504)
INFO:engine.post.parallel_aff_agglomerate:did not merge (989857495, 989857514)
INFO:engine.post.parallel_aff_agglomerate:did not merge (989857632, 989857672)
INFO:engine.post.parallel_aff_agglomerate:merged 18409 edges
INFO:engine.post.parallel_aff_agglomerate:Agglomerating in block [496:2544, 6640:8688, 18928:20976] (2048, 2048, 2048) with context of [368:2672, 6512:8816, 18800:21104] (2304, 2304, 2304)
INFO:engine.post.parallel_aff_agglomerate:did not merge (4848615522, 4848615595)
INFO:engine.post.parallel_aff_agglomerate:did not merge (4848615518, 4848615583)
INFO:engine.post.parallel_aff_agglomerate:did not merge (4848615518, 4848615620)
INFO:engine.post.parallel_aff_agglomerate:did not merge (4848615516, 4848615583)
INFO:engine.post.parallel_aff_agglomerate:did not merge (4848615516, 4848615620)
INFO:engine.post.parallel_aff_agglomerate:did not merge (4848615517, 4848615559)
INFO:engine.post.parallel_aff_agglomerate:did not merge (4848615517, 4848615629)
INFO:engine.post.parallel_aff_agglomerate:did not merge (4848615517, 4848615643)
INFO:engine.post.parallel_aff_agglomerate:did not merge (4848615517, 4848615805)
INFO:engine.post.parallel_aff_agglomerate:did not merge (6157238357, 6157238371)
INFO:engine.post.parallel_aff_agglomerate:did not merge (4848615531, 4848615595)
INFO:engine.post.parallel_aff_agglomerate:did not merge (4848615531, 4848615658)
INFO:engine.post.parallel_aff_agglomerate:did not merge (4848615531, 4848616076)
INFO:engine.post.parallel_aff_agglomerate:did not merge (3741319535, 3741319574)
INFO:engine.post.parallel_aff_agglomerate:did not merge (4848615976, 4848616043)
INFO:engine.post.parallel_aff_agglomerate:did not merge (3741319691, 4898947603)
INFO:engine.post.parallel_aff_agglomerate:did not merge (4848616035, 4848616044)
INFO:engine.post.parallel_aff_agglomerate:did not merge (4848616254, 4848616264)
INFO:engine.post.parallel_aff_agglomerate:did not merge (6157239114, 6157239598)
INFO:engine.post.parallel_aff_agglomerate:did not merge (4848617238, 4848617319)
INFO:engine.post.parallel_aff_agglomerate:did not merge (4848617307, 4848617319)
INFO:engine.post.parallel_aff_agglomerate:did not merge (4848617340, 4848617395)
INFO:engine.post.parallel_aff_agglomerate:did not merge (4848617340, 4848617423)
INFO:engine.post.parallel_aff_agglomerate:did not merge (4848617340, 4848617424)
INFO:engine.post.parallel_aff_agglomerate:did not merge (4848617403, 4848617424)
INFO:engine.post.parallel_aff_agglomerate:did not merge (4848617396, 4848617423)
INFO:engine.post.parallel_aff_agglomerate:did not merge (4848617396, 4848617424)
INFO:engine.post.parallel_aff_agglomerate:did not merge (4848617443, 4848617644)
INFO:engine.post.parallel_aff_agglomerate:did not merge (4848617556, 4848617644)
INFO:engine.post.parallel_aff_agglomerate:did not merge (6157240430, 6157240491)
INFO:engine.post.parallel_aff_agglomerate:did not merge (6157240430, 6157240735)
INFO:engine.post.parallel_aff_agglomerate:did not merge (6157240430, 7751073877)
INFO:engine.post.parallel_aff_agglomerate:merged 9000 edges
INFO:engine.post.parallel_aff_agglomerate:Agglomerating in block [496:2544, 6640:8688, 29168:29264] (2048, 2048, 96) with context of [368:2672, 6512:8816, 29040:29392] (2304, 2304, 352)
INFO:engine.post.parallel_aff_agglomerate:did not merge (11458838737, 11458838981)
INFO:engine.post.parallel_aff_agglomerate:did not merge (13740539999, 13740540003)
INFO:engine.post.parallel_aff_agglomerate:did not merge (13740539999, 13740540032)
INFO:engine.post.parallel_aff_agglomerate:did not merge (11458839287, 11458839413)
INFO:engine.post.parallel_aff_agglomerate:did not merge (11458839287, 13740539996)
INFO:engine.post.parallel_aff_agglomerate:did not merge (11458839287, 13740540032)
INFO:engine.post.parallel_aff_agglomerate:did not merge (13740539925, 13740540165)
INFO:engine.post.parallel_aff_agglomerate:did not merge (13740539925, 13740540166)
INFO:engine.post.parallel_aff_agglomerate:did not merge (13740539925, 13740540169)
INFO:engine.post.parallel_aff_agglomerate:did not merge (13740539925, 13740540210)
INFO:engine.post.parallel_aff_agglomerate:did not merge (13740539925, 13740540214)
INFO:engine.post.parallel_aff_agglomerate:did not merge (11458841037, 11458841269)
INFO:engine.post.parallel_aff_agglomerate:did not merge (11458841037, 13790874153)
INFO:engine.post.parallel_aff_agglomerate:did not merge (11458841231, 11458841269)
INFO:engine.post.parallel_aff_agglomerate:did not merge (11458841164, 11458841311)
INFO:engine.post.parallel_aff_agglomerate:did not merge (11458842041, 13790875148)
INFO:engine.post.parallel_aff_agglomerate:merged 4486 edges
INFO:engine.post.parallel_aff_agglomerate:Agglomerating in block [496:2544, 8688:9104, 2544:4592] (2048, 416, 2048) with context of [368:2672, 8560:9232, 2416:4720] (2304, 672, 2304)
INFO:engine.post.parallel_aff_agglomerate:did not merge (687865938, 687865997)
INFO:engine.post.parallel_aff_agglomerate:did not merge (436207698, 436207840)
INFO:engine.post.parallel_aff_agglomerate:did not merge (436207698, 436207879)
INFO:engine.post.parallel_aff_agglomerate:did not merge (687866009, 687866010)
INFO:engine.post.parallel_aff_agglomerate:did not merge (436207795, 436207890)
INFO:engine.post.parallel_aff_agglomerate:did not merge (503316513, 503316524)
INFO:engine.post.parallel_aff_agglomerate:did not merge (503316513, 503316525)
INFO:engine.post.parallel_aff_agglomerate:did not merge (503316513, 503316568)
INFO:engine.post.parallel_aff_agglomerate:did not merge (503316513, 503316573)
INFO:engine.post.parallel_aff_agglomerate:did not merge (436207699, 436207743)
INFO:engine.post.parallel_aff_agglomerate:did not merge (436207699, 436207749)
INFO:engine.post.parallel_aff_agglomerate:did not merge (436207699, 436207777)
INFO:engine.post.parallel_aff_agglomerate:did not merge (436207699, 436207816)
INFO:engine.post.parallel_aff_agglomerate:did not merge (436207699, 436207817)
INFO:engine.post.parallel_aff_agglomerate:did not merge (436207892, 436207936)
INFO:engine.post.parallel_aff_agglomerate:did not merge (436207892, 436207946)
INFO:engine.post.parallel_aff_agglomerate:did not merge (687866157, 1107296311)
INFO:engine.post.parallel_aff_agglomerate:did not merge (436207871, 436207947)
INFO:engine.post.parallel_aff_agglomerate:did not merge (436207871, 436208009)
INFO:engine.post.parallel_aff_agglomerate:did not merge (436207871, 436208021)
INFO:engine.post.parallel_aff_agglomerate:did not merge (436207871, 436208032)
INFO:engine.post.parallel_aff_agglomerate:did not merge (436208115, 436208150)
INFO:engine.post.parallel_aff_agglomerate:did not merge (436208115, 436208164)
INFO:engine.post.parallel_aff_agglomerate:did not merge (436208115, 436208178)
INFO:engine.post.parallel_aff_agglomerate:did not merge (436208204, 436208275)
INFO:engine.post.parallel_aff_agglomerate:did not merge (436208204, 436208287)
INFO:engine.post.parallel_aff_agglomerate:did not merge (436208199, 436208287)
INFO:engine.post.parallel_aff_agglomerate:did not merge (436208479, 436208578)
INFO:engine.post.parallel_aff_agglomerate:did not merge (436208832, 436208918)
INFO:engine.post.parallel_aff_agglomerate:did not merge (436208832, 436208939)
INFO:engine.post.parallel_aff_agglomerate:did not merge (503316893, 503316895)
INFO:engine.post.parallel_aff_agglomerate:did not merge (436209222, 436209266)
INFO:engine.post.parallel_aff_agglomerate:did not merge (436209222, 436209292)
INFO:engine.post.parallel_aff_agglomerate:did not merge (436209456, 436209485)
INFO:engine.post.parallel_aff_agglomerate:did not merge (436209456, 436209534)
INFO:engine.post.parallel_aff_agglomerate:did not merge (436209437, 436209500)
INFO:engine.post.parallel_aff_agglomerate:did not merge (436209907, 436209914)
INFO:engine.post.parallel_aff_agglomerate:did not merge (687867920, 687868198)
INFO:engine.post.parallel_aff_agglomerate:did not merge (687867920, 687868226)
INFO:engine.post.parallel_aff_agglomerate:did not merge (687868182, 687868198)
INFO:engine.post.parallel_aff_agglomerate:did not merge (436210033, 436210108)
INFO:engine.post.parallel_aff_agglomerate:did not merge (436210033, 436210116)
INFO:engine.post.parallel_aff_agglomerate:did not merge (436210033, 436210156)
INFO:engine.post.parallel_aff_agglomerate:did not merge (436210565, 436210577)
INFO:engine.post.parallel_aff_agglomerate:did not merge (436210565, 436210588)
INFO:engine.post.parallel_aff_agglomerate:did not merge (436210565, 436210589)
INFO:engine.post.parallel_aff_agglomerate:did not merge (436210565, 436210600)
INFO:engine.post.parallel_aff_agglomerate:did not merge (436210565, 436210724)
INFO:engine.post.parallel_aff_agglomerate:did not merge (436210565, 771752346)
INFO:engine.post.parallel_aff_agglomerate:did not merge (503317180, 503317220)
INFO:engine.post.parallel_aff_agglomerate:did not merge (268438288, 268438362)
INFO:engine.post.parallel_aff_agglomerate:did not merge (436210775, 771752354)
INFO:engine.post.parallel_aff_agglomerate:did not merge (436210775, 771752386)
INFO:engine.post.parallel_aff_agglomerate:did not merge (268438626, 268438748)
INFO:engine.post.parallel_aff_agglomerate:merged 7151 edges
INFO:engine.post.parallel_aff_agglomerate:Agglomerating in block [496:2544, 8688:9104, 6640:8688] (2048, 416, 2048) with context of [368:2672, 8560:9232, 6512:8816] (2304, 672, 2304)
INFO:engine.post.parallel_aff_agglomerate:did not merge (1040187669, 1040187716)
INFO:engine.post.parallel_aff_agglomerate:did not merge (1040187669, 1040187738)
INFO:engine.post.parallel_aff_agglomerate:did not merge (1040187669, 1040187759)
INFO:engine.post.parallel_aff_agglomerate:did not merge (1040187685, 1040187978)
INFO:engine.post.parallel_aff_agglomerate:did not merge (1040187846, 1040187883)
INFO:engine.post.parallel_aff_agglomerate:did not merge (1107296297, 1107296405)
INFO:engine.post.parallel_aff_agglomerate:did not merge (1107296297, 1107296408)
INFO:engine.post.parallel_aff_agglomerate:did not merge (1107296297, 1107296458)
INFO:engine.post.parallel_aff_agglomerate:did not merge (1040187995, 1040188010)
INFO:engine.post.parallel_aff_agglomerate:did not merge (1040187995, 1040188024)
INFO:engine.post.parallel_aff_agglomerate:did not merge (1107296420, 1107296462)
INFO:engine.post.parallel_aff_agglomerate:did not merge (1040188025, 1040188037)
INFO:engine.post.parallel_aff_agglomerate:did not merge (1040188025, 1040188039)
INFO:engine.post.parallel_aff_agglomerate:did not merge (1040188327, 1040188405)
INFO:engine.post.parallel_aff_agglomerate:did not merge (1107296555, 1107296585)
INFO:engine.post.parallel_aff_agglomerate:did not merge (1107296555, 1107296595)
INFO:engine.post.parallel_aff_agglomerate:did not merge (1107296555, 1107296611)
INFO:engine.post.parallel_aff_agglomerate:did not merge (1107296555, 1107296637)
INFO:engine.post.parallel_aff_agglomerate:did not merge (1107296555, 1107296643)
INFO:engine.post.parallel_aff_agglomerate:did not merge (1107296555, 1107296647)
INFO:engine.post.parallel_aff_agglomerate:did not merge (1107296555, 1107296649)
INFO:engine.post.parallel_aff_agglomerate:did not merge (1107296555, 1107296650)
INFO:engine.post.parallel_aff_agglomerate:did not merge (1107296555, 1107296664)
INFO:engine.post.parallel_aff_agglomerate:did not merge (1107296555, 1107296668)
INFO:engine.post.parallel_aff_agglomerate:did not merge (1107296555, 1107296683)
INFO:engine.post.parallel_aff_agglomerate:did not merge (1107296555, 1107296684)
INFO:engine.post.parallel_aff_agglomerate:did not merge (1107296555, 1107296713)
INFO:engine.post.parallel_aff_agglomerate:did not merge (1107296555, 1107296733)
INFO:engine.post.parallel_aff_agglomerate:did not merge (1107296663, 1107296664)
INFO:engine.post.parallel_aff_agglomerate:did not merge (1107296663, 1107296668)
INFO:engine.post.parallel_aff_agglomerate:did not merge (1107296663, 1107296687)
INFO:engine.post.parallel_aff_agglomerate:did not merge (1040188662, 1040189206)
INFO:engine.post.parallel_aff_agglomerate:did not merge (1040188662, 1040189216)
INFO:engine.post.parallel_aff_agglomerate:did not merge (1040189242, 1040189265)
INFO:engine.post.parallel_aff_agglomerate:did not merge (1509951649, 2181038664)
INFO:engine.post.parallel_aff_agglomerate:did not merge (1040189248, 1040189265)
INFO:engine.post.parallel_aff_agglomerate:did not merge (1040189370, 1040189413)
INFO:engine.post.parallel_aff_agglomerate:did not merge (1107296971, 1107296983)
INFO:engine.post.parallel_aff_agglomerate:did not merge (1040189544, 1040189603)
INFO:engine.post.parallel_aff_agglomerate:did not merge (1040189544, 1040189620)
INFO:engine.post.parallel_aff_agglomerate:did not merge (1040189544, 1040189892)
INFO:engine.post.parallel_aff_agglomerate:did not merge (1509951891, 1509951917)
INFO:engine.post.parallel_aff_agglomerate:did not merge (1509951891, 1509951931)
INFO:engine.post.parallel_aff_agglomerate:did not merge (1509951891, 1509952078)
INFO:engine.post.parallel_aff_agglomerate:did not merge (1509951891, 2181038697)
INFO:engine.post.parallel_aff_agglomerate:did not merge (1509951838, 1509951917)
INFO:engine.post.parallel_aff_agglomerate:did not merge (1040189565, 1040189603)
INFO:engine.post.parallel_aff_agglomerate:did not merge (1509951971, 1509952007)
INFO:engine.post.parallel_aff_agglomerate:did not merge (687868400, 687868401)
INFO:engine.post.parallel_aff_agglomerate:did not merge (687868400, 687868419)
INFO:engine.post.parallel_aff_agglomerate:did not merge (687868400, 1040189807)
INFO:engine.post.parallel_aff_agglomerate:did not merge (1040189958, 1040190030)
INFO:engine.post.parallel_aff_agglomerate:did not merge (1040189958, 1040190280)
INFO:engine.post.parallel_aff_agglomerate:did not merge (1107297095, 1107297101)
INFO:engine.post.parallel_aff_agglomerate:did not merge (687868727, 687868754)
INFO:engine.post.parallel_aff_agglomerate:did not merge (687868727, 687868761)
INFO:engine.post.parallel_aff_agglomerate:did not merge (687868727, 687868773)
INFO:engine.post.parallel_aff_agglomerate:did not merge (687868727, 687868780)
INFO:engine.post.parallel_aff_agglomerate:did not merge (687868727, 687868788)
INFO:engine.post.parallel_aff_agglomerate:did not merge (687868727, 687868801)
INFO:engine.post.parallel_aff_agglomerate:did not merge (687868727, 687868802)
INFO:engine.post.parallel_aff_agglomerate:did not merge (687868727, 687869020)
INFO:engine.post.parallel_aff_agglomerate:did not merge (687868727, 1040190454)
INFO:engine.post.parallel_aff_agglomerate:did not merge (1040190409, 1040190435)
INFO:engine.post.parallel_aff_agglomerate:did not merge (1040190409, 1040190452)
INFO:engine.post.parallel_aff_agglomerate:did not merge (1040190409, 1040190467)
INFO:engine.post.parallel_aff_agglomerate:merged 7680 edges
INFO:engine.post.parallel_aff_agglomerate:Agglomerating in block [496:2544, 8688:9104, 14832:16880] (2048, 416, 2048) with context of [368:2672, 8560:9232, 14704:17008] (2304, 672, 2304)
INFO:engine.post.parallel_aff_agglomerate:did not merge (2868904087, 2868904096)
INFO:engine.post.parallel_aff_agglomerate:did not merge (3791651458, 3791651585)
INFO:engine.post.parallel_aff_agglomerate:did not merge (3791651458, 3791651670)
INFO:engine.post.parallel_aff_agglomerate:did not merge (3791652703, 3791652754)
INFO:engine.post.parallel_aff_agglomerate:did not merge (3791652703, 3791652766)
INFO:engine.post.parallel_aff_agglomerate:did not merge (3791652703, 3791652779)
INFO:engine.post.parallel_aff_agglomerate:did not merge (3791652703, 3791652848)
INFO:engine.post.parallel_aff_agglomerate:did not merge (3791652703, 3791652865)
INFO:engine.post.parallel_aff_agglomerate:did not merge (3791652703, 3791652878)
INFO:engine.post.parallel_aff_agglomerate:did not merge (3791652703, 3791652880)
INFO:engine.post.parallel_aff_agglomerate:did not merge (3791652703, 3791653093)
INFO:engine.post.parallel_aff_agglomerate:did not merge (3791652703, 3791653150)
INFO:engine.post.parallel_aff_agglomerate:did not merge (3791653257, 4898949068)
INFO:engine.post.parallel_aff_agglomerate:did not merge (3791653442, 3791653483)
INFO:engine.post.parallel_aff_agglomerate:did not merge (3791653442, 3791653499)
INFO:engine.post.parallel_aff_agglomerate:did not merge (3791653442, 3791653516)
INFO:engine.post.parallel_aff_agglomerate:did not merge (4898949225, 4898949232)
INFO:engine.post.parallel_aff_agglomerate:did not merge (4898949225, 4898949233)
INFO:engine.post.parallel_aff_agglomerate:did not merge (2868907203, 2868907215)
INFO:engine.post.parallel_aff_agglomerate:did not merge (2868907203, 2868907217)
INFO:engine.post.parallel_aff_agglomerate:did not merge (2868907203, 2868907329)
INFO:engine.post.parallel_aff_agglomerate:did not merge (2868907203, 2868907331)
INFO:engine.post.parallel_aff_agglomerate:did not merge (2868907203, 2868907402)
INFO:engine.post.parallel_aff_agglomerate:did not merge (3791653690, 3791653704)
INFO:engine.post.parallel_aff_agglomerate:did not merge (3791653738, 3791653991)
INFO:engine.post.parallel_aff_agglomerate:did not merge (3791653738, 3791654047)
INFO:engine.post.parallel_aff_agglomerate:did not merge (4898949346, 4898949441)
INFO:engine.post.parallel_aff_agglomerate:did not merge (3791654134, 3791654146)
INFO:engine.post.parallel_aff_agglomerate:did not merge (2868907659, 2868907752)
INFO:engine.post.parallel_aff_agglomerate:did not merge (3791654328, 3791654443)
INFO:engine.post.parallel_aff_agglomerate:did not merge (3791654328, 3791654466)
INFO:engine.post.parallel_aff_agglomerate:did not merge (3791654328, 3791654499)
INFO:engine.post.parallel_aff_agglomerate:did not merge (3791654328, 4982833863)
INFO:engine.post.parallel_aff_agglomerate:did not merge (3791654173, 3791654420)
INFO:engine.post.parallel_aff_agglomerate:did not merge (4898949651, 6291456228)
INFO:engine.post.parallel_aff_agglomerate:did not merge (3791654344, 3791654443)
INFO:engine.post.parallel_aff_agglomerate:merged 7116 edges
INFO:engine.post.parallel_aff_agglomerate:Agglomerating in block [496:2544, 8688:9104, 25072:27120] (2048, 416, 2048) with context of [368:2672, 8560:9232, 24944:27248] (2304, 672, 2304)
INFO:engine.post.parallel_aff_agglomerate:did not merge (11509170280, 11509170321)
INFO:engine.post.parallel_aff_agglomerate:did not merge (11509170543, 11509170556)
INFO:engine.post.parallel_aff_agglomerate:did not merge (11509170543, 11509170566)
INFO:engine.post.parallel_aff_agglomerate:did not merge (11509170543, 11509170575)
INFO:engine.post.parallel_aff_agglomerate:did not merge (11509170543, 11509170581)
INFO:engine.post.parallel_aff_agglomerate:did not merge (11509170543, 11509170599)
INFO:engine.post.parallel_aff_agglomerate:did not merge (11509170543, 11509170610)
INFO:engine.post.parallel_aff_agglomerate:did not merge (11509170543, 11509170621)
INFO:engine.post.parallel_aff_agglomerate:did not merge (11509170567, 11509170600)
INFO:engine.post.parallel_aff_agglomerate:did not merge (11509170567, 11509170609)
INFO:engine.post.parallel_aff_agglomerate:did not merge (11509170353, 11509171254)
INFO:engine.post.parallel_aff_agglomerate:did not merge (11509171111, 11509171201)
INFO:engine.post.parallel_aff_agglomerate:did not merge (11509171111, 11509171340)
INFO:engine.post.parallel_aff_agglomerate:did not merge (11509171111, 11509171346)
INFO:engine.post.parallel_aff_agglomerate:did not merge (11509171111, 11509171368)
INFO:engine.post.parallel_aff_agglomerate:did not merge (11509171111, 11509171369)
INFO:engine.post.parallel_aff_agglomerate:did not merge (11509171111, 11509171395)
INFO:engine.post.parallel_aff_agglomerate:did not merge (11509171111, 11509171409)
INFO:engine.post.parallel_aff_agglomerate:did not merge (11509171111, 11509171552)
INFO:engine.post.parallel_aff_agglomerate:did not merge (11509171111, 13790873214)
INFO:engine.post.parallel_aff_agglomerate:did not merge (11509171111, 13790873448)
INFO:engine.post.parallel_aff_agglomerate:did not merge (11509171203, 11509171565)
INFO:engine.post.parallel_aff_agglomerate:did not merge (13790872846, 13790873214)
INFO:engine.post.parallel_aff_agglomerate:did not merge (13790872846, 13790873278)
INFO:engine.post.parallel_aff_agglomerate:did not merge (13790872846, 13790873448)
INFO:engine.post.parallel_aff_agglomerate:did not merge (13790873928, 13790873973)
INFO:engine.post.parallel_aff_agglomerate:did not merge (13790873928, 13790873987)
INFO:engine.post.parallel_aff_agglomerate:did not merge (13790873928, 13790874150)
INFO:engine.post.parallel_aff_agglomerate:did not merge (13790873928, 16424895186)
INFO:engine.post.parallel_aff_agglomerate:did not merge (13790873939, 13790873973)
INFO:engine.post.parallel_aff_agglomerate:did not merge (13790873939, 13790873986)
INFO:engine.post.parallel_aff_agglomerate:did not merge (13790873939, 13790874150)
INFO:engine.post.parallel_aff_agglomerate:did not merge (11509171838, 11509171912)
INFO:engine.post.parallel_aff_agglomerate:did not merge (13790871708, 13790873745)
INFO:engine.post.parallel_aff_agglomerate:did not merge (13790871708, 13790874150)
INFO:engine.post.parallel_aff_agglomerate:did not merge (11509171811, 11509172713)
INFO:engine.post.parallel_aff_agglomerate:did not merge (11509171811, 13874757718)
INFO:engine.post.parallel_aff_agglomerate:did not merge (11509172589, 11509172645)
INFO:engine.post.parallel_aff_agglomerate:did not merge (11509172853, 11509172921)
INFO:engine.post.parallel_aff_agglomerate:did not merge (11509172853, 11509172935)
INFO:engine.post.parallel_aff_agglomerate:did not merge (11509172853, 13874757884)
INFO:engine.post.parallel_aff_agglomerate:did not merge (11509172853, 13874758003)
INFO:engine.post.parallel_aff_agglomerate:did not merge (11509172853, 13874758017)
INFO:engine.post.parallel_aff_agglomerate:did not merge (11509172854, 11509172921)
INFO:engine.post.parallel_aff_agglomerate:did not merge (11509172854, 13874758003)
INFO:engine.post.parallel_aff_agglomerate:did not merge (9495906037, 9495906083)
INFO:engine.post.parallel_aff_agglomerate:merged 3969 edges
INFO:engine.post.parallel_aff_agglomerate:Agglomerating in block [2544:4592, 496:2544, 4592:6640] (2048, 2048, 2048) with context of [2416:4720, 368:2672, 4464:6768] (2304, 2304, 2304)
INFO:engine.post.parallel_aff_agglomerate:did not merge (67112000, 184551842)
INFO:engine.post.parallel_aff_agglomerate:did not merge (67112029, 184551695)
INFO:engine.post.parallel_aff_agglomerate:did not merge (67112029, 184551760)
INFO:engine.post.parallel_aff_agglomerate:did not merge (16779811, 16779915)
INFO:engine.post.parallel_aff_agglomerate:did not merge (67112145, 167774501)
INFO:engine.post.parallel_aff_agglomerate:did not merge (83889077, 83889116)
INFO:engine.post.parallel_aff_agglomerate:did not merge (16779833, 100663606)
INFO:engine.post.parallel_aff_agglomerate:merged 31008 edges
INFO:engine.post.parallel_aff_agglomerate:Agglomerating in block [2544:4592, 496:2544, 18928:20976] (2048, 2048, 2048) with context of [2416:4720, 368:2672, 18800:21104] (2304, 2304, 2304)
INFO:engine.post.parallel_aff_agglomerate:did not merge (2768243382, 3690989092)
INFO:engine.post.parallel_aff_agglomerate:did not merge (2768243382, 3690989899)
INFO:engine.post.parallel_aff_agglomerate:did not merge (2013268578, 2768243034)
INFO:engine.post.parallel_aff_agglomerate:did not merge (4815065307, 4815065318)
INFO:engine.post.parallel_aff_agglomerate:did not merge (4815065307, 4815065389)
INFO:engine.post.parallel_aff_agglomerate:did not merge (4815065307, 4815065408)
INFO:engine.post.parallel_aff_agglomerate:did not merge (4815065307, 4815065422)
INFO:engine.post.parallel_aff_agglomerate:did not merge (4815065307, 4815065437)
INFO:engine.post.parallel_aff_agglomerate:did not merge (4815065307, 4815065447)
INFO:engine.post.parallel_aff_agglomerate:did not merge (4815065307, 4815065448)
INFO:engine.post.parallel_aff_agglomerate:did not merge (4815065307, 4815065460)
INFO:engine.post.parallel_aff_agglomerate:did not merge (4815065307, 4815065519)
INFO:engine.post.parallel_aff_agglomerate:did not merge (4815065307, 4815065535)
INFO:engine.post.parallel_aff_agglomerate:did not merge (4815065307, 6174015875)
INFO:engine.post.parallel_aff_agglomerate:did not merge (4815065307, 6174015934)
INFO:engine.post.parallel_aff_agglomerate:did not merge (4815065307, 6174015950)
INFO:engine.post.parallel_aff_agglomerate:did not merge (3690990436, 3690990449)
INFO:engine.post.parallel_aff_agglomerate:did not merge (3690990436, 3690990498)
INFO:engine.post.parallel_aff_agglomerate:did not merge (3707768531, 3707768558)
INFO:engine.post.parallel_aff_agglomerate:did not merge (3707768556, 3707768558)
INFO:engine.post.parallel_aff_agglomerate:did not merge (2013268641, 2013268740)
INFO:engine.post.parallel_aff_agglomerate:did not merge (2013268641, 2801795443)
INFO:engine.post.parallel_aff_agglomerate:did not merge (3707768516, 3707768518)
INFO:engine.post.parallel_aff_agglomerate:did not merge (3690990368, 3690990453)
INFO:engine.post.parallel_aff_agglomerate:did not merge (3707768575, 3707768664)
INFO:engine.post.parallel_aff_agglomerate:did not merge (2768243396, 3690989899)
INFO:engine.post.parallel_aff_agglomerate:did not merge (3707768677, 3707768698)
INFO:engine.post.parallel_aff_agglomerate:did not merge (3707768677, 4865393148)
INFO:engine.post.parallel_aff_agglomerate:did not merge (3690990493, 3690990664)
INFO:engine.post.parallel_aff_agglomerate:did not merge (3690990493, 4831838824)
INFO:engine.post.parallel_aff_agglomerate:did not merge (3690990522, 3690990523)
INFO:engine.post.parallel_aff_agglomerate:did not merge (3690990522, 4831838680)
INFO:engine.post.parallel_aff_agglomerate:merged 18995 edges
INFO:engine.post.parallel_aff_agglomerate:Agglomerating in block [2544:4592, 496:2544, 29168:29264] (2048, 2048, 96) with context of [2416:4720, 368:2672, 29040:29392] (2304, 2304, 352)
INFO:engine.post.parallel_aff_agglomerate:did not merge (7633636332, 9395241499)
INFO:engine.post.parallel_aff_agglomerate:did not merge (7633636451, 9428795703)
INFO:engine.post.parallel_aff_agglomerate:did not merge (7633636446, 7633636500)
INFO:engine.post.parallel_aff_agglomerate:merged 3600 edges
INFO:engine.post.parallel_aff_agglomerate:Agglomerating in block [2544:4592, 2544:4592, 2544:4592] (2048, 2048, 2048) with context of [2416:4720, 2416:4720, 2416:4720] (2304, 2304, 2304)
INFO:engine.post.parallel_aff_agglomerate:did not merge (218106323, 218106350)
INFO:engine.post.parallel_aff_agglomerate:did not merge (218106323, 218106423)
INFO:engine.post.parallel_aff_agglomerate:did not merge (16779788, 16779795)
INFO:engine.post.parallel_aff_agglomerate:did not merge (33558276, 33558481)
INFO:engine.post.parallel_aff_agglomerate:did not merge (33558276, 83887906)
INFO:engine.post.parallel_aff_agglomerate:did not merge (16779911, 16780001)
INFO:engine.post.parallel_aff_agglomerate:did not merge (16779911, 100663669)
INFO:engine.post.parallel_aff_agglomerate:did not merge (67112046, 67112047)
INFO:engine.post.parallel_aff_agglomerate:did not merge (218106368, 218106423)
INFO:engine.post.parallel_aff_agglomerate:did not merge (33558445, 33558498)
INFO:engine.post.parallel_aff_agglomerate:did not merge (33558445, 83888808)
INFO:engine.post.parallel_aff_agglomerate:did not merge (33558445, 134218211)
INFO:engine.post.parallel_aff_agglomerate:did not merge (16779864, 16779872)
INFO:engine.post.parallel_aff_agglomerate:did not merge (16779864, 100663533)
INFO:engine.post.parallel_aff_agglomerate:did not merge (218106460, 218106506)
INFO:engine.post.parallel_aff_agglomerate:did not merge (218106460, 218106530)
INFO:engine.post.parallel_aff_agglomerate:did not merge (218106460, 218106531)
INFO:engine.post.parallel_aff_agglomerate:did not merge (218106460, 218106532)
INFO:engine.post.parallel_aff_agglomerate:did not merge (218106460, 452985189)
INFO:engine.post.parallel_aff_agglomerate:did not merge (218106460, 452985190)
INFO:engine.post.parallel_aff_agglomerate:did not merge (218106460, 452985191)
INFO:engine.post.parallel_aff_agglomerate:did not merge (67112170, 67112219)
INFO:engine.post.parallel_aff_agglomerate:did not merge (67112170, 67112277)
INFO:engine.post.parallel_aff_agglomerate:did not merge (67112170, 67112330)
INFO:engine.post.parallel_aff_agglomerate:did not merge (67112170, 67112334)
INFO:engine.post.parallel_aff_agglomerate:did not merge (67112170, 67112408)
INFO:engine.post.parallel_aff_agglomerate:did not merge (67112170, 201327066)
INFO:engine.post.parallel_aff_agglomerate:did not merge (67112170, 201327123)
INFO:engine.post.parallel_aff_agglomerate:did not merge (33558480, 33558481)
INFO:engine.post.parallel_aff_agglomerate:did not merge (201327005, 201327007)
INFO:engine.post.parallel_aff_agglomerate:did not merge (201327005, 201327019)
INFO:engine.post.parallel_aff_agglomerate:did not merge (201326958, 201327007)
INFO:engine.post.parallel_aff_agglomerate:did not merge (201326958, 201327066)
INFO:engine.post.parallel_aff_agglomerate:did not merge (201326958, 201327123)
INFO:engine.post.parallel_aff_agglomerate:did not merge (100663599, 100663668)
INFO:engine.post.parallel_aff_agglomerate:did not merge (100663601, 100663669)
INFO:engine.post.parallel_aff_agglomerate:did not merge (100663465, 100663578)
INFO:engine.post.parallel_aff_agglomerate:did not merge (100663656, 100663714)
INFO:engine.post.parallel_aff_agglomerate:did not merge (201327197, 201327292)
INFO:engine.post.parallel_aff_agglomerate:did not merge (201327197, 402653647)
INFO:engine.post.parallel_aff_agglomerate:did not merge (100663716, 100663912)
INFO:engine.post.parallel_aff_agglomerate:did not merge (100663795, 100663850)
INFO:engine.post.parallel_aff_agglomerate:did not merge (100663795, 100663975)
INFO:engine.post.parallel_aff_agglomerate:did not merge (100663868, 100663975)
INFO:engine.post.parallel_aff_agglomerate:did not merge (100663838, 100663850)
INFO:engine.post.parallel_aff_agglomerate:did not merge (100663838, 100663975)
INFO:engine.post.parallel_aff_agglomerate:did not merge (100663946, 100664056)
INFO:engine.post.parallel_aff_agglomerate:did not merge (100664041, 100664056)
INFO:engine.post.parallel_aff_agglomerate:did not merge (100664028, 100664056)
INFO:engine.post.parallel_aff_agglomerate:did not merge (100664444, 100664570)
INFO:engine.post.parallel_aff_agglomerate:did not merge (100664444, 100664581)
INFO:engine.post.parallel_aff_agglomerate:did not merge (100664491, 100664600)
INFO:engine.post.parallel_aff_agglomerate:did not merge (100664493, 100664651)
INFO:engine.post.parallel_aff_agglomerate:did not merge (50332888, 50332889)
INFO:engine.post.parallel_aff_agglomerate:did not merge (100664664, 100665006)
INFO:engine.post.parallel_aff_agglomerate:did not merge (100664664, 100665296)
INFO:engine.post.parallel_aff_agglomerate:did not merge (201328529, 201328593)
INFO:engine.post.parallel_aff_agglomerate:did not merge (50333157, 50333205)
INFO:engine.post.parallel_aff_agglomerate:did not merge (50333157, 50333284)
INFO:engine.post.parallel_aff_agglomerate:did not merge (50333157, 134219480)
INFO:engine.post.parallel_aff_agglomerate:did not merge (100665086, 100665296)
INFO:engine.post.parallel_aff_agglomerate:did not merge (100665128, 100665296)
INFO:engine.post.parallel_aff_agglomerate:did not merge (100665142, 100665296)
INFO:engine.post.parallel_aff_agglomerate:did not merge (100665227, 100665278)
INFO:engine.post.parallel_aff_agglomerate:did not merge (100665249, 100665278)
INFO:engine.post.parallel_aff_agglomerate:did not merge (201328805, 201328850)
INFO:engine.post.parallel_aff_agglomerate:did not merge (201328805, 201328868)
INFO:engine.post.parallel_aff_agglomerate:did not merge (201328805, 201328885)
INFO:engine.post.parallel_aff_agglomerate:did not merge (100665409, 100665542)
INFO:engine.post.parallel_aff_agglomerate:did not merge (100665409, 100665557)
INFO:engine.post.parallel_aff_agglomerate:did not merge (100665409, 100665577)
INFO:engine.post.parallel_aff_agglomerate:did not merge (100665505, 100665518)
INFO:engine.post.parallel_aff_agglomerate:did not merge (100665505, 100665540)
INFO:engine.post.parallel_aff_agglomerate:did not merge (100665505, 100665541)
INFO:engine.post.parallel_aff_agglomerate:did not merge (100665505, 100665576)
INFO:engine.post.parallel_aff_agglomerate:did not merge (100665505, 100665614)
INFO:engine.post.parallel_aff_agglomerate:did not merge (50333413, 50333593)
INFO:engine.post.parallel_aff_agglomerate:did not merge (100665782, 100665800)
INFO:engine.post.parallel_aff_agglomerate:did not merge (100665858, 100666271)
INFO:engine.post.parallel_aff_agglomerate:did not merge (100666023, 100666056)
INFO:engine.post.parallel_aff_agglomerate:did not merge (100666023, 100666196)
INFO:engine.post.parallel_aff_agglomerate:did not merge (100666024, 100666197)
INFO:engine.post.parallel_aff_agglomerate:did not merge (100666417, 100666442)
INFO:engine.post.parallel_aff_agglomerate:did not merge (50333932, 50333944)
INFO:engine.post.parallel_aff_agglomerate:did not merge (50333932, 50333948)
INFO:engine.post.parallel_aff_agglomerate:did not merge (50333932, 50333960)
INFO:engine.post.parallel_aff_agglomerate:did not merge (50333932, 50334054)
INFO:engine.post.parallel_aff_agglomerate:did not merge (50333932, 134220554)
INFO:engine.post.parallel_aff_agglomerate:did not merge (50334010, 50334043)
INFO:engine.post.parallel_aff_agglomerate:did not merge (50334010, 134220554)
INFO:engine.post.parallel_aff_agglomerate:did not merge (100666502, 100666632)
INFO:engine.post.parallel_aff_agglomerate:did not merge (100666502, 100666645)
INFO:engine.post.parallel_aff_agglomerate:did not merge (100666502, 100666660)
INFO:engine.post.parallel_aff_agglomerate:did not merge (100666502, 100666661)
INFO:engine.post.parallel_aff_agglomerate:did not merge (100666502, 100666675)
INFO:engine.post.parallel_aff_agglomerate:did not merge (100666554, 100666571)
INFO:engine.post.parallel_aff_agglomerate:did not merge (100666721, 100667025)
INFO:engine.post.parallel_aff_agglomerate:did not merge (100666921, 100666985)
INFO:engine.post.parallel_aff_agglomerate:did not merge (100666954, 100667025)
INFO:engine.post.parallel_aff_agglomerate:did not merge (50334833, 50334844)
INFO:engine.post.parallel_aff_agglomerate:did not merge (50334881, 50334995)
INFO:engine.post.parallel_aff_agglomerate:did not merge (50334881, 50335008)
INFO:engine.post.parallel_aff_agglomerate:did not merge (100667428, 100667630)
INFO:engine.post.parallel_aff_agglomerate:merged 28441 edges
INFO:engine.post.parallel_aff_agglomerate:Agglomerating in block [2544:4592, 2544:4592, 12784:14832] (2048, 2048, 2048) with context of [2416:4720, 2416:4720, 12656:14960] (2304, 2304, 2304)
INFO:engine.post.parallel_aff_agglomerate:did not merge (956304238, 956304369)
INFO:engine.post.parallel_aff_agglomerate:did not merge (1426067001, 2030045329)
INFO:engine.post.parallel_aff_agglomerate:did not merge (1426067001, 2030046594)
INFO:engine.post.parallel_aff_agglomerate:did not merge (2063600853, 2063600897)
INFO:engine.post.parallel_aff_agglomerate:did not merge (1426066948, 1426066949)
INFO:engine.post.parallel_aff_agglomerate:did not merge (2030046729, 2030046730)
INFO:engine.post.parallel_aff_agglomerate:did not merge (587204879, 587204976)
INFO:engine.post.parallel_aff_agglomerate:did not merge (587204879, 587204985)
INFO:engine.post.parallel_aff_agglomerate:did not merge (587204879, 587204997)
INFO:engine.post.parallel_aff_agglomerate:did not merge (587204879, 587205026)
INFO:engine.post.parallel_aff_agglomerate:did not merge (587204879, 587205037)
INFO:engine.post.parallel_aff_agglomerate:did not merge (587204879, 587205070)
INFO:engine.post.parallel_aff_agglomerate:did not merge (587204879, 956303814)
INFO:engine.post.parallel_aff_agglomerate:did not merge (1426066575, 1426066707)
INFO:engine.post.parallel_aff_agglomerate:did not merge (1426066575, 1426066765)
INFO:engine.post.parallel_aff_agglomerate:did not merge (1426066445, 1426066869)
INFO:engine.post.parallel_aff_agglomerate:did not merge (1426067088, 2030046021)
INFO:engine.post.parallel_aff_agglomerate:did not merge (2063600869, 2063600949)
INFO:engine.post.parallel_aff_agglomerate:did not merge (2063600895, 2063600949)
INFO:engine.post.parallel_aff_agglomerate:did not merge (939526667, 939526712)
INFO:engine.post.parallel_aff_agglomerate:did not merge (939526667, 1442840975)
INFO:engine.post.parallel_aff_agglomerate:did not merge (2030046762, 2030046867)
INFO:engine.post.parallel_aff_agglomerate:did not merge (2030046762, 2030047265)
INFO:engine.post.parallel_aff_agglomerate:did not merge (2030046762, 2835350424)
INFO:engine.post.parallel_aff_agglomerate:did not merge (2063601037, 2885681497)
INFO:engine.post.parallel_aff_agglomerate:did not merge (939526679, 939526712)
INFO:engine.post.parallel_aff_agglomerate:did not merge (939526679, 1442840975)
INFO:engine.post.parallel_aff_agglomerate:did not merge (1442840931, 1442840975)
INFO:engine.post.parallel_aff_agglomerate:did not merge (1442840930, 1442840975)
INFO:engine.post.parallel_aff_agglomerate:did not merge (1442840942, 1442840975)
INFO:engine.post.parallel_aff_agglomerate:did not merge (1442841197, 1442841374)
INFO:engine.post.parallel_aff_agglomerate:did not merge (973078975, 973079253)
INFO:engine.post.parallel_aff_agglomerate:did not merge (1442841198, 1442841241)
INFO:engine.post.parallel_aff_agglomerate:did not merge (1442841341, 1442841374)
INFO:engine.post.parallel_aff_agglomerate:did not merge (973079401, 973079430)
INFO:engine.post.parallel_aff_agglomerate:did not merge (1442840675, 1442841304)
INFO:engine.post.parallel_aff_agglomerate:did not merge (1442840675, 1442841305)
INFO:engine.post.parallel_aff_agglomerate:did not merge (1442841588, 1442841677)
INFO:engine.post.parallel_aff_agglomerate:did not merge (1442841588, 1442841764)
INFO:engine.post.parallel_aff_agglomerate:did not merge (1442841588, 1442841799)
INFO:engine.post.parallel_aff_agglomerate:did not merge (1442841588, 1442841852)
INFO:engine.post.parallel_aff_agglomerate:did not merge (1442841627, 1442841651)
INFO:engine.post.parallel_aff_agglomerate:did not merge (1442841872, 1442841921)
INFO:engine.post.parallel_aff_agglomerate:did not merge (1442841832, 1442842023)
INFO:engine.post.parallel_aff_agglomerate:did not merge (1442841832, 1442842062)
INFO:engine.post.parallel_aff_agglomerate:did not merge (1442841832, 1442842087)
INFO:engine.post.parallel_aff_agglomerate:did not merge (1442841832, 1442842104)
INFO:engine.post.parallel_aff_agglomerate:did not merge (1442841833, 1442841852)
INFO:engine.post.parallel_aff_agglomerate:did not merge (1442841833, 1442841887)
INFO:engine.post.parallel_aff_agglomerate:did not merge (1442841833, 1442841888)
INFO:engine.post.parallel_aff_agglomerate:did not merge (1442841833, 1442841921)
INFO:engine.post.parallel_aff_agglomerate:did not merge (1442841833, 1442841958)
INFO:engine.post.parallel_aff_agglomerate:did not merge (1442841833, 1442841975)
INFO:engine.post.parallel_aff_agglomerate:did not merge (1442841833, 1442842086)
INFO:engine.post.parallel_aff_agglomerate:did not merge (1442841833, 1442842117)
INFO:engine.post.parallel_aff_agglomerate:did not merge (1442841922, 1442842178)
INFO:engine.post.parallel_aff_agglomerate:did not merge (973080613, 1476396964)
INFO:engine.post.parallel_aff_agglomerate:did not merge (973080774, 973080940)
INFO:engine.post.parallel_aff_agglomerate:did not merge (973080774, 973080957)
INFO:engine.post.parallel_aff_agglomerate:did not merge (1442842888, 1442842916)
INFO:engine.post.parallel_aff_agglomerate:did not merge (1442842888, 1442842918)
INFO:engine.post.parallel_aff_agglomerate:did not merge (1442842898, 1442843003)
INFO:engine.post.parallel_aff_agglomerate:did not merge (1442842898, 1442843029)
INFO:engine.post.parallel_aff_agglomerate:did not merge (1442842898, 1442843160)
INFO:engine.post.parallel_aff_agglomerate:did not merge (1442842898, 1442843179)
INFO:engine.post.parallel_aff_agglomerate:did not merge (1442842898, 1442843399)
INFO:engine.post.parallel_aff_agglomerate:did not merge (973080916, 973080940)
INFO:engine.post.parallel_aff_agglomerate:did not merge (973080916, 973080957)
INFO:engine.post.parallel_aff_agglomerate:did not merge (973080916, 973080970)
INFO:engine.post.parallel_aff_agglomerate:did not merge (1442843019, 1442843117)
INFO:engine.post.parallel_aff_agglomerate:did not merge (973080844, 973080940)
INFO:engine.post.parallel_aff_agglomerate:did not merge (973080844, 973080957)
INFO:engine.post.parallel_aff_agglomerate:did not merge (973080844, 973080970)
INFO:engine.post.parallel_aff_agglomerate:did not merge (1442843266, 1442843354)
INFO:engine.post.parallel_aff_agglomerate:did not merge (1442843202, 1442843399)
INFO:engine.post.parallel_aff_agglomerate:did not merge (1442843319, 1442843399)
INFO:engine.post.parallel_aff_agglomerate:did not merge (1442843356, 1442843399)
INFO:engine.post.parallel_aff_agglomerate:did not merge (1442843383, 1442843399)
INFO:engine.post.parallel_aff_agglomerate:did not merge (973081123, 1476397169)
INFO:engine.post.parallel_aff_agglomerate:did not merge (1442843480, 1442843590)
INFO:engine.post.parallel_aff_agglomerate:did not merge (1442843481, 1442843590)
INFO:engine.post.parallel_aff_agglomerate:did not merge (1442843414, 1442843455)
INFO:engine.post.parallel_aff_agglomerate:did not merge (1442843414, 1442843506)
INFO:engine.post.parallel_aff_agglomerate:did not merge (1442843414, 1442843512)
INFO:engine.post.parallel_aff_agglomerate:did not merge (1442843414, 1442843538)
INFO:engine.post.parallel_aff_agglomerate:did not merge (1442843414, 1442843539)
INFO:engine.post.parallel_aff_agglomerate:did not merge (1442843414, 1442843582)
INFO:engine.post.parallel_aff_agglomerate:did not merge (1442843414, 1442843661)
INFO:engine.post.parallel_aff_agglomerate:did not merge (1442843515, 1442843539)
INFO:engine.post.parallel_aff_agglomerate:did not merge (1442843515, 1442843582)
INFO:engine.post.parallel_aff_agglomerate:did not merge (1442843515, 1442843661)
INFO:engine.post.parallel_aff_agglomerate:did not merge (2046822490, 2046822535)
INFO:engine.post.parallel_aff_agglomerate:did not merge (2046822490, 2046822571)
INFO:engine.post.parallel_aff_agglomerate:did not merge (1442843914, 1442843960)
INFO:engine.post.parallel_aff_agglomerate:did not merge (1442843834, 1442843899)
INFO:engine.post.parallel_aff_agglomerate:did not merge (1442843834, 1442843913)
INFO:engine.post.parallel_aff_agglomerate:did not merge (1442843834, 1442843969)
INFO:engine.post.parallel_aff_agglomerate:merged 31804 edges
INFO:engine.post.parallel_aff_agglomerate:Agglomerating in block [2544:4592, 2544:4592, 23024:25072] (2048, 2048, 2048) with context of [2416:4720, 2416:4720, 22896:25200] (2304, 2304, 2304)
INFO:engine.post.parallel_aff_agglomerate:did not merge (6123687242, 6123687330)
INFO:engine.post.parallel_aff_agglomerate:did not merge (4798286957, 6106909569)
INFO:engine.post.parallel_aff_agglomerate:did not merge (4798286957, 6106909589)
INFO:engine.post.parallel_aff_agglomerate:did not merge (7650413444, 7650413455)
INFO:engine.post.parallel_aff_agglomerate:did not merge (6123687143, 6123687184)
INFO:engine.post.parallel_aff_agglomerate:did not merge (6123687143, 6123687204)
INFO:engine.post.parallel_aff_agglomerate:did not merge (6123687143, 6123687205)
INFO:engine.post.parallel_aff_agglomerate:did not merge (6123687143, 7650413157)
INFO:engine.post.parallel_aff_agglomerate:did not merge (6123687562, 7683967393)
INFO:engine.post.parallel_aff_agglomerate:did not merge (6123687557, 7650413193)
INFO:engine.post.parallel_aff_agglomerate:did not merge (6123687557, 7650413220)
INFO:engine.post.parallel_aff_agglomerate:did not merge (6123687848, 7683967394)
INFO:engine.post.parallel_aff_agglomerate:did not merge (6123687848, 7683967421)
INFO:engine.post.parallel_aff_agglomerate:did not merge (6123687521, 7683967193)
INFO:engine.post.parallel_aff_agglomerate:did not merge (7683967559, 7683967644)
INFO:engine.post.parallel_aff_agglomerate:did not merge (6123687522, 6123687523)
INFO:engine.post.parallel_aff_agglomerate:did not merge (6123687522, 7683967332)
INFO:engine.post.parallel_aff_agglomerate:did not merge (6123687522, 7683967334)
INFO:engine.post.parallel_aff_agglomerate:did not merge (4798286895, 4798287034)
INFO:engine.post.parallel_aff_agglomerate:did not merge (4798286895, 6140461201)
INFO:engine.post.parallel_aff_agglomerate:did not merge (4815065410, 4815065464)
INFO:engine.post.parallel_aff_agglomerate:did not merge (7683967660, 7683967689)
INFO:engine.post.parallel_aff_agglomerate:did not merge (7683967660, 9512681817)
INFO:engine.post.parallel_aff_agglomerate:did not merge (7683967660, 9512681830)
INFO:engine.post.parallel_aff_agglomerate:did not merge (7683967650, 7683967671)
INFO:engine.post.parallel_aff_agglomerate:did not merge (7683967650, 7683967683)
INFO:engine.post.parallel_aff_agglomerate:did not merge (7683967650, 7683967689)
INFO:engine.post.parallel_aff_agglomerate:did not merge (4831838947, 4831838948)
INFO:engine.post.parallel_aff_agglomerate:did not merge (6140461548, 6140461571)
INFO:engine.post.parallel_aff_agglomerate:did not merge (4831839056, 4831839155)
INFO:engine.post.parallel_aff_agglomerate:did not merge (4831839154, 4831839155)
INFO:engine.post.parallel_aff_agglomerate:did not merge (4831839154, 4831839304)
INFO:engine.post.parallel_aff_agglomerate:did not merge (7667188327, 7667188430)
INFO:engine.post.parallel_aff_agglomerate:did not merge (4831839168, 4831839304)
INFO:engine.post.parallel_aff_agglomerate:did not merge (6140461644, 6140461697)
INFO:engine.post.parallel_aff_agglomerate:did not merge (7667188539, 7667188608)
INFO:engine.post.parallel_aff_agglomerate:did not merge (6140461838, 6140462033)
INFO:engine.post.parallel_aff_agglomerate:did not merge (7667188663, 7667188701)
INFO:engine.post.parallel_aff_agglomerate:did not merge (4831839776, 4831839827)
INFO:engine.post.parallel_aff_agglomerate:did not merge (6140461995, 6140462033)
INFO:engine.post.parallel_aff_agglomerate:did not merge (6140461995, 6140462103)
INFO:engine.post.parallel_aff_agglomerate:did not merge (6140461995, 6140462218)
INFO:engine.post.parallel_aff_agglomerate:did not merge (6140461995, 6140462220)
INFO:engine.post.parallel_aff_agglomerate:did not merge (6140461995, 6140462355)
INFO:engine.post.parallel_aff_agglomerate:did not merge (6140461995, 6140462366)
INFO:engine.post.parallel_aff_agglomerate:did not merge (7667189515, 7667189530)
INFO:engine.post.parallel_aff_agglomerate:did not merge (7667189515, 9462351029)
INFO:engine.post.parallel_aff_agglomerate:did not merge (6140462381, 6140462434)
INFO:engine.post.parallel_aff_agglomerate:did not merge (6140462381, 6140462443)
INFO:engine.post.parallel_aff_agglomerate:did not merge (6140462426, 6140462438)
INFO:engine.post.parallel_aff_agglomerate:did not merge (6140462426, 6140462470)
INFO:engine.post.parallel_aff_agglomerate:did not merge (6140462405, 6140462560)
INFO:engine.post.parallel_aff_agglomerate:did not merge (7667189649, 7667189673)
INFO:engine.post.parallel_aff_agglomerate:did not merge (7667189649, 7667189714)
INFO:engine.post.parallel_aff_agglomerate:did not merge (6140463529, 6140463555)
INFO:engine.post.parallel_aff_agglomerate:did not merge (6140463529, 6140463560)
INFO:engine.post.parallel_aff_agglomerate:did not merge (6140463529, 6140463654)
INFO:engine.post.parallel_aff_agglomerate:did not merge (6140463529, 7667190723)
INFO:engine.post.parallel_aff_agglomerate:did not merge (7667190704, 7667190723)
INFO:engine.post.parallel_aff_agglomerate:did not merge (7667190704, 7667190785)
INFO:engine.post.parallel_aff_agglomerate:did not merge (7667190704, 7667190826)
INFO:engine.post.parallel_aff_agglomerate:did not merge (6140463011, 6140463504)
INFO:engine.post.parallel_aff_agglomerate:did not merge (6140463011, 6140463912)
INFO:engine.post.parallel_aff_agglomerate:did not merge (7667190691, 7667190723)
INFO:engine.post.parallel_aff_agglomerate:did not merge (7667190691, 7667190826)
INFO:engine.post.parallel_aff_agglomerate:merged 15945 edges
INFO:engine.post.parallel_aff_agglomerate:Agglomerating in block [2544:4592, 4592:6640, 4592:6640] (2048, 2048, 2048) with context of [2416:4720, 4464:6768, 4464:6768] (2304, 2304, 2304)
INFO:engine.post.parallel_aff_agglomerate:did not merge (385878466, 385878509)
INFO:engine.post.parallel_aff_agglomerate:did not merge (637536593, 637536594)
INFO:engine.post.parallel_aff_agglomerate:did not merge (637536557, 637536558)
INFO:engine.post.parallel_aff_agglomerate:did not merge (637536531, 637536594)
INFO:engine.post.parallel_aff_agglomerate:did not merge (637536531, 637536639)
INFO:engine.post.parallel_aff_agglomerate:did not merge (637536604, 637536836)
INFO:engine.post.parallel_aff_agglomerate:did not merge (637536604, 1056965080)
INFO:engine.post.parallel_aff_agglomerate:did not merge (637536922, 1056964912)
INFO:engine.post.parallel_aff_agglomerate:did not merge (637536791, 637536828)
INFO:engine.post.parallel_aff_agglomerate:did not merge (637536791, 637537005)
INFO:engine.post.parallel_aff_agglomerate:did not merge (637536791, 1056964940)
INFO:engine.post.parallel_aff_agglomerate:did not merge (637536791, 1056964965)
INFO:engine.post.parallel_aff_agglomerate:did not merge (637536791, 1056965072)
INFO:engine.post.parallel_aff_agglomerate:did not merge (637536812, 637536828)
INFO:engine.post.parallel_aff_agglomerate:did not merge (402653254, 402653508)
INFO:engine.post.parallel_aff_agglomerate:did not merge (402653430, 402653508)
INFO:engine.post.parallel_aff_agglomerate:did not merge (402653921, 402654190)
INFO:engine.post.parallel_aff_agglomerate:did not merge (402653767, 402653814)
INFO:engine.post.parallel_aff_agglomerate:did not merge (402653767, 402654149)
INFO:engine.post.parallel_aff_agglomerate:did not merge (402653767, 402654294)
INFO:engine.post.parallel_aff_agglomerate:did not merge (402653767, 402654492)
INFO:engine.post.parallel_aff_agglomerate:did not merge (402653767, 402654588)
INFO:engine.post.parallel_aff_agglomerate:did not merge (402653767, 402654822)
INFO:engine.post.parallel_aff_agglomerate:did not merge (402653767, 402654888)
INFO:engine.post.parallel_aff_agglomerate:did not merge (402654578, 402654601)
INFO:engine.post.parallel_aff_agglomerate:did not merge (402653268, 402655594)
INFO:engine.post.parallel_aff_agglomerate:did not merge (402653268, 402655701)
INFO:engine.post.parallel_aff_agglomerate:did not merge (402653268, 402655815)
INFO:engine.post.parallel_aff_agglomerate:did not merge (402653268, 402656014)
INFO:engine.post.parallel_aff_agglomerate:did not merge (402653268, 721420653)
INFO:engine.post.parallel_aff_agglomerate:did not merge (402655190, 402655289)
INFO:engine.post.parallel_aff_agglomerate:did not merge (654313603, 654313646)
INFO:engine.post.parallel_aff_agglomerate:did not merge (654313603, 654313658)
INFO:engine.post.parallel_aff_agglomerate:did not merge (654313612, 654313646)
INFO:engine.post.parallel_aff_agglomerate:did not merge (654313612, 654313658)
INFO:engine.post.parallel_aff_agglomerate:did not merge (654313612, 654313782)
INFO:engine.post.parallel_aff_agglomerate:did not merge (402655646, 402655666)
INFO:engine.post.parallel_aff_agglomerate:merged 15532 edges
INFO:engine.post.parallel_aff_agglomerate:Agglomerating in block [2544:4592, 4592:6640, 14832:16880] (2048, 2048, 2048) with context of [2416:4720, 4464:6768, 14704:17008] (2304, 2304, 2304)
INFO:engine.post.parallel_aff_agglomerate:did not merge (3791653444, 3791654495)
INFO:engine.post.parallel_aff_agglomerate:did not merge (3791653444, 4982833859)
INFO:engine.post.parallel_aff_agglomerate:did not merge (3791654203, 3791654225)
INFO:engine.post.parallel_aff_agglomerate:did not merge (2030046525, 2030046760)
INFO:engine.post.parallel_aff_agglomerate:did not merge (2030046525, 2818575383)
INFO:engine.post.parallel_aff_agglomerate:did not merge (2030046740, 2030047296)
INFO:engine.post.parallel_aff_agglomerate:did not merge (2030046740, 2818575744)
INFO:engine.post.parallel_aff_agglomerate:did not merge (4898949496, 4898949507)
INFO:engine.post.parallel_aff_agglomerate:did not merge (4898949496, 4898949551)
INFO:engine.post.parallel_aff_agglomerate:did not merge (4898949496, 4898949590)
INFO:engine.post.parallel_aff_agglomerate:did not merge (2030046653, 2818575450)
INFO:engine.post.parallel_aff_agglomerate:did not merge (2030046705, 2818575569)
INFO:engine.post.parallel_aff_agglomerate:did not merge (3741322748, 3741322768)
INFO:engine.post.parallel_aff_agglomerate:did not merge (3741322807, 4915724790)
INFO:engine.post.parallel_aff_agglomerate:did not merge (4898949600, 4898949602)
INFO:engine.post.parallel_aff_agglomerate:did not merge (3791654298, 3791654478)
INFO:engine.post.parallel_aff_agglomerate:did not merge (3791654298, 3791654555)
INFO:engine.post.parallel_aff_agglomerate:did not merge (3791654298, 3791654588)
INFO:engine.post.parallel_aff_agglomerate:did not merge (2030046843, 2030046860)
INFO:engine.post.parallel_aff_agglomerate:did not merge (2030046843, 2030047296)
INFO:engine.post.parallel_aff_agglomerate:did not merge (3791654318, 3791654319)
INFO:engine.post.parallel_aff_agglomerate:did not merge (3791654318, 3791654334)
INFO:engine.post.parallel_aff_agglomerate:did not merge (3791654318, 3791654588)
INFO:engine.post.parallel_aff_agglomerate:did not merge (3791654318, 4898949486)
INFO:engine.post.parallel_aff_agglomerate:did not merge (3791654318, 4898949590)
INFO:engine.post.parallel_aff_agglomerate:did not merge (3791654318, 4982833698)
INFO:engine.post.parallel_aff_agglomerate:did not merge (2835349761, 2835349942)
INFO:engine.post.parallel_aff_agglomerate:did not merge (2835349761, 2835349972)
INFO:engine.post.parallel_aff_agglomerate:did not merge (2835349725, 2835349942)
INFO:engine.post.parallel_aff_agglomerate:did not merge (2835349725, 2835349972)
INFO:engine.post.parallel_aff_agglomerate:did not merge (3758097052, 3758097077)
INFO:engine.post.parallel_aff_agglomerate:did not merge (3758097052, 3758097128)
INFO:engine.post.parallel_aff_agglomerate:did not merge (3758097052, 3758097178)
INFO:engine.post.parallel_aff_agglomerate:did not merge (3758097052, 4915724828)
INFO:engine.post.parallel_aff_agglomerate:did not merge (3758097052, 4915724939)
INFO:engine.post.parallel_aff_agglomerate:did not merge (2835349660, 2835349968)
INFO:engine.post.parallel_aff_agglomerate:did not merge (2835349660, 2835349970)
INFO:engine.post.parallel_aff_agglomerate:did not merge (2835349660, 2835350022)
INFO:engine.post.parallel_aff_agglomerate:did not merge (2080375459, 2080375519)
INFO:engine.post.parallel_aff_agglomerate:did not merge (2835350536, 2835350681)
INFO:engine.post.parallel_aff_agglomerate:did not merge (2835350536, 2835350706)
INFO:engine.post.parallel_aff_agglomerate:did not merge (3758097472, 3758097696)
INFO:engine.post.parallel_aff_agglomerate:did not merge (3758097472, 3758097697)
INFO:engine.post.parallel_aff_agglomerate:did not merge (2835350683, 2835350706)
INFO:engine.post.parallel_aff_agglomerate:did not merge (2835350708, 2835350911)
INFO:engine.post.parallel_aff_agglomerate:did not merge (2080375882, 2080376001)
INFO:engine.post.parallel_aff_agglomerate:did not merge (2080375882, 2080376082)
INFO:engine.post.parallel_aff_agglomerate:did not merge (2080375882, 2885682092)
INFO:engine.post.parallel_aff_agglomerate:did not merge (2835350954, 2835351177)
INFO:engine.post.parallel_aff_agglomerate:did not merge (2835351002, 2835351081)
INFO:engine.post.parallel_aff_agglomerate:did not merge (3758098109, 3758098254)
INFO:engine.post.parallel_aff_agglomerate:did not merge (3758098166, 3758098254)
INFO:engine.post.parallel_aff_agglomerate:did not merge (2835351124, 2835351159)
INFO:engine.post.parallel_aff_agglomerate:did not merge (2835351233, 2835351272)
INFO:engine.post.parallel_aff_agglomerate:did not merge (2835351580, 2835351720)
INFO:engine.post.parallel_aff_agglomerate:did not merge (2835351596, 2835351720)
INFO:engine.post.parallel_aff_agglomerate:did not merge (2080376629, 2885682715)
INFO:engine.post.parallel_aff_agglomerate:did not merge (2835351845, 2835351947)
INFO:engine.post.parallel_aff_agglomerate:did not merge (2835351891, 2835351960)
INFO:engine.post.parallel_aff_agglomerate:did not merge (2835351863, 2835351947)
INFO:engine.post.parallel_aff_agglomerate:did not merge (2835351863, 2835352086)
INFO:engine.post.parallel_aff_agglomerate:did not merge (2835352262, 2835352297)
INFO:engine.post.parallel_aff_agglomerate:did not merge (2835352194, 2835352297)
INFO:engine.post.parallel_aff_agglomerate:did not merge (2835352409, 2835352452)
INFO:engine.post.parallel_aff_agglomerate:did not merge (2835352453, 2835352475)
INFO:engine.post.parallel_aff_agglomerate:did not merge (2835352658, 2835352825)
INFO:engine.post.parallel_aff_agglomerate:did not merge (2835352676, 2835352903)
INFO:engine.post.parallel_aff_agglomerate:did not merge (2835352676, 2835353027)
INFO:engine.post.parallel_aff_agglomerate:did not merge (2835352676, 2835353093)
INFO:engine.post.parallel_aff_agglomerate:did not merge (2835352676, 2835353110)
INFO:engine.post.parallel_aff_agglomerate:did not merge (2835352676, 2835353116)
INFO:engine.post.parallel_aff_agglomerate:did not merge (2835352676, 2835353128)
INFO:engine.post.parallel_aff_agglomerate:did not merge (2835352676, 3825205316)
INFO:engine.post.parallel_aff_agglomerate:did not merge (2835352676, 3825205615)
INFO:engine.post.parallel_aff_agglomerate:did not merge (2835352932, 2835353158)
INFO:engine.post.parallel_aff_agglomerate:did not merge (2835352932, 3825205513)
INFO:engine.post.parallel_aff_agglomerate:did not merge (3758100031, 4932501597)
INFO:engine.post.parallel_aff_agglomerate:did not merge (2835353088, 3825205443)
INFO:engine.post.parallel_aff_agglomerate:merged 22649 edges
INFO:engine.post.parallel_aff_agglomerate:Agglomerating in block [2544:4592, 4592:6640, 25072:27120] (2048, 2048, 2048) with context of [2416:4720, 4464:6768, 24944:27248] (2304, 2304, 2304)
INFO:engine.post.parallel_aff_agglomerate:did not merge (9445575818, 11458841779)
INFO:engine.post.parallel_aff_agglomerate:did not merge (9445575458, 9445575517)
INFO:engine.post.parallel_aff_agglomerate:did not merge (9445575458, 9445575590)
INFO:engine.post.parallel_aff_agglomerate:did not merge (9445575458, 9445575631)
INFO:engine.post.parallel_aff_agglomerate:did not merge (11458841484, 11458841486)
INFO:engine.post.parallel_aff_agglomerate:did not merge (11458841484, 11458841627)
INFO:engine.post.parallel_aff_agglomerate:did not merge (11458841484, 11458841779)
INFO:engine.post.parallel_aff_agglomerate:did not merge (11458841484, 11458842208)
INFO:engine.post.parallel_aff_agglomerate:did not merge (11458841484, 13807649377)
INFO:engine.post.parallel_aff_agglomerate:did not merge (9445575985, 11509172416)
INFO:engine.post.parallel_aff_agglomerate:did not merge (9445575985, 11509172596)
INFO:engine.post.parallel_aff_agglomerate:did not merge (11458841849, 13807649018)
INFO:engine.post.parallel_aff_agglomerate:did not merge (9445575751, 9445575767)
INFO:engine.post.parallel_aff_agglomerate:did not merge (11509172817, 11509172819)
INFO:engine.post.parallel_aff_agglomerate:did not merge (11509172817, 11509172829)
INFO:engine.post.parallel_aff_agglomerate:did not merge (11509172817, 13874757911)
INFO:engine.post.parallel_aff_agglomerate:did not merge (11458841951, 11458841963)
INFO:engine.post.parallel_aff_agglomerate:did not merge (11458841951, 11458841976)
INFO:engine.post.parallel_aff_agglomerate:did not merge (11458841951, 11458842213)
INFO:engine.post.parallel_aff_agglomerate:did not merge (11458841951, 13807649120)
INFO:engine.post.parallel_aff_agglomerate:did not merge (11458841924, 11458842084)
INFO:engine.post.parallel_aff_agglomerate:did not merge (11458841924, 11458842133)
INFO:engine.post.parallel_aff_agglomerate:did not merge (11458841924, 11458842163)
INFO:engine.post.parallel_aff_agglomerate:did not merge (11458841924, 11458842218)
INFO:engine.post.parallel_aff_agglomerate:did not merge (9445575614, 9445575664)
INFO:engine.post.parallel_aff_agglomerate:did not merge (9445575614, 9445575665)
INFO:engine.post.parallel_aff_agglomerate:did not merge (9445575614, 9445575682)
INFO:engine.post.parallel_aff_agglomerate:did not merge (9445575614, 9445575683)
INFO:engine.post.parallel_aff_agglomerate:did not merge (9445575614, 11509172434)
INFO:engine.post.parallel_aff_agglomerate:did not merge (11509172726, 11509172761)
INFO:engine.post.parallel_aff_agglomerate:did not merge (11509172726, 11509172799)
INFO:engine.post.parallel_aff_agglomerate:did not merge (11509172726, 11509172811)
INFO:engine.post.parallel_aff_agglomerate:did not merge (11509172726, 11509172900)
INFO:engine.post.parallel_aff_agglomerate:did not merge (11509172773, 11509172900)
INFO:engine.post.parallel_aff_agglomerate:did not merge (9495905969, 9495906003)
INFO:engine.post.parallel_aff_agglomerate:did not merge (11458842088, 11458842163)
INFO:engine.post.parallel_aff_agglomerate:did not merge (11458842088, 11458842218)
INFO:engine.post.parallel_aff_agglomerate:did not merge (7683967635, 7683967867)
INFO:engine.post.parallel_aff_agglomerate:did not merge (7650413589, 7650413595)
INFO:engine.post.parallel_aff_agglomerate:did not merge (11458842112, 11458842163)
INFO:engine.post.parallel_aff_agglomerate:did not merge (11458842112, 11458842218)
INFO:engine.post.parallel_aff_agglomerate:did not merge (9462349938, 9462350173)
INFO:engine.post.parallel_aff_agglomerate:did not merge (9462349938, 9462350266)
INFO:engine.post.parallel_aff_agglomerate:did not merge (9462349938, 9462350267)
INFO:engine.post.parallel_aff_agglomerate:did not merge (9462349938, 9462350277)
INFO:engine.post.parallel_aff_agglomerate:did not merge (9462349938, 9462350278)
INFO:engine.post.parallel_aff_agglomerate:did not merge (9462349938, 9462350289)
INFO:engine.post.parallel_aff_agglomerate:did not merge (9462349938, 9462350298)
INFO:engine.post.parallel_aff_agglomerate:did not merge (9462349938, 9462350299)
INFO:engine.post.parallel_aff_agglomerate:did not merge (9462349938, 9462350315)
INFO:engine.post.parallel_aff_agglomerate:did not merge (9462349938, 9462350325)
INFO:engine.post.parallel_aff_agglomerate:did not merge (9462350249, 9462350267)
INFO:engine.post.parallel_aff_agglomerate:did not merge (9462350249, 9462350278)
INFO:engine.post.parallel_aff_agglomerate:did not merge (9462350249, 9462350289)
INFO:engine.post.parallel_aff_agglomerate:did not merge (9462350249, 9462350299)
INFO:engine.post.parallel_aff_agglomerate:did not merge (9462350317, 9462350324)
INFO:engine.post.parallel_aff_agglomerate:did not merge (11475615833, 11475616044)
INFO:engine.post.parallel_aff_agglomerate:did not merge (11475615833, 11475616065)
INFO:engine.post.parallel_aff_agglomerate:did not merge (11475615833, 11475616080)
INFO:engine.post.parallel_aff_agglomerate:did not merge (11475615833, 11475616161)
INFO:engine.post.parallel_aff_agglomerate:did not merge (11475615833, 11475616163)
INFO:engine.post.parallel_aff_agglomerate:did not merge (11475615833, 11475616232)
INFO:engine.post.parallel_aff_agglomerate:did not merge (11475615833, 11475616407)
INFO:engine.post.parallel_aff_agglomerate:did not merge (11475615833, 13807649377)
INFO:engine.post.parallel_aff_agglomerate:did not merge (9462350440, 9462350476)
INFO:engine.post.parallel_aff_agglomerate:did not merge (9462350440, 9462350485)
INFO:engine.post.parallel_aff_agglomerate:did not merge (9462350440, 9462350493)
INFO:engine.post.parallel_aff_agglomerate:did not merge (9462350440, 9462350502)
INFO:engine.post.parallel_aff_agglomerate:did not merge (9462350440, 9462350511)
INFO:engine.post.parallel_aff_agglomerate:did not merge (9462349944, 9462350384)
INFO:engine.post.parallel_aff_agglomerate:did not merge (9462349944, 9462350485)
INFO:engine.post.parallel_aff_agglomerate:did not merge (9462349944, 9462350502)
INFO:engine.post.parallel_aff_agglomerate:did not merge (9462349944, 9462350511)
INFO:engine.post.parallel_aff_agglomerate:did not merge (9462349944, 9462350512)
INFO:engine.post.parallel_aff_agglomerate:did not merge (9462349944, 11475616232)
INFO:engine.post.parallel_aff_agglomerate:did not merge (9462350515, 9462350548)
INFO:engine.post.parallel_aff_agglomerate:did not merge (9462350515, 9462350602)
INFO:engine.post.parallel_aff_agglomerate:did not merge (9462350572, 9462350622)
INFO:engine.post.parallel_aff_agglomerate:did not merge (11475616182, 11475616232)
INFO:engine.post.parallel_aff_agglomerate:did not merge (11475616182, 11475616407)
INFO:engine.post.parallel_aff_agglomerate:did not merge (11475616182, 11475616413)
INFO:engine.post.parallel_aff_agglomerate:did not merge (11475616182, 11475616734)
INFO:engine.post.parallel_aff_agglomerate:did not merge (11475616182, 11475616807)
INFO:engine.post.parallel_aff_agglomerate:did not merge (11475616182, 11475616819)
INFO:engine.post.parallel_aff_agglomerate:did not merge (7700744045, 7700744054)
INFO:engine.post.parallel_aff_agglomerate:did not merge (7700744045, 7700744055)
INFO:engine.post.parallel_aff_agglomerate:did not merge (7700744045, 7700744086)
INFO:engine.post.parallel_aff_agglomerate:did not merge (7700744045, 7700744094)
INFO:engine.post.parallel_aff_agglomerate:did not merge (9462351307, 9462351597)
INFO:engine.post.parallel_aff_agglomerate:did not merge (9462351244, 9462351597)
INFO:engine.post.parallel_aff_agglomerate:did not merge (11475617625, 11475617710)
INFO:engine.post.parallel_aff_agglomerate:did not merge (11475617910, 11475617947)
INFO:engine.post.parallel_aff_agglomerate:did not merge (11475617910, 11475617983)
INFO:engine.post.parallel_aff_agglomerate:did not merge (11475618149, 11475618268)
INFO:engine.post.parallel_aff_agglomerate:did not merge (11475618199, 11475618268)
INFO:engine.post.parallel_aff_agglomerate:did not merge (11475618219, 11475618268)
INFO:engine.post.parallel_aff_agglomerate:merged 13337 edges
INFO:engine.post.parallel_aff_agglomerate:Agglomerating in block [2544:4592, 6640:8688, 6640:8688] (2048, 2048, 2048) with context of [2416:4720, 6512:8816, 6512:8816] (2304, 2304, 2304)
INFO:engine.post.parallel_aff_agglomerate:did not merge (1577059290, 1577059334)
INFO:engine.post.parallel_aff_agglomerate:did not merge (1577059290, 1577059351)
INFO:engine.post.parallel_aff_agglomerate:did not merge (1577059290, 1577059396)
INFO:engine.post.parallel_aff_agglomerate:did not merge (1577059290, 2281701563)
INFO:engine.post.parallel_aff_agglomerate:did not merge (1577059298, 1577059300)
INFO:engine.post.parallel_aff_agglomerate:did not merge (1577059298, 1577059342)
INFO:engine.post.parallel_aff_agglomerate:did not merge (1509952208, 1509952272)
INFO:engine.post.parallel_aff_agglomerate:did not merge (1509952208, 1509952368)
INFO:engine.post.parallel_aff_agglomerate:did not merge (687868403, 687868426)
INFO:engine.post.parallel_aff_agglomerate:did not merge (687868403, 687868455)
INFO:engine.post.parallel_aff_agglomerate:did not merge (687868403, 687868532)
INFO:engine.post.parallel_aff_agglomerate:did not merge (687868403, 687868545)
INFO:engine.post.parallel_aff_agglomerate:did not merge (687868403, 687868555)
INFO:engine.post.parallel_aff_agglomerate:did not merge (687868403, 687868674)
INFO:engine.post.parallel_aff_agglomerate:did not merge (687868403, 687868687)
INFO:engine.post.parallel_aff_agglomerate:did not merge (687868403, 687868854)
INFO:engine.post.parallel_aff_agglomerate:did not merge (1040190316, 1577059213)
INFO:engine.post.parallel_aff_agglomerate:did not merge (1040190316, 1577059239)
INFO:engine.post.parallel_aff_agglomerate:did not merge (1577059305, 1577059308)
INFO:engine.post.parallel_aff_agglomerate:did not merge (989857828, 989857906)
INFO:engine.post.parallel_aff_agglomerate:did not merge (1056965149, 1056965231)
INFO:engine.post.parallel_aff_agglomerate:did not merge (1056964688, 1526726732)
INFO:engine.post.parallel_aff_agglomerate:did not merge (704643736, 704643798)
INFO:engine.post.parallel_aff_agglomerate:did not merge (704643736, 704643819)
INFO:engine.post.parallel_aff_agglomerate:did not merge (704643736, 704643873)
INFO:engine.post.parallel_aff_agglomerate:did not merge (704643736, 704643891)
INFO:engine.post.parallel_aff_agglomerate:did not merge (704643736, 704643902)
INFO:engine.post.parallel_aff_agglomerate:did not merge (704643736, 704643903)
INFO:engine.post.parallel_aff_agglomerate:did not merge (704643736, 704643915)
INFO:engine.post.parallel_aff_agglomerate:did not merge (704643736, 704643984)
INFO:engine.post.parallel_aff_agglomerate:did not merge (704643736, 704644019)
INFO:engine.post.parallel_aff_agglomerate:did not merge (704643736, 704644081)
INFO:engine.post.parallel_aff_agglomerate:did not merge (704643947, 704644019)
INFO:engine.post.parallel_aff_agglomerate:did not merge (704643947, 704644034)
INFO:engine.post.parallel_aff_agglomerate:did not merge (1526727627, 1526727856)
INFO:engine.post.parallel_aff_agglomerate:did not merge (1526727627, 1526727887)
INFO:engine.post.parallel_aff_agglomerate:did not merge (1056965992, 1056965998)
INFO:engine.post.parallel_aff_agglomerate:did not merge (704644428, 704644505)
INFO:engine.post.parallel_aff_agglomerate:did not merge (704644428, 704644638)
INFO:engine.post.parallel_aff_agglomerate:did not merge (704644529, 704644561)
INFO:engine.post.parallel_aff_agglomerate:did not merge (704644529, 704644562)
INFO:engine.post.parallel_aff_agglomerate:did not merge (704644529, 704644563)
INFO:engine.post.parallel_aff_agglomerate:did not merge (704644529, 704644666)
INFO:engine.post.parallel_aff_agglomerate:did not merge (1056966273, 1056966405)
INFO:engine.post.parallel_aff_agglomerate:did not merge (1056966533, 1056966606)
INFO:engine.post.parallel_aff_agglomerate:did not merge (1056966564, 1056966606)
INFO:engine.post.parallel_aff_agglomerate:did not merge (704644744, 704644758)
INFO:engine.post.parallel_aff_agglomerate:did not merge (704644744, 1056966514)
INFO:engine.post.parallel_aff_agglomerate:did not merge (704644744, 1056966606)
INFO:engine.post.parallel_aff_agglomerate:did not merge (1056966847, 1056966969)
INFO:engine.post.parallel_aff_agglomerate:did not merge (1056966847, 1056966975)
INFO:engine.post.parallel_aff_agglomerate:did not merge (1056967197, 1056967213)
INFO:engine.post.parallel_aff_agglomerate:did not merge (704645294, 704645369)
INFO:engine.post.parallel_aff_agglomerate:did not merge (704645294, 704645432)
INFO:engine.post.parallel_aff_agglomerate:did not merge (704645294, 704645732)
INFO:engine.post.parallel_aff_agglomerate:did not merge (704645294, 1140850897)
INFO:engine.post.parallel_aff_agglomerate:merged 23715 edges
INFO:engine.post.parallel_aff_agglomerate:Agglomerating in block [2544:4592, 6640:8688, 16880:18928] (2048, 2048, 2048) with context of [2416:4720, 6512:8816, 16752:19056] (2304, 2304, 2304)
INFO:engine.post.parallel_aff_agglomerate:did not merge (3791654100, 4898949439)
INFO:engine.post.parallel_aff_agglomerate:did not merge (3741322628, 3741322653)
INFO:engine.post.parallel_aff_agglomerate:did not merge (3741322628, 3741322654)
INFO:engine.post.parallel_aff_agglomerate:did not merge (3741322628, 3741322655)
INFO:engine.post.parallel_aff_agglomerate:did not merge (4898949493, 4898949541)
INFO:engine.post.parallel_aff_agglomerate:did not merge (3791654007, 3791654009)
INFO:engine.post.parallel_aff_agglomerate:did not merge (3741322782, 4898949327)
INFO:engine.post.parallel_aff_agglomerate:did not merge (6207571245, 6207571363)
INFO:engine.post.parallel_aff_agglomerate:did not merge (6207571245, 6207571364)
INFO:engine.post.parallel_aff_agglomerate:did not merge (6207571245, 6207571365)
INFO:engine.post.parallel_aff_agglomerate:did not merge (3791654110, 3791654226)
INFO:engine.post.parallel_aff_agglomerate:did not merge (3791654142, 3791654162)
INFO:engine.post.parallel_aff_agglomerate:did not merge (3741322748, 3741322923)
INFO:engine.post.parallel_aff_agglomerate:did not merge (3741322748, 3741322945)
INFO:engine.post.parallel_aff_agglomerate:did not merge (3741322748, 4915724802)
INFO:engine.post.parallel_aff_agglomerate:did not merge (3791654277, 3791654335)
INFO:engine.post.parallel_aff_agglomerate:did not merge (3791654277, 3791654354)
INFO:engine.post.parallel_aff_agglomerate:did not merge (3791654277, 4982833718)
INFO:engine.post.parallel_aff_agglomerate:did not merge (6274679463, 6274679473)
INFO:engine.post.parallel_aff_agglomerate:did not merge (6224347213, 6224347251)
INFO:engine.post.parallel_aff_agglomerate:did not merge (6224347213, 6224347377)
INFO:engine.post.parallel_aff_agglomerate:did not merge (6224347213, 6224347422)
INFO:engine.post.parallel_aff_agglomerate:did not merge (6224347213, 6224347449)
INFO:engine.post.parallel_aff_agglomerate:did not merge (6224347213, 6224347452)
INFO:engine.post.parallel_aff_agglomerate:did not merge (6224347213, 6224347460)
INFO:engine.post.parallel_aff_agglomerate:did not merge (6224347213, 6224347472)
INFO:engine.post.parallel_aff_agglomerate:did not merge (6224347213, 7818182658)
INFO:engine.post.parallel_aff_agglomerate:did not merge (6224347213, 7818182659)
INFO:engine.post.parallel_aff_agglomerate:did not merge (6224347213, 7818182930)
INFO:engine.post.parallel_aff_agglomerate:did not merge (4915724878, 4915724934)
INFO:engine.post.parallel_aff_agglomerate:did not merge (4915724878, 4915725156)
INFO:engine.post.parallel_aff_agglomerate:did not merge (4915724589, 4915725078)
INFO:engine.post.parallel_aff_agglomerate:did not merge (3808428600, 3808428708)
INFO:engine.post.parallel_aff_agglomerate:did not merge (3808428600, 4982834184)
INFO:engine.post.parallel_aff_agglomerate:did not merge (4915725022, 4915725077)
INFO:engine.post.parallel_aff_agglomerate:did not merge (4915725022, 4915725156)
INFO:engine.post.parallel_aff_agglomerate:did not merge (4915725022, 4915725225)
INFO:engine.post.parallel_aff_agglomerate:did not merge (4915724984, 4915725156)
INFO:engine.post.parallel_aff_agglomerate:did not merge (4915724464, 4915725232)
INFO:engine.post.parallel_aff_agglomerate:did not merge (4915724464, 4915725294)
INFO:engine.post.parallel_aff_agglomerate:did not merge (4915724464, 4915725303)
INFO:engine.post.parallel_aff_agglomerate:did not merge (4915724464, 4915725318)
INFO:engine.post.parallel_aff_agglomerate:did not merge (4915724464, 4915725327)
INFO:engine.post.parallel_aff_agglomerate:did not merge (4915724464, 4915725334)
INFO:engine.post.parallel_aff_agglomerate:did not merge (4915724464, 4915725343)
INFO:engine.post.parallel_aff_agglomerate:did not merge (4915725198, 4915725225)
INFO:engine.post.parallel_aff_agglomerate:did not merge (3808428829, 3808428845)
INFO:engine.post.parallel_aff_agglomerate:did not merge (3808428829, 4915725077)
INFO:engine.post.parallel_aff_agglomerate:did not merge (3808428829, 4915725225)
INFO:engine.post.parallel_aff_agglomerate:did not merge (3808428982, 4982834772)
INFO:engine.post.parallel_aff_agglomerate:did not merge (3808429000, 3808429089)
INFO:engine.post.parallel_aff_agglomerate:did not merge (3808429000, 3808429223)
INFO:engine.post.parallel_aff_agglomerate:did not merge (3808429000, 3808429558)
INFO:engine.post.parallel_aff_agglomerate:did not merge (3808429920, 3808430052)
INFO:engine.post.parallel_aff_agglomerate:did not merge (3808429920, 3808430188)
INFO:engine.post.parallel_aff_agglomerate:did not merge (3808429920, 3808430360)
INFO:engine.post.parallel_aff_agglomerate:did not merge (3808429920, 4915725580)
INFO:engine.post.parallel_aff_agglomerate:did not merge (3808429920, 4982834772)
INFO:engine.post.parallel_aff_agglomerate:did not merge (3808429920, 4982835323)
INFO:engine.post.parallel_aff_agglomerate:did not merge (4915725894, 4915725940)
INFO:engine.post.parallel_aff_agglomerate:did not merge (4915725894, 4915725962)
INFO:engine.post.parallel_aff_agglomerate:did not merge (4915725894, 4915725966)
INFO:engine.post.parallel_aff_agglomerate:did not merge (4915725869, 4915725959)
INFO:engine.post.parallel_aff_agglomerate:did not merge (4915725869, 4915726027)
INFO:engine.post.parallel_aff_agglomerate:did not merge (4915725869, 4915726114)
INFO:engine.post.parallel_aff_agglomerate:did not merge (4915726157, 4915726180)
INFO:engine.post.parallel_aff_agglomerate:did not merge (4915726157, 4915726208)
INFO:engine.post.parallel_aff_agglomerate:did not merge (4915726240, 4915726249)
INFO:engine.post.parallel_aff_agglomerate:did not merge (4915726240, 4915726325)
INFO:engine.post.parallel_aff_agglomerate:did not merge (4915726219, 4915726247)
INFO:engine.post.parallel_aff_agglomerate:did not merge (4915726219, 4915726266)
INFO:engine.post.parallel_aff_agglomerate:did not merge (4915726219, 4915726739)
INFO:engine.post.parallel_aff_agglomerate:did not merge (4915726433, 4915726571)
INFO:engine.post.parallel_aff_agglomerate:did not merge (4915726278, 4915726366)
INFO:engine.post.parallel_aff_agglomerate:did not merge (4915726278, 4915726416)
INFO:engine.post.parallel_aff_agglomerate:did not merge (4915726278, 4915726507)
INFO:engine.post.parallel_aff_agglomerate:did not merge (4915726500, 4915726571)
INFO:engine.post.parallel_aff_agglomerate:did not merge (4915726500, 4915726604)
INFO:engine.post.parallel_aff_agglomerate:did not merge (3808431072, 3808431144)
INFO:engine.post.parallel_aff_agglomerate:did not merge (3808431099, 3808431144)
INFO:engine.post.parallel_aff_agglomerate:did not merge (3808431147, 4982836125)
INFO:engine.post.parallel_aff_agglomerate:did not merge (4915726590, 4915726604)
INFO:engine.post.parallel_aff_agglomerate:did not merge (4915726636, 4915726739)
INFO:engine.post.parallel_aff_agglomerate:did not merge (4915726690, 4915726739)
INFO:engine.post.parallel_aff_agglomerate:did not merge (3808431321, 3808431348)
INFO:engine.post.parallel_aff_agglomerate:did not merge (3808431321, 3808431370)
INFO:engine.post.parallel_aff_agglomerate:merged 12284 edges
INFO:engine.post.parallel_aff_agglomerate:Agglomerating in block [2544:4592, 6640:8688, 25072:27120] (2048, 2048, 2048) with context of [2416:4720, 6512:8816, 24944:27248] (2304, 2304, 2304)
INFO:engine.post.parallel_aff_agglomerate:did not merge (9495905914, 9495906004)
INFO:engine.post.parallel_aff_agglomerate:did not merge (9495905914, 9495906105)
INFO:engine.post.parallel_aff_agglomerate:did not merge (11509172720, 13790875144)
INFO:engine.post.parallel_aff_agglomerate:did not merge (13790874971, 13790874985)
INFO:engine.post.parallel_aff_agglomerate:did not merge (13790874971, 13790875289)
INFO:engine.post.parallel_aff_agglomerate:did not merge (13790874971, 13790875303)
INFO:engine.post.parallel_aff_agglomerate:did not merge (13790874971, 13790875315)
INFO:engine.post.parallel_aff_agglomerate:did not merge (13790874971, 13790875420)
INFO:engine.post.parallel_aff_agglomerate:did not merge (13790875145, 13790875164)
INFO:engine.post.parallel_aff_agglomerate:did not merge (9445575877, 9445575912)
INFO:engine.post.parallel_aff_agglomerate:did not merge (13790875154, 13790875341)
INFO:engine.post.parallel_aff_agglomerate:did not merge (11509172853, 13857981037)
INFO:engine.post.parallel_aff_agglomerate:did not merge (9445575614, 9445575664)
INFO:engine.post.parallel_aff_agglomerate:did not merge (9445575614, 9445575665)
INFO:engine.post.parallel_aff_agglomerate:did not merge (9445575614, 9445575682)
INFO:engine.post.parallel_aff_agglomerate:did not merge (9445575614, 9445575683)
INFO:engine.post.parallel_aff_agglomerate:did not merge (9445575614, 9445575941)
INFO:engine.post.parallel_aff_agglomerate:did not merge (9445575614, 11509172434)
INFO:engine.post.parallel_aff_agglomerate:did not merge (9445575614, 11525947690)
INFO:engine.post.parallel_aff_agglomerate:did not merge (13857981106, 16525557846)
INFO:engine.post.parallel_aff_agglomerate:did not merge (13857981105, 16525557854)
INFO:engine.post.parallel_aff_agglomerate:did not merge (9495906072, 9495906105)
INFO:engine.post.parallel_aff_agglomerate:did not merge (9495906073, 9495906105)
INFO:engine.post.parallel_aff_agglomerate:did not merge (11525947530, 11525947744)
INFO:engine.post.parallel_aff_agglomerate:did not merge (11525947530, 11525947745)
INFO:engine.post.parallel_aff_agglomerate:did not merge (11525947530, 11525947778)
INFO:engine.post.parallel_aff_agglomerate:did not merge (11525947530, 11525947781)
INFO:engine.post.parallel_aff_agglomerate:did not merge (9512682041, 9512682270)
INFO:engine.post.parallel_aff_agglomerate:did not merge (9512682041, 9512682277)
INFO:engine.post.parallel_aff_agglomerate:did not merge (9512682041, 9512682278)
INFO:engine.post.parallel_aff_agglomerate:did not merge (9512682041, 9512682291)
INFO:engine.post.parallel_aff_agglomerate:did not merge (9512682041, 9512682547)
INFO:engine.post.parallel_aff_agglomerate:did not merge (9512682041, 9512682590)
INFO:engine.post.parallel_aff_agglomerate:did not merge (9512682041, 9512682609)
INFO:engine.post.parallel_aff_agglomerate:did not merge (9512682041, 11525947635)
INFO:engine.post.parallel_aff_agglomerate:did not merge (9512682041, 11525948561)
INFO:engine.post.parallel_aff_agglomerate:did not merge (9512682041, 11525948572)
INFO:engine.post.parallel_aff_agglomerate:did not merge (11525948308, 13807649954)
INFO:engine.post.parallel_aff_agglomerate:did not merge (13807650275, 13807650296)
INFO:engine.post.parallel_aff_agglomerate:did not merge (11525948482, 11525948561)
INFO:engine.post.parallel_aff_agglomerate:did not merge (11525948482, 11525948572)
INFO:engine.post.parallel_aff_agglomerate:did not merge (13807650345, 13807650725)
INFO:engine.post.parallel_aff_agglomerate:did not merge (13807650345, 13807650736)
INFO:engine.post.parallel_aff_agglomerate:did not merge (13807650345, 16441673339)
INFO:engine.post.parallel_aff_agglomerate:did not merge (9512682573, 9512682590)
INFO:engine.post.parallel_aff_agglomerate:did not merge (13807650277, 13807650540)
INFO:engine.post.parallel_aff_agglomerate:did not merge (9512683213, 11593057407)
INFO:engine.post.parallel_aff_agglomerate:did not merge (11525949065, 11525949233)
INFO:engine.post.parallel_aff_agglomerate:did not merge (11525949065, 11525949241)
INFO:engine.post.parallel_aff_agglomerate:did not merge (11525949273, 11525949648)
INFO:engine.post.parallel_aff_agglomerate:did not merge (11525949273, 11525949652)
INFO:engine.post.parallel_aff_agglomerate:did not merge (13807652000, 13807652628)
INFO:engine.post.parallel_aff_agglomerate:did not merge (11525949245, 11525949652)
INFO:engine.post.parallel_aff_agglomerate:merged 12251 edges
INFO:engine.post.parallel_aff_agglomerate:Agglomerating in block [2544:4592, 8688:9104, 18928:20976] (2048, 416, 2048) with context of [2416:4720, 8560:9232, 18800:21104] (2304, 672, 2304)
INFO:engine.post.parallel_aff_agglomerate:did not merge (6207571527, 7818182741)
INFO:engine.post.parallel_aff_agglomerate:did not merge (9579790999, 9579791027)
INFO:engine.post.parallel_aff_agglomerate:did not merge (9579790999, 9579791085)
INFO:engine.post.parallel_aff_agglomerate:did not merge (9579790999, 9579791168)
INFO:engine.post.parallel_aff_agglomerate:did not merge (9579790999, 9579791194)
INFO:engine.post.parallel_aff_agglomerate:did not merge (7818183617, 7818183718)
INFO:engine.post.parallel_aff_agglomerate:did not merge (7818183617, 7818183845)
INFO:engine.post.parallel_aff_agglomerate:did not merge (7818183617, 7818183881)
INFO:engine.post.parallel_aff_agglomerate:did not merge (9579791684, 9579791701)
INFO:engine.post.parallel_aff_agglomerate:did not merge (9579791684, 9579791866)
INFO:engine.post.parallel_aff_agglomerate:did not merge (9579791684, 9579791897)
INFO:engine.post.parallel_aff_agglomerate:did not merge (9579791684, 9579791949)
INFO:engine.post.parallel_aff_agglomerate:did not merge (9579791684, 9579792124)
INFO:engine.post.parallel_aff_agglomerate:did not merge (9579791684, 11676942583)
INFO:engine.post.parallel_aff_agglomerate:did not merge (9579792118, 9579792879)
INFO:engine.post.parallel_aff_agglomerate:did not merge (9579792118, 9579792919)
INFO:engine.post.parallel_aff_agglomerate:did not merge (7818184374, 7818184702)
INFO:engine.post.parallel_aff_agglomerate:did not merge (7818184374, 9680453977)
INFO:engine.post.parallel_aff_agglomerate:did not merge (7818184633, 7818184702)
INFO:engine.post.parallel_aff_agglomerate:did not merge (7818184789, 7818184996)
INFO:engine.post.parallel_aff_agglomerate:did not merge (7818184789, 9680454010)
INFO:engine.post.parallel_aff_agglomerate:did not merge (9579793297, 9579793419)
INFO:engine.post.parallel_aff_agglomerate:did not merge (9579793297, 9579793514)
INFO:engine.post.parallel_aff_agglomerate:did not merge (9579793297, 9579793525)
INFO:engine.post.parallel_aff_agglomerate:did not merge (7818184601, 7818184732)
INFO:engine.post.parallel_aff_agglomerate:did not merge (6291458014, 6291458183)
INFO:engine.post.parallel_aff_agglomerate:did not merge (7818184694, 7818185007)
INFO:engine.post.parallel_aff_agglomerate:merged 2974 edges
INFO:engine.post.parallel_aff_agglomerate:Agglomerating in block [2544:4592, 8688:9104, 27120:29168] (2048, 416, 2048) with context of [2416:4720, 8560:9232, 26992:29296] (2304, 672, 2304)
INFO:engine.post.parallel_aff_agglomerate:did not merge (16357786208, 16357786220)
INFO:engine.post.parallel_aff_agglomerate:did not merge (16424895433, 16424895443)
INFO:engine.post.parallel_aff_agglomerate:did not merge (16424895433, 16424895452)
INFO:engine.post.parallel_aff_agglomerate:did not merge (16424895433, 16424895460)
INFO:engine.post.parallel_aff_agglomerate:did not merge (19293798648, 19293798653)
INFO:engine.post.parallel_aff_agglomerate:did not merge (19293798648, 19293798654)
INFO:engine.post.parallel_aff_agglomerate:did not merge (13874757751, 13874757961)
INFO:engine.post.parallel_aff_agglomerate:did not merge (13874757751, 13874758016)
INFO:engine.post.parallel_aff_agglomerate:did not merge (13874757751, 13874758110)
INFO:engine.post.parallel_aff_agglomerate:did not merge (13874757751, 13874758157)
INFO:engine.post.parallel_aff_agglomerate:did not merge (13874757782, 13874758016)
INFO:engine.post.parallel_aff_agglomerate:did not merge (13874757782, 13874758109)
INFO:engine.post.parallel_aff_agglomerate:did not merge (13874757782, 13874758110)
INFO:engine.post.parallel_aff_agglomerate:did not merge (13874757782, 13874758157)
INFO:engine.post.parallel_aff_agglomerate:did not merge (13874757782, 13874758197)
INFO:engine.post.parallel_aff_agglomerate:did not merge (13874757782, 13874758235)
INFO:engine.post.parallel_aff_agglomerate:did not merge (13874757782, 13874758423)
INFO:engine.post.parallel_aff_agglomerate:did not merge (13874757782, 13874758568)
INFO:engine.post.parallel_aff_agglomerate:did not merge (13874757782, 13874758693)
INFO:engine.post.parallel_aff_agglomerate:did not merge (13874757782, 16441672352)
INFO:engine.post.parallel_aff_agglomerate:did not merge (13874757782, 16441672441)
INFO:engine.post.parallel_aff_agglomerate:did not merge (13874757782, 16441672479)
INFO:engine.post.parallel_aff_agglomerate:did not merge (16441672674, 16441672901)
INFO:engine.post.parallel_aff_agglomerate:did not merge (16441672876, 16441672981)
INFO:engine.post.parallel_aff_agglomerate:did not merge (16441671811, 16441672102)
INFO:engine.post.parallel_aff_agglomerate:did not merge (16441671811, 16441672352)
INFO:engine.post.parallel_aff_agglomerate:did not merge (16441671811, 16441672385)
INFO:engine.post.parallel_aff_agglomerate:did not merge (16441671811, 16441672398)
INFO:engine.post.parallel_aff_agglomerate:did not merge (16441671811, 16441672417)
INFO:engine.post.parallel_aff_agglomerate:did not merge (16441671811, 16441672479)
INFO:engine.post.parallel_aff_agglomerate:did not merge (16441671811, 16441672490)
INFO:engine.post.parallel_aff_agglomerate:did not merge (16441671811, 16441672525)
INFO:engine.post.parallel_aff_agglomerate:did not merge (16441671811, 16441672542)
INFO:engine.post.parallel_aff_agglomerate:did not merge (16441671811, 16441672569)
INFO:engine.post.parallel_aff_agglomerate:did not merge (16441671811, 16441672980)
INFO:engine.post.parallel_aff_agglomerate:did not merge (16441673414, 16441673424)
INFO:engine.post.parallel_aff_agglomerate:did not merge (16441673510, 16441673564)
INFO:engine.post.parallel_aff_agglomerate:did not merge (16441673510, 16441673622)
INFO:engine.post.parallel_aff_agglomerate:did not merge (16441673510, 16441673659)
INFO:engine.post.parallel_aff_agglomerate:did not merge (16441673510, 16441673684)
INFO:engine.post.parallel_aff_agglomerate:did not merge (16441673510, 16441673698)
INFO:engine.post.parallel_aff_agglomerate:did not merge (16441673610, 16441673622)
INFO:engine.post.parallel_aff_agglomerate:did not merge (16441673633, 16441673659)
INFO:engine.post.parallel_aff_agglomerate:did not merge (19310575987, 19310575994)
INFO:engine.post.parallel_aff_agglomerate:did not merge (19310575987, 19310576016)
INFO:engine.post.parallel_aff_agglomerate:did not merge (16441673765, 16441673912)
INFO:engine.post.parallel_aff_agglomerate:did not merge (16441673765, 19310575994)
INFO:engine.post.parallel_aff_agglomerate:did not merge (16441674038, 16441674115)
INFO:engine.post.parallel_aff_agglomerate:did not merge (16441674038, 16441674132)
INFO:engine.post.parallel_aff_agglomerate:did not merge (16441674038, 16441674192)
INFO:engine.post.parallel_aff_agglomerate:did not merge (16441674038, 16441674193)
INFO:engine.post.parallel_aff_agglomerate:did not merge (16441674097, 16441674143)
INFO:engine.post.parallel_aff_agglomerate:did not merge (16441674097, 16441674174)
INFO:engine.post.parallel_aff_agglomerate:did not merge (16441674175, 16441674192)
INFO:engine.post.parallel_aff_agglomerate:did not merge (16441674175, 16441674193)
INFO:engine.post.parallel_aff_agglomerate:did not merge (16441674902, 16441674948)
INFO:engine.post.parallel_aff_agglomerate:did not merge (16441675012, 16441675553)
INFO:engine.post.parallel_aff_agglomerate:did not merge (16441675174, 16441675220)
INFO:engine.post.parallel_aff_agglomerate:did not merge (16441675174, 16441675229)
INFO:engine.post.parallel_aff_agglomerate:did not merge (16441675174, 16441675413)
INFO:engine.post.parallel_aff_agglomerate:did not merge (19310576336, 19310576391)
INFO:engine.post.parallel_aff_agglomerate:did not merge (16441675248, 16441675413)
INFO:engine.post.parallel_aff_agglomerate:did not merge (16441675288, 16441675331)
INFO:engine.post.parallel_aff_agglomerate:did not merge (16441675288, 16441675413)
INFO:engine.post.parallel_aff_agglomerate:did not merge (19310576383, 19310576391)
INFO:engine.post.parallel_aff_agglomerate:did not merge (16441675452, 16441675464)
INFO:engine.post.parallel_aff_agglomerate:did not merge (16441675452, 16441675570)
INFO:engine.post.parallel_aff_agglomerate:merged 6226 edges
INFO:engine.post.parallel_aff_agglomerate:Agglomerating in block [4592:6640, 496:2544, 8688:10736] (2048, 2048, 2048) with context of [4464:6768, 368:2672, 8560:10864] (2304, 2304, 2304)
INFO:engine.post.parallel_aff_agglomerate:did not merge (620759304, 620759308)
INFO:engine.post.parallel_aff_agglomerate:did not merge (620759321, 620759325)
INFO:engine.post.parallel_aff_agglomerate:did not merge (620759321, 620759332)
INFO:engine.post.parallel_aff_agglomerate:did not merge (620759321, 620759334)
INFO:engine.post.parallel_aff_agglomerate:did not merge (620759321, 620759340)
INFO:engine.post.parallel_aff_agglomerate:did not merge (620759321, 973081514)
INFO:engine.post.parallel_aff_agglomerate:did not merge (369101621, 369101736)
INFO:engine.post.parallel_aff_agglomerate:did not merge (369101621, 369101768)
INFO:engine.post.parallel_aff_agglomerate:did not merge (369101621, 369101779)
INFO:engine.post.parallel_aff_agglomerate:did not merge (369101621, 369102027)
INFO:engine.post.parallel_aff_agglomerate:did not merge (973081568, 973081588)
INFO:engine.post.parallel_aff_agglomerate:did not merge (973081568, 973081589)
INFO:engine.post.parallel_aff_agglomerate:did not merge (973081568, 973081606)
INFO:engine.post.parallel_aff_agglomerate:did not merge (973081568, 973081666)
INFO:engine.post.parallel_aff_agglomerate:did not merge (973081568, 973081708)
INFO:engine.post.parallel_aff_agglomerate:did not merge (973081568, 973081721)
INFO:engine.post.parallel_aff_agglomerate:did not merge (973081568, 973081729)
INFO:engine.post.parallel_aff_agglomerate:did not merge (973081568, 973081739)
INFO:engine.post.parallel_aff_agglomerate:did not merge (973081568, 973081740)
INFO:engine.post.parallel_aff_agglomerate:did not merge (973081568, 973081833)
INFO:engine.post.parallel_aff_agglomerate:did not merge (973081568, 1493172323)
INFO:engine.post.parallel_aff_agglomerate:did not merge (973081568, 1493172419)
INFO:engine.post.parallel_aff_agglomerate:did not merge (973081568, 1493172462)
INFO:engine.post.parallel_aff_agglomerate:did not merge (973081568, 1493172494)
INFO:engine.post.parallel_aff_agglomerate:did not merge (1006635828, 1006635983)
INFO:engine.post.parallel_aff_agglomerate:did not merge (1006635775, 1006635824)
INFO:engine.post.parallel_aff_agglomerate:did not merge (1006635775, 1006635983)
INFO:engine.post.parallel_aff_agglomerate:did not merge (1476398545, 1476398551)
INFO:engine.post.parallel_aff_agglomerate:did not merge (1476398545, 1476398601)
INFO:engine.post.parallel_aff_agglomerate:did not merge (973081689, 973081722)
INFO:engine.post.parallel_aff_agglomerate:did not merge (973081678, 973081722)
INFO:engine.post.parallel_aff_agglomerate:did not merge (973081678, 1493172432)
INFO:engine.post.parallel_aff_agglomerate:did not merge (1006635764, 1006635765)
INFO:engine.post.parallel_aff_agglomerate:did not merge (973081736, 1493172244)
INFO:engine.post.parallel_aff_agglomerate:did not merge (1006635821, 1006635824)
INFO:engine.post.parallel_aff_agglomerate:did not merge (369101866, 369101895)
INFO:engine.post.parallel_aff_agglomerate:did not merge (973081780, 973081833)
INFO:engine.post.parallel_aff_agglomerate:merged 16911 edges
INFO:engine.post.parallel_aff_agglomerate:Agglomerating in block [4592:6640, 496:2544, 12784:14832] (2048, 2048, 2048) with context of [4464:6768, 368:2672, 12656:14960] (2304, 2304, 2304)
INFO:engine.post.parallel_aff_agglomerate:did not merge (2046822759, 2046822986)
INFO:engine.post.parallel_aff_agglomerate:did not merge (2046822759, 2046823095)
INFO:engine.post.parallel_aff_agglomerate:did not merge (2046822759, 2852127085)
INFO:engine.post.parallel_aff_agglomerate:did not merge (2080378251, 2080378361)
INFO:engine.post.parallel_aff_agglomerate:did not merge (2080378251, 2080378387)
INFO:engine.post.parallel_aff_agglomerate:did not merge (2080378251, 2080378390)
INFO:engine.post.parallel_aff_agglomerate:did not merge (2080378251, 2080378391)
INFO:engine.post.parallel_aff_agglomerate:did not merge (2080378251, 2080378416)
INFO:engine.post.parallel_aff_agglomerate:did not merge (2080378251, 2080378434)
INFO:engine.post.parallel_aff_agglomerate:did not merge (2080378251, 2080378469)
INFO:engine.post.parallel_aff_agglomerate:did not merge (2080378251, 2080378489)
INFO:engine.post.parallel_aff_agglomerate:did not merge (2080378251, 2080378501)
INFO:engine.post.parallel_aff_agglomerate:did not merge (2080378251, 2080378514)
INFO:engine.post.parallel_aff_agglomerate:did not merge (2080378251, 2080378562)
INFO:engine.post.parallel_aff_agglomerate:did not merge (2080378251, 2080378583)
INFO:engine.post.parallel_aff_agglomerate:did not merge (2080378251, 2080378716)
INFO:engine.post.parallel_aff_agglomerate:did not merge (2080378251, 2080378775)
INFO:engine.post.parallel_aff_agglomerate:did not merge (2080378251, 2080378861)
INFO:engine.post.parallel_aff_agglomerate:did not merge (2080378251, 2080378862)
INFO:engine.post.parallel_aff_agglomerate:did not merge (2080378251, 2902458911)
INFO:engine.post.parallel_aff_agglomerate:did not merge (2046822790, 2046822810)
INFO:engine.post.parallel_aff_agglomerate:did not merge (1442843929, 1442843964)
INFO:engine.post.parallel_aff_agglomerate:did not merge (1442844033, 2080378470)
INFO:engine.post.parallel_aff_agglomerate:did not merge (2046822883, 2046822907)
INFO:engine.post.parallel_aff_agglomerate:did not merge (2046822883, 2046822969)
INFO:engine.post.parallel_aff_agglomerate:did not merge (2046822883, 2046822986)
INFO:engine.post.parallel_aff_agglomerate:did not merge (2046822883, 2852127068)
INFO:engine.post.parallel_aff_agglomerate:did not merge (2046822801, 2046822810)
INFO:engine.post.parallel_aff_agglomerate:did not merge (2046822801, 2046822956)
INFO:engine.post.parallel_aff_agglomerate:did not merge (2080378808, 2902458708)
INFO:engine.post.parallel_aff_agglomerate:merged 25529 edges
INFO:engine.post.parallel_aff_agglomerate:Agglomerating in block [4592:6640, 496:2544, 23024:25072] (2048, 2048, 2048) with context of [4464:6768, 368:2672, 22896:25200] (2304, 2304, 2304)
INFO:engine.post.parallel_aff_agglomerate:did not merge (7667190756, 7667190777)
INFO:engine.post.parallel_aff_agglomerate:did not merge (6140463676, 7667190608)
INFO:engine.post.parallel_aff_agglomerate:did not merge (6140463654, 7667190723)
INFO:engine.post.parallel_aff_agglomerate:did not merge (4831841249, 4831841359)
INFO:engine.post.parallel_aff_agglomerate:did not merge (4831841249, 6190793088)
INFO:engine.post.parallel_aff_agglomerate:did not merge (4831841285, 4831841286)
INFO:engine.post.parallel_aff_agglomerate:did not merge (4831841313, 4831841396)
INFO:engine.post.parallel_aff_agglomerate:did not merge (4831841313, 4831841460)
INFO:engine.post.parallel_aff_agglomerate:did not merge (7700744781, 7700744805)
INFO:engine.post.parallel_aff_agglomerate:did not merge (7667191089, 7667191118)
INFO:engine.post.parallel_aff_agglomerate:did not merge (7667191089, 7667191126)
INFO:engine.post.parallel_aff_agglomerate:merged 11887 edges
INFO:engine.post.parallel_aff_agglomerate:Agglomerating in block [4592:6640, 2544:4592, 4592:6640] (2048, 2048, 2048) with context of [4464:6768, 2416:4720, 4464:6768] (2304, 2304, 2304)
INFO:engine.post.parallel_aff_agglomerate:did not merge (201330357, 402655559)
INFO:engine.post.parallel_aff_agglomerate:did not merge (100667229, 100667585)
INFO:engine.post.parallel_aff_agglomerate:did not merge (234884849, 234885103)
INFO:engine.post.parallel_aff_agglomerate:did not merge (402655665, 402655666)
INFO:engine.post.parallel_aff_agglomerate:did not merge (402655665, 402655689)
INFO:engine.post.parallel_aff_agglomerate:did not merge (234884920, 234885014)
INFO:engine.post.parallel_aff_agglomerate:did not merge (234884920, 234885024)
INFO:engine.post.parallel_aff_agglomerate:did not merge (234884920, 469762430)
INFO:engine.post.parallel_aff_agglomerate:did not merge (100667428, 100667585)
INFO:engine.post.parallel_aff_agglomerate:did not merge (100667428, 100667630)
INFO:engine.post.parallel_aff_agglomerate:did not merge (704645409, 704645540)
INFO:engine.post.parallel_aff_agglomerate:did not merge (234885032, 469762440)
INFO:engine.post.parallel_aff_agglomerate:did not merge (234884953, 234885014)
INFO:engine.post.parallel_aff_agglomerate:did not merge (234884953, 234885024)
INFO:engine.post.parallel_aff_agglomerate:did not merge (234884953, 469762430)
INFO:engine.post.parallel_aff_agglomerate:did not merge (234884953, 469762440)
INFO:engine.post.parallel_aff_agglomerate:did not merge (251658600, 251658791)
INFO:engine.post.parallel_aff_agglomerate:did not merge (419430962, 419430994)
INFO:engine.post.parallel_aff_agglomerate:did not merge (251659032, 251659048)
INFO:engine.post.parallel_aff_agglomerate:did not merge (251659032, 251659185)
INFO:engine.post.parallel_aff_agglomerate:did not merge (251659032, 251659438)
INFO:engine.post.parallel_aff_agglomerate:did not merge (251659032, 469762963)
INFO:engine.post.parallel_aff_agglomerate:did not merge (671088772, 671089236)
INFO:engine.post.parallel_aff_agglomerate:did not merge (671088772, 671089659)
INFO:engine.post.parallel_aff_agglomerate:did not merge (671088772, 1073742217)
INFO:engine.post.parallel_aff_agglomerate:did not merge (251659638, 469762963)
INFO:engine.post.parallel_aff_agglomerate:did not merge (251660325, 251660335)
INFO:engine.post.parallel_aff_agglomerate:did not merge (251660467, 251660502)
INFO:engine.post.parallel_aff_agglomerate:did not merge (251660467, 251660537)
INFO:engine.post.parallel_aff_agglomerate:did not merge (251660467, 251660686)
INFO:engine.post.parallel_aff_agglomerate:did not merge (419433202, 419433229)
INFO:engine.post.parallel_aff_agglomerate:did not merge (419433202, 419433244)
INFO:engine.post.parallel_aff_agglomerate:did not merge (419433202, 419433266)
INFO:engine.post.parallel_aff_agglomerate:did not merge (419433202, 419433343)
INFO:engine.post.parallel_aff_agglomerate:did not merge (419433202, 419433344)
INFO:engine.post.parallel_aff_agglomerate:did not merge (419433202, 419433529)
INFO:engine.post.parallel_aff_agglomerate:did not merge (419433150, 419434239)
INFO:engine.post.parallel_aff_agglomerate:did not merge (419433150, 419434511)
INFO:engine.post.parallel_aff_agglomerate:did not merge (419433150, 738197632)
INFO:engine.post.parallel_aff_agglomerate:did not merge (419433689, 419433995)
INFO:engine.post.parallel_aff_agglomerate:did not merge (419433689, 419434024)
INFO:engine.post.parallel_aff_agglomerate:did not merge (419433689, 419434208)
INFO:engine.post.parallel_aff_agglomerate:did not merge (419433689, 419434262)
INFO:engine.post.parallel_aff_agglomerate:did not merge (419432318, 419433557)
INFO:engine.post.parallel_aff_agglomerate:did not merge (419432318, 419433995)
INFO:engine.post.parallel_aff_agglomerate:did not merge (419432318, 419434024)
INFO:engine.post.parallel_aff_agglomerate:did not merge (419432318, 419434208)
INFO:engine.post.parallel_aff_agglomerate:did not merge (419432318, 419434262)
INFO:engine.post.parallel_aff_agglomerate:did not merge (419434175, 419434239)
INFO:engine.post.parallel_aff_agglomerate:did not merge (671090129, 671092345)
INFO:engine.post.parallel_aff_agglomerate:did not merge (671090129, 671092368)
INFO:engine.post.parallel_aff_agglomerate:did not merge (671090129, 671092498)
INFO:engine.post.parallel_aff_agglomerate:did not merge (671090129, 671092515)
INFO:engine.post.parallel_aff_agglomerate:did not merge (671090129, 671092530)
INFO:engine.post.parallel_aff_agglomerate:did not merge (671090129, 1090519555)
INFO:engine.post.parallel_aff_agglomerate:did not merge (419433507, 419434599)
INFO:engine.post.parallel_aff_agglomerate:did not merge (419433507, 419434636)
INFO:engine.post.parallel_aff_agglomerate:did not merge (419433507, 419434843)
INFO:engine.post.parallel_aff_agglomerate:did not merge (419433507, 738198033)
INFO:engine.post.parallel_aff_agglomerate:did not merge (251662759, 251662901)
INFO:engine.post.parallel_aff_agglomerate:did not merge (251662759, 251663012)
INFO:engine.post.parallel_aff_agglomerate:did not merge (251662759, 251663044)
INFO:engine.post.parallel_aff_agglomerate:did not merge (251662759, 419433740)
INFO:engine.post.parallel_aff_agglomerate:did not merge (671092544, 671092552)
INFO:engine.post.parallel_aff_agglomerate:merged 16857 edges
INFO:engine.post.parallel_aff_agglomerate:Agglomerating in block [4592:6640, 2544:4592, 14832:16880] (2048, 2048, 2048) with context of [4464:6768, 2416:4720, 14704:17008] (2304, 2304, 2304)
INFO:engine.post.parallel_aff_agglomerate:did not merge (3758100031, 4915725448)
INFO:engine.post.parallel_aff_agglomerate:did not merge (3758099706, 3758099838)
INFO:engine.post.parallel_aff_agglomerate:did not merge (3758099706, 3758099844)
INFO:engine.post.parallel_aff_agglomerate:did not merge (3758099706, 3758099860)
INFO:engine.post.parallel_aff_agglomerate:did not merge (3758099706, 3758099884)
INFO:engine.post.parallel_aff_agglomerate:did not merge (3758099706, 3758099892)
INFO:engine.post.parallel_aff_agglomerate:did not merge (3758099706, 3758100002)
INFO:engine.post.parallel_aff_agglomerate:did not merge (3758099706, 3758100068)
INFO:engine.post.parallel_aff_agglomerate:did not merge (1442843929, 1442843964)
INFO:engine.post.parallel_aff_agglomerate:did not merge (3758099775, 3758099847)
INFO:engine.post.parallel_aff_agglomerate:did not merge (3758099775, 3758099865)
INFO:engine.post.parallel_aff_agglomerate:did not merge (3758099775, 3758099893)
INFO:engine.post.parallel_aff_agglomerate:did not merge (3758099775, 3758099918)
INFO:engine.post.parallel_aff_agglomerate:did not merge (3758099775, 3758100040)
INFO:engine.post.parallel_aff_agglomerate:did not merge (3758099775, 4932501907)
INFO:engine.post.parallel_aff_agglomerate:did not merge (2046822798, 2046822855)
INFO:engine.post.parallel_aff_agglomerate:did not merge (2046822798, 2046822919)
INFO:engine.post.parallel_aff_agglomerate:did not merge (2046822798, 2046822933)
INFO:engine.post.parallel_aff_agglomerate:did not merge (2046822920, 2046822933)
INFO:engine.post.parallel_aff_agglomerate:did not merge (2046822920, 2801796291)
INFO:engine.post.parallel_aff_agglomerate:did not merge (2046822920, 2852126954)
INFO:engine.post.parallel_aff_agglomerate:did not merge (2080378775, 2080378811)
INFO:engine.post.parallel_aff_agglomerate:did not merge (2080378775, 2080378833)
INFO:engine.post.parallel_aff_agglomerate:did not merge (2080378775, 2080378861)
INFO:engine.post.parallel_aff_agglomerate:did not merge (2080378775, 2080378903)
INFO:engine.post.parallel_aff_agglomerate:did not merge (2080378775, 2080378916)
INFO:engine.post.parallel_aff_agglomerate:did not merge (2080378775, 2080378933)
INFO:engine.post.parallel_aff_agglomerate:did not merge (2080378775, 2835352919)
INFO:engine.post.parallel_aff_agglomerate:did not merge (2080378775, 2902458432)
INFO:engine.post.parallel_aff_agglomerate:did not merge (3758100009, 3758100068)
INFO:engine.post.parallel_aff_agglomerate:did not merge (2852127087, 2852127157)
INFO:engine.post.parallel_aff_agglomerate:did not merge (2852127058, 2852127157)
INFO:engine.post.parallel_aff_agglomerate:did not merge (2852126899, 2852127032)
INFO:engine.post.parallel_aff_agglomerate:did not merge (2852126899, 2852127157)
INFO:engine.post.parallel_aff_agglomerate:did not merge (2852126899, 2852127300)
INFO:engine.post.parallel_aff_agglomerate:did not merge (2852126899, 2852127641)
INFO:engine.post.parallel_aff_agglomerate:did not merge (2852126899, 2852127655)
INFO:engine.post.parallel_aff_agglomerate:did not merge (2852127019, 2852127032)
INFO:engine.post.parallel_aff_agglomerate:did not merge (2852127019, 2852127202)
INFO:engine.post.parallel_aff_agglomerate:did not merge (2852127019, 2852127422)
INFO:engine.post.parallel_aff_agglomerate:did not merge (2852127019, 2852127443)
INFO:engine.post.parallel_aff_agglomerate:did not merge (2852127019, 2852127502)
INFO:engine.post.parallel_aff_agglomerate:did not merge (2852127019, 3774873612)
INFO:engine.post.parallel_aff_agglomerate:did not merge (2852127019, 3774874418)
INFO:engine.post.parallel_aff_agglomerate:did not merge (2852127019, 3774874502)
INFO:engine.post.parallel_aff_agglomerate:did not merge (2852127302, 2852127320)
INFO:engine.post.parallel_aff_agglomerate:did not merge (2852127302, 2852127321)
INFO:engine.post.parallel_aff_agglomerate:did not merge (2852127211, 2852127300)
INFO:engine.post.parallel_aff_agglomerate:did not merge (2852127211, 2852127458)
INFO:engine.post.parallel_aff_agglomerate:did not merge (2852126794, 2852126964)
INFO:engine.post.parallel_aff_agglomerate:did not merge (2852126794, 2852127273)
INFO:engine.post.parallel_aff_agglomerate:did not merge (2852126794, 2852127382)
INFO:engine.post.parallel_aff_agglomerate:did not merge (2852126794, 2852127409)
INFO:engine.post.parallel_aff_agglomerate:did not merge (2852126794, 2852127463)
INFO:engine.post.parallel_aff_agglomerate:did not merge (2852126794, 2852128223)
INFO:engine.post.parallel_aff_agglomerate:did not merge (2852127467, 2852127641)
INFO:engine.post.parallel_aff_agglomerate:did not merge (2852126792, 2852126981)
INFO:engine.post.parallel_aff_agglomerate:did not merge (2852126792, 2852126999)
INFO:engine.post.parallel_aff_agglomerate:did not merge (2852126792, 2852127045)
INFO:engine.post.parallel_aff_agglomerate:did not merge (2852126792, 2852127072)
INFO:engine.post.parallel_aff_agglomerate:did not merge (2852126792, 2852127117)
INFO:engine.post.parallel_aff_agglomerate:did not merge (2852126792, 2852127157)
INFO:engine.post.parallel_aff_agglomerate:did not merge (2852126792, 2852127300)
INFO:engine.post.parallel_aff_agglomerate:did not merge (2852126792, 2852127333)
INFO:engine.post.parallel_aff_agglomerate:did not merge (2852126792, 2852127458)
INFO:engine.post.parallel_aff_agglomerate:did not merge (2852126792, 2852127466)
INFO:engine.post.parallel_aff_agglomerate:did not merge (2852126792, 2852127856)
INFO:engine.post.parallel_aff_agglomerate:did not merge (2852127656, 2852127690)
INFO:engine.post.parallel_aff_agglomerate:did not merge (2852127656, 2852127702)
INFO:engine.post.parallel_aff_agglomerate:did not merge (2097152861, 2097152862)
INFO:engine.post.parallel_aff_agglomerate:did not merge (2097152861, 2097152978)
INFO:engine.post.parallel_aff_agglomerate:did not merge (2097152861, 2097152992)
INFO:engine.post.parallel_aff_agglomerate:did not merge (2097152861, 2097153043)
INFO:engine.post.parallel_aff_agglomerate:did not merge (2852128158, 2852128223)
INFO:engine.post.parallel_aff_agglomerate:did not merge (2852128852, 2852129030)
INFO:engine.post.parallel_aff_agglomerate:did not merge (2852128851, 2852128953)
INFO:engine.post.parallel_aff_agglomerate:did not merge (2852129569, 2852129793)
INFO:engine.post.parallel_aff_agglomerate:did not merge (2852129692, 2852129793)
INFO:engine.post.parallel_aff_agglomerate:did not merge (2852129692, 2852129860)
INFO:engine.post.parallel_aff_agglomerate:did not merge (2852129692, 2852129886)
INFO:engine.post.parallel_aff_agglomerate:did not merge (2852129692, 2852129906)
INFO:engine.post.parallel_aff_agglomerate:did not merge (2852129692, 2852129930)
INFO:engine.post.parallel_aff_agglomerate:did not merge (2852129692, 2852129950)
INFO:engine.post.parallel_aff_agglomerate:did not merge (2852129692, 2852129951)
INFO:engine.post.parallel_aff_agglomerate:did not merge (2852129692, 2852130189)
INFO:engine.post.parallel_aff_agglomerate:did not merge (2852129765, 2852129907)
INFO:engine.post.parallel_aff_agglomerate:did not merge (2852129765, 2852129927)
INFO:engine.post.parallel_aff_agglomerate:did not merge (2852129765, 2852130088)
INFO:engine.post.parallel_aff_agglomerate:did not merge (2852129657, 2852129832)
INFO:engine.post.parallel_aff_agglomerate:did not merge (2852129657, 2852129833)
INFO:engine.post.parallel_aff_agglomerate:did not merge (2852129748, 2852129794)
INFO:engine.post.parallel_aff_agglomerate:did not merge (2852129748, 2852129832)
INFO:engine.post.parallel_aff_agglomerate:did not merge (2852129748, 2852129833)
INFO:engine.post.parallel_aff_agglomerate:did not merge (2852129748, 2852129861)
INFO:engine.post.parallel_aff_agglomerate:did not merge (2097154955, 2097155012)
INFO:engine.post.parallel_aff_agglomerate:did not merge (2097154955, 2097155028)
INFO:engine.post.parallel_aff_agglomerate:did not merge (2097154955, 2902461291)
INFO:engine.post.parallel_aff_agglomerate:did not merge (2852129728, 2852129794)
INFO:engine.post.parallel_aff_agglomerate:did not merge (2852129728, 2852129832)
INFO:engine.post.parallel_aff_agglomerate:did not merge (2852129728, 2852129833)
INFO:engine.post.parallel_aff_agglomerate:did not merge (2852129728, 2852129861)
INFO:engine.post.parallel_aff_agglomerate:did not merge (2852129728, 2852130087)
INFO:engine.post.parallel_aff_agglomerate:did not merge (2852129728, 2852130088)
INFO:engine.post.parallel_aff_agglomerate:did not merge (2852129728, 2852130189)
INFO:engine.post.parallel_aff_agglomerate:did not merge (2097155126, 2097155234)
INFO:engine.post.parallel_aff_agglomerate:did not merge (2097155126, 2097155282)
INFO:engine.post.parallel_aff_agglomerate:did not merge (2852130310, 2852130545)
INFO:engine.post.parallel_aff_agglomerate:did not merge (2097155268, 2097155282)
INFO:engine.post.parallel_aff_agglomerate:did not merge (2097155268, 2902461305)
INFO:engine.post.parallel_aff_agglomerate:did not merge (2852130813, 2852131038)
INFO:engine.post.parallel_aff_agglomerate:did not merge (2852130813, 2852131211)
INFO:engine.post.parallel_aff_agglomerate:did not merge (2852130813, 3841983157)
INFO:engine.post.parallel_aff_agglomerate:did not merge (2852130723, 2852131033)
INFO:engine.post.parallel_aff_agglomerate:merged 16835 edges
INFO:engine.post.parallel_aff_agglomerate:Agglomerating in block [4592:6640, 2544:4592, 25072:27120] (2048, 2048, 2048) with context of [4464:6768, 2416:4720, 24944:27248] (2304, 2304, 2304)
INFO:engine.post.parallel_aff_agglomerate:did not merge (7700744636, 7700744667)
INFO:engine.post.parallel_aff_agglomerate:did not merge (6140463782, 6140463949)
INFO:engine.post.parallel_aff_agglomerate:did not merge (6140463782, 7700744624)
INFO:engine.post.parallel_aff_agglomerate:did not merge (6140463782, 7717519834)
INFO:engine.post.parallel_aff_agglomerate:did not merge (11475618638, 11475618796)
INFO:engine.post.parallel_aff_agglomerate:did not merge (11475618638, 11475618829)
INFO:engine.post.parallel_aff_agglomerate:did not merge (11475618638, 13824426419)
INFO:engine.post.parallel_aff_agglomerate:did not merge (9428798436, 11475618475)
INFO:engine.post.parallel_aff_agglomerate:did not merge (9428798436, 11475618596)
INFO:engine.post.parallel_aff_agglomerate:did not merge (9428798436, 11475618735)
INFO:engine.post.parallel_aff_agglomerate:did not merge (9428798436, 11492393071)
INFO:engine.post.parallel_aff_agglomerate:did not merge (11475618619, 11475618622)
INFO:engine.post.parallel_aff_agglomerate:did not merge (11475618619, 11475618666)
INFO:engine.post.parallel_aff_agglomerate:did not merge (11475618619, 11475618718)
INFO:engine.post.parallel_aff_agglomerate:did not merge (11475618619, 11475618728)
INFO:engine.post.parallel_aff_agglomerate:did not merge (11475618619, 11475618796)
INFO:engine.post.parallel_aff_agglomerate:did not merge (11475618715, 11475618829)
INFO:engine.post.parallel_aff_agglomerate:did not merge (11525949739, 11525949750)
INFO:engine.post.parallel_aff_agglomerate:did not merge (11525949739, 11525949778)
INFO:engine.post.parallel_aff_agglomerate:did not merge (11525949739, 13891534946)
INFO:engine.post.parallel_aff_agglomerate:did not merge (11525949739, 13891535033)
INFO:engine.post.parallel_aff_agglomerate:did not merge (11525949739, 13891535061)
INFO:engine.post.parallel_aff_agglomerate:did not merge (7667190890, 7667191068)
INFO:engine.post.parallel_aff_agglomerate:did not merge (7700744742, 7700744757)
INFO:engine.post.parallel_aff_agglomerate:did not merge (7700744742, 7700744771)
INFO:engine.post.parallel_aff_agglomerate:did not merge (7700744742, 7700744811)
INFO:engine.post.parallel_aff_agglomerate:did not merge (7700744742, 7700744813)
INFO:engine.post.parallel_aff_agglomerate:did not merge (7700744742, 7700744820)
INFO:engine.post.parallel_aff_agglomerate:did not merge (7700744742, 9529458984)
INFO:engine.post.parallel_aff_agglomerate:did not merge (6140463814, 6140463949)
INFO:engine.post.parallel_aff_agglomerate:did not merge (7717519699, 7717519834)
INFO:engine.post.parallel_aff_agglomerate:did not merge (9479127148, 9479127420)
INFO:engine.post.parallel_aff_agglomerate:did not merge (7717519913, 7717519928)
INFO:engine.post.parallel_aff_agglomerate:did not merge (7717519913, 7717519942)
INFO:engine.post.parallel_aff_agglomerate:did not merge (7717519913, 7717520043)
INFO:engine.post.parallel_aff_agglomerate:did not merge (9479128371, 9479128448)
INFO:engine.post.parallel_aff_agglomerate:did not merge (9479128371, 9479128505)
INFO:engine.post.parallel_aff_agglomerate:did not merge (9479128371, 9479128561)
INFO:engine.post.parallel_aff_agglomerate:did not merge (9479129009, 9479129139)
INFO:engine.post.parallel_aff_agglomerate:did not merge (9479129009, 9479129200)
INFO:engine.post.parallel_aff_agglomerate:did not merge (9479129272, 9479129417)
INFO:engine.post.parallel_aff_agglomerate:did not merge (9479129272, 9479129430)
INFO:engine.post.parallel_aff_agglomerate:did not merge (9479129342, 9479129393)
INFO:engine.post.parallel_aff_agglomerate:did not merge (9479129342, 9479129540)
INFO:engine.post.parallel_aff_agglomerate:did not merge (9479129407, 9479129417)
INFO:engine.post.parallel_aff_agglomerate:did not merge (9479129407, 9479129430)
INFO:engine.post.parallel_aff_agglomerate:did not merge (9479129407, 9479129460)
INFO:engine.post.parallel_aff_agglomerate:did not merge (9479129859, 9479129961)
INFO:engine.post.parallel_aff_agglomerate:did not merge (9479129859, 9479130001)
INFO:engine.post.parallel_aff_agglomerate:did not merge (7717520828, 7717521131)
INFO:engine.post.parallel_aff_agglomerate:did not merge (7717521463, 7717521579)
INFO:engine.post.parallel_aff_agglomerate:did not merge (7717521463, 9546236241)
INFO:engine.post.parallel_aff_agglomerate:merged 10580 edges
INFO:engine.post.parallel_aff_agglomerate:Agglomerating in block [4592:6640, 4592:6640, 8688:10736] (2048, 2048, 2048) with context of [4464:6768, 4464:6768, 8560:10864] (2304, 2304, 2304)
INFO:engine.post.parallel_aff_agglomerate:did not merge (2197818001, 2197818047)
INFO:engine.post.parallel_aff_agglomerate:did not merge (2197818001, 2197818048)
INFO:engine.post.parallel_aff_agglomerate:did not merge (1526728822, 1526729002)
INFO:engine.post.parallel_aff_agglomerate:did not merge (1526728859, 1526728885)
INFO:engine.post.parallel_aff_agglomerate:did not merge (1526728859, 1526728894)
INFO:engine.post.parallel_aff_agglomerate:did not merge (1526728859, 1526728915)
INFO:engine.post.parallel_aff_agglomerate:did not merge (1526728859, 1526728950)
INFO:engine.post.parallel_aff_agglomerate:did not merge (1526728859, 1526728951)
INFO:engine.post.parallel_aff_agglomerate:did not merge (1526728859, 1526728956)
INFO:engine.post.parallel_aff_agglomerate:did not merge (1526728859, 1526728963)
INFO:engine.post.parallel_aff_agglomerate:did not merge (1526728859, 1526728993)
INFO:engine.post.parallel_aff_agglomerate:did not merge (1526728859, 1526729041)
INFO:engine.post.parallel_aff_agglomerate:did not merge (1526728859, 1526729050)
INFO:engine.post.parallel_aff_agglomerate:did not merge (1526728859, 2130708999)
INFO:engine.post.parallel_aff_agglomerate:did not merge (1526728859, 2130709312)
INFO:engine.post.parallel_aff_agglomerate:did not merge (1056967491, 1056967602)
INFO:engine.post.parallel_aff_agglomerate:did not merge (1526728996, 2130708755)
INFO:engine.post.parallel_aff_agglomerate:did not merge (1526728996, 2130709278)
INFO:engine.post.parallel_aff_agglomerate:did not merge (1526729135, 2130709375)
INFO:engine.post.parallel_aff_agglomerate:did not merge (1056967857, 1610613042)
INFO:engine.post.parallel_aff_agglomerate:did not merge (1056967857, 1610613101)
INFO:engine.post.parallel_aff_agglomerate:did not merge (2197818076, 2197818159)
INFO:engine.post.parallel_aff_agglomerate:did not merge (2197818076, 2197818307)
INFO:engine.post.parallel_aff_agglomerate:did not merge (1476398460, 1476398595)
INFO:engine.post.parallel_aff_agglomerate:did not merge (1476398460, 1476398705)
INFO:engine.post.parallel_aff_agglomerate:did not merge (2130709818, 2130709913)
INFO:engine.post.parallel_aff_agglomerate:did not merge (2130709818, 2969567673)
INFO:engine.post.parallel_aff_agglomerate:did not merge (2197818075, 2197818307)
INFO:engine.post.parallel_aff_agglomerate:did not merge (2197818075, 3053453804)
INFO:engine.post.parallel_aff_agglomerate:did not merge (2197818141, 2197818263)
INFO:engine.post.parallel_aff_agglomerate:did not merge (2197818141, 3053453760)
INFO:engine.post.parallel_aff_agglomerate:did not merge (2130709697, 2130709820)
INFO:engine.post.parallel_aff_agglomerate:did not merge (2197818111, 2197818328)
INFO:engine.post.parallel_aff_agglomerate:did not merge (2197818111, 3053453687)
INFO:engine.post.parallel_aff_agglomerate:did not merge (2197818111, 3053453825)
INFO:engine.post.parallel_aff_agglomerate:did not merge (2197818319, 2197818380)
INFO:engine.post.parallel_aff_agglomerate:did not merge (1543504651, 1543504700)
INFO:engine.post.parallel_aff_agglomerate:did not merge (1543504621, 1543504817)
INFO:engine.post.parallel_aff_agglomerate:did not merge (1543504677, 1543504700)
INFO:engine.post.parallel_aff_agglomerate:did not merge (1543504714, 1543504817)
INFO:engine.post.parallel_aff_agglomerate:did not merge (1543504738, 1543504817)
INFO:engine.post.parallel_aff_agglomerate:did not merge (1543504738, 1543504827)
INFO:engine.post.parallel_aff_agglomerate:did not merge (1543504953, 1543504963)
INFO:engine.post.parallel_aff_agglomerate:did not merge (1543505009, 1543505247)
INFO:engine.post.parallel_aff_agglomerate:did not merge (1543505269, 1543505471)
INFO:engine.post.parallel_aff_agglomerate:did not merge (1543505315, 1543505370)
INFO:engine.post.parallel_aff_agglomerate:did not merge (1073743201, 1073743235)
INFO:engine.post.parallel_aff_agglomerate:did not merge (1543505303, 1543505370)
INFO:engine.post.parallel_aff_agglomerate:did not merge (1543505341, 1543505397)
INFO:engine.post.parallel_aff_agglomerate:did not merge (1543505511, 1543505548)
INFO:engine.post.parallel_aff_agglomerate:did not merge (1073743606, 1543505285)
INFO:engine.post.parallel_aff_agglomerate:did not merge (1543505512, 1543505641)
INFO:engine.post.parallel_aff_agglomerate:did not merge (1073743646, 1073743729)
INFO:engine.post.parallel_aff_agglomerate:did not merge (1073743646, 1073743741)
INFO:engine.post.parallel_aff_agglomerate:did not merge (1073743646, 1073743846)
INFO:engine.post.parallel_aff_agglomerate:did not merge (1073743646, 1610614325)
INFO:engine.post.parallel_aff_agglomerate:did not merge (1073743646, 1610614389)
INFO:engine.post.parallel_aff_agglomerate:did not merge (1543505704, 1543505829)
INFO:engine.post.parallel_aff_agglomerate:did not merge (1073743829, 1073744015)
INFO:engine.post.parallel_aff_agglomerate:did not merge (1073743829, 1543505609)
INFO:engine.post.parallel_aff_agglomerate:did not merge (1543505898, 1543505997)
INFO:engine.post.parallel_aff_agglomerate:did not merge (1073743289, 1073743618)
INFO:engine.post.parallel_aff_agglomerate:did not merge (1073743289, 1073743729)
INFO:engine.post.parallel_aff_agglomerate:did not merge (1073743289, 1073743741)
INFO:engine.post.parallel_aff_agglomerate:did not merge (1073743289, 1073743801)
INFO:engine.post.parallel_aff_agglomerate:did not merge (1073743289, 1073743846)
INFO:engine.post.parallel_aff_agglomerate:did not merge (1073743289, 1073743901)
INFO:engine.post.parallel_aff_agglomerate:did not merge (1073743289, 1073744065)
INFO:engine.post.parallel_aff_agglomerate:did not merge (1073744151, 1073744238)
INFO:engine.post.parallel_aff_agglomerate:did not merge (1073744151, 1543506232)
INFO:engine.post.parallel_aff_agglomerate:did not merge (1543506295, 1543506372)
INFO:engine.post.parallel_aff_agglomerate:did not merge (1543506295, 1543506373)
INFO:engine.post.parallel_aff_agglomerate:did not merge (1543506295, 1543506383)
INFO:engine.post.parallel_aff_agglomerate:did not merge (1543506295, 1543506766)
INFO:engine.post.parallel_aff_agglomerate:did not merge (1543506295, 1543506767)
INFO:engine.post.parallel_aff_agglomerate:did not merge (2147486537, 2147486577)
INFO:engine.post.parallel_aff_agglomerate:did not merge (2147486537, 2147486962)
INFO:engine.post.parallel_aff_agglomerate:did not merge (2147486926, 2147486962)
INFO:engine.post.parallel_aff_agglomerate:did not merge (2147486926, 2986344921)
INFO:engine.post.parallel_aff_agglomerate:merged 23061 edges
INFO:engine.post.parallel_aff_agglomerate:Agglomerating in block [4592:6640, 4592:6640, 16880:18928] (2048, 2048, 2048) with context of [4464:6768, 4464:6768, 16752:19056] (2304, 2304, 2304)
INFO:engine.post.parallel_aff_agglomerate:did not merge (3758099539, 3758099645)
INFO:engine.post.parallel_aff_agglomerate:did not merge (4915726542, 4915726564)
INFO:engine.post.parallel_aff_agglomerate:did not merge (3758099831, 3758099900)
INFO:engine.post.parallel_aff_agglomerate:did not merge (3758099831, 3758100101)
INFO:engine.post.parallel_aff_agglomerate:did not merge (3758099856, 3758100101)
INFO:engine.post.parallel_aff_agglomerate:did not merge (4915726610, 6224348941)
INFO:engine.post.parallel_aff_agglomerate:did not merge (4915726610, 6224349071)
INFO:engine.post.parallel_aff_agglomerate:did not merge (4915726617, 6224349050)
INFO:engine.post.parallel_aff_agglomerate:did not merge (4915726891, 6291457813)
INFO:engine.post.parallel_aff_agglomerate:did not merge (6291458113, 7918846259)
INFO:engine.post.parallel_aff_agglomerate:did not merge (3808431321, 3808431370)
INFO:engine.post.parallel_aff_agglomerate:did not merge (3808431304, 3808431426)
INFO:engine.post.parallel_aff_agglomerate:did not merge (4982836677, 4982836694)
INFO:engine.post.parallel_aff_agglomerate:did not merge (4982836677, 4982836795)
INFO:engine.post.parallel_aff_agglomerate:did not merge (4982836677, 6291458038)
INFO:engine.post.parallel_aff_agglomerate:did not merge (4982836677, 6291458109)
INFO:engine.post.parallel_aff_agglomerate:did not merge (6291458103, 6291458104)
INFO:engine.post.parallel_aff_agglomerate:did not merge (4932501600, 4932501849)
INFO:engine.post.parallel_aff_agglomerate:did not merge (4932501600, 4932501960)
INFO:engine.post.parallel_aff_agglomerate:did not merge (4932501898, 4932501960)
INFO:engine.post.parallel_aff_agglomerate:did not merge (4932502439, 4932502519)
INFO:engine.post.parallel_aff_agglomerate:did not merge (4932502439, 4932502580)
INFO:engine.post.parallel_aff_agglomerate:did not merge (4932502308, 4932502485)
INFO:engine.post.parallel_aff_agglomerate:did not merge (4932502308, 4932502542)
INFO:engine.post.parallel_aff_agglomerate:did not merge (4932502308, 4932502551)
INFO:engine.post.parallel_aff_agglomerate:did not merge (4932502308, 4932502663)
INFO:engine.post.parallel_aff_agglomerate:did not merge (4932502308, 4932502745)
INFO:engine.post.parallel_aff_agglomerate:did not merge (4932502308, 4932502805)
INFO:engine.post.parallel_aff_agglomerate:did not merge (4932502308, 6241125444)
INFO:engine.post.parallel_aff_agglomerate:did not merge (4932502321, 4932502745)
INFO:engine.post.parallel_aff_agglomerate:did not merge (4932502321, 4932502831)
INFO:engine.post.parallel_aff_agglomerate:did not merge (4932502817, 4932502831)
INFO:engine.post.parallel_aff_agglomerate:did not merge (4932503130, 4932503177)
INFO:engine.post.parallel_aff_agglomerate:did not merge (6241126072, 6241126102)
INFO:engine.post.parallel_aff_agglomerate:did not merge (6241126072, 6241126112)
INFO:engine.post.parallel_aff_agglomerate:did not merge (6241126072, 6241126130)
INFO:engine.post.parallel_aff_agglomerate:did not merge (6241126072, 6241126174)
INFO:engine.post.parallel_aff_agglomerate:did not merge (6241126072, 6241126189)
INFO:engine.post.parallel_aff_agglomerate:did not merge (4932503400, 4932503485)
INFO:engine.post.parallel_aff_agglomerate:merged 9897 edges
INFO:engine.post.parallel_aff_agglomerate:Agglomerating in block [4592:6640, 4592:6640, 27120:29168] (2048, 2048, 2048) with context of [4464:6768, 4464:6768, 26992:29296] (2304, 2304, 2304)
INFO:engine.post.parallel_aff_agglomerate:did not merge (19310576334, 19310576343)
INFO:engine.post.parallel_aff_agglomerate:did not merge (19310576334, 19310576362)
INFO:engine.post.parallel_aff_agglomerate:did not merge (19310576334, 19310576363)
INFO:engine.post.parallel_aff_agglomerate:did not merge (19310576334, 19310576386)
INFO:engine.post.parallel_aff_agglomerate:did not merge (13807652753, 13807652764)
INFO:engine.post.parallel_aff_agglomerate:did not merge (16374563366, 16374563473)
INFO:engine.post.parallel_aff_agglomerate:did not merge (16374563366, 16374563477)
INFO:engine.post.parallel_aff_agglomerate:did not merge (16441675223, 16441675254)
INFO:engine.post.parallel_aff_agglomerate:did not merge (16441675223, 16441675310)
INFO:engine.post.parallel_aff_agglomerate:did not merge (11475618594, 11475618606)
INFO:engine.post.parallel_aff_agglomerate:did not merge (11475618594, 11475618704)
INFO:engine.post.parallel_aff_agglomerate:did not merge (11475618594, 11475618729)
INFO:engine.post.parallel_aff_agglomerate:did not merge (11475618594, 11475618962)
INFO:engine.post.parallel_aff_agglomerate:did not merge (11475618594, 11475619168)
INFO:engine.post.parallel_aff_agglomerate:did not merge (11475618594, 13807652308)
INFO:engine.post.parallel_aff_agglomerate:did not merge (11475618594, 13824426327)
INFO:engine.post.parallel_aff_agglomerate:did not merge (13807652641, 13807652642)
INFO:engine.post.parallel_aff_agglomerate:did not merge (11475618742, 11475618962)
INFO:engine.post.parallel_aff_agglomerate:did not merge (13807652590, 13807652631)
INFO:engine.post.parallel_aff_agglomerate:did not merge (16441675269, 16441675411)
INFO:engine.post.parallel_aff_agglomerate:did not merge (16441675269, 19411239253)
INFO:engine.post.parallel_aff_agglomerate:did not merge (11525949832, 11525949834)
INFO:engine.post.parallel_aff_agglomerate:did not merge (13824426215, 13824426327)
INFO:engine.post.parallel_aff_agglomerate:did not merge (13824426553, 13824426638)
INFO:engine.post.parallel_aff_agglomerate:did not merge (16391340089, 16391340117)
INFO:engine.post.parallel_aff_agglomerate:did not merge (13824426781, 13824426874)
INFO:engine.post.parallel_aff_agglomerate:did not merge (13824426851, 13824426887)
INFO:engine.post.parallel_aff_agglomerate:did not merge (13824426955, 13824427007)
INFO:engine.post.parallel_aff_agglomerate:did not merge (13824426888, 13824426942)
INFO:engine.post.parallel_aff_agglomerate:did not merge (13824426888, 13824427007)
INFO:engine.post.parallel_aff_agglomerate:did not merge (13824426888, 13824427057)
INFO:engine.post.parallel_aff_agglomerate:did not merge (13824426888, 13824427148)
INFO:engine.post.parallel_aff_agglomerate:did not merge (13824427112, 13824427148)
INFO:engine.post.parallel_aff_agglomerate:did not merge (11542725246, 13824426819)
INFO:engine.post.parallel_aff_agglomerate:did not merge (13824427064, 13824427298)
INFO:engine.post.parallel_aff_agglomerate:did not merge (13824427064, 13824427310)
INFO:engine.post.parallel_aff_agglomerate:did not merge (13824427335, 13824427350)
INFO:engine.post.parallel_aff_agglomerate:did not merge (13824427201, 13824427923)
INFO:engine.post.parallel_aff_agglomerate:did not merge (13824427961, 13824428047)
INFO:engine.post.parallel_aff_agglomerate:did not merge (13824428118, 13824428150)
INFO:engine.post.parallel_aff_agglomerate:did not merge (13824428118, 13824428212)
INFO:engine.post.parallel_aff_agglomerate:did not merge (13824428118, 13824428279)
INFO:engine.post.parallel_aff_agglomerate:did not merge (13824428118, 13824428312)
INFO:engine.post.parallel_aff_agglomerate:did not merge (13824428118, 13824428363)
INFO:engine.post.parallel_aff_agglomerate:did not merge (13824428118, 13824428406)
INFO:engine.post.parallel_aff_agglomerate:did not merge (13824428118, 13824428472)
INFO:engine.post.parallel_aff_agglomerate:did not merge (16391340544, 16391340576)
INFO:engine.post.parallel_aff_agglomerate:did not merge (13824428693, 13824428978)
INFO:engine.post.parallel_aff_agglomerate:did not merge (16391340539, 16391340576)
INFO:engine.post.parallel_aff_agglomerate:did not merge (16391340539, 16391340594)
INFO:engine.post.parallel_aff_agglomerate:did not merge (16391340539, 16391340623)
INFO:engine.post.parallel_aff_agglomerate:did not merge (16391340539, 19344130079)
INFO:engine.post.parallel_aff_agglomerate:did not merge (13824428855, 16391340576)
INFO:engine.post.parallel_aff_agglomerate:did not merge (13824428855, 16391340594)
INFO:engine.post.parallel_aff_agglomerate:did not merge (13824428744, 13824428751)
INFO:engine.post.parallel_aff_agglomerate:did not merge (13824428744, 13824428759)
INFO:engine.post.parallel_aff_agglomerate:did not merge (13824428744, 13824428772)
INFO:engine.post.parallel_aff_agglomerate:did not merge (13824428744, 13824428854)
INFO:engine.post.parallel_aff_agglomerate:did not merge (13824428744, 13824428892)
INFO:engine.post.parallel_aff_agglomerate:did not merge (13824428744, 13824428904)
INFO:engine.post.parallel_aff_agglomerate:did not merge (13824428744, 13824428905)
INFO:engine.post.parallel_aff_agglomerate:did not merge (13824428744, 13824428914)
INFO:engine.post.parallel_aff_agglomerate:did not merge (13824428744, 13824428915)
INFO:engine.post.parallel_aff_agglomerate:did not merge (13824428744, 13824428942)
INFO:engine.post.parallel_aff_agglomerate:did not merge (13824428744, 13824428943)
INFO:engine.post.parallel_aff_agglomerate:did not merge (13824428744, 13824428954)
INFO:engine.post.parallel_aff_agglomerate:did not merge (13824428979, 13824429086)
INFO:engine.post.parallel_aff_agglomerate:did not merge (13824428979, 13824429089)
INFO:engine.post.parallel_aff_agglomerate:did not merge (13824428979, 16475226551)
INFO:engine.post.parallel_aff_agglomerate:did not merge (13824428979, 16475226554)
INFO:engine.post.parallel_aff_agglomerate:merged 19696 edges
INFO:engine.post.parallel_aff_agglomerate:Agglomerating in block [4592:6640, 6640:8688, 8688:10736] (2048, 2048, 2048) with context of [4464:6768, 6512:8816, 8560:10864] (2304, 2304, 2304)
INFO:engine.post.parallel_aff_agglomerate:did not merge (1593838511, 2197817856)
INFO:engine.post.parallel_aff_agglomerate:did not merge (2952793317, 2952793318)
INFO:engine.post.parallel_aff_agglomerate:did not merge (3959424084, 3959424121)
INFO:engine.post.parallel_aff_agglomerate:did not merge (3959424084, 3959424122)
INFO:engine.post.parallel_aff_agglomerate:did not merge (3959424084, 3959424124)
INFO:engine.post.parallel_aff_agglomerate:did not merge (3959424084, 3959424128)
INFO:engine.post.parallel_aff_agglomerate:did not merge (3959424084, 3959424134)
INFO:engine.post.parallel_aff_agglomerate:did not merge (3959424084, 3959424135)
INFO:engine.post.parallel_aff_agglomerate:did not merge (3959424084, 3959424137)
INFO:engine.post.parallel_aff_agglomerate:did not merge (3959424084, 5184159815)
INFO:engine.post.parallel_aff_agglomerate:did not merge (2952793316, 2952793388)
INFO:engine.post.parallel_aff_agglomerate:did not merge (1526729218, 2214592570)
INFO:engine.post.parallel_aff_agglomerate:did not merge (3036677007, 3036677008)
INFO:engine.post.parallel_aff_agglomerate:did not merge (3036677007, 3036677010)
INFO:engine.post.parallel_aff_agglomerate:did not merge (2214593077, 2214593093)
INFO:engine.post.parallel_aff_agglomerate:did not merge (2214593077, 2214593115)
INFO:engine.post.parallel_aff_agglomerate:did not merge (2214593237, 2214593316)
INFO:engine.post.parallel_aff_agglomerate:did not merge (2214593378, 2214593589)
INFO:engine.post.parallel_aff_agglomerate:did not merge (2214593864, 2214594061)
INFO:engine.post.parallel_aff_agglomerate:did not merge (2214593864, 2969568722)
INFO:engine.post.parallel_aff_agglomerate:did not merge (2214593864, 2969568876)
INFO:engine.post.parallel_aff_agglomerate:did not merge (2214593946, 2214593952)
INFO:engine.post.parallel_aff_agglomerate:did not merge (2969568811, 2969568876)
INFO:engine.post.parallel_aff_agglomerate:did not merge (2214594062, 2214594112)
INFO:engine.post.parallel_aff_agglomerate:did not merge (2214594062, 2969568876)
INFO:engine.post.parallel_aff_agglomerate:did not merge (2214594130, 2214594269)
INFO:engine.post.parallel_aff_agglomerate:did not merge (2214594138, 2214594258)
INFO:engine.post.parallel_aff_agglomerate:did not merge (2214594223, 2214594269)
INFO:engine.post.parallel_aff_agglomerate:did not merge (2214594223, 2214594280)
INFO:engine.post.parallel_aff_agglomerate:did not merge (1610614853, 1610614993)
INFO:engine.post.parallel_aff_agglomerate:did not merge (2214594434, 2214594447)
INFO:engine.post.parallel_aff_agglomerate:did not merge (2214594492, 2214594602)
INFO:engine.post.parallel_aff_agglomerate:did not merge (1610614917, 1610614931)
INFO:engine.post.parallel_aff_agglomerate:did not merge (1610615321, 1610615528)
INFO:engine.post.parallel_aff_agglomerate:did not merge (2214595502, 2214595647)
INFO:engine.post.parallel_aff_agglomerate:did not merge (2214595502, 2214595667)
INFO:engine.post.parallel_aff_agglomerate:did not merge (2214595502, 3070230993)
INFO:engine.post.parallel_aff_agglomerate:did not merge (2214595502, 3070231012)
INFO:engine.post.parallel_aff_agglomerate:did not merge (2214595511, 2214595581)
INFO:engine.post.parallel_aff_agglomerate:did not merge (2214595631, 2214595650)
INFO:engine.post.parallel_aff_agglomerate:merged 24619 edges
INFO:engine.post.parallel_aff_agglomerate:Agglomerating in block [4592:6640, 6640:8688, 18928:20976] (2048, 2048, 2048) with context of [4464:6768, 6512:8816, 18800:21104] (2304, 2304, 2304)
INFO:engine.post.parallel_aff_agglomerate:did not merge (7751075732, 7751075746)
INFO:engine.post.parallel_aff_agglomerate:did not merge (7751075732, 7751075987)
INFO:engine.post.parallel_aff_agglomerate:did not merge (7751075732, 9579793228)
INFO:engine.post.parallel_aff_agglomerate:did not merge (6291457989, 7918846141)
INFO:engine.post.parallel_aff_agglomerate:did not merge (9579793297, 9579793419)
INFO:engine.post.parallel_aff_agglomerate:did not merge (9579793297, 9579793514)
INFO:engine.post.parallel_aff_agglomerate:did not merge (9579793297, 9579793525)
INFO:engine.post.parallel_aff_agglomerate:did not merge (6224348986, 6224349034)
INFO:engine.post.parallel_aff_agglomerate:did not merge (6224348986, 6224349044)
INFO:engine.post.parallel_aff_agglomerate:did not merge (6224348986, 6224349080)
INFO:engine.post.parallel_aff_agglomerate:did not merge (6224348986, 6224349306)
INFO:engine.post.parallel_aff_agglomerate:did not merge (6224348986, 6224349338)
INFO:engine.post.parallel_aff_agglomerate:did not merge (6224348986, 6224349386)
INFO:engine.post.parallel_aff_agglomerate:did not merge (6224348986, 6224349631)
INFO:engine.post.parallel_aff_agglomerate:did not merge (6224348986, 7834960142)
INFO:engine.post.parallel_aff_agglomerate:did not merge (9663676998, 9663677043)
INFO:engine.post.parallel_aff_agglomerate:did not merge (9663676998, 11794382944)
INFO:engine.post.parallel_aff_agglomerate:did not merge (6224349328, 6224349338)
INFO:engine.post.parallel_aff_agglomerate:did not merge (11676943331, 11676943349)
INFO:engine.post.parallel_aff_agglomerate:did not merge (7834960281, 7834960339)
INFO:engine.post.parallel_aff_agglomerate:did not merge (7834960281, 7834960496)
INFO:engine.post.parallel_aff_agglomerate:did not merge (7834960503, 7834960535)
INFO:engine.post.parallel_aff_agglomerate:did not merge (7834960536, 7834960547)
INFO:engine.post.parallel_aff_agglomerate:did not merge (7834960282, 7834960557)
INFO:engine.post.parallel_aff_agglomerate:did not merge (7834960282, 7834960664)
INFO:engine.post.parallel_aff_agglomerate:did not merge (7834960614, 7834960625)
INFO:engine.post.parallel_aff_agglomerate:did not merge (9596568384, 9596568678)
INFO:engine.post.parallel_aff_agglomerate:did not merge (9596568384, 11693720739)
INFO:engine.post.parallel_aff_agglomerate:did not merge (7834961216, 7834961266)
INFO:engine.post.parallel_aff_agglomerate:did not merge (9596569110, 9596569198)
INFO:engine.post.parallel_aff_agglomerate:did not merge (7834961248, 7834961254)
INFO:engine.post.parallel_aff_agglomerate:did not merge (7834961388, 7834961439)
INFO:engine.post.parallel_aff_agglomerate:did not merge (7834961667, 7834961786)
INFO:engine.post.parallel_aff_agglomerate:did not merge (7834961457, 7834961922)
INFO:engine.post.parallel_aff_agglomerate:did not merge (7834961842, 7834961864)
INFO:engine.post.parallel_aff_agglomerate:did not merge (7834961842, 7834961983)
INFO:engine.post.parallel_aff_agglomerate:did not merge (9596569930, 9596570132)
INFO:engine.post.parallel_aff_agglomerate:did not merge (9596569930, 9596570149)
INFO:engine.post.parallel_aff_agglomerate:did not merge (9596569930, 11693722173)
INFO:engine.post.parallel_aff_agglomerate:did not merge (7834962908, 7834962987)
INFO:engine.post.parallel_aff_agglomerate:merged 12016 edges
INFO:engine.post.parallel_aff_agglomerate:Agglomerating in block [4592:6640, 6640:8688, 29168:29264] (2048, 2048, 96) with context of [4464:6768, 6512:8816, 29040:29392] (2304, 2304, 352)
INFO:engine.post.parallel_aff_agglomerate:did not merge (13807652893, 13807652908)
INFO:engine.post.parallel_aff_agglomerate:did not merge (13807652893, 16441675269)
INFO:engine.post.parallel_aff_agglomerate:did not merge (13807652838, 13807652976)
INFO:engine.post.parallel_aff_agglomerate:did not merge (22582132971, 22582132972)
INFO:engine.post.parallel_aff_agglomerate:did not merge (22582132971, 22582132986)
INFO:engine.post.parallel_aff_agglomerate:did not merge (16441675413, 19310576269)
INFO:engine.post.parallel_aff_agglomerate:did not merge (16441675413, 19310576272)
INFO:engine.post.parallel_aff_agglomerate:did not merge (16441675413, 19310576278)
INFO:engine.post.parallel_aff_agglomerate:did not merge (16441675413, 19310576281)
INFO:engine.post.parallel_aff_agglomerate:did not merge (16441675413, 19411239185)
INFO:engine.post.parallel_aff_agglomerate:did not merge (19394462535, 19394462536)
INFO:engine.post.parallel_aff_agglomerate:did not merge (19394462535, 19394462576)
INFO:engine.post.parallel_aff_agglomerate:did not merge (13807653006, 13807653034)
INFO:engine.post.parallel_aff_agglomerate:did not merge (13807653006, 13807653144)
INFO:engine.post.parallel_aff_agglomerate:did not merge (19394462566, 19394462576)
INFO:engine.post.parallel_aff_agglomerate:did not merge (22582132982, 22582132986)
INFO:engine.post.parallel_aff_agglomerate:did not merge (13807653221, 16458448992)
INFO:engine.post.parallel_aff_agglomerate:did not merge (16458449474, 16458449555)
INFO:engine.post.parallel_aff_agglomerate:did not merge (16458449474, 16458449728)
INFO:engine.post.parallel_aff_agglomerate:did not merge (16458450021, 16458450056)
INFO:engine.post.parallel_aff_agglomerate:did not merge (16458450148, 16458450158)
INFO:engine.post.parallel_aff_agglomerate:did not merge (16458450148, 16458450347)
INFO:engine.post.parallel_aff_agglomerate:did not merge (16458450148, 19411240310)
INFO:engine.post.parallel_aff_agglomerate:did not merge (16458450315, 16458450347)
INFO:engine.post.parallel_aff_agglomerate:did not merge (19327353159, 19327353173)
INFO:engine.post.parallel_aff_agglomerate:did not merge (19327353159, 19327353192)
INFO:engine.post.parallel_aff_agglomerate:did not merge (19327353189, 19327353192)
INFO:engine.post.parallel_aff_agglomerate:did not merge (19327353189, 19327353193)
INFO:engine.post.parallel_aff_agglomerate:did not merge (16458451085, 16458451086)
INFO:engine.post.parallel_aff_agglomerate:did not merge (19327353250, 19327353251)
INFO:engine.post.parallel_aff_agglomerate:did not merge (16458451134, 16458451168)
INFO:engine.post.parallel_aff_agglomerate:did not merge (16458451134, 16458451201)
INFO:engine.post.parallel_aff_agglomerate:did not merge (16458451134, 16458451236)
INFO:engine.post.parallel_aff_agglomerate:did not merge (16458451134, 16458451353)
INFO:engine.post.parallel_aff_agglomerate:did not merge (16458451134, 19327353192)
INFO:engine.post.parallel_aff_agglomerate:did not merge (16458451134, 19327353214)
INFO:engine.post.parallel_aff_agglomerate:did not merge (16458451134, 19327353251)
INFO:engine.post.parallel_aff_agglomerate:merged 4820 edges
INFO:engine.post.parallel_aff_agglomerate:Agglomerating in block [4592:6640, 8688:9104, 2544:4592] (2048, 416, 2048) with context of [4464:6768, 8560:9232, 2416:4720] (2304, 672, 2304)
INFO:engine.post.parallel_aff_agglomerate:did not merge (1207960519, 1207960543)
INFO:engine.post.parallel_aff_agglomerate:did not merge (1207960519, 1207960551)
INFO:engine.post.parallel_aff_agglomerate:did not merge (1207960519, 1207960552)
INFO:engine.post.parallel_aff_agglomerate:did not merge (1207960519, 1207960566)
INFO:engine.post.parallel_aff_agglomerate:did not merge (1207960519, 1207960567)
INFO:engine.post.parallel_aff_agglomerate:did not merge (1207960519, 1207960583)
INFO:engine.post.parallel_aff_agglomerate:did not merge (1207960473, 1207960477)
INFO:engine.post.parallel_aff_agglomerate:did not merge (1207960473, 1207960489)
INFO:engine.post.parallel_aff_agglomerate:did not merge (1207960473, 1207960493)
INFO:engine.post.parallel_aff_agglomerate:did not merge (1207960473, 1207960520)
INFO:engine.post.parallel_aff_agglomerate:did not merge (1207960473, 1207960523)
INFO:engine.post.parallel_aff_agglomerate:did not merge (1207960473, 1207960544)
INFO:engine.post.parallel_aff_agglomerate:did not merge (1207960602, 1207960603)
INFO:engine.post.parallel_aff_agglomerate:did not merge (1207960602, 1207960604)
INFO:engine.post.parallel_aff_agglomerate:did not merge (1207960602, 1207960609)
INFO:engine.post.parallel_aff_agglomerate:did not merge (1207960602, 1207960610)
INFO:engine.post.parallel_aff_agglomerate:did not merge (1207960602, 1207960614)
INFO:engine.post.parallel_aff_agglomerate:did not merge (1224737076, 1224737143)
INFO:engine.post.parallel_aff_agglomerate:did not merge (1224737076, 1224737159)
INFO:engine.post.parallel_aff_agglomerate:did not merge (1325400201, 1325400225)
INFO:engine.post.parallel_aff_agglomerate:did not merge (1224737265, 1224737308)
INFO:engine.post.parallel_aff_agglomerate:did not merge (1224737428, 1224737520)
INFO:engine.post.parallel_aff_agglomerate:did not merge (1224737484, 1224737520)
INFO:engine.post.parallel_aff_agglomerate:did not merge (1325400304, 1325400350)
INFO:engine.post.parallel_aff_agglomerate:did not merge (1224737474, 1224737482)
INFO:engine.post.parallel_aff_agglomerate:did not merge (1224737474, 1224737483)
INFO:engine.post.parallel_aff_agglomerate:did not merge (1224737474, 1224737511)
INFO:engine.post.parallel_aff_agglomerate:did not merge (1224737474, 1224737530)
INFO:engine.post.parallel_aff_agglomerate:did not merge (1224737474, 1224737540)
INFO:engine.post.parallel_aff_agglomerate:did not merge (1224737474, 1224737548)
INFO:engine.post.parallel_aff_agglomerate:did not merge (1325400424, 1325400464)
INFO:engine.post.parallel_aff_agglomerate:did not merge (1325400424, 1325400485)
INFO:engine.post.parallel_aff_agglomerate:did not merge (1325400424, 1325400509)
INFO:engine.post.parallel_aff_agglomerate:did not merge (1325400424, 1325400515)
INFO:engine.post.parallel_aff_agglomerate:did not merge (1325400424, 1325400529)
INFO:engine.post.parallel_aff_agglomerate:did not merge (1325400424, 1325400569)
INFO:engine.post.parallel_aff_agglomerate:did not merge (1325400424, 1325400596)
INFO:engine.post.parallel_aff_agglomerate:did not merge (1325400424, 1325400601)
INFO:engine.post.parallel_aff_agglomerate:did not merge (1325400424, 1325400603)
INFO:engine.post.parallel_aff_agglomerate:did not merge (872416820, 872416904)
INFO:engine.post.parallel_aff_agglomerate:did not merge (872416820, 872417027)
INFO:engine.post.parallel_aff_agglomerate:did not merge (872416820, 1325400485)
INFO:engine.post.parallel_aff_agglomerate:did not merge (1325400472, 1325400485)
INFO:engine.post.parallel_aff_agglomerate:did not merge (1325400531, 1325400560)
INFO:engine.post.parallel_aff_agglomerate:did not merge (1224738300, 1224738339)
INFO:engine.post.parallel_aff_agglomerate:did not merge (1224738300, 1224738686)
INFO:engine.post.parallel_aff_agglomerate:did not merge (1224738380, 1224738419)
INFO:engine.post.parallel_aff_agglomerate:did not merge (1224738380, 1224738456)
INFO:engine.post.parallel_aff_agglomerate:did not merge (872417327, 872417353)
INFO:engine.post.parallel_aff_agglomerate:did not merge (872417327, 872417354)
INFO:engine.post.parallel_aff_agglomerate:did not merge (872417327, 872417377)
INFO:engine.post.parallel_aff_agglomerate:did not merge (1224738596, 1224738657)
INFO:engine.post.parallel_aff_agglomerate:did not merge (1224738596, 1224738688)
INFO:engine.post.parallel_aff_agglomerate:did not merge (1224738596, 1224738700)
INFO:engine.post.parallel_aff_agglomerate:did not merge (1325400623, 1325400642)
INFO:engine.post.parallel_aff_agglomerate:did not merge (1325400623, 1325400661)
INFO:engine.post.parallel_aff_agglomerate:did not merge (1224738822, 1224738906)
INFO:engine.post.parallel_aff_agglomerate:did not merge (1224738822, 1224738921)
INFO:engine.post.parallel_aff_agglomerate:did not merge (1325400628, 1325400642)
INFO:engine.post.parallel_aff_agglomerate:did not merge (1325400628, 1325400661)
INFO:engine.post.parallel_aff_agglomerate:did not merge (1224738837, 1224738906)
INFO:engine.post.parallel_aff_agglomerate:did not merge (1694500945, 1694500978)
INFO:engine.post.parallel_aff_agglomerate:did not merge (1694500945, 1694500985)
INFO:engine.post.parallel_aff_agglomerate:did not merge (1694500945, 1694501047)
INFO:engine.post.parallel_aff_agglomerate:did not merge (1694500945, 1694501077)
INFO:engine.post.parallel_aff_agglomerate:did not merge (1694500945, 1694501182)
INFO:engine.post.parallel_aff_agglomerate:did not merge (1224739635, 1224739661)
INFO:engine.post.parallel_aff_agglomerate:did not merge (1694501198, 1694501267)
INFO:engine.post.parallel_aff_agglomerate:did not merge (1224739732, 1224739822)
INFO:engine.post.parallel_aff_agglomerate:did not merge (1224739732, 1694501267)
INFO:engine.post.parallel_aff_agglomerate:did not merge (1224739764, 1224739997)
INFO:engine.post.parallel_aff_agglomerate:did not merge (1224739764, 1224740121)
INFO:engine.post.parallel_aff_agglomerate:did not merge (1224740025, 1224740108)
INFO:engine.post.parallel_aff_agglomerate:did not merge (1224740025, 1224740121)
INFO:engine.post.parallel_aff_agglomerate:did not merge (1224740236, 1224740300)
INFO:engine.post.parallel_aff_agglomerate:did not merge (1224740236, 1224740332)
INFO:engine.post.parallel_aff_agglomerate:did not merge (1224740301, 1224740391)
INFO:engine.post.parallel_aff_agglomerate:did not merge (1224740375, 1224740391)
INFO:engine.post.parallel_aff_agglomerate:did not merge (1224740352, 1224740373)
INFO:engine.post.parallel_aff_agglomerate:did not merge (1224740352, 1224740541)
INFO:engine.post.parallel_aff_agglomerate:did not merge (1224740352, 1811939874)
INFO:engine.post.parallel_aff_agglomerate:did not merge (1224740413, 1224740427)
INFO:engine.post.parallel_aff_agglomerate:did not merge (1224740413, 1224740447)
INFO:engine.post.parallel_aff_agglomerate:did not merge (1224740413, 1224740544)
INFO:engine.post.parallel_aff_agglomerate:did not merge (1224740413, 1224740856)
INFO:engine.post.parallel_aff_agglomerate:did not merge (1224740525, 1811939731)
INFO:engine.post.parallel_aff_agglomerate:merged 6946 edges
INFO:engine.post.parallel_aff_agglomerate:Agglomerating in block [4592:6640, 8688:9104, 10736:12784] (2048, 416, 2048) with context of [4464:6768, 8560:9232, 10608:12912] (2304, 672, 2304)
INFO:engine.post.parallel_aff_agglomerate:did not merge (2952793327, 2952793365)
INFO:engine.post.parallel_aff_agglomerate:did not merge (3959424076, 5066719891)
INFO:engine.post.parallel_aff_agglomerate:did not merge (5066720079, 5066720116)
INFO:engine.post.parallel_aff_agglomerate:did not merge (5066720079, 5066720122)
INFO:engine.post.parallel_aff_agglomerate:did not merge (5066720079, 5066720131)
INFO:engine.post.parallel_aff_agglomerate:did not merge (5066720079, 5066720190)
INFO:engine.post.parallel_aff_agglomerate:did not merge (5066720079, 5066720226)
INFO:engine.post.parallel_aff_agglomerate:did not merge (5066720079, 5066720227)
INFO:engine.post.parallel_aff_agglomerate:did not merge (5066720079, 5066720239)
INFO:engine.post.parallel_aff_agglomerate:did not merge (3036676978, 3959424027)
INFO:engine.post.parallel_aff_agglomerate:did not merge (2197818258, 2952793516)
INFO:engine.post.parallel_aff_agglomerate:did not merge (2197818258, 3036677019)
INFO:engine.post.parallel_aff_agglomerate:did not merge (2197818258, 3053453712)
INFO:engine.post.parallel_aff_agglomerate:did not merge (2197818258, 3053453728)
INFO:engine.post.parallel_aff_agglomerate:did not merge (5066720195, 5066720227)
INFO:engine.post.parallel_aff_agglomerate:did not merge (3053454083, 3053454155)
INFO:engine.post.parallel_aff_agglomerate:did not merge (5083497191, 5083497206)
INFO:engine.post.parallel_aff_agglomerate:did not merge (5083497191, 5083497332)
INFO:engine.post.parallel_aff_agglomerate:did not merge (5083497191, 5083497422)
INFO:engine.post.parallel_aff_agglomerate:did not merge (5083497191, 6492782842)
INFO:engine.post.parallel_aff_agglomerate:did not merge (3976200756, 3976200832)
INFO:engine.post.parallel_aff_agglomerate:did not merge (3053454208, 3053454259)
INFO:engine.post.parallel_aff_agglomerate:did not merge (3053454208, 3053454278)
INFO:engine.post.parallel_aff_agglomerate:did not merge (3053454208, 3053454499)
INFO:engine.post.parallel_aff_agglomerate:did not merge (3053454208, 3053454514)
INFO:engine.post.parallel_aff_agglomerate:did not merge (3053454208, 3053454517)
INFO:engine.post.parallel_aff_agglomerate:did not merge (3053454208, 3053454713)
INFO:engine.post.parallel_aff_agglomerate:did not merge (3053454208, 3053454793)
INFO:engine.post.parallel_aff_agglomerate:did not merge (3053454208, 3053454833)
INFO:engine.post.parallel_aff_agglomerate:did not merge (3053454208, 4076863658)
INFO:engine.post.parallel_aff_agglomerate:did not merge (3053454208, 4076863713)
INFO:engine.post.parallel_aff_agglomerate:did not merge (3053454208, 4076863720)
INFO:engine.post.parallel_aff_agglomerate:did not merge (3053454208, 4076863785)
INFO:engine.post.parallel_aff_agglomerate:did not merge (3053454208, 4076863842)
INFO:engine.post.parallel_aff_agglomerate:did not merge (3976201128, 3976201140)
INFO:engine.post.parallel_aff_agglomerate:did not merge (3976201143, 3976201284)
INFO:engine.post.parallel_aff_agglomerate:did not merge (5083497629, 5083497681)
INFO:engine.post.parallel_aff_agglomerate:did not merge (3976201233, 3976201272)
INFO:engine.post.parallel_aff_agglomerate:did not merge (3976201233, 3976201284)
INFO:engine.post.parallel_aff_agglomerate:did not merge (3976201307, 3976201335)
INFO:engine.post.parallel_aff_agglomerate:did not merge (3976201307, 5083497702)
INFO:engine.post.parallel_aff_agglomerate:did not merge (3976201307, 5083497793)
INFO:engine.post.parallel_aff_agglomerate:did not merge (5083497806, 5083497826)
INFO:engine.post.parallel_aff_agglomerate:did not merge (5083497806, 5083497929)
INFO:engine.post.parallel_aff_agglomerate:did not merge (5083497806, 5083497941)
INFO:engine.post.parallel_aff_agglomerate:did not merge (5083498085, 6492783168)
INFO:engine.post.parallel_aff_agglomerate:did not merge (3053454919, 4076863842)
INFO:engine.post.parallel_aff_agglomerate:did not merge (5083498125, 5083498171)
INFO:engine.post.parallel_aff_agglomerate:did not merge (5083498125, 5083498271)
INFO:engine.post.parallel_aff_agglomerate:did not merge (5083498125, 6492783168)
INFO:engine.post.parallel_aff_agglomerate:did not merge (3976202701, 5200937329)
INFO:engine.post.parallel_aff_agglomerate:did not merge (5083499858, 6509560403)
INFO:engine.post.parallel_aff_agglomerate:merged 6125 edges
INFO:engine.post.parallel_aff_agglomerate:Agglomerating in block [4592:6640, 8688:9104, 20976:23024] (2048, 416, 2048) with context of [4464:6768, 8560:9232, 20848:23152] (2304, 672, 2304)
INFO:engine.post.parallel_aff_agglomerate:did not merge (9663676968, 9663676972)
INFO:engine.post.parallel_aff_agglomerate:did not merge (9663676968, 9663677001)
INFO:engine.post.parallel_aff_agglomerate:did not merge (9663676968, 9663677011)
INFO:engine.post.parallel_aff_agglomerate:did not merge (9663676968, 9663677018)
INFO:engine.post.parallel_aff_agglomerate:did not merge (9663676968, 9663677043)
INFO:engine.post.parallel_aff_agglomerate:did not merge (9663676968, 11794382860)
INFO:engine.post.parallel_aff_agglomerate:did not merge (9663676968, 11794382891)
INFO:engine.post.parallel_aff_agglomerate:did not merge (9663676968, 11794382902)
INFO:engine.post.parallel_aff_agglomerate:did not merge (9663676968, 11794382912)
INFO:engine.post.parallel_aff_agglomerate:did not merge (9663676968, 11794382919)
INFO:engine.post.parallel_aff_agglomerate:did not merge (9663676983, 9663676986)
INFO:engine.post.parallel_aff_agglomerate:did not merge (9663676983, 9663677015)
INFO:engine.post.parallel_aff_agglomerate:did not merge (9663676983, 11676943254)
INFO:engine.post.parallel_aff_agglomerate:did not merge (11676943299, 13958644197)
INFO:engine.post.parallel_aff_agglomerate:did not merge (13958644358, 13958644360)
INFO:engine.post.parallel_aff_agglomerate:did not merge (9579793419, 9579793699)
INFO:engine.post.parallel_aff_agglomerate:did not merge (9579793420, 9579793513)
INFO:engine.post.parallel_aff_agglomerate:did not merge (9579793298, 9579793502)
INFO:engine.post.parallel_aff_agglomerate:did not merge (9579793298, 9579793521)
INFO:engine.post.parallel_aff_agglomerate:did not merge (9579793298, 9579793667)
INFO:engine.post.parallel_aff_agglomerate:did not merge (9579793298, 9579793699)
INFO:engine.post.parallel_aff_agglomerate:did not merge (9663677021, 9663677043)
INFO:engine.post.parallel_aff_agglomerate:did not merge (9579793525, 9579793699)
INFO:engine.post.parallel_aff_agglomerate:did not merge (13975421027, 13975421079)
INFO:engine.post.parallel_aff_agglomerate:did not merge (11693719674, 11693719678)
INFO:engine.post.parallel_aff_agglomerate:did not merge (11693720016, 11693720053)
INFO:engine.post.parallel_aff_agglomerate:did not merge (11693720016, 11693720071)
INFO:engine.post.parallel_aff_agglomerate:did not merge (11693720016, 11693720196)
INFO:engine.post.parallel_aff_agglomerate:did not merge (9680453904, 9680454094)
INFO:engine.post.parallel_aff_agglomerate:did not merge (11693719910, 11693720605)
INFO:engine.post.parallel_aff_agglomerate:did not merge (11693720457, 11693720544)
INFO:engine.post.parallel_aff_agglomerate:did not merge (11693720457, 11693720605)
INFO:engine.post.parallel_aff_agglomerate:did not merge (13975421449, 13975421796)
INFO:engine.post.parallel_aff_agglomerate:did not merge (13975421449, 13975421993)
INFO:engine.post.parallel_aff_agglomerate:did not merge (11693720249, 11693720545)
INFO:engine.post.parallel_aff_agglomerate:did not merge (11693720249, 11693720557)
INFO:engine.post.parallel_aff_agglomerate:did not merge (11693720249, 11693720815)
INFO:engine.post.parallel_aff_agglomerate:did not merge (11693720249, 11693721165)
INFO:engine.post.parallel_aff_agglomerate:did not merge (11693720249, 13975421993)
INFO:engine.post.parallel_aff_agglomerate:did not merge (11693720712, 11693720959)
INFO:engine.post.parallel_aff_agglomerate:did not merge (9680454231, 9680454295)
INFO:engine.post.parallel_aff_agglomerate:did not merge (9680454231, 9680454365)
INFO:engine.post.parallel_aff_agglomerate:did not merge (9680454231, 9680454705)
INFO:engine.post.parallel_aff_agglomerate:did not merge (9680454231, 11693720544)
INFO:engine.post.parallel_aff_agglomerate:did not merge (11693720852, 11693721165)
INFO:engine.post.parallel_aff_agglomerate:did not merge (11693720851, 11693721446)
INFO:engine.post.parallel_aff_agglomerate:did not merge (11693720851, 11693721447)
INFO:engine.post.parallel_aff_agglomerate:did not merge (11693721255, 11693721447)
INFO:engine.post.parallel_aff_agglomerate:did not merge (11693721463, 11693721494)
INFO:engine.post.parallel_aff_agglomerate:did not merge (11693721340, 11693721509)
INFO:engine.post.parallel_aff_agglomerate:did not merge (11693721072, 11693721446)
INFO:engine.post.parallel_aff_agglomerate:did not merge (11693721072, 11693721447)
INFO:engine.post.parallel_aff_agglomerate:did not merge (11693721072, 11693721462)
INFO:engine.post.parallel_aff_agglomerate:did not merge (11693721072, 11693721480)
INFO:engine.post.parallel_aff_agglomerate:did not merge (11693721072, 11693721481)
INFO:engine.post.parallel_aff_agglomerate:did not merge (11693721072, 11693721493)
INFO:engine.post.parallel_aff_agglomerate:did not merge (11693721072, 11693721531)
INFO:engine.post.parallel_aff_agglomerate:did not merge (11693721072, 11693721547)
INFO:engine.post.parallel_aff_agglomerate:did not merge (11693721072, 11693721773)
INFO:engine.post.parallel_aff_agglomerate:did not merge (11693721072, 11693721869)
INFO:engine.post.parallel_aff_agglomerate:did not merge (11693721072, 11693721963)
INFO:engine.post.parallel_aff_agglomerate:did not merge (11693722011, 11693722086)
INFO:engine.post.parallel_aff_agglomerate:did not merge (11693721989, 11693722086)
INFO:engine.post.parallel_aff_agglomerate:did not merge (11693721989, 11693722112)
INFO:engine.post.parallel_aff_agglomerate:did not merge (11693721989, 11693722113)
INFO:engine.post.parallel_aff_agglomerate:did not merge (11693722299, 11693722365)
INFO:engine.post.parallel_aff_agglomerate:did not merge (9680455622, 9680455731)
INFO:engine.post.parallel_aff_agglomerate:did not merge (9680455622, 9680455744)
INFO:engine.post.parallel_aff_agglomerate:did not merge (9680455748, 9680455840)
INFO:engine.post.parallel_aff_agglomerate:did not merge (9680455824, 9680455840)
INFO:engine.post.parallel_aff_agglomerate:did not merge (9680455959, 11794383278)
INFO:engine.post.parallel_aff_agglomerate:did not merge (11693722710, 11693722714)
INFO:engine.post.parallel_aff_agglomerate:did not merge (11693722710, 11693722838)
INFO:engine.post.parallel_aff_agglomerate:did not merge (11693722710, 11693722933)
INFO:engine.post.parallel_aff_agglomerate:did not merge (9680455989, 9680456060)
INFO:engine.post.parallel_aff_agglomerate:merged 3949 edges
INFO:engine.post.parallel_aff_agglomerate:Agglomerating in block [6640:7504, 496:2544, 496:2544] (864, 2048, 2048) with context of [6512:7632, 368:2672, 368:2672] (1120, 2304, 2304)
INFO:engine.post.parallel_aff_agglomerate:did not merge (251662627, 251662703)
INFO:engine.post.parallel_aff_agglomerate:did not merge (251662627, 251662720)
INFO:engine.post.parallel_aff_agglomerate:did not merge (301994581, 301994646)
INFO:engine.post.parallel_aff_agglomerate:did not merge (301994683, 301994741)
INFO:engine.post.parallel_aff_agglomerate:did not merge (301994709, 301994834)
INFO:engine.post.parallel_aff_agglomerate:merged 12862 edges
INFO:engine.post.parallel_aff_agglomerate:Agglomerating in block [6640:7504, 496:2544, 10736:12784] (864, 2048, 2048) with context of [6512:7632, 368:2672, 10608:12912] (1120, 2304, 2304)
INFO:engine.post.parallel_aff_agglomerate:did not merge (1493174562, 2147486568)
INFO:engine.post.parallel_aff_agglomerate:did not merge (2097155504, 2097155728)
INFO:engine.post.parallel_aff_agglomerate:did not merge (1543506932, 1543506933)
INFO:engine.post.parallel_aff_agglomerate:did not merge (1543506932, 1543507016)
INFO:engine.post.parallel_aff_agglomerate:did not merge (1543506932, 1543507114)
INFO:engine.post.parallel_aff_agglomerate:did not merge (1543506932, 1543507165)
INFO:engine.post.parallel_aff_agglomerate:did not merge (2147486730, 2147486941)
INFO:engine.post.parallel_aff_agglomerate:did not merge (2097155634, 2097155728)
INFO:engine.post.parallel_aff_agglomerate:did not merge (1493174634, 2147486486)
INFO:engine.post.parallel_aff_agglomerate:did not merge (2147486766, 2147486871)
INFO:engine.post.parallel_aff_agglomerate:did not merge (2147486766, 2147486882)
INFO:engine.post.parallel_aff_agglomerate:did not merge (2147486766, 2147486895)
INFO:engine.post.parallel_aff_agglomerate:did not merge (2147486766, 2986344831)
INFO:engine.post.parallel_aff_agglomerate:did not merge (2147486766, 2986344842)
INFO:engine.post.parallel_aff_agglomerate:did not merge (2147486823, 2147486951)
INFO:engine.post.parallel_aff_agglomerate:did not merge (2097155541, 2097155728)
INFO:engine.post.parallel_aff_agglomerate:did not merge (1023412900, 1023412968)
INFO:engine.post.parallel_aff_agglomerate:did not merge (1023412900, 1560281476)
INFO:engine.post.parallel_aff_agglomerate:merged 7997 edges
INFO:engine.post.parallel_aff_agglomerate:Agglomerating in block [6640:7504, 496:2544, 20976:23024] (864, 2048, 2048) with context of [6512:7632, 368:2672, 20848:23152] (1120, 2304, 2304)
INFO:engine.post.parallel_aff_agglomerate:did not merge (4882171942, 4882171967)
INFO:engine.post.parallel_aff_agglomerate:did not merge (4882171942, 4882171968)
INFO:engine.post.parallel_aff_agglomerate:did not merge (7717521454, 9529459303)
INFO:engine.post.parallel_aff_agglomerate:merged 3903 edges
INFO:engine.post.parallel_aff_agglomerate:Agglomerating in block [6640:7504, 2544:4592, 496:2544] (864, 2048, 2048) with context of [6512:7632, 2416:4720, 368:2672] (1120, 2304, 2304)
INFO:engine.post.parallel_aff_agglomerate:did not merge (301994023, 301994024)
INFO:engine.post.parallel_aff_agglomerate:did not merge (301994023, 301994044)
INFO:engine.post.parallel_aff_agglomerate:did not merge (301994023, 301994045)
INFO:engine.post.parallel_aff_agglomerate:did not merge (301994023, 301994046)
INFO:engine.post.parallel_aff_agglomerate:did not merge (301994023, 301994065)
INFO:engine.post.parallel_aff_agglomerate:did not merge (301994023, 301994070)
INFO:engine.post.parallel_aff_agglomerate:did not merge (301994023, 301994081)
INFO:engine.post.parallel_aff_agglomerate:did not merge (301994023, 301994090)
INFO:engine.post.parallel_aff_agglomerate:did not merge (301994023, 301994095)
INFO:engine.post.parallel_aff_agglomerate:did not merge (301994023, 301994096)
INFO:engine.post.parallel_aff_agglomerate:did not merge (301994023, 301994109)
INFO:engine.post.parallel_aff_agglomerate:did not merge (301994023, 301994127)
INFO:engine.post.parallel_aff_agglomerate:did not merge (301994023, 301994128)
INFO:engine.post.parallel_aff_agglomerate:did not merge (301994023, 301994129)
INFO:engine.post.parallel_aff_agglomerate:did not merge (301994023, 301994147)
INFO:engine.post.parallel_aff_agglomerate:did not merge (301994023, 301994161)
INFO:engine.post.parallel_aff_agglomerate:did not merge (301994023, 301994162)
INFO:engine.post.parallel_aff_agglomerate:did not merge (301994023, 301994163)
INFO:engine.post.parallel_aff_agglomerate:did not merge (301994023, 301994164)
INFO:engine.post.parallel_aff_agglomerate:did not merge (301994023, 301994166)
INFO:engine.post.parallel_aff_agglomerate:did not merge (301994023, 301994170)
INFO:engine.post.parallel_aff_agglomerate:did not merge (301994023, 301994181)
INFO:engine.post.parallel_aff_agglomerate:did not merge (301994023, 301994182)
INFO:engine.post.parallel_aff_agglomerate:did not merge (301994023, 301994183)
INFO:engine.post.parallel_aff_agglomerate:did not merge (301994023, 301994197)
INFO:engine.post.parallel_aff_agglomerate:did not merge (301994023, 301994198)
INFO:engine.post.parallel_aff_agglomerate:did not merge (301994023, 301994199)
INFO:engine.post.parallel_aff_agglomerate:did not merge (301994023, 301994200)
INFO:engine.post.parallel_aff_agglomerate:did not merge (301994023, 301994201)
INFO:engine.post.parallel_aff_agglomerate:did not merge (301994023, 301994223)
INFO:engine.post.parallel_aff_agglomerate:did not merge (301994023, 301994239)
INFO:engine.post.parallel_aff_agglomerate:did not merge (301994023, 301994240)
INFO:engine.post.parallel_aff_agglomerate:did not merge (301994023, 301994241)
INFO:engine.post.parallel_aff_agglomerate:did not merge (301994023, 301994242)
INFO:engine.post.parallel_aff_agglomerate:did not merge (301994023, 301994265)
INFO:engine.post.parallel_aff_agglomerate:did not merge (301994023, 301994266)
INFO:engine.post.parallel_aff_agglomerate:did not merge (301994023, 301994267)
INFO:engine.post.parallel_aff_agglomerate:did not merge (301994023, 301994268)
INFO:engine.post.parallel_aff_agglomerate:did not merge (301994023, 301994271)
INFO:engine.post.parallel_aff_agglomerate:did not merge (301994023, 301994272)
INFO:engine.post.parallel_aff_agglomerate:did not merge (301994023, 301994273)
INFO:engine.post.parallel_aff_agglomerate:did not merge (301994023, 301994285)
INFO:engine.post.parallel_aff_agglomerate:did not merge (301994023, 301994290)
INFO:engine.post.parallel_aff_agglomerate:did not merge (301994023, 301994312)
INFO:engine.post.parallel_aff_agglomerate:did not merge (301994023, 301994314)
INFO:engine.post.parallel_aff_agglomerate:did not merge (301994023, 301994331)
INFO:engine.post.parallel_aff_agglomerate:did not merge (301994023, 301994332)
INFO:engine.post.parallel_aff_agglomerate:did not merge (301994023, 301994333)
INFO:engine.post.parallel_aff_agglomerate:did not merge (301994023, 301994335)
INFO:engine.post.parallel_aff_agglomerate:did not merge (301994023, 301994349)
INFO:engine.post.parallel_aff_agglomerate:did not merge (301994023, 469765769)
INFO:engine.post.parallel_aff_agglomerate:did not merge (301994023, 469766105)
INFO:engine.post.parallel_aff_agglomerate:did not merge (469766370, 469766371)
INFO:engine.post.parallel_aff_agglomerate:did not merge (469766370, 469766437)
INFO:engine.post.parallel_aff_agglomerate:did not merge (469766370, 469766438)
INFO:engine.post.parallel_aff_agglomerate:did not merge (469766370, 469766668)
INFO:engine.post.parallel_aff_agglomerate:did not merge (469766370, 805306667)
INFO:engine.post.parallel_aff_agglomerate:did not merge (469766370, 805306967)
INFO:engine.post.parallel_aff_agglomerate:did not merge (536875086, 536875088)
INFO:engine.post.parallel_aff_agglomerate:did not merge (536875268, 536875345)
INFO:engine.post.parallel_aff_agglomerate:did not merge (469766592, 469766641)
INFO:engine.post.parallel_aff_agglomerate:did not merge (469766592, 469766668)
INFO:engine.post.parallel_aff_agglomerate:did not merge (536875397, 536875503)
INFO:engine.post.parallel_aff_agglomerate:did not merge (318767334, 318767583)
INFO:engine.post.parallel_aff_agglomerate:did not merge (318767334, 318767663)
INFO:engine.post.parallel_aff_agglomerate:did not merge (318767621, 318767663)
INFO:engine.post.parallel_aff_agglomerate:did not merge (318767434, 318767448)
INFO:engine.post.parallel_aff_agglomerate:did not merge (318767434, 318767481)
INFO:engine.post.parallel_aff_agglomerate:did not merge (318767434, 318767518)
INFO:engine.post.parallel_aff_agglomerate:did not merge (318767434, 318767544)
INFO:engine.post.parallel_aff_agglomerate:did not merge (318767434, 318767561)
INFO:engine.post.parallel_aff_agglomerate:did not merge (318767434, 318767703)
INFO:engine.post.parallel_aff_agglomerate:did not merge (318767434, 318767753)
INFO:engine.post.parallel_aff_agglomerate:did not merge (318767434, 318767770)
INFO:engine.post.parallel_aff_agglomerate:did not merge (318767434, 318767771)
INFO:engine.post.parallel_aff_agglomerate:did not merge (318767434, 318767772)
INFO:engine.post.parallel_aff_agglomerate:did not merge (318767434, 318767973)
INFO:engine.post.parallel_aff_agglomerate:did not merge (318767434, 318768115)
INFO:engine.post.parallel_aff_agglomerate:did not merge (318767434, 318768166)
INFO:engine.post.parallel_aff_agglomerate:did not merge (318767434, 318768351)
INFO:engine.post.parallel_aff_agglomerate:did not merge (318767214, 318767367)
INFO:engine.post.parallel_aff_agglomerate:did not merge (318767214, 318767402)
INFO:engine.post.parallel_aff_agglomerate:did not merge (318767214, 318767448)
INFO:engine.post.parallel_aff_agglomerate:did not merge (318767214, 318767477)
INFO:engine.post.parallel_aff_agglomerate:did not merge (318767214, 318767478)
INFO:engine.post.parallel_aff_agglomerate:did not merge (318767214, 318767497)
INFO:engine.post.parallel_aff_agglomerate:did not merge (318767214, 318767560)
INFO:engine.post.parallel_aff_agglomerate:did not merge (318767214, 318767581)
INFO:engine.post.parallel_aff_agglomerate:did not merge (318767214, 318767587)
INFO:engine.post.parallel_aff_agglomerate:did not merge (318767214, 318767727)
INFO:engine.post.parallel_aff_agglomerate:did not merge (318767214, 318767728)
INFO:engine.post.parallel_aff_agglomerate:did not merge (318767214, 318767729)
INFO:engine.post.parallel_aff_agglomerate:did not merge (318767214, 318767749)
INFO:engine.post.parallel_aff_agglomerate:did not merge (318767214, 318767751)
INFO:engine.post.parallel_aff_agglomerate:did not merge (318767214, 318767769)
INFO:engine.post.parallel_aff_agglomerate:did not merge (318767214, 318767791)
INFO:engine.post.parallel_aff_agglomerate:did not merge (318767214, 318767808)
INFO:engine.post.parallel_aff_agglomerate:did not merge (318767214, 318767818)
INFO:engine.post.parallel_aff_agglomerate:did not merge (318767214, 318767832)
INFO:engine.post.parallel_aff_agglomerate:did not merge (318767214, 318767846)
INFO:engine.post.parallel_aff_agglomerate:did not merge (318767214, 318767862)
INFO:engine.post.parallel_aff_agglomerate:did not merge (318767214, 318767880)
INFO:engine.post.parallel_aff_agglomerate:did not merge (318767214, 318767881)
INFO:engine.post.parallel_aff_agglomerate:did not merge (318767214, 318767882)
INFO:engine.post.parallel_aff_agglomerate:did not merge (318767214, 318767899)
INFO:engine.post.parallel_aff_agglomerate:did not merge (318767214, 318767900)
INFO:engine.post.parallel_aff_agglomerate:did not merge (318767214, 318767902)
INFO:engine.post.parallel_aff_agglomerate:did not merge (318767214, 318767903)
INFO:engine.post.parallel_aff_agglomerate:did not merge (318767214, 318767904)
INFO:engine.post.parallel_aff_agglomerate:did not merge (318767214, 318767918)
INFO:engine.post.parallel_aff_agglomerate:did not merge (318767214, 318767936)
INFO:engine.post.parallel_aff_agglomerate:did not merge (318767214, 318767937)
INFO:engine.post.parallel_aff_agglomerate:did not merge (318767214, 318767951)
INFO:engine.post.parallel_aff_agglomerate:did not merge (318767214, 318767972)
INFO:engine.post.parallel_aff_agglomerate:did not merge (318767214, 318768017)
INFO:engine.post.parallel_aff_agglomerate:did not merge (318767214, 318768018)
INFO:engine.post.parallel_aff_agglomerate:did not merge (318767214, 318768019)
INFO:engine.post.parallel_aff_agglomerate:did not merge (318767214, 318768048)
INFO:engine.post.parallel_aff_agglomerate:did not merge (318767214, 318768079)
INFO:engine.post.parallel_aff_agglomerate:did not merge (318767214, 318768080)
INFO:engine.post.parallel_aff_agglomerate:did not merge (318767214, 318768102)
INFO:engine.post.parallel_aff_agglomerate:did not merge (318767214, 318768115)
INFO:engine.post.parallel_aff_agglomerate:did not merge (318767214, 318768149)
INFO:engine.post.parallel_aff_agglomerate:did not merge (318767214, 318768150)
INFO:engine.post.parallel_aff_agglomerate:did not merge (318767214, 318768170)
INFO:engine.post.parallel_aff_agglomerate:did not merge (318767214, 318768199)
INFO:engine.post.parallel_aff_agglomerate:did not merge (318767214, 318768210)
INFO:engine.post.parallel_aff_agglomerate:did not merge (318767214, 318768351)
INFO:engine.post.parallel_aff_agglomerate:did not merge (318767214, 318768392)
INFO:engine.post.parallel_aff_agglomerate:did not merge (318767214, 318768476)
INFO:engine.post.parallel_aff_agglomerate:did not merge (318767214, 318768538)
INFO:engine.post.parallel_aff_agglomerate:did not merge (486540314, 805307175)
INFO:engine.post.parallel_aff_agglomerate:did not merge (318768352, 318768373)
INFO:engine.post.parallel_aff_agglomerate:did not merge (318768352, 318768374)
INFO:engine.post.parallel_aff_agglomerate:did not merge (318768352, 318768411)
INFO:engine.post.parallel_aff_agglomerate:did not merge (318768352, 318768476)
INFO:engine.post.parallel_aff_agglomerate:did not merge (318768352, 318768538)
INFO:engine.post.parallel_aff_agglomerate:did not merge (318768352, 318768598)
INFO:engine.post.parallel_aff_agglomerate:did not merge (318768821, 318768919)
INFO:engine.post.parallel_aff_agglomerate:did not merge (318768848, 318768873)
INFO:engine.post.parallel_aff_agglomerate:did not merge (318768888, 318768979)
INFO:engine.post.parallel_aff_agglomerate:merged 15955 edges
INFO:engine.post.parallel_aff_agglomerate:Agglomerating in block [6640:7504, 2544:4592, 10736:12784] (864, 2048, 2048) with context of [6512:7632, 2416:4720, 10608:12912] (1120, 2304, 2304)
INFO:engine.post.parallel_aff_agglomerate:did not merge (2969569892, 2969570077)
INFO:engine.post.parallel_aff_agglomerate:did not merge (2902461763, 2902461873)
INFO:engine.post.parallel_aff_agglomerate:did not merge (1543506812, 2147486600)
INFO:engine.post.parallel_aff_agglomerate:did not merge (1543506907, 1543506938)
INFO:engine.post.parallel_aff_agglomerate:did not merge (1543506907, 1543506965)
INFO:engine.post.parallel_aff_agglomerate:did not merge (1543506907, 1543507047)
INFO:engine.post.parallel_aff_agglomerate:did not merge (1543506907, 1543507080)
INFO:engine.post.parallel_aff_agglomerate:did not merge (1543506907, 1543507090)
INFO:engine.post.parallel_aff_agglomerate:did not merge (1543506907, 1543507091)
INFO:engine.post.parallel_aff_agglomerate:did not merge (1543506907, 1543507139)
INFO:engine.post.parallel_aff_agglomerate:did not merge (1543506907, 2231370005)
INFO:engine.post.parallel_aff_agglomerate:did not merge (1543506907, 2231370118)
INFO:engine.post.parallel_aff_agglomerate:did not merge (2969569925, 2969569973)
INFO:engine.post.parallel_aff_agglomerate:did not merge (2969569925, 2969569981)
INFO:engine.post.parallel_aff_agglomerate:did not merge (2969569925, 2969569982)
INFO:engine.post.parallel_aff_agglomerate:did not merge (2969569925, 2969569993)
INFO:engine.post.parallel_aff_agglomerate:did not merge (2969569925, 2969570007)
INFO:engine.post.parallel_aff_agglomerate:did not merge (2969569925, 2969570021)
INFO:engine.post.parallel_aff_agglomerate:did not merge (2969569925, 2969570033)
INFO:engine.post.parallel_aff_agglomerate:did not merge (2969569925, 2969570077)
INFO:engine.post.parallel_aff_agglomerate:did not merge (2214595421, 2214595444)
INFO:engine.post.parallel_aff_agglomerate:did not merge (2214595422, 2214595444)
INFO:engine.post.parallel_aff_agglomerate:did not merge (1543506932, 1543507114)
INFO:engine.post.parallel_aff_agglomerate:did not merge (1543506897, 1543507106)
INFO:engine.post.parallel_aff_agglomerate:did not merge (1543507027, 1543507139)
INFO:engine.post.parallel_aff_agglomerate:did not merge (2969570018, 2969570077)
INFO:engine.post.parallel_aff_agglomerate:did not merge (2969570018, 3992977717)
INFO:engine.post.parallel_aff_agglomerate:did not merge (2164261544, 2164261570)
INFO:engine.post.parallel_aff_agglomerate:did not merge (2164261544, 2164261764)
INFO:engine.post.parallel_aff_agglomerate:did not merge (2164261589, 2164261702)
INFO:engine.post.parallel_aff_agglomerate:did not merge (2164261703, 2164261764)
INFO:engine.post.parallel_aff_agglomerate:did not merge (1560282015, 1560282057)
INFO:engine.post.parallel_aff_agglomerate:did not merge (2164261343, 2164261489)
INFO:engine.post.parallel_aff_agglomerate:did not merge (2164261343, 2164261571)
INFO:engine.post.parallel_aff_agglomerate:did not merge (2919237811, 2919237940)
INFO:engine.post.parallel_aff_agglomerate:did not merge (2919237811, 2919237948)
INFO:engine.post.parallel_aff_agglomerate:did not merge (2919237811, 2919237950)
INFO:engine.post.parallel_aff_agglomerate:did not merge (2919237945, 2919237948)
INFO:engine.post.parallel_aff_agglomerate:did not merge (2919237945, 2919237950)
INFO:engine.post.parallel_aff_agglomerate:merged 12895 edges
INFO:engine.post.parallel_aff_agglomerate:Agglomerating in block [6640:7504, 2544:4592, 20976:23024] (864, 2048, 2048) with context of [6512:7632, 2416:4720, 20848:23152] (1120, 2304, 2304)
INFO:engine.post.parallel_aff_agglomerate:did not merge (7767853029, 7767853038)
INFO:engine.post.parallel_aff_agglomerate:did not merge (7767852981, 7767853020)
INFO:engine.post.parallel_aff_agglomerate:did not merge (7767852981, 7767853038)
INFO:engine.post.parallel_aff_agglomerate:did not merge (9596570963, 9596571144)
INFO:engine.post.parallel_aff_agglomerate:did not merge (9596570963, 11710497137)
INFO:engine.post.parallel_aff_agglomerate:did not merge (9596570910, 9596571024)
INFO:engine.post.parallel_aff_agglomerate:did not merge (9596570910, 9596571025)
INFO:engine.post.parallel_aff_agglomerate:did not merge (9596570910, 9596571036)
INFO:engine.post.parallel_aff_agglomerate:did not merge (9596570910, 9596571037)
INFO:engine.post.parallel_aff_agglomerate:did not merge (9596570910, 9596571046)
INFO:engine.post.parallel_aff_agglomerate:did not merge (9596570910, 9596571207)
INFO:engine.post.parallel_aff_agglomerate:did not merge (9596570910, 11710497200)
INFO:engine.post.parallel_aff_agglomerate:did not merge (9596570910, 11710497270)
INFO:engine.post.parallel_aff_agglomerate:did not merge (7717521343, 7717521379)
INFO:engine.post.parallel_aff_agglomerate:did not merge (6190794659, 6190794678)
INFO:engine.post.parallel_aff_agglomerate:did not merge (7717521454, 9529459303)
INFO:engine.post.parallel_aff_agglomerate:did not merge (9529460233, 9529460387)
INFO:engine.post.parallel_aff_agglomerate:did not merge (9529460594, 9529460674)
INFO:engine.post.parallel_aff_agglomerate:did not merge (9529460594, 11609834760)
INFO:engine.post.parallel_aff_agglomerate:did not merge (6190794733, 6190794789)
INFO:engine.post.parallel_aff_agglomerate:did not merge (6190794733, 7784628441)
INFO:engine.post.parallel_aff_agglomerate:did not merge (9596571188, 9596571398)
INFO:engine.post.parallel_aff_agglomerate:did not merge (7784628464, 7784628483)
INFO:engine.post.parallel_aff_agglomerate:did not merge (7784628464, 7784628587)
INFO:engine.post.parallel_aff_agglomerate:did not merge (9546236117, 9546236153)
INFO:engine.post.parallel_aff_agglomerate:did not merge (9546236117, 9546236697)
INFO:engine.post.parallel_aff_agglomerate:did not merge (7784629015, 7784629022)
INFO:engine.post.parallel_aff_agglomerate:did not merge (7784629015, 7784629066)
INFO:engine.post.parallel_aff_agglomerate:did not merge (7784629015, 7784629116)
INFO:engine.post.parallel_aff_agglomerate:did not merge (6257902420, 6257902446)
INFO:engine.post.parallel_aff_agglomerate:did not merge (7784629120, 7784629247)
INFO:engine.post.parallel_aff_agglomerate:did not merge (9546236937, 9546236940)
INFO:engine.post.parallel_aff_agglomerate:did not merge (9546236937, 11626611650)
INFO:engine.post.parallel_aff_agglomerate:did not merge (6257902434, 6257902446)
INFO:engine.post.parallel_aff_agglomerate:did not merge (6257902434, 6257902475)
INFO:engine.post.parallel_aff_agglomerate:merged 6756 edges
INFO:engine.post.parallel_aff_agglomerate:Agglomerating in block [6640:7504, 4592:6640, 496:2544] (864, 2048, 2048) with context of [6512:7632, 4464:6768, 368:2672] (1120, 2304, 2304)
INFO:engine.post.parallel_aff_agglomerate:did not merge (788532783, 1224740034)
INFO:engine.post.parallel_aff_agglomerate:did not merge (872418639, 872418640)
INFO:engine.post.parallel_aff_agglomerate:did not merge (872418639, 872418739)
INFO:engine.post.parallel_aff_agglomerate:did not merge (872418639, 872418842)
INFO:engine.post.parallel_aff_agglomerate:did not merge (536874608, 536874650)
INFO:engine.post.parallel_aff_agglomerate:did not merge (536874608, 536874651)
INFO:engine.post.parallel_aff_agglomerate:did not merge (536874608, 536874652)
INFO:engine.post.parallel_aff_agglomerate:did not merge (536874608, 536874674)
INFO:engine.post.parallel_aff_agglomerate:did not merge (536874608, 536874675)
INFO:engine.post.parallel_aff_agglomerate:did not merge (536874608, 536874730)
INFO:engine.post.parallel_aff_agglomerate:did not merge (536874608, 536874843)
INFO:engine.post.parallel_aff_agglomerate:did not merge (536874608, 536874870)
INFO:engine.post.parallel_aff_agglomerate:did not merge (536874608, 536874871)
INFO:engine.post.parallel_aff_agglomerate:did not merge (536874608, 536874872)
INFO:engine.post.parallel_aff_agglomerate:did not merge (536874608, 536874892)
INFO:engine.post.parallel_aff_agglomerate:did not merge (536874608, 536874893)
INFO:engine.post.parallel_aff_agglomerate:did not merge (536874608, 536874908)
INFO:engine.post.parallel_aff_agglomerate:did not merge (536874608, 536874909)
INFO:engine.post.parallel_aff_agglomerate:did not merge (536874608, 536874924)
INFO:engine.post.parallel_aff_agglomerate:did not merge (536874608, 536874962)
INFO:engine.post.parallel_aff_agglomerate:did not merge (536874608, 788532162)
INFO:engine.post.parallel_aff_agglomerate:did not merge (536874608, 788532352)
INFO:engine.post.parallel_aff_agglomerate:did not merge (536874608, 788532371)
INFO:engine.post.parallel_aff_agglomerate:did not merge (536874608, 788532567)
INFO:engine.post.parallel_aff_agglomerate:did not merge (536874608, 788532568)
INFO:engine.post.parallel_aff_agglomerate:did not merge (788532772, 788532902)
INFO:engine.post.parallel_aff_agglomerate:did not merge (788532763, 788533102)
INFO:engine.post.parallel_aff_agglomerate:did not merge (788532787, 788532902)
INFO:engine.post.parallel_aff_agglomerate:did not merge (788532737, 788532755)
INFO:engine.post.parallel_aff_agglomerate:did not merge (536875096, 788532510)
INFO:engine.post.parallel_aff_agglomerate:did not merge (872418379, 872418450)
INFO:engine.post.parallel_aff_agglomerate:did not merge (872418379, 872418463)
INFO:engine.post.parallel_aff_agglomerate:did not merge (301994663, 553648355)
INFO:engine.post.parallel_aff_agglomerate:did not merge (788532846, 788532902)
INFO:engine.post.parallel_aff_agglomerate:did not merge (872418754, 872418842)
INFO:engine.post.parallel_aff_agglomerate:did not merge (301994739, 301994787)
INFO:engine.post.parallel_aff_agglomerate:did not merge (301994739, 301994847)
INFO:engine.post.parallel_aff_agglomerate:did not merge (301994739, 301994868)
INFO:engine.post.parallel_aff_agglomerate:did not merge (301994739, 553648601)
INFO:engine.post.parallel_aff_agglomerate:did not merge (301994739, 553648618)
INFO:engine.post.parallel_aff_agglomerate:did not merge (301994739, 553648699)
INFO:engine.post.parallel_aff_agglomerate:did not merge (788532983, 788533102)
INFO:engine.post.parallel_aff_agglomerate:did not merge (788533007, 788533102)
INFO:engine.post.parallel_aff_agglomerate:did not merge (872419072, 872419157)
INFO:engine.post.parallel_aff_agglomerate:did not merge (301994756, 301994885)
INFO:engine.post.parallel_aff_agglomerate:did not merge (301994756, 301994915)
INFO:engine.post.parallel_aff_agglomerate:did not merge (301994756, 553648747)
INFO:engine.post.parallel_aff_agglomerate:did not merge (788532847, 788532902)
INFO:engine.post.parallel_aff_agglomerate:did not merge (788532847, 788533084)
INFO:engine.post.parallel_aff_agglomerate:did not merge (788532847, 788533093)
INFO:engine.post.parallel_aff_agglomerate:did not merge (788532847, 1241514577)
INFO:engine.post.parallel_aff_agglomerate:did not merge (301994704, 301994935)
INFO:engine.post.parallel_aff_agglomerate:did not merge (301994704, 553648767)
INFO:engine.post.parallel_aff_agglomerate:did not merge (788533061, 788533083)
INFO:engine.post.parallel_aff_agglomerate:did not merge (788533061, 788533139)
INFO:engine.post.parallel_aff_agglomerate:did not merge (872418755, 872418776)
INFO:engine.post.parallel_aff_agglomerate:did not merge (872418755, 872418841)
INFO:engine.post.parallel_aff_agglomerate:did not merge (872418755, 872418932)
INFO:engine.post.parallel_aff_agglomerate:did not merge (788533051, 788533064)
INFO:engine.post.parallel_aff_agglomerate:did not merge (872418830, 872418841)
INFO:engine.post.parallel_aff_agglomerate:did not merge (872418840, 872418841)
INFO:engine.post.parallel_aff_agglomerate:did not merge (553648535, 553648767)
INFO:engine.post.parallel_aff_agglomerate:did not merge (553648586, 553648747)
INFO:engine.post.parallel_aff_agglomerate:did not merge (553648586, 553648766)
INFO:engine.post.parallel_aff_agglomerate:did not merge (553648586, 553648785)
INFO:engine.post.parallel_aff_agglomerate:did not merge (553648759, 553648861)
INFO:engine.post.parallel_aff_agglomerate:did not merge (553648788, 553648886)
INFO:engine.post.parallel_aff_agglomerate:did not merge (553648954, 553649042)
INFO:engine.post.parallel_aff_agglomerate:did not merge (553648731, 553648744)
INFO:engine.post.parallel_aff_agglomerate:did not merge (553648731, 553648884)
INFO:engine.post.parallel_aff_agglomerate:did not merge (553648731, 553648905)
INFO:engine.post.parallel_aff_agglomerate:did not merge (553648731, 553648925)
INFO:engine.post.parallel_aff_agglomerate:did not merge (553648731, 553648949)
INFO:engine.post.parallel_aff_agglomerate:did not merge (553648731, 553648979)
INFO:engine.post.parallel_aff_agglomerate:did not merge (553648731, 553649025)
INFO:engine.post.parallel_aff_agglomerate:did not merge (553648731, 553649475)
INFO:engine.post.parallel_aff_agglomerate:did not merge (553648731, 553649499)
INFO:engine.post.parallel_aff_agglomerate:did not merge (553648731, 553649500)
INFO:engine.post.parallel_aff_agglomerate:did not merge (553648731, 553649512)
INFO:engine.post.parallel_aff_agglomerate:did not merge (553648813, 553649162)
INFO:engine.post.parallel_aff_agglomerate:did not merge (553648813, 553649235)
INFO:engine.post.parallel_aff_agglomerate:did not merge (553648813, 553649252)
INFO:engine.post.parallel_aff_agglomerate:did not merge (553648813, 553649342)
INFO:engine.post.parallel_aff_agglomerate:did not merge (553648813, 553649434)
INFO:engine.post.parallel_aff_agglomerate:did not merge (553648813, 553649445)
INFO:engine.post.parallel_aff_agglomerate:did not merge (553648813, 553649446)
INFO:engine.post.parallel_aff_agglomerate:did not merge (553648813, 553649458)
INFO:engine.post.parallel_aff_agglomerate:did not merge (553648813, 553649594)
INFO:engine.post.parallel_aff_agglomerate:did not merge (553648813, 553649615)
INFO:engine.post.parallel_aff_agglomerate:did not merge (805307617, 805307651)
INFO:engine.post.parallel_aff_agglomerate:did not merge (805307617, 805307713)
INFO:engine.post.parallel_aff_agglomerate:did not merge (805307617, 805307755)
INFO:engine.post.parallel_aff_agglomerate:did not merge (805307617, 805307795)
INFO:engine.post.parallel_aff_agglomerate:did not merge (805307593, 805307713)
INFO:engine.post.parallel_aff_agglomerate:did not merge (805307593, 805307914)
INFO:engine.post.parallel_aff_agglomerate:did not merge (553649781, 553650000)
INFO:engine.post.parallel_aff_agglomerate:did not merge (553649781, 553650014)
INFO:engine.post.parallel_aff_agglomerate:did not merge (553650028, 553650089)
INFO:engine.post.parallel_aff_agglomerate:did not merge (553650028, 553650219)
INFO:engine.post.parallel_aff_agglomerate:did not merge (553650015, 553650027)
INFO:engine.post.parallel_aff_agglomerate:did not merge (553650111, 553650385)
INFO:engine.post.parallel_aff_agglomerate:did not merge (553650189, 553650219)
INFO:engine.post.parallel_aff_agglomerate:did not merge (553650189, 553650385)
INFO:engine.post.parallel_aff_agglomerate:merged 18270 edges
INFO:engine.post.parallel_aff_agglomerate:Agglomerating in block [6640:7504, 4592:6640, 10736:12784] (864, 2048, 2048) with context of [6512:7632, 4464:6768, 10608:12912] (1120, 2304, 2304)
INFO:engine.post.parallel_aff_agglomerate:did not merge (2214595414, 2214595510)
INFO:engine.post.parallel_aff_agglomerate:did not merge (2214595362, 2969569808)
INFO:engine.post.parallel_aff_agglomerate:did not merge (2214595349, 2969569808)
INFO:engine.post.parallel_aff_agglomerate:did not merge (2969569719, 2969569720)
INFO:engine.post.parallel_aff_agglomerate:did not merge (2969569719, 2969569747)
INFO:engine.post.parallel_aff_agglomerate:did not merge (2969569719, 2969569824)
INFO:engine.post.parallel_aff_agglomerate:did not merge (2969569719, 3976202386)
INFO:engine.post.parallel_aff_agglomerate:did not merge (3053456435, 3053456436)
INFO:engine.post.parallel_aff_agglomerate:did not merge (2147486712, 2147486878)
INFO:engine.post.parallel_aff_agglomerate:did not merge (2147486712, 2986344838)
INFO:engine.post.parallel_aff_agglomerate:did not merge (3976202385, 3976202386)
INFO:engine.post.parallel_aff_agglomerate:did not merge (3976202385, 3976202403)
INFO:engine.post.parallel_aff_agglomerate:did not merge (3976202385, 3976202460)
INFO:engine.post.parallel_aff_agglomerate:did not merge (3976202385, 3976202515)
INFO:engine.post.parallel_aff_agglomerate:did not merge (3976202385, 3976202639)
INFO:engine.post.parallel_aff_agglomerate:did not merge (3976202385, 3976202857)
INFO:engine.post.parallel_aff_agglomerate:did not merge (2147486665, 2147486962)
INFO:engine.post.parallel_aff_agglomerate:did not merge (3976202649, 3976202722)
INFO:engine.post.parallel_aff_agglomerate:did not merge (3976202649, 3976202738)
INFO:engine.post.parallel_aff_agglomerate:did not merge (3976202649, 5200937253)
INFO:engine.post.parallel_aff_agglomerate:did not merge (2147486752, 2147486962)
INFO:engine.post.parallel_aff_agglomerate:did not merge (2147486926, 2147486962)
INFO:engine.post.parallel_aff_agglomerate:did not merge (2969570028, 3976202460)
INFO:engine.post.parallel_aff_agglomerate:did not merge (3053456543, 3053456544)
INFO:engine.post.parallel_aff_agglomerate:did not merge (3976202660, 3976202738)
INFO:engine.post.parallel_aff_agglomerate:did not merge (3976202660, 5200937253)
INFO:engine.post.parallel_aff_agglomerate:did not merge (2147486869, 2147486878)
INFO:engine.post.parallel_aff_agglomerate:did not merge (2147486869, 2986344838)
INFO:engine.post.parallel_aff_agglomerate:did not merge (2147486869, 2986344868)
INFO:engine.post.parallel_aff_agglomerate:did not merge (3892317492, 3892317502)
INFO:engine.post.parallel_aff_agglomerate:did not merge (3892317492, 5100273989)
INFO:engine.post.parallel_aff_agglomerate:did not merge (3892317535, 3892317554)
INFO:engine.post.parallel_aff_agglomerate:did not merge (3892317535, 5100273989)
INFO:engine.post.parallel_aff_agglomerate:did not merge (2214595542, 2214595558)
INFO:engine.post.parallel_aff_agglomerate:did not merge (2214595542, 2214595619)
INFO:engine.post.parallel_aff_agglomerate:did not merge (3053456573, 3053456637)
INFO:engine.post.parallel_aff_agglomerate:did not merge (3053456573, 3053456723)
INFO:engine.post.parallel_aff_agglomerate:did not merge (3053456573, 4093641066)
INFO:engine.post.parallel_aff_agglomerate:did not merge (2147487200, 2986344544)
INFO:engine.post.parallel_aff_agglomerate:did not merge (2147487200, 2986344899)
INFO:engine.post.parallel_aff_agglomerate:did not merge (2986344551, 2986344899)
INFO:engine.post.parallel_aff_agglomerate:did not merge (2986344673, 2986344838)
INFO:engine.post.parallel_aff_agglomerate:did not merge (2986344829, 2986344838)
INFO:engine.post.parallel_aff_agglomerate:did not merge (2986344829, 2986344868)
INFO:engine.post.parallel_aff_agglomerate:did not merge (2986345154, 2986345176)
INFO:engine.post.parallel_aff_agglomerate:did not merge (2986345154, 2986345226)
INFO:engine.post.parallel_aff_agglomerate:did not merge (2986345499, 2986345522)
INFO:engine.post.parallel_aff_agglomerate:did not merge (2986345499, 2986345619)
INFO:engine.post.parallel_aff_agglomerate:did not merge (2986345499, 2986345629)
INFO:engine.post.parallel_aff_agglomerate:did not merge (3909092780, 3909092815)
INFO:engine.post.parallel_aff_agglomerate:did not merge (3909092780, 3909092837)
INFO:engine.post.parallel_aff_agglomerate:did not merge (3909092780, 3909092859)
INFO:engine.post.parallel_aff_agglomerate:did not merge (2986345632, 2986345679)
INFO:engine.post.parallel_aff_agglomerate:did not merge (2986345632, 2986345782)
INFO:engine.post.parallel_aff_agglomerate:did not merge (2986345752, 2986345842)
INFO:engine.post.parallel_aff_agglomerate:did not merge (2986345752, 2986345865)
INFO:engine.post.parallel_aff_agglomerate:did not merge (2986345890, 2986345959)
INFO:engine.post.parallel_aff_agglomerate:did not merge (2986346136, 2986346336)
INFO:engine.post.parallel_aff_agglomerate:did not merge (2986346177, 2986346211)
INFO:engine.post.parallel_aff_agglomerate:did not merge (2986346177, 2986346336)
INFO:engine.post.parallel_aff_agglomerate:merged 9907 edges
INFO:engine.post.parallel_aff_agglomerate:Agglomerating in block [6640:7504, 4592:6640, 20976:23024] (864, 2048, 2048) with context of [6512:7632, 4464:6768, 20848:23152] (1120, 2304, 2304)
INFO:engine.post.parallel_aff_agglomerate:did not merge (9596570668, 9596570722)
INFO:engine.post.parallel_aff_agglomerate:did not merge (9596570668, 11693722557)
INFO:engine.post.parallel_aff_agglomerate:did not merge (7834962700, 9596570691)
INFO:engine.post.parallel_aff_agglomerate:did not merge (7834962677, 9596570691)
INFO:engine.post.parallel_aff_agglomerate:did not merge (9596571073, 11609835388)
INFO:engine.post.parallel_aff_agglomerate:did not merge (9596571073, 11609835424)
INFO:engine.post.parallel_aff_agglomerate:did not merge (9596570875, 9596570902)
INFO:engine.post.parallel_aff_agglomerate:did not merge (9596570875, 11693722166)
INFO:engine.post.parallel_aff_agglomerate:did not merge (9596570454, 9596570537)
INFO:engine.post.parallel_aff_agglomerate:did not merge (9596570454, 9596570574)
INFO:engine.post.parallel_aff_agglomerate:did not merge (9596570454, 9596570684)
INFO:engine.post.parallel_aff_agglomerate:did not merge (9596570454, 9596570707)
INFO:engine.post.parallel_aff_agglomerate:did not merge (9596570454, 9596570718)
INFO:engine.post.parallel_aff_agglomerate:did not merge (9596570454, 9596570727)
INFO:engine.post.parallel_aff_agglomerate:did not merge (9596570454, 9596570759)
INFO:engine.post.parallel_aff_agglomerate:did not merge (9596570454, 9596570773)
INFO:engine.post.parallel_aff_agglomerate:did not merge (9596570454, 9596570814)
INFO:engine.post.parallel_aff_agglomerate:did not merge (9596570454, 9596570943)
INFO:engine.post.parallel_aff_agglomerate:did not merge (9596571252, 11609835330)
INFO:engine.post.parallel_aff_agglomerate:did not merge (11609835222, 11609835287)
INFO:engine.post.parallel_aff_agglomerate:did not merge (11609835222, 11609835330)
INFO:engine.post.parallel_aff_agglomerate:did not merge (11609835222, 11609835386)
INFO:engine.post.parallel_aff_agglomerate:did not merge (11609835222, 11609835388)
INFO:engine.post.parallel_aff_agglomerate:did not merge (11609835222, 11609835457)
INFO:engine.post.parallel_aff_agglomerate:did not merge (11609835222, 11609835581)
INFO:engine.post.parallel_aff_agglomerate:did not merge (11609835222, 11609835662)
INFO:engine.post.parallel_aff_agglomerate:did not merge (11609835222, 13992198437)
INFO:engine.post.parallel_aff_agglomerate:did not merge (11609835531, 11609835581)
INFO:engine.post.parallel_aff_agglomerate:did not merge (11609835531, 11609835641)
INFO:engine.post.parallel_aff_agglomerate:did not merge (11609835531, 11609835670)
INFO:engine.post.parallel_aff_agglomerate:did not merge (11693722941, 11693723009)
INFO:engine.post.parallel_aff_agglomerate:did not merge (11693722941, 14092861732)
INFO:engine.post.parallel_aff_agglomerate:did not merge (9529460594, 9529460674)
INFO:engine.post.parallel_aff_agglomerate:did not merge (9613344857, 9613344906)
INFO:engine.post.parallel_aff_agglomerate:did not merge (9613345145, 9613345151)
INFO:engine.post.parallel_aff_agglomerate:did not merge (9613345145, 9613345165)
INFO:engine.post.parallel_aff_agglomerate:did not merge (9613345145, 9613345234)
INFO:engine.post.parallel_aff_agglomerate:did not merge (9613345145, 9613345279)
INFO:engine.post.parallel_aff_agglomerate:did not merge (9613345152, 9613345165)
INFO:engine.post.parallel_aff_agglomerate:did not merge (9613345152, 9613345234)
INFO:engine.post.parallel_aff_agglomerate:did not merge (9613345152, 9613345291)
INFO:engine.post.parallel_aff_agglomerate:did not merge (9613345152, 9613345320)
INFO:engine.post.parallel_aff_agglomerate:did not merge (9613345166, 9613345255)
INFO:engine.post.parallel_aff_agglomerate:did not merge (11626611013, 11626611072)
INFO:engine.post.parallel_aff_agglomerate:did not merge (11626611013, 11626611108)
INFO:engine.post.parallel_aff_agglomerate:did not merge (9613345155, 9613345222)
INFO:engine.post.parallel_aff_agglomerate:did not merge (9613345155, 9613345270)
INFO:engine.post.parallel_aff_agglomerate:did not merge (9613345155, 9613345278)
INFO:engine.post.parallel_aff_agglomerate:did not merge (9613345155, 9613345291)
INFO:engine.post.parallel_aff_agglomerate:did not merge (9613344858, 9613344911)
INFO:engine.post.parallel_aff_agglomerate:did not merge (9613344858, 11626610939)
INFO:engine.post.parallel_aff_agglomerate:did not merge (9613345293, 9613345409)
INFO:engine.post.parallel_aff_agglomerate:did not merge (9613345293, 9613345537)
INFO:engine.post.parallel_aff_agglomerate:did not merge (9613345527, 9613345609)
INFO:engine.post.parallel_aff_agglomerate:did not merge (9613344865, 9613345151)
INFO:engine.post.parallel_aff_agglomerate:did not merge (9613344865, 9613345165)
INFO:engine.post.parallel_aff_agglomerate:did not merge (9613344865, 9613345234)
INFO:engine.post.parallel_aff_agglomerate:did not merge (9613344865, 9613345279)
INFO:engine.post.parallel_aff_agglomerate:did not merge (9613344865, 9613345292)
INFO:engine.post.parallel_aff_agglomerate:did not merge (9613344865, 9613345384)
INFO:engine.post.parallel_aff_agglomerate:did not merge (9613344865, 9613345609)
INFO:engine.post.parallel_aff_agglomerate:did not merge (9613344865, 9613345630)
INFO:engine.post.parallel_aff_agglomerate:did not merge (9613344865, 9613345642)
INFO:engine.post.parallel_aff_agglomerate:did not merge (9613344865, 9613345675)
INFO:engine.post.parallel_aff_agglomerate:did not merge (9613344865, 9613345739)
INFO:engine.post.parallel_aff_agglomerate:did not merge (9613344865, 9613345799)
INFO:engine.post.parallel_aff_agglomerate:did not merge (9613344865, 9613345867)
INFO:engine.post.parallel_aff_agglomerate:did not merge (9613344865, 9613345962)
INFO:engine.post.parallel_aff_agglomerate:did not merge (9613344865, 9613346030)
INFO:engine.post.parallel_aff_agglomerate:did not merge (9613344865, 9613346038)
INFO:engine.post.parallel_aff_agglomerate:did not merge (9613344865, 9613346047)
INFO:engine.post.parallel_aff_agglomerate:did not merge (9613344865, 9613346048)
INFO:engine.post.parallel_aff_agglomerate:did not merge (9613344865, 9613346057)
INFO:engine.post.parallel_aff_agglomerate:did not merge (9613344865, 9613346164)
INFO:engine.post.parallel_aff_agglomerate:did not merge (9613345225, 9613345255)
INFO:engine.post.parallel_aff_agglomerate:did not merge (9613345225, 11626611072)
INFO:engine.post.parallel_aff_agglomerate:did not merge (11626611576, 11626611593)
INFO:engine.post.parallel_aff_agglomerate:did not merge (9613345722, 9613345761)
INFO:engine.post.parallel_aff_agglomerate:did not merge (9613345722, 9613345785)
INFO:engine.post.parallel_aff_agglomerate:did not merge (9613345722, 9613345846)
INFO:engine.post.parallel_aff_agglomerate:did not merge (9613345722, 9613346038)
INFO:engine.post.parallel_aff_agglomerate:did not merge (9613345722, 9613346155)
INFO:engine.post.parallel_aff_agglomerate:merged 8978 edges
INFO:engine.post.parallel_aff_agglomerate:Agglomerating in block [6640:7504, 6640:8688, 496:2544] (864, 2048, 2048) with context of [6512:7632, 6512:8816, 368:2672] (1120, 2304, 2304)
INFO:engine.post.parallel_aff_agglomerate:did not merge (788532783, 788532798)
INFO:engine.post.parallel_aff_agglomerate:did not merge (788532783, 1224740034)
INFO:engine.post.parallel_aff_agglomerate:did not merge (872418675, 1224739836)
INFO:engine.post.parallel_aff_agglomerate:did not merge (872418675, 1224739890)
INFO:engine.post.parallel_aff_agglomerate:did not merge (872418609, 1325400872)
INFO:engine.post.parallel_aff_agglomerate:did not merge (536875101, 536875175)
INFO:engine.post.parallel_aff_agglomerate:did not merge (536875101, 536875280)
INFO:engine.post.parallel_aff_agglomerate:did not merge (536875101, 788532618)
INFO:engine.post.parallel_aff_agglomerate:did not merge (872418530, 872418543)
INFO:engine.post.parallel_aff_agglomerate:did not merge (872418530, 872418555)
INFO:engine.post.parallel_aff_agglomerate:did not merge (1325400907, 1325400916)
INFO:engine.post.parallel_aff_agglomerate:did not merge (872418379, 872418450)
INFO:engine.post.parallel_aff_agglomerate:did not merge (872418379, 872418463)
INFO:engine.post.parallel_aff_agglomerate:did not merge (872418610, 1325400872)
INFO:engine.post.parallel_aff_agglomerate:did not merge (1325400943, 1325400949)
INFO:engine.post.parallel_aff_agglomerate:did not merge (1325400943, 1325400951)
INFO:engine.post.parallel_aff_agglomerate:did not merge (1325400943, 1325400982)
INFO:engine.post.parallel_aff_agglomerate:did not merge (1325400943, 1325400993)
INFO:engine.post.parallel_aff_agglomerate:did not merge (1325400943, 1325401017)
INFO:engine.post.parallel_aff_agglomerate:did not merge (1325400943, 1325401026)
INFO:engine.post.parallel_aff_agglomerate:did not merge (1325400943, 1929380001)
INFO:engine.post.parallel_aff_agglomerate:did not merge (1325400943, 1929380042)
INFO:engine.post.parallel_aff_agglomerate:did not merge (1325400939, 1325400982)
INFO:engine.post.parallel_aff_agglomerate:did not merge (1224740351, 1224740446)
INFO:engine.post.parallel_aff_agglomerate:did not merge (788532983, 788533102)
INFO:engine.post.parallel_aff_agglomerate:did not merge (788532983, 788533174)
INFO:engine.post.parallel_aff_agglomerate:did not merge (788532983, 1241514205)
INFO:engine.post.parallel_aff_agglomerate:did not merge (1224740408, 1811939741)
INFO:engine.post.parallel_aff_agglomerate:did not merge (1224740408, 1811939802)
INFO:engine.post.parallel_aff_agglomerate:did not merge (1325400990, 1325400998)
INFO:engine.post.parallel_aff_agglomerate:did not merge (1325400990, 1325401010)
INFO:engine.post.parallel_aff_agglomerate:did not merge (1325400990, 1325401018)
INFO:engine.post.parallel_aff_agglomerate:did not merge (1325400990, 1325401041)
INFO:engine.post.parallel_aff_agglomerate:did not merge (1325400990, 1929379966)
INFO:engine.post.parallel_aff_agglomerate:did not merge (1325400990, 1929379994)
INFO:engine.post.parallel_aff_agglomerate:did not merge (1325400990, 1929380002)
INFO:engine.post.parallel_aff_agglomerate:did not merge (1325400958, 1325400971)
INFO:engine.post.parallel_aff_agglomerate:did not merge (1325400958, 1325400972)
INFO:engine.post.parallel_aff_agglomerate:did not merge (1325400958, 1325401041)
INFO:engine.post.parallel_aff_agglomerate:did not merge (536875436, 536875535)
INFO:engine.post.parallel_aff_agglomerate:did not merge (1241514445, 1241514571)
INFO:engine.post.parallel_aff_agglomerate:did not merge (1241514421, 1241514571)
INFO:engine.post.parallel_aff_agglomerate:did not merge (889192578, 889192812)
INFO:engine.post.parallel_aff_agglomerate:did not merge (889192578, 889192935)
INFO:engine.post.parallel_aff_agglomerate:did not merge (889192578, 889192936)
INFO:engine.post.parallel_aff_agglomerate:did not merge (889192578, 889192977)
INFO:engine.post.parallel_aff_agglomerate:did not merge (889192578, 889192987)
INFO:engine.post.parallel_aff_agglomerate:did not merge (889192578, 889193009)
INFO:engine.post.parallel_aff_agglomerate:did not merge (889192578, 889193034)
INFO:engine.post.parallel_aff_agglomerate:did not merge (889192578, 889193035)
INFO:engine.post.parallel_aff_agglomerate:did not merge (889192578, 889193055)
INFO:engine.post.parallel_aff_agglomerate:did not merge (889192578, 889193071)
INFO:engine.post.parallel_aff_agglomerate:did not merge (889192578, 889193072)
INFO:engine.post.parallel_aff_agglomerate:did not merge (889192578, 889193095)
INFO:engine.post.parallel_aff_agglomerate:did not merge (889192578, 889193113)
INFO:engine.post.parallel_aff_agglomerate:did not merge (889192578, 889193159)
INFO:engine.post.parallel_aff_agglomerate:did not merge (889192578, 889193180)
INFO:engine.post.parallel_aff_agglomerate:did not merge (889192578, 889193216)
INFO:engine.post.parallel_aff_agglomerate:did not merge (889193262, 889193299)
INFO:engine.post.parallel_aff_agglomerate:did not merge (889193262, 889193302)
INFO:engine.post.parallel_aff_agglomerate:did not merge (889193262, 889193425)
INFO:engine.post.parallel_aff_agglomerate:did not merge (889193262, 889193448)
INFO:engine.post.parallel_aff_agglomerate:did not merge (889193262, 889193478)
INFO:engine.post.parallel_aff_agglomerate:did not merge (889193262, 889193591)
INFO:engine.post.parallel_aff_agglomerate:did not merge (889193262, 889193617)
INFO:engine.post.parallel_aff_agglomerate:did not merge (889193262, 889193636)
INFO:engine.post.parallel_aff_agglomerate:did not merge (889193545, 889193775)
INFO:engine.post.parallel_aff_agglomerate:did not merge (889193218, 889193525)
INFO:engine.post.parallel_aff_agglomerate:did not merge (889193218, 889193569)
INFO:engine.post.parallel_aff_agglomerate:did not merge (889193218, 889193594)
INFO:engine.post.parallel_aff_agglomerate:did not merge (889193480, 889193591)
INFO:engine.post.parallel_aff_agglomerate:did not merge (889193480, 889193617)
INFO:engine.post.parallel_aff_agglomerate:did not merge (889193480, 889193636)
INFO:engine.post.parallel_aff_agglomerate:did not merge (889193430, 889193539)
INFO:engine.post.parallel_aff_agglomerate:did not merge (889193430, 889193590)
INFO:engine.post.parallel_aff_agglomerate:did not merge (889193430, 889193719)
INFO:engine.post.parallel_aff_agglomerate:did not merge (889193430, 889194001)
INFO:engine.post.parallel_aff_agglomerate:did not merge (889193430, 889194078)
INFO:engine.post.parallel_aff_agglomerate:did not merge (889193430, 889194235)
INFO:engine.post.parallel_aff_agglomerate:did not merge (889193430, 889194261)
INFO:engine.post.parallel_aff_agglomerate:did not merge (889194080, 889194112)
INFO:engine.post.parallel_aff_agglomerate:did not merge (889194193, 889194217)
INFO:engine.post.parallel_aff_agglomerate:did not merge (889194194, 889194235)
INFO:engine.post.parallel_aff_agglomerate:did not merge (889194393, 889194680)
INFO:engine.post.parallel_aff_agglomerate:did not merge (889194431, 889194680)
INFO:engine.post.parallel_aff_agglomerate:did not merge (889194465, 889194680)
INFO:engine.post.parallel_aff_agglomerate:did not merge (889194733, 889194914)
INFO:engine.post.parallel_aff_agglomerate:did not merge (889194733, 889194971)
INFO:engine.post.parallel_aff_agglomerate:did not merge (1241515988, 1811941179)
INFO:engine.post.parallel_aff_agglomerate:did not merge (889194831, 889195069)
INFO:engine.post.parallel_aff_agglomerate:merged 13552 edges
INFO:engine.post.parallel_aff_agglomerate:Agglomerating in block [6640:7504, 6640:8688, 10736:12784] (864, 2048, 2048) with context of [6512:7632, 6512:8816, 10608:12912] (1120, 2304, 2304)
INFO:engine.post.parallel_aff_agglomerate:did not merge (2969569719, 2969569720)
INFO:engine.post.parallel_aff_agglomerate:did not merge (2969569719, 2969569747)
INFO:engine.post.parallel_aff_agglomerate:did not merge (2969569719, 2969569824)
INFO:engine.post.parallel_aff_agglomerate:did not merge (3976202385, 3976202403)
INFO:engine.post.parallel_aff_agglomerate:did not merge (3976202385, 3976202460)
INFO:engine.post.parallel_aff_agglomerate:did not merge (6492783652, 8153727209)
INFO:engine.post.parallel_aff_agglomerate:did not merge (2969570028, 3976202460)
INFO:engine.post.parallel_aff_agglomerate:did not merge (3053456573, 3053456723)
INFO:engine.post.parallel_aff_agglomerate:did not merge (3070230885, 3070230965)
INFO:engine.post.parallel_aff_agglomerate:did not merge (3070230885, 3070231008)
INFO:engine.post.parallel_aff_agglomerate:did not merge (3070230853, 3070230965)
INFO:engine.post.parallel_aff_agglomerate:did not merge (3992977837, 3992977843)
INFO:engine.post.parallel_aff_agglomerate:did not merge (3992977837, 3992977946)
INFO:engine.post.parallel_aff_agglomerate:did not merge (3070231020, 3070231042)
INFO:engine.post.parallel_aff_agglomerate:did not merge (3070231020, 3070231080)
INFO:engine.post.parallel_aff_agglomerate:did not merge (3070231020, 3070231106)
INFO:engine.post.parallel_aff_agglomerate:did not merge (3070231020, 3070231211)
INFO:engine.post.parallel_aff_agglomerate:did not merge (3070231020, 3070231266)
INFO:engine.post.parallel_aff_agglomerate:did not merge (3070231566, 3070231742)
INFO:engine.post.parallel_aff_agglomerate:did not merge (3070231566, 3070231743)
INFO:engine.post.parallel_aff_agglomerate:did not merge (3070231566, 3070231754)
INFO:engine.post.parallel_aff_agglomerate:did not merge (3070231557, 3070231634)
INFO:engine.post.parallel_aff_agglomerate:did not merge (3070231557, 3070231667)
INFO:engine.post.parallel_aff_agglomerate:did not merge (3070231557, 3070231742)
INFO:engine.post.parallel_aff_agglomerate:did not merge (3070231557, 3070231754)
INFO:engine.post.parallel_aff_agglomerate:did not merge (3070231557, 3992978451)
INFO:engine.post.parallel_aff_agglomerate:did not merge (3070231420, 3070231742)
INFO:engine.post.parallel_aff_agglomerate:did not merge (3070231420, 3070231743)
INFO:engine.post.parallel_aff_agglomerate:did not merge (3070231420, 3070231754)
INFO:engine.post.parallel_aff_agglomerate:did not merge (3070231420, 3070231871)
INFO:engine.post.parallel_aff_agglomerate:merged 8206 edges
INFO:engine.post.parallel_aff_agglomerate:Agglomerating in block [6640:7504, 6640:8688, 20976:23024] (864, 2048, 2048) with context of [6512:7632, 6512:8816, 20848:23152] (1120, 2304, 2304)
INFO:engine.post.parallel_aff_agglomerate:did not merge (9680455989, 9680455999)
INFO:engine.post.parallel_aff_agglomerate:did not merge (7834962428, 9596570549)
INFO:engine.post.parallel_aff_agglomerate:did not merge (9680455928, 9680456086)
INFO:engine.post.parallel_aff_agglomerate:did not merge (9680455928, 9680456152)
INFO:engine.post.parallel_aff_agglomerate:did not merge (9680455928, 9680456208)
INFO:engine.post.parallel_aff_agglomerate:did not merge (9680455928, 11693722439)
INFO:engine.post.parallel_aff_agglomerate:did not merge (9680455928, 11811160291)
INFO:engine.post.parallel_aff_agglomerate:did not merge (11693722546, 14076084908)
INFO:engine.post.parallel_aff_agglomerate:did not merge (13975423008, 13975423189)
INFO:engine.post.parallel_aff_agglomerate:did not merge (9680455905, 9680456137)
INFO:engine.post.parallel_aff_agglomerate:did not merge (9680455905, 9680456242)
INFO:engine.post.parallel_aff_agglomerate:did not merge (13975423013, 16659775630)
INFO:engine.post.parallel_aff_agglomerate:did not merge (13975422961, 13975422962)
INFO:engine.post.parallel_aff_agglomerate:did not merge (13975422961, 13975422989)
INFO:engine.post.parallel_aff_agglomerate:did not merge (9596571172, 9596571196)
INFO:engine.post.parallel_aff_agglomerate:did not merge (9596571172, 9596571351)
INFO:engine.post.parallel_aff_agglomerate:did not merge (9680456143, 9680456152)
INFO:engine.post.parallel_aff_agglomerate:did not merge (9680456143, 9680456208)
INFO:engine.post.parallel_aff_agglomerate:did not merge (11710497161, 11710497503)
INFO:engine.post.parallel_aff_agglomerate:did not merge (11710497195, 11710497315)
INFO:engine.post.parallel_aff_agglomerate:did not merge (11710497195, 11710497343)
INFO:engine.post.parallel_aff_agglomerate:did not merge (11710496987, 11710497189)
INFO:engine.post.parallel_aff_agglomerate:did not merge (11710497196, 11710497541)
INFO:engine.post.parallel_aff_agglomerate:did not merge (13992198491, 13992198585)
INFO:engine.post.parallel_aff_agglomerate:did not merge (11710497740, 11710497940)
INFO:engine.post.parallel_aff_agglomerate:did not merge (11710497740, 11710497951)
INFO:engine.post.parallel_aff_agglomerate:did not merge (11710497740, 11710498063)
INFO:engine.post.parallel_aff_agglomerate:did not merge (11710497963, 11710498063)
INFO:engine.post.parallel_aff_agglomerate:did not merge (11710498024, 11710498063)
INFO:engine.post.parallel_aff_agglomerate:did not merge (13992198795, 13992199117)
INFO:engine.post.parallel_aff_agglomerate:did not merge (11710498160, 11710498166)
INFO:engine.post.parallel_aff_agglomerate:did not merge (11710498181, 11710498484)
INFO:engine.post.parallel_aff_agglomerate:did not merge (11710497987, 11710498311)
INFO:engine.post.parallel_aff_agglomerate:did not merge (11710497987, 11710498321)
INFO:engine.post.parallel_aff_agglomerate:did not merge (11710497987, 11710498486)
INFO:engine.post.parallel_aff_agglomerate:did not merge (9697232119, 9697232217)
INFO:engine.post.parallel_aff_agglomerate:merged 5986 edges
INFO:engine.post.parallel_aff_agglomerate:Agglomerating in block [6640:7504, 8688:9104, 496:2544] (864, 416, 2048) with context of [6512:7632, 8560:9232, 368:2672] (1120, 672, 2304)
INFO:engine.post.parallel_aff_agglomerate:did not merge (872418596, 872418608)
INFO:engine.post.parallel_aff_agglomerate:did not merge (872418609, 1325400872)
INFO:engine.post.parallel_aff_agglomerate:did not merge (872418530, 872418543)
INFO:engine.post.parallel_aff_agglomerate:did not merge (872418530, 872418555)
INFO:engine.post.parallel_aff_agglomerate:did not merge (872418610, 1325400872)
INFO:engine.post.parallel_aff_agglomerate:did not merge (872418769, 872418818)
INFO:engine.post.parallel_aff_agglomerate:did not merge (872418808, 872418818)
INFO:engine.post.parallel_aff_agglomerate:did not merge (1811939813, 1811939951)
INFO:engine.post.parallel_aff_agglomerate:did not merge (1811939813, 1811939984)
INFO:engine.post.parallel_aff_agglomerate:did not merge (1342177667, 1342177842)
INFO:engine.post.parallel_aff_agglomerate:did not merge (1342177667, 1342177869)
INFO:engine.post.parallel_aff_agglomerate:did not merge (1811940222, 1811940554)
INFO:engine.post.parallel_aff_agglomerate:did not merge (1811940222, 1811940574)
INFO:engine.post.parallel_aff_agglomerate:did not merge (1811940373, 1811940554)
INFO:engine.post.parallel_aff_agglomerate:did not merge (1811940373, 1811940574)
INFO:engine.post.parallel_aff_agglomerate:did not merge (1811940373, 1811940605)
INFO:engine.post.parallel_aff_agglomerate:did not merge (1811940373, 1811940654)
INFO:engine.post.parallel_aff_agglomerate:did not merge (1811940943, 1811941041)
INFO:engine.post.parallel_aff_agglomerate:did not merge (1811940943, 1811941098)
INFO:engine.post.parallel_aff_agglomerate:did not merge (1811940943, 1811941131)
INFO:engine.post.parallel_aff_agglomerate:did not merge (1811940943, 1811941132)
INFO:engine.post.parallel_aff_agglomerate:did not merge (1811940943, 1811941382)
INFO:engine.post.parallel_aff_agglomerate:did not merge (1811940943, 2533360043)
INFO:engine.post.parallel_aff_agglomerate:merged 2981 edges
INFO:engine.post.parallel_aff_agglomerate:Agglomerating in block [6640:7504, 8688:9104, 6640:8688] (864, 416, 2048) with context of [6512:7632, 8560:9232, 6512:8816] (1120, 672, 2304)
INFO:engine.post.parallel_aff_agglomerate:did not merge (2298481285, 3154117267)
INFO:engine.post.parallel_aff_agglomerate:did not merge (2298481365, 2298481404)
INFO:engine.post.parallel_aff_agglomerate:did not merge (2298481461, 2298481641)
INFO:engine.post.parallel_aff_agglomerate:did not merge (2298481461, 3170894351)
INFO:engine.post.parallel_aff_agglomerate:did not merge (2298481441, 2298481473)
INFO:engine.post.parallel_aff_agglomerate:did not merge (2298481441, 2298481643)
INFO:engine.post.parallel_aff_agglomerate:did not merge (3170894171, 3170894351)
INFO:engine.post.parallel_aff_agglomerate:did not merge (3170894339, 3170894351)
INFO:engine.post.parallel_aff_agglomerate:did not merge (3170894339, 3170894531)
INFO:engine.post.parallel_aff_agglomerate:did not merge (3170894301, 3170894312)
INFO:engine.post.parallel_aff_agglomerate:did not merge (3170894301, 3170894313)
INFO:engine.post.parallel_aff_agglomerate:did not merge (3170894301, 3170894351)
INFO:engine.post.parallel_aff_agglomerate:did not merge (3170894301, 3170894380)
INFO:engine.post.parallel_aff_agglomerate:did not merge (3170894301, 3170894530)
INFO:engine.post.parallel_aff_agglomerate:did not merge (3170894301, 3170894531)
INFO:engine.post.parallel_aff_agglomerate:did not merge (3170894301, 3170894538)
INFO:engine.post.parallel_aff_agglomerate:did not merge (3170894301, 3170894565)
INFO:engine.post.parallel_aff_agglomerate:did not merge (3170894354, 3170894473)
INFO:engine.post.parallel_aff_agglomerate:did not merge (3170894417, 3170894485)
INFO:engine.post.parallel_aff_agglomerate:did not merge (3170894429, 3170894485)
INFO:engine.post.parallel_aff_agglomerate:did not merge (2415919705, 2415919734)
INFO:engine.post.parallel_aff_agglomerate:did not merge (2415919705, 2415919743)
INFO:engine.post.parallel_aff_agglomerate:did not merge (2415919705, 2415919744)
INFO:engine.post.parallel_aff_agglomerate:did not merge (3170894487, 3170894531)
INFO:engine.post.parallel_aff_agglomerate:did not merge (3170894512, 3170894531)
INFO:engine.post.parallel_aff_agglomerate:did not merge (3170894500, 3170894530)
INFO:engine.post.parallel_aff_agglomerate:did not merge (3170893913, 3170894010)
INFO:engine.post.parallel_aff_agglomerate:did not merge (3170893913, 3170894182)
INFO:engine.post.parallel_aff_agglomerate:did not merge (3170893913, 3170894276)
INFO:engine.post.parallel_aff_agglomerate:did not merge (3170893913, 3170894288)
INFO:engine.post.parallel_aff_agglomerate:did not merge (3170893913, 3170894416)
INFO:engine.post.parallel_aff_agglomerate:did not merge (3170893913, 3170894441)
INFO:engine.post.parallel_aff_agglomerate:did not merge (3170893913, 3170894473)
INFO:engine.post.parallel_aff_agglomerate:did not merge (3170893913, 4093640879)
INFO:engine.post.parallel_aff_agglomerate:did not merge (3170894641, 3170894862)
INFO:engine.post.parallel_aff_agglomerate:did not merge (3170894641, 3170894908)
INFO:engine.post.parallel_aff_agglomerate:did not merge (3170894701, 3170894862)
INFO:engine.post.parallel_aff_agglomerate:did not merge (3170894930, 3170895120)
INFO:engine.post.parallel_aff_agglomerate:did not merge (3170894945, 3170895120)
INFO:engine.post.parallel_aff_agglomerate:did not merge (3170895029, 3170895175)
INFO:engine.post.parallel_aff_agglomerate:did not merge (3170895029, 3170895521)
INFO:engine.post.parallel_aff_agglomerate:did not merge (3170895029, 3170895536)
INFO:engine.post.parallel_aff_agglomerate:did not merge (3170895029, 3170895550)
INFO:engine.post.parallel_aff_agglomerate:did not merge (3170895029, 3170895621)
INFO:engine.post.parallel_aff_agglomerate:did not merge (3170894976, 3170895120)
INFO:engine.post.parallel_aff_agglomerate:did not merge (4093642137, 4093642160)
INFO:engine.post.parallel_aff_agglomerate:did not merge (3170895233, 3170895373)
INFO:engine.post.parallel_aff_agglomerate:did not merge (3170895233, 3170895375)
INFO:engine.post.parallel_aff_agglomerate:did not merge (3170895233, 3170895478)
INFO:engine.post.parallel_aff_agglomerate:did not merge (2415920223, 3288334489)
INFO:engine.post.parallel_aff_agglomerate:did not merge (3170894666, 3170895621)
INFO:engine.post.parallel_aff_agglomerate:did not merge (3170895410, 3170895549)
INFO:engine.post.parallel_aff_agglomerate:did not merge (4093642428, 4093642536)
INFO:engine.post.parallel_aff_agglomerate:did not merge (3170895391, 3170895478)
INFO:engine.post.parallel_aff_agglomerate:did not merge (3170895391, 3170895497)
INFO:engine.post.parallel_aff_agglomerate:did not merge (3170895524, 3170895685)
INFO:engine.post.parallel_aff_agglomerate:did not merge (4093642734, 4093642859)
INFO:engine.post.parallel_aff_agglomerate:did not merge (4093642734, 4093642862)
INFO:engine.post.parallel_aff_agglomerate:did not merge (4093642734, 4093642871)
INFO:engine.post.parallel_aff_agglomerate:did not merge (3170895738, 3170895884)
INFO:engine.post.parallel_aff_agglomerate:did not merge (3170895739, 3170895893)
INFO:engine.post.parallel_aff_agglomerate:did not merge (3170895746, 3170895890)
INFO:engine.post.parallel_aff_agglomerate:merged 5033 edges
INFO:engine.post.parallel_aff_agglomerate:Agglomerating in block [6640:7504, 8688:9104, 16880:18928] (864, 416, 2048) with context of [6512:7632, 8560:9232, 16752:19056] (1120, 672, 2304)
INFO:engine.post.parallel_aff_agglomerate:did not merge (7918847902, 7918847971)
INFO:engine.post.parallel_aff_agglomerate:did not merge (7918847902, 7918847983)
INFO:engine.post.parallel_aff_agglomerate:did not merge (7918847902, 9781117417)
INFO:engine.post.parallel_aff_agglomerate:did not merge (7918847902, 9797894397)
INFO:engine.post.parallel_aff_agglomerate:did not merge (11794383403, 11794383411)
INFO:engine.post.parallel_aff_agglomerate:did not merge (11794383408, 11794383411)
INFO:engine.post.parallel_aff_agglomerate:did not merge (11794383406, 11794383411)
INFO:engine.post.parallel_aff_agglomerate:did not merge (11794383407, 11794383411)
INFO:engine.post.parallel_aff_agglomerate:did not merge (11811160466, 11811160542)
INFO:engine.post.parallel_aff_agglomerate:did not merge (9797894883, 9797894932)
INFO:engine.post.parallel_aff_agglomerate:merged 1703 edges
INFO:engine.post.parallel_aff_agglomerate:Agglomerating in block [6640:7504, 8688:9104, 27120:29168] (864, 416, 2048) with context of [6512:7632, 8560:9232, 26992:29296] (1120, 672, 2304)
INFO:engine.post.parallel_aff_agglomerate:did not merge (19411241734, 19411241822)
INFO:engine.post.parallel_aff_agglomerate:did not merge (19411241734, 19411241828)
INFO:engine.post.parallel_aff_agglomerate:did not merge (19411241734, 19411241956)
INFO:engine.post.parallel_aff_agglomerate:did not merge (19411241734, 22716350631)
INFO:engine.post.parallel_aff_agglomerate:did not merge (22699574123, 26222788818)
INFO:engine.post.parallel_aff_agglomerate:did not merge (22699574123, 26222788823)
INFO:engine.post.parallel_aff_agglomerate:did not merge (22699574123, 26222788827)
INFO:engine.post.parallel_aff_agglomerate:did not merge (19411241957, 22716350764)
INFO:engine.post.parallel_aff_agglomerate:did not merge (22833791147, 22833791181)
INFO:engine.post.parallel_aff_agglomerate:did not merge (22833791147, 22833791183)
INFO:engine.post.parallel_aff_agglomerate:did not merge (22833791147, 22833791188)
INFO:engine.post.parallel_aff_agglomerate:did not merge (22833791147, 22833791193)
INFO:engine.post.parallel_aff_agglomerate:did not merge (22833791147, 22833791198)
INFO:engine.post.parallel_aff_agglomerate:did not merge (22833791147, 22833791219)
INFO:engine.post.parallel_aff_agglomerate:did not merge (22716351402, 22716351585)
INFO:engine.post.parallel_aff_agglomerate:did not merge (22716351402, 22716351590)
INFO:engine.post.parallel_aff_agglomerate:did not merge (22716351402, 22716351591)
INFO:engine.post.parallel_aff_agglomerate:merged 2146 edges
