INFO:root:worker 1 started...
INFO:root:epsilon_agglomerate: 0.25
INFO:root:mask_file: None
INFO:root:mask_dataset: None
INFO:root:filter_fragments: 0.0
INFO:root:cfg.INS_SEGMENT.THRESHOLD 0.5
INFO:root:Running block with config daisy_logs/p667Em047677EsbCrop_fragments/config_1.yaml...
wandb: Currently logged in as: sm2667 (iconnect). Use `wandb login --relogin` to force relogin
INFO:root:Reading affs from /media/samia/DATA/mounts/cephfs/catena/lsd_outputs/AFF/3d/HEMI/model_checkpoint_300000/P667_EM04767_7_ESB_crop.zarr
INFO:root:Opening RAG DB...
INFO:root:RAG DB opened
INFO:engine.post.parallel_aff_agglomerate:Agglomerating in block [496:2544, 496:2544, 2544:4592] (2048, 2048, 2048) with context of [368:2672, 368:2672, 2416:4720] (2304, 2304, 2304)
INFO:engine.post.parallel_aff_agglomerate:merged 20014 edges
INFO:engine.post.parallel_aff_agglomerate:Agglomerating in block [496:2544, 496:2544, 14832:16880] (2048, 2048, 2048) with context of [368:2672, 368:2672, 14704:17008] (2304, 2304, 2304)
INFO:engine.post.parallel_aff_agglomerate:merged 17094 edges
INFO:engine.post.parallel_aff_agglomerate:Agglomerating in block [496:2544, 496:2544, 25072:27120] (2048, 2048, 2048) with context of [368:2672, 368:2672, 24944:27248] (2304, 2304, 2304)
INFO:engine.post.parallel_aff_agglomerate:merged 21487 edges
INFO:engine.post.parallel_aff_agglomerate:Agglomerating in block [496:2544, 2544:4592, 8688:10736] (2048, 2048, 2048) with context of [368:2672, 2416:4720, 8560:10864] (2304, 2304, 2304)
INFO:engine.post.parallel_aff_agglomerate:did not merge (335544412, 335544487)
INFO:engine.post.parallel_aff_agglomerate:did not merge (167772269, 167772294)
INFO:engine.post.parallel_aff_agglomerate:did not merge (167772269, 167772302)
INFO:engine.post.parallel_aff_agglomerate:did not merge (167772269, 167772317)
INFO:engine.post.parallel_aff_agglomerate:did not merge (167772269, 167772358)
INFO:engine.post.parallel_aff_agglomerate:did not merge (167772269, 167772370)
INFO:engine.post.parallel_aff_agglomerate:did not merge (167772269, 167772476)
INFO:engine.post.parallel_aff_agglomerate:did not merge (167772269, 167772485)
INFO:engine.post.parallel_aff_agglomerate:did not merge (167772269, 167772500)
INFO:engine.post.parallel_aff_agglomerate:did not merge (167772269, 167772533)
INFO:engine.post.parallel_aff_agglomerate:did not merge (167772269, 352321761)
INFO:engine.post.parallel_aff_agglomerate:did not merge (335544406, 335544562)
INFO:engine.post.parallel_aff_agglomerate:did not merge (335544406, 335544666)
INFO:engine.post.parallel_aff_agglomerate:did not merge (335544406, 335544891)
INFO:engine.post.parallel_aff_agglomerate:did not merge (335544403, 335544612)
INFO:engine.post.parallel_aff_agglomerate:did not merge (335545229, 335545484)
INFO:engine.post.parallel_aff_agglomerate:did not merge (335545563, 335545590)
INFO:engine.post.parallel_aff_agglomerate:did not merge (335545476, 335545533)
INFO:engine.post.parallel_aff_agglomerate:did not merge (335545631, 335545663)
INFO:engine.post.parallel_aff_agglomerate:did not merge (335545631, 335545673)
INFO:engine.post.parallel_aff_agglomerate:did not merge (335545641, 335545663)
INFO:engine.post.parallel_aff_agglomerate:did not merge (335545641, 335545673)
INFO:engine.post.parallel_aff_agglomerate:did not merge (335545651, 335545688)
INFO:engine.post.parallel_aff_agglomerate:did not merge (335545651, 335545699)
INFO:engine.post.parallel_aff_agglomerate:did not merge (335546077, 335546103)
INFO:engine.post.parallel_aff_agglomerate:did not merge (335546138, 335546284)
INFO:engine.post.parallel_aff_agglomerate:did not merge (335546485, 335546732)
INFO:engine.post.parallel_aff_agglomerate:did not merge (335546485, 335546741)
INFO:engine.post.parallel_aff_agglomerate:did not merge (335546485, 335546754)
INFO:engine.post.parallel_aff_agglomerate:did not merge (335546649, 335546662)
INFO:engine.post.parallel_aff_agglomerate:did not merge (335546039, 335546396)
INFO:engine.post.parallel_aff_agglomerate:did not merge (335546039, 335546514)
INFO:engine.post.parallel_aff_agglomerate:did not merge (335546039, 335546953)
INFO:engine.post.parallel_aff_agglomerate:did not merge (335546039, 335546959)
INFO:engine.post.parallel_aff_agglomerate:did not merge (335546039, 335547060)
INFO:engine.post.parallel_aff_agglomerate:did not merge (335546992, 335547044)
INFO:engine.post.parallel_aff_agglomerate:did not merge (335547027, 335547060)
INFO:engine.post.parallel_aff_agglomerate:merged 18945 edges
INFO:engine.post.parallel_aff_agglomerate:Agglomerating in block [496:2544, 2544:4592, 16880:18928] (2048, 2048, 2048) with context of [368:2672, 2416:4720, 16752:19056] (2304, 2304, 2304)
INFO:engine.post.parallel_aff_agglomerate:did not merge (2013266063, 2013266128)
INFO:engine.post.parallel_aff_agglomerate:did not merge (2013266027, 2013266089)
INFO:engine.post.parallel_aff_agglomerate:did not merge (2013266027, 2013266128)
INFO:engine.post.parallel_aff_agglomerate:did not merge (2013266027, 2013266178)
INFO:engine.post.parallel_aff_agglomerate:did not merge (2013266027, 2013266192)
INFO:engine.post.parallel_aff_agglomerate:did not merge (2013266027, 2013266202)
INFO:engine.post.parallel_aff_agglomerate:did not merge (2013266027, 2013266203)
INFO:engine.post.parallel_aff_agglomerate:did not merge (1409286368, 1409286390)
INFO:engine.post.parallel_aff_agglomerate:did not merge (2013266194, 2013266351)
INFO:engine.post.parallel_aff_agglomerate:did not merge (1409286259, 1409286473)
INFO:engine.post.parallel_aff_agglomerate:did not merge (1409286488, 1409286539)
INFO:engine.post.parallel_aff_agglomerate:did not merge (2013266485, 2013266512)
INFO:engine.post.parallel_aff_agglomerate:did not merge (2013266812, 2013266824)
INFO:engine.post.parallel_aff_agglomerate:did not merge (1409286994, 1409287004)
INFO:engine.post.parallel_aff_agglomerate:did not merge (1409286994, 1409287038)
INFO:engine.post.parallel_aff_agglomerate:did not merge (1409286994, 1409287070)
INFO:engine.post.parallel_aff_agglomerate:did not merge (1409286994, 1409287125)
INFO:engine.post.parallel_aff_agglomerate:did not merge (1409286994, 1409287140)
INFO:engine.post.parallel_aff_agglomerate:did not merge (1409286994, 2030044405)
INFO:engine.post.parallel_aff_agglomerate:did not merge (2013266911, 2013266920)
INFO:engine.post.parallel_aff_agglomerate:did not merge (2013266911, 2013266975)
INFO:engine.post.parallel_aff_agglomerate:did not merge (2768241789, 2768241911)
INFO:engine.post.parallel_aff_agglomerate:did not merge (2768241789, 2768242400)
INFO:engine.post.parallel_aff_agglomerate:did not merge (2768241890, 2768241911)
INFO:engine.post.parallel_aff_agglomerate:did not merge (2768241890, 2768242400)
INFO:engine.post.parallel_aff_agglomerate:did not merge (2768241952, 2768242400)
INFO:engine.post.parallel_aff_agglomerate:did not merge (1409287433, 1409287533)
INFO:engine.post.parallel_aff_agglomerate:did not merge (1409287433, 1409287590)
INFO:engine.post.parallel_aff_agglomerate:did not merge (1409287622, 1409287720)
INFO:engine.post.parallel_aff_agglomerate:did not merge (1409287622, 1409287757)
INFO:engine.post.parallel_aff_agglomerate:did not merge (2013267521, 2013267675)
INFO:engine.post.parallel_aff_agglomerate:did not merge (2013267538, 2013267566)
INFO:engine.post.parallel_aff_agglomerate:did not merge (1409287679, 1409287757)
INFO:engine.post.parallel_aff_agglomerate:did not merge (2013267537, 2013267606)
INFO:engine.post.parallel_aff_agglomerate:did not merge (2013267537, 2013267675)
INFO:engine.post.parallel_aff_agglomerate:did not merge (1409287829, 1409287847)
INFO:engine.post.parallel_aff_agglomerate:did not merge (2013267831, 2013267841)
INFO:engine.post.parallel_aff_agglomerate:did not merge (2013267832, 2013267841)
INFO:engine.post.parallel_aff_agglomerate:did not merge (1409288009, 2013267618)
INFO:engine.post.parallel_aff_agglomerate:did not merge (2013268151, 2013268229)
INFO:engine.post.parallel_aff_agglomerate:did not merge (2013268151, 2013268297)
INFO:engine.post.parallel_aff_agglomerate:did not merge (2013268151, 2013268298)
INFO:engine.post.parallel_aff_agglomerate:did not merge (2013268151, 2013268549)
INFO:engine.post.parallel_aff_agglomerate:did not merge (2013268074, 2013268190)
INFO:engine.post.parallel_aff_agglomerate:did not merge (2013268074, 2013268257)
INFO:engine.post.parallel_aff_agglomerate:did not merge (2013268074, 2013268366)
INFO:engine.post.parallel_aff_agglomerate:did not merge (2013268074, 2013268381)
INFO:engine.post.parallel_aff_agglomerate:did not merge (2013268074, 2013268391)
INFO:engine.post.parallel_aff_agglomerate:did not merge (2013268232, 2013268320)
INFO:engine.post.parallel_aff_agglomerate:did not merge (2013268232, 2013268328)
INFO:engine.post.parallel_aff_agglomerate:did not merge (2013268232, 2013268329)
INFO:engine.post.parallel_aff_agglomerate:did not merge (2013268232, 2013268341)
INFO:engine.post.parallel_aff_agglomerate:did not merge (2013268232, 2013268366)
INFO:engine.post.parallel_aff_agglomerate:did not merge (2013268232, 2013268391)
INFO:engine.post.parallel_aff_agglomerate:did not merge (2013267814, 2013268549)
INFO:engine.post.parallel_aff_agglomerate:did not merge (2013267814, 2013268578)
INFO:engine.post.parallel_aff_agglomerate:merged 25692 edges
INFO:engine.post.parallel_aff_agglomerate:Agglomerating in block [496:2544, 2544:4592, 27120:29168] (2048, 2048, 2048) with context of [368:2672, 2416:4720, 26992:29296] (2304, 2304, 2304)
INFO:engine.post.parallel_aff_agglomerate:did not merge (7633633365, 7633633516)
INFO:engine.post.parallel_aff_agglomerate:did not merge (6106906700, 6106906804)
INFO:engine.post.parallel_aff_agglomerate:did not merge (7633633487, 7633633516)
INFO:engine.post.parallel_aff_agglomerate:did not merge (7633633793, 7633633961)
INFO:engine.post.parallel_aff_agglomerate:did not merge (7633633779, 7633633819)
INFO:engine.post.parallel_aff_agglomerate:did not merge (7633633984, 7633634033)
INFO:engine.post.parallel_aff_agglomerate:did not merge (7633633984, 7633634100)
INFO:engine.post.parallel_aff_agglomerate:did not merge (7633634191, 7633634205)
INFO:engine.post.parallel_aff_agglomerate:did not merge (7633634182, 7633634306)
INFO:engine.post.parallel_aff_agglomerate:did not merge (7633634475, 7633634497)
INFO:engine.post.parallel_aff_agglomerate:did not merge (7633634475, 7633634572)
INFO:engine.post.parallel_aff_agglomerate:did not merge (9395241196, 9395241210)
INFO:engine.post.parallel_aff_agglomerate:did not merge (9395241196, 9395241212)
INFO:engine.post.parallel_aff_agglomerate:did not merge (7633634498, 7633634536)
INFO:engine.post.parallel_aff_agglomerate:did not merge (7633634498, 7633634548)
INFO:engine.post.parallel_aff_agglomerate:did not merge (7633634498, 7633634564)
INFO:engine.post.parallel_aff_agglomerate:did not merge (7633634498, 7633634700)
INFO:engine.post.parallel_aff_agglomerate:did not merge (7633634498, 7633634766)
INFO:engine.post.parallel_aff_agglomerate:did not merge (7633634498, 9395241212)
INFO:engine.post.parallel_aff_agglomerate:did not merge (7633634552, 7633634572)
INFO:engine.post.parallel_aff_agglomerate:did not merge (7633634527, 7633634537)
INFO:engine.post.parallel_aff_agglomerate:did not merge (7633634527, 7633634549)
INFO:engine.post.parallel_aff_agglomerate:did not merge (7633634855, 7633634886)
INFO:engine.post.parallel_aff_agglomerate:did not merge (7633634855, 7633634938)
INFO:engine.post.parallel_aff_agglomerate:did not merge (7633634594, 7633634886)
INFO:engine.post.parallel_aff_agglomerate:did not merge (7633634594, 7633635008)
INFO:engine.post.parallel_aff_agglomerate:did not merge (7633634594, 7633635268)
INFO:engine.post.parallel_aff_agglomerate:did not merge (7633634594, 7633635341)
INFO:engine.post.parallel_aff_agglomerate:did not merge (7633634594, 7633635362)
INFO:engine.post.parallel_aff_agglomerate:did not merge (7633634594, 7633635363)
INFO:engine.post.parallel_aff_agglomerate:did not merge (7633634594, 7633635365)
INFO:engine.post.parallel_aff_agglomerate:did not merge (7633634594, 7633635384)
INFO:engine.post.parallel_aff_agglomerate:did not merge (7633634594, 7633635510)
INFO:engine.post.parallel_aff_agglomerate:did not merge (7633634594, 7633635511)
INFO:engine.post.parallel_aff_agglomerate:did not merge (7633634594, 7633635572)
INFO:engine.post.parallel_aff_agglomerate:did not merge (7633634594, 7633635722)
INFO:engine.post.parallel_aff_agglomerate:did not merge (7633634594, 7633635723)
INFO:engine.post.parallel_aff_agglomerate:did not merge (7633634594, 7633635738)
INFO:engine.post.parallel_aff_agglomerate:did not merge (7633634991, 7633635008)
INFO:engine.post.parallel_aff_agglomerate:did not merge (6106908551, 6106908667)
INFO:engine.post.parallel_aff_agglomerate:did not merge (7633635118, 7633635245)
INFO:engine.post.parallel_aff_agglomerate:did not merge (7633635190, 7633635213)
INFO:engine.post.parallel_aff_agglomerate:did not merge (7633635190, 7633635232)
INFO:engine.post.parallel_aff_agglomerate:did not merge (7633635342, 7633635363)
INFO:engine.post.parallel_aff_agglomerate:did not merge (7633635342, 7633635365)
INFO:engine.post.parallel_aff_agglomerate:did not merge (7633635342, 7633635384)
INFO:engine.post.parallel_aff_agglomerate:did not merge (7633635342, 7633635511)
INFO:engine.post.parallel_aff_agglomerate:did not merge (7633634727, 7633634766)
INFO:engine.post.parallel_aff_agglomerate:did not merge (7633634727, 7633635521)
INFO:engine.post.parallel_aff_agglomerate:did not merge (7633634727, 7633635607)
INFO:engine.post.parallel_aff_agglomerate:did not merge (7633634727, 7633635610)
INFO:engine.post.parallel_aff_agglomerate:did not merge (7633634727, 7633635623)
INFO:engine.post.parallel_aff_agglomerate:did not merge (7633634727, 7633635724)
INFO:engine.post.parallel_aff_agglomerate:did not merge (7633634727, 7633635865)
INFO:engine.post.parallel_aff_agglomerate:did not merge (7633634727, 7633636214)
INFO:engine.post.parallel_aff_agglomerate:did not merge (7633634727, 7633636227)
INFO:engine.post.parallel_aff_agglomerate:did not merge (7633634727, 7633636229)
INFO:engine.post.parallel_aff_agglomerate:did not merge (7633634727, 7633636239)
INFO:engine.post.parallel_aff_agglomerate:did not merge (7633634727, 7633636276)
INFO:engine.post.parallel_aff_agglomerate:did not merge (7633634727, 7633636336)
INFO:engine.post.parallel_aff_agglomerate:did not merge (7633634727, 7633636380)
INFO:engine.post.parallel_aff_agglomerate:did not merge (7633634727, 7633636389)
INFO:engine.post.parallel_aff_agglomerate:did not merge (7633634727, 7633636451)
INFO:engine.post.parallel_aff_agglomerate:did not merge (7633634727, 7633636595)
INFO:engine.post.parallel_aff_agglomerate:did not merge (7633634727, 9395241414)
INFO:engine.post.parallel_aff_agglomerate:did not merge (7633634727, 9395241471)
INFO:engine.post.parallel_aff_agglomerate:did not merge (7633634727, 9395241474)
INFO:engine.post.parallel_aff_agglomerate:did not merge (7633634727, 9395241475)
INFO:engine.post.parallel_aff_agglomerate:did not merge (7633634727, 9395241513)
INFO:engine.post.parallel_aff_agglomerate:did not merge (7633634727, 9428795811)
INFO:engine.post.parallel_aff_agglomerate:did not merge (7633635525, 7633635663)
INFO:engine.post.parallel_aff_agglomerate:did not merge (7633635686, 7633635704)
INFO:engine.post.parallel_aff_agglomerate:did not merge (9395241404, 9395241414)
INFO:engine.post.parallel_aff_agglomerate:did not merge (7633635643, 7633635704)
INFO:engine.post.parallel_aff_agglomerate:did not merge (7633635989, 7633636137)
INFO:engine.post.parallel_aff_agglomerate:did not merge (7633635989, 7633636176)
INFO:engine.post.parallel_aff_agglomerate:did not merge (7633635989, 7633636177)
INFO:engine.post.parallel_aff_agglomerate:merged 21462 edges
INFO:engine.post.parallel_aff_agglomerate:Agglomerating in block [496:2544, 4592:6640, 6640:8688] (2048, 2048, 2048) with context of [368:2672, 4464:6768, 6512:8816] (2304, 2304, 2304)
INFO:engine.post.parallel_aff_agglomerate:did not merge (352321627, 352321631)
INFO:engine.post.parallel_aff_agglomerate:did not merge (352321627, 352321638)
INFO:engine.post.parallel_aff_agglomerate:did not merge (352321627, 352321709)
INFO:engine.post.parallel_aff_agglomerate:did not merge (352321609, 352321659)
INFO:engine.post.parallel_aff_agglomerate:did not merge (352321697, 352321709)
INFO:engine.post.parallel_aff_agglomerate:did not merge (352321796, 352321916)
INFO:engine.post.parallel_aff_agglomerate:did not merge (603980539, 603980589)
INFO:engine.post.parallel_aff_agglomerate:did not merge (603980650, 603980673)
INFO:engine.post.parallel_aff_agglomerate:did not merge (603980650, 603980675)
INFO:engine.post.parallel_aff_agglomerate:did not merge (603980650, 603980760)
INFO:engine.post.parallel_aff_agglomerate:did not merge (603980847, 603980869)
INFO:engine.post.parallel_aff_agglomerate:did not merge (603980861, 603980869)
INFO:engine.post.parallel_aff_agglomerate:did not merge (603980861, 603980928)
INFO:engine.post.parallel_aff_agglomerate:did not merge (352322502, 352322564)
INFO:engine.post.parallel_aff_agglomerate:did not merge (352322566, 352322590)
INFO:engine.post.parallel_aff_agglomerate:did not merge (184550582, 184550672)
INFO:engine.post.parallel_aff_agglomerate:did not merge (352323149, 352323239)
INFO:engine.post.parallel_aff_agglomerate:did not merge (184550892, 184551648)
INFO:engine.post.parallel_aff_agglomerate:did not merge (184550892, 184551658)
INFO:engine.post.parallel_aff_agglomerate:did not merge (352323573, 352323724)
INFO:engine.post.parallel_aff_agglomerate:did not merge (352323574, 352323612)
INFO:engine.post.parallel_aff_agglomerate:did not merge (352323574, 352323620)
INFO:engine.post.parallel_aff_agglomerate:did not merge (352323574, 352323621)
INFO:engine.post.parallel_aff_agglomerate:merged 17224 edges
INFO:engine.post.parallel_aff_agglomerate:Agglomerating in block [496:2544, 4592:6640, 18928:20976] (2048, 2048, 2048) with context of [368:2672, 4464:6768, 18800:21104] (2304, 2304, 2304)
INFO:engine.post.parallel_aff_agglomerate:did not merge (3707764912, 3707765071)
INFO:engine.post.parallel_aff_agglomerate:did not merge (2785017925, 2785018321)
INFO:engine.post.parallel_aff_agglomerate:did not merge (4815061484, 4815061506)
INFO:engine.post.parallel_aff_agglomerate:did not merge (4815061484, 4815061522)
INFO:engine.post.parallel_aff_agglomerate:did not merge (4815061484, 4815061552)
INFO:engine.post.parallel_aff_agglomerate:did not merge (4815061484, 4815061590)
INFO:engine.post.parallel_aff_agglomerate:did not merge (2785018847, 2785018848)
INFO:engine.post.parallel_aff_agglomerate:did not merge (4815061929, 4815062034)
INFO:engine.post.parallel_aff_agglomerate:did not merge (4815061929, 6157238943)
INFO:engine.post.parallel_aff_agglomerate:did not merge (3707765442, 3707766239)
INFO:engine.post.parallel_aff_agglomerate:did not merge (3707765442, 3707766318)
INFO:engine.post.parallel_aff_agglomerate:did not merge (3707766267, 3707766316)
INFO:engine.post.parallel_aff_agglomerate:did not merge (3707766321, 3707766340)
INFO:engine.post.parallel_aff_agglomerate:did not merge (3707766476, 3707766587)
INFO:engine.post.parallel_aff_agglomerate:did not merge (3707766476, 3707766588)
INFO:engine.post.parallel_aff_agglomerate:did not merge (3707766476, 3707766589)
INFO:engine.post.parallel_aff_agglomerate:did not merge (3707766476, 3707766609)
INFO:engine.post.parallel_aff_agglomerate:did not merge (3707766476, 3707766610)
INFO:engine.post.parallel_aff_agglomerate:did not merge (3707766424, 3707766554)
INFO:engine.post.parallel_aff_agglomerate:did not merge (3707766424, 3707766693)
INFO:engine.post.parallel_aff_agglomerate:did not merge (2785019628, 2785019633)
INFO:engine.post.parallel_aff_agglomerate:did not merge (2785019628, 2785019671)
INFO:engine.post.parallel_aff_agglomerate:did not merge (2785019628, 2785019942)
INFO:engine.post.parallel_aff_agglomerate:did not merge (3707766504, 3707766666)
INFO:engine.post.parallel_aff_agglomerate:did not merge (3707766504, 3707766676)
INFO:engine.post.parallel_aff_agglomerate:did not merge (3707766504, 3707766677)
INFO:engine.post.parallel_aff_agglomerate:did not merge (3707766504, 3707766696)
INFO:engine.post.parallel_aff_agglomerate:did not merge (3707766504, 3707766708)
INFO:engine.post.parallel_aff_agglomerate:did not merge (3707766575, 3707766728)
INFO:engine.post.parallel_aff_agglomerate:did not merge (2785019644, 2785019671)
INFO:engine.post.parallel_aff_agglomerate:did not merge (2785019644, 2785019933)
INFO:engine.post.parallel_aff_agglomerate:did not merge (2785019644, 2785019944)
INFO:engine.post.parallel_aff_agglomerate:did not merge (2785019644, 3741321030)
INFO:engine.post.parallel_aff_agglomerate:did not merge (3707766712, 3707766739)
INFO:engine.post.parallel_aff_agglomerate:did not merge (3707766729, 3707766799)
INFO:engine.post.parallel_aff_agglomerate:did not merge (3707766681, 3707766696)
INFO:engine.post.parallel_aff_agglomerate:did not merge (3707766681, 3707766707)
INFO:engine.post.parallel_aff_agglomerate:did not merge (3707766681, 3707766726)
INFO:engine.post.parallel_aff_agglomerate:did not merge (3707766681, 3707766727)
INFO:engine.post.parallel_aff_agglomerate:did not merge (3707766681, 3707766930)
INFO:engine.post.parallel_aff_agglomerate:did not merge (3707766681, 3707766943)
INFO:engine.post.parallel_aff_agglomerate:did not merge (3707766829, 3707766945)
INFO:engine.post.parallel_aff_agglomerate:did not merge (3707766394, 3707766554)
INFO:engine.post.parallel_aff_agglomerate:did not merge (3707766394, 3707766573)
INFO:engine.post.parallel_aff_agglomerate:did not merge (3707766394, 3707766590)
INFO:engine.post.parallel_aff_agglomerate:did not merge (3707766394, 3707766634)
INFO:engine.post.parallel_aff_agglomerate:did not merge (3707766394, 3707766693)
INFO:engine.post.parallel_aff_agglomerate:did not merge (3707766394, 3707766783)
INFO:engine.post.parallel_aff_agglomerate:did not merge (3707766394, 3707766797)
INFO:engine.post.parallel_aff_agglomerate:did not merge (3707766394, 3707766799)
INFO:engine.post.parallel_aff_agglomerate:did not merge (3707766394, 3707766819)
INFO:engine.post.parallel_aff_agglomerate:did not merge (3707766394, 3707766820)
INFO:engine.post.parallel_aff_agglomerate:did not merge (3707766394, 3707766821)
INFO:engine.post.parallel_aff_agglomerate:did not merge (3707766394, 3707766835)
INFO:engine.post.parallel_aff_agglomerate:did not merge (3707766394, 3707766836)
INFO:engine.post.parallel_aff_agglomerate:did not merge (3707766394, 3707766837)
INFO:engine.post.parallel_aff_agglomerate:did not merge (3707766394, 3707767129)
INFO:engine.post.parallel_aff_agglomerate:did not merge (3707766394, 4815063036)
INFO:engine.post.parallel_aff_agglomerate:did not merge (3707766862, 3707767044)
INFO:engine.post.parallel_aff_agglomerate:did not merge (3707766910, 3707767044)
INFO:engine.post.parallel_aff_agglomerate:did not merge (2785019997, 3741321030)
INFO:engine.post.parallel_aff_agglomerate:did not merge (3707767074, 3707767147)
INFO:engine.post.parallel_aff_agglomerate:did not merge (3707767074, 3707767159)
INFO:engine.post.parallel_aff_agglomerate:did not merge (3707767074, 3707767188)
INFO:engine.post.parallel_aff_agglomerate:did not merge (3707767074, 3707767189)
INFO:engine.post.parallel_aff_agglomerate:did not merge (3707767074, 3707767215)
INFO:engine.post.parallel_aff_agglomerate:did not merge (2785020084, 2785020388)
INFO:engine.post.parallel_aff_agglomerate:did not merge (2785020084, 3707766908)
INFO:engine.post.parallel_aff_agglomerate:did not merge (3707767600, 3707767727)
INFO:engine.post.parallel_aff_agglomerate:did not merge (3707767600, 3707767848)
INFO:engine.post.parallel_aff_agglomerate:did not merge (3707768261, 3707768323)
INFO:engine.post.parallel_aff_agglomerate:did not merge (3707768261, 3707768339)
INFO:engine.post.parallel_aff_agglomerate:did not merge (3707768261, 3707768353)
INFO:engine.post.parallel_aff_agglomerate:did not merge (3707768261, 3707768424)
INFO:engine.post.parallel_aff_agglomerate:did not merge (3707768657, 3707768708)
INFO:engine.post.parallel_aff_agglomerate:did not merge (3707768640, 3707768820)
INFO:engine.post.parallel_aff_agglomerate:did not merge (3707768781, 3707768812)
INFO:engine.post.parallel_aff_agglomerate:did not merge (3707768691, 3707768708)
INFO:engine.post.parallel_aff_agglomerate:merged 14898 edges
INFO:engine.post.parallel_aff_agglomerate:Agglomerating in block [496:2544, 4592:6640, 29168:29264] (2048, 2048, 96) with context of [368:2672, 4464:6768, 29040:29392] (2304, 2304, 352)
INFO:engine.post.parallel_aff_agglomerate:did not merge (9412018658, 9412018949)
INFO:engine.post.parallel_aff_agglomerate:did not merge (9412018658, 9412018950)
INFO:engine.post.parallel_aff_agglomerate:did not merge (9412019014, 9412019061)
INFO:engine.post.parallel_aff_agglomerate:did not merge (9412019014, 9412019109)
INFO:engine.post.parallel_aff_agglomerate:did not merge (9412019014, 9412019132)
INFO:engine.post.parallel_aff_agglomerate:did not merge (9412019014, 9412019215)
INFO:engine.post.parallel_aff_agglomerate:did not merge (9412019014, 11458839343)
INFO:engine.post.parallel_aff_agglomerate:did not merge (9412019014, 11458839355)
INFO:engine.post.parallel_aff_agglomerate:did not merge (9412019014, 11458839438)
INFO:engine.post.parallel_aff_agglomerate:did not merge (9412019014, 11458839555)
INFO:engine.post.parallel_aff_agglomerate:did not merge (9412019424, 9412019458)
INFO:engine.post.parallel_aff_agglomerate:did not merge (9412019424, 9412019491)
INFO:engine.post.parallel_aff_agglomerate:did not merge (9412019424, 9412019526)
INFO:engine.post.parallel_aff_agglomerate:did not merge (9412019424, 9412019670)
INFO:engine.post.parallel_aff_agglomerate:did not merge (9412019424, 11458840079)
INFO:engine.post.parallel_aff_agglomerate:did not merge (9412019971, 9412019990)
INFO:engine.post.parallel_aff_agglomerate:did not merge (9412021512, 11475616002)
INFO:engine.post.parallel_aff_agglomerate:merged 3673 edges
INFO:engine.post.parallel_aff_agglomerate:Agglomerating in block [496:2544, 6640:8688, 2544:4592] (2048, 2048, 2048) with context of [368:2672, 6512:8816, 2416:4720] (2304, 2304, 2304)
INFO:engine.post.parallel_aff_agglomerate:did not merge (218104246, 218104254)
INFO:engine.post.parallel_aff_agglomerate:did not merge (218104504, 218104546)
INFO:engine.post.parallel_aff_agglomerate:did not merge (218104504, 385876819)
INFO:engine.post.parallel_aff_agglomerate:did not merge (385876650, 385876819)
INFO:engine.post.parallel_aff_agglomerate:did not merge (218104598, 218104701)
INFO:engine.post.parallel_aff_agglomerate:did not merge (218104598, 218104711)
INFO:engine.post.parallel_aff_agglomerate:did not merge (218104624, 218104700)
INFO:engine.post.parallel_aff_agglomerate:did not merge (218104835, 218104919)
INFO:engine.post.parallel_aff_agglomerate:did not merge (218104852, 218104892)
INFO:engine.post.parallel_aff_agglomerate:did not merge (218104887, 218104910)
INFO:engine.post.parallel_aff_agglomerate:did not merge (218104887, 218104911)
INFO:engine.post.parallel_aff_agglomerate:did not merge (218104887, 385876977)
INFO:engine.post.parallel_aff_agglomerate:did not merge (218105262, 218105317)
INFO:engine.post.parallel_aff_agglomerate:did not merge (218105263, 218105317)
INFO:engine.post.parallel_aff_agglomerate:did not merge (218105272, 218105317)
INFO:engine.post.parallel_aff_agglomerate:did not merge (218105346, 218105552)
INFO:engine.post.parallel_aff_agglomerate:did not merge (218105433, 218105493)
INFO:engine.post.parallel_aff_agglomerate:did not merge (218105433, 218105552)
INFO:engine.post.parallel_aff_agglomerate:did not merge (218105433, 218105562)
INFO:engine.post.parallel_aff_agglomerate:did not merge (385877806, 385877828)
INFO:engine.post.parallel_aff_agglomerate:did not merge (385877806, 385877861)
INFO:engine.post.parallel_aff_agglomerate:did not merge (385877806, 385877862)
INFO:engine.post.parallel_aff_agglomerate:did not merge (385877806, 385877944)
INFO:engine.post.parallel_aff_agglomerate:did not merge (385877806, 687867604)
INFO:engine.post.parallel_aff_agglomerate:did not merge (117442357, 117442389)
INFO:engine.post.parallel_aff_agglomerate:did not merge (117442357, 117442390)
INFO:engine.post.parallel_aff_agglomerate:did not merge (117442357, 117442401)
INFO:engine.post.parallel_aff_agglomerate:did not merge (117442360, 117442538)
INFO:engine.post.parallel_aff_agglomerate:did not merge (117442360, 268437614)
INFO:engine.post.parallel_aff_agglomerate:did not merge (117442948, 117443030)
INFO:engine.post.parallel_aff_agglomerate:did not merge (117442948, 117443364)
INFO:engine.post.parallel_aff_agglomerate:did not merge (218106057, 218106205)
INFO:engine.post.parallel_aff_agglomerate:did not merge (218106057, 218106220)
INFO:engine.post.parallel_aff_agglomerate:did not merge (218106131, 218106230)
INFO:engine.post.parallel_aff_agglomerate:did not merge (218106144, 218106230)
INFO:engine.post.parallel_aff_agglomerate:did not merge (117443053, 117443364)
INFO:engine.post.parallel_aff_agglomerate:did not merge (117443231, 117443263)
INFO:engine.post.parallel_aff_agglomerate:did not merge (117443231, 117443264)
INFO:engine.post.parallel_aff_agglomerate:did not merge (117443231, 117443364)
INFO:engine.post.parallel_aff_agglomerate:did not merge (218106456, 218106505)
INFO:engine.post.parallel_aff_agglomerate:did not merge (218106609, 218106617)
INFO:engine.post.parallel_aff_agglomerate:did not merge (218106609, 218106808)
INFO:engine.post.parallel_aff_agglomerate:merged 21896 edges
INFO:engine.post.parallel_aff_agglomerate:Agglomerating in block [496:2544, 6640:8688, 12784:14832] (2048, 2048, 2048) with context of [368:2672, 6512:8816, 12656:14960] (2304, 2304, 2304)
INFO:engine.post.parallel_aff_agglomerate:did not merge (2063598047, 2063598054)
INFO:engine.post.parallel_aff_agglomerate:did not merge (2063597953, 2063597981)
INFO:engine.post.parallel_aff_agglomerate:did not merge (2063597953, 2063598015)
INFO:engine.post.parallel_aff_agglomerate:did not merge (2063597953, 2063598038)
INFO:engine.post.parallel_aff_agglomerate:did not merge (2063597953, 2063598054)
INFO:engine.post.parallel_aff_agglomerate:did not merge (2063597953, 2063598067)
INFO:engine.post.parallel_aff_agglomerate:did not merge (2063597751, 2063598172)
INFO:engine.post.parallel_aff_agglomerate:did not merge (2063598055, 2063598067)
INFO:engine.post.parallel_aff_agglomerate:did not merge (2063598182, 2063598194)
INFO:engine.post.parallel_aff_agglomerate:did not merge (2063598182, 2063598206)
INFO:engine.post.parallel_aff_agglomerate:did not merge (2063598182, 2063598215)
INFO:engine.post.parallel_aff_agglomerate:did not merge (2063598182, 2063598216)
INFO:engine.post.parallel_aff_agglomerate:did not merge (2063598320, 2063598439)
INFO:engine.post.parallel_aff_agglomerate:did not merge (2063598320, 2063598455)
INFO:engine.post.parallel_aff_agglomerate:did not merge (2063598320, 2063598456)
INFO:engine.post.parallel_aff_agglomerate:did not merge (2063598338, 2063598439)
INFO:engine.post.parallel_aff_agglomerate:did not merge (2063598338, 2063598455)
INFO:engine.post.parallel_aff_agglomerate:did not merge (2063598338, 2063598456)
INFO:engine.post.parallel_aff_agglomerate:did not merge (2063598338, 2063598470)
INFO:engine.post.parallel_aff_agglomerate:did not merge (1459618779, 1459618898)
INFO:engine.post.parallel_aff_agglomerate:did not merge (1459618779, 1459619085)
INFO:engine.post.parallel_aff_agglomerate:did not merge (1459618779, 1459619493)
INFO:engine.post.parallel_aff_agglomerate:did not merge (1459618779, 2063598470)
INFO:engine.post.parallel_aff_agglomerate:did not merge (1459618779, 2113930290)
INFO:engine.post.parallel_aff_agglomerate:did not merge (2063598701, 2063598727)
INFO:engine.post.parallel_aff_agglomerate:did not merge (2063598701, 2063598728)
INFO:engine.post.parallel_aff_agglomerate:did not merge (1459619158, 1459619176)
INFO:engine.post.parallel_aff_agglomerate:did not merge (2063598874, 2063598985)
INFO:engine.post.parallel_aff_agglomerate:did not merge (2063598938, 2063598954)
INFO:engine.post.parallel_aff_agglomerate:did not merge (2063598938, 2063599021)
INFO:engine.post.parallel_aff_agglomerate:did not merge (2063598938, 2063599036)
INFO:engine.post.parallel_aff_agglomerate:did not merge (2063598938, 2063599066)
INFO:engine.post.parallel_aff_agglomerate:did not merge (2063598938, 2063599081)
INFO:engine.post.parallel_aff_agglomerate:did not merge (2063598956, 2063598971)
INFO:engine.post.parallel_aff_agglomerate:did not merge (2063598957, 2063598971)
INFO:engine.post.parallel_aff_agglomerate:did not merge (2063599130, 2063599206)
INFO:engine.post.parallel_aff_agglomerate:did not merge (2063599276, 2063599372)
INFO:engine.post.parallel_aff_agglomerate:did not merge (2063599433, 2063599555)
INFO:engine.post.parallel_aff_agglomerate:did not merge (2063599452, 2063599555)
INFO:engine.post.parallel_aff_agglomerate:did not merge (2063599646, 2063599790)
INFO:engine.post.parallel_aff_agglomerate:did not merge (2063599831, 2063600021)
INFO:engine.post.parallel_aff_agglomerate:did not merge (2063599831, 2063600034)
INFO:engine.post.parallel_aff_agglomerate:did not merge (2063599831, 2063600045)
INFO:engine.post.parallel_aff_agglomerate:did not merge (2063599831, 2063600062)
INFO:engine.post.parallel_aff_agglomerate:did not merge (2063599992, 2063600113)
INFO:engine.post.parallel_aff_agglomerate:did not merge (2063600064, 2063600101)
INFO:engine.post.parallel_aff_agglomerate:did not merge (2063600064, 2063600113)
INFO:engine.post.parallel_aff_agglomerate:did not merge (2063600136, 2063600178)
INFO:engine.post.parallel_aff_agglomerate:did not merge (2063600136, 2818574993)
INFO:engine.post.parallel_aff_agglomerate:did not merge (2063600167, 2063600691)
INFO:engine.post.parallel_aff_agglomerate:did not merge (2063600179, 2063600691)
INFO:engine.post.parallel_aff_agglomerate:did not merge (1459620795, 1459621012)
INFO:engine.post.parallel_aff_agglomerate:did not merge (1459620795, 1459621023)
INFO:engine.post.parallel_aff_agglomerate:did not merge (1459620962, 1459621012)
INFO:engine.post.parallel_aff_agglomerate:did not merge (2063600500, 2063600518)
INFO:engine.post.parallel_aff_agglomerate:did not merge (2063600500, 2063600519)
INFO:engine.post.parallel_aff_agglomerate:did not merge (2063600500, 2063600847)
INFO:engine.post.parallel_aff_agglomerate:did not merge (1459621048, 1459621157)
INFO:engine.post.parallel_aff_agglomerate:did not merge (1459621048, 1459621158)
INFO:engine.post.parallel_aff_agglomerate:did not merge (2063600644, 2063600658)
INFO:engine.post.parallel_aff_agglomerate:did not merge (2063600644, 2063600790)
INFO:engine.post.parallel_aff_agglomerate:did not merge (2063600644, 2063600847)
INFO:engine.post.parallel_aff_agglomerate:did not merge (2063600713, 2063600799)
INFO:engine.post.parallel_aff_agglomerate:did not merge (2063600713, 2063600808)
INFO:engine.post.parallel_aff_agglomerate:merged 28735 edges
INFO:engine.post.parallel_aff_agglomerate:Agglomerating in block [496:2544, 6640:8688, 23024:25072] (2048, 2048, 2048) with context of [368:2672, 6512:8816, 22896:25200] (2304, 2304, 2304)
INFO:engine.post.parallel_aff_agglomerate:did not merge (9445573337, 9445573424)
INFO:engine.post.parallel_aff_agglomerate:did not merge (9445573337, 9445573440)
INFO:engine.post.parallel_aff_agglomerate:did not merge (7683965063, 7683965156)
INFO:engine.post.parallel_aff_agglomerate:did not merge (7683965063, 7683965280)
INFO:engine.post.parallel_aff_agglomerate:did not merge (7683965063, 7683965375)
INFO:engine.post.parallel_aff_agglomerate:did not merge (7683965063, 7683965587)
INFO:engine.post.parallel_aff_agglomerate:did not merge (7683965063, 7683965815)
INFO:engine.post.parallel_aff_agglomerate:did not merge (7683965063, 7683965816)
INFO:engine.post.parallel_aff_agglomerate:did not merge (7683965063, 7683966089)
INFO:engine.post.parallel_aff_agglomerate:did not merge (7683965063, 7683966126)
INFO:engine.post.parallel_aff_agglomerate:did not merge (9445573411, 9445573475)
INFO:engine.post.parallel_aff_agglomerate:did not merge (9445573411, 9445573505)
INFO:engine.post.parallel_aff_agglomerate:did not merge (9445573699, 9445573772)
INFO:engine.post.parallel_aff_agglomerate:did not merge (9445573699, 9445573792)
INFO:engine.post.parallel_aff_agglomerate:did not merge (7683966457, 7683966467)
INFO:engine.post.parallel_aff_agglomerate:did not merge (7683966458, 7683966467)
INFO:engine.post.parallel_aff_agglomerate:did not merge (7683966443, 7683966467)
INFO:engine.post.parallel_aff_agglomerate:did not merge (7683966495, 7683966525)
INFO:engine.post.parallel_aff_agglomerate:did not merge (7683966275, 7683966618)
INFO:engine.post.parallel_aff_agglomerate:did not merge (7683966365, 7683966564)
INFO:engine.post.parallel_aff_agglomerate:did not merge (7683966668, 9445574498)
INFO:engine.post.parallel_aff_agglomerate:did not merge (6157239776, 6157240115)
INFO:engine.post.parallel_aff_agglomerate:did not merge (6157239776, 6157240161)
INFO:engine.post.parallel_aff_agglomerate:did not merge (6157239776, 6157240253)
INFO:engine.post.parallel_aff_agglomerate:did not merge (6157239776, 6157240269)
INFO:engine.post.parallel_aff_agglomerate:did not merge (7683967159, 7683967311)
INFO:engine.post.parallel_aff_agglomerate:did not merge (7683967172, 7683967311)
INFO:engine.post.parallel_aff_agglomerate:did not merge (7683966966, 7683967587)
INFO:engine.post.parallel_aff_agglomerate:did not merge (7683966966, 7683967600)
INFO:engine.post.parallel_aff_agglomerate:did not merge (7683966966, 7683967677)
INFO:engine.post.parallel_aff_agglomerate:did not merge (7683966966, 9512681796)
INFO:engine.post.parallel_aff_agglomerate:did not merge (7683967296, 7683967311)
INFO:engine.post.parallel_aff_agglomerate:did not merge (7683967190, 7683967638)
INFO:engine.post.parallel_aff_agglomerate:did not merge (7683967190, 9445576377)
INFO:engine.post.parallel_aff_agglomerate:merged 8742 edges
INFO:engine.post.parallel_aff_agglomerate:Agglomerating in block [496:2544, 8688:9104, 8688:10736] (2048, 416, 2048) with context of [368:2672, 8560:9232, 8560:10864] (2304, 672, 2304)
INFO:engine.post.parallel_aff_agglomerate:did not merge (1509949520, 1509949634)
INFO:engine.post.parallel_aff_agglomerate:did not merge (1509949520, 1509949652)
INFO:engine.post.parallel_aff_agglomerate:did not merge (1509949588, 1509949610)
INFO:engine.post.parallel_aff_agglomerate:did not merge (1509949522, 1509949620)
INFO:engine.post.parallel_aff_agglomerate:did not merge (1509949522, 1509949634)
INFO:engine.post.parallel_aff_agglomerate:did not merge (1509949522, 1509949651)
INFO:engine.post.parallel_aff_agglomerate:did not merge (1509949522, 1509949652)
INFO:engine.post.parallel_aff_agglomerate:did not merge (1509949522, 1509949706)
INFO:engine.post.parallel_aff_agglomerate:did not merge (1509949522, 1509949707)
INFO:engine.post.parallel_aff_agglomerate:did not merge (1509949522, 1509949708)
INFO:engine.post.parallel_aff_agglomerate:did not merge (1040187718, 1040187720)
INFO:engine.post.parallel_aff_agglomerate:did not merge (1040187718, 1040188042)
INFO:engine.post.parallel_aff_agglomerate:did not merge (1509949737, 1509949851)
INFO:engine.post.parallel_aff_agglomerate:did not merge (1509949668, 1509949852)
INFO:engine.post.parallel_aff_agglomerate:did not merge (1509949668, 1509949885)
INFO:engine.post.parallel_aff_agglomerate:did not merge (1509949668, 1509949909)
INFO:engine.post.parallel_aff_agglomerate:did not merge (1509949668, 1509950007)
INFO:engine.post.parallel_aff_agglomerate:did not merge (1509949668, 1509950027)
INFO:engine.post.parallel_aff_agglomerate:did not merge (1509949668, 1509950140)
INFO:engine.post.parallel_aff_agglomerate:did not merge (1509950009, 1509950045)
INFO:engine.post.parallel_aff_agglomerate:did not merge (1509950009, 1509950062)
INFO:engine.post.parallel_aff_agglomerate:did not merge (1509950009, 1509950083)
INFO:engine.post.parallel_aff_agglomerate:did not merge (1509950009, 1509950084)
INFO:engine.post.parallel_aff_agglomerate:did not merge (1509950009, 1509950095)
INFO:engine.post.parallel_aff_agglomerate:did not merge (1509950009, 1509950113)
INFO:engine.post.parallel_aff_agglomerate:did not merge (1040188162, 1577058415)
INFO:engine.post.parallel_aff_agglomerate:did not merge (2113929985, 2113930053)
INFO:engine.post.parallel_aff_agglomerate:did not merge (2113929985, 2113930235)
INFO:engine.post.parallel_aff_agglomerate:did not merge (2113930032, 2113930053)
INFO:engine.post.parallel_aff_agglomerate:did not merge (1577058445, 1577058527)
INFO:engine.post.parallel_aff_agglomerate:did not merge (1509949544, 1509949552)
INFO:engine.post.parallel_aff_agglomerate:did not merge (1509949544, 1509949567)
INFO:engine.post.parallel_aff_agglomerate:did not merge (1509949544, 1509949579)
INFO:engine.post.parallel_aff_agglomerate:did not merge (1509949544, 1509949608)
INFO:engine.post.parallel_aff_agglomerate:did not merge (1509949544, 1509949609)
INFO:engine.post.parallel_aff_agglomerate:did not merge (1509949544, 1509949610)
INFO:engine.post.parallel_aff_agglomerate:did not merge (1509949544, 1509949665)
INFO:engine.post.parallel_aff_agglomerate:did not merge (1509949544, 1509949720)
INFO:engine.post.parallel_aff_agglomerate:did not merge (1509949544, 1509949762)
INFO:engine.post.parallel_aff_agglomerate:did not merge (1509949544, 1509949852)
INFO:engine.post.parallel_aff_agglomerate:did not merge (1509949544, 1509949885)
INFO:engine.post.parallel_aff_agglomerate:did not merge (1509949544, 1509949909)
INFO:engine.post.parallel_aff_agglomerate:did not merge (1509949544, 1509949961)
INFO:engine.post.parallel_aff_agglomerate:did not merge (1509949544, 1509949993)
INFO:engine.post.parallel_aff_agglomerate:did not merge (1509949544, 1509950008)
INFO:engine.post.parallel_aff_agglomerate:did not merge (1509949544, 1509950024)
INFO:engine.post.parallel_aff_agglomerate:did not merge (1509949544, 1509950027)
INFO:engine.post.parallel_aff_agglomerate:did not merge (1509949544, 1509950059)
INFO:engine.post.parallel_aff_agglomerate:did not merge (1509949544, 1509950060)
INFO:engine.post.parallel_aff_agglomerate:did not merge (1509949544, 1509950064)
INFO:engine.post.parallel_aff_agglomerate:did not merge (1509949544, 1509950080)
INFO:engine.post.parallel_aff_agglomerate:did not merge (1509949544, 1509950081)
INFO:engine.post.parallel_aff_agglomerate:did not merge (1509949544, 1509950130)
INFO:engine.post.parallel_aff_agglomerate:did not merge (1509949544, 1509950172)
INFO:engine.post.parallel_aff_agglomerate:did not merge (1509949544, 1509950219)
INFO:engine.post.parallel_aff_agglomerate:did not merge (1509949544, 1509950220)
INFO:engine.post.parallel_aff_agglomerate:did not merge (1509949544, 1509950234)
INFO:engine.post.parallel_aff_agglomerate:did not merge (1509949544, 1509950235)
INFO:engine.post.parallel_aff_agglomerate:did not merge (1509949544, 1509950256)
INFO:engine.post.parallel_aff_agglomerate:did not merge (1509949544, 1509950278)
INFO:engine.post.parallel_aff_agglomerate:did not merge (1509949544, 1509950292)
INFO:engine.post.parallel_aff_agglomerate:did not merge (1509949544, 1509950293)
INFO:engine.post.parallel_aff_agglomerate:did not merge (1509949544, 1509950303)
INFO:engine.post.parallel_aff_agglomerate:did not merge (1509949544, 1509950304)
INFO:engine.post.parallel_aff_agglomerate:did not merge (1509949544, 1509950305)
INFO:engine.post.parallel_aff_agglomerate:did not merge (1509949544, 1509950306)
INFO:engine.post.parallel_aff_agglomerate:did not merge (1509949544, 1509950331)
INFO:engine.post.parallel_aff_agglomerate:did not merge (1509949544, 1509950360)
INFO:engine.post.parallel_aff_agglomerate:did not merge (1509949544, 1509950361)
INFO:engine.post.parallel_aff_agglomerate:did not merge (1509949544, 1509950370)
INFO:engine.post.parallel_aff_agglomerate:did not merge (1509949544, 1509950405)
INFO:engine.post.parallel_aff_agglomerate:did not merge (1509949544, 1509950406)
INFO:engine.post.parallel_aff_agglomerate:did not merge (1509949544, 1509950433)
INFO:engine.post.parallel_aff_agglomerate:did not merge (1509949544, 1509950515)
INFO:engine.post.parallel_aff_agglomerate:did not merge (1509949544, 1509950583)
INFO:engine.post.parallel_aff_agglomerate:did not merge (1509949544, 1509950761)
INFO:engine.post.parallel_aff_agglomerate:did not merge (1509949544, 1509950782)
INFO:engine.post.parallel_aff_agglomerate:did not merge (1509949544, 1509950783)
INFO:engine.post.parallel_aff_agglomerate:did not merge (1509949544, 1509950826)
INFO:engine.post.parallel_aff_agglomerate:did not merge (1509949544, 1509950840)
INFO:engine.post.parallel_aff_agglomerate:did not merge (1509949544, 1509950866)
INFO:engine.post.parallel_aff_agglomerate:did not merge (1509949544, 1509950902)
INFO:engine.post.parallel_aff_agglomerate:did not merge (1509949544, 1509950924)
INFO:engine.post.parallel_aff_agglomerate:did not merge (1509949544, 1509950965)
INFO:engine.post.parallel_aff_agglomerate:did not merge (1509949544, 1509950968)
INFO:engine.post.parallel_aff_agglomerate:did not merge (1509949544, 1509951015)
INFO:engine.post.parallel_aff_agglomerate:did not merge (1509949544, 1509951023)
INFO:engine.post.parallel_aff_agglomerate:did not merge (1509949544, 1509951024)
INFO:engine.post.parallel_aff_agglomerate:did not merge (1509949544, 1509951040)
INFO:engine.post.parallel_aff_agglomerate:did not merge (1509949544, 1509951041)
INFO:engine.post.parallel_aff_agglomerate:did not merge (1509949544, 1509951058)
INFO:engine.post.parallel_aff_agglomerate:did not merge (1509949544, 1509951121)
INFO:engine.post.parallel_aff_agglomerate:did not merge (1509949544, 1509951125)
INFO:engine.post.parallel_aff_agglomerate:did not merge (2113930236, 2936013189)
INFO:engine.post.parallel_aff_agglomerate:did not merge (1509950382, 1509950949)
INFO:engine.post.parallel_aff_agglomerate:did not merge (1509950950, 1509951039)
INFO:engine.post.parallel_aff_agglomerate:did not merge (1509950568, 1509950865)
INFO:engine.post.parallel_aff_agglomerate:did not merge (1509951042, 1509951050)
INFO:engine.post.parallel_aff_agglomerate:did not merge (1577058718, 1577058776)
INFO:engine.post.parallel_aff_agglomerate:did not merge (1577058754, 1577058776)
INFO:engine.post.parallel_aff_agglomerate:did not merge (1577058953, 1577058983)
INFO:engine.post.parallel_aff_agglomerate:did not merge (1577058953, 1577059014)
INFO:engine.post.parallel_aff_agglomerate:did not merge (1040189370, 1040189413)
INFO:engine.post.parallel_aff_agglomerate:did not merge (1509951761, 1509951771)
INFO:engine.post.parallel_aff_agglomerate:did not merge (1509951761, 1509951931)
INFO:engine.post.parallel_aff_agglomerate:did not merge (1577059008, 1577059056)
INFO:engine.post.parallel_aff_agglomerate:did not merge (1509951774, 1509951803)
INFO:engine.post.parallel_aff_agglomerate:did not merge (1509951774, 1509951826)
INFO:engine.post.parallel_aff_agglomerate:did not merge (1040189415, 1040189508)
INFO:engine.post.parallel_aff_agglomerate:did not merge (1577059074, 1577059080)
INFO:engine.post.parallel_aff_agglomerate:did not merge (1040189544, 1040189603)
INFO:engine.post.parallel_aff_agglomerate:did not merge (1040189544, 1040189620)
INFO:engine.post.parallel_aff_agglomerate:did not merge (1040189544, 1040189892)
INFO:engine.post.parallel_aff_agglomerate:did not merge (1509951891, 1509951917)
INFO:engine.post.parallel_aff_agglomerate:did not merge (1509951891, 1509951931)
INFO:engine.post.parallel_aff_agglomerate:did not merge (1509951891, 1509952078)
INFO:engine.post.parallel_aff_agglomerate:did not merge (1577059049, 1577059079)
INFO:engine.post.parallel_aff_agglomerate:did not merge (1577059049, 1577059080)
INFO:engine.post.parallel_aff_agglomerate:did not merge (1509951838, 1509951917)
INFO:engine.post.parallel_aff_agglomerate:did not merge (1509951876, 1509951931)
INFO:engine.post.parallel_aff_agglomerate:did not merge (1509951851, 1509951931)
INFO:engine.post.parallel_aff_agglomerate:did not merge (1040189565, 1040189603)
INFO:engine.post.parallel_aff_agglomerate:did not merge (1509951925, 1509951990)
INFO:engine.post.parallel_aff_agglomerate:did not merge (1509951877, 1509951931)
INFO:engine.post.parallel_aff_agglomerate:did not merge (1577059152, 1577059184)
INFO:engine.post.parallel_aff_agglomerate:did not merge (1040189896, 1040189982)
INFO:engine.post.parallel_aff_agglomerate:merged 6136 edges
INFO:engine.post.parallel_aff_agglomerate:Agglomerating in block [496:2544, 8688:9104, 18928:20976] (2048, 416, 2048) with context of [368:2672, 8560:9232, 18800:21104] (2304, 672, 2304)
INFO:engine.post.parallel_aff_agglomerate:did not merge (6274678791, 6274678798)
INFO:engine.post.parallel_aff_agglomerate:did not merge (6207570005, 6207570125)
INFO:engine.post.parallel_aff_agglomerate:did not merge (6207570005, 6207570143)
INFO:engine.post.parallel_aff_agglomerate:did not merge (6207570149, 6207570162)
INFO:engine.post.parallel_aff_agglomerate:did not merge (4898947710, 4898947826)
INFO:engine.post.parallel_aff_agglomerate:did not merge (4898947710, 4898947836)
INFO:engine.post.parallel_aff_agglomerate:did not merge (6207570900, 6207571064)
INFO:engine.post.parallel_aff_agglomerate:did not merge (7734297495, 7734297698)
INFO:engine.post.parallel_aff_agglomerate:did not merge (7734297495, 7734297823)
INFO:engine.post.parallel_aff_agglomerate:did not merge (7734297495, 7734297920)
INFO:engine.post.parallel_aff_agglomerate:did not merge (7734297495, 7734297981)
INFO:engine.post.parallel_aff_agglomerate:did not merge (4898948631, 4898949147)
INFO:engine.post.parallel_aff_agglomerate:did not merge (4898948631, 4898949238)
INFO:engine.post.parallel_aff_agglomerate:did not merge (4898948631, 4898949408)
INFO:engine.post.parallel_aff_agglomerate:did not merge (4898948631, 4898949606)
INFO:engine.post.parallel_aff_agglomerate:did not merge (6207571117, 7818182739)
INFO:engine.post.parallel_aff_agglomerate:did not merge (6207571527, 7818182741)
INFO:engine.post.parallel_aff_agglomerate:merged 2454 edges
INFO:engine.post.parallel_aff_agglomerate:Agglomerating in block [496:2544, 8688:9104, 29168:29264] (2048, 416, 96) with context of [368:2672, 8560:9232, 29040:29392] (2304, 672, 352)
INFO:engine.post.parallel_aff_agglomerate:did not merge (16357785620, 16357785645)
INFO:engine.post.parallel_aff_agglomerate:did not merge (13790871647, 13790871737)
INFO:engine.post.parallel_aff_agglomerate:did not merge (13790871647, 13790871817)
INFO:engine.post.parallel_aff_agglomerate:did not merge (13790871647, 13790871894)
INFO:engine.post.parallel_aff_agglomerate:did not merge (13790871647, 16424894605)
INFO:engine.post.parallel_aff_agglomerate:did not merge (16424894476, 16424894479)
INFO:engine.post.parallel_aff_agglomerate:did not merge (16424894476, 16424894605)
INFO:engine.post.parallel_aff_agglomerate:did not merge (16424894497, 16424894631)
INFO:engine.post.parallel_aff_agglomerate:did not merge (16424894583, 16424894605)
INFO:engine.post.parallel_aff_agglomerate:did not merge (16424894583, 16424894631)
INFO:engine.post.parallel_aff_agglomerate:did not merge (16424894583, 16424894651)
INFO:engine.post.parallel_aff_agglomerate:did not merge (16424894583, 16424894671)
INFO:engine.post.parallel_aff_agglomerate:did not merge (16424894583, 16424894677)
INFO:engine.post.parallel_aff_agglomerate:did not merge (16424894583, 16424894690)
INFO:engine.post.parallel_aff_agglomerate:did not merge (13790872393, 13790872394)
INFO:engine.post.parallel_aff_agglomerate:did not merge (13790872393, 13790872523)
INFO:engine.post.parallel_aff_agglomerate:did not merge (13790872393, 13790872566)
INFO:engine.post.parallel_aff_agglomerate:did not merge (13790872393, 13790872592)
INFO:engine.post.parallel_aff_agglomerate:did not merge (13790872393, 13790872677)
INFO:engine.post.parallel_aff_agglomerate:did not merge (13790872393, 16424894695)
INFO:engine.post.parallel_aff_agglomerate:did not merge (13790872393, 16424894869)
INFO:engine.post.parallel_aff_agglomerate:did not merge (16424894801, 16424894821)
INFO:engine.post.parallel_aff_agglomerate:did not merge (16357785762, 16357785769)
INFO:engine.post.parallel_aff_agglomerate:did not merge (16424894737, 16424894763)
INFO:engine.post.parallel_aff_agglomerate:did not merge (16424894737, 16424894769)
INFO:engine.post.parallel_aff_agglomerate:did not merge (16424894737, 16424894774)
INFO:engine.post.parallel_aff_agglomerate:did not merge (16424894737, 16424894821)
INFO:engine.post.parallel_aff_agglomerate:did not merge (16424894866, 16424894869)
INFO:engine.post.parallel_aff_agglomerate:did not merge (16424894872, 16424894896)
INFO:engine.post.parallel_aff_agglomerate:did not merge (16424894879, 16424894896)
INFO:engine.post.parallel_aff_agglomerate:did not merge (13790872728, 13790872782)
INFO:engine.post.parallel_aff_agglomerate:did not merge (13790872728, 13790872783)
INFO:engine.post.parallel_aff_agglomerate:did not merge (13790872728, 16424894896)
INFO:engine.post.parallel_aff_agglomerate:did not merge (13790872955, 13790873048)
INFO:engine.post.parallel_aff_agglomerate:did not merge (13790873011, 13790873048)
INFO:engine.post.parallel_aff_agglomerate:did not merge (13790873011, 13790873202)
INFO:engine.post.parallel_aff_agglomerate:did not merge (16357785851, 16357785886)
INFO:engine.post.parallel_aff_agglomerate:did not merge (13790873031, 13790873095)
INFO:engine.post.parallel_aff_agglomerate:did not merge (16424894952, 16424895003)
INFO:engine.post.parallel_aff_agglomerate:did not merge (13790873306, 13790873323)
INFO:engine.post.parallel_aff_agglomerate:did not merge (13790873306, 13790873342)
INFO:engine.post.parallel_aff_agglomerate:did not merge (16424895015, 16424895033)
INFO:engine.post.parallel_aff_agglomerate:did not merge (16424895015, 16424895035)
INFO:engine.post.parallel_aff_agglomerate:did not merge (13790873495, 16357785886)
INFO:engine.post.parallel_aff_agglomerate:did not merge (16357785936, 16357785951)
INFO:engine.post.parallel_aff_agglomerate:did not merge (16424895034, 16424895035)
INFO:engine.post.parallel_aff_agglomerate:did not merge (16424895034, 16424895049)
INFO:engine.post.parallel_aff_agglomerate:did not merge (16424895034, 16424895077)
INFO:engine.post.parallel_aff_agglomerate:did not merge (16424895034, 16424895081)
INFO:engine.post.parallel_aff_agglomerate:did not merge (16424895034, 16424895084)
INFO:engine.post.parallel_aff_agglomerate:did not merge (16424895046, 16424895049)
INFO:engine.post.parallel_aff_agglomerate:did not merge (16424895080, 16424895081)
INFO:engine.post.parallel_aff_agglomerate:did not merge (16424895080, 16424895084)
INFO:engine.post.parallel_aff_agglomerate:did not merge (13790873926, 13790874093)
INFO:engine.post.parallel_aff_agglomerate:did not merge (13790874003, 13790874056)
INFO:engine.post.parallel_aff_agglomerate:did not merge (13790874003, 13790874108)
INFO:engine.post.parallel_aff_agglomerate:did not merge (13790874092, 13790874093)
INFO:engine.post.parallel_aff_agglomerate:did not merge (13790874092, 13790874108)
INFO:engine.post.parallel_aff_agglomerate:did not merge (13790874092, 13790874113)
INFO:engine.post.parallel_aff_agglomerate:did not merge (16424895180, 16424895230)
INFO:engine.post.parallel_aff_agglomerate:did not merge (16424895180, 16424895254)
INFO:engine.post.parallel_aff_agglomerate:did not merge (16424895180, 16424895300)
INFO:engine.post.parallel_aff_agglomerate:did not merge (16424895120, 16424895135)
INFO:engine.post.parallel_aff_agglomerate:did not merge (16424895120, 16424895202)
INFO:engine.post.parallel_aff_agglomerate:did not merge (16424895120, 16424895256)
INFO:engine.post.parallel_aff_agglomerate:did not merge (16424895120, 16424895257)
INFO:engine.post.parallel_aff_agglomerate:did not merge (16424895120, 16424895373)
INFO:engine.post.parallel_aff_agglomerate:did not merge (13790874385, 13790874415)
INFO:engine.post.parallel_aff_agglomerate:did not merge (13790874437, 16424895254)
INFO:engine.post.parallel_aff_agglomerate:did not merge (16424895294, 16424895300)
INFO:engine.post.parallel_aff_agglomerate:did not merge (16424895294, 16424895308)
INFO:engine.post.parallel_aff_agglomerate:did not merge (16424895236, 16424895254)
INFO:engine.post.parallel_aff_agglomerate:did not merge (16424895236, 16424895300)
INFO:engine.post.parallel_aff_agglomerate:did not merge (16424895362, 16424895381)
INFO:engine.post.parallel_aff_agglomerate:did not merge (16424895362, 16424895429)
INFO:engine.post.parallel_aff_agglomerate:did not merge (16357786208, 16357786220)
INFO:engine.post.parallel_aff_agglomerate:merged 2058 edges
INFO:engine.post.parallel_aff_agglomerate:Agglomerating in block [2544:4592, 496:2544, 8688:10736] (2048, 2048, 2048) with context of [2416:4720, 368:2672, 8560:10864] (2304, 2304, 2304)
INFO:engine.post.parallel_aff_agglomerate:did not merge (167775017, 167775049)
INFO:engine.post.parallel_aff_agglomerate:did not merge (167775017, 167775100)
INFO:engine.post.parallel_aff_agglomerate:did not merge (167775017, 167775134)
INFO:engine.post.parallel_aff_agglomerate:did not merge (167775017, 167775234)
INFO:engine.post.parallel_aff_agglomerate:did not merge (167775017, 167775285)
INFO:engine.post.parallel_aff_agglomerate:did not merge (167775017, 335546666)
INFO:engine.post.parallel_aff_agglomerate:did not merge (167775017, 335546700)
INFO:engine.post.parallel_aff_agglomerate:did not merge (167775017, 335546738)
INFO:engine.post.parallel_aff_agglomerate:did not merge (167775017, 369098977)
INFO:engine.post.parallel_aff_agglomerate:did not merge (603982184, 603982206)
INFO:engine.post.parallel_aff_agglomerate:did not merge (603982184, 603982214)
INFO:engine.post.parallel_aff_agglomerate:did not merge (603982184, 603982275)
INFO:engine.post.parallel_aff_agglomerate:did not merge (603982184, 603982360)
INFO:engine.post.parallel_aff_agglomerate:did not merge (603982184, 603982613)
INFO:engine.post.parallel_aff_agglomerate:did not merge (603982203, 603982312)
INFO:engine.post.parallel_aff_agglomerate:did not merge (603982441, 1006633226)
INFO:engine.post.parallel_aff_agglomerate:merged 16516 edges
INFO:engine.post.parallel_aff_agglomerate:Agglomerating in block [2544:4592, 496:2544, 12784:14832] (2048, 2048, 2048) with context of [2416:4720, 368:2672, 12656:14960] (2304, 2304, 2304)
INFO:engine.post.parallel_aff_agglomerate:did not merge (939526457, 939526463)
INFO:engine.post.parallel_aff_agglomerate:did not merge (1409288791, 1409288815)
INFO:engine.post.parallel_aff_agglomerate:did not merge (587204879, 587205037)
INFO:engine.post.parallel_aff_agglomerate:did not merge (587204879, 956303814)
INFO:engine.post.parallel_aff_agglomerate:did not merge (1426066575, 1426066707)
INFO:engine.post.parallel_aff_agglomerate:did not merge (1426066575, 1426066765)
INFO:engine.post.parallel_aff_agglomerate:did not merge (956304575, 956304602)
INFO:engine.post.parallel_aff_agglomerate:did not merge (956304575, 956304744)
INFO:engine.post.parallel_aff_agglomerate:did not merge (1426067160, 1426067237)
INFO:engine.post.parallel_aff_agglomerate:did not merge (1426067160, 1426067343)
INFO:engine.post.parallel_aff_agglomerate:did not merge (1409288777, 1409288798)
INFO:engine.post.parallel_aff_agglomerate:did not merge (1409288777, 1409288799)
INFO:engine.post.parallel_aff_agglomerate:did not merge (1409288777, 1409288827)
INFO:engine.post.parallel_aff_agglomerate:did not merge (1409288777, 1409288861)
INFO:engine.post.parallel_aff_agglomerate:did not merge (587205021, 587205220)
INFO:engine.post.parallel_aff_agglomerate:did not merge (1409288862, 2046820696)
INFO:engine.post.parallel_aff_agglomerate:did not merge (1409288869, 1409288870)
INFO:engine.post.parallel_aff_agglomerate:did not merge (1426067172, 1426067237)
INFO:engine.post.parallel_aff_agglomerate:did not merge (1426067172, 1426067343)
INFO:engine.post.parallel_aff_agglomerate:merged 24966 edges
INFO:engine.post.parallel_aff_agglomerate:Agglomerating in block [2544:4592, 496:2544, 23024:25072] (2048, 2048, 2048) with context of [2416:4720, 368:2672, 22896:25200] (2304, 2304, 2304)
INFO:engine.post.parallel_aff_agglomerate:did not merge (4798286621, 4798286622)
INFO:engine.post.parallel_aff_agglomerate:did not merge (4798286957, 6106909569)
INFO:engine.post.parallel_aff_agglomerate:did not merge (4798286957, 6106909589)
INFO:engine.post.parallel_aff_agglomerate:did not merge (4798286815, 6106909541)
INFO:engine.post.parallel_aff_agglomerate:did not merge (4798286815, 6106909589)
INFO:engine.post.parallel_aff_agglomerate:did not merge (6123687541, 6123687568)
INFO:engine.post.parallel_aff_agglomerate:did not merge (6123687541, 6123687778)
INFO:engine.post.parallel_aff_agglomerate:did not merge (6106909869, 6106909950)
INFO:engine.post.parallel_aff_agglomerate:did not merge (6106909869, 7667188102)
INFO:engine.post.parallel_aff_agglomerate:did not merge (6123687540, 6123687650)
INFO:engine.post.parallel_aff_agglomerate:did not merge (3690990420, 3690990859)
INFO:engine.post.parallel_aff_agglomerate:did not merge (3690990641, 3690990706)
INFO:engine.post.parallel_aff_agglomerate:merged 18750 edges
INFO:engine.post.parallel_aff_agglomerate:Agglomerating in block [2544:4592, 2544:4592, 4592:6640] (2048, 2048, 2048) with context of [2416:4720, 2416:4720, 4464:6768] (2304, 2304, 2304)
INFO:engine.post.parallel_aff_agglomerate:did not merge (184551790, 184551797)
INFO:engine.post.parallel_aff_agglomerate:did not merge (67112000, 184551842)
INFO:engine.post.parallel_aff_agglomerate:did not merge (385878464, 385878677)
INFO:engine.post.parallel_aff_agglomerate:did not merge (67112029, 184551695)
INFO:engine.post.parallel_aff_agglomerate:did not merge (67112029, 184551760)
INFO:engine.post.parallel_aff_agglomerate:did not merge (83889040, 83889239)
INFO:engine.post.parallel_aff_agglomerate:did not merge (184551626, 184551648)
INFO:engine.post.parallel_aff_agglomerate:did not merge (184551626, 184551658)
INFO:engine.post.parallel_aff_agglomerate:did not merge (184551626, 184551717)
INFO:engine.post.parallel_aff_agglomerate:did not merge (184551626, 184551730)
INFO:engine.post.parallel_aff_agglomerate:did not merge (184551626, 385878398)
INFO:engine.post.parallel_aff_agglomerate:did not merge (83889077, 83889116)
INFO:engine.post.parallel_aff_agglomerate:did not merge (16779863, 16779967)
INFO:engine.post.parallel_aff_agglomerate:did not merge (16779863, 100663635)
INFO:engine.post.parallel_aff_agglomerate:did not merge (67112170, 67112330)
INFO:engine.post.parallel_aff_agglomerate:did not merge (352323726, 352323734)
INFO:engine.post.parallel_aff_agglomerate:did not merge (352323726, 352323744)
INFO:engine.post.parallel_aff_agglomerate:did not merge (352323726, 654311673)
INFO:engine.post.parallel_aff_agglomerate:did not merge (201327005, 201327019)
INFO:engine.post.parallel_aff_agglomerate:did not merge (100663599, 100663635)
INFO:engine.post.parallel_aff_agglomerate:did not merge (100663599, 100663668)
INFO:engine.post.parallel_aff_agglomerate:did not merge (100663599, 100663783)
INFO:engine.post.parallel_aff_agglomerate:did not merge (100663948, 100663995)
INFO:engine.post.parallel_aff_agglomerate:did not merge (100663948, 100664005)
INFO:engine.post.parallel_aff_agglomerate:did not merge (100663948, 100664097)
INFO:engine.post.parallel_aff_agglomerate:did not merge (100663948, 234881712)
INFO:engine.post.parallel_aff_agglomerate:did not merge (201327310, 201327482)
INFO:engine.post.parallel_aff_agglomerate:did not merge (201327310, 201327775)
INFO:engine.post.parallel_aff_agglomerate:did not merge (201327624, 201327775)
INFO:engine.post.parallel_aff_agglomerate:did not merge (201327646, 201327775)
INFO:engine.post.parallel_aff_agglomerate:did not merge (201327662, 201327775)
INFO:engine.post.parallel_aff_agglomerate:did not merge (201327676, 201327775)
INFO:engine.post.parallel_aff_agglomerate:did not merge (201327714, 201327775)
INFO:engine.post.parallel_aff_agglomerate:did not merge (201327714, 201327946)
INFO:engine.post.parallel_aff_agglomerate:did not merge (201326731, 201327179)
INFO:engine.post.parallel_aff_agglomerate:did not merge (201326731, 201327967)
INFO:engine.post.parallel_aff_agglomerate:did not merge (201326731, 201328144)
INFO:engine.post.parallel_aff_agglomerate:did not merge (201326731, 201328156)
INFO:engine.post.parallel_aff_agglomerate:did not merge (201326731, 201328402)
INFO:engine.post.parallel_aff_agglomerate:did not merge (201327914, 201327946)
INFO:engine.post.parallel_aff_agglomerate:did not merge (201328410, 201328593)
INFO:engine.post.parallel_aff_agglomerate:did not merge (201328529, 201328593)
INFO:engine.post.parallel_aff_agglomerate:did not merge (201328621, 201328749)
INFO:engine.post.parallel_aff_agglomerate:did not merge (201328752, 201328773)
INFO:engine.post.parallel_aff_agglomerate:did not merge (201328735, 201328773)
INFO:engine.post.parallel_aff_agglomerate:did not merge (100665227, 100665278)
INFO:engine.post.parallel_aff_agglomerate:did not merge (100665249, 100665278)
INFO:engine.post.parallel_aff_agglomerate:did not merge (201328805, 201328850)
INFO:engine.post.parallel_aff_agglomerate:did not merge (201328805, 201328868)
INFO:engine.post.parallel_aff_agglomerate:did not merge (201328805, 201328885)
INFO:engine.post.parallel_aff_agglomerate:did not merge (100665352, 100665367)
INFO:engine.post.parallel_aff_agglomerate:did not merge (100665600, 100665802)
INFO:engine.post.parallel_aff_agglomerate:did not merge (100665600, 100665819)
INFO:engine.post.parallel_aff_agglomerate:did not merge (100665600, 100665820)
INFO:engine.post.parallel_aff_agglomerate:did not merge (100665600, 100666038)
INFO:engine.post.parallel_aff_agglomerate:did not merge (100665600, 100666057)
INFO:engine.post.parallel_aff_agglomerate:did not merge (100665600, 100666085)
INFO:engine.post.parallel_aff_agglomerate:did not merge (100665600, 100666120)
INFO:engine.post.parallel_aff_agglomerate:did not merge (100665600, 100666405)
INFO:engine.post.parallel_aff_agglomerate:did not merge (100665600, 100666417)
INFO:engine.post.parallel_aff_agglomerate:did not merge (369099840, 369099884)
INFO:engine.post.parallel_aff_agglomerate:did not merge (369099840, 369099924)
INFO:engine.post.parallel_aff_agglomerate:did not merge (369099840, 369099941)
INFO:engine.post.parallel_aff_agglomerate:did not merge (369099840, 369099942)
INFO:engine.post.parallel_aff_agglomerate:did not merge (369099840, 369099965)
INFO:engine.post.parallel_aff_agglomerate:did not merge (369099840, 369099990)
INFO:engine.post.parallel_aff_agglomerate:did not merge (369099840, 369100147)
INFO:engine.post.parallel_aff_agglomerate:did not merge (369099840, 369100176)
INFO:engine.post.parallel_aff_agglomerate:did not merge (369099840, 369100180)
INFO:engine.post.parallel_aff_agglomerate:did not merge (369099840, 369100319)
INFO:engine.post.parallel_aff_agglomerate:did not merge (369099840, 369100334)
INFO:engine.post.parallel_aff_agglomerate:did not merge (369099840, 369100363)
INFO:engine.post.parallel_aff_agglomerate:did not merge (369099840, 369100383)
INFO:engine.post.parallel_aff_agglomerate:did not merge (369099840, 369100440)
INFO:engine.post.parallel_aff_agglomerate:did not merge (369099840, 369100456)
INFO:engine.post.parallel_aff_agglomerate:did not merge (369099840, 369100467)
INFO:engine.post.parallel_aff_agglomerate:did not merge (369099840, 369100485)
INFO:engine.post.parallel_aff_agglomerate:did not merge (369099840, 369100493)
INFO:engine.post.parallel_aff_agglomerate:did not merge (369099840, 369100526)
INFO:engine.post.parallel_aff_agglomerate:did not merge (369099840, 369100615)
INFO:engine.post.parallel_aff_agglomerate:did not merge (369099840, 369100759)
INFO:engine.post.parallel_aff_agglomerate:did not merge (369099840, 369100779)
INFO:engine.post.parallel_aff_agglomerate:did not merge (369099840, 369100789)
INFO:engine.post.parallel_aff_agglomerate:did not merge (369099840, 369100827)
INFO:engine.post.parallel_aff_agglomerate:did not merge (369099840, 369100881)
INFO:engine.post.parallel_aff_agglomerate:did not merge (369099840, 369100886)
INFO:engine.post.parallel_aff_agglomerate:did not merge (369099840, 369100974)
INFO:engine.post.parallel_aff_agglomerate:did not merge (369099840, 369101120)
INFO:engine.post.parallel_aff_agglomerate:did not merge (369099840, 369101395)
INFO:engine.post.parallel_aff_agglomerate:did not merge (369099840, 671088770)
INFO:engine.post.parallel_aff_agglomerate:did not merge (369099840, 671088805)
INFO:engine.post.parallel_aff_agglomerate:did not merge (201329622, 201329639)
INFO:engine.post.parallel_aff_agglomerate:did not merge (201329622, 201329657)
INFO:engine.post.parallel_aff_agglomerate:did not merge (201329640, 201329699)
INFO:engine.post.parallel_aff_agglomerate:did not merge (201329429, 201329580)
INFO:engine.post.parallel_aff_agglomerate:did not merge (201329429, 201329655)
INFO:engine.post.parallel_aff_agglomerate:did not merge (201329429, 201329699)
INFO:engine.post.parallel_aff_agglomerate:did not merge (201329429, 201329714)
INFO:engine.post.parallel_aff_agglomerate:did not merge (201329429, 201329721)
INFO:engine.post.parallel_aff_agglomerate:did not merge (201329429, 201329722)
INFO:engine.post.parallel_aff_agglomerate:did not merge (201329429, 201329736)
INFO:engine.post.parallel_aff_agglomerate:did not merge (201329429, 201329833)
INFO:engine.post.parallel_aff_agglomerate:did not merge (201329429, 201329854)
INFO:engine.post.parallel_aff_agglomerate:did not merge (201329429, 201329929)
INFO:engine.post.parallel_aff_agglomerate:did not merge (201329429, 201329962)
INFO:engine.post.parallel_aff_agglomerate:did not merge (201327998, 201328402)
INFO:engine.post.parallel_aff_agglomerate:did not merge (201327998, 201328590)
INFO:engine.post.parallel_aff_agglomerate:did not merge (201327998, 201328967)
INFO:engine.post.parallel_aff_agglomerate:did not merge (201327998, 201329193)
INFO:engine.post.parallel_aff_agglomerate:did not merge (201327998, 201329395)
INFO:engine.post.parallel_aff_agglomerate:did not merge (201327998, 201329579)
INFO:engine.post.parallel_aff_agglomerate:did not merge (201327998, 201329719)
INFO:engine.post.parallel_aff_agglomerate:did not merge (201327998, 201329935)
INFO:engine.post.parallel_aff_agglomerate:did not merge (201327998, 201330112)
INFO:engine.post.parallel_aff_agglomerate:did not merge (201327998, 201330162)
INFO:engine.post.parallel_aff_agglomerate:did not merge (201327998, 369098819)
INFO:engine.post.parallel_aff_agglomerate:did not merge (201327998, 369100615)
INFO:engine.post.parallel_aff_agglomerate:did not merge (201327998, 419430510)
INFO:engine.post.parallel_aff_agglomerate:did not merge (201329724, 201329746)
INFO:engine.post.parallel_aff_agglomerate:did not merge (201329724, 201329747)
INFO:engine.post.parallel_aff_agglomerate:did not merge (201329738, 201329747)
INFO:engine.post.parallel_aff_agglomerate:did not merge (201329790, 201329845)
INFO:engine.post.parallel_aff_agglomerate:did not merge (201329811, 201329845)
INFO:engine.post.parallel_aff_agglomerate:did not merge (201329811, 201329855)
INFO:engine.post.parallel_aff_agglomerate:did not merge (201329835, 201329855)
INFO:engine.post.parallel_aff_agglomerate:did not merge (201326707, 201329193)
INFO:engine.post.parallel_aff_agglomerate:did not merge (201326707, 201329579)
INFO:engine.post.parallel_aff_agglomerate:did not merge (201326707, 201329699)
INFO:engine.post.parallel_aff_agglomerate:did not merge (201326707, 201329719)
INFO:engine.post.parallel_aff_agglomerate:did not merge (201326707, 201329854)
INFO:engine.post.parallel_aff_agglomerate:did not merge (201326707, 201329872)
INFO:engine.post.parallel_aff_agglomerate:did not merge (201326707, 201329929)
INFO:engine.post.parallel_aff_agglomerate:did not merge (201326707, 201329935)
INFO:engine.post.parallel_aff_agglomerate:did not merge (201326707, 201329992)
INFO:engine.post.parallel_aff_agglomerate:did not merge (201326707, 201330005)
INFO:engine.post.parallel_aff_agglomerate:did not merge (201326707, 201330094)
INFO:engine.post.parallel_aff_agglomerate:did not merge (201326707, 201330101)
INFO:engine.post.parallel_aff_agglomerate:did not merge (201326707, 201330103)
INFO:engine.post.parallel_aff_agglomerate:did not merge (201326707, 201330110)
INFO:engine.post.parallel_aff_agglomerate:did not merge (201326707, 201330112)
INFO:engine.post.parallel_aff_agglomerate:did not merge (201326707, 201330114)
INFO:engine.post.parallel_aff_agglomerate:did not merge (201326707, 201330125)
INFO:engine.post.parallel_aff_agglomerate:did not merge (201326707, 201330138)
INFO:engine.post.parallel_aff_agglomerate:did not merge (201326707, 201330139)
INFO:engine.post.parallel_aff_agglomerate:did not merge (201326707, 201330162)
INFO:engine.post.parallel_aff_agglomerate:did not merge (201326707, 201330235)
INFO:engine.post.parallel_aff_agglomerate:did not merge (201326707, 201330253)
INFO:engine.post.parallel_aff_agglomerate:did not merge (201326707, 201330273)
INFO:engine.post.parallel_aff_agglomerate:did not merge (201326707, 201330274)
INFO:engine.post.parallel_aff_agglomerate:did not merge (201326707, 201330313)
INFO:engine.post.parallel_aff_agglomerate:did not merge (201326707, 201330381)
INFO:engine.post.parallel_aff_agglomerate:did not merge (201326707, 201330482)
INFO:engine.post.parallel_aff_agglomerate:did not merge (201326707, 201330602)
INFO:engine.post.parallel_aff_agglomerate:did not merge (201326707, 201330603)
INFO:engine.post.parallel_aff_agglomerate:did not merge (201326707, 201330745)
INFO:engine.post.parallel_aff_agglomerate:did not merge (201326707, 419430510)
INFO:engine.post.parallel_aff_agglomerate:did not merge (201330037, 201330062)
INFO:engine.post.parallel_aff_agglomerate:did not merge (201330483, 201330540)
INFO:engine.post.parallel_aff_agglomerate:did not merge (201330483, 201330561)
INFO:engine.post.parallel_aff_agglomerate:did not merge (201330483, 201330732)
INFO:engine.post.parallel_aff_agglomerate:did not merge (201330483, 201330746)
INFO:engine.post.parallel_aff_agglomerate:did not merge (100667229, 100667585)
INFO:engine.post.parallel_aff_agglomerate:did not merge (100667428, 100667585)
INFO:engine.post.parallel_aff_agglomerate:did not merge (100667428, 100667630)
INFO:engine.post.parallel_aff_agglomerate:merged 15836 edges
INFO:engine.post.parallel_aff_agglomerate:Agglomerating in block [2544:4592, 2544:4592, 16880:18928] (2048, 2048, 2048) with context of [2416:4720, 2416:4720, 16752:19056] (2304, 2304, 2304)
INFO:engine.post.parallel_aff_agglomerate:did not merge (2030046620, 2030046764)
INFO:engine.post.parallel_aff_agglomerate:did not merge (2030046620, 2030046779)
INFO:engine.post.parallel_aff_agglomerate:did not merge (2030046620, 2030046988)
INFO:engine.post.parallel_aff_agglomerate:did not merge (2785021068, 2785021084)
INFO:engine.post.parallel_aff_agglomerate:did not merge (3741322505, 3741322570)
INFO:engine.post.parallel_aff_agglomerate:did not merge (3741322505, 3741322588)
INFO:engine.post.parallel_aff_agglomerate:did not merge (3741322505, 3741322602)
INFO:engine.post.parallel_aff_agglomerate:did not merge (3741322505, 3741322631)
INFO:engine.post.parallel_aff_agglomerate:did not merge (3741322505, 3741322674)
INFO:engine.post.parallel_aff_agglomerate:did not merge (2030046444, 2030046525)
INFO:engine.post.parallel_aff_agglomerate:did not merge (2030046444, 2030046560)
INFO:engine.post.parallel_aff_agglomerate:did not merge (2030046444, 2030046575)
INFO:engine.post.parallel_aff_agglomerate:did not merge (2030046444, 2030046576)
INFO:engine.post.parallel_aff_agglomerate:did not merge (2030046444, 2030046595)
INFO:engine.post.parallel_aff_agglomerate:did not merge (2030046444, 2030046638)
INFO:engine.post.parallel_aff_agglomerate:did not merge (2030046444, 2030046650)
INFO:engine.post.parallel_aff_agglomerate:did not merge (2030046444, 2030046717)
INFO:engine.post.parallel_aff_agglomerate:did not merge (2030046444, 2030046760)
INFO:engine.post.parallel_aff_agglomerate:did not merge (2030046444, 2030046782)
INFO:engine.post.parallel_aff_agglomerate:did not merge (2030046444, 2030046797)
INFO:engine.post.parallel_aff_agglomerate:did not merge (2030046444, 2030046879)
INFO:engine.post.parallel_aff_agglomerate:did not merge (2030046444, 2030046895)
INFO:engine.post.parallel_aff_agglomerate:did not merge (2030046444, 2030046900)
INFO:engine.post.parallel_aff_agglomerate:did not merge (2030046444, 2030046914)
INFO:engine.post.parallel_aff_agglomerate:did not merge (2030046444, 2030046933)
INFO:engine.post.parallel_aff_agglomerate:did not merge (2030046444, 2030046988)
INFO:engine.post.parallel_aff_agglomerate:did not merge (2030046444, 2818575300)
INFO:engine.post.parallel_aff_agglomerate:did not merge (2030046444, 2818575383)
INFO:engine.post.parallel_aff_agglomerate:did not merge (2030046444, 2818575603)
INFO:engine.post.parallel_aff_agglomerate:did not merge (2030046444, 2835350096)
INFO:engine.post.parallel_aff_agglomerate:did not merge (2030046444, 2835350115)
INFO:engine.post.parallel_aff_agglomerate:did not merge (2030046444, 2835350170)
INFO:engine.post.parallel_aff_agglomerate:did not merge (2785021134, 3741322236)
INFO:engine.post.parallel_aff_agglomerate:did not merge (2818575587, 2818575603)
INFO:engine.post.parallel_aff_agglomerate:did not merge (2818575587, 2818575830)
INFO:engine.post.parallel_aff_agglomerate:did not merge (2818575587, 3741322807)
INFO:engine.post.parallel_aff_agglomerate:did not merge (3741322613, 3741322660)
INFO:engine.post.parallel_aff_agglomerate:did not merge (3741322613, 3741322690)
INFO:engine.post.parallel_aff_agglomerate:did not merge (3741322613, 3741322705)
INFO:engine.post.parallel_aff_agglomerate:did not merge (3741322613, 3741322716)
INFO:engine.post.parallel_aff_agglomerate:did not merge (3741322613, 3741322752)
INFO:engine.post.parallel_aff_agglomerate:did not merge (3741322613, 3741322753)
INFO:engine.post.parallel_aff_agglomerate:did not merge (3741322613, 3741322777)
INFO:engine.post.parallel_aff_agglomerate:did not merge (3741322613, 3741322806)
INFO:engine.post.parallel_aff_agglomerate:did not merge (3741322613, 3741322909)
INFO:engine.post.parallel_aff_agglomerate:did not merge (3741322613, 3741322928)
INFO:engine.post.parallel_aff_agglomerate:did not merge (3741322613, 4915724494)
INFO:engine.post.parallel_aff_agglomerate:did not merge (3741322613, 4915724788)
INFO:engine.post.parallel_aff_agglomerate:did not merge (3741322673, 3741322674)
INFO:engine.post.parallel_aff_agglomerate:did not merge (3741322673, 3741322676)
INFO:engine.post.parallel_aff_agglomerate:did not merge (2013267814, 2013268549)
INFO:engine.post.parallel_aff_agglomerate:did not merge (2013267814, 2013268578)
INFO:engine.post.parallel_aff_agglomerate:did not merge (3707768696, 3707768698)
INFO:engine.post.parallel_aff_agglomerate:did not merge (3707768696, 3707768797)
INFO:engine.post.parallel_aff_agglomerate:did not merge (3707768696, 4865393150)
INFO:engine.post.parallel_aff_agglomerate:did not merge (3707768696, 4865393247)
INFO:engine.post.parallel_aff_agglomerate:did not merge (3741322875, 3741322893)
INFO:engine.post.parallel_aff_agglomerate:did not merge (3741322875, 3741322894)
INFO:engine.post.parallel_aff_agglomerate:did not merge (3741322789, 3741322806)
INFO:engine.post.parallel_aff_agglomerate:did not merge (3741322789, 4915724685)
INFO:engine.post.parallel_aff_agglomerate:did not merge (3741322805, 3741322806)
INFO:engine.post.parallel_aff_agglomerate:did not merge (2801795683, 2801795729)
INFO:engine.post.parallel_aff_agglomerate:did not merge (2801796034, 2801796136)
INFO:engine.post.parallel_aff_agglomerate:did not merge (2801796034, 2801796321)
INFO:engine.post.parallel_aff_agglomerate:did not merge (2801796034, 2801796350)
INFO:engine.post.parallel_aff_agglomerate:did not merge (2801796269, 2801796351)
INFO:engine.post.parallel_aff_agglomerate:did not merge (2801796052, 2801796173)
INFO:engine.post.parallel_aff_agglomerate:did not merge (2801796052, 2801796210)
INFO:engine.post.parallel_aff_agglomerate:did not merge (2801796052, 2801796351)
INFO:engine.post.parallel_aff_agglomerate:did not merge (2801796052, 2801796380)
INFO:engine.post.parallel_aff_agglomerate:did not merge (2801796052, 2801796510)
INFO:engine.post.parallel_aff_agglomerate:did not merge (2801796052, 2801796526)
INFO:engine.post.parallel_aff_agglomerate:did not merge (2801796052, 2801796592)
INFO:engine.post.parallel_aff_agglomerate:did not merge (2801796052, 3724543009)
INFO:engine.post.parallel_aff_agglomerate:did not merge (2801796514, 2801796571)
INFO:engine.post.parallel_aff_agglomerate:did not merge (2801796676, 2801796696)
INFO:engine.post.parallel_aff_agglomerate:did not merge (2801796676, 2801796803)
INFO:engine.post.parallel_aff_agglomerate:did not merge (2801796676, 2801796804)
INFO:engine.post.parallel_aff_agglomerate:did not merge (2801796676, 2801796805)
INFO:engine.post.parallel_aff_agglomerate:did not merge (2801796676, 2801796829)
INFO:engine.post.parallel_aff_agglomerate:did not merge (2801796676, 2801796841)
INFO:engine.post.parallel_aff_agglomerate:did not merge (2801796676, 2801796864)
INFO:engine.post.parallel_aff_agglomerate:did not merge (2801796676, 2801796879)
INFO:engine.post.parallel_aff_agglomerate:did not merge (2801796676, 2801796898)
INFO:engine.post.parallel_aff_agglomerate:did not merge (2801796676, 2801796932)
INFO:engine.post.parallel_aff_agglomerate:did not merge (2801796676, 2801796946)
INFO:engine.post.parallel_aff_agglomerate:did not merge (2801796676, 2801796947)
INFO:engine.post.parallel_aff_agglomerate:did not merge (2801796676, 2801796962)
INFO:engine.post.parallel_aff_agglomerate:did not merge (2801796676, 2801796975)
INFO:engine.post.parallel_aff_agglomerate:did not merge (2801796676, 2801796986)
INFO:engine.post.parallel_aff_agglomerate:did not merge (2801796676, 2801796987)
INFO:engine.post.parallel_aff_agglomerate:did not merge (2801796676, 2801797242)
INFO:engine.post.parallel_aff_agglomerate:did not merge (2801796676, 2801797254)
INFO:engine.post.parallel_aff_agglomerate:did not merge (2801796676, 2801797362)
INFO:engine.post.parallel_aff_agglomerate:did not merge (2801796676, 3724543285)
INFO:engine.post.parallel_aff_agglomerate:did not merge (2801796676, 3724543297)
INFO:engine.post.parallel_aff_agglomerate:did not merge (2801796676, 3724543358)
INFO:engine.post.parallel_aff_agglomerate:did not merge (2801797127, 2801797176)
INFO:engine.post.parallel_aff_agglomerate:did not merge (2801797127, 2801797242)
INFO:engine.post.parallel_aff_agglomerate:did not merge (2801797127, 2801797254)
INFO:engine.post.parallel_aff_agglomerate:did not merge (2801797127, 2801797362)
INFO:engine.post.parallel_aff_agglomerate:did not merge (2801797127, 2801797369)
INFO:engine.post.parallel_aff_agglomerate:did not merge (2801797127, 2801797408)
INFO:engine.post.parallel_aff_agglomerate:did not merge (2801797127, 2801797417)
INFO:engine.post.parallel_aff_agglomerate:did not merge (2801797127, 2801797418)
INFO:engine.post.parallel_aff_agglomerate:did not merge (2801797127, 2801797427)
INFO:engine.post.parallel_aff_agglomerate:did not merge (2801797127, 2801797431)
INFO:engine.post.parallel_aff_agglomerate:did not merge (2801797127, 2801797432)
INFO:engine.post.parallel_aff_agglomerate:did not merge (2801797127, 2801797440)
INFO:engine.post.parallel_aff_agglomerate:did not merge (2801797127, 2801797446)
INFO:engine.post.parallel_aff_agglomerate:did not merge (2801797127, 2801797451)
INFO:engine.post.parallel_aff_agglomerate:did not merge (2801797127, 2801797461)
INFO:engine.post.parallel_aff_agglomerate:did not merge (2801797127, 2801797482)
INFO:engine.post.parallel_aff_agglomerate:did not merge (2801797127, 2801797495)
INFO:engine.post.parallel_aff_agglomerate:did not merge (2801797127, 2801797511)
INFO:engine.post.parallel_aff_agglomerate:did not merge (2801797127, 2801797517)
INFO:engine.post.parallel_aff_agglomerate:did not merge (2801797127, 2801797521)
INFO:engine.post.parallel_aff_agglomerate:did not merge (2801797127, 2801797536)
INFO:engine.post.parallel_aff_agglomerate:did not merge (2801797127, 3724544015)
INFO:engine.post.parallel_aff_agglomerate:did not merge (2801797566, 2801797771)
INFO:engine.post.parallel_aff_agglomerate:did not merge (2801797853, 2801797888)
INFO:engine.post.parallel_aff_agglomerate:did not merge (3724544497, 3724544515)
INFO:engine.post.parallel_aff_agglomerate:did not merge (3724544497, 3724544525)
INFO:engine.post.parallel_aff_agglomerate:did not merge (2046822655, 2046822733)
INFO:engine.post.parallel_aff_agglomerate:did not merge (2046822655, 2801797929)
INFO:engine.post.parallel_aff_agglomerate:did not merge (2046822683, 2046822733)
INFO:engine.post.parallel_aff_agglomerate:did not merge (2801797902, 2801797963)
INFO:engine.post.parallel_aff_agglomerate:did not merge (2801797902, 2801798003)
INFO:engine.post.parallel_aff_agglomerate:did not merge (2801797902, 2801798204)
INFO:engine.post.parallel_aff_agglomerate:did not merge (2801797902, 3724544558)
INFO:engine.post.parallel_aff_agglomerate:did not merge (2801797902, 3774873861)
INFO:engine.post.parallel_aff_agglomerate:did not merge (2046822743, 2046822751)
INFO:engine.post.parallel_aff_agglomerate:did not merge (2046822743, 2046822760)
INFO:engine.post.parallel_aff_agglomerate:did not merge (2046822743, 2046822798)
INFO:engine.post.parallel_aff_agglomerate:did not merge (2046822743, 2046822855)
INFO:engine.post.parallel_aff_agglomerate:did not merge (3724544609, 3724544629)
INFO:engine.post.parallel_aff_agglomerate:did not merge (2801798269, 2801798557)
INFO:engine.post.parallel_aff_agglomerate:did not merge (2046822920, 2046822933)
INFO:engine.post.parallel_aff_agglomerate:did not merge (2046822920, 2046822959)
INFO:engine.post.parallel_aff_agglomerate:did not merge (2046822920, 2046822988)
INFO:engine.post.parallel_aff_agglomerate:did not merge (2046822920, 2801796291)
INFO:engine.post.parallel_aff_agglomerate:did not merge (2046822920, 2852126757)
INFO:engine.post.parallel_aff_agglomerate:did not merge (2046822920, 2852126954)
INFO:engine.post.parallel_aff_agglomerate:did not merge (2801798240, 2801798304)
INFO:engine.post.parallel_aff_agglomerate:did not merge (3724544925, 3724544942)
INFO:engine.post.parallel_aff_agglomerate:merged 23671 edges
INFO:engine.post.parallel_aff_agglomerate:Agglomerating in block [2544:4592, 2544:4592, 29168:29264] (2048, 2048, 96) with context of [2416:4720, 2416:4720, 29040:29392] (2304, 2304, 352)
INFO:engine.post.parallel_aff_agglomerate:did not merge (11458841852, 11458841991)
INFO:engine.post.parallel_aff_agglomerate:did not merge (11458841852, 11458842003)
INFO:engine.post.parallel_aff_agglomerate:did not merge (11458841852, 11458842170)
INFO:engine.post.parallel_aff_agglomerate:did not merge (13740540381, 13740540398)
INFO:engine.post.parallel_aff_agglomerate:did not merge (11458841910, 11458841991)
INFO:engine.post.parallel_aff_agglomerate:did not merge (9428796687, 9428796741)
INFO:engine.post.parallel_aff_agglomerate:did not merge (11442061503, 11442061516)
INFO:engine.post.parallel_aff_agglomerate:did not merge (11442061503, 11442061518)
INFO:engine.post.parallel_aff_agglomerate:did not merge (11442061503, 11442061545)
INFO:engine.post.parallel_aff_agglomerate:did not merge (9428796773, 11442061516)
INFO:engine.post.parallel_aff_agglomerate:did not merge (9428797302, 9428797337)
INFO:engine.post.parallel_aff_agglomerate:did not merge (9428797302, 9428797445)
INFO:engine.post.parallel_aff_agglomerate:did not merge (9428797472, 9428797486)
INFO:engine.post.parallel_aff_agglomerate:did not merge (11442061698, 11442061726)
INFO:engine.post.parallel_aff_agglomerate:did not merge (11442061722, 11442061726)
INFO:engine.post.parallel_aff_agglomerate:did not merge (11442061748, 11442061772)
INFO:engine.post.parallel_aff_agglomerate:merged 3317 edges
INFO:engine.post.parallel_aff_agglomerate:Agglomerating in block [2544:4592, 4592:6640, 2544:4592] (2048, 2048, 2048) with context of [2416:4720, 4464:6768, 2416:4720] (2304, 2304, 2304)
INFO:engine.post.parallel_aff_agglomerate:did not merge (436210381, 436210417)
INFO:engine.post.parallel_aff_agglomerate:did not merge (436210381, 436210477)
INFO:engine.post.parallel_aff_agglomerate:did not merge (218105996, 218106016)
INFO:engine.post.parallel_aff_agglomerate:did not merge (218105996, 218106063)
INFO:engine.post.parallel_aff_agglomerate:did not merge (218105996, 218106138)
INFO:engine.post.parallel_aff_agglomerate:did not merge (218105996, 218106140)
INFO:engine.post.parallel_aff_agglomerate:did not merge (218105996, 218106141)
INFO:engine.post.parallel_aff_agglomerate:did not merge (218105996, 218106149)
INFO:engine.post.parallel_aff_agglomerate:did not merge (218105996, 218106155)
INFO:engine.post.parallel_aff_agglomerate:did not merge (218105996, 218106157)
INFO:engine.post.parallel_aff_agglomerate:did not merge (218105996, 218106169)
INFO:engine.post.parallel_aff_agglomerate:did not merge (218105996, 218106170)
INFO:engine.post.parallel_aff_agglomerate:did not merge (218105996, 218106172)
INFO:engine.post.parallel_aff_agglomerate:did not merge (218105996, 218106173)
INFO:engine.post.parallel_aff_agglomerate:did not merge (218105996, 218106174)
INFO:engine.post.parallel_aff_agglomerate:did not merge (218105996, 218106175)
INFO:engine.post.parallel_aff_agglomerate:did not merge (218105996, 218106186)
INFO:engine.post.parallel_aff_agglomerate:did not merge (218105996, 218106187)
INFO:engine.post.parallel_aff_agglomerate:did not merge (218105996, 218106188)
INFO:engine.post.parallel_aff_agglomerate:did not merge (218105996, 218106190)
INFO:engine.post.parallel_aff_agglomerate:did not merge (218105996, 218106191)
INFO:engine.post.parallel_aff_agglomerate:did not merge (218105996, 218106192)
INFO:engine.post.parallel_aff_agglomerate:did not merge (218105996, 218106217)
INFO:engine.post.parallel_aff_agglomerate:did not merge (218105996, 218106218)
INFO:engine.post.parallel_aff_agglomerate:did not merge (218105996, 218106219)
INFO:engine.post.parallel_aff_agglomerate:did not merge (218105996, 218106227)
INFO:engine.post.parallel_aff_agglomerate:did not merge (218105996, 218106239)
INFO:engine.post.parallel_aff_agglomerate:did not merge (218105996, 218106248)
INFO:engine.post.parallel_aff_agglomerate:did not merge (218105996, 218106254)
INFO:engine.post.parallel_aff_agglomerate:did not merge (218105996, 218106261)
INFO:engine.post.parallel_aff_agglomerate:did not merge (218105996, 218106272)
INFO:engine.post.parallel_aff_agglomerate:did not merge (385878670, 385878736)
INFO:engine.post.parallel_aff_agglomerate:did not merge (268438568, 268438712)
INFO:engine.post.parallel_aff_agglomerate:did not merge (385878624, 385878699)
INFO:engine.post.parallel_aff_agglomerate:did not merge (385878624, 704643346)
INFO:engine.post.parallel_aff_agglomerate:did not merge (436210622, 436210623)
INFO:engine.post.parallel_aff_agglomerate:did not merge (436210622, 436210823)
INFO:engine.post.parallel_aff_agglomerate:did not merge (234881507, 234881615)
INFO:engine.post.parallel_aff_agglomerate:did not merge (134217883, 134218704)
INFO:engine.post.parallel_aff_agglomerate:did not merge (134217883, 134218829)
INFO:engine.post.parallel_aff_agglomerate:did not merge (134217883, 134218898)
INFO:engine.post.parallel_aff_agglomerate:did not merge (134217883, 134218960)
INFO:engine.post.parallel_aff_agglomerate:did not merge (134217883, 134218972)
INFO:engine.post.parallel_aff_agglomerate:did not merge (134217883, 134218995)
INFO:engine.post.parallel_aff_agglomerate:did not merge (134217883, 134219008)
INFO:engine.post.parallel_aff_agglomerate:did not merge (134217883, 234882239)
INFO:engine.post.parallel_aff_agglomerate:did not merge (234882031, 234882129)
INFO:engine.post.parallel_aff_agglomerate:did not merge (234882240, 234882290)
INFO:engine.post.parallel_aff_agglomerate:did not merge (234882240, 234882497)
INFO:engine.post.parallel_aff_agglomerate:did not merge (234882292, 234882454)
INFO:engine.post.parallel_aff_agglomerate:did not merge (134219093, 134219123)
INFO:engine.post.parallel_aff_agglomerate:did not merge (234882350, 234882534)
INFO:engine.post.parallel_aff_agglomerate:did not merge (234882413, 234882534)
INFO:engine.post.parallel_aff_agglomerate:did not merge (134219310, 134219313)
INFO:engine.post.parallel_aff_agglomerate:did not merge (134219310, 134219329)
INFO:engine.post.parallel_aff_agglomerate:did not merge (134219310, 134219341)
INFO:engine.post.parallel_aff_agglomerate:did not merge (134219310, 285213863)
INFO:engine.post.parallel_aff_agglomerate:did not merge (234882676, 234882690)
INFO:engine.post.parallel_aff_agglomerate:did not merge (234882676, 234882743)
INFO:engine.post.parallel_aff_agglomerate:did not merge (234882675, 234882742)
INFO:engine.post.parallel_aff_agglomerate:did not merge (234882985, 234883007)
INFO:engine.post.parallel_aff_agglomerate:did not merge (234883065, 234883318)
INFO:engine.post.parallel_aff_agglomerate:did not merge (134219641, 134219652)
INFO:engine.post.parallel_aff_agglomerate:did not merge (134219641, 134219656)
INFO:engine.post.parallel_aff_agglomerate:did not merge (234883193, 234883207)
INFO:engine.post.parallel_aff_agglomerate:did not merge (134219835, 134219841)
INFO:engine.post.parallel_aff_agglomerate:did not merge (134219835, 234883320)
INFO:engine.post.parallel_aff_agglomerate:did not merge (402653268, 402655594)
INFO:engine.post.parallel_aff_agglomerate:did not merge (402653268, 402655701)
INFO:engine.post.parallel_aff_agglomerate:did not merge (402653268, 402655815)
INFO:engine.post.parallel_aff_agglomerate:did not merge (402653268, 402656014)
INFO:engine.post.parallel_aff_agglomerate:did not merge (402653268, 721420653)
INFO:engine.post.parallel_aff_agglomerate:did not merge (234883439, 234883457)
INFO:engine.post.parallel_aff_agglomerate:did not merge (134219844, 134220128)
INFO:engine.post.parallel_aff_agglomerate:did not merge (134219844, 285215224)
INFO:engine.post.parallel_aff_agglomerate:did not merge (234883472, 234883519)
INFO:engine.post.parallel_aff_agglomerate:did not merge (234883472, 234883646)
INFO:engine.post.parallel_aff_agglomerate:did not merge (234881119, 234883437)
INFO:engine.post.parallel_aff_agglomerate:did not merge (234881119, 234883885)
INFO:engine.post.parallel_aff_agglomerate:did not merge (234881119, 234884500)
INFO:engine.post.parallel_aff_agglomerate:did not merge (234881119, 234884648)
INFO:engine.post.parallel_aff_agglomerate:did not merge (234881119, 234884822)
INFO:engine.post.parallel_aff_agglomerate:did not merge (234881119, 234885042)
INFO:engine.post.parallel_aff_agglomerate:did not merge (234881119, 402655701)
INFO:engine.post.parallel_aff_agglomerate:did not merge (234881119, 402655815)
INFO:engine.post.parallel_aff_agglomerate:did not merge (234881119, 402656014)
INFO:engine.post.parallel_aff_agglomerate:did not merge (234881119, 469762458)
INFO:engine.post.parallel_aff_agglomerate:did not merge (234883692, 234883855)
INFO:engine.post.parallel_aff_agglomerate:did not merge (234884167, 234884199)
INFO:engine.post.parallel_aff_agglomerate:did not merge (234884167, 234884447)
INFO:engine.post.parallel_aff_agglomerate:did not merge (234884167, 234884460)
INFO:engine.post.parallel_aff_agglomerate:did not merge (234884167, 234884633)
INFO:engine.post.parallel_aff_agglomerate:did not merge (234883725, 234884915)
INFO:engine.post.parallel_aff_agglomerate:did not merge (234884376, 234884447)
INFO:engine.post.parallel_aff_agglomerate:did not merge (234884376, 234884460)
INFO:engine.post.parallel_aff_agglomerate:did not merge (234884376, 234884461)
INFO:engine.post.parallel_aff_agglomerate:did not merge (234884776, 234884857)
INFO:engine.post.parallel_aff_agglomerate:did not merge (234884776, 234884876)
INFO:engine.post.parallel_aff_agglomerate:did not merge (234884776, 234884915)
INFO:engine.post.parallel_aff_agglomerate:did not merge (234884942, 234885244)
INFO:engine.post.parallel_aff_agglomerate:did not merge (234884942, 469762176)
INFO:engine.post.parallel_aff_agglomerate:did not merge (234884941, 234885244)
INFO:engine.post.parallel_aff_agglomerate:merged 21173 edges
INFO:engine.post.parallel_aff_agglomerate:Agglomerating in block [2544:4592, 4592:6640, 12784:14832] (2048, 2048, 2048) with context of [2416:4720, 4464:6768, 12656:14960] (2304, 2304, 2304)
INFO:engine.post.parallel_aff_agglomerate:did not merge (2868907667, 2868907865)
INFO:engine.post.parallel_aff_agglomerate:did not merge (2868907667, 3875537428)
INFO:engine.post.parallel_aff_agglomerate:did not merge (3791653444, 3791653977)
INFO:engine.post.parallel_aff_agglomerate:did not merge (3791653444, 3791654055)
INFO:engine.post.parallel_aff_agglomerate:did not merge (3791653444, 3791654157)
INFO:engine.post.parallel_aff_agglomerate:did not merge (3791653444, 3791654183)
INFO:engine.post.parallel_aff_agglomerate:did not merge (3791653444, 3791654495)
INFO:engine.post.parallel_aff_agglomerate:did not merge (3791653444, 3791654506)
INFO:engine.post.parallel_aff_agglomerate:did not merge (3791653444, 4982833859)
INFO:engine.post.parallel_aff_agglomerate:did not merge (3791653444, 4982833870)
INFO:engine.post.parallel_aff_agglomerate:did not merge (2868907812, 2868907887)
INFO:engine.post.parallel_aff_agglomerate:did not merge (1426067145, 1426067222)
INFO:engine.post.parallel_aff_agglomerate:did not merge (1426067145, 1426067269)
INFO:engine.post.parallel_aff_agglomerate:did not merge (1426067145, 2080375188)
INFO:engine.post.parallel_aff_agglomerate:did not merge (1459621537, 1459621566)
INFO:engine.post.parallel_aff_agglomerate:did not merge (1459621537, 2130706771)
INFO:engine.post.parallel_aff_agglomerate:did not merge (2868907798, 2868907887)
INFO:engine.post.parallel_aff_agglomerate:did not merge (2818575782, 2818575792)
INFO:engine.post.parallel_aff_agglomerate:did not merge (2818575782, 2818575800)
INFO:engine.post.parallel_aff_agglomerate:did not merge (2818575782, 2818575809)
INFO:engine.post.parallel_aff_agglomerate:did not merge (2818575782, 2818575824)
INFO:engine.post.parallel_aff_agglomerate:did not merge (2818575782, 2818575923)
INFO:engine.post.parallel_aff_agglomerate:did not merge (2868907811, 2868907864)
INFO:engine.post.parallel_aff_agglomerate:did not merge (2868907811, 2868907865)
INFO:engine.post.parallel_aff_agglomerate:did not merge (2868907811, 2868908000)
INFO:engine.post.parallel_aff_agglomerate:did not merge (2868907771, 2868907916)
INFO:engine.post.parallel_aff_agglomerate:did not merge (956304570, 956304610)
INFO:engine.post.parallel_aff_agglomerate:did not merge (956304570, 956304779)
INFO:engine.post.parallel_aff_agglomerate:did not merge (1476395328, 1476395338)
INFO:engine.post.parallel_aff_agglomerate:did not merge (1476395093, 1476395444)
INFO:engine.post.parallel_aff_agglomerate:did not merge (1476395093, 1476395458)
INFO:engine.post.parallel_aff_agglomerate:did not merge (1476395093, 1476395459)
INFO:engine.post.parallel_aff_agglomerate:did not merge (1476395093, 1476395497)
INFO:engine.post.parallel_aff_agglomerate:did not merge (2080375000, 2080375187)
INFO:engine.post.parallel_aff_agglomerate:did not merge (2080375000, 2080375188)
INFO:engine.post.parallel_aff_agglomerate:did not merge (2080375000, 2080375236)
INFO:engine.post.parallel_aff_agglomerate:did not merge (2080375056, 2080375200)
INFO:engine.post.parallel_aff_agglomerate:did not merge (2080375110, 2080375187)
INFO:engine.post.parallel_aff_agglomerate:did not merge (2080375110, 2080375188)
INFO:engine.post.parallel_aff_agglomerate:did not merge (2080375110, 2080375235)
INFO:engine.post.parallel_aff_agglomerate:did not merge (2080375110, 2080375236)
INFO:engine.post.parallel_aff_agglomerate:did not merge (1476395539, 1476395561)
INFO:engine.post.parallel_aff_agglomerate:did not merge (1476395539, 1476395646)
INFO:engine.post.parallel_aff_agglomerate:did not merge (1476395539, 1476395771)
INFO:engine.post.parallel_aff_agglomerate:did not merge (1476395539, 2080375361)
INFO:engine.post.parallel_aff_agglomerate:did not merge (2080375471, 2080375529)
INFO:engine.post.parallel_aff_agglomerate:did not merge (2080375701, 2080375707)
INFO:engine.post.parallel_aff_agglomerate:did not merge (2080375701, 2080375721)
INFO:engine.post.parallel_aff_agglomerate:did not merge (2080375723, 2080375814)
INFO:engine.post.parallel_aff_agglomerate:did not merge (2080375930, 2080376058)
INFO:engine.post.parallel_aff_agglomerate:did not merge (2080375930, 2080376110)
INFO:engine.post.parallel_aff_agglomerate:did not merge (2080375930, 2080376148)
INFO:engine.post.parallel_aff_agglomerate:did not merge (2080375930, 2080376225)
INFO:engine.post.parallel_aff_agglomerate:did not merge (2080375930, 2080376369)
INFO:engine.post.parallel_aff_agglomerate:did not merge (2080375930, 2080376371)
INFO:engine.post.parallel_aff_agglomerate:did not merge (1476396180, 1476396369)
INFO:engine.post.parallel_aff_agglomerate:did not merge (1476396180, 1476396370)
INFO:engine.post.parallel_aff_agglomerate:did not merge (1476396180, 1476396385)
INFO:engine.post.parallel_aff_agglomerate:did not merge (1476396180, 1476396475)
INFO:engine.post.parallel_aff_agglomerate:did not merge (2080376062, 2080376225)
INFO:engine.post.parallel_aff_agglomerate:did not merge (2080376062, 2080376371)
INFO:engine.post.parallel_aff_agglomerate:did not merge (1476396368, 1476396383)
INFO:engine.post.parallel_aff_agglomerate:did not merge (2080376353, 2080376369)
INFO:engine.post.parallel_aff_agglomerate:did not merge (2835351580, 2835351720)
INFO:engine.post.parallel_aff_agglomerate:did not merge (2835351596, 2835351720)
INFO:engine.post.parallel_aff_agglomerate:did not merge (1476396787, 1476396832)
INFO:engine.post.parallel_aff_agglomerate:did not merge (1476396787, 1476396981)
INFO:engine.post.parallel_aff_agglomerate:did not merge (1476396787, 2130707852)
INFO:engine.post.parallel_aff_agglomerate:did not merge (2080377201, 2080377594)
INFO:engine.post.parallel_aff_agglomerate:did not merge (2080377259, 2080377454)
INFO:engine.post.parallel_aff_agglomerate:did not merge (2080377361, 2080377576)
INFO:engine.post.parallel_aff_agglomerate:did not merge (2080377363, 2080377457)
INFO:engine.post.parallel_aff_agglomerate:did not merge (2080377557, 2080377594)
INFO:engine.post.parallel_aff_agglomerate:did not merge (1476397236, 1476397409)
INFO:engine.post.parallel_aff_agglomerate:did not merge (1476397236, 1476397975)
INFO:engine.post.parallel_aff_agglomerate:did not merge (2080377306, 2080377454)
INFO:engine.post.parallel_aff_agglomerate:did not merge (2080377306, 2080377489)
INFO:engine.post.parallel_aff_agglomerate:did not merge (2080377306, 2080377789)
INFO:engine.post.parallel_aff_agglomerate:did not merge (2080377306, 2080378131)
INFO:engine.post.parallel_aff_agglomerate:did not merge (2080377306, 2080378163)
INFO:engine.post.parallel_aff_agglomerate:did not merge (1476398117, 1476398143)
INFO:engine.post.parallel_aff_agglomerate:did not merge (1476398117, 1476398165)
INFO:engine.post.parallel_aff_agglomerate:did not merge (1476398117, 1476398174)
INFO:engine.post.parallel_aff_agglomerate:did not merge (1476398117, 1476398260)
INFO:engine.post.parallel_aff_agglomerate:did not merge (1476398246, 1476398247)
INFO:engine.post.parallel_aff_agglomerate:did not merge (1476398246, 1476398260)
INFO:engine.post.parallel_aff_agglomerate:did not merge (1476398246, 1476398274)
INFO:engine.post.parallel_aff_agglomerate:did not merge (1476398246, 1476398293)
INFO:engine.post.parallel_aff_agglomerate:did not merge (1476398246, 1476398366)
INFO:engine.post.parallel_aff_agglomerate:did not merge (1476398246, 1476398479)
INFO:engine.post.parallel_aff_agglomerate:did not merge (1476398246, 1476398518)
INFO:engine.post.parallel_aff_agglomerate:did not merge (1476398246, 2130709481)
INFO:engine.post.parallel_aff_agglomerate:did not merge (2080378660, 2080378725)
INFO:engine.post.parallel_aff_agglomerate:did not merge (2080378660, 2080379087)
INFO:engine.post.parallel_aff_agglomerate:did not merge (1476398517, 1476398518)
INFO:engine.post.parallel_aff_agglomerate:did not merge (1476398517, 1476398567)
INFO:engine.post.parallel_aff_agglomerate:did not merge (1476398517, 1476398687)
INFO:engine.post.parallel_aff_agglomerate:did not merge (1476398517, 2080378725)
INFO:engine.post.parallel_aff_agglomerate:did not merge (1476398517, 2080379087)
INFO:engine.post.parallel_aff_agglomerate:did not merge (1476398517, 2130709648)
INFO:engine.post.parallel_aff_agglomerate:did not merge (2080378876, 2080378948)
INFO:engine.post.parallel_aff_agglomerate:did not merge (2080378876, 2080379087)
INFO:engine.post.parallel_aff_agglomerate:did not merge (2835353088, 3825205443)
INFO:engine.post.parallel_aff_agglomerate:merged 26596 edges
INFO:engine.post.parallel_aff_agglomerate:Agglomerating in block [2544:4592, 4592:6640, 23024:25072] (2048, 2048, 2048) with context of [2416:4720, 4464:6768, 22896:25200] (2304, 2304, 2304)
INFO:engine.post.parallel_aff_agglomerate:did not merge (6123687242, 6123687330)
INFO:engine.post.parallel_aff_agglomerate:did not merge (6157240620, 7683967329)
INFO:engine.post.parallel_aff_agglomerate:did not merge (6157240620, 7734298195)
INFO:engine.post.parallel_aff_agglomerate:did not merge (9445575438, 9445575641)
INFO:engine.post.parallel_aff_agglomerate:did not merge (9445575438, 11525947483)
INFO:engine.post.parallel_aff_agglomerate:did not merge (6123687459, 7700742272)
INFO:engine.post.parallel_aff_agglomerate:did not merge (6123687562, 7683967393)
INFO:engine.post.parallel_aff_agglomerate:did not merge (6123687848, 7683967394)
INFO:engine.post.parallel_aff_agglomerate:did not merge (6123687848, 7683967421)
INFO:engine.post.parallel_aff_agglomerate:did not merge (6123687521, 7683967193)
INFO:engine.post.parallel_aff_agglomerate:did not merge (9495905883, 9495905943)
INFO:engine.post.parallel_aff_agglomerate:did not merge (9495905883, 9495906094)
INFO:engine.post.parallel_aff_agglomerate:did not merge (9495905883, 9495906110)
INFO:engine.post.parallel_aff_agglomerate:did not merge (9495905883, 11593056579)
INFO:engine.post.parallel_aff_agglomerate:did not merge (9495905969, 9495906003)
INFO:engine.post.parallel_aff_agglomerate:did not merge (6157240758, 7751073857)
INFO:engine.post.parallel_aff_agglomerate:did not merge (7700742797, 7700742966)
INFO:engine.post.parallel_aff_agglomerate:did not merge (7700742816, 7700742966)
INFO:engine.post.parallel_aff_agglomerate:did not merge (7700743235, 7700743359)
INFO:engine.post.parallel_aff_agglomerate:did not merge (7700743319, 7700743359)
INFO:engine.post.parallel_aff_agglomerate:did not merge (7700743247, 7700743476)
INFO:engine.post.parallel_aff_agglomerate:did not merge (6174016092, 6174016839)
INFO:engine.post.parallel_aff_agglomerate:did not merge (7700744233, 7700744256)
INFO:engine.post.parallel_aff_agglomerate:did not merge (7700744233, 7700744364)
INFO:engine.post.parallel_aff_agglomerate:did not merge (7700744366, 7700744389)
INFO:engine.post.parallel_aff_agglomerate:did not merge (6174017548, 6174017561)
INFO:engine.post.parallel_aff_agglomerate:did not merge (7700744662, 7700744686)
INFO:engine.post.parallel_aff_agglomerate:merged 14584 edges
INFO:engine.post.parallel_aff_agglomerate:Agglomerating in block [2544:4592, 6640:8688, 4592:6640] (2048, 2048, 2048) with context of [2416:4720, 6512:8816, 4464:6768] (2304, 2304, 2304)
INFO:engine.post.parallel_aff_agglomerate:did not merge (1040190280, 1040190390)
INFO:engine.post.parallel_aff_agglomerate:did not merge (1040190280, 1040190453)
INFO:engine.post.parallel_aff_agglomerate:did not merge (687868403, 687868455)
INFO:engine.post.parallel_aff_agglomerate:did not merge (687868403, 687868532)
INFO:engine.post.parallel_aff_agglomerate:did not merge (687868403, 687868545)
INFO:engine.post.parallel_aff_agglomerate:did not merge (687868403, 687868555)
INFO:engine.post.parallel_aff_agglomerate:did not merge (436210632, 687868609)
INFO:engine.post.parallel_aff_agglomerate:did not merge (1040190362, 1040190390)
INFO:engine.post.parallel_aff_agglomerate:did not merge (1040190362, 1040190464)
INFO:engine.post.parallel_aff_agglomerate:did not merge (637536922, 1056964912)
INFO:engine.post.parallel_aff_agglomerate:did not merge (704643272, 704643332)
INFO:engine.post.parallel_aff_agglomerate:did not merge (1056965177, 1593835878)
INFO:engine.post.parallel_aff_agglomerate:did not merge (452985517, 452986084)
INFO:engine.post.parallel_aff_agglomerate:did not merge (704643723, 704643735)
INFO:engine.post.parallel_aff_agglomerate:did not merge (704643723, 704643737)
INFO:engine.post.parallel_aff_agglomerate:did not merge (704643723, 704643798)
INFO:engine.post.parallel_aff_agglomerate:did not merge (704643723, 704643819)
INFO:engine.post.parallel_aff_agglomerate:did not merge (704643723, 1056965390)
INFO:engine.post.parallel_aff_agglomerate:did not merge (704643723, 1056965443)
INFO:engine.post.parallel_aff_agglomerate:did not merge (704643736, 704643798)
INFO:engine.post.parallel_aff_agglomerate:did not merge (704643736, 704643819)
INFO:engine.post.parallel_aff_agglomerate:did not merge (704643736, 704643873)
INFO:engine.post.parallel_aff_agglomerate:did not merge (704643736, 704643984)
INFO:engine.post.parallel_aff_agglomerate:did not merge (452986108, 771753126)
INFO:engine.post.parallel_aff_agglomerate:did not merge (1056965992, 1056965998)
INFO:engine.post.parallel_aff_agglomerate:did not merge (704644428, 704644505)
INFO:engine.post.parallel_aff_agglomerate:did not merge (704644428, 704644638)
INFO:engine.post.parallel_aff_agglomerate:did not merge (704644478, 704644493)
INFO:engine.post.parallel_aff_agglomerate:did not merge (1056966533, 1056966606)
INFO:engine.post.parallel_aff_agglomerate:did not merge (704644651, 704644679)
INFO:engine.post.parallel_aff_agglomerate:did not merge (1056966564, 1056966606)
INFO:engine.post.parallel_aff_agglomerate:did not merge (704644676, 704644680)
INFO:engine.post.parallel_aff_agglomerate:did not merge (704644702, 704644708)
INFO:engine.post.parallel_aff_agglomerate:did not merge (704644702, 704644717)
INFO:engine.post.parallel_aff_agglomerate:did not merge (704644702, 704644729)
INFO:engine.post.parallel_aff_agglomerate:did not merge (704644702, 704644734)
INFO:engine.post.parallel_aff_agglomerate:did not merge (704644702, 704644741)
INFO:engine.post.parallel_aff_agglomerate:did not merge (704644702, 704644747)
INFO:engine.post.parallel_aff_agglomerate:did not merge (704644702, 704644779)
INFO:engine.post.parallel_aff_agglomerate:did not merge (704644702, 704644780)
INFO:engine.post.parallel_aff_agglomerate:did not merge (704644744, 1056966514)
INFO:engine.post.parallel_aff_agglomerate:did not merge (704644744, 1056966606)
INFO:engine.post.parallel_aff_agglomerate:did not merge (1056966784, 1056966794)
INFO:engine.post.parallel_aff_agglomerate:did not merge (1056966784, 1056966802)
INFO:engine.post.parallel_aff_agglomerate:did not merge (1056966868, 1056966992)
INFO:engine.post.parallel_aff_agglomerate:did not merge (704644867, 704644935)
INFO:engine.post.parallel_aff_agglomerate:did not merge (704644867, 704644939)
INFO:engine.post.parallel_aff_agglomerate:did not merge (704644867, 704644993)
INFO:engine.post.parallel_aff_agglomerate:did not merge (452987523, 452987668)
INFO:engine.post.parallel_aff_agglomerate:did not merge (1056967133, 1056967157)
INFO:engine.post.parallel_aff_agglomerate:did not merge (1056967197, 1056967213)
INFO:engine.post.parallel_aff_agglomerate:did not merge (1056967197, 1056967297)
INFO:engine.post.parallel_aff_agglomerate:did not merge (452988013, 452988153)
INFO:engine.post.parallel_aff_agglomerate:merged 20850 edges
INFO:engine.post.parallel_aff_agglomerate:Agglomerating in block [2544:4592, 6640:8688, 14832:16880] (2048, 2048, 2048) with context of [2416:4720, 6512:8816, 14704:17008] (2304, 2304, 2304)
INFO:engine.post.parallel_aff_agglomerate:did not merge (3791654100, 4898949439)
INFO:engine.post.parallel_aff_agglomerate:did not merge (3858760454, 3858760479)
INFO:engine.post.parallel_aff_agglomerate:did not merge (3858760454, 3858760496)
INFO:engine.post.parallel_aff_agglomerate:did not merge (4898949493, 4898949541)
INFO:engine.post.parallel_aff_agglomerate:did not merge (3791654007, 3791654009)
INFO:engine.post.parallel_aff_agglomerate:did not merge (2818575704, 2818575734)
INFO:engine.post.parallel_aff_agglomerate:did not merge (3791654048, 4966056541)
INFO:engine.post.parallel_aff_agglomerate:did not merge (4966056533, 4966056540)
INFO:engine.post.parallel_aff_agglomerate:did not merge (4966056533, 4966056563)
INFO:engine.post.parallel_aff_agglomerate:did not merge (4966056533, 4966056602)
INFO:engine.post.parallel_aff_agglomerate:did not merge (4966056533, 4966056603)
INFO:engine.post.parallel_aff_agglomerate:did not merge (4966056533, 4966056615)
INFO:engine.post.parallel_aff_agglomerate:did not merge (4966056533, 4966056620)
INFO:engine.post.parallel_aff_agglomerate:did not merge (4966056533, 4966056628)
INFO:engine.post.parallel_aff_agglomerate:did not merge (4966056533, 4966056630)
INFO:engine.post.parallel_aff_agglomerate:did not merge (4966056533, 4966056631)
INFO:engine.post.parallel_aff_agglomerate:did not merge (4966056533, 4966056668)
INFO:engine.post.parallel_aff_agglomerate:did not merge (4966056533, 4966056731)
INFO:engine.post.parallel_aff_agglomerate:did not merge (4966056533, 4966056732)
INFO:engine.post.parallel_aff_agglomerate:did not merge (4966056533, 4966056741)
INFO:engine.post.parallel_aff_agglomerate:did not merge (4966056533, 4966056791)
INFO:engine.post.parallel_aff_agglomerate:did not merge (4966056533, 4966056801)
INFO:engine.post.parallel_aff_agglomerate:did not merge (4966056533, 4966056815)
INFO:engine.post.parallel_aff_agglomerate:did not merge (4966056533, 4966056838)
INFO:engine.post.parallel_aff_agglomerate:did not merge (4966056533, 4966056889)
INFO:engine.post.parallel_aff_agglomerate:did not merge (4966056533, 6375342231)
INFO:engine.post.parallel_aff_agglomerate:did not merge (4966056533, 6375342305)
INFO:engine.post.parallel_aff_agglomerate:did not merge (4966056533, 6375342379)
INFO:engine.post.parallel_aff_agglomerate:did not merge (4898949496, 4898949507)
INFO:engine.post.parallel_aff_agglomerate:did not merge (2868907414, 2868907415)
INFO:engine.post.parallel_aff_agglomerate:did not merge (2868907414, 2868907416)
INFO:engine.post.parallel_aff_agglomerate:did not merge (2868907414, 2868907443)
INFO:engine.post.parallel_aff_agglomerate:did not merge (2868907414, 2868907461)
INFO:engine.post.parallel_aff_agglomerate:did not merge (2868907414, 2868907673)
INFO:engine.post.parallel_aff_agglomerate:did not merge (2868907414, 2868907675)
INFO:engine.post.parallel_aff_agglomerate:did not merge (2868907414, 2868907934)
INFO:engine.post.parallel_aff_agglomerate:did not merge (2868907414, 3875537498)
INFO:engine.post.parallel_aff_agglomerate:did not merge (4966056777, 4966056789)
INFO:engine.post.parallel_aff_agglomerate:did not merge (4966056777, 4966056800)
INFO:engine.post.parallel_aff_agglomerate:did not merge (4966056777, 6375342267)
INFO:engine.post.parallel_aff_agglomerate:did not merge (3791654164, 4898949541)
INFO:engine.post.parallel_aff_agglomerate:did not merge (2818575774, 2818575901)
INFO:engine.post.parallel_aff_agglomerate:did not merge (2868907713, 2868907948)
INFO:engine.post.parallel_aff_agglomerate:did not merge (2868907713, 3875537236)
INFO:engine.post.parallel_aff_agglomerate:did not merge (3741322748, 3741322768)
INFO:engine.post.parallel_aff_agglomerate:did not merge (3741322748, 3741322923)
INFO:engine.post.parallel_aff_agglomerate:did not merge (3741322748, 3741322945)
INFO:engine.post.parallel_aff_agglomerate:did not merge (3741322748, 4915724802)
INFO:engine.post.parallel_aff_agglomerate:did not merge (2818575834, 3808428365)
INFO:engine.post.parallel_aff_agglomerate:did not merge (3858760530, 3858760554)
INFO:engine.post.parallel_aff_agglomerate:did not merge (4966056797, 4966056798)
INFO:engine.post.parallel_aff_agglomerate:did not merge (4966056797, 4966056804)
INFO:engine.post.parallel_aff_agglomerate:did not merge (4966056797, 4966056805)
INFO:engine.post.parallel_aff_agglomerate:did not merge (4966056797, 4966056812)
INFO:engine.post.parallel_aff_agglomerate:did not merge (4966056797, 4966056823)
INFO:engine.post.parallel_aff_agglomerate:did not merge (4966056797, 4966056824)
INFO:engine.post.parallel_aff_agglomerate:did not merge (4898949651, 6291456228)
INFO:engine.post.parallel_aff_agglomerate:did not merge (4966056810, 6375342304)
INFO:engine.post.parallel_aff_agglomerate:did not merge (3808428407, 3808428429)
INFO:engine.post.parallel_aff_agglomerate:did not merge (3808428359, 3808428365)
INFO:engine.post.parallel_aff_agglomerate:did not merge (3808428128, 3808428268)
INFO:engine.post.parallel_aff_agglomerate:did not merge (3808428128, 3808428334)
INFO:engine.post.parallel_aff_agglomerate:did not merge (3808428128, 3808428357)
INFO:engine.post.parallel_aff_agglomerate:did not merge (3808428128, 3808428365)
INFO:engine.post.parallel_aff_agglomerate:did not merge (3808428128, 3808428390)
INFO:engine.post.parallel_aff_agglomerate:did not merge (4915724878, 4915724902)
INFO:engine.post.parallel_aff_agglomerate:did not merge (4915724878, 4915724917)
INFO:engine.post.parallel_aff_agglomerate:did not merge (4915724878, 4915724934)
INFO:engine.post.parallel_aff_agglomerate:did not merge (4915724878, 4915725156)
INFO:engine.post.parallel_aff_agglomerate:did not merge (4915724903, 4915724917)
INFO:engine.post.parallel_aff_agglomerate:did not merge (3808428578, 3808428687)
INFO:engine.post.parallel_aff_agglomerate:did not merge (4915725022, 4915725077)
INFO:engine.post.parallel_aff_agglomerate:did not merge (4915725022, 4915725156)
INFO:engine.post.parallel_aff_agglomerate:did not merge (4915725022, 4915725225)
INFO:engine.post.parallel_aff_agglomerate:did not merge (4915724984, 4915725156)
INFO:engine.post.parallel_aff_agglomerate:did not merge (3808428597, 3808428687)
INFO:engine.post.parallel_aff_agglomerate:did not merge (4915725198, 4915725225)
INFO:engine.post.parallel_aff_agglomerate:did not merge (3808428829, 3808428845)
INFO:engine.post.parallel_aff_agglomerate:did not merge (3808428829, 4915725077)
INFO:engine.post.parallel_aff_agglomerate:did not merge (3808428829, 4915725225)
INFO:engine.post.parallel_aff_agglomerate:did not merge (3808428945, 3808429015)
INFO:engine.post.parallel_aff_agglomerate:did not merge (3808428945, 3808429016)
INFO:engine.post.parallel_aff_agglomerate:did not merge (3808428945, 3808429048)
INFO:engine.post.parallel_aff_agglomerate:did not merge (3808429018, 3808429033)
INFO:engine.post.parallel_aff_agglomerate:did not merge (3808429018, 3808429248)
INFO:engine.post.parallel_aff_agglomerate:did not merge (3808429000, 3808429089)
INFO:engine.post.parallel_aff_agglomerate:did not merge (3808429000, 3808429223)
INFO:engine.post.parallel_aff_agglomerate:did not merge (4915725295, 4915725319)
INFO:engine.post.parallel_aff_agglomerate:did not merge (4915725295, 4915725413)
INFO:engine.post.parallel_aff_agglomerate:did not merge (4915725295, 4915725441)
INFO:engine.post.parallel_aff_agglomerate:did not merge (4915725295, 4915725442)
INFO:engine.post.parallel_aff_agglomerate:did not merge (3808429290, 3808429338)
INFO:engine.post.parallel_aff_agglomerate:did not merge (3808429290, 3808429363)
INFO:engine.post.parallel_aff_agglomerate:did not merge (3808429251, 3808429337)
INFO:engine.post.parallel_aff_agglomerate:did not merge (3808429251, 3808429438)
INFO:engine.post.parallel_aff_agglomerate:did not merge (2885682180, 2885682216)
INFO:engine.post.parallel_aff_agglomerate:did not merge (2885682180, 2885682233)
INFO:engine.post.parallel_aff_agglomerate:did not merge (2885682180, 2885682234)
INFO:engine.post.parallel_aff_agglomerate:did not merge (3808429364, 3808429438)
INFO:engine.post.parallel_aff_agglomerate:did not merge (3808429658, 3808429668)
INFO:engine.post.parallel_aff_agglomerate:did not merge (3808429765, 3808429831)
INFO:engine.post.parallel_aff_agglomerate:did not merge (3808429765, 3808429842)
INFO:engine.post.parallel_aff_agglomerate:did not merge (3808429783, 3808429842)
INFO:engine.post.parallel_aff_agglomerate:did not merge (3808429884, 3808429890)
INFO:engine.post.parallel_aff_agglomerate:did not merge (3808429920, 3808430052)
INFO:engine.post.parallel_aff_agglomerate:did not merge (3808429920, 4915725580)
INFO:engine.post.parallel_aff_agglomerate:did not merge (3808430054, 3808430063)
INFO:engine.post.parallel_aff_agglomerate:did not merge (3808430054, 3808430071)
INFO:engine.post.parallel_aff_agglomerate:did not merge (3808430054, 3808430072)
INFO:engine.post.parallel_aff_agglomerate:did not merge (3808430054, 3808430079)
INFO:engine.post.parallel_aff_agglomerate:did not merge (3808430054, 3808430080)
INFO:engine.post.parallel_aff_agglomerate:did not merge (3808430054, 3808430081)
INFO:engine.post.parallel_aff_agglomerate:did not merge (3808430054, 3808430082)
INFO:engine.post.parallel_aff_agglomerate:did not merge (2885682478, 2885682985)
INFO:engine.post.parallel_aff_agglomerate:did not merge (4915726433, 4915726571)
INFO:engine.post.parallel_aff_agglomerate:did not merge (3808431040, 3808431110)
INFO:engine.post.parallel_aff_agglomerate:did not merge (3808431040, 3808431123)
INFO:engine.post.parallel_aff_agglomerate:did not merge (3808431040, 3808431162)
INFO:engine.post.parallel_aff_agglomerate:did not merge (3808431040, 3808431197)
INFO:engine.post.parallel_aff_agglomerate:did not merge (4915726500, 4915726553)
INFO:engine.post.parallel_aff_agglomerate:did not merge (4915726500, 4915726566)
INFO:engine.post.parallel_aff_agglomerate:did not merge (4915726500, 4915726571)
INFO:engine.post.parallel_aff_agglomerate:did not merge (4915726500, 4915726604)
INFO:engine.post.parallel_aff_agglomerate:did not merge (4915726590, 4915726604)
INFO:engine.post.parallel_aff_agglomerate:did not merge (2885684525, 2885684579)
INFO:engine.post.parallel_aff_agglomerate:did not merge (3808431483, 4999610439)
INFO:engine.post.parallel_aff_agglomerate:did not merge (3808431205, 3808431272)
INFO:engine.post.parallel_aff_agglomerate:did not merge (3808431205, 3808431278)
INFO:engine.post.parallel_aff_agglomerate:did not merge (3808431205, 3808431308)
INFO:engine.post.parallel_aff_agglomerate:did not merge (3808431205, 4999610624)
INFO:engine.post.parallel_aff_agglomerate:did not merge (3808431205, 4999610630)
INFO:engine.post.parallel_aff_agglomerate:did not merge (3808431205, 4999610660)
INFO:engine.post.parallel_aff_agglomerate:did not merge (3808431321, 3808431348)
INFO:engine.post.parallel_aff_agglomerate:did not merge (2885684393, 2885684592)
INFO:engine.post.parallel_aff_agglomerate:did not merge (2885684393, 2885684676)
INFO:engine.post.parallel_aff_agglomerate:did not merge (2885684393, 3892314571)
INFO:engine.post.parallel_aff_agglomerate:did not merge (2885684661, 2885684662)
INFO:engine.post.parallel_aff_agglomerate:merged 24780 edges
INFO:engine.post.parallel_aff_agglomerate:Agglomerating in block [2544:4592, 6640:8688, 27120:29168] (2048, 2048, 2048) with context of [2416:4720, 6512:8816, 26992:29296] (2304, 2304, 2304)
INFO:engine.post.parallel_aff_agglomerate:did not merge (13790875069, 13790875108)
INFO:engine.post.parallel_aff_agglomerate:did not merge (11509172720, 13790875144)
INFO:engine.post.parallel_aff_agglomerate:did not merge (16424895504, 16424895563)
INFO:engine.post.parallel_aff_agglomerate:did not merge (13790875176, 16357786181)
INFO:engine.post.parallel_aff_agglomerate:did not merge (19293798669, 19293798680)
INFO:engine.post.parallel_aff_agglomerate:did not merge (13790874962, 13790874965)
INFO:engine.post.parallel_aff_agglomerate:did not merge (13790874962, 13790874966)
INFO:engine.post.parallel_aff_agglomerate:did not merge (13790874962, 16357786120)
INFO:engine.post.parallel_aff_agglomerate:did not merge (13790874962, 16357786140)
INFO:engine.post.parallel_aff_agglomerate:did not merge (19293798648, 19293798653)
INFO:engine.post.parallel_aff_agglomerate:did not merge (19293798648, 19293798654)
INFO:engine.post.parallel_aff_agglomerate:did not merge (19293798648, 19293798680)
INFO:engine.post.parallel_aff_agglomerate:did not merge (16424895512, 16424895524)
INFO:engine.post.parallel_aff_agglomerate:did not merge (11525947530, 11525947744)
INFO:engine.post.parallel_aff_agglomerate:did not merge (11525947530, 11525947745)
INFO:engine.post.parallel_aff_agglomerate:did not merge (11525947530, 11525947778)
INFO:engine.post.parallel_aff_agglomerate:did not merge (11525947530, 11525947781)
INFO:engine.post.parallel_aff_agglomerate:did not merge (13807648905, 13807649207)
INFO:engine.post.parallel_aff_agglomerate:did not merge (13807648905, 13807649288)
INFO:engine.post.parallel_aff_agglomerate:did not merge (13807648905, 13807649313)
INFO:engine.post.parallel_aff_agglomerate:did not merge (13807648905, 13807649336)
INFO:engine.post.parallel_aff_agglomerate:did not merge (13807648905, 13807649349)
INFO:engine.post.parallel_aff_agglomerate:did not merge (13807648905, 13807649363)
INFO:engine.post.parallel_aff_agglomerate:did not merge (13807648905, 13807649393)
INFO:engine.post.parallel_aff_agglomerate:did not merge (13807648927, 13807649207)
INFO:engine.post.parallel_aff_agglomerate:did not merge (13807648927, 13807649288)
INFO:engine.post.parallel_aff_agglomerate:did not merge (13807648927, 13807649313)
INFO:engine.post.parallel_aff_agglomerate:did not merge (13807648927, 13807649336)
INFO:engine.post.parallel_aff_agglomerate:did not merge (13807648927, 13807649349)
INFO:engine.post.parallel_aff_agglomerate:did not merge (13807648927, 13807649363)
INFO:engine.post.parallel_aff_agglomerate:did not merge (13807648927, 13807649393)
INFO:engine.post.parallel_aff_agglomerate:did not merge (13807649727, 13807649740)
INFO:engine.post.parallel_aff_agglomerate:did not merge (13807649727, 13807649756)
INFO:engine.post.parallel_aff_agglomerate:did not merge (13807649727, 13807649757)
INFO:engine.post.parallel_aff_agglomerate:did not merge (13807649727, 13807649817)
INFO:engine.post.parallel_aff_agglomerate:did not merge (13807649769, 13807649817)
INFO:engine.post.parallel_aff_agglomerate:did not merge (11525948308, 13807649954)
INFO:engine.post.parallel_aff_agglomerate:did not merge (16374563047, 16374563052)
INFO:engine.post.parallel_aff_agglomerate:did not merge (16374563047, 16374563094)
INFO:engine.post.parallel_aff_agglomerate:did not merge (13807650275, 13807650296)
INFO:engine.post.parallel_aff_agglomerate:did not merge (13807650277, 13807650540)
INFO:engine.post.parallel_aff_agglomerate:did not merge (13807650447, 13807650752)
INFO:engine.post.parallel_aff_agglomerate:did not merge (13807650447, 13807650976)
INFO:engine.post.parallel_aff_agglomerate:did not merge (13807650447, 13807651110)
INFO:engine.post.parallel_aff_agglomerate:did not merge (13807650914, 13807650943)
INFO:engine.post.parallel_aff_agglomerate:did not merge (13807650914, 13807650993)
INFO:engine.post.parallel_aff_agglomerate:did not merge (13807651098, 13807651137)
INFO:engine.post.parallel_aff_agglomerate:did not merge (13807651098, 13807651195)
INFO:engine.post.parallel_aff_agglomerate:did not merge (13807651224, 13807651255)
INFO:engine.post.parallel_aff_agglomerate:did not merge (13807651224, 13807651377)
INFO:engine.post.parallel_aff_agglomerate:did not merge (13807651225, 13807651236)
INFO:engine.post.parallel_aff_agglomerate:did not merge (13807651239, 13807651377)
INFO:engine.post.parallel_aff_agglomerate:did not merge (13807651256, 13807651257)
INFO:engine.post.parallel_aff_agglomerate:did not merge (13807651391, 13807651514)
INFO:engine.post.parallel_aff_agglomerate:did not merge (13807651391, 13807651610)
INFO:engine.post.parallel_aff_agglomerate:did not merge (16374563265, 16374563272)
INFO:engine.post.parallel_aff_agglomerate:did not merge (13807651530, 13807651610)
INFO:engine.post.parallel_aff_agglomerate:did not merge (13807651772, 13807651952)
INFO:engine.post.parallel_aff_agglomerate:did not merge (13807651772, 13807652010)
INFO:engine.post.parallel_aff_agglomerate:did not merge (13807652056, 13807652085)
INFO:engine.post.parallel_aff_agglomerate:did not merge (13807652013, 13807652222)
INFO:engine.post.parallel_aff_agglomerate:did not merge (13807652013, 13807652257)
INFO:engine.post.parallel_aff_agglomerate:did not merge (13807652013, 13807652458)
INFO:engine.post.parallel_aff_agglomerate:did not merge (13807652013, 13807652468)
INFO:engine.post.parallel_aff_agglomerate:did not merge (13807652013, 13807652528)
INFO:engine.post.parallel_aff_agglomerate:did not merge (13807652013, 13807652541)
INFO:engine.post.parallel_aff_agglomerate:did not merge (13807652013, 13807652542)
INFO:engine.post.parallel_aff_agglomerate:did not merge (13807652013, 13807652543)
INFO:engine.post.parallel_aff_agglomerate:did not merge (13807652013, 13807652585)
INFO:engine.post.parallel_aff_agglomerate:did not merge (13807652013, 13807652604)
INFO:engine.post.parallel_aff_agglomerate:did not merge (13807652013, 13807652606)
INFO:engine.post.parallel_aff_agglomerate:did not merge (13807652013, 13807652625)
INFO:engine.post.parallel_aff_agglomerate:did not merge (13807652013, 13807652714)
INFO:engine.post.parallel_aff_agglomerate:did not merge (13807652013, 13807652761)
INFO:engine.post.parallel_aff_agglomerate:did not merge (13807652013, 13807652762)
INFO:engine.post.parallel_aff_agglomerate:did not merge (13807652013, 13807652777)
INFO:engine.post.parallel_aff_agglomerate:did not merge (13807652013, 13807652790)
INFO:engine.post.parallel_aff_agglomerate:did not merge (13807652013, 13807652804)
INFO:engine.post.parallel_aff_agglomerate:did not merge (13807652013, 13807652805)
INFO:engine.post.parallel_aff_agglomerate:did not merge (13807652013, 13807652813)
INFO:engine.post.parallel_aff_agglomerate:did not merge (13807652013, 13807652857)
INFO:engine.post.parallel_aff_agglomerate:did not merge (13807652013, 13807652858)
INFO:engine.post.parallel_aff_agglomerate:did not merge (13807652013, 13807653035)
INFO:engine.post.parallel_aff_agglomerate:did not merge (13807652013, 13807653095)
INFO:engine.post.parallel_aff_agglomerate:did not merge (13807652013, 16458449346)
INFO:engine.post.parallel_aff_agglomerate:did not merge (13807652459, 13807652715)
INFO:engine.post.parallel_aff_agglomerate:did not merge (13807652589, 13807652715)
INFO:engine.post.parallel_aff_agglomerate:did not merge (13807652794, 13807652814)
INFO:engine.post.parallel_aff_agglomerate:did not merge (13807652793, 13807652856)
INFO:engine.post.parallel_aff_agglomerate:did not merge (13807652793, 13807652975)
INFO:engine.post.parallel_aff_agglomerate:did not merge (13807652753, 13807652789)
INFO:engine.post.parallel_aff_agglomerate:did not merge (13807652753, 13807652856)
INFO:engine.post.parallel_aff_agglomerate:did not merge (13807652753, 13807653143)
INFO:engine.post.parallel_aff_agglomerate:did not merge (13807652838, 13807652976)
INFO:engine.post.parallel_aff_agglomerate:did not merge (13807653169, 13807653358)
INFO:engine.post.parallel_aff_agglomerate:did not merge (13807653039, 13807653143)
INFO:engine.post.parallel_aff_agglomerate:did not merge (13807653007, 13807653360)
INFO:engine.post.parallel_aff_agglomerate:did not merge (13807653006, 13807653034)
INFO:engine.post.parallel_aff_agglomerate:did not merge (13807653006, 13807653144)
INFO:engine.post.parallel_aff_agglomerate:did not merge (13807653050, 13807653143)
INFO:engine.post.parallel_aff_agglomerate:merged 25557 edges
INFO:engine.post.parallel_aff_agglomerate:Agglomerating in block [2544:4592, 8688:9104, 14832:16880] (2048, 416, 2048) with context of [2416:4720, 8560:9232, 14704:17008] (2304, 672, 2304)
INFO:engine.post.parallel_aff_agglomerate:did not merge (3858760454, 3858760479)
INFO:engine.post.parallel_aff_agglomerate:did not merge (3791654048, 4966056541)
INFO:engine.post.parallel_aff_agglomerate:did not merge (3791654134, 3791654146)
INFO:engine.post.parallel_aff_agglomerate:did not merge (4966056533, 4966056540)
INFO:engine.post.parallel_aff_agglomerate:did not merge (4966056533, 4966056563)
INFO:engine.post.parallel_aff_agglomerate:did not merge (4966056533, 4966056602)
INFO:engine.post.parallel_aff_agglomerate:did not merge (4966056533, 4966056603)
INFO:engine.post.parallel_aff_agglomerate:did not merge (4966056533, 4966056615)
INFO:engine.post.parallel_aff_agglomerate:did not merge (4966056533, 4966056628)
INFO:engine.post.parallel_aff_agglomerate:did not merge (4966056533, 4966056630)
INFO:engine.post.parallel_aff_agglomerate:did not merge (2868907659, 2868907752)
INFO:engine.post.parallel_aff_agglomerate:did not merge (3791654328, 3791654443)
INFO:engine.post.parallel_aff_agglomerate:did not merge (3791654328, 3791654466)
INFO:engine.post.parallel_aff_agglomerate:did not merge (3791654328, 3791654499)
INFO:engine.post.parallel_aff_agglomerate:did not merge (3791654328, 4982833863)
INFO:engine.post.parallel_aff_agglomerate:did not merge (3791654173, 3791654420)
INFO:engine.post.parallel_aff_agglomerate:did not merge (4898949651, 6291456228)
INFO:engine.post.parallel_aff_agglomerate:did not merge (3791654344, 3791654443)
INFO:engine.post.parallel_aff_agglomerate:did not merge (6291456309, 6291456382)
INFO:engine.post.parallel_aff_agglomerate:did not merge (4982833790, 4982833863)
INFO:engine.post.parallel_aff_agglomerate:did not merge (4982833790, 4982834112)
INFO:engine.post.parallel_aff_agglomerate:did not merge (4982833788, 4982833881)
INFO:engine.post.parallel_aff_agglomerate:did not merge (4982833788, 4982833929)
INFO:engine.post.parallel_aff_agglomerate:did not merge (6291456492, 6291456499)
INFO:engine.post.parallel_aff_agglomerate:did not merge (6291456492, 6291456501)
INFO:engine.post.parallel_aff_agglomerate:did not merge (6291456492, 6291456512)
INFO:engine.post.parallel_aff_agglomerate:did not merge (6291456492, 6291456572)
INFO:engine.post.parallel_aff_agglomerate:did not merge (6291456492, 6291456610)
INFO:engine.post.parallel_aff_agglomerate:did not merge (6291456492, 6291456611)
INFO:engine.post.parallel_aff_agglomerate:did not merge (6291456492, 6291456666)
INFO:engine.post.parallel_aff_agglomerate:did not merge (6291456492, 7902068847)
INFO:engine.post.parallel_aff_agglomerate:did not merge (6291456492, 7902068877)
INFO:engine.post.parallel_aff_agglomerate:did not merge (4982834010, 4982834099)
INFO:engine.post.parallel_aff_agglomerate:did not merge (4982834010, 4982834136)
INFO:engine.post.parallel_aff_agglomerate:did not merge (4982834010, 4982834180)
INFO:engine.post.parallel_aff_agglomerate:did not merge (6291456490, 6291456499)
INFO:engine.post.parallel_aff_agglomerate:did not merge (6291456490, 6291456501)
INFO:engine.post.parallel_aff_agglomerate:did not merge (3875537811, 3875537901)
INFO:engine.post.parallel_aff_agglomerate:did not merge (3875537811, 4982833881)
INFO:engine.post.parallel_aff_agglomerate:did not merge (6291456558, 6291456572)
INFO:engine.post.parallel_aff_agglomerate:did not merge (4982834490, 4982834596)
INFO:engine.post.parallel_aff_agglomerate:did not merge (4982834490, 4982834629)
INFO:engine.post.parallel_aff_agglomerate:did not merge (4982834490, 6291456395)
INFO:engine.post.parallel_aff_agglomerate:did not merge (4982834490, 6291456464)
INFO:engine.post.parallel_aff_agglomerate:did not merge (4982834490, 6291456672)
INFO:engine.post.parallel_aff_agglomerate:did not merge (3875537852, 3875537901)
INFO:engine.post.parallel_aff_agglomerate:did not merge (4982834515, 4982834595)
INFO:engine.post.parallel_aff_agglomerate:did not merge (4982834515, 4982834733)
INFO:engine.post.parallel_aff_agglomerate:did not merge (6291456704, 6291456749)
INFO:engine.post.parallel_aff_agglomerate:did not merge (4982834822, 4982834886)
INFO:engine.post.parallel_aff_agglomerate:did not merge (4982834822, 4982834915)
INFO:engine.post.parallel_aff_agglomerate:did not merge (4982834793, 4982834843)
INFO:engine.post.parallel_aff_agglomerate:did not merge (4982834793, 4982834856)
INFO:engine.post.parallel_aff_agglomerate:did not merge (4982834793, 4982834869)
INFO:engine.post.parallel_aff_agglomerate:did not merge (4982834793, 4982834958)
INFO:engine.post.parallel_aff_agglomerate:did not merge (6291456773, 6291456806)
INFO:engine.post.parallel_aff_agglomerate:did not merge (6291456773, 6291456861)
INFO:engine.post.parallel_aff_agglomerate:did not merge (4982834870, 4982834886)
INFO:engine.post.parallel_aff_agglomerate:did not merge (4982834870, 4982834915)
INFO:engine.post.parallel_aff_agglomerate:did not merge (4982834870, 4982835111)
INFO:engine.post.parallel_aff_agglomerate:did not merge (4982834984, 4982834998)
INFO:engine.post.parallel_aff_agglomerate:did not merge (4982835058, 4982835081)
INFO:engine.post.parallel_aff_agglomerate:did not merge (4982835124, 4982835159)
INFO:engine.post.parallel_aff_agglomerate:did not merge (6291456921, 6291456929)
INFO:engine.post.parallel_aff_agglomerate:did not merge (6291456921, 7902069033)
INFO:engine.post.parallel_aff_agglomerate:did not merge (4982835397, 4982835432)
INFO:engine.post.parallel_aff_agglomerate:did not merge (4982835397, 4982835499)
INFO:engine.post.parallel_aff_agglomerate:did not merge (4982835397, 4982835535)
INFO:engine.post.parallel_aff_agglomerate:did not merge (4982835383, 4982835432)
INFO:engine.post.parallel_aff_agglomerate:did not merge (3875538945, 3875538988)
INFO:engine.post.parallel_aff_agglomerate:did not merge (4982836327, 4982836465)
INFO:engine.post.parallel_aff_agglomerate:did not merge (4982836327, 4982836481)
INFO:engine.post.parallel_aff_agglomerate:did not merge (4982836327, 4982836495)
INFO:engine.post.parallel_aff_agglomerate:did not merge (4982836327, 4982836658)
INFO:engine.post.parallel_aff_agglomerate:did not merge (4982836121, 4982836465)
INFO:engine.post.parallel_aff_agglomerate:did not merge (4982836121, 4982836658)
INFO:engine.post.parallel_aff_agglomerate:did not merge (4982836121, 6392119588)
INFO:engine.post.parallel_aff_agglomerate:did not merge (4982836323, 4982836545)
INFO:engine.post.parallel_aff_agglomerate:did not merge (4982836323, 4982836546)
INFO:engine.post.parallel_aff_agglomerate:did not merge (4982836323, 4982836567)
INFO:engine.post.parallel_aff_agglomerate:did not merge (4982836323, 4982836649)
INFO:engine.post.parallel_aff_agglomerate:did not merge (4982836323, 6392119716)
INFO:engine.post.parallel_aff_agglomerate:did not merge (4982836512, 4982836658)
INFO:engine.post.parallel_aff_agglomerate:did not merge (4982836492, 4982836649)
INFO:engine.post.parallel_aff_agglomerate:did not merge (3875540229, 3875540244)
INFO:engine.post.parallel_aff_agglomerate:did not merge (3875540229, 3875540259)
INFO:engine.post.parallel_aff_agglomerate:did not merge (3875540229, 3875540486)
INFO:engine.post.parallel_aff_agglomerate:did not merge (3875540229, 5066720150)
INFO:engine.post.parallel_aff_agglomerate:did not merge (3875540229, 5066720160)
INFO:engine.post.parallel_aff_agglomerate:did not merge (3875540229, 5083496748)
INFO:engine.post.parallel_aff_agglomerate:did not merge (3875540460, 3875540486)
INFO:engine.post.parallel_aff_agglomerate:merged 7981 edges
INFO:engine.post.parallel_aff_agglomerate:Agglomerating in block [2544:4592, 8688:9104, 29168:29264] (2048, 416, 96) with context of [2416:4720, 8560:9232, 29040:29392] (2304, 672, 352)
INFO:engine.post.parallel_aff_agglomerate:did not merge (16357786208, 16357786220)
INFO:engine.post.parallel_aff_agglomerate:did not merge (16424895433, 16424895443)
INFO:engine.post.parallel_aff_agglomerate:did not merge (16424895433, 16424895452)
INFO:engine.post.parallel_aff_agglomerate:did not merge (16424895433, 16424895460)
INFO:engine.post.parallel_aff_agglomerate:did not merge (16424895433, 16424895461)
INFO:engine.post.parallel_aff_agglomerate:did not merge (19293798648, 19293798653)
INFO:engine.post.parallel_aff_agglomerate:did not merge (19293798648, 19293798654)
INFO:engine.post.parallel_aff_agglomerate:did not merge (16441673633, 16441673659)
INFO:engine.post.parallel_aff_agglomerate:did not merge (19310575987, 19310575994)
INFO:engine.post.parallel_aff_agglomerate:did not merge (19310575987, 19310576016)
INFO:engine.post.parallel_aff_agglomerate:did not merge (16441673765, 16441673912)
INFO:engine.post.parallel_aff_agglomerate:did not merge (16441673765, 19310575994)
INFO:engine.post.parallel_aff_agglomerate:did not merge (19310576336, 19310576391)
INFO:engine.post.parallel_aff_agglomerate:did not merge (16441675288, 16441675331)
INFO:engine.post.parallel_aff_agglomerate:did not merge (16441675288, 16441675413)
INFO:engine.post.parallel_aff_agglomerate:did not merge (19310576383, 19310576391)
INFO:engine.post.parallel_aff_agglomerate:merged 2474 edges
INFO:engine.post.parallel_aff_agglomerate:Agglomerating in block [4592:6640, 496:2544, 496:2544] (2048, 2048, 2048) with context of [4464:6768, 368:2672, 368:2672] (2304, 2304, 2304)
INFO:engine.post.parallel_aff_agglomerate:did not merge (100667183, 100667354)
INFO:engine.post.parallel_aff_agglomerate:did not merge (100667183, 251658283)
INFO:engine.post.parallel_aff_agglomerate:did not merge (134221496, 134221732)
INFO:engine.post.parallel_aff_agglomerate:did not merge (134221496, 301990323)
INFO:engine.post.parallel_aff_agglomerate:did not merge (50334881, 100667088)
INFO:engine.post.parallel_aff_agglomerate:did not merge (100667325, 100667520)
INFO:engine.post.parallel_aff_agglomerate:did not merge (134221760, 134221809)
INFO:engine.post.parallel_aff_agglomerate:did not merge (134221760, 301990400)
INFO:engine.post.parallel_aff_agglomerate:did not merge (134221761, 134222067)
INFO:engine.post.parallel_aff_agglomerate:merged 26686 edges
INFO:engine.post.parallel_aff_agglomerate:Agglomerating in block [4592:6640, 496:2544, 10736:12784] (2048, 2048, 2048) with context of [4464:6768, 368:2672, 10608:12912] (2304, 2304, 2304)
INFO:engine.post.parallel_aff_agglomerate:did not merge (973081718, 1442843358)
INFO:engine.post.parallel_aff_agglomerate:did not merge (973081718, 1442843816)
INFO:engine.post.parallel_aff_agglomerate:did not merge (620759321, 620759325)
INFO:engine.post.parallel_aff_agglomerate:did not merge (620759321, 620759332)
INFO:engine.post.parallel_aff_agglomerate:did not merge (620759321, 620759334)
INFO:engine.post.parallel_aff_agglomerate:did not merge (620759321, 620759340)
INFO:engine.post.parallel_aff_agglomerate:did not merge (620759321, 973081514)
INFO:engine.post.parallel_aff_agglomerate:did not merge (1476398391, 1476398497)
INFO:engine.post.parallel_aff_agglomerate:did not merge (1476398188, 1476398573)
INFO:engine.post.parallel_aff_agglomerate:did not merge (1476398188, 1476398611)
INFO:engine.post.parallel_aff_agglomerate:did not merge (1476398188, 1476398621)
INFO:engine.post.parallel_aff_agglomerate:did not merge (1476398188, 1476398791)
INFO:engine.post.parallel_aff_agglomerate:did not merge (1476398188, 2080378263)
INFO:engine.post.parallel_aff_agglomerate:did not merge (1476398188, 2147484281)
INFO:engine.post.parallel_aff_agglomerate:did not merge (1006635775, 1006635824)
INFO:engine.post.parallel_aff_agglomerate:did not merge (1006635775, 1006635983)
INFO:engine.post.parallel_aff_agglomerate:did not merge (1476398465, 1476398633)
INFO:engine.post.parallel_aff_agglomerate:did not merge (1476398545, 1476398551)
INFO:engine.post.parallel_aff_agglomerate:did not merge (1476398545, 1476398601)
INFO:engine.post.parallel_aff_agglomerate:did not merge (1442844061, 1442844077)
INFO:engine.post.parallel_aff_agglomerate:did not merge (1442844061, 1442844117)
INFO:engine.post.parallel_aff_agglomerate:did not merge (1442844061, 1442844120)
INFO:engine.post.parallel_aff_agglomerate:did not merge (1476398536, 1476398552)
INFO:engine.post.parallel_aff_agglomerate:did not merge (1476398536, 1476398564)
INFO:engine.post.parallel_aff_agglomerate:did not merge (1476398536, 1476398572)
INFO:engine.post.parallel_aff_agglomerate:did not merge (1476398775, 1476398791)
INFO:engine.post.parallel_aff_agglomerate:did not merge (1442844066, 1442844120)
INFO:engine.post.parallel_aff_agglomerate:did not merge (1006635821, 1006635824)
INFO:engine.post.parallel_aff_agglomerate:did not merge (1476398544, 1476398552)
INFO:engine.post.parallel_aff_agglomerate:did not merge (1476398544, 1476398564)
INFO:engine.post.parallel_aff_agglomerate:did not merge (1476398544, 1476398572)
INFO:engine.post.parallel_aff_agglomerate:did not merge (1476398538, 1476398633)
INFO:engine.post.parallel_aff_agglomerate:merged 15304 edges
INFO:engine.post.parallel_aff_agglomerate:Agglomerating in block [4592:6640, 496:2544, 20976:23024] (2048, 2048, 2048) with context of [4464:6768, 368:2672, 20848:23152] (2304, 2304, 2304)
INFO:engine.post.parallel_aff_agglomerate:did not merge (6140463807, 6140463809)
INFO:engine.post.parallel_aff_agglomerate:did not merge (6140463692, 6140463694)
INFO:engine.post.parallel_aff_agglomerate:did not merge (6140463692, 6140463809)
INFO:engine.post.parallel_aff_agglomerate:did not merge (6140463692, 6140463833)
INFO:engine.post.parallel_aff_agglomerate:did not merge (4831841336, 6140463495)
INFO:engine.post.parallel_aff_agglomerate:did not merge (6140463715, 6140463849)
INFO:engine.post.parallel_aff_agglomerate:did not merge (6140463819, 6140463849)
INFO:engine.post.parallel_aff_agglomerate:did not merge (6140463905, 7717519734)
INFO:engine.post.parallel_aff_agglomerate:did not merge (6140463783, 6140463844)
INFO:engine.post.parallel_aff_agglomerate:did not merge (6140463783, 7717519729)
INFO:engine.post.parallel_aff_agglomerate:merged 10866 edges
INFO:engine.post.parallel_aff_agglomerate:Agglomerating in block [4592:6640, 2544:4592, 496:2544] (2048, 2048, 2048) with context of [4464:6768, 2416:4720, 368:2672] (2304, 2304, 2304)
INFO:engine.post.parallel_aff_agglomerate:did not merge (234884874, 234884958)
INFO:engine.post.parallel_aff_agglomerate:did not merge (285216336, 285216642)
INFO:engine.post.parallel_aff_agglomerate:did not merge (285216336, 285216652)
INFO:engine.post.parallel_aff_agglomerate:did not merge (285216336, 285216685)
INFO:engine.post.parallel_aff_agglomerate:did not merge (285216336, 285216695)
INFO:engine.post.parallel_aff_agglomerate:did not merge (285216336, 285216730)
INFO:engine.post.parallel_aff_agglomerate:did not merge (285216336, 536871382)
INFO:engine.post.parallel_aff_agglomerate:did not merge (234884842, 234884868)
INFO:engine.post.parallel_aff_agglomerate:did not merge (234884842, 234884969)
INFO:engine.post.parallel_aff_agglomerate:did not merge (234884842, 234885054)
INFO:engine.post.parallel_aff_agglomerate:did not merge (285216780, 536871394)
INFO:engine.post.parallel_aff_agglomerate:did not merge (134221597, 234884698)
INFO:engine.post.parallel_aff_agglomerate:did not merge (50334881, 50334995)
INFO:engine.post.parallel_aff_agglomerate:did not merge (50334881, 50335008)
INFO:engine.post.parallel_aff_agglomerate:did not merge (50334881, 100667088)
INFO:engine.post.parallel_aff_agglomerate:did not merge (285216576, 285216577)
INFO:engine.post.parallel_aff_agglomerate:did not merge (285216576, 285216578)
INFO:engine.post.parallel_aff_agglomerate:did not merge (285216576, 285216642)
INFO:engine.post.parallel_aff_agglomerate:did not merge (285216576, 285216652)
INFO:engine.post.parallel_aff_agglomerate:did not merge (285216576, 285216685)
INFO:engine.post.parallel_aff_agglomerate:did not merge (285216576, 285216759)
INFO:engine.post.parallel_aff_agglomerate:did not merge (285216576, 536870938)
INFO:engine.post.parallel_aff_agglomerate:did not merge (285216576, 536871229)
INFO:engine.post.parallel_aff_agglomerate:did not merge (285216576, 536871411)
INFO:engine.post.parallel_aff_agglomerate:did not merge (285216612, 285216642)
INFO:engine.post.parallel_aff_agglomerate:did not merge (150995252, 150995365)
INFO:engine.post.parallel_aff_agglomerate:did not merge (150995689, 150995735)
INFO:engine.post.parallel_aff_agglomerate:did not merge (150995618, 150995676)
INFO:engine.post.parallel_aff_agglomerate:did not merge (251659770, 251659824)
INFO:engine.post.parallel_aff_agglomerate:did not merge (251659770, 251659826)
INFO:engine.post.parallel_aff_agglomerate:did not merge (251659770, 251659850)
INFO:engine.post.parallel_aff_agglomerate:did not merge (251659770, 251659946)
INFO:engine.post.parallel_aff_agglomerate:did not merge (150995926, 150996174)
INFO:engine.post.parallel_aff_agglomerate:did not merge (150995926, 251659756)
INFO:engine.post.parallel_aff_agglomerate:did not merge (251659771, 251659825)
INFO:engine.post.parallel_aff_agglomerate:did not merge (251659771, 251659850)
INFO:engine.post.parallel_aff_agglomerate:did not merge (150995989, 150996068)
INFO:engine.post.parallel_aff_agglomerate:did not merge (150996176, 150996273)
INFO:engine.post.parallel_aff_agglomerate:did not merge (150996333, 150996339)
INFO:engine.post.parallel_aff_agglomerate:did not merge (150996333, 150996408)
INFO:engine.post.parallel_aff_agglomerate:did not merge (150996376, 150996424)
INFO:engine.post.parallel_aff_agglomerate:did not merge (150996376, 150996472)
INFO:engine.post.parallel_aff_agglomerate:did not merge (150996376, 150996542)
INFO:engine.post.parallel_aff_agglomerate:did not merge (150996376, 150996596)
INFO:engine.post.parallel_aff_agglomerate:did not merge (150996395, 150996409)
INFO:engine.post.parallel_aff_agglomerate:did not merge (150996395, 150996424)
INFO:engine.post.parallel_aff_agglomerate:did not merge (150996395, 150996472)
INFO:engine.post.parallel_aff_agglomerate:did not merge (150996395, 150996553)
INFO:engine.post.parallel_aff_agglomerate:did not merge (150996396, 150996409)
INFO:engine.post.parallel_aff_agglomerate:did not merge (150996504, 150996639)
INFO:engine.post.parallel_aff_agglomerate:did not merge (150996608, 150996639)
INFO:engine.post.parallel_aff_agglomerate:did not merge (150996608, 150996653)
INFO:engine.post.parallel_aff_agglomerate:did not merge (150996608, 150996666)
INFO:engine.post.parallel_aff_agglomerate:did not merge (150996608, 150996802)
INFO:engine.post.parallel_aff_agglomerate:did not merge (150996814, 150997146)
INFO:engine.post.parallel_aff_agglomerate:did not merge (150996814, 150997205)
INFO:engine.post.parallel_aff_agglomerate:did not merge (150996980, 150997038)
INFO:engine.post.parallel_aff_agglomerate:did not merge (150996980, 150997174)
INFO:engine.post.parallel_aff_agglomerate:did not merge (150996980, 150997207)
INFO:engine.post.parallel_aff_agglomerate:did not merge (150996980, 150997208)
INFO:engine.post.parallel_aff_agglomerate:did not merge (150997106, 150997162)
INFO:engine.post.parallel_aff_agglomerate:did not merge (150997106, 150997173)
INFO:engine.post.parallel_aff_agglomerate:did not merge (150997106, 150997255)
INFO:engine.post.parallel_aff_agglomerate:did not merge (150997106, 150997269)
INFO:engine.post.parallel_aff_agglomerate:did not merge (150997106, 150997328)
INFO:engine.post.parallel_aff_agglomerate:did not merge (150997106, 150997415)
INFO:engine.post.parallel_aff_agglomerate:did not merge (150997106, 150997562)
INFO:engine.post.parallel_aff_agglomerate:did not merge (150997106, 150997591)
INFO:engine.post.parallel_aff_agglomerate:did not merge (150997106, 150997608)
INFO:engine.post.parallel_aff_agglomerate:did not merge (150997106, 150997623)
INFO:engine.post.parallel_aff_agglomerate:did not merge (150997106, 150997641)
INFO:engine.post.parallel_aff_agglomerate:did not merge (150997163, 150997174)
INFO:engine.post.parallel_aff_agglomerate:did not merge (150997163, 150997206)
INFO:engine.post.parallel_aff_agglomerate:did not merge (150997163, 150997207)
INFO:engine.post.parallel_aff_agglomerate:did not merge (150997163, 150997208)
INFO:engine.post.parallel_aff_agglomerate:did not merge (251661261, 469765010)
INFO:engine.post.parallel_aff_agglomerate:did not merge (150997256, 150997345)
INFO:engine.post.parallel_aff_agglomerate:did not merge (150997260, 150997345)
INFO:engine.post.parallel_aff_agglomerate:did not merge (150997564, 150998123)
INFO:engine.post.parallel_aff_agglomerate:did not merge (150997564, 150998137)
INFO:engine.post.parallel_aff_agglomerate:did not merge (150997541, 150997840)
INFO:engine.post.parallel_aff_agglomerate:did not merge (150997541, 150997866)
INFO:engine.post.parallel_aff_agglomerate:did not merge (150997676, 150998192)
INFO:engine.post.parallel_aff_agglomerate:did not merge (150998073, 150998237)
INFO:engine.post.parallel_aff_agglomerate:merged 36266 edges
INFO:engine.post.parallel_aff_agglomerate:Agglomerating in block [4592:6640, 2544:4592, 10736:12784] (2048, 2048, 2048) with context of [4464:6768, 2416:4720, 10608:12912] (2304, 2304, 2304)
INFO:engine.post.parallel_aff_agglomerate:did not merge (2130709465, 2130709559)
INFO:engine.post.parallel_aff_agglomerate:did not merge (2130709465, 2130709603)
INFO:engine.post.parallel_aff_agglomerate:did not merge (2130709465, 2130709631)
INFO:engine.post.parallel_aff_agglomerate:did not merge (620759321, 620759325)
INFO:engine.post.parallel_aff_agglomerate:did not merge (620759321, 620759332)
INFO:engine.post.parallel_aff_agglomerate:did not merge (620759321, 620759334)
INFO:engine.post.parallel_aff_agglomerate:did not merge (620759321, 620759340)
INFO:engine.post.parallel_aff_agglomerate:did not merge (620759321, 973081514)
INFO:engine.post.parallel_aff_agglomerate:did not merge (2130709367, 2130709672)
INFO:engine.post.parallel_aff_agglomerate:did not merge (2130709367, 2885683299)
INFO:engine.post.parallel_aff_agglomerate:did not merge (1476398290, 1476398314)
INFO:engine.post.parallel_aff_agglomerate:did not merge (1476398290, 1476398330)
INFO:engine.post.parallel_aff_agglomerate:did not merge (1476398290, 2080378494)
INFO:engine.post.parallel_aff_agglomerate:did not merge (1476398290, 2080378595)
INFO:engine.post.parallel_aff_agglomerate:did not merge (1476398188, 2080378263)
INFO:engine.post.parallel_aff_agglomerate:did not merge (2080378785, 2080378802)
INFO:engine.post.parallel_aff_agglomerate:did not merge (1006635775, 1006635983)
INFO:engine.post.parallel_aff_agglomerate:did not merge (2080378836, 2080378857)
INFO:engine.post.parallel_aff_agglomerate:did not merge (1006635763, 1006635843)
INFO:engine.post.parallel_aff_agglomerate:did not merge (2130709601, 2130709672)
INFO:engine.post.parallel_aff_agglomerate:did not merge (2130709663, 2130709672)
INFO:engine.post.parallel_aff_agglomerate:did not merge (1006635869, 1006635983)
INFO:engine.post.parallel_aff_agglomerate:did not merge (1006635869, 1543504352)
INFO:engine.post.parallel_aff_agglomerate:did not merge (2080379024, 2902458900)
INFO:engine.post.parallel_aff_agglomerate:did not merge (1493172958, 1493172992)
INFO:engine.post.parallel_aff_agglomerate:did not merge (1493172958, 1493173182)
INFO:engine.post.parallel_aff_agglomerate:did not merge (1493172958, 1493173194)
INFO:engine.post.parallel_aff_agglomerate:did not merge (1493172982, 1493173061)
INFO:engine.post.parallel_aff_agglomerate:did not merge (1493173107, 1493173194)
INFO:engine.post.parallel_aff_agglomerate:did not merge (1493173211, 1493173291)
INFO:engine.post.parallel_aff_agglomerate:did not merge (1493173296, 1493173314)
INFO:engine.post.parallel_aff_agglomerate:did not merge (2097153385, 2097153401)
INFO:engine.post.parallel_aff_agglomerate:did not merge (1493173331, 1493173354)
INFO:engine.post.parallel_aff_agglomerate:did not merge (1493173408, 1493173421)
INFO:engine.post.parallel_aff_agglomerate:did not merge (1023411196, 1023411368)
INFO:engine.post.parallel_aff_agglomerate:did not merge (1023411196, 1023411572)
INFO:engine.post.parallel_aff_agglomerate:did not merge (1023412206, 1493174204)
INFO:engine.post.parallel_aff_agglomerate:did not merge (2097154884, 2097154919)
INFO:engine.post.parallel_aff_agglomerate:did not merge (2097154884, 2097154971)
INFO:engine.post.parallel_aff_agglomerate:did not merge (2097154884, 2097155045)
INFO:engine.post.parallel_aff_agglomerate:did not merge (2097155127, 2097155186)
INFO:engine.post.parallel_aff_agglomerate:did not merge (1493174431, 1493174476)
INFO:engine.post.parallel_aff_agglomerate:did not merge (1493174505, 2097155333)
INFO:engine.post.parallel_aff_agglomerate:did not merge (1493174509, 1493174512)
INFO:engine.post.parallel_aff_agglomerate:did not merge (1493174509, 1493174561)
INFO:engine.post.parallel_aff_agglomerate:did not merge (1493174509, 1493174566)
INFO:engine.post.parallel_aff_agglomerate:did not merge (1493174509, 1493174567)
INFO:engine.post.parallel_aff_agglomerate:merged 24402 edges
INFO:engine.post.parallel_aff_agglomerate:Agglomerating in block [4592:6640, 2544:4592, 20976:23024] (2048, 2048, 2048) with context of [4464:6768, 2416:4720, 20848:23152] (2304, 2304, 2304)
INFO:engine.post.parallel_aff_agglomerate:did not merge (4865394865, 6174017666)
INFO:engine.post.parallel_aff_agglomerate:did not merge (4865394865, 6241124396)
INFO:engine.post.parallel_aff_agglomerate:did not merge (6174017724, 7751075506)
INFO:engine.post.parallel_aff_agglomerate:did not merge (7700744692, 7700744716)
INFO:engine.post.parallel_aff_agglomerate:did not merge (7700744692, 7700744859)
INFO:engine.post.parallel_aff_agglomerate:did not merge (7700744692, 7700744874)
INFO:engine.post.parallel_aff_agglomerate:did not merge (7700744692, 9512682056)
INFO:engine.post.parallel_aff_agglomerate:did not merge (7700744692, 9512683851)
INFO:engine.post.parallel_aff_agglomerate:did not merge (7700744692, 9512683873)
INFO:engine.post.parallel_aff_agglomerate:did not merge (7700744692, 9512683878)
INFO:engine.post.parallel_aff_agglomerate:did not merge (7700744692, 9529458946)
INFO:engine.post.parallel_aff_agglomerate:did not merge (7700744692, 9529458961)
INFO:engine.post.parallel_aff_agglomerate:did not merge (6174017858, 7700744720)
INFO:engine.post.parallel_aff_agglomerate:did not merge (6174017878, 7751075820)
INFO:engine.post.parallel_aff_agglomerate:did not merge (6174017815, 7751075497)
INFO:engine.post.parallel_aff_agglomerate:did not merge (7700744783, 7700744806)
INFO:engine.post.parallel_aff_agglomerate:did not merge (6174017960, 7751075678)
INFO:engine.post.parallel_aff_agglomerate:did not merge (6174017822, 7751075663)
INFO:engine.post.parallel_aff_agglomerate:did not merge (6174017822, 7751075678)
INFO:engine.post.parallel_aff_agglomerate:did not merge (7700744691, 7700744806)
INFO:engine.post.parallel_aff_agglomerate:did not merge (7700744691, 9512683942)
INFO:engine.post.parallel_aff_agglomerate:did not merge (6190792836, 6190793046)
INFO:engine.post.parallel_aff_agglomerate:did not merge (6190792836, 6190793063)
INFO:engine.post.parallel_aff_agglomerate:did not merge (6190792836, 6190793079)
INFO:engine.post.parallel_aff_agglomerate:did not merge (6190792807, 6190793016)
INFO:engine.post.parallel_aff_agglomerate:did not merge (6190792807, 6190793078)
INFO:engine.post.parallel_aff_agglomerate:did not merge (6190792787, 6190793078)
INFO:engine.post.parallel_aff_agglomerate:did not merge (6190792787, 6190793079)
INFO:engine.post.parallel_aff_agglomerate:did not merge (6190793364, 6190793380)
INFO:engine.post.parallel_aff_agglomerate:did not merge (6190793364, 6190793406)
INFO:engine.post.parallel_aff_agglomerate:did not merge (6190794306, 6190794386)
INFO:engine.post.parallel_aff_agglomerate:did not merge (4882171306, 4882172240)
INFO:engine.post.parallel_aff_agglomerate:did not merge (4882171306, 6257901661)
INFO:engine.post.parallel_aff_agglomerate:did not merge (4882171306, 6257901843)
INFO:engine.post.parallel_aff_agglomerate:did not merge (7717521343, 7717521379)
INFO:engine.post.parallel_aff_agglomerate:did not merge (6190794659, 6190794678)
INFO:engine.post.parallel_aff_agglomerate:did not merge (6190794733, 6190794789)
INFO:engine.post.parallel_aff_agglomerate:did not merge (6190794733, 7784628441)
INFO:engine.post.parallel_aff_agglomerate:merged 10903 edges
INFO:engine.post.parallel_aff_agglomerate:Agglomerating in block [4592:6640, 4592:6640, 2544:4592] (2048, 2048, 2048) with context of [4464:6768, 4464:6768, 2416:4720] (2304, 2304, 2304)
INFO:engine.post.parallel_aff_agglomerate:did not merge (704645239, 704645290)
INFO:engine.post.parallel_aff_agglomerate:did not merge (704645239, 704645435)
INFO:engine.post.parallel_aff_agglomerate:did not merge (704645239, 1140850963)
INFO:engine.post.parallel_aff_agglomerate:did not merge (771755195, 771755262)
INFO:engine.post.parallel_aff_agglomerate:did not merge (771755195, 771755299)
INFO:engine.post.parallel_aff_agglomerate:did not merge (285216517, 520097065)
INFO:engine.post.parallel_aff_agglomerate:did not merge (234884924, 452987855)
INFO:engine.post.parallel_aff_agglomerate:did not merge (704645302, 704645328)
INFO:engine.post.parallel_aff_agglomerate:did not merge (452988071, 771754953)
INFO:engine.post.parallel_aff_agglomerate:did not merge (520097112, 520097301)
INFO:engine.post.parallel_aff_agglomerate:did not merge (520097112, 520097302)
INFO:engine.post.parallel_aff_agglomerate:did not merge (704645434, 704645435)
INFO:engine.post.parallel_aff_agglomerate:did not merge (704645434, 1140851071)
INFO:engine.post.parallel_aff_agglomerate:did not merge (452988153, 771754953)
INFO:engine.post.parallel_aff_agglomerate:did not merge (234884942, 234885244)
INFO:engine.post.parallel_aff_agglomerate:did not merge (520097198, 520097301)
INFO:engine.post.parallel_aff_agglomerate:did not merge (520097198, 520097302)
INFO:engine.post.parallel_aff_agglomerate:did not merge (234884941, 234885244)
INFO:engine.post.parallel_aff_agglomerate:did not merge (285216746, 285216792)
INFO:engine.post.parallel_aff_agglomerate:did not merge (285216746, 536871385)
INFO:engine.post.parallel_aff_agglomerate:did not merge (469763172, 469763230)
INFO:engine.post.parallel_aff_agglomerate:did not merge (721420867, 721420914)
INFO:engine.post.parallel_aff_agglomerate:did not merge (721420867, 721421117)
INFO:engine.post.parallel_aff_agglomerate:did not merge (721420867, 721421227)
INFO:engine.post.parallel_aff_agglomerate:did not merge (721420867, 721421276)
INFO:engine.post.parallel_aff_agglomerate:did not merge (469764449, 469764791)
INFO:engine.post.parallel_aff_agglomerate:did not merge (469764591, 469764624)
INFO:engine.post.parallel_aff_agglomerate:did not merge (469764591, 469764675)
INFO:engine.post.parallel_aff_agglomerate:did not merge (469764591, 469764909)
INFO:engine.post.parallel_aff_agglomerate:did not merge (721421980, 721422070)
INFO:engine.post.parallel_aff_agglomerate:did not merge (721421980, 721422096)
INFO:engine.post.parallel_aff_agglomerate:did not merge (469764721, 469765031)
INFO:engine.post.parallel_aff_agglomerate:did not merge (469764721, 469765152)
INFO:engine.post.parallel_aff_agglomerate:did not merge (721421991, 721422070)
INFO:engine.post.parallel_aff_agglomerate:did not merge (721421991, 721422096)
INFO:engine.post.parallel_aff_agglomerate:did not merge (469765019, 469765152)
INFO:engine.post.parallel_aff_agglomerate:did not merge (721422171, 721422206)
INFO:engine.post.parallel_aff_agglomerate:did not merge (721422171, 721422290)
INFO:engine.post.parallel_aff_agglomerate:did not merge (721422171, 1140852864)
INFO:engine.post.parallel_aff_agglomerate:did not merge (721422171, 1140853033)
INFO:engine.post.parallel_aff_agglomerate:did not merge (301993944, 301994076)
INFO:engine.post.parallel_aff_agglomerate:did not merge (301993944, 301994077)
INFO:engine.post.parallel_aff_agglomerate:did not merge (469765689, 469765826)
INFO:engine.post.parallel_aff_agglomerate:did not merge (301993920, 301994038)
INFO:engine.post.parallel_aff_agglomerate:did not merge (301993920, 301994039)
INFO:engine.post.parallel_aff_agglomerate:did not merge (301993920, 301994058)
INFO:engine.post.parallel_aff_agglomerate:did not merge (301993920, 301994075)
INFO:engine.post.parallel_aff_agglomerate:did not merge (301993920, 301994076)
INFO:engine.post.parallel_aff_agglomerate:did not merge (301993920, 301994077)
INFO:engine.post.parallel_aff_agglomerate:did not merge (301993920, 301994374)
INFO:engine.post.parallel_aff_agglomerate:did not merge (301993920, 301994395)
INFO:engine.post.parallel_aff_agglomerate:did not merge (301993920, 301994424)
INFO:engine.post.parallel_aff_agglomerate:did not merge (301993920, 301994578)
INFO:engine.post.parallel_aff_agglomerate:did not merge (301993920, 301995218)
INFO:engine.post.parallel_aff_agglomerate:did not merge (301993920, 536874650)
INFO:engine.post.parallel_aff_agglomerate:did not merge (721422997, 1157627968)
INFO:engine.post.parallel_aff_agglomerate:did not merge (721422997, 1157628058)
INFO:engine.post.parallel_aff_agglomerate:merged 24559 edges
INFO:engine.post.parallel_aff_agglomerate:Agglomerating in block [4592:6640, 4592:6640, 14832:16880] (2048, 2048, 2048) with context of [4464:6768, 4464:6768, 14704:17008] (2304, 2304, 2304)
INFO:engine.post.parallel_aff_agglomerate:did not merge (3758100031, 4915725448)
INFO:engine.post.parallel_aff_agglomerate:did not merge (3758100031, 4932501597)
INFO:engine.post.parallel_aff_agglomerate:did not merge (4982836373, 4982836378)
INFO:engine.post.parallel_aff_agglomerate:did not merge (4982836373, 4982836412)
INFO:engine.post.parallel_aff_agglomerate:did not merge (4982836373, 4982836460)
INFO:engine.post.parallel_aff_agglomerate:did not merge (4982836373, 4982836461)
INFO:engine.post.parallel_aff_agglomerate:did not merge (4982836373, 4982836576)
INFO:engine.post.parallel_aff_agglomerate:did not merge (4982836373, 4982836617)
INFO:engine.post.parallel_aff_agglomerate:did not merge (4982836373, 4982836625)
INFO:engine.post.parallel_aff_agglomerate:did not merge (4982836373, 4982836626)
INFO:engine.post.parallel_aff_agglomerate:did not merge (4982836373, 4982836634)
INFO:engine.post.parallel_aff_agglomerate:did not merge (4982836373, 4982836635)
INFO:engine.post.parallel_aff_agglomerate:did not merge (4982836373, 6392119547)
INFO:engine.post.parallel_aff_agglomerate:did not merge (4982836373, 6392119564)
INFO:engine.post.parallel_aff_agglomerate:did not merge (4982836373, 6392119574)
INFO:engine.post.parallel_aff_agglomerate:did not merge (4982836373, 6392119575)
INFO:engine.post.parallel_aff_agglomerate:did not merge (3808431421, 4915725448)
INFO:engine.post.parallel_aff_agglomerate:did not merge (3808430980, 3808430982)
INFO:engine.post.parallel_aff_agglomerate:did not merge (3808430980, 3808430992)
INFO:engine.post.parallel_aff_agglomerate:did not merge (3808430980, 3808430993)
INFO:engine.post.parallel_aff_agglomerate:did not merge (3808430980, 3808431010)
INFO:engine.post.parallel_aff_agglomerate:did not merge (3808430980, 3808431022)
INFO:engine.post.parallel_aff_agglomerate:did not merge (3808430980, 3808431053)
INFO:engine.post.parallel_aff_agglomerate:did not merge (3808430980, 3808431066)
INFO:engine.post.parallel_aff_agglomerate:did not merge (4982836472, 4982836522)
INFO:engine.post.parallel_aff_agglomerate:did not merge (4982836472, 4982836531)
INFO:engine.post.parallel_aff_agglomerate:did not merge (4982836472, 4982836609)
INFO:engine.post.parallel_aff_agglomerate:did not merge (4982836472, 4982836664)
INFO:engine.post.parallel_aff_agglomerate:did not merge (4982836472, 6392119594)
INFO:engine.post.parallel_aff_agglomerate:did not merge (2885684524, 2885684662)
INFO:engine.post.parallel_aff_agglomerate:did not merge (2885684525, 2885684579)
INFO:engine.post.parallel_aff_agglomerate:did not merge (2885684576, 2885684754)
INFO:engine.post.parallel_aff_agglomerate:did not merge (2885684576, 2885684755)
INFO:engine.post.parallel_aff_agglomerate:did not merge (3808431483, 4982836270)
INFO:engine.post.parallel_aff_agglomerate:did not merge (2835353088, 3825205443)
INFO:engine.post.parallel_aff_agglomerate:did not merge (2885684622, 2885684702)
INFO:engine.post.parallel_aff_agglomerate:did not merge (2885684622, 2885684722)
INFO:engine.post.parallel_aff_agglomerate:did not merge (2885684622, 2885684755)
INFO:engine.post.parallel_aff_agglomerate:did not merge (2885684622, 3892314597)
INFO:engine.post.parallel_aff_agglomerate:did not merge (2885684622, 3892314617)
INFO:engine.post.parallel_aff_agglomerate:did not merge (6291458113, 7918846205)
INFO:engine.post.parallel_aff_agglomerate:did not merge (6291458113, 7918846259)
INFO:engine.post.parallel_aff_agglomerate:did not merge (4982836677, 4982836694)
INFO:engine.post.parallel_aff_agglomerate:did not merge (4982836677, 4982836795)
INFO:engine.post.parallel_aff_agglomerate:did not merge (4982836677, 6291458038)
INFO:engine.post.parallel_aff_agglomerate:did not merge (4982836677, 6291458109)
INFO:engine.post.parallel_aff_agglomerate:did not merge (2885684661, 2885684662)
INFO:engine.post.parallel_aff_agglomerate:did not merge (3825205531, 3825205539)
INFO:engine.post.parallel_aff_agglomerate:did not merge (3825205930, 3825205946)
INFO:engine.post.parallel_aff_agglomerate:did not merge (3825205930, 3825206133)
INFO:engine.post.parallel_aff_agglomerate:did not merge (3825205930, 3825206164)
INFO:engine.post.parallel_aff_agglomerate:did not merge (3825205930, 3825206168)
INFO:engine.post.parallel_aff_agglomerate:did not merge (3825205930, 3825206207)
INFO:engine.post.parallel_aff_agglomerate:did not merge (2902458501, 2902459014)
INFO:engine.post.parallel_aff_agglomerate:did not merge (2902458501, 2902459054)
INFO:engine.post.parallel_aff_agglomerate:did not merge (2902458501, 2902459092)
INFO:engine.post.parallel_aff_agglomerate:did not merge (2902458501, 2902459114)
INFO:engine.post.parallel_aff_agglomerate:did not merge (2902458501, 2902459352)
INFO:engine.post.parallel_aff_agglomerate:did not merge (2902458501, 2902459476)
INFO:engine.post.parallel_aff_agglomerate:did not merge (2902458501, 2902459486)
INFO:engine.post.parallel_aff_agglomerate:did not merge (2902458501, 2902459597)
INFO:engine.post.parallel_aff_agglomerate:did not merge (2902458501, 2902459627)
INFO:engine.post.parallel_aff_agglomerate:did not merge (2902458501, 2902459713)
INFO:engine.post.parallel_aff_agglomerate:did not merge (2902458501, 2902459728)
INFO:engine.post.parallel_aff_agglomerate:did not merge (2902458501, 2902459858)
INFO:engine.post.parallel_aff_agglomerate:did not merge (2902458501, 2902459875)
INFO:engine.post.parallel_aff_agglomerate:did not merge (2902458501, 2902459888)
INFO:engine.post.parallel_aff_agglomerate:did not merge (2902458501, 2902459981)
INFO:engine.post.parallel_aff_agglomerate:did not merge (2902458501, 2902460012)
INFO:engine.post.parallel_aff_agglomerate:did not merge (2902458501, 2902460060)
INFO:engine.post.parallel_aff_agglomerate:did not merge (2902458501, 2902460083)
INFO:engine.post.parallel_aff_agglomerate:did not merge (2902458501, 2902460219)
INFO:engine.post.parallel_aff_agglomerate:did not merge (2902458501, 2902460228)
INFO:engine.post.parallel_aff_agglomerate:did not merge (2902458501, 2902460361)
INFO:engine.post.parallel_aff_agglomerate:did not merge (2902458501, 2902460511)
INFO:engine.post.parallel_aff_agglomerate:did not merge (2902458501, 2902460664)
INFO:engine.post.parallel_aff_agglomerate:did not merge (2902458501, 3892315708)
INFO:engine.post.parallel_aff_agglomerate:did not merge (3825206498, 3825206653)
INFO:engine.post.parallel_aff_agglomerate:did not merge (3825206498, 3825206710)
INFO:engine.post.parallel_aff_agglomerate:did not merge (3825206616, 3825206710)
INFO:engine.post.parallel_aff_agglomerate:did not merge (4932503083, 4932503374)
INFO:engine.post.parallel_aff_agglomerate:did not merge (3825207533, 3825207575)
INFO:engine.post.parallel_aff_agglomerate:did not merge (3825207533, 3825207623)
INFO:engine.post.parallel_aff_agglomerate:did not merge (3825207533, 3825207624)
INFO:engine.post.parallel_aff_agglomerate:merged 16532 edges
INFO:engine.post.parallel_aff_agglomerate:Agglomerating in block [4592:6640, 4592:6640, 25072:27120] (2048, 2048, 2048) with context of [4464:6768, 4464:6768, 24944:27248] (2304, 2304, 2304)
INFO:engine.post.parallel_aff_agglomerate:did not merge (9512683779, 9512683846)
INFO:engine.post.parallel_aff_agglomerate:did not merge (9512683779, 9512683995)
INFO:engine.post.parallel_aff_agglomerate:did not merge (9512683844, 9512683846)
INFO:engine.post.parallel_aff_agglomerate:did not merge (9512683844, 9512683862)
INFO:engine.post.parallel_aff_agglomerate:did not merge (9512683844, 9512683980)
INFO:engine.post.parallel_aff_agglomerate:did not merge (9512683844, 9512684025)
INFO:engine.post.parallel_aff_agglomerate:did not merge (9512683844, 9512684044)
INFO:engine.post.parallel_aff_agglomerate:did not merge (9512683844, 9512684068)
INFO:engine.post.parallel_aff_agglomerate:did not merge (9512683844, 9512684111)
INFO:engine.post.parallel_aff_agglomerate:did not merge (9512683844, 9512684120)
INFO:engine.post.parallel_aff_agglomerate:did not merge (9512683844, 9512684154)
INFO:engine.post.parallel_aff_agglomerate:did not merge (9512683844, 9512684234)
INFO:engine.post.parallel_aff_agglomerate:did not merge (9512683844, 11609833755)
INFO:engine.post.parallel_aff_agglomerate:did not merge (13874759717, 13874759727)
INFO:engine.post.parallel_aff_agglomerate:did not merge (13874759717, 13874759787)
INFO:engine.post.parallel_aff_agglomerate:did not merge (13874759717, 13874759819)
INFO:engine.post.parallel_aff_agglomerate:did not merge (13874759792, 13874759894)
INFO:engine.post.parallel_aff_agglomerate:did not merge (11542724999, 11542725094)
INFO:engine.post.parallel_aff_agglomerate:did not merge (11542725193, 11542725391)
INFO:engine.post.parallel_aff_agglomerate:did not merge (11542725246, 13824426819)
INFO:engine.post.parallel_aff_agglomerate:did not merge (11542725344, 11542725367)
INFO:engine.post.parallel_aff_agglomerate:did not merge (11542725344, 11542725391)
INFO:engine.post.parallel_aff_agglomerate:did not merge (11542725344, 11542725450)
INFO:engine.post.parallel_aff_agglomerate:did not merge (11542725344, 11542725512)
INFO:engine.post.parallel_aff_agglomerate:did not merge (9529459379, 9529459461)
INFO:engine.post.parallel_aff_agglomerate:did not merge (13824427201, 13824427433)
INFO:engine.post.parallel_aff_agglomerate:did not merge (13824427201, 13824427508)
INFO:engine.post.parallel_aff_agglomerate:did not merge (13824427201, 13824427585)
INFO:engine.post.parallel_aff_agglomerate:did not merge (13824427201, 13824427923)
INFO:engine.post.parallel_aff_agglomerate:did not merge (11542725883, 11542725927)
INFO:engine.post.parallel_aff_agglomerate:did not merge (11542725883, 11542725932)
INFO:engine.post.parallel_aff_agglomerate:did not merge (11542725883, 11542725946)
INFO:engine.post.parallel_aff_agglomerate:did not merge (11542725883, 11542725958)
INFO:engine.post.parallel_aff_agglomerate:did not merge (11542725883, 11542725969)
INFO:engine.post.parallel_aff_agglomerate:did not merge (11542725883, 11542725979)
INFO:engine.post.parallel_aff_agglomerate:did not merge (11542725883, 11542725987)
INFO:engine.post.parallel_aff_agglomerate:did not merge (11542725883, 11542725997)
INFO:engine.post.parallel_aff_agglomerate:did not merge (11542725883, 11542726001)
INFO:engine.post.parallel_aff_agglomerate:did not merge (11542725883, 11542726068)
INFO:engine.post.parallel_aff_agglomerate:did not merge (11542725883, 13824428224)
INFO:engine.post.parallel_aff_agglomerate:did not merge (11542726008, 11542726099)
INFO:engine.post.parallel_aff_agglomerate:did not merge (13824428389, 13824428414)
INFO:engine.post.parallel_aff_agglomerate:did not merge (13824428753, 13824428944)
INFO:engine.post.parallel_aff_agglomerate:did not merge (13824428753, 13824428968)
INFO:engine.post.parallel_aff_agglomerate:did not merge (13824428753, 13824428969)
INFO:engine.post.parallel_aff_agglomerate:did not merge (11542726363, 11542726372)
INFO:engine.post.parallel_aff_agglomerate:did not merge (11542726363, 11542726464)
INFO:engine.post.parallel_aff_agglomerate:did not merge (11542726363, 11542726485)
INFO:engine.post.parallel_aff_agglomerate:did not merge (11542726363, 11542726501)
INFO:engine.post.parallel_aff_agglomerate:did not merge (11542726363, 11542726635)
INFO:engine.post.parallel_aff_agglomerate:did not merge (11542726363, 13908312245)
INFO:engine.post.parallel_aff_agglomerate:merged 10100 edges
INFO:engine.post.parallel_aff_agglomerate:Agglomerating in block [4592:6640, 6640:8688, 6640:8688] (2048, 2048, 2048) with context of [4464:6768, 6512:8816, 6512:8816] (2304, 2304, 2304)
INFO:engine.post.parallel_aff_agglomerate:did not merge (1124076164, 1593838242)
INFO:engine.post.parallel_aff_agglomerate:did not merge (1593838511, 2197817856)
INFO:engine.post.parallel_aff_agglomerate:did not merge (1593838564, 2281702252)
INFO:engine.post.parallel_aff_agglomerate:did not merge (1593838564, 2281702259)
INFO:engine.post.parallel_aff_agglomerate:did not merge (2197818021, 2197818088)
INFO:engine.post.parallel_aff_agglomerate:did not merge (2197818021, 2197818185)
INFO:engine.post.parallel_aff_agglomerate:did not merge (2197818104, 2197818170)
INFO:engine.post.parallel_aff_agglomerate:did not merge (2197818104, 3053453601)
INFO:engine.post.parallel_aff_agglomerate:did not merge (2197818104, 3053453667)
INFO:engine.post.parallel_aff_agglomerate:did not merge (1593838606, 1593838671)
INFO:engine.post.parallel_aff_agglomerate:did not merge (1124076377, 1593838290)
INFO:engine.post.parallel_aff_agglomerate:did not merge (1124076378, 1124076423)
INFO:engine.post.parallel_aff_agglomerate:did not merge (1124076408, 1124076463)
INFO:engine.post.parallel_aff_agglomerate:did not merge (1124076408, 1124076746)
INFO:engine.post.parallel_aff_agglomerate:did not merge (1124076422, 1124076463)
INFO:engine.post.parallel_aff_agglomerate:did not merge (1124076422, 1124076475)
INFO:engine.post.parallel_aff_agglomerate:did not merge (1124076422, 1124076746)
INFO:engine.post.parallel_aff_agglomerate:did not merge (2197818127, 2197818170)
INFO:engine.post.parallel_aff_agglomerate:did not merge (2197818127, 2197818225)
INFO:engine.post.parallel_aff_agglomerate:did not merge (2197818127, 3053453667)
INFO:engine.post.parallel_aff_agglomerate:did not merge (1124076580, 1124076746)
INFO:engine.post.parallel_aff_agglomerate:did not merge (1124076580, 1694499287)
INFO:engine.post.parallel_aff_agglomerate:did not merge (1610613277, 1610613375)
INFO:engine.post.parallel_aff_agglomerate:did not merge (1610613277, 1610613376)
INFO:engine.post.parallel_aff_agglomerate:did not merge (1610613277, 1610613381)
INFO:engine.post.parallel_aff_agglomerate:did not merge (1610613277, 1610613538)
INFO:engine.post.parallel_aff_agglomerate:did not merge (1610613525, 1610613629)
INFO:engine.post.parallel_aff_agglomerate:did not merge (1610613525, 1610613652)
INFO:engine.post.parallel_aff_agglomerate:did not merge (1610613525, 1610613681)
INFO:engine.post.parallel_aff_agglomerate:did not merge (1610613525, 1610613854)
INFO:engine.post.parallel_aff_agglomerate:did not merge (1610614106, 1610614181)
INFO:engine.post.parallel_aff_agglomerate:did not merge (1610614106, 1610614266)
INFO:engine.post.parallel_aff_agglomerate:did not merge (1610614357, 1610614424)
INFO:engine.post.parallel_aff_agglomerate:did not merge (1610614458, 1610614533)
INFO:engine.post.parallel_aff_agglomerate:did not merge (1610614458, 1610614743)
INFO:engine.post.parallel_aff_agglomerate:did not merge (1140852582, 1694500433)
INFO:engine.post.parallel_aff_agglomerate:did not merge (2214594408, 2214594433)
INFO:engine.post.parallel_aff_agglomerate:did not merge (2214594408, 2214594476)
INFO:engine.post.parallel_aff_agglomerate:did not merge (2214594408, 2214594478)
INFO:engine.post.parallel_aff_agglomerate:did not merge (2214594408, 3053455610)
INFO:engine.post.parallel_aff_agglomerate:did not merge (1610614896, 1610615107)
INFO:engine.post.parallel_aff_agglomerate:did not merge (2214594434, 2214594447)
INFO:engine.post.parallel_aff_agglomerate:did not merge (1610614917, 1610614931)
INFO:engine.post.parallel_aff_agglomerate:did not merge (2214594645, 2214594646)
INFO:engine.post.parallel_aff_agglomerate:did not merge (2214594645, 2214594798)
INFO:engine.post.parallel_aff_agglomerate:did not merge (1610615307, 1610615551)
INFO:engine.post.parallel_aff_agglomerate:did not merge (1610615712, 1610615981)
INFO:engine.post.parallel_aff_agglomerate:did not merge (2214595253, 2214595325)
INFO:engine.post.parallel_aff_agglomerate:did not merge (1610615848, 1610615981)
INFO:engine.post.parallel_aff_agglomerate:did not merge (1610616035, 1610616056)
INFO:engine.post.parallel_aff_agglomerate:merged 21850 edges
INFO:engine.post.parallel_aff_agglomerate:Agglomerating in block [4592:6640, 6640:8688, 16880:18928] (2048, 2048, 2048) with context of [4464:6768, 6512:8816, 16752:19056] (2304, 2304, 2304)
INFO:engine.post.parallel_aff_agglomerate:did not merge (4915726590, 4915726604)
INFO:engine.post.parallel_aff_agglomerate:did not merge (7818184789, 7818184937)
INFO:engine.post.parallel_aff_agglomerate:did not merge (7818184789, 9663676716)
INFO:engine.post.parallel_aff_agglomerate:did not merge (7818184789, 9680453950)
INFO:engine.post.parallel_aff_agglomerate:did not merge (4982836410, 4982836507)
INFO:engine.post.parallel_aff_agglomerate:did not merge (4982836410, 4982836743)
INFO:engine.post.parallel_aff_agglomerate:did not merge (4982836410, 6375343208)
INFO:engine.post.parallel_aff_agglomerate:did not merge (4915726636, 4915726739)
INFO:engine.post.parallel_aff_agglomerate:did not merge (4915726891, 6291457813)
INFO:engine.post.parallel_aff_agglomerate:did not merge (4915726690, 4915726739)
INFO:engine.post.parallel_aff_agglomerate:did not merge (3808431321, 3808431348)
INFO:engine.post.parallel_aff_agglomerate:did not merge (3808431321, 3808431370)
INFO:engine.post.parallel_aff_agglomerate:did not merge (4982836677, 4982836795)
INFO:engine.post.parallel_aff_agglomerate:did not merge (7834960282, 7834960557)
INFO:engine.post.parallel_aff_agglomerate:did not merge (7834960282, 7834960664)
INFO:engine.post.parallel_aff_agglomerate:did not merge (7834960282, 9680453642)
INFO:engine.post.parallel_aff_agglomerate:did not merge (7834961457, 7834961602)
INFO:engine.post.parallel_aff_agglomerate:did not merge (7834961457, 7834961922)
INFO:engine.post.parallel_aff_agglomerate:did not merge (7834961457, 9680455022)
INFO:engine.post.parallel_aff_agglomerate:did not merge (7834961966, 7834962039)
INFO:engine.post.parallel_aff_agglomerate:did not merge (6308235091, 6308235151)
INFO:engine.post.parallel_aff_agglomerate:did not merge (6308234933, 6308235182)
INFO:engine.post.parallel_aff_agglomerate:did not merge (6308234933, 6308235211)
INFO:engine.post.parallel_aff_agglomerate:did not merge (6308234933, 6308235217)
INFO:engine.post.parallel_aff_agglomerate:did not merge (6308234933, 6308235229)
INFO:engine.post.parallel_aff_agglomerate:did not merge (6308234933, 6308235267)
INFO:engine.post.parallel_aff_agglomerate:did not merge (6308234933, 6308235284)
INFO:engine.post.parallel_aff_agglomerate:did not merge (6308234933, 7935623420)
INFO:engine.post.parallel_aff_agglomerate:did not merge (6308234933, 7935623477)
INFO:engine.post.parallel_aff_agglomerate:did not merge (6308235158, 6308235284)
INFO:engine.post.parallel_aff_agglomerate:did not merge (6308235144, 6308235240)
INFO:engine.post.parallel_aff_agglomerate:did not merge (6308235161, 6308235240)
INFO:engine.post.parallel_aff_agglomerate:merged 10044 edges
INFO:engine.post.parallel_aff_agglomerate:Agglomerating in block [4592:6640, 6640:8688, 27120:29168] (2048, 2048, 2048) with context of [4464:6768, 6512:8816, 26992:29296] (2304, 2304, 2304)
INFO:engine.post.parallel_aff_agglomerate:did not merge (13807652753, 13807652764)
INFO:engine.post.parallel_aff_agglomerate:did not merge (13807652753, 13807652789)
INFO:engine.post.parallel_aff_agglomerate:did not merge (13807652753, 13807652856)
INFO:engine.post.parallel_aff_agglomerate:did not merge (13807652753, 13807653143)
INFO:engine.post.parallel_aff_agglomerate:did not merge (13807652838, 13807652976)
INFO:engine.post.parallel_aff_agglomerate:did not merge (16441674823, 16441674961)
INFO:engine.post.parallel_aff_agglomerate:did not merge (16441674823, 16441675045)
INFO:engine.post.parallel_aff_agglomerate:did not merge (13807653169, 13807653358)
INFO:engine.post.parallel_aff_agglomerate:did not merge (22582132971, 22582132972)
INFO:engine.post.parallel_aff_agglomerate:did not merge (22582132971, 22582132986)
INFO:engine.post.parallel_aff_agglomerate:did not merge (19394462539, 19394462552)
INFO:engine.post.parallel_aff_agglomerate:did not merge (19394462539, 19394462600)
INFO:engine.post.parallel_aff_agglomerate:did not merge (16441675413, 19310576269)
INFO:engine.post.parallel_aff_agglomerate:did not merge (16441675413, 19310576272)
INFO:engine.post.parallel_aff_agglomerate:did not merge (16441675413, 19310576278)
INFO:engine.post.parallel_aff_agglomerate:did not merge (16441675413, 19310576281)
INFO:engine.post.parallel_aff_agglomerate:did not merge (19394462535, 19394462536)
INFO:engine.post.parallel_aff_agglomerate:did not merge (19394462535, 19394462576)
INFO:engine.post.parallel_aff_agglomerate:did not merge (16441675325, 19394462490)
INFO:engine.post.parallel_aff_agglomerate:did not merge (13807653039, 13807653143)
INFO:engine.post.parallel_aff_agglomerate:did not merge (13807653007, 13807653360)
INFO:engine.post.parallel_aff_agglomerate:did not merge (13807653006, 13807653034)
INFO:engine.post.parallel_aff_agglomerate:did not merge (13807653006, 13807653144)
INFO:engine.post.parallel_aff_agglomerate:did not merge (19394462566, 19394462576)
INFO:engine.post.parallel_aff_agglomerate:did not merge (22582132982, 22582132986)
INFO:engine.post.parallel_aff_agglomerate:did not merge (19394462610, 19394462619)
INFO:engine.post.parallel_aff_agglomerate:did not merge (13807653050, 13807653143)
INFO:engine.post.parallel_aff_agglomerate:did not merge (16458449332, 16458449346)
INFO:engine.post.parallel_aff_agglomerate:did not merge (16458449018, 16458449286)
INFO:engine.post.parallel_aff_agglomerate:did not merge (16458449018, 16458449346)
INFO:engine.post.parallel_aff_agglomerate:did not merge (16458449018, 16458449357)
INFO:engine.post.parallel_aff_agglomerate:did not merge (16458449018, 16458449358)
INFO:engine.post.parallel_aff_agglomerate:did not merge (16458449484, 16458449566)
INFO:engine.post.parallel_aff_agglomerate:did not merge (16458449484, 16458449584)
INFO:engine.post.parallel_aff_agglomerate:did not merge (16458449484, 16458449601)
INFO:engine.post.parallel_aff_agglomerate:did not merge (16458449453, 16458449483)
INFO:engine.post.parallel_aff_agglomerate:did not merge (16458449453, 16458449585)
INFO:engine.post.parallel_aff_agglomerate:did not merge (16458449379, 16458449566)
INFO:engine.post.parallel_aff_agglomerate:did not merge (16458449379, 16458449601)
INFO:engine.post.parallel_aff_agglomerate:did not merge (16458449379, 16458449675)
INFO:engine.post.parallel_aff_agglomerate:did not merge (16458449379, 16458449692)
INFO:engine.post.parallel_aff_agglomerate:did not merge (16458449379, 16458449701)
INFO:engine.post.parallel_aff_agglomerate:did not merge (16458449603, 16458449676)
INFO:engine.post.parallel_aff_agglomerate:did not merge (16458449603, 16458449739)
INFO:engine.post.parallel_aff_agglomerate:did not merge (16458449823, 16458449995)
INFO:engine.post.parallel_aff_agglomerate:did not merge (16458450157, 16458450166)
INFO:engine.post.parallel_aff_agglomerate:did not merge (16458450286, 16458450383)
INFO:engine.post.parallel_aff_agglomerate:did not merge (16458450286, 16458450456)
INFO:engine.post.parallel_aff_agglomerate:did not merge (16458450286, 16458450660)
INFO:engine.post.parallel_aff_agglomerate:did not merge (19327353159, 19327353173)
INFO:engine.post.parallel_aff_agglomerate:did not merge (19327353159, 19327353192)
INFO:engine.post.parallel_aff_agglomerate:did not merge (16458450803, 16458450825)
INFO:engine.post.parallel_aff_agglomerate:did not merge (19327353189, 19327353192)
INFO:engine.post.parallel_aff_agglomerate:did not merge (19327353189, 19327353193)
INFO:engine.post.parallel_aff_agglomerate:did not merge (16458450105, 16458450135)
INFO:engine.post.parallel_aff_agglomerate:did not merge (16458450105, 16458450274)
INFO:engine.post.parallel_aff_agglomerate:did not merge (16458450105, 16458450507)
INFO:engine.post.parallel_aff_agglomerate:did not merge (16458450105, 16458451375)
INFO:engine.post.parallel_aff_agglomerate:did not merge (16458450105, 16458451496)
INFO:engine.post.parallel_aff_agglomerate:did not merge (16458450105, 16458451556)
INFO:engine.post.parallel_aff_agglomerate:did not merge (16458450105, 16458451590)
INFO:engine.post.parallel_aff_agglomerate:did not merge (16458450105, 16458451635)
INFO:engine.post.parallel_aff_agglomerate:did not merge (16458450105, 16458451652)
INFO:engine.post.parallel_aff_agglomerate:did not merge (16458450105, 16458451765)
INFO:engine.post.parallel_aff_agglomerate:did not merge (16458450971, 16458451011)
INFO:engine.post.parallel_aff_agglomerate:did not merge (19327353250, 19327353251)
INFO:engine.post.parallel_aff_agglomerate:did not merge (16458451134, 16458451168)
INFO:engine.post.parallel_aff_agglomerate:did not merge (16458451134, 16458451236)
INFO:engine.post.parallel_aff_agglomerate:did not merge (16458451134, 19327353192)
INFO:engine.post.parallel_aff_agglomerate:did not merge (16458451134, 19327353214)
INFO:engine.post.parallel_aff_agglomerate:did not merge (16458451134, 19327353251)
INFO:engine.post.parallel_aff_agglomerate:did not merge (16458451156, 16458451170)
INFO:engine.post.parallel_aff_agglomerate:did not merge (16458451353, 16458451361)
INFO:engine.post.parallel_aff_agglomerate:did not merge (16458451353, 16458451437)
INFO:engine.post.parallel_aff_agglomerate:did not merge (16458451125, 16458451465)
INFO:engine.post.parallel_aff_agglomerate:did not merge (16458451125, 16458451674)
INFO:engine.post.parallel_aff_agglomerate:did not merge (16458451408, 16458451437)
INFO:engine.post.parallel_aff_agglomerate:did not merge (16458451408, 16458451447)
INFO:engine.post.parallel_aff_agglomerate:did not merge (16458451498, 16458451590)
INFO:engine.post.parallel_aff_agglomerate:did not merge (16458451498, 16458451615)
INFO:engine.post.parallel_aff_agglomerate:did not merge (16458451419, 16458451613)
INFO:engine.post.parallel_aff_agglomerate:did not merge (16458451419, 16458451834)
INFO:engine.post.parallel_aff_agglomerate:did not merge (16458451418, 16458451674)
INFO:engine.post.parallel_aff_agglomerate:did not merge (13891536397, 13891536523)
INFO:engine.post.parallel_aff_agglomerate:did not merge (13891536397, 13891536592)
INFO:engine.post.parallel_aff_agglomerate:did not merge (13891536397, 13891536677)
INFO:engine.post.parallel_aff_agglomerate:did not merge (13891536397, 13891536682)
INFO:engine.post.parallel_aff_agglomerate:did not merge (13891536397, 16458451105)
INFO:engine.post.parallel_aff_agglomerate:did not merge (13891536397, 16458451613)
INFO:engine.post.parallel_aff_agglomerate:did not merge (13891536397, 16458451834)
INFO:engine.post.parallel_aff_agglomerate:did not merge (13891536397, 16559112450)
INFO:engine.post.parallel_aff_agglomerate:did not merge (16458451712, 16458451765)
INFO:engine.post.parallel_aff_agglomerate:did not merge (16458452104, 19428016423)
INFO:engine.post.parallel_aff_agglomerate:did not merge (16458452104, 19428016453)
INFO:engine.post.parallel_aff_agglomerate:merged 19163 edges
INFO:engine.post.parallel_aff_agglomerate:Agglomerating in block [4592:6640, 8688:9104, 16880:18928] (2048, 416, 2048) with context of [4464:6768, 8560:9232, 16752:19056] (2304, 672, 2304)
INFO:engine.post.parallel_aff_agglomerate:did not merge (7818184789, 7818184937)
INFO:engine.post.parallel_aff_agglomerate:did not merge (7818184789, 7818184996)
INFO:engine.post.parallel_aff_agglomerate:did not merge (7818184789, 9663676716)
INFO:engine.post.parallel_aff_agglomerate:did not merge (7818184789, 9680453701)
INFO:engine.post.parallel_aff_agglomerate:did not merge (7818184789, 9680453950)
INFO:engine.post.parallel_aff_agglomerate:did not merge (7818184789, 9680454010)
INFO:engine.post.parallel_aff_agglomerate:did not merge (4982836410, 4982836507)
INFO:engine.post.parallel_aff_agglomerate:did not merge (4982836410, 4982836524)
INFO:engine.post.parallel_aff_agglomerate:did not merge (4982836410, 4982836743)
INFO:engine.post.parallel_aff_agglomerate:did not merge (4982836410, 6375343208)
INFO:engine.post.parallel_aff_agglomerate:did not merge (6291457859, 6291458130)
INFO:engine.post.parallel_aff_agglomerate:did not merge (6291457859, 6291458152)
INFO:engine.post.parallel_aff_agglomerate:did not merge (6291458014, 6291458183)
INFO:engine.post.parallel_aff_agglomerate:did not merge (7918846453, 7918846529)
INFO:engine.post.parallel_aff_agglomerate:did not merge (7918846453, 7918846534)
INFO:engine.post.parallel_aff_agglomerate:did not merge (7918846596, 7918846603)
INFO:engine.post.parallel_aff_agglomerate:did not merge (7918846671, 7918846691)
INFO:engine.post.parallel_aff_agglomerate:did not merge (7918846700, 7918846742)
INFO:engine.post.parallel_aff_agglomerate:did not merge (7918846654, 7918846911)
INFO:engine.post.parallel_aff_agglomerate:did not merge (7918846654, 7918846950)
INFO:engine.post.parallel_aff_agglomerate:did not merge (7918846654, 7918846968)
INFO:engine.post.parallel_aff_agglomerate:did not merge (7918846996, 7918847047)
INFO:engine.post.parallel_aff_agglomerate:did not merge (7918846996, 7918847083)
INFO:engine.post.parallel_aff_agglomerate:did not merge (7918846996, 7918847088)
INFO:engine.post.parallel_aff_agglomerate:did not merge (7918846996, 7918847320)
INFO:engine.post.parallel_aff_agglomerate:did not merge (7918847053, 7918847277)
INFO:engine.post.parallel_aff_agglomerate:did not merge (9680455484, 9680455541)
INFO:engine.post.parallel_aff_agglomerate:did not merge (7918847360, 7918847383)
INFO:engine.post.parallel_aff_agglomerate:did not merge (7918847360, 9680455541)
INFO:engine.post.parallel_aff_agglomerate:did not merge (9680455550, 9680455587)
INFO:engine.post.parallel_aff_agglomerate:did not merge (7918847902, 7918847971)
INFO:engine.post.parallel_aff_agglomerate:did not merge (7918847902, 7918847983)
INFO:engine.post.parallel_aff_agglomerate:did not merge (7918847902, 9797894397)
INFO:engine.post.parallel_aff_agglomerate:merged 3012 edges
INFO:engine.post.parallel_aff_agglomerate:Agglomerating in block [4592:6640, 8688:9104, 27120:29168] (2048, 416, 2048) with context of [4464:6768, 8560:9232, 26992:29296] (2304, 672, 2304)
INFO:engine.post.parallel_aff_agglomerate:did not merge (19310576336, 19310576391)
INFO:engine.post.parallel_aff_agglomerate:did not merge (16441675248, 16441675413)
INFO:engine.post.parallel_aff_agglomerate:did not merge (16441675288, 16441675331)
INFO:engine.post.parallel_aff_agglomerate:did not merge (16441675288, 16441675413)
INFO:engine.post.parallel_aff_agglomerate:did not merge (19310576383, 19310576391)
INFO:engine.post.parallel_aff_agglomerate:did not merge (16441675452, 16441675464)
INFO:engine.post.parallel_aff_agglomerate:did not merge (16441675452, 16441675570)
INFO:engine.post.parallel_aff_agglomerate:did not merge (19411239018, 19411239068)
INFO:engine.post.parallel_aff_agglomerate:did not merge (22598910051, 22598910060)
INFO:engine.post.parallel_aff_agglomerate:did not merge (19411239324, 19411239434)
INFO:engine.post.parallel_aff_agglomerate:did not merge (19411239312, 19411239323)
INFO:engine.post.parallel_aff_agglomerate:did not merge (19411239312, 19411239434)
INFO:engine.post.parallel_aff_agglomerate:did not merge (19411239312, 19411239508)
INFO:engine.post.parallel_aff_agglomerate:did not merge (19411239373, 19411239434)
INFO:engine.post.parallel_aff_agglomerate:did not merge (19411239373, 19411239435)
INFO:engine.post.parallel_aff_agglomerate:did not merge (19411239373, 19411239598)
INFO:engine.post.parallel_aff_agglomerate:did not merge (19411240204, 19411240248)
INFO:engine.post.parallel_aff_agglomerate:did not merge (19411239029, 19411239299)
INFO:engine.post.parallel_aff_agglomerate:did not merge (19411239029, 19411239886)
INFO:engine.post.parallel_aff_agglomerate:did not merge (19411239029, 19411240077)
INFO:engine.post.parallel_aff_agglomerate:did not merge (19411239029, 19411240248)
INFO:engine.post.parallel_aff_agglomerate:did not merge (19411239029, 19411240557)
INFO:engine.post.parallel_aff_agglomerate:did not merge (19411239029, 19411240566)
INFO:engine.post.parallel_aff_agglomerate:did not merge (19411239029, 19411240689)
INFO:engine.post.parallel_aff_agglomerate:did not merge (19411239029, 19411240703)
INFO:engine.post.parallel_aff_agglomerate:did not merge (19411239029, 19411240812)
INFO:engine.post.parallel_aff_agglomerate:did not merge (19411239029, 19411240827)
INFO:engine.post.parallel_aff_agglomerate:did not merge (19411239029, 19411240909)
INFO:engine.post.parallel_aff_agglomerate:did not merge (19411239029, 19411240931)
INFO:engine.post.parallel_aff_agglomerate:did not merge (19411239029, 19411241076)
INFO:engine.post.parallel_aff_agglomerate:did not merge (19411240609, 19411240637)
INFO:engine.post.parallel_aff_agglomerate:did not merge (19411240609, 19411240649)
INFO:engine.post.parallel_aff_agglomerate:did not merge (19411240626, 19411240637)
INFO:engine.post.parallel_aff_agglomerate:did not merge (19411240704, 19411240788)
INFO:engine.post.parallel_aff_agglomerate:did not merge (19411240704, 19411240799)
INFO:engine.post.parallel_aff_agglomerate:did not merge (19411240704, 19411240990)
INFO:engine.post.parallel_aff_agglomerate:did not merge (19411241037, 19411241061)
INFO:engine.post.parallel_aff_agglomerate:did not merge (19411241037, 19411241083)
INFO:engine.post.parallel_aff_agglomerate:did not merge (19411240861, 19411241013)
INFO:engine.post.parallel_aff_agglomerate:did not merge (19411240861, 19411241300)
INFO:engine.post.parallel_aff_agglomerate:did not merge (16542336110, 16542336227)
INFO:engine.post.parallel_aff_agglomerate:did not merge (16542336110, 16542336260)
INFO:engine.post.parallel_aff_agglomerate:did not merge (16542336110, 16542336273)
INFO:engine.post.parallel_aff_agglomerate:did not merge (16542336110, 16542336274)
INFO:engine.post.parallel_aff_agglomerate:did not merge (16542336110, 16542336425)
INFO:engine.post.parallel_aff_agglomerate:did not merge (16542336110, 19411241300)
INFO:engine.post.parallel_aff_agglomerate:did not merge (19411241174, 19411241242)
INFO:engine.post.parallel_aff_agglomerate:did not merge (19411241174, 19411241261)
INFO:engine.post.parallel_aff_agglomerate:did not merge (19411241328, 19411241373)
INFO:engine.post.parallel_aff_agglomerate:did not merge (19411241328, 19411241502)
INFO:engine.post.parallel_aff_agglomerate:did not merge (19411241425, 19411241598)
INFO:engine.post.parallel_aff_agglomerate:did not merge (19411241462, 19411241502)
INFO:engine.post.parallel_aff_agglomerate:did not merge (19411241472, 19411241502)
INFO:engine.post.parallel_aff_agglomerate:did not merge (19411241649, 19411241822)
INFO:engine.post.parallel_aff_agglomerate:did not merge (19411241756, 19411241822)
INFO:engine.post.parallel_aff_agglomerate:did not merge (19411241734, 19411241822)
INFO:engine.post.parallel_aff_agglomerate:did not merge (19411241734, 19411241828)
INFO:engine.post.parallel_aff_agglomerate:did not merge (19411241734, 19411241956)
INFO:engine.post.parallel_aff_agglomerate:did not merge (19411241734, 22716350631)
INFO:engine.post.parallel_aff_agglomerate:did not merge (19411241957, 22716350764)
INFO:engine.post.parallel_aff_agglomerate:merged 5761 edges
INFO:engine.post.parallel_aff_agglomerate:Agglomerating in block [6640:7504, 496:2544, 8688:10736] (864, 2048, 2048) with context of [6512:7632, 368:2672, 8560:10864] (1120, 2304, 2304)
INFO:engine.post.parallel_aff_agglomerate:did not merge (1023412388, 1023412477)
INFO:engine.post.parallel_aff_agglomerate:did not merge (1023412388, 1023412553)
INFO:engine.post.parallel_aff_agglomerate:did not merge (1023412388, 1023412590)
INFO:engine.post.parallel_aff_agglomerate:did not merge (1023412388, 1023412591)
INFO:engine.post.parallel_aff_agglomerate:did not merge (1023412388, 1023412706)
INFO:engine.post.parallel_aff_agglomerate:did not merge (1023412630, 1023412706)
INFO:engine.post.parallel_aff_agglomerate:did not merge (1543506807, 1543506918)
INFO:engine.post.parallel_aff_agglomerate:did not merge (1543506807, 1543506946)
INFO:engine.post.parallel_aff_agglomerate:did not merge (1543506807, 1543506990)
INFO:engine.post.parallel_aff_agglomerate:did not merge (1543506807, 1543507114)
INFO:engine.post.parallel_aff_agglomerate:did not merge (1023412690, 1023412702)
INFO:engine.post.parallel_aff_agglomerate:did not merge (1023412690, 1023412704)
INFO:engine.post.parallel_aff_agglomerate:did not merge (1543506932, 1543506933)
INFO:engine.post.parallel_aff_agglomerate:did not merge (1543506932, 1543507016)
INFO:engine.post.parallel_aff_agglomerate:did not merge (1543506932, 1543507114)
INFO:engine.post.parallel_aff_agglomerate:did not merge (1543506932, 1543507165)
INFO:engine.post.parallel_aff_agglomerate:did not merge (2147486779, 2147486823)
INFO:engine.post.parallel_aff_agglomerate:did not merge (1073745089, 1073745090)
INFO:engine.post.parallel_aff_agglomerate:did not merge (1073745089, 1627389980)
INFO:engine.post.parallel_aff_agglomerate:did not merge (1543507042, 1543507224)
INFO:engine.post.parallel_aff_agglomerate:merged 11682 edges
INFO:engine.post.parallel_aff_agglomerate:Agglomerating in block [6640:7504, 496:2544, 18928:20976] (864, 2048, 2048) with context of [6512:7632, 368:2672, 18800:21104] (1120, 2304, 2304)
INFO:engine.post.parallel_aff_agglomerate:did not merge (3774876335, 3774876347)
INFO:engine.post.parallel_aff_agglomerate:did not merge (3774876335, 3774876358)
INFO:engine.post.parallel_aff_agglomerate:did not merge (4882172053, 6241124595)
INFO:engine.post.parallel_aff_agglomerate:did not merge (4882172053, 6241125897)
INFO:engine.post.parallel_aff_agglomerate:did not merge (4882171942, 4882171967)
INFO:engine.post.parallel_aff_agglomerate:did not merge (3774876396, 3774876457)
INFO:engine.post.parallel_aff_agglomerate:did not merge (3774876396, 4949278984)
INFO:engine.post.parallel_aff_agglomerate:merged 4380 edges
INFO:engine.post.parallel_aff_agglomerate:Agglomerating in block [6640:7504, 496:2544, 29168:29264] (864, 2048, 96) with context of [6512:7632, 368:2672, 29040:29392] (1120, 2304, 352)
INFO:engine.post.parallel_aff_agglomerate:did not merge (11492396031, 11492396241)
INFO:engine.post.parallel_aff_agglomerate:did not merge (11492396031, 13841203420)
INFO:engine.post.parallel_aff_agglomerate:did not merge (11492395952, 11492396038)
INFO:engine.post.parallel_aff_agglomerate:did not merge (11492396021, 11492396038)
INFO:engine.post.parallel_aff_agglomerate:merged 1408 edges
INFO:engine.post.parallel_aff_agglomerate:Agglomerating in block [6640:7504, 2544:4592, 2544:4592] (864, 2048, 2048) with context of [6512:7632, 2416:4720, 2416:4720] (1120, 2304, 2304)
INFO:engine.post.parallel_aff_agglomerate:did not merge (301994556, 301994617)
INFO:engine.post.parallel_aff_agglomerate:did not merge (301994552, 301994763)
INFO:engine.post.parallel_aff_agglomerate:did not merge (301994572, 301994617)
INFO:engine.post.parallel_aff_agglomerate:did not merge (301994572, 301994618)
INFO:engine.post.parallel_aff_agglomerate:did not merge (788532386, 788532387)
INFO:engine.post.parallel_aff_agglomerate:did not merge (788532386, 788532411)
INFO:engine.post.parallel_aff_agglomerate:did not merge (788532386, 788532549)
INFO:engine.post.parallel_aff_agglomerate:did not merge (788532386, 788532608)
INFO:engine.post.parallel_aff_agglomerate:did not merge (788532386, 788532704)
INFO:engine.post.parallel_aff_agglomerate:did not merge (788532386, 788532935)
INFO:engine.post.parallel_aff_agglomerate:did not merge (788532386, 788533040)
INFO:engine.post.parallel_aff_agglomerate:did not merge (788532386, 788533050)
INFO:engine.post.parallel_aff_agglomerate:did not merge (788532386, 788533082)
INFO:engine.post.parallel_aff_agglomerate:did not merge (788532386, 1241514520)
INFO:engine.post.parallel_aff_agglomerate:did not merge (301994649, 301994650)
INFO:engine.post.parallel_aff_agglomerate:did not merge (301994649, 301994763)
INFO:engine.post.parallel_aff_agglomerate:did not merge (301994649, 301994877)
INFO:engine.post.parallel_aff_agglomerate:did not merge (301994651, 301994670)
INFO:engine.post.parallel_aff_agglomerate:did not merge (301994651, 301994689)
INFO:engine.post.parallel_aff_agglomerate:did not merge (301994912, 553648671)
INFO:engine.post.parallel_aff_agglomerate:did not merge (788532933, 788533120)
INFO:engine.post.parallel_aff_agglomerate:did not merge (788532933, 788533121)
INFO:engine.post.parallel_aff_agglomerate:did not merge (788532933, 1241514498)
INFO:engine.post.parallel_aff_agglomerate:did not merge (788532933, 1241514559)
INFO:engine.post.parallel_aff_agglomerate:did not merge (788533038, 1241514520)
INFO:engine.post.parallel_aff_agglomerate:did not merge (251662999, 486539817)
INFO:engine.post.parallel_aff_agglomerate:did not merge (251662999, 486539858)
INFO:engine.post.parallel_aff_agglomerate:did not merge (301994767, 301994783)
INFO:engine.post.parallel_aff_agglomerate:did not merge (301994767, 301994840)
INFO:engine.post.parallel_aff_agglomerate:did not merge (486540242, 486540312)
INFO:engine.post.parallel_aff_agglomerate:did not merge (486540565, 486540686)
INFO:engine.post.parallel_aff_agglomerate:did not merge (486540804, 486540883)
INFO:engine.post.parallel_aff_agglomerate:did not merge (486541095, 486541110)
INFO:engine.post.parallel_aff_agglomerate:merged 12221 edges
INFO:engine.post.parallel_aff_agglomerate:Agglomerating in block [6640:7504, 2544:4592, 12784:14832] (864, 2048, 2048) with context of [6512:7632, 2416:4720, 12656:14960] (1120, 2304, 2304)
INFO:engine.post.parallel_aff_agglomerate:did not merge (3892317320, 3892317565)
INFO:engine.post.parallel_aff_agglomerate:did not merge (2147486813, 2147486913)
INFO:engine.post.parallel_aff_agglomerate:did not merge (2147486813, 2147487055)
INFO:engine.post.parallel_aff_agglomerate:did not merge (2852130678, 3825207561)
INFO:engine.post.parallel_aff_agglomerate:did not merge (2852130678, 3825207665)
INFO:engine.post.parallel_aff_agglomerate:did not merge (2852130678, 3841982795)
INFO:engine.post.parallel_aff_agglomerate:did not merge (3825207653, 3825207665)
INFO:engine.post.parallel_aff_agglomerate:did not merge (2902462051, 3892317211)
INFO:engine.post.parallel_aff_agglomerate:did not merge (3892317485, 3892317486)
INFO:engine.post.parallel_aff_agglomerate:did not merge (3892317500, 3892317565)
INFO:engine.post.parallel_aff_agglomerate:did not merge (2852130693, 2852131054)
INFO:engine.post.parallel_aff_agglomerate:did not merge (2852130693, 3825207511)
INFO:engine.post.parallel_aff_agglomerate:did not merge (2852130693, 3825207561)
INFO:engine.post.parallel_aff_agglomerate:did not merge (3825207674, 3825207900)
INFO:engine.post.parallel_aff_agglomerate:did not merge (3825207674, 5016387708)
INFO:engine.post.parallel_aff_agglomerate:did not merge (3825207715, 3825207834)
INFO:engine.post.parallel_aff_agglomerate:did not merge (2919236427, 2919236453)
INFO:engine.post.parallel_aff_agglomerate:did not merge (2919236427, 2919236469)
INFO:engine.post.parallel_aff_agglomerate:did not merge (2919236427, 2919236491)
INFO:engine.post.parallel_aff_agglomerate:did not merge (2919236427, 2919236559)
INFO:engine.post.parallel_aff_agglomerate:did not merge (2919236427, 2919236577)
INFO:engine.post.parallel_aff_agglomerate:did not merge (2919236427, 2919236635)
INFO:engine.post.parallel_aff_agglomerate:did not merge (2919236504, 2919236558)
INFO:engine.post.parallel_aff_agglomerate:did not merge (2919236504, 2919236575)
INFO:engine.post.parallel_aff_agglomerate:did not merge (2919236504, 2919236732)
INFO:engine.post.parallel_aff_agglomerate:did not merge (3841983739, 3841983966)
INFO:engine.post.parallel_aff_agglomerate:did not merge (3841983739, 3841984033)
INFO:engine.post.parallel_aff_agglomerate:did not merge (3841983739, 3841984310)
INFO:engine.post.parallel_aff_agglomerate:did not merge (2919236805, 2919236849)
INFO:engine.post.parallel_aff_agglomerate:did not merge (3841984078, 3841984310)
INFO:engine.post.parallel_aff_agglomerate:did not merge (3841984078, 3841984509)
INFO:engine.post.parallel_aff_agglomerate:did not merge (2919237243, 2919237356)
INFO:engine.post.parallel_aff_agglomerate:did not merge (2919237421, 2919237550)
INFO:engine.post.parallel_aff_agglomerate:did not merge (2919237421, 2919237613)
INFO:engine.post.parallel_aff_agglomerate:did not merge (2919237421, 2919237682)
INFO:engine.post.parallel_aff_agglomerate:did not merge (2919237421, 2919237927)
INFO:engine.post.parallel_aff_agglomerate:did not merge (2919237421, 2919237933)
INFO:engine.post.parallel_aff_agglomerate:did not merge (2164261343, 2164261429)
INFO:engine.post.parallel_aff_agglomerate:did not merge (2164261343, 2164261489)
INFO:engine.post.parallel_aff_agglomerate:did not merge (2164261343, 2164261571)
INFO:engine.post.parallel_aff_agglomerate:did not merge (2164261343, 2164261728)
INFO:engine.post.parallel_aff_agglomerate:did not merge (2164261343, 2164261765)
INFO:engine.post.parallel_aff_agglomerate:did not merge (2164261343, 2164261909)
INFO:engine.post.parallel_aff_agglomerate:did not merge (3841984709, 5016389270)
INFO:engine.post.parallel_aff_agglomerate:did not merge (3841984709, 5016389310)
INFO:engine.post.parallel_aff_agglomerate:merged 16298 edges
INFO:engine.post.parallel_aff_agglomerate:Agglomerating in block [6640:7504, 2544:4592, 23024:25072] (864, 2048, 2048) with context of [6512:7632, 2416:4720, 22896:25200] (1120, 2304, 2304)
INFO:engine.post.parallel_aff_agglomerate:did not merge (9529460246, 11609835230)
INFO:engine.post.parallel_aff_agglomerate:did not merge (9529460246, 11609835272)
INFO:engine.post.parallel_aff_agglomerate:did not merge (9529460246, 11609835348)
INFO:engine.post.parallel_aff_agglomerate:did not merge (7717520828, 7717521131)
INFO:engine.post.parallel_aff_agglomerate:did not merge (9529460332, 11609835060)
INFO:engine.post.parallel_aff_agglomerate:did not merge (7717521343, 7717521379)
INFO:engine.post.parallel_aff_agglomerate:did not merge (13891536577, 13891536685)
INFO:engine.post.parallel_aff_agglomerate:did not merge (7717521463, 7717521579)
INFO:engine.post.parallel_aff_agglomerate:did not merge (11609835610, 11609835657)
INFO:engine.post.parallel_aff_agglomerate:did not merge (7784628318, 7784628327)
INFO:engine.post.parallel_aff_agglomerate:did not merge (9546236242, 9546236390)
INFO:engine.post.parallel_aff_agglomerate:did not merge (9546236117, 9546236153)
INFO:engine.post.parallel_aff_agglomerate:did not merge (9546236538, 9546236870)
INFO:engine.post.parallel_aff_agglomerate:did not merge (9546236538, 9546236924)
INFO:engine.post.parallel_aff_agglomerate:merged 4132 edges
INFO:engine.post.parallel_aff_agglomerate:Agglomerating in block [6640:7504, 4592:6640, 4592:6640] (864, 2048, 2048) with context of [6512:7632, 4464:6768, 4464:6768] (1120, 2304, 2304)
INFO:engine.post.parallel_aff_agglomerate:did not merge (788532799, 1140853662)
INFO:engine.post.parallel_aff_agglomerate:did not merge (788532799, 1140853673)
INFO:engine.post.parallel_aff_agglomerate:did not merge (788532799, 1140853674)
INFO:engine.post.parallel_aff_agglomerate:did not merge (788532799, 1224739960)
INFO:engine.post.parallel_aff_agglomerate:did not merge (1694501481, 1694501497)
INFO:engine.post.parallel_aff_agglomerate:did not merge (1694501481, 1694501715)
INFO:engine.post.parallel_aff_agglomerate:did not merge (1694501481, 1694501725)
INFO:engine.post.parallel_aff_agglomerate:did not merge (1694501481, 2415919454)
INFO:engine.post.parallel_aff_agglomerate:did not merge (788532790, 1140853737)
INFO:engine.post.parallel_aff_agglomerate:did not merge (721422974, 721422982)
INFO:engine.post.parallel_aff_agglomerate:did not merge (721422720, 721422801)
INFO:engine.post.parallel_aff_agglomerate:did not merge (721422720, 721422836)
INFO:engine.post.parallel_aff_agglomerate:did not merge (721422720, 721422838)
INFO:engine.post.parallel_aff_agglomerate:did not merge (721422720, 1140853325)
INFO:engine.post.parallel_aff_agglomerate:did not merge (721422923, 721422958)
INFO:engine.post.parallel_aff_agglomerate:did not merge (721422923, 721423162)
INFO:engine.post.parallel_aff_agglomerate:did not merge (721422997, 1157627968)
INFO:engine.post.parallel_aff_agglomerate:did not merge (721422997, 1157628058)
INFO:engine.post.parallel_aff_agglomerate:did not merge (788532590, 788532648)
INFO:engine.post.parallel_aff_agglomerate:did not merge (788532590, 788532682)
INFO:engine.post.parallel_aff_agglomerate:did not merge (788532590, 788532785)
INFO:engine.post.parallel_aff_agglomerate:did not merge (788532828, 1140853737)
INFO:engine.post.parallel_aff_agglomerate:did not merge (788532757, 788532923)
INFO:engine.post.parallel_aff_agglomerate:did not merge (788532888, 788532923)
INFO:engine.post.parallel_aff_agglomerate:did not merge (1610616088, 1610616229)
INFO:engine.post.parallel_aff_agglomerate:did not merge (721423011, 1073744999)
INFO:engine.post.parallel_aff_agglomerate:did not merge (788532972, 788533179)
INFO:engine.post.parallel_aff_agglomerate:did not merge (1610616078, 2315255983)
INFO:engine.post.parallel_aff_agglomerate:did not merge (1694501703, 1694501715)
INFO:engine.post.parallel_aff_agglomerate:did not merge (788533010, 788533179)
INFO:engine.post.parallel_aff_agglomerate:did not merge (1157628246, 1157628301)
INFO:engine.post.parallel_aff_agglomerate:did not merge (1157628579, 1157628607)
INFO:engine.post.parallel_aff_agglomerate:did not merge (1157628865, 1157628942)
INFO:engine.post.parallel_aff_agglomerate:did not merge (1157628865, 1157628944)
INFO:engine.post.parallel_aff_agglomerate:did not merge (1157628865, 1157628983)
INFO:engine.post.parallel_aff_agglomerate:did not merge (1157628865, 1157629003)
INFO:engine.post.parallel_aff_agglomerate:did not merge (1157628865, 1157629017)
INFO:engine.post.parallel_aff_agglomerate:did not merge (1157628865, 1157629037)
INFO:engine.post.parallel_aff_agglomerate:did not merge (1627391438, 1627391576)
INFO:engine.post.parallel_aff_agglomerate:did not merge (1627391526, 1627391576)
INFO:engine.post.parallel_aff_agglomerate:did not merge (1627391563, 1627391576)
INFO:engine.post.parallel_aff_agglomerate:did not merge (1627391800, 1627391902)
INFO:engine.post.parallel_aff_agglomerate:did not merge (1157629189, 1157629251)
INFO:engine.post.parallel_aff_agglomerate:did not merge (1157629189, 1157629286)
INFO:engine.post.parallel_aff_agglomerate:did not merge (1157629189, 1157629409)
INFO:engine.post.parallel_aff_agglomerate:did not merge (1157629197, 1157629406)
INFO:engine.post.parallel_aff_agglomerate:did not merge (1157629416, 1627391902)
INFO:engine.post.parallel_aff_agglomerate:merged 11232 edges
INFO:engine.post.parallel_aff_agglomerate:Agglomerating in block [6640:7504, 4592:6640, 14832:16880] (864, 2048, 2048) with context of [6512:7632, 4464:6768, 14704:17008] (1120, 2304, 2304)
INFO:engine.post.parallel_aff_agglomerate:did not merge (3892317292, 4999612614)
INFO:engine.post.parallel_aff_agglomerate:did not merge (3892317292, 4999612623)
INFO:engine.post.parallel_aff_agglomerate:did not merge (6392121219, 8036286478)
INFO:engine.post.parallel_aff_agglomerate:did not merge (4999612772, 6308234944)
INFO:engine.post.parallel_aff_agglomerate:did not merge (6308234832, 7918846052)
INFO:engine.post.parallel_aff_agglomerate:did not merge (6392121400, 6392121661)
INFO:engine.post.parallel_aff_agglomerate:did not merge (6392121400, 6392121663)
INFO:engine.post.parallel_aff_agglomerate:did not merge (6392121353, 6392121401)
INFO:engine.post.parallel_aff_agglomerate:did not merge (6392121353, 8036286745)
INFO:engine.post.parallel_aff_agglomerate:did not merge (6392121381, 6392121392)
INFO:engine.post.parallel_aff_agglomerate:did not merge (6392121381, 6392121401)
INFO:engine.post.parallel_aff_agglomerate:did not merge (6392121381, 8036286745)
INFO:engine.post.parallel_aff_agglomerate:did not merge (3909091430, 3909091797)
INFO:engine.post.parallel_aff_agglomerate:did not merge (3909091430, 3909091993)
INFO:engine.post.parallel_aff_agglomerate:did not merge (3909091430, 3909092087)
INFO:engine.post.parallel_aff_agglomerate:did not merge (5016387681, 5016388038)
INFO:engine.post.parallel_aff_agglomerate:did not merge (5016388215, 5016388308)
INFO:engine.post.parallel_aff_agglomerate:did not merge (5016388295, 5016388466)
INFO:engine.post.parallel_aff_agglomerate:did not merge (5016388350, 5016388425)
INFO:engine.post.parallel_aff_agglomerate:did not merge (5016388350, 5016388561)
INFO:engine.post.parallel_aff_agglomerate:did not merge (5016388516, 5016388608)
INFO:engine.post.parallel_aff_agglomerate:did not merge (5016388516, 5016388661)
INFO:engine.post.parallel_aff_agglomerate:did not merge (5016388516, 5016388680)
INFO:engine.post.parallel_aff_agglomerate:did not merge (5016388516, 5016388702)
INFO:engine.post.parallel_aff_agglomerate:did not merge (5016388502, 5016388561)
INFO:engine.post.parallel_aff_agglomerate:did not merge (5016388612, 5016388661)
INFO:engine.post.parallel_aff_agglomerate:did not merge (5016388895, 5016388936)
INFO:engine.post.parallel_aff_agglomerate:did not merge (5016389011, 5016389062)
INFO:engine.post.parallel_aff_agglomerate:did not merge (5016389011, 5016389087)
INFO:engine.post.parallel_aff_agglomerate:did not merge (5016389261, 5016389263)
INFO:engine.post.parallel_aff_agglomerate:did not merge (5016389261, 5016389280)
INFO:engine.post.parallel_aff_agglomerate:did not merge (5016389261, 5016389347)
INFO:engine.post.parallel_aff_agglomerate:did not merge (5016389261, 5016389414)
INFO:engine.post.parallel_aff_agglomerate:did not merge (5016389261, 5016389484)
INFO:engine.post.parallel_aff_agglomerate:did not merge (5016389555, 5016389853)
INFO:engine.post.parallel_aff_agglomerate:did not merge (5016389730, 5016389854)
INFO:engine.post.parallel_aff_agglomerate:merged 9422 edges
INFO:engine.post.parallel_aff_agglomerate:Agglomerating in block [6640:7504, 4592:6640, 25072:27120] (864, 2048, 2048) with context of [6512:7632, 4464:6768, 24944:27248] (1120, 2304, 2304)
INFO:engine.post.parallel_aff_agglomerate:did not merge (11542726363, 11542726372)
INFO:engine.post.parallel_aff_agglomerate:did not merge (11542726363, 11542726464)
INFO:engine.post.parallel_aff_agglomerate:did not merge (11542726363, 11542726485)
INFO:engine.post.parallel_aff_agglomerate:did not merge (11542726363, 11542726501)
INFO:engine.post.parallel_aff_agglomerate:did not merge (11542726363, 11542726635)
INFO:engine.post.parallel_aff_agglomerate:did not merge (11542726363, 13891536366)
INFO:engine.post.parallel_aff_agglomerate:did not merge (11542726363, 13891536403)
INFO:engine.post.parallel_aff_agglomerate:did not merge (11542726363, 13908312245)
INFO:engine.post.parallel_aff_agglomerate:did not merge (13891536563, 16458450333)
INFO:engine.post.parallel_aff_agglomerate:did not merge (13891536440, 13891536453)
INFO:engine.post.parallel_aff_agglomerate:did not merge (13891536440, 13891536478)
INFO:engine.post.parallel_aff_agglomerate:did not merge (13891536456, 13891536457)
INFO:engine.post.parallel_aff_agglomerate:did not merge (16458451419, 19411241603)
INFO:engine.post.parallel_aff_agglomerate:did not merge (13891536397, 16542336571)
INFO:engine.post.parallel_aff_agglomerate:did not merge (16458451834, 16458452086)
INFO:engine.post.parallel_aff_agglomerate:did not merge (13908312135, 13908312263)
INFO:engine.post.parallel_aff_agglomerate:did not merge (13908312135, 13908312264)
INFO:engine.post.parallel_aff_agglomerate:did not merge (11626611025, 11626611046)
INFO:engine.post.parallel_aff_agglomerate:did not merge (11626611025, 11626611095)
INFO:engine.post.parallel_aff_agglomerate:did not merge (13908312203, 13908312245)
INFO:engine.post.parallel_aff_agglomerate:did not merge (13908312203, 13908312266)
INFO:engine.post.parallel_aff_agglomerate:did not merge (13908312203, 13908312282)
INFO:engine.post.parallel_aff_agglomerate:did not merge (13908312203, 13908312304)
INFO:engine.post.parallel_aff_agglomerate:did not merge (13908312203, 13908312425)
INFO:engine.post.parallel_aff_agglomerate:did not merge (13908312203, 13908312479)
INFO:engine.post.parallel_aff_agglomerate:did not merge (13908312203, 13908312491)
INFO:engine.post.parallel_aff_agglomerate:did not merge (13908312203, 13908312506)
INFO:engine.post.parallel_aff_agglomerate:did not merge (13908312203, 13908312578)
INFO:engine.post.parallel_aff_agglomerate:did not merge (13908312456, 13908312646)
INFO:engine.post.parallel_aff_agglomerate:did not merge (13908312456, 13908312651)
INFO:engine.post.parallel_aff_agglomerate:did not merge (13908312618, 13908312651)
INFO:engine.post.parallel_aff_agglomerate:did not merge (13908312785, 13908312818)
INFO:engine.post.parallel_aff_agglomerate:did not merge (13908312748, 13908312822)
INFO:engine.post.parallel_aff_agglomerate:did not merge (16475227623, 19428017338)
INFO:engine.post.parallel_aff_agglomerate:did not merge (11626611584, 11626611589)
INFO:engine.post.parallel_aff_agglomerate:did not merge (11626611584, 11626611713)
INFO:engine.post.parallel_aff_agglomerate:did not merge (11626611584, 11626611715)
INFO:engine.post.parallel_aff_agglomerate:did not merge (11626611185, 11626611717)
INFO:engine.post.parallel_aff_agglomerate:did not merge (11626611185, 11626611724)
INFO:engine.post.parallel_aff_agglomerate:did not merge (11626611185, 13992198220)
INFO:engine.post.parallel_aff_agglomerate:did not merge (11626611719, 11626611724)
INFO:engine.post.parallel_aff_agglomerate:merged 4600 edges
INFO:engine.post.parallel_aff_agglomerate:Agglomerating in block [6640:7504, 6640:8688, 6640:8688] (864, 2048, 2048) with context of [6512:7632, 6512:8816, 6512:8816] (1120, 2304, 2304)
INFO:engine.post.parallel_aff_agglomerate:did not merge (2298481285, 3154117267)
INFO:engine.post.parallel_aff_agglomerate:did not merge (2298481290, 3053456171)
INFO:engine.post.parallel_aff_agglomerate:did not merge (3053456417, 3053456419)
INFO:engine.post.parallel_aff_agglomerate:did not merge (3053456417, 3053456471)
INFO:engine.post.parallel_aff_agglomerate:did not merge (3053456417, 3053456484)
INFO:engine.post.parallel_aff_agglomerate:did not merge (3053456417, 3053456498)
INFO:engine.post.parallel_aff_agglomerate:did not merge (3053456389, 3053456428)
INFO:engine.post.parallel_aff_agglomerate:did not merge (3154117425, 3154117462)
INFO:engine.post.parallel_aff_agglomerate:did not merge (3154117425, 3154117469)
INFO:engine.post.parallel_aff_agglomerate:did not merge (3154117425, 3154117504)
INFO:engine.post.parallel_aff_agglomerate:did not merge (3154117425, 3154117527)
INFO:engine.post.parallel_aff_agglomerate:did not merge (3154117425, 3154117539)
INFO:engine.post.parallel_aff_agglomerate:did not merge (3154117425, 4211081332)
INFO:engine.post.parallel_aff_agglomerate:did not merge (3154117425, 4211081339)
INFO:engine.post.parallel_aff_agglomerate:did not merge (3154117425, 4211081374)
INFO:engine.post.parallel_aff_agglomerate:did not merge (3154117425, 4211081397)
INFO:engine.post.parallel_aff_agglomerate:did not merge (3154117425, 4211081409)
INFO:engine.post.parallel_aff_agglomerate:did not merge (1610616035, 1610616056)
INFO:engine.post.parallel_aff_agglomerate:did not merge (1610616035, 2298480989)
INFO:engine.post.parallel_aff_agglomerate:did not merge (3154117411, 3154117542)
INFO:engine.post.parallel_aff_agglomerate:did not merge (3053456527, 3053456633)
INFO:engine.post.parallel_aff_agglomerate:did not merge (3053456527, 3053456639)
INFO:engine.post.parallel_aff_agglomerate:did not merge (3053456527, 4093641062)
INFO:engine.post.parallel_aff_agglomerate:did not merge (3053456527, 4093641068)
INFO:engine.post.parallel_aff_agglomerate:did not merge (3154117472, 3154117546)
INFO:engine.post.parallel_aff_agglomerate:did not merge (3154117486, 3154117546)
INFO:engine.post.parallel_aff_agglomerate:did not merge (2315255911, 2315256089)
INFO:engine.post.parallel_aff_agglomerate:did not merge (3070231151, 3070231171)
INFO:engine.post.parallel_aff_agglomerate:did not merge (3070231151, 3070231172)
INFO:engine.post.parallel_aff_agglomerate:did not merge (3070231151, 3070231181)
INFO:engine.post.parallel_aff_agglomerate:did not merge (3070231151, 3070231227)
INFO:engine.post.parallel_aff_agglomerate:did not merge (3070231164, 3070231171)
INFO:engine.post.parallel_aff_agglomerate:did not merge (3070231164, 3070231181)
INFO:engine.post.parallel_aff_agglomerate:did not merge (3070231164, 3070231227)
INFO:engine.post.parallel_aff_agglomerate:did not merge (2315256533, 2315256601)
INFO:engine.post.parallel_aff_agglomerate:did not merge (2315256533, 2315256614)
INFO:engine.post.parallel_aff_agglomerate:did not merge (2315256533, 2315256639)
INFO:engine.post.parallel_aff_agglomerate:did not merge (2315256752, 2315256827)
INFO:engine.post.parallel_aff_agglomerate:did not merge (1711277158, 1711277326)
INFO:engine.post.parallel_aff_agglomerate:did not merge (1711277158, 1711277480)
INFO:engine.post.parallel_aff_agglomerate:did not merge (2315256829, 2315256839)
INFO:engine.post.parallel_aff_agglomerate:did not merge (2315256897, 3070231553)
INFO:engine.post.parallel_aff_agglomerate:did not merge (3070231556, 3070231682)
INFO:engine.post.parallel_aff_agglomerate:did not merge (3070231556, 3070231764)
INFO:engine.post.parallel_aff_agglomerate:did not merge (2315256938, 2315257048)
INFO:engine.post.parallel_aff_agglomerate:did not merge (2315257027, 2315257048)
INFO:engine.post.parallel_aff_agglomerate:did not merge (2315257003, 2315257132)
INFO:engine.post.parallel_aff_agglomerate:did not merge (2315256937, 2315256971)
INFO:engine.post.parallel_aff_agglomerate:did not merge (2315256937, 2315257001)
INFO:engine.post.parallel_aff_agglomerate:did not merge (2315256937, 2315257002)
INFO:engine.post.parallel_aff_agglomerate:did not merge (2315256937, 2315257132)
INFO:engine.post.parallel_aff_agglomerate:did not merge (3070231701, 3070231764)
INFO:engine.post.parallel_aff_agglomerate:merged 15345 edges
INFO:engine.post.parallel_aff_agglomerate:Agglomerating in block [6640:7504, 6640:8688, 16880:18928] (864, 2048, 2048) with context of [6512:7632, 6512:8816, 16752:19056] (1120, 2304, 2304)
INFO:engine.post.parallel_aff_agglomerate:did not merge (9781117430, 9781117435)
INFO:engine.post.parallel_aff_agglomerate:did not merge (9781117430, 9781117455)
INFO:engine.post.parallel_aff_agglomerate:did not merge (9781117430, 11928600619)
INFO:engine.post.parallel_aff_agglomerate:did not merge (7918847902, 9781117417)
INFO:engine.post.parallel_aff_agglomerate:did not merge (6308235091, 6308235151)
INFO:engine.post.parallel_aff_agglomerate:did not merge (11794383403, 11794383411)
INFO:engine.post.parallel_aff_agglomerate:did not merge (11794383408, 11794383411)
INFO:engine.post.parallel_aff_agglomerate:did not merge (6308234933, 6308235182)
INFO:engine.post.parallel_aff_agglomerate:did not merge (6308234933, 6308235211)
INFO:engine.post.parallel_aff_agglomerate:did not merge (6308234933, 6308235217)
INFO:engine.post.parallel_aff_agglomerate:did not merge (6308234933, 6308235229)
INFO:engine.post.parallel_aff_agglomerate:did not merge (6308234933, 6308235267)
INFO:engine.post.parallel_aff_agglomerate:did not merge (6308234933, 6308235284)
INFO:engine.post.parallel_aff_agglomerate:did not merge (6308234933, 7935623420)
INFO:engine.post.parallel_aff_agglomerate:did not merge (6308234933, 7935623477)
INFO:engine.post.parallel_aff_agglomerate:did not merge (6392121320, 6392121400)
INFO:engine.post.parallel_aff_agglomerate:did not merge (6392121320, 6392121661)
INFO:engine.post.parallel_aff_agglomerate:did not merge (9781117437, 9781117449)
INFO:engine.post.parallel_aff_agglomerate:did not merge (9781117437, 11794383428)
INFO:engine.post.parallel_aff_agglomerate:did not merge (6308235158, 6308235284)
INFO:engine.post.parallel_aff_agglomerate:did not merge (6308235144, 6308235240)
INFO:engine.post.parallel_aff_agglomerate:did not merge (6308235161, 6308235240)
INFO:engine.post.parallel_aff_agglomerate:did not merge (6392121560, 6392121673)
INFO:engine.post.parallel_aff_agglomerate:did not merge (6392121560, 8036286517)
INFO:engine.post.parallel_aff_agglomerate:did not merge (11794383406, 11794383411)
INFO:engine.post.parallel_aff_agglomerate:did not merge (11794383407, 11794383411)
INFO:engine.post.parallel_aff_agglomerate:did not merge (6392121412, 6392121673)
INFO:engine.post.parallel_aff_agglomerate:did not merge (6392121428, 6392121661)
INFO:engine.post.parallel_aff_agglomerate:did not merge (6392121421, 6392121661)
INFO:engine.post.parallel_aff_agglomerate:did not merge (7935623253, 7935623412)
INFO:engine.post.parallel_aff_agglomerate:did not merge (7935623260, 7935623412)
INFO:engine.post.parallel_aff_agglomerate:did not merge (7935623260, 7935623420)
INFO:engine.post.parallel_aff_agglomerate:did not merge (7935623260, 7935623426)
INFO:engine.post.parallel_aff_agglomerate:did not merge (7935623260, 7935623429)
INFO:engine.post.parallel_aff_agglomerate:did not merge (7935623260, 7935623438)
INFO:engine.post.parallel_aff_agglomerate:did not merge (7935623260, 7935623477)
INFO:engine.post.parallel_aff_agglomerate:did not merge (7935623546, 7935623584)
INFO:engine.post.parallel_aff_agglomerate:did not merge (7935623546, 7935623617)
INFO:engine.post.parallel_aff_agglomerate:did not merge (6408897205, 6408897277)
INFO:engine.post.parallel_aff_agglomerate:did not merge (9697231120, 9697232073)
INFO:engine.post.parallel_aff_agglomerate:did not merge (7935623858, 7935624015)
INFO:engine.post.parallel_aff_agglomerate:merged 4894 edges
INFO:engine.post.parallel_aff_agglomerate:Agglomerating in block [6640:7504, 6640:8688, 27120:29168] (864, 2048, 2048) with context of [6512:7632, 6512:8816, 26992:29296] (1120, 2304, 2304)
INFO:engine.post.parallel_aff_agglomerate:did not merge (16458451653, 19411241659)
INFO:engine.post.parallel_aff_agglomerate:did not merge (16458451653, 19411241668)
INFO:engine.post.parallel_aff_agglomerate:did not merge (26222788828, 26222788830)
INFO:engine.post.parallel_aff_agglomerate:did not merge (16458451419, 16458451613)
INFO:engine.post.parallel_aff_agglomerate:did not merge (16458451419, 16458451834)
INFO:engine.post.parallel_aff_agglomerate:did not merge (16458451419, 19411241603)
INFO:engine.post.parallel_aff_agglomerate:did not merge (22598910607, 22598910609)
INFO:engine.post.parallel_aff_agglomerate:did not merge (22598910607, 22598910613)
INFO:engine.post.parallel_aff_agglomerate:did not merge (22598910607, 22598910615)
INFO:engine.post.parallel_aff_agglomerate:did not merge (16458451418, 16458451674)
INFO:engine.post.parallel_aff_agglomerate:did not merge (13891536397, 13891536523)
INFO:engine.post.parallel_aff_agglomerate:did not merge (13891536397, 13891536539)
INFO:engine.post.parallel_aff_agglomerate:did not merge (13891536397, 13891536592)
INFO:engine.post.parallel_aff_agglomerate:did not merge (13891536397, 13891536677)
INFO:engine.post.parallel_aff_agglomerate:did not merge (13891536397, 13891536682)
INFO:engine.post.parallel_aff_agglomerate:did not merge (13891536397, 16458451105)
INFO:engine.post.parallel_aff_agglomerate:did not merge (13891536397, 16458451613)
INFO:engine.post.parallel_aff_agglomerate:did not merge (13891536397, 16458451834)
INFO:engine.post.parallel_aff_agglomerate:did not merge (13891536397, 16542336571)
INFO:engine.post.parallel_aff_agglomerate:did not merge (13891536397, 16559112450)
INFO:engine.post.parallel_aff_agglomerate:did not merge (16458451712, 16458451765)
INFO:engine.post.parallel_aff_agglomerate:did not merge (16458452104, 19428016423)
INFO:engine.post.parallel_aff_agglomerate:did not merge (16458452104, 19428016453)
INFO:engine.post.parallel_aff_agglomerate:did not merge (22615687190, 22615687228)
INFO:engine.post.parallel_aff_agglomerate:did not merge (22615687190, 22615687238)
INFO:engine.post.parallel_aff_agglomerate:did not merge (22615687190, 22615687251)
INFO:engine.post.parallel_aff_agglomerate:did not merge (22615687190, 22615687252)
INFO:engine.post.parallel_aff_agglomerate:did not merge (19428016382, 19428016466)
INFO:engine.post.parallel_aff_agglomerate:did not merge (19428016382, 19428016555)
INFO:engine.post.parallel_aff_agglomerate:did not merge (19428016382, 19428016567)
INFO:engine.post.parallel_aff_agglomerate:did not merge (19428016382, 22615687238)
INFO:engine.post.parallel_aff_agglomerate:did not merge (22615687221, 22615687238)
INFO:engine.post.parallel_aff_agglomerate:did not merge (22615687255, 22615687257)
INFO:engine.post.parallel_aff_agglomerate:did not merge (19428016808, 19428017078)
INFO:engine.post.parallel_aff_agglomerate:did not merge (19428016808, 19428017394)
INFO:engine.post.parallel_aff_agglomerate:did not merge (19428017360, 19428017394)
INFO:engine.post.parallel_aff_agglomerate:merged 6441 edges
INFO:engine.post.parallel_aff_agglomerate:Agglomerating in block [6640:7504, 8688:9104, 10736:12784] (864, 416, 2048) with context of [6512:7632, 8560:9232, 10608:12912] (1120, 672, 2304)
INFO:engine.post.parallel_aff_agglomerate:did not merge (3976202701, 5200937329)
INFO:engine.post.parallel_aff_agglomerate:did not merge (5083499858, 6509560403)
INFO:engine.post.parallel_aff_agglomerate:did not merge (6509560232, 6509560403)
INFO:engine.post.parallel_aff_agglomerate:did not merge (5200937217, 5200937329)
INFO:engine.post.parallel_aff_agglomerate:did not merge (5318377598, 5318377616)
INFO:engine.post.parallel_aff_agglomerate:did not merge (5318377598, 5318377640)
INFO:engine.post.parallel_aff_agglomerate:did not merge (5200937021, 5200937093)
INFO:engine.post.parallel_aff_agglomerate:did not merge (5200937021, 5200937149)
INFO:engine.post.parallel_aff_agglomerate:did not merge (5200937021, 5200937156)
INFO:engine.post.parallel_aff_agglomerate:did not merge (5200937021, 5200937292)
INFO:engine.post.parallel_aff_agglomerate:did not merge (5200937021, 5200937345)
INFO:engine.post.parallel_aff_agglomerate:did not merge (5200937021, 5200937346)
INFO:engine.post.parallel_aff_agglomerate:did not merge (5200937021, 5200937358)
INFO:engine.post.parallel_aff_agglomerate:did not merge (5200937021, 5200937723)
INFO:engine.post.parallel_aff_agglomerate:did not merge (5200937032, 5200937093)
INFO:engine.post.parallel_aff_agglomerate:did not merge (5200937032, 5200937329)
INFO:engine.post.parallel_aff_agglomerate:did not merge (5200937032, 5200937523)
INFO:engine.post.parallel_aff_agglomerate:did not merge (5200937032, 5200937569)
INFO:engine.post.parallel_aff_agglomerate:did not merge (5200937032, 5200938146)
INFO:engine.post.parallel_aff_agglomerate:did not merge (5200937032, 6509560403)
INFO:engine.post.parallel_aff_agglomerate:did not merge (5200937032, 6509560710)
INFO:engine.post.parallel_aff_agglomerate:did not merge (5200937032, 6509561688)
INFO:engine.post.parallel_aff_agglomerate:did not merge (5318377673, 5318377709)
INFO:engine.post.parallel_aff_agglomerate:did not merge (5200937788, 5200937838)
INFO:engine.post.parallel_aff_agglomerate:did not merge (5200937834, 5200937896)
INFO:engine.post.parallel_aff_agglomerate:did not merge (5318377732, 5318377847)
INFO:engine.post.parallel_aff_agglomerate:did not merge (5200937914, 5200937924)
INFO:engine.post.parallel_aff_agglomerate:did not merge (5318377778, 5318377847)
INFO:engine.post.parallel_aff_agglomerate:did not merge (5318377787, 5318377847)
INFO:engine.post.parallel_aff_agglomerate:did not merge (5318377796, 5318377847)
INFO:engine.post.parallel_aff_agglomerate:did not merge (5318377806, 5318377847)
INFO:engine.post.parallel_aff_agglomerate:did not merge (5318377897, 5318377959)
INFO:engine.post.parallel_aff_agglomerate:did not merge (5318377917, 5318377959)
INFO:engine.post.parallel_aff_agglomerate:merged 1336 edges
INFO:engine.post.parallel_aff_agglomerate:Agglomerating in block [6640:7504, 8688:9104, 20976:23024] (864, 416, 2048) with context of [6512:7632, 8560:9232, 20848:23152] (1120, 672, 2304)
INFO:engine.post.parallel_aff_agglomerate:did not merge (9680455989, 9680455999)
INFO:engine.post.parallel_aff_agglomerate:did not merge (9680455989, 9680456060)
INFO:engine.post.parallel_aff_agglomerate:did not merge (11693722546, 14076084908)
INFO:engine.post.parallel_aff_agglomerate:did not merge (14092861521, 14092861682)
INFO:engine.post.parallel_aff_agglomerate:did not merge (14092861521, 14092861697)
INFO:engine.post.parallel_aff_agglomerate:did not merge (14092861521, 14092861714)
INFO:engine.post.parallel_aff_agglomerate:did not merge (14092861521, 14092861822)
INFO:engine.post.parallel_aff_agglomerate:did not merge (14092861858, 14092861862)
INFO:engine.post.parallel_aff_agglomerate:did not merge (14092861897, 14092861964)
INFO:engine.post.parallel_aff_agglomerate:did not merge (16659775884, 16659775890)
INFO:engine.post.parallel_aff_agglomerate:did not merge (16659775884, 16659775892)
INFO:engine.post.parallel_aff_agglomerate:did not merge (16659775884, 16659775906)
INFO:engine.post.parallel_aff_agglomerate:did not merge (16659775884, 16659775937)
INFO:engine.post.parallel_aff_agglomerate:did not merge (11811161026, 11811161033)
INFO:engine.post.parallel_aff_agglomerate:did not merge (11811161026, 11811161071)
INFO:engine.post.parallel_aff_agglomerate:did not merge (14210302200, 14210302230)
INFO:engine.post.parallel_aff_agglomerate:did not merge (14210302200, 14210302235)
INFO:engine.post.parallel_aff_agglomerate:did not merge (14092862433, 14092862532)
INFO:engine.post.parallel_aff_agglomerate:merged 1729 edges
