Compiling waterz in /home/samia/.cython/inline
Preparing segmentation volume...
counting regions and sizes...
creating region graph for 329 nodes
creating statistics provider
extracting region graph...
Region graph number of edges: 1602
merging until threshold 0
computing initial scores
merging until 0
min edge score 0.00195312
threshold exceeded
merged 0 edges
merging until threshold 1
merging until 1
min edge score 0.00195312
merged 327 edges
extracting segmentation
Num nodes in merge tree: 657
max_level: 36
Finished allocating db
Re-using already compiled waterz version
Preparing segmentation volume...
counting regions and sizes...
creating region graph for 461 nodes
creating statistics provider
extracting region graph...
Region graph number of edges: 2255
merging until threshold 0
computing initial scores
merging until 0
min edge score 0.00195312
threshold exceeded
merged 0 edges
merging until threshold 1
merging until 1
min edge score 0.00195312
merged 459 edges
extracting segmentation
Num nodes in merge tree: 921
max_level: 49
Finished allocating db
Re-using already compiled waterz version
Preparing segmentation volume...
counting regions and sizes...
creating region graph for 377 nodes
creating statistics provider
extracting region graph...
Region graph number of edges: 1812
merging until threshold 0
computing initial scores
merging until 0
min edge score 0.00195312
threshold exceeded
merged 0 edges
merging until threshold 1
merging until 1
min edge score 0.00195312
merged 375 edges
extracting segmentation
Num nodes in merge tree: 753
max_level: 34
Finished allocating db
Re-using already compiled waterz version
Preparing segmentation volume...
counting regions and sizes...
creating region graph for 536 nodes
creating statistics provider
extracting region graph...
Region graph number of edges: 2768
merging until threshold 0
computing initial scores
merging until 0
min edge score 0.00195312
threshold exceeded
merged 0 edges
merging until threshold 1
merging until 1
min edge score 0.00195312
merged 534 edges
extracting segmentation
Num nodes in merge tree: 1071
max_level: 53
Finished allocating db
Re-using already compiled waterz version
Preparing segmentation volume...
counting regions and sizes...
creating region graph for 642 nodes
creating statistics provider
extracting region graph...
Region graph number of edges: 3407
merging until threshold 0
computing initial scores
merging until 0
min edge score 0.00195312
threshold exceeded
merged 0 edges
merging until threshold 1
merging until 1
min edge score 0.00195312
merged 640 edges
extracting segmentation
Num nodes in merge tree: 1283
max_level: 53
Finished allocating db
Re-using already compiled waterz version
Preparing segmentation volume...
counting regions and sizes...
creating region graph for 507 nodes
creating statistics provider
extracting region graph...
Region graph number of edges: 2650
merging until threshold 0
computing initial scores
merging until 0
min edge score 0.00195312
threshold exceeded
merged 0 edges
merging until threshold 1
merging until 1
min edge score 0.00195312
merged 505 edges
extracting segmentation
Num nodes in merge tree: 1013
max_level: 64
Finished allocating db
Re-using already compiled waterz version
Preparing segmentation volume...
counting regions and sizes...
creating region graph for 509 nodes
creating statistics provider
extracting region graph...
Region graph number of edges: 2593
merging until threshold 0
computing initial scores
merging until 0
min edge score 0.00195312
threshold exceeded
merged 0 edges
merging until threshold 1
merging until 1
min edge score 0.00195312
merged 507 edges
extracting segmentation
Num nodes in merge tree: 1017
max_level: 46
Finished allocating db
Re-using already compiled waterz version
Preparing segmentation volume...
counting regions and sizes...
creating region graph for 132 nodes
creating statistics provider
extracting region graph...
Region graph number of edges: 598
merging until threshold 0
computing initial scores
merging until 0
min edge score 0.00195312
threshold exceeded
merged 0 edges
merging until threshold 1
merging until 1
min edge score 0.00195312
merged 130 edges
extracting segmentation
Num nodes in merge tree: 263
max_level: 37
Finished allocating db
Re-using already compiled waterz version
Preparing segmentation volume...
counting regions and sizes...
creating region graph for 513 nodes
creating statistics provider
extracting region graph...
Region graph number of edges: 2647
merging until threshold 0
computing initial scores
merging until 0
min edge score 0.00195312
threshold exceeded
merged 0 edges
merging until threshold 1
merging until 1
min edge score 0.00195312
merged 511 edges
extracting segmentation
Num nodes in merge tree: 1025
max_level: 43
Finished allocating db
Re-using already compiled waterz version
Preparing segmentation volume...
counting regions and sizes...
creating region graph for 1134 nodes
creating statistics provider
extracting region graph...
Region graph number of edges: 5979
merging until threshold 0
computing initial scores
merging until 0
min edge score 0.00195312
threshold exceeded
merged 0 edges
merging until threshold 1
merging until 1
min edge score 0.00195312
merged 1132 edges
extracting segmentation
Num nodes in merge tree: 2267
max_level: 88
Finished allocating db
Re-using already compiled waterz version
Preparing segmentation volume...
counting regions and sizes...
creating region graph for 844 nodes
creating statistics provider
extracting region graph...
Region graph number of edges: 4219
merging until threshold 0
computing initial scores
merging until 0
min edge score 0.00195312
threshold exceeded
merged 0 edges
merging until threshold 1
merging until 1
min edge score 0.00195312
merged 842 edges
extracting segmentation
Num nodes in merge tree: 1687
max_level: 86
Finished allocating db
Re-using already compiled waterz version
Preparing segmentation volume...
counting regions and sizes...
creating region graph for 866 nodes
creating statistics provider
extracting region graph...
Region graph number of edges: 4579
merging until threshold 0
computing initial scores
merging until 0
min edge score 0.00195312
threshold exceeded
merged 0 edges
merging until threshold 1
merging until 1
min edge score 0.00195312
merged 864 edges
extracting segmentation
Num nodes in merge tree: 1731
max_level: 47
Finished allocating db
Re-using already compiled waterz version
Preparing segmentation volume...
counting regions and sizes...
creating region graph for 867 nodes
creating statistics provider
extracting region graph...
Region graph number of edges: 4451
merging until threshold 0
computing initial scores
merging until 0
min edge score 0.00195312
threshold exceeded
merged 0 edges
merging until threshold 1
merging until 1
min edge score 0.00195312
merged 865 edges
extracting segmentation
Num nodes in merge tree: 1733
max_level: 68
Finished allocating db
Re-using already compiled waterz version
Preparing segmentation volume...
counting regions and sizes...
creating region graph for 831 nodes
creating statistics provider
extracting region graph...
Region graph number of edges: 4513
merging until threshold 0
computing initial scores
merging until 0
min edge score 0.00195312
threshold exceeded
merged 0 edges
merging until threshold 1
merging until 1
min edge score 0.00195312
merged 829 edges
extracting segmentation
Num nodes in merge tree: 1661
max_level: 67
Finished allocating db
Re-using already compiled waterz version
Preparing segmentation volume...
counting regions and sizes...
creating region graph for 824 nodes
creating statistics provider
extracting region graph...
Region graph number of edges: 4210
merging until threshold 0
computing initial scores
merging until 0
min edge score 0.00195312
threshold exceeded
merged 0 edges
merging until threshold 1
merging until 1
min edge score 0.00195312
merged 822 edges
extracting segmentation
Num nodes in merge tree: 1647
max_level: 57
Finished allocating db
Re-using already compiled waterz version
Preparing segmentation volume...
counting regions and sizes...
creating region graph for 215 nodes
creating statistics provider
extracting region graph...
Region graph number of edges: 936
merging until threshold 0
computing initial scores
merging until 0
min edge score 0.00195312
threshold exceeded
merged 0 edges
merging until threshold 1
merging until 1
min edge score 0.00195312
merged 213 edges
extracting segmentation
Num nodes in merge tree: 429
max_level: 30
Finished allocating db
Re-using already compiled waterz version
Preparing segmentation volume...
counting regions and sizes...
creating region graph for 701 nodes
creating statistics provider
extracting region graph...
Region graph number of edges: 3850
merging until threshold 0
computing initial scores
merging until 0
min edge score 0.00195312
threshold exceeded
merged 0 edges
merging until threshold 1
merging until 1
min edge score 0.00195312
merged 699 edges
extracting segmentation
Num nodes in merge tree: 1401
max_level: 107
Finished allocating db
Re-using already compiled waterz version
Preparing segmentation volume...
counting regions and sizes...
creating region graph for 989 nodes
creating statistics provider
extracting region graph...
Region graph number of edges: 5174
merging until threshold 0
computing initial scores
merging until 0
min edge score 0.00195312
threshold exceeded
merged 0 edges
merging until threshold 1
merging until 1
min edge score 0.00195312
merged 987 edges
extracting segmentation
Num nodes in merge tree: 1977
max_level: 133
Finished allocating db
Re-using already compiled waterz version
Preparing segmentation volume...
counting regions and sizes...
creating region graph for 791 nodes
creating statistics provider
extracting region graph...
Region graph number of edges: 3917
merging until threshold 0
computing initial scores
merging until 0
min edge score 0.00195312
threshold exceeded
merged 0 edges
merging until threshold 1
merging until 1
min edge score 0.00195312
merged 789 edges
extracting segmentation
Num nodes in merge tree: 1581
max_level: 113
Finished allocating db
Re-using already compiled waterz version
Preparing segmentation volume...
counting regions and sizes...
creating region graph for 888 nodes
creating statistics provider
extracting region graph...
Region graph number of edges: 4626
merging until threshold 0
computing initial scores
merging until 0
min edge score 0.00195312
threshold exceeded
merged 0 edges
merging until threshold 1
merging until 1
min edge score 0.00195312
merged 886 edges
extracting segmentation
Num nodes in merge tree: 1775
max_level: 67
Finished allocating db
Re-using already compiled waterz version
Preparing segmentation volume...
counting regions and sizes...
creating region graph for 883 nodes
creating statistics provider
extracting region graph...
Region graph number of edges: 4589
merging until threshold 0
computing initial scores
merging until 0
min edge score 0.00195312
threshold exceeded
merged 0 edges
merging until threshold 1
merging until 1
min edge score 0.00195312
merged 881 edges
extracting segmentation
Num nodes in merge tree: 1765
max_level: 57
Finished allocating db
Re-using already compiled waterz version
Preparing segmentation volume...
counting regions and sizes...
creating region graph for 902 nodes
creating statistics provider
extracting region graph...
Region graph number of edges: 4685
merging until threshold 0
computing initial scores
merging until 0
min edge score 0.00195312
threshold exceeded
merged 0 edges
merging until threshold 1
merging until 1
min edge score 0.00195312
merged 900 edges
extracting segmentation
Num nodes in merge tree: 1803
max_level: 61
Finished allocating db
Re-using already compiled waterz version
Preparing segmentation volume...
counting regions and sizes...
creating region graph for 1040 nodes
creating statistics provider
extracting region graph...
Region graph number of edges: 5703
merging until threshold 0
computing initial scores
merging until 0
min edge score 0.00195312
threshold exceeded
merged 0 edges
merging until threshold 1
merging until 1
min edge score 0.00195312
merged 1038 edges
extracting segmentation
Num nodes in merge tree: 2079
max_level: 86
Finished allocating db
Re-using already compiled waterz version
Preparing segmentation volume...
counting regions and sizes...
creating region graph for 301 nodes
creating statistics provider
extracting region graph...
Region graph number of edges: 1417
merging until threshold 0
computing initial scores
merging until 0
min edge score 0.00195312
threshold exceeded
merged 0 edges
merging until threshold 1
merging until 1
min edge score 0.00195312
merged 299 edges
extracting segmentation
Num nodes in merge tree: 601
max_level: 36
Finished allocating db
Re-using already compiled waterz version
Preparing segmentation volume...
counting regions and sizes...
creating region graph for 610 nodes
creating statistics provider
extracting region graph...
Region graph number of edges: 3007
merging until threshold 0
computing initial scores
merging until 0
min edge score 0.00195312
threshold exceeded
merged 0 edges
merging until threshold 1
merging until 1
min edge score 0.00195312
merged 608 edges
extracting segmentation
Num nodes in merge tree: 1219
max_level: 53
Finished allocating db
Re-using already compiled waterz version
Preparing segmentation volume...
counting regions and sizes...
creating region graph for 974 nodes
creating statistics provider
extracting region graph...
Region graph number of edges: 5099
merging until threshold 0
computing initial scores
merging until 0
min edge score 0.00195312
threshold exceeded
merged 0 edges
merging until threshold 1
merging until 1
min edge score 0.00195312
merged 972 edges
extracting segmentation
Num nodes in merge tree: 1947
max_level: 99
Finished allocating db
Re-using already compiled waterz version
Preparing segmentation volume...
counting regions and sizes...
creating region graph for 956 nodes
creating statistics provider
extracting region graph...
Region graph number of edges: 4807
merging until threshold 0
computing initial scores
merging until 0
min edge score 0.00195312
threshold exceeded
merged 0 edges
merging until threshold 1
merging until 1
min edge score 0.00195312
merged 954 edges
extracting segmentation
Num nodes in merge tree: 1911
max_level: 90
Finished allocating db
Re-using already compiled waterz version
Preparing segmentation volume...
counting regions and sizes...
creating region graph for 1079 nodes
creating statistics provider
extracting region graph...
Region graph number of edges: 5622
merging until threshold 0
computing initial scores
merging until 0
min edge score 0.00195312
threshold exceeded
merged 0 edges
merging until threshold 1
merging until 1
min edge score 0.00195312
merged 1077 edges
extracting segmentation
Num nodes in merge tree: 2157
max_level: 132
Finished allocating db
Re-using already compiled waterz version
Preparing segmentation volume...
counting regions and sizes...
creating region graph for 747 nodes
creating statistics provider
extracting region graph...
Region graph number of edges: 3650
merging until threshold 0
computing initial scores
merging until 0
min edge score 0.00195312
threshold exceeded
merged 0 edges
merging until threshold 1
merging until 1
min edge score 0.00195312
merged 745 edges
extracting segmentation
Num nodes in merge tree: 1493
max_level: 56
Finished allocating db
Re-using already compiled waterz version
Preparing segmentation volume...
counting regions and sizes...
creating region graph for 863 nodes
creating statistics provider
extracting region graph...
Region graph number of edges: 4435
merging until threshold 0
computing initial scores
merging until 0
min edge score 0.00195312
threshold exceeded
merged 0 edges
merging until threshold 1
merging until 1
min edge score 0.00195312
merged 861 edges
extracting segmentation
Num nodes in merge tree: 1725
max_level: 85
Finished allocating db
Re-using already compiled waterz version
Preparing segmentation volume...
counting regions and sizes...
creating region graph for 691 nodes
creating statistics provider
extracting region graph...
Region graph number of edges: 3429
merging until threshold 0
computing initial scores
merging until 0
min edge score 0.00195312
threshold exceeded
merged 0 edges
merging until threshold 1
merging until 1
min edge score 0.00195312
merged 689 edges
extracting segmentation
Num nodes in merge tree: 1381
max_level: 56
Finished allocating db
Re-using already compiled waterz version
Preparing segmentation volume...
counting regions and sizes...
creating region graph for 262 nodes
creating statistics provider
extracting region graph...
Region graph number of edges: 1192
merging until threshold 0
computing initial scores
merging until 0
min edge score 0.00195312
threshold exceeded
merged 0 edges
merging until threshold 1
merging until 1
min edge score 0.00195312
merged 260 edges
extracting segmentation
Num nodes in merge tree: 523
max_level: 48
Finished allocating db
Re-using already compiled waterz version
Preparing segmentation volume...
counting regions and sizes...
creating region graph for 648 nodes
creating statistics provider
extracting region graph...
Region graph number of edges: 3453
merging until threshold 0
computing initial scores
merging until 0
min edge score 0.00195312
threshold exceeded
merged 0 edges
merging until threshold 1
merging until 1
min edge score 0.00195312
merged 646 edges
extracting segmentation
Num nodes in merge tree: 1295
max_level: 54
Finished allocating db
Re-using already compiled waterz version
Preparing segmentation volume...
counting regions and sizes...
creating region graph for 933 nodes
creating statistics provider
extracting region graph...
Region graph number of edges: 4945
merging until threshold 0
computing initial scores
merging until 0
min edge score 0.00195312
threshold exceeded
merged 0 edges
merging until threshold 1
merging until 1
min edge score 0.00195312
merged 931 edges
extracting segmentation
Num nodes in merge tree: 1865
max_level: 91
Finished allocating db
Re-using already compiled waterz version
Preparing segmentation volume...
counting regions and sizes...
creating region graph for 765 nodes
creating statistics provider
extracting region graph...
Region graph number of edges: 3805
merging until threshold 0
computing initial scores
merging until 0
min edge score 0.00195312
threshold exceeded
merged 0 edges
merging until threshold 1
merging until 1
min edge score 0.00195312
merged 763 edges
extracting segmentation
Num nodes in merge tree: 1529
max_level: 66
Finished allocating db
Re-using already compiled waterz version
Preparing segmentation volume...
counting regions and sizes...
creating region graph for 814 nodes
creating statistics provider
extracting region graph...
Region graph number of edges: 4108
merging until threshold 0
computing initial scores
merging until 0
min edge score 0.00195312
threshold exceeded
merged 0 edges
merging until threshold 1
merging until 1
min edge score 0.00195312
merged 812 edges
extracting segmentation
Num nodes in merge tree: 1627
max_level: 65
Finished allocating db
Re-using already compiled waterz version
Preparing segmentation volume...
counting regions and sizes...
creating region graph for 834 nodes
creating statistics provider
extracting region graph...
Region graph number of edges: 4294
merging until threshold 0
computing initial scores
merging until 0
min edge score 0.00195312
threshold exceeded
merged 0 edges
merging until threshold 1
merging until 1
min edge score 0.00195312
merged 832 edges
extracting segmentation
Num nodes in merge tree: 1667
max_level: 76
Finished allocating db
Re-using already compiled waterz version
Preparing segmentation volume...
counting regions and sizes...
creating region graph for 797 nodes
creating statistics provider
extracting region graph...
Region graph number of edges: 4048
merging until threshold 0
computing initial scores
merging until 0
min edge score 0.00195312
threshold exceeded
merged 0 edges
merging until threshold 1
merging until 1
min edge score 0.00195312
merged 795 edges
extracting segmentation
Num nodes in merge tree: 1593
max_level: 62
Finished allocating db
Re-using already compiled waterz version
Preparing segmentation volume...
counting regions and sizes...
creating region graph for 693 nodes
creating statistics provider
extracting region graph...
Region graph number of edges: 3392
merging until threshold 0
computing initial scores
merging until 0
min edge score 0.00195312
threshold exceeded
merged 0 edges
merging until threshold 1
merging until 1
min edge score 0.00195312
merged 691 edges
extracting segmentation
Num nodes in merge tree: 1385
max_level: 56
Finished allocating db
Re-using already compiled waterz version
Preparing segmentation volume...
counting regions and sizes...
creating region graph for 176 nodes
creating statistics provider
extracting region graph...
Region graph number of edges: 704
merging until threshold 0
computing initial scores
merging until 0
min edge score 0.00195312
threshold exceeded
merged 0 edges
merging until threshold 1
merging until 1
min edge score 0.00195312
merged 174 edges
extracting segmentation
Num nodes in merge tree: 351
max_level: 32
Finished allocating db
Re-using already compiled waterz version
Preparing segmentation volume...
counting regions and sizes...
creating region graph for 791 nodes
creating statistics provider
extracting region graph...
Region graph number of edges: 4051
merging until threshold 0
computing initial scores
merging until 0
min edge score 0.00195312
threshold exceeded
merged 0 edges
merging until threshold 1
merging until 1
min edge score 0.00195312
merged 789 edges
extracting segmentation
Num nodes in merge tree: 1581
max_level: 116
Finished allocating db
Re-using already compiled waterz version
Preparing segmentation volume...
counting regions and sizes...
creating region graph for 1127 nodes
creating statistics provider
extracting region graph...
Region graph number of edges: 5804
merging until threshold 0
computing initial scores
merging until 0
min edge score 0.00195312
threshold exceeded
merged 0 edges
merging until threshold 1
merging until 1
min edge score 0.00195312
merged 1125 edges
extracting segmentation
Num nodes in merge tree: 2253
max_level: 141
Finished allocating db
Re-using already compiled waterz version
Preparing segmentation volume...
counting regions and sizes...
creating region graph for 1071 nodes
creating statistics provider
extracting region graph...
Region graph number of edges: 5623
merging until threshold 0
computing initial scores
merging until 0
min edge score 0.00195312
threshold exceeded
merged 0 edges
merging until threshold 1
merging until 1
min edge score 0.00195312
merged 1069 edges
extracting segmentation
Num nodes in merge tree: 2141
max_level: 96
Finished allocating db
Re-using already compiled waterz version
Preparing segmentation volume...
counting regions and sizes...
creating region graph for 1158 nodes
creating statistics provider
extracting region graph...
Region graph number of edges: 5983
merging until threshold 0
computing initial scores
merging until 0
min edge score 0.00195312
threshold exceeded
merged 0 edges
merging until threshold 1
merging until 1
min edge score 0.00195312
merged 1156 edges
extracting segmentation
Num nodes in merge tree: 2315
max_level: 117
Finished allocating db
Re-using already compiled waterz version
Preparing segmentation volume...
counting regions and sizes...
creating region graph for 944 nodes
creating statistics provider
extracting region graph...
Region graph number of edges: 4678
merging until threshold 0
computing initial scores
merging until 0
min edge score 0.00195312
threshold exceeded
merged 0 edges
merging until threshold 1
merging until 1
min edge score 0.00195312
merged 942 edges
extracting segmentation
Num nodes in merge tree: 1887
max_level: 77
Finished allocating db
Re-using already compiled waterz version
Preparing segmentation volume...
counting regions and sizes...
creating region graph for 1085 nodes
creating statistics provider
extracting region graph...
Region graph number of edges: 5609
merging until threshold 0
computing initial scores
merging until 0
min edge score 0.00195312
threshold exceeded
merged 0 edges
merging until threshold 1
merging until 1
min edge score 0.00195312
merged 1083 edges
extracting segmentation
Num nodes in merge tree: 2169
max_level: 101
Finished allocating db
Re-using already compiled waterz version
Preparing segmentation volume...
counting regions and sizes...
creating region graph for 1248 nodes
creating statistics provider
extracting region graph...
Region graph number of edges: 6626
merging until threshold 0
computing initial scores
merging until 0
min edge score 0.00195312
threshold exceeded
merged 0 edges
merging until threshold 1
merging until 1
min edge score 0.00195312
merged 1246 edges
extracting segmentation
Num nodes in merge tree: 2495
max_level: 178
Finished allocating db
Re-using already compiled waterz version
Preparing segmentation volume...
counting regions and sizes...
creating region graph for 302 nodes
creating statistics provider
extracting region graph...
Region graph number of edges: 1522
merging until threshold 0
computing initial scores
merging until 0
min edge score 0.00195312
threshold exceeded
merged 0 edges
merging until threshold 1
merging until 1
min edge score 0.00195312
merged 300 edges
extracting segmentation
Num nodes in merge tree: 603
max_level: 62
Finished allocating db
Re-using already compiled waterz version
Preparing segmentation volume...
counting regions and sizes...
creating region graph for 638 nodes
creating statistics provider
extracting region graph...
Region graph number of edges: 3152
merging until threshold 0
computing initial scores
merging until 0
min edge score 0.00195312
threshold exceeded
merged 0 edges
merging until threshold 1
merging until 1
min edge score 0.00195312
merged 636 edges
extracting segmentation
Num nodes in merge tree: 1275
max_level: 103
Finished allocating db
Re-using already compiled waterz version
Preparing segmentation volume...
counting regions and sizes...
creating region graph for 1177 nodes
creating statistics provider
extracting region graph...
Region graph number of edges: 6253
merging until threshold 0
computing initial scores
merging until 0
min edge score 0.00195312
threshold exceeded
merged 0 edges
merging until threshold 1
merging until 1
min edge score 0.00195312
merged 1175 edges
extracting segmentation
Num nodes in merge tree: 2353
max_level: 158
Finished allocating db
Re-using already compiled waterz version
Preparing segmentation volume...
counting regions and sizes...
creating region graph for 1734 nodes
creating statistics provider
extracting region graph...
Region graph number of edges: 9125
merging until threshold 0
computing initial scores
merging until 0
min edge score 0.00195312
threshold exceeded
merged 0 edges
merging until threshold 1
merging until 1
min edge score 0.00195312
merged 1732 edges
extracting segmentation
Num nodes in merge tree: 3467
max_level: 186
Finished allocating db
Re-using already compiled waterz version
Preparing segmentation volume...
counting regions and sizes...
creating region graph for 1803 nodes
creating statistics provider
extracting region graph...
Region graph number of edges: 9321
merging until threshold 0
computing initial scores
merging until 0
min edge score 0.00195312
threshold exceeded
merged 0 edges
merging until threshold 1
merging until 1
min edge score 0.00195312
merged 1801 edges
extracting segmentation
Num nodes in merge tree: 3605
max_level: 152
Finished allocating db
Re-using already compiled waterz version
Preparing segmentation volume...
counting regions and sizes...
creating region graph for 1429 nodes
creating statistics provider
extracting region graph...
Region graph number of edges: 7540
merging until threshold 0
computing initial scores
merging until 0
min edge score 0.00195312
threshold exceeded
merged 0 edges
merging until threshold 1
merging until 1
min edge score 0.00195312
merged 1427 edges
extracting segmentation
Num nodes in merge tree: 2857
max_level: 132
Finished allocating db
Re-using already compiled waterz version
Preparing segmentation volume...
counting regions and sizes...
creating region graph for 1318 nodes
creating statistics provider
extracting region graph...
Region graph number of edges: 6966
merging until threshold 0
computing initial scores
merging until 0
min edge score 0.00195312
threshold exceeded
merged 0 edges
merging until threshold 1
merging until 1
min edge score 0.00195312
merged 1316 edges
extracting segmentation
Num nodes in merge tree: 2635
max_level: 211
Finished allocating db
Re-using already compiled waterz version
Preparing segmentation volume...
counting regions and sizes...
creating region graph for 1205 nodes
creating statistics provider
extracting region graph...
Region graph number of edges: 6198
merging until threshold 0
computing initial scores
merging until 0
min edge score 0.00195312
threshold exceeded
merged 0 edges
merging until threshold 1
merging until 1
min edge score 0.00195312
merged 1203 edges
extracting segmentation
Num nodes in merge tree: 2409
max_level: 142
Finished allocating db
Re-using already compiled waterz version
Preparing segmentation volume...
counting regions and sizes...
creating region graph for 296 nodes
creating statistics provider
extracting region graph...
Region graph number of edges: 1408
merging until threshold 0
computing initial scores
merging until 0
min edge score 0.00195312
threshold exceeded
merged 0 edges
merging until threshold 1
merging until 1
min edge score 0.00195312
merged 294 edges
extracting segmentation
Num nodes in merge tree: 591
max_level: 40
Finished allocating db
Re-using already compiled waterz version
Preparing segmentation volume...
counting regions and sizes...
creating region graph for 48 nodes
creating statistics provider
extracting region graph...
Region graph number of edges: 161
merging until threshold 0
computing initial scores
merging until 0
min edge score 0.00195312
threshold exceeded
merged 0 edges
merging until threshold 1
merging until 1
min edge score 0.00195312
merged 46 edges
extracting segmentation
Num nodes in merge tree: 95
max_level: 16
Finished allocating db
Re-using already compiled waterz version
Preparing segmentation volume...
counting regions and sizes...
creating region graph for 148 nodes
creating statistics provider
extracting region graph...
Region graph number of edges: 644
merging until threshold 0
computing initial scores
merging until 0
min edge score 0.00195312
threshold exceeded
merged 0 edges
merging until threshold 1
merging until 1
min edge score 0.00195312
merged 146 edges
extracting segmentation
Num nodes in merge tree: 295
max_level: 28
Finished allocating db
Re-using already compiled waterz version
Preparing segmentation volume...
counting regions and sizes...
creating region graph for 362 nodes
creating statistics provider
extracting region graph...
Region graph number of edges: 1663
merging until threshold 0
computing initial scores
merging until 0
min edge score 0.00195312
threshold exceeded
merged 0 edges
merging until threshold 1
merging until 1
min edge score 0.00195312
merged 360 edges
extracting segmentation
Num nodes in merge tree: 723
max_level: 60
Finished allocating db
Re-using already compiled waterz version
Preparing segmentation volume...
counting regions and sizes...
creating region graph for 398 nodes
creating statistics provider
extracting region graph...
Region graph number of edges: 1958
merging until threshold 0
computing initial scores
merging until 0
min edge score 0.00195312
threshold exceeded
merged 0 edges
merging until threshold 1
merging until 1
min edge score 0.00195312
merged 396 edges
extracting segmentation
Num nodes in merge tree: 795
max_level: 69
Finished allocating db
Re-using already compiled waterz version
Preparing segmentation volume...
counting regions and sizes...
creating region graph for 411 nodes
creating statistics provider
extracting region graph...
Region graph number of edges: 1847
merging until threshold 0
computing initial scores
merging until 0
min edge score 0.00195312
threshold exceeded
merged 0 edges
merging until threshold 1
merging until 1
min edge score 0.00195312
merged 409 edges
extracting segmentation
Num nodes in merge tree: 821
max_level: 55
Finished allocating db
Re-using already compiled waterz version
Preparing segmentation volume...
counting regions and sizes...
creating region graph for 608 nodes
creating statistics provider
extracting region graph...
Region graph number of edges: 3076
merging until threshold 0
computing initial scores
merging until 0
min edge score 0.00195312
threshold exceeded
merged 0 edges
merging until threshold 1
merging until 1
min edge score 0.00195312
merged 606 edges
extracting segmentation
Num nodes in merge tree: 1215
max_level: 175
Finished allocating db
Re-using already compiled waterz version
Preparing segmentation volume...
counting regions and sizes...
creating region graph for 288 nodes
creating statistics provider
extracting region graph...
Region graph number of edges: 1319
merging until threshold 0
computing initial scores
merging until 0
min edge score 0.00195312
threshold exceeded
merged 0 edges
merging until threshold 1
merging until 1
min edge score 0.00195312
merged 286 edges
extracting segmentation
Num nodes in merge tree: 575
max_level: 66
Finished allocating db
Re-using already compiled waterz version
Preparing segmentation volume...
counting regions and sizes...
creating region graph for 49 nodes
creating statistics provider
extracting region graph...
Region graph number of edges: 175
merging until threshold 0
computing initial scores
merging until 0
min edge score 0.00195312
threshold exceeded
merged 0 edges
merging until threshold 1
merging until 1
min edge score 0.00195312
merged 47 edges
extracting segmentation
Num nodes in merge tree: 97
max_level: 17
Finished allocating db
Re-using already compiled waterz version
Preparing segmentation volume...
counting regions and sizes...
creating region graph for 467 nodes
creating statistics provider
extracting region graph...
Region graph number of edges: 2268
merging until threshold 0
computing initial scores
merging until 0
min edge score 0.00195312
threshold exceeded
merged 0 edges
merging until threshold 1
merging until 1
min edge score 0.00195312
merged 465 edges
extracting segmentation
Num nodes in merge tree: 933
max_level: 50
Finished allocating db
Re-using already compiled waterz version
Preparing segmentation volume...
counting regions and sizes...
creating region graph for 961 nodes
creating statistics provider
extracting region graph...
Region graph number of edges: 5122
merging until threshold 0
computing initial scores
merging until 0
min edge score 0.00195312
threshold exceeded
merged 0 edges
merging until threshold 1
merging until 1
min edge score 0.00195312
merged 959 edges
extracting segmentation
Num nodes in merge tree: 1921
max_level: 86
Finished allocating db
Re-using already compiled waterz version
Preparing segmentation volume...
counting regions and sizes...
creating region graph for 923 nodes
creating statistics provider
extracting region graph...
Region graph number of edges: 4958
merging until threshold 0
computing initial scores
merging until 0
min edge score 0.00195312
threshold exceeded
merged 0 edges
merging until threshold 1
merging until 1
min edge score 0.00195312
merged 921 edges
extracting segmentation
Num nodes in merge tree: 1845
max_level: 57
Finished allocating db
Re-using already compiled waterz version
Preparing segmentation volume...
counting regions and sizes...
creating region graph for 792 nodes
creating statistics provider
extracting region graph...
Region graph number of edges: 3976
merging until threshold 0
computing initial scores
merging until 0
min edge score 0.00195312
threshold exceeded
merged 0 edges
merging until threshold 1
merging until 1
min edge score 0.00195312
merged 790 edges
extracting segmentation
Num nodes in merge tree: 1583
max_level: 63
Finished allocating db
Re-using already compiled waterz version
Preparing segmentation volume...
counting regions and sizes...
creating region graph for 1019 nodes
creating statistics provider
extracting region graph...
Region graph number of edges: 5463
merging until threshold 0
computing initial scores
merging until 0
min edge score 0.00195312
threshold exceeded
merged 0 edges
merging until threshold 1
merging until 1
min edge score 0.00195312
merged 1017 edges
extracting segmentation
Num nodes in merge tree: 2037
max_level: 63
Finished allocating db
Re-using already compiled waterz version
Preparing segmentation volume...
counting regions and sizes...
creating region graph for 1010 nodes
creating statistics provider
extracting region graph...
Region graph number of edges: 5280
merging until threshold 0
computing initial scores
merging until 0
min edge score 0.00195312
threshold exceeded
merged 0 edges
merging until threshold 1
merging until 1
min edge score 0.00195312
merged 1008 edges
extracting segmentation
Num nodes in merge tree: 2019
max_level: 65
Finished allocating db
Re-using already compiled waterz version
Preparing segmentation volume...
counting regions and sizes...
creating region graph for 1022 nodes
creating statistics provider
extracting region graph...
Region graph number of edges: 5492
merging until threshold 0
computing initial scores
merging until 0
min edge score 0.00195312
threshold exceeded
merged 0 edges
merging until threshold 1
merging until 1
min edge score 0.00195312
merged 1020 edges
extracting segmentation
Num nodes in merge tree: 2043
max_level: 67
Finished allocating db
Re-using already compiled waterz version
Preparing segmentation volume...
counting regions and sizes...
creating region graph for 302 nodes
creating statistics provider
extracting region graph...
Region graph number of edges: 1444
merging until threshold 0
computing initial scores
merging until 0
min edge score 0.00195312
threshold exceeded
merged 0 edges
merging until threshold 1
merging until 1
min edge score 0.00195312
merged 300 edges
extracting segmentation
Num nodes in merge tree: 603
max_level: 46
Finished allocating db
Re-using already compiled waterz version
Preparing segmentation volume...
counting regions and sizes...
creating region graph for 833 nodes
creating statistics provider
extracting region graph...
Region graph number of edges: 4276
merging until threshold 0
computing initial scores
merging until 0
min edge score 0.00195312
threshold exceeded
merged 0 edges
merging until threshold 1
merging until 1
min edge score 0.00195312
merged 831 edges
extracting segmentation
Num nodes in merge tree: 1665
max_level: 55
Finished allocating db
Re-using already compiled waterz version
Preparing segmentation volume...
counting regions and sizes...
creating region graph for 1591 nodes
creating statistics provider
extracting region graph...
Region graph number of edges: 8494
merging until threshold 0
computing initial scores
merging until 0
min edge score 0.00195312
threshold exceeded
merged 0 edges
merging until threshold 1
merging until 1
min edge score 0.00195312
merged 1589 edges
extracting segmentation
Num nodes in merge tree: 3181
max_level: 73
Finished allocating db
Re-using already compiled waterz version
Preparing segmentation volume...
counting regions and sizes...
creating region graph for 1254 nodes
creating statistics provider
extracting region graph...
Region graph number of edges: 6638
merging until threshold 0
computing initial scores
merging until 0
min edge score 0.00195312
threshold exceeded
merged 0 edges
merging until threshold 1
merging until 1
min edge score 0.00195312
merged 1252 edges
extracting segmentation
Num nodes in merge tree: 2507
max_level: 65
Finished allocating db
Re-using already compiled waterz version
Preparing segmentation volume...
counting regions and sizes...
creating region graph for 1242 nodes
creating statistics provider
extracting region graph...
Region graph number of edges: 6701
merging until threshold 0
computing initial scores
merging until 0
min edge score 0.00195312
threshold exceeded
merged 0 edges
merging until threshold 1
merging until 1
min edge score 0.00195312
merged 1240 edges
extracting segmentation
Num nodes in merge tree: 2483
max_level: 114
Finished allocating db
Re-using already compiled waterz version
Preparing segmentation volume...
counting regions and sizes...
creating region graph for 1197 nodes
creating statistics provider
extracting region graph...
Region graph number of edges: 6470
merging until threshold 0
computing initial scores
merging until 0
min edge score 0.00195312
threshold exceeded
merged 0 edges
merging until threshold 1
merging until 1
min edge score 0.00195312
merged 1195 edges
extracting segmentation
Num nodes in merge tree: 2393
max_level: 67
Finished allocating db
Re-using already compiled waterz version
Preparing segmentation volume...
counting regions and sizes...
creating region graph for 1472 nodes
creating statistics provider
extracting region graph...
Region graph number of edges: 7935
merging until threshold 0
computing initial scores
merging until 0
min edge score 0.00195312
threshold exceeded
merged 0 edges
merging until threshold 1
merging until 1
min edge score 0.00195312
merged 1470 edges
extracting segmentation
Num nodes in merge tree: 2943
max_level: 121
Finished allocating db
Re-using already compiled waterz version
Preparing segmentation volume...
counting regions and sizes...
creating region graph for 1263 nodes
creating statistics provider
extracting region graph...
Region graph number of edges: 6606
merging until threshold 0
computing initial scores
merging until 0
min edge score 0.00195312
threshold exceeded
merged 0 edges
merging until threshold 1
merging until 1
min edge score 0.00195312
merged 1261 edges
extracting segmentation
Num nodes in merge tree: 2525
max_level: 84
Finished allocating db
Re-using already compiled waterz version
Preparing segmentation volume...
counting regions and sizes...
creating region graph for 261 nodes
creating statistics provider
extracting region graph...
Region graph number of edges: 1137
merging until threshold 0
computing initial scores
merging until 0
min edge score 0.00195312
threshold exceeded
merged 0 edges
merging until threshold 1
merging until 1
min edge score 0.00195312
merged 259 edges
extracting segmentation
Num nodes in merge tree: 521
max_level: 33
Finished allocating db
Re-using already compiled waterz version
Preparing segmentation volume...
counting regions and sizes...
creating region graph for 1142 nodes
creating statistics provider
extracting region graph...
Region graph number of edges: 6268
merging until threshold 0
computing initial scores
merging until 0
min edge score 0.00195312
threshold exceeded
merged 0 edges
merging until threshold 1
merging until 1
min edge score 0.00195312
merged 1140 edges
extracting segmentation
Num nodes in merge tree: 2283
max_level: 96
Finished allocating db
Re-using already compiled waterz version
Preparing segmentation volume...
counting regions and sizes...
creating region graph for 1291 nodes
creating statistics provider
extracting region graph...
Region graph number of edges: 6627
merging until threshold 0
computing initial scores
merging until 0
min edge score 0.00195312
threshold exceeded
merged 0 edges
merging until threshold 1
merging until 1
min edge score 0.00195312
merged 1289 edges
extracting segmentation
Num nodes in merge tree: 2581
max_level: 98
Finished allocating db
Re-using already compiled waterz version
Preparing segmentation volume...
counting regions and sizes...
creating region graph for 1357 nodes
creating statistics provider
extracting region graph...
Region graph number of edges: 7029
merging until threshold 0
computing initial scores
merging until 0
min edge score 0.00195312
threshold exceeded
merged 0 edges
merging until threshold 1
merging until 1
min edge score 0.00195312
merged 1355 edges
extracting segmentation
Num nodes in merge tree: 2713
max_level: 108
Finished allocating db
Re-using already compiled waterz version
Preparing segmentation volume...
counting regions and sizes...
creating region graph for 1433 nodes
creating statistics provider
extracting region graph...
Region graph number of edges: 7597
merging until threshold 0
computing initial scores
merging until 0
min edge score 0.00195312
threshold exceeded
merged 0 edges
merging until threshold 1
merging until 1
min edge score 0.00195312
merged 1431 edges
extracting segmentation
Num nodes in merge tree: 2865
max_level: 114
Finished allocating db
Re-using already compiled waterz version
Preparing segmentation volume...
counting regions and sizes...
creating region graph for 1190 nodes
creating statistics provider
extracting region graph...
Region graph number of edges: 6375
merging until threshold 0
computing initial scores
merging until 0
min edge score 0.00195312
threshold exceeded
merged 0 edges
merging until threshold 1
merging until 1
min edge score 0.00195312
merged 1188 edges
extracting segmentation
Num nodes in merge tree: 2379
max_level: 67
Finished allocating db
Re-using already compiled waterz version
Preparing segmentation volume...
counting regions and sizes...
creating region graph for 1553 nodes
creating statistics provider
extracting region graph...
Region graph number of edges: 8213
merging until threshold 0
computing initial scores
merging until 0
min edge score 0.00195312
threshold exceeded
merged 0 edges
merging until threshold 1
merging until 1
min edge score 0.00195312
merged 1551 edges
extracting segmentation
Num nodes in merge tree: 3105
max_level: 114
Finished allocating db
Re-using already compiled waterz version
Preparing segmentation volume...
counting regions and sizes...
creating region graph for 1509 nodes
creating statistics provider
extracting region graph...
Region graph number of edges: 8273
merging until threshold 0
computing initial scores
merging until 0
min edge score 0.00195312
threshold exceeded
merged 0 edges
merging until threshold 1
merging until 1
min edge score 0.00195312
merged 1507 edges
extracting segmentation
Num nodes in merge tree: 3017
max_level: 152
Finished allocating db
Re-using already compiled waterz version
Preparing segmentation volume...
counting regions and sizes...
creating region graph for 341 nodes
creating statistics provider
extracting region graph...
Region graph number of edges: 1614
merging until threshold 0
computing initial scores
merging until 0
min edge score 0.00195312
threshold exceeded
merged 0 edges
merging until threshold 1
merging until 1
min edge score 0.00195312
merged 339 edges
extracting segmentation
Num nodes in merge tree: 681
max_level: 42
Finished allocating db
Re-using already compiled waterz version
Preparing segmentation volume...
counting regions and sizes...
creating region graph for 855 nodes
creating statistics provider
extracting region graph...
Region graph number of edges: 4218
merging until threshold 0
computing initial scores
merging until 0
min edge score 0.00195312
threshold exceeded
merged 0 edges
merging until threshold 1
merging until 1
min edge score 0.00195312
merged 853 edges
extracting segmentation
Num nodes in merge tree: 1709
max_level: 63
Finished allocating db
Re-using already compiled waterz version
Preparing segmentation volume...
counting regions and sizes...
creating region graph for 1160 nodes
creating statistics provider
extracting region graph...
Region graph number of edges: 5977
merging until threshold 0
computing initial scores
merging until 0
min edge score 0.00195312
threshold exceeded
merged 0 edges
merging until threshold 1
merging until 1
min edge score 0.00195312
merged 1158 edges
extracting segmentation
Num nodes in merge tree: 2319
max_level: 73
Finished allocating db
Re-using already compiled waterz version
Preparing segmentation volume...
counting regions and sizes...
creating region graph for 1292 nodes
creating statistics provider
extracting region graph...
Region graph number of edges: 6537
merging until threshold 0
computing initial scores
merging until 0
min edge score 0.00195312
threshold exceeded
merged 0 edges
merging until threshold 1
merging until 1
min edge score 0.00195312
merged 1290 edges
extracting segmentation
Num nodes in merge tree: 2583
max_level: 75
Finished allocating db
Re-using already compiled waterz version
Preparing segmentation volume...
counting regions and sizes...
creating region graph for 1582 nodes
creating statistics provider
extracting region graph...
Region graph number of edges: 8291
merging until threshold 0
computing initial scores
merging until 0
min edge score 0.00195312
threshold exceeded
merged 0 edges
merging until threshold 1
merging until 1
min edge score 0.00195312
merged 1580 edges
extracting segmentation
Num nodes in merge tree: 3163
max_level: 93
Finished allocating db
Re-using already compiled waterz version
Preparing segmentation volume...
counting regions and sizes...
creating region graph for 1317 nodes
creating statistics provider
extracting region graph...
Region graph number of edges: 6720
merging until threshold 0
computing initial scores
merging until 0
min edge score 0.00195312
threshold exceeded
merged 0 edges
merging until threshold 1
merging until 1
min edge score 0.00195312
merged 1315 edges
extracting segmentation
Num nodes in merge tree: 2633
max_level: 67
Finished allocating db
Re-using already compiled waterz version
Preparing segmentation volume...
counting regions and sizes...
creating region graph for 1467 nodes
creating statistics provider
extracting region graph...
Region graph number of edges: 7906
merging until threshold 0
computing initial scores
merging until 0
min edge score 0.00195312
threshold exceeded
merged 0 edges
merging until threshold 1
merging until 1
min edge score 0.00195312
merged 1465 edges
extracting segmentation
Num nodes in merge tree: 2933
max_level: 93
Finished allocating db
Re-using already compiled waterz version
Preparing segmentation volume...
counting regions and sizes...
creating region graph for 1321 nodes
creating statistics provider
extracting region graph...
Region graph number of edges: 6742
merging until threshold 0
computing initial scores
merging until 0
min edge score 0.00195312
threshold exceeded
merged 0 edges
merging until threshold 1
merging until 1
min edge score 0.00195312
merged 1319 edges
extracting segmentation
Num nodes in merge tree: 2641
max_level: 130
Finished allocating db
Re-using already compiled waterz version
Preparing segmentation volume...
counting regions and sizes...
creating region graph for 412 nodes
creating statistics provider
extracting region graph...
Region graph number of edges: 1992
merging until threshold 0
computing initial scores
merging until 0
min edge score 0.00195312
threshold exceeded
merged 0 edges
merging until threshold 1
merging until 1
min edge score 0.00195312
merged 410 edges
extracting segmentation
Num nodes in merge tree: 823
max_level: 80
Finished allocating db
Re-using already compiled waterz version
Preparing segmentation volume...
counting regions and sizes...
creating region graph for 672 nodes
creating statistics provider
extracting region graph...
Region graph number of edges: 3363
merging until threshold 0
computing initial scores
merging until 0
min edge score 0.00195312
threshold exceeded
merged 0 edges
merging until threshold 1
merging until 1
min edge score 0.00195312
merged 670 edges
extracting segmentation
Num nodes in merge tree: 1343
max_level: 80
Finished allocating db
Re-using already compiled waterz version
Preparing segmentation volume...
counting regions and sizes...
creating region graph for 1461 nodes
creating statistics provider
extracting region graph...
Region graph number of edges: 7715
merging until threshold 0
computing initial scores
merging until 0
min edge score 0.00195312
threshold exceeded
merged 0 edges
merging until threshold 1
merging until 1
min edge score 0.00195312
merged 1459 edges
extracting segmentation
Num nodes in merge tree: 2921
max_level: 85
Finished allocating db
Re-using already compiled waterz version
Preparing segmentation volume...
counting regions and sizes...
creating region graph for 1251 nodes
creating statistics provider
extracting region graph...
Region graph number of edges: 6354
merging until threshold 0
computing initial scores
merging until 0
min edge score 0.00195312
threshold exceeded
merged 0 edges
merging until threshold 1
merging until 1
min edge score 0.00195312
merged 1249 edges
extracting segmentation
Num nodes in merge tree: 2501
max_level: 71
Finished allocating db
Re-using already compiled waterz version
Preparing segmentation volume...
counting regions and sizes...
creating region graph for 1264 nodes
creating statistics provider
extracting region graph...
Region graph number of edges: 6466
merging until threshold 0
computing initial scores
merging until 0
min edge score 0.00195312
threshold exceeded
merged 0 edges
merging until threshold 1
merging until 1
min edge score 0.00195312
merged 1262 edges
extracting segmentation
Num nodes in merge tree: 2527
max_level: 102
Finished allocating db
Re-using already compiled waterz version
Preparing segmentation volume...
counting regions and sizes...
creating region graph for 1163 nodes
creating statistics provider
extracting region graph...
Region graph number of edges: 5957
merging until threshold 0
computing initial scores
merging until 0
min edge score 0.00195312
threshold exceeded
merged 0 edges
merging until threshold 1
merging until 1
min edge score 0.00195312
merged 1161 edges
extracting segmentation
Num nodes in merge tree: 2325
max_level: 84
Finished allocating db
Re-using already compiled waterz version
Preparing segmentation volume...
counting regions and sizes...
creating region graph for 1321 nodes
creating statistics provider
extracting region graph...
Region graph number of edges: 6954
merging until threshold 0
computing initial scores
merging until 0
min edge score 0.00195312
threshold exceeded
merged 0 edges
merging until threshold 1
merging until 1
min edge score 0.00195312
merged 1319 edges
extracting segmentation
Num nodes in merge tree: 2641
max_level: 134
Finished allocating db
Re-using already compiled waterz version
Preparing segmentation volume...
counting regions and sizes...
creating region graph for 1140 nodes
creating statistics provider
extracting region graph...
Region graph number of edges: 6029
merging until threshold 0
computing initial scores
merging until 0
min edge score 0.00195312
threshold exceeded
merged 0 edges
merging until threshold 1
merging until 1
min edge score 0.00195312
merged 1138 edges
extracting segmentation
Num nodes in merge tree: 2279
max_level: 79
Finished allocating db
Re-using already compiled waterz version
Preparing segmentation volume...
counting regions and sizes...
creating region graph for 324 nodes
creating statistics provider
extracting region graph...
Region graph number of edges: 1510
merging until threshold 0
computing initial scores
merging until 0
min edge score 0.00195312
threshold exceeded
merged 0 edges
merging until threshold 1
merging until 1
min edge score 0.00195312
merged 322 edges
extracting segmentation
Num nodes in merge tree: 647
max_level: 55
Finished allocating db
Re-using already compiled waterz version
Preparing segmentation volume...
counting regions and sizes...
creating region graph for 850 nodes
creating statistics provider
extracting region graph...
Region graph number of edges: 4241
merging until threshold 0
computing initial scores
merging until 0
min edge score 0.00195312
threshold exceeded
merged 0 edges
merging until threshold 1
merging until 1
min edge score 0.00195312
merged 848 edges
extracting segmentation
Num nodes in merge tree: 1699
max_level: 82
Finished allocating db
Re-using already compiled waterz version
Preparing segmentation volume...
counting regions and sizes...
creating region graph for 1121 nodes
creating statistics provider
extracting region graph...
Region graph number of edges: 5566
merging until threshold 0
computing initial scores
merging until 0
min edge score 0.00195312
threshold exceeded
merged 0 edges
merging until threshold 1
merging until 1
min edge score 0.00195312
merged 1119 edges
extracting segmentation
Num nodes in merge tree: 2241
max_level: 95
Finished allocating db
Re-using already compiled waterz version
Preparing segmentation volume...
counting regions and sizes...
creating region graph for 1045 nodes
creating statistics provider
extracting region graph...
Region graph number of edges: 5278
merging until threshold 0
computing initial scores
merging until 0
min edge score 0.00195312
threshold exceeded
merged 0 edges
merging until threshold 1
merging until 1
min edge score 0.00195312
merged 1043 edges
extracting segmentation
Num nodes in merge tree: 2089
max_level: 116
Finished allocating db
Re-using already compiled waterz version
Preparing segmentation volume...
counting regions and sizes...
creating region graph for 1258 nodes
creating statistics provider
extracting region graph...
Region graph number of edges: 6446
merging until threshold 0
computing initial scores
merging until 0
min edge score 0.00195312
threshold exceeded
merged 0 edges
merging until threshold 1
merging until 1
min edge score 0.00195312
merged 1256 edges
extracting segmentation
Num nodes in merge tree: 2515
max_level: 83
Finished allocating db
Re-using already compiled waterz version
Preparing segmentation volume...
counting regions and sizes...
creating region graph for 1173 nodes
creating statistics provider
extracting region graph...
Region graph number of edges: 6049
merging until threshold 0
computing initial scores
merging until 0
min edge score 0.00195312
threshold exceeded
merged 0 edges
merging until threshold 1
merging until 1
min edge score 0.00195312
merged 1171 edges
extracting segmentation
Num nodes in merge tree: 2345
max_level: 82
Finished allocating db
Re-using already compiled waterz version
Preparing segmentation volume...
counting regions and sizes...
creating region graph for 1411 nodes
creating statistics provider
extracting region graph...
Region graph number of edges: 7457
merging until threshold 0
computing initial scores
merging until 0
min edge score 0.00195312
threshold exceeded
merged 0 edges
merging until threshold 1
merging until 1
min edge score 0.00195312
merged 1409 edges
extracting segmentation
Num nodes in merge tree: 2821
max_level: 105
Finished allocating db
Re-using already compiled waterz version
Preparing segmentation volume...
counting regions and sizes...
creating region graph for 1448 nodes
creating statistics provider
extracting region graph...
Region graph number of edges: 7369
merging until threshold 0
computing initial scores
merging until 0
min edge score 0.00195312
threshold exceeded
merged 0 edges
merging until threshold 1
merging until 1
min edge score 0.00195312
merged 1446 edges
extracting segmentation
Num nodes in merge tree: 2895
max_level: 111
Finished allocating db
Re-using already compiled waterz version
Preparing segmentation volume...
counting regions and sizes...
creating region graph for 316 nodes
creating statistics provider
extracting region graph...
Region graph number of edges: 1488
merging until threshold 0
computing initial scores
merging until 0
min edge score 0.00195312
threshold exceeded
merged 0 edges
merging until threshold 1
merging until 1
min edge score 0.00195312
merged 314 edges
extracting segmentation
Num nodes in merge tree: 631
max_level: 39
Finished allocating db
Re-using already compiled waterz version
Preparing segmentation volume...
counting regions and sizes...
creating region graph for 717 nodes
creating statistics provider
extracting region graph...
Region graph number of edges: 3389
merging until threshold 0
computing initial scores
merging until 0
min edge score 0.00195312
threshold exceeded
merged 0 edges
merging until threshold 1
merging until 1
min edge score 0.00195312
merged 715 edges
extracting segmentation
Num nodes in merge tree: 1433
max_level: 152
Finished allocating db
Re-using already compiled waterz version
Preparing segmentation volume...
counting regions and sizes...
creating region graph for 1570 nodes
creating statistics provider
extracting region graph...
Region graph number of edges: 7897
merging until threshold 0
computing initial scores
merging until 0
min edge score 0.00195312
threshold exceeded
merged 0 edges
merging until threshold 1
merging until 1
min edge score 0.00195312
merged 1568 edges
extracting segmentation
Num nodes in merge tree: 3139
max_level: 250
Finished allocating db
Re-using already compiled waterz version
Preparing segmentation volume...
counting regions and sizes...
creating region graph for 1534 nodes
creating statistics provider
extracting region graph...
Region graph number of edges: 7720
merging until threshold 0
computing initial scores
merging until 0
min edge score 0.00195312
threshold exceeded
merged 0 edges
merging until threshold 1
merging until 1
min edge score 0.00195312
merged 1532 edges
extracting segmentation
Num nodes in merge tree: 3067
max_level: 241
Finished allocating db
Re-using already compiled waterz version
Preparing segmentation volume...
counting regions and sizes...
creating region graph for 1621 nodes
creating statistics provider
extracting region graph...
Region graph number of edges: 8090
merging until threshold 0
computing initial scores
merging until 0
min edge score 0.00195312
threshold exceeded
merged 0 edges
merging until threshold 1
merging until 1
min edge score 0.00195312
merged 1619 edges
extracting segmentation
Num nodes in merge tree: 3241
max_level: 272
Finished allocating db
Re-using already compiled waterz version
Preparing segmentation volume...
counting regions and sizes...
creating region graph for 1891 nodes
creating statistics provider
extracting region graph...
Region graph number of edges: 9868
merging until threshold 0
computing initial scores
merging until 0
min edge score 0.00195312
threshold exceeded
merged 0 edges
merging until threshold 1
merging until 1
min edge score 0.00195312
merged 1889 edges
extracting segmentation
Num nodes in merge tree: 3781
max_level: 228
Finished allocating db
Re-using already compiled waterz version
Preparing segmentation volume...
counting regions and sizes...
creating region graph for 1884 nodes
creating statistics provider
extracting region graph...
Region graph number of edges: 10284
merging until threshold 0
computing initial scores
merging until 0
min edge score 0.00195312
threshold exceeded
merged 0 edges
merging until threshold 1
merging until 1
min edge score 0.00195312
merged 1882 edges
extracting segmentation
Num nodes in merge tree: 3767
max_level: 222
Finished allocating db
Re-using already compiled waterz version
Preparing segmentation volume...
counting regions and sizes...
creating region graph for 1993 nodes
creating statistics provider
extracting region graph...
Region graph number of edges: 10542
merging until threshold 0
computing initial scores
merging until 0
min edge score 0.00195312
threshold exceeded
merged 0 edges
merging until threshold 1
merging until 1
min edge score 0.00195312
merged 1991 edges
extracting segmentation
Num nodes in merge tree: 3985
max_level: 321
Finished allocating db
Re-using already compiled waterz version
Preparing segmentation volume...
counting regions and sizes...
creating region graph for 413 nodes
creating statistics provider
extracting region graph...
Region graph number of edges: 1904
merging until threshold 0
computing initial scores
merging until 0
min edge score 0.00195312
threshold exceeded
merged 0 edges
merging until threshold 1
merging until 1
min edge score 0.00195312
merged 411 edges
extracting segmentation
Num nodes in merge tree: 825
max_level: 59
Finished allocating db
Re-using already compiled waterz version
Preparing segmentation volume...
counting regions and sizes...
creating region graph for 79 nodes
creating statistics provider
extracting region graph...
Region graph number of edges: 274
merging until threshold 0
computing initial scores
merging until 0
min edge score 0.00195312
threshold exceeded
merged 0 edges
merging until threshold 1
merging until 1
min edge score 0.00195312
merged 77 edges
extracting segmentation
Num nodes in merge tree: 157
max_level: 38
Finished allocating db
Re-using already compiled waterz version
Preparing segmentation volume...
counting regions and sizes...
creating region graph for 241 nodes
creating statistics provider
extracting region graph...
Region graph number of edges: 1032
merging until threshold 0
computing initial scores
merging until 0
min edge score 0.00195312
threshold exceeded
merged 0 edges
merging until threshold 1
merging until 1
min edge score 0.00195312
merged 239 edges
extracting segmentation
Num nodes in merge tree: 481
max_level: 93
Finished allocating db
Re-using already compiled waterz version
Preparing segmentation volume...
counting regions and sizes...
creating region graph for 349 nodes
creating statistics provider
extracting region graph...
Region graph number of edges: 1605
merging until threshold 0
computing initial scores
merging until 0
min edge score 0.00195312
threshold exceeded
merged 0 edges
merging until threshold 1
merging until 1
min edge score 0.00195312
merged 347 edges
extracting segmentation
Num nodes in merge tree: 697
max_level: 79
Finished allocating db
Re-using already compiled waterz version
Preparing segmentation volume...
counting regions and sizes...
creating region graph for 234 nodes
creating statistics provider
extracting region graph...
Region graph number of edges: 985
merging until threshold 0
computing initial scores
merging until 0
min edge score 0.00195312
threshold exceeded
merged 0 edges
merging until threshold 1
merging until 1
min edge score 0.00195312
merged 232 edges
extracting segmentation
Num nodes in merge tree: 467
max_level: 44
Finished allocating db
Re-using already compiled waterz version
Preparing segmentation volume...
counting regions and sizes...
creating region graph for 428 nodes
creating statistics provider
extracting region graph...
Region graph number of edges: 1879
merging until threshold 0
computing initial scores
merging until 0
min edge score 0.00195312
threshold exceeded
merged 0 edges
merging until threshold 1
merging until 1
min edge score 0.00195312
merged 426 edges
extracting segmentation
Num nodes in merge tree: 855
max_level: 99
Finished allocating db
Re-using already compiled waterz version
Preparing segmentation volume...
counting regions and sizes...
creating region graph for 381 nodes
creating statistics provider
extracting region graph...
Region graph number of edges: 1707
merging until threshold 0
computing initial scores
merging until 0
min edge score 0.00195312
threshold exceeded
merged 0 edges
merging until threshold 1
merging until 1
min edge score 0.00195312
merged 379 edges
extracting segmentation
Num nodes in merge tree: 761
max_level: 127
Finished allocating db
Re-using already compiled waterz version
Preparing segmentation volume...
counting regions and sizes...
creating region graph for 223 nodes
creating statistics provider
extracting region graph...
Region graph number of edges: 996
merging until threshold 0
computing initial scores
merging until 0
min edge score 0.00195312
threshold exceeded
merged 0 edges
merging until threshold 1
merging until 1
min edge score 0.00195312
merged 221 edges
extracting segmentation
Num nodes in merge tree: 445
max_level: 43
Finished allocating db
Re-using already compiled waterz version
Preparing segmentation volume...
counting regions and sizes...
creating region graph for 48 nodes
creating statistics provider
extracting region graph...
Region graph number of edges: 144
merging until threshold 0
computing initial scores
merging until 0
min edge score 0.00195312
threshold exceeded
merged 0 edges
merging until threshold 1
merging until 1
min edge score 0.00195312
merged 46 edges
extracting segmentation
Num nodes in merge tree: 95
max_level: 18
Finished allocating db
Re-using already compiled waterz version
Preparing segmentation volume...
counting regions and sizes...
creating region graph for 681 nodes
creating statistics provider
extracting region graph...
Region graph number of edges: 3678
merging until threshold 0
computing initial scores
merging until 0
min edge score 0.00195312
threshold exceeded
merged 0 edges
merging until threshold 1
merging until 1
min edge score 0.00195312
merged 679 edges
extracting segmentation
Num nodes in merge tree: 1361
max_level: 86
Finished allocating db
Re-using already compiled waterz version
Preparing segmentation volume...
counting regions and sizes...
creating region graph for 938 nodes
creating statistics provider
extracting region graph...
Region graph number of edges: 5060
merging until threshold 0
computing initial scores
merging until 0
min edge score 0.00195312
threshold exceeded
merged 0 edges
merging until threshold 1
merging until 1
min edge score 0.00195312
merged 936 edges
extracting segmentation
Num nodes in merge tree: 1875
max_level: 81
Finished allocating db
Re-using already compiled waterz version
Preparing segmentation volume...
counting regions and sizes...
creating region graph for 1060 nodes
creating statistics provider
extracting region graph...
Region graph number of edges: 5641
merging until threshold 0
computing initial scores
merging until 0
min edge score 0.00195312
threshold exceeded
merged 0 edges
merging until threshold 1
merging until 1
min edge score 0.00195312
merged 1058 edges
extracting segmentation
Num nodes in merge tree: 2119
max_level: 76
Finished allocating db
Re-using already compiled waterz version
Preparing segmentation volume...
counting regions and sizes...
creating region graph for 725 nodes
creating statistics provider
extracting region graph...
Region graph number of edges: 3706
merging until threshold 0
computing initial scores
merging until 0
min edge score 0.00195312
threshold exceeded
merged 0 edges
merging until threshold 1
merging until 1
min edge score 0.00195312
merged 723 edges
extracting segmentation
Num nodes in merge tree: 1449
max_level: 51
Finished allocating db
Re-using already compiled waterz version
Preparing segmentation volume...
counting regions and sizes...
creating region graph for 1147 nodes
creating statistics provider
extracting region graph...
Region graph number of edges: 6252
merging until threshold 0
computing initial scores
merging until 0
min edge score 0.00195312
threshold exceeded
merged 0 edges
merging until threshold 1
merging until 1
min edge score 0.00195312
merged 1145 edges
extracting segmentation
Num nodes in merge tree: 2293
max_level: 83
Finished allocating db
Re-using already compiled waterz version
Preparing segmentation volume...
counting regions and sizes...
creating region graph for 1294 nodes
creating statistics provider
extracting region graph...
Region graph number of edges: 6887
merging until threshold 0
computing initial scores
merging until 0
min edge score 0.00195312
threshold exceeded
merged 0 edges
merging until threshold 1
merging until 1
min edge score 0.00195312
merged 1292 edges
extracting segmentation
Num nodes in merge tree: 2587
max_level: 93
Finished allocating db
Re-using already compiled waterz version
Preparing segmentation volume...
counting regions and sizes...
creating region graph for 1044 nodes
creating statistics provider
extracting region graph...
Region graph number of edges: 5539
merging until threshold 0
computing initial scores
merging until 0
min edge score 0.00195312
threshold exceeded
merged 0 edges
merging until threshold 1
merging until 1
min edge score 0.00195312
merged 1042 edges
extracting segmentation
Num nodes in merge tree: 2087
max_level: 65
Finished allocating db
Re-using already compiled waterz version
Preparing segmentation volume...
counting regions and sizes...
creating region graph for 310 nodes
creating statistics provider
extracting region graph...
Region graph number of edges: 1461
merging until threshold 0
computing initial scores
merging until 0
min edge score 0.00195312
threshold exceeded
merged 0 edges
merging until threshold 1
merging until 1
min edge score 0.00195312
merged 308 edges
extracting segmentation
Num nodes in merge tree: 619
max_level: 35
Finished allocating db
Re-using already compiled waterz version
Preparing segmentation volume...
counting regions and sizes...
creating region graph for 797 nodes
creating statistics provider
extracting region graph...
Region graph number of edges: 4079
merging until threshold 0
computing initial scores
merging until 0
min edge score 0.00195312
threshold exceeded
merged 0 edges
merging until threshold 1
merging until 1
min edge score 0.00195312
merged 795 edges
extracting segmentation
Num nodes in merge tree: 1593
max_level: 68
Finished allocating db
Re-using already compiled waterz version
Preparing segmentation volume...
counting regions and sizes...
creating region graph for 1271 nodes
creating statistics provider
extracting region graph...
Region graph number of edges: 6811
merging until threshold 0
computing initial scores
merging until 0
min edge score 0.00195312
threshold exceeded
merged 0 edges
merging until threshold 1
merging until 1
min edge score 0.00195312
merged 1269 edges
extracting segmentation
Num nodes in merge tree: 2541
max_level: 67
Finished allocating db
Re-using already compiled waterz version
Preparing segmentation volume...
counting regions and sizes...
creating region graph for 1011 nodes
creating statistics provider
extracting region graph...
Region graph number of edges: 5141
merging until threshold 0
computing initial scores
merging until 0
min edge score 0.00195312
threshold exceeded
merged 0 edges
merging until threshold 1
merging until 1
min edge score 0.00195312
merged 1009 edges
extracting segmentation
Num nodes in merge tree: 2021
max_level: 63
Finished allocating db
Re-using already compiled waterz version
Preparing segmentation volume...
counting regions and sizes...
creating region graph for 920 nodes
creating statistics provider
extracting region graph...
Region graph number of edges: 4679
merging until threshold 0
computing initial scores
merging until 0
min edge score 0.00195312
threshold exceeded
merged 0 edges
merging until threshold 1
merging until 1
min edge score 0.00195312
merged 918 edges
extracting segmentation
Num nodes in merge tree: 1839
max_level: 65
Finished allocating db
Re-using already compiled waterz version
Preparing segmentation volume...
counting regions and sizes...
creating region graph for 1151 nodes
creating statistics provider
extracting region graph...
Region graph number of edges: 5915
merging until threshold 0
computing initial scores
merging until 0
min edge score 0.00195312
threshold exceeded
merged 0 edges
merging until threshold 1
merging until 1
min edge score 0.00195312
merged 1149 edges
extracting segmentation
Num nodes in merge tree: 2301
max_level: 69
Finished allocating db
Re-using already compiled waterz version
Preparing segmentation volume...
counting regions and sizes...
creating region graph for 1399 nodes
creating statistics provider
extracting region graph...
Region graph number of edges: 7563
merging until threshold 0
computing initial scores
merging until 0
min edge score 0.00195312
threshold exceeded
merged 0 edges
merging until threshold 1
merging until 1
min edge score 0.00195312
merged 1397 edges
extracting segmentation
Num nodes in merge tree: 2797
max_level: 108
Finished allocating db
Re-using already compiled waterz version
Preparing segmentation volume...
counting regions and sizes...
creating region graph for 1331 nodes
creating statistics provider
extracting region graph...
Region graph number of edges: 7089
merging until threshold 0
computing initial scores
merging until 0
min edge score 0.00195312
threshold exceeded
merged 0 edges
merging until threshold 1
merging until 1
min edge score 0.00195312
merged 1329 edges
extracting segmentation
Num nodes in merge tree: 2661
max_level: 95
Finished allocating db
Re-using already compiled waterz version
Preparing segmentation volume...
counting regions and sizes...
creating region graph for 480 nodes
creating statistics provider
extracting region graph...
Region graph number of edges: 2298
merging until threshold 0
computing initial scores
merging until 0
min edge score 0.00195312
threshold exceeded
merged 0 edges
merging until threshold 1
merging until 1
min edge score 0.00195312
merged 478 edges
extracting segmentation
Num nodes in merge tree: 959
max_level: 76
Finished allocating db
Re-using already compiled waterz version
Preparing segmentation volume...
counting regions and sizes...
creating region graph for 842 nodes
creating statistics provider
extracting region graph...
Region graph number of edges: 4467
merging until threshold 0
computing initial scores
merging until 0
min edge score 0.00195312
threshold exceeded
merged 0 edges
merging until threshold 1
merging until 1
min edge score 0.00195312
merged 840 edges
extracting segmentation
Num nodes in merge tree: 1683
max_level: 81
Finished allocating db
Re-using already compiled waterz version
Preparing segmentation volume...
counting regions and sizes...
creating region graph for 970 nodes
creating statistics provider
extracting region graph...
Region graph number of edges: 5020
merging until threshold 0
computing initial scores
merging until 0
min edge score 0.00195312
threshold exceeded
merged 0 edges
merging until threshold 1
merging until 1
min edge score 0.00195312
merged 968 edges
extracting segmentation
Num nodes in merge tree: 1939
max_level: 54
Finished allocating db
Re-using already compiled waterz version
Preparing segmentation volume...
counting regions and sizes...
creating region graph for 967 nodes
creating statistics provider
extracting region graph...
Region graph number of edges: 4958
merging until threshold 0
computing initial scores
merging until 0
min edge score 0.00195312
threshold exceeded
merged 0 edges
merging until threshold 1
merging until 1
min edge score 0.00195312
merged 965 edges
extracting segmentation
Num nodes in merge tree: 1933
max_level: 53
Finished allocating db
Re-using already compiled waterz version
Preparing segmentation volume...
counting regions and sizes...
creating region graph for 1005 nodes
creating statistics provider
extracting region graph...
Region graph number of edges: 4957
merging until threshold 0
computing initial scores
merging until 0
min edge score 0.00195312
threshold exceeded
merged 0 edges
merging until threshold 1
merging until 1
min edge score 0.00195312
merged 1003 edges
extracting segmentation
Num nodes in merge tree: 2009
max_level: 84
Finished allocating db
Re-using already compiled waterz version
Preparing segmentation volume...
counting regions and sizes...
creating region graph for 1159 nodes
creating statistics provider
extracting region graph...
Region graph number of edges: 5869
merging until threshold 0
computing initial scores
merging until 0
min edge score 0.00195312
threshold exceeded
merged 0 edges
merging until threshold 1
merging until 1
min edge score 0.00195312
merged 1157 edges
extracting segmentation
Num nodes in merge tree: 2317
max_level: 71
Finished allocating db
Re-using already compiled waterz version
Preparing segmentation volume...
counting regions and sizes...
creating region graph for 1483 nodes
creating statistics provider
extracting region graph...
Region graph number of edges: 7668
merging until threshold 0
computing initial scores
merging until 0
min edge score 0.00195312
threshold exceeded
merged 0 edges
merging until threshold 1
merging until 1
min edge score 0.00195312
merged 1481 edges
extracting segmentation
Num nodes in merge tree: 2965
max_level: 98
Finished allocating db
Re-using already compiled waterz version
Preparing segmentation volume...
counting regions and sizes...
creating region graph for 1098 nodes
creating statistics provider
extracting region graph...
Region graph number of edges: 5623
merging until threshold 0
computing initial scores
merging until 0
min edge score 0.00195312
threshold exceeded
merged 0 edges
merging until threshold 1
merging until 1
min edge score 0.00195312
merged 1096 edges
extracting segmentation
Num nodes in merge tree: 2195
max_level: 71
Finished allocating db
Re-using already compiled waterz version
Preparing segmentation volume...
counting regions and sizes...
creating region graph for 347 nodes
creating statistics provider
extracting region graph...
Region graph number of edges: 1627
merging until threshold 0
computing initial scores
merging until 0
min edge score 0.00195312
threshold exceeded
merged 0 edges
merging until threshold 1
merging until 1
min edge score 0.00195312
merged 345 edges
extracting segmentation
Num nodes in merge tree: 693
max_level: 58
Finished allocating db
Re-using already compiled waterz version
Preparing segmentation volume...
counting regions and sizes...
creating region graph for 658 nodes
creating statistics provider
extracting region graph...
Region graph number of edges: 3435
merging until threshold 0
computing initial scores
merging until 0
min edge score 0.00195312
threshold exceeded
merged 0 edges
merging until threshold 1
merging until 1
min edge score 0.00195312
merged 656 edges
extracting segmentation
Num nodes in merge tree: 1315
max_level: 43
Finished allocating db
Re-using already compiled waterz version
Preparing segmentation volume...
counting regions and sizes...
creating region graph for 833 nodes
creating statistics provider
extracting region graph...
Region graph number of edges: 4034
merging until threshold 0
computing initial scores
merging until 0
min edge score 0.00195312
threshold exceeded
merged 0 edges
merging until threshold 1
merging until 1
min edge score 0.00195312
merged 831 edges
extracting segmentation
Num nodes in merge tree: 1665
max_level: 39
Finished allocating db
Re-using already compiled waterz version
Preparing segmentation volume...
counting regions and sizes...
creating region graph for 1467 nodes
creating statistics provider
extracting region graph...
Region graph number of edges: 7963
merging until threshold 0
computing initial scores
merging until 0
min edge score 0.00195312
threshold exceeded
merged 0 edges
merging until threshold 1
merging until 1
min edge score 0.00195312
merged 1465 edges
extracting segmentation
Num nodes in merge tree: 2933
max_level: 65
Finished allocating db
Re-using already compiled waterz version
Preparing segmentation volume...
counting regions and sizes...
creating region graph for 1588 nodes
creating statistics provider
extracting region graph...
Region graph number of edges: 8452
merging until threshold 0
computing initial scores
merging until 0
min edge score 0.00195312
threshold exceeded
merged 0 edges
merging until threshold 1
merging until 1
min edge score 0.00195312
merged 1586 edges
extracting segmentation
Num nodes in merge tree: 3175
max_level: 74
Finished allocating db
Re-using already compiled waterz version
Preparing segmentation volume...
counting regions and sizes...
creating region graph for 1073 nodes
creating statistics provider
extracting region graph...
Region graph number of edges: 5304
merging until threshold 0
computing initial scores
merging until 0
min edge score 0.00195312
threshold exceeded
merged 0 edges
merging until threshold 1
merging until 1
min edge score 0.00195312
merged 1071 edges
extracting segmentation
Num nodes in merge tree: 2145
max_level: 68
Finished allocating db
Re-using already compiled waterz version
Preparing segmentation volume...
counting regions and sizes...
creating region graph for 874 nodes
creating statistics provider
extracting region graph...
Region graph number of edges: 4284
merging until threshold 0
computing initial scores
merging until 0
min edge score 0.00195312
threshold exceeded
merged 0 edges
merging until threshold 1
merging until 1
min edge score 0.00195312
merged 872 edges
extracting segmentation
Num nodes in merge tree: 1747
max_level: 56
Finished allocating db
Re-using already compiled waterz version
Preparing segmentation volume...
counting regions and sizes...
creating region graph for 862 nodes
creating statistics provider
extracting region graph...
Region graph number of edges: 4425
merging until threshold 0
computing initial scores
merging until 0
min edge score 0.00195312
threshold exceeded
merged 0 edges
merging until threshold 1
merging until 1
min edge score 0.00195312
merged 860 edges
extracting segmentation
Num nodes in merge tree: 1723
max_level: 58
Finished allocating db
Re-using already compiled waterz version
Preparing segmentation volume...
counting regions and sizes...
creating region graph for 226 nodes
creating statistics provider
extracting region graph...
Region graph number of edges: 1022
merging until threshold 0
computing initial scores
merging until 0
min edge score 0.00195312
threshold exceeded
merged 0 edges
merging until threshold 1
merging until 1
min edge score 0.00195312
merged 224 edges
extracting segmentation
Num nodes in merge tree: 451
max_level: 48
Finished allocating db
Re-using already compiled waterz version
Preparing segmentation volume...
counting regions and sizes...
creating region graph for 866 nodes
creating statistics provider
extracting region graph...
Region graph number of edges: 4646
merging until threshold 0
computing initial scores
merging until 0
min edge score 0.00195312
threshold exceeded
merged 0 edges
merging until threshold 1
merging until 1
min edge score 0.00195312
merged 864 edges
extracting segmentation
Num nodes in merge tree: 1731
max_level: 69
Finished allocating db
Re-using already compiled waterz version
Preparing segmentation volume...
counting regions and sizes...
creating region graph for 1250 nodes
creating statistics provider
extracting region graph...
Region graph number of edges: 6299
merging until threshold 0
computing initial scores
merging until 0
min edge score 0.00195312
threshold exceeded
merged 0 edges
merging until threshold 1
merging until 1
min edge score 0.00195312
merged 1248 edges
extracting segmentation
Num nodes in merge tree: 2499
max_level: 88
Finished allocating db
Re-using already compiled waterz version
Preparing segmentation volume...
counting regions and sizes...
creating region graph for 1352 nodes
creating statistics provider
extracting region graph...
Region graph number of edges: 7018
merging until threshold 0
computing initial scores
merging until 0
min edge score 0.00195312
threshold exceeded
merged 0 edges
merging until threshold 1
merging until 1
min edge score 0.00195312
merged 1350 edges
extracting segmentation
Num nodes in merge tree: 2703
max_level: 62
Finished allocating db
Re-using already compiled waterz version
Preparing segmentation volume...
counting regions and sizes...
creating region graph for 1286 nodes
creating statistics provider
extracting region graph...
Region graph number of edges: 6615
merging until threshold 0
computing initial scores
merging until 0
min edge score 0.00195312
threshold exceeded
merged 0 edges
merging until threshold 1
merging until 1
min edge score 0.00195312
merged 1284 edges
extracting segmentation
Num nodes in merge tree: 2571
max_level: 115
Finished allocating db
Re-using already compiled waterz version
Preparing segmentation volume...
counting regions and sizes...
creating region graph for 1244 nodes
creating statistics provider
extracting region graph...
Region graph number of edges: 6541
merging until threshold 0
computing initial scores
merging until 0
min edge score 0.00195312
threshold exceeded
merged 0 edges
merging until threshold 1
merging until 1
min edge score 0.00195312
merged 1242 edges
extracting segmentation
Num nodes in merge tree: 2487
max_level: 102
Finished allocating db
Re-using already compiled waterz version
Preparing segmentation volume...
counting regions and sizes...
creating region graph for 1031 nodes
creating statistics provider
extracting region graph...
Region graph number of edges: 5305
merging until threshold 0
computing initial scores
merging until 0
min edge score 0.00195312
threshold exceeded
merged 0 edges
merging until threshold 1
merging until 1
min edge score 0.00195312
merged 1029 edges
extracting segmentation
Num nodes in merge tree: 2061
max_level: 66
Finished allocating db
Re-using already compiled waterz version
Preparing segmentation volume...
counting regions and sizes...
creating region graph for 940 nodes
creating statistics provider
extracting region graph...
Region graph number of edges: 4815
merging until threshold 0
computing initial scores
merging until 0
min edge score 0.00195312
threshold exceeded
merged 0 edges
merging until threshold 1
merging until 1
min edge score 0.00195312
merged 938 edges
extracting segmentation
Num nodes in merge tree: 1879
max_level: 68
Finished allocating db
Re-using already compiled waterz version
Preparing segmentation volume...
counting regions and sizes...
creating region graph for 283 nodes
creating statistics provider
extracting region graph...
Region graph number of edges: 1341
merging until threshold 0
computing initial scores
merging until 0
min edge score 0.00195312
threshold exceeded
merged 0 edges
merging until threshold 1
merging until 1
min edge score 0.00195312
merged 281 edges
extracting segmentation
Num nodes in merge tree: 565
max_level: 34
Finished allocating db
Re-using already compiled waterz version
Preparing segmentation volume...
counting regions and sizes...
creating region graph for 716 nodes
creating statistics provider
extracting region graph...
Region graph number of edges: 3668
merging until threshold 0
computing initial scores
merging until 0
min edge score 0.00195312
threshold exceeded
merged 0 edges
merging until threshold 1
merging until 1
min edge score 0.00195312
merged 714 edges
extracting segmentation
Num nodes in merge tree: 1431
max_level: 81
Finished allocating db
Re-using already compiled waterz version
Preparing segmentation volume...
counting regions and sizes...
creating region graph for 1209 nodes
creating statistics provider
extracting region graph...
Region graph number of edges: 6164
merging until threshold 0
computing initial scores
merging until 0
min edge score 0.00195312
threshold exceeded
merged 0 edges
merging until threshold 1
merging until 1
min edge score 0.00195312
merged 1207 edges
extracting segmentation
Num nodes in merge tree: 2417
max_level: 106
Finished allocating db
Re-using already compiled waterz version
Preparing segmentation volume...
counting regions and sizes...
creating region graph for 1148 nodes
creating statistics provider
extracting region graph...
Region graph number of edges: 5698
merging until threshold 0
computing initial scores
merging until 0
min edge score 0.00195312
threshold exceeded
merged 0 edges
merging until threshold 1
merging until 1
min edge score 0.00195312
merged 1146 edges
extracting segmentation
Num nodes in merge tree: 2295
max_level: 68
Finished allocating db
Re-using already compiled waterz version
Preparing segmentation volume...
counting regions and sizes...
creating region graph for 1342 nodes
creating statistics provider
extracting region graph...
Region graph number of edges: 6747
merging until threshold 0
computing initial scores
merging until 0
min edge score 0.00195312
threshold exceeded
merged 0 edges
merging until threshold 1
merging until 1
min edge score 0.00195312
merged 1340 edges
extracting segmentation
Num nodes in merge tree: 2683
max_level: 95
Finished allocating db
Re-using already compiled waterz version
Preparing segmentation volume...
counting regions and sizes...
creating region graph for 1354 nodes
creating statistics provider
extracting region graph...
Region graph number of edges: 6958
merging until threshold 0
computing initial scores
merging until 0
min edge score 0.00195312
threshold exceeded
merged 0 edges
merging until threshold 1
merging until 1
min edge score 0.00195312
merged 1352 edges
extracting segmentation
Num nodes in merge tree: 2707
max_level: 112
Finished allocating db
Re-using already compiled waterz version
Preparing segmentation volume...
counting regions and sizes...
creating region graph for 1200 nodes
creating statistics provider
extracting region graph...
Region graph number of edges: 6029
merging until threshold 0
computing initial scores
merging until 0
min edge score 0.00195312
threshold exceeded
merged 0 edges
merging until threshold 1
merging until 1
min edge score 0.00195312
merged 1198 edges
extracting segmentation
Num nodes in merge tree: 2399
max_level: 65
Finished allocating db
Re-using already compiled waterz version
Preparing segmentation volume...
counting regions and sizes...
creating region graph for 1099 nodes
creating statistics provider
extracting region graph...
Region graph number of edges: 5687
merging until threshold 0
computing initial scores
merging until 0
min edge score 0.00195312
threshold exceeded
merged 0 edges
merging until threshold 1
merging until 1
min edge score 0.00195312
merged 1097 edges
extracting segmentation
Num nodes in merge tree: 2197
max_level: 98
Finished allocating db
Re-using already compiled waterz version
Preparing segmentation volume...
counting regions and sizes...
creating region graph for 259 nodes
creating statistics provider
extracting region graph...
Region graph number of edges: 1188
merging until threshold 0
computing initial scores
merging until 0
min edge score 0.00195312
threshold exceeded
merged 0 edges
merging until threshold 1
merging until 1
min edge score 0.00195312
merged 257 edges
extracting segmentation
Num nodes in merge tree: 517
max_level: 38
Finished allocating db
Re-using already compiled waterz version
Preparing segmentation volume...
counting regions and sizes...
creating region graph for 961 nodes
creating statistics provider
extracting region graph...
Region graph number of edges: 5147
merging until threshold 0
computing initial scores
merging until 0
min edge score 0.00195312
threshold exceeded
merged 0 edges
merging until threshold 1
merging until 1
min edge score 0.00195312
merged 959 edges
extracting segmentation
Num nodes in merge tree: 1921
max_level: 149
Finished allocating db
Re-using already compiled waterz version
Preparing segmentation volume...
counting regions and sizes...
creating region graph for 1506 nodes
creating statistics provider
extracting region graph...
Region graph number of edges: 8341
merging until threshold 0
computing initial scores
merging until 0
min edge score 0.00195312
threshold exceeded
merged 0 edges
merging until threshold 1
merging until 1
min edge score 0.00195312
merged 1504 edges
extracting segmentation
Num nodes in merge tree: 3011
max_level: 155
Finished allocating db
Re-using already compiled waterz version
Preparing segmentation volume...
counting regions and sizes...
creating region graph for 1441 nodes
creating statistics provider
extracting region graph...
Region graph number of edges: 7719
merging until threshold 0
computing initial scores
merging until 0
min edge score 0.00195312
threshold exceeded
merged 0 edges
merging until threshold 1
merging until 1
min edge score 0.00195312
merged 1439 edges
extracting segmentation
Num nodes in merge tree: 2881
max_level: 125
Finished allocating db
Re-using already compiled waterz version
Preparing segmentation volume...
counting regions and sizes...
creating region graph for 1494 nodes
creating statistics provider
extracting region graph...
Region graph number of edges: 7971
merging until threshold 0
computing initial scores
merging until 0
min edge score 0.00195312
threshold exceeded
merged 0 edges
merging until threshold 1
merging until 1
min edge score 0.00195312
merged 1492 edges
extracting segmentation
Num nodes in merge tree: 2987
max_level: 113
Finished allocating db
Re-using already compiled waterz version
Preparing segmentation volume...
counting regions and sizes...
creating region graph for 1528 nodes
creating statistics provider
extracting region graph...
Region graph number of edges: 8055
merging until threshold 0
computing initial scores
merging until 0
min edge score 0.00195312
threshold exceeded
merged 0 edges
merging until threshold 1
merging until 1
min edge score 0.00195312
merged 1526 edges
extracting segmentation
Num nodes in merge tree: 3055
max_level: 138
Finished allocating db
Re-using already compiled waterz version
Preparing segmentation volume...
counting regions and sizes...
creating region graph for 1682 nodes
creating statistics provider
extracting region graph...
Region graph number of edges: 9249
merging until threshold 0
computing initial scores
merging until 0
min edge score 0.00195312
threshold exceeded
merged 0 edges
merging until threshold 1
merging until 1
min edge score 0.00195312
merged 1680 edges
extracting segmentation
Num nodes in merge tree: 3363
max_level: 203
Finished allocating db
Re-using already compiled waterz version
Preparing segmentation volume...
counting regions and sizes...
creating region graph for 1415 nodes
creating statistics provider
extracting region graph...
Region graph number of edges: 7722
merging until threshold 0
computing initial scores
merging until 0
min edge score 0.00195312
threshold exceeded
merged 0 edges
merging until threshold 1
merging until 1
min edge score 0.00195312
merged 1413 edges
extracting segmentation
Num nodes in merge tree: 2829
max_level: 156
Finished allocating db
Re-using already compiled waterz version
Preparing segmentation volume...
counting regions and sizes...
creating region graph for 374 nodes
creating statistics provider
extracting region graph...
Region graph number of edges: 1739
merging until threshold 0
computing initial scores
merging until 0
min edge score 0.00195312
threshold exceeded
merged 0 edges
merging until threshold 1
merging until 1
min edge score 0.00195312
merged 372 edges
extracting segmentation
Num nodes in merge tree: 747
max_level: 56
Finished allocating db
Re-using already compiled waterz version
Preparing segmentation volume...
counting regions and sizes...
creating region graph for 101 nodes
creating statistics provider
extracting region graph...
Region graph number of edges: 404
merging until threshold 0
computing initial scores
merging until 0
min edge score 0.00195312
threshold exceeded
merged 0 edges
merging until threshold 1
merging until 1
min edge score 0.00195312
merged 99 edges
extracting segmentation
Num nodes in merge tree: 201
max_level: 26
Finished allocating db
Re-using already compiled waterz version
Preparing segmentation volume...
counting regions and sizes...
creating region graph for 258 nodes
creating statistics provider
extracting region graph...
Region graph number of edges: 1177
merging until threshold 0
computing initial scores
merging until 0
min edge score 0.00195312
threshold exceeded
merged 0 edges
merging until threshold 1
merging until 1
min edge score 0.00195312
merged 256 edges
extracting segmentation
Num nodes in merge tree: 515
max_level: 31
Finished allocating db
Re-using already compiled waterz version
Preparing segmentation volume...
counting regions and sizes...
creating region graph for 347 nodes
creating statistics provider
extracting region graph...
Region graph number of edges: 1694
merging until threshold 0
computing initial scores
merging until 0
min edge score 0.00195312
threshold exceeded
merged 0 edges
merging until threshold 1
merging until 1
min edge score 0.00195312
merged 345 edges
extracting segmentation
Num nodes in merge tree: 693
max_level: 62
Finished allocating db
Re-using already compiled waterz version
Preparing segmentation volume...
counting regions and sizes...
creating region graph for 385 nodes
creating statistics provider
extracting region graph...
Region graph number of edges: 1952
merging until threshold 0
computing initial scores
merging until 0
min edge score 0.00195312
threshold exceeded
merged 0 edges
merging until threshold 1
merging until 1
min edge score 0.00195312
merged 383 edges
extracting segmentation
Num nodes in merge tree: 769
max_level: 67
Finished allocating db
Re-using already compiled waterz version
Preparing segmentation volume...
counting regions and sizes...
creating region graph for 369 nodes
creating statistics provider
extracting region graph...
Region graph number of edges: 1746
merging until threshold 0
computing initial scores
merging until 0
min edge score 0.00195312
threshold exceeded
merged 0 edges
merging until threshold 1
merging until 1
min edge score 0.00195312
merged 367 edges
extracting segmentation
Num nodes in merge tree: 737
max_level: 65
Finished allocating db
Re-using already compiled waterz version
Preparing segmentation volume...
counting regions and sizes...
creating region graph for 501 nodes
creating statistics provider
extracting region graph...
Region graph number of edges: 2527
merging until threshold 0
computing initial scores
merging until 0
min edge score 0.00195312
threshold exceeded
merged 0 edges
merging until threshold 1
merging until 1
min edge score 0.00195312
merged 499 edges
extracting segmentation
Num nodes in merge tree: 1001
max_level: 134
Finished allocating db
Re-using already compiled waterz version
Preparing segmentation volume...
counting regions and sizes...
creating region graph for 444 nodes
creating statistics provider
extracting region graph...
Region graph number of edges: 2164
merging until threshold 0
computing initial scores
merging until 0
min edge score 0.00195312
threshold exceeded
merged 0 edges
merging until threshold 1
merging until 1
min edge score 0.00195312
merged 442 edges
extracting segmentation
Num nodes in merge tree: 887
max_level: 90
Finished allocating db
Re-using already compiled waterz version
Preparing segmentation volume...
counting regions and sizes...
creating region graph for 139 nodes
creating statistics provider
extracting region graph...
Region graph number of edges: 547
merging until threshold 0
computing initial scores
merging until 0
min edge score 0.00195312
threshold exceeded
merged 0 edges
merging until threshold 1
merging until 1
min edge score 0.00195312
merged 137 edges
extracting segmentation
Num nodes in merge tree: 277
max_level: 33
Finished allocating db
Re-using already compiled waterz version
Preparing segmentation volume...
counting regions and sizes...
creating region graph for 454 nodes
creating statistics provider
extracting region graph...
Region graph number of edges: 2294
merging until threshold 0
computing initial scores
merging until 0
min edge score 0.00195312
threshold exceeded
merged 0 edges
merging until threshold 1
merging until 1
min edge score 0.00195312
merged 452 edges
extracting segmentation
Num nodes in merge tree: 907
max_level: 46
Finished allocating db
Re-using already compiled waterz version
Preparing segmentation volume...
counting regions and sizes...
creating region graph for 952 nodes
creating statistics provider
extracting region graph...
Region graph number of edges: 5054
merging until threshold 0
computing initial scores
merging until 0
min edge score 0.00195312
threshold exceeded
merged 0 edges
merging until threshold 1
merging until 1
min edge score 0.00195312
merged 950 edges
extracting segmentation
Num nodes in merge tree: 1903
max_level: 50
Finished allocating db
Re-using already compiled waterz version
Preparing segmentation volume...
counting regions and sizes...
creating region graph for 1293 nodes
creating statistics provider
extracting region graph...
Region graph number of edges: 7143
merging until threshold 0
computing initial scores
merging until 0
min edge score 0.00195312
threshold exceeded
merged 0 edges
merging until threshold 1
merging until 1
min edge score 0.00195312
merged 1291 edges
extracting segmentation
Num nodes in merge tree: 2585
max_level: 62
Finished allocating db
Re-using already compiled waterz version
Preparing segmentation volume...
counting regions and sizes...
creating region graph for 1153 nodes
creating statistics provider
extracting region graph...
Region graph number of edges: 6337
merging until threshold 0
computing initial scores
merging until 0
min edge score 0.00195312
threshold exceeded
merged 0 edges
merging until threshold 1
merging until 1
min edge score 0.00195312
merged 1151 edges
extracting segmentation
Num nodes in merge tree: 2305
max_level: 88
Finished allocating db
Re-using already compiled waterz version
Preparing segmentation volume...
counting regions and sizes...
creating region graph for 966 nodes
creating statistics provider
extracting region graph...
Region graph number of edges: 4824
merging until threshold 0
computing initial scores
merging until 0
min edge score 0.00195312
threshold exceeded
merged 0 edges
merging until threshold 1
merging until 1
min edge score 0.00195312
merged 964 edges
extracting segmentation
Num nodes in merge tree: 1931
max_level: 71
Finished allocating db
Re-using already compiled waterz version
Preparing segmentation volume...
counting regions and sizes...
creating region graph for 1142 nodes
creating statistics provider
extracting region graph...
Region graph number of edges: 5974
merging until threshold 0
computing initial scores
merging until 0
min edge score 0.00195312
threshold exceeded
merged 0 edges
merging until threshold 1
merging until 1
min edge score 0.00195312
merged 1140 edges
extracting segmentation
Num nodes in merge tree: 2283
max_level: 74
Finished allocating db
Re-using already compiled waterz version
Preparing segmentation volume...
counting regions and sizes...
creating region graph for 1056 nodes
creating statistics provider
extracting region graph...
Region graph number of edges: 5735
merging until threshold 0
computing initial scores
merging until 0
min edge score 0.00195312
threshold exceeded
merged 0 edges
merging until threshold 1
merging until 1
min edge score 0.00195312
merged 1054 edges
extracting segmentation
Num nodes in merge tree: 2111
max_level: 62
Finished allocating db
Re-using already compiled waterz version
Preparing segmentation volume...
counting regions and sizes...
creating region graph for 194 nodes
creating statistics provider
extracting region graph...
Region graph number of edges: 859
merging until threshold 0
computing initial scores
merging until 0
min edge score 0.00195312
threshold exceeded
merged 0 edges
merging until threshold 1
merging until 1
min edge score 0.00195312
merged 192 edges
extracting segmentation
Num nodes in merge tree: 387
max_level: 38
Finished allocating db
Re-using already compiled waterz version
Preparing segmentation volume...
counting regions and sizes...
creating region graph for 937 nodes
creating statistics provider
extracting region graph...
Region graph number of edges: 4987
merging until threshold 0
computing initial scores
merging until 0
min edge score 0.00195312
threshold exceeded
merged 0 edges
merging until threshold 1
merging until 1
min edge score 0.00195312
merged 935 edges
extracting segmentation
Num nodes in merge tree: 1873
max_level: 82
Finished allocating db
Re-using already compiled waterz version
Preparing segmentation volume...
counting regions and sizes...
creating region graph for 1347 nodes
creating statistics provider
extracting region graph...
Region graph number of edges: 7208
merging until threshold 0
computing initial scores
merging until 0
min edge score 0.00195312
threshold exceeded
merged 0 edges
merging until threshold 1
merging until 1
min edge score 0.00195312
merged 1345 edges
extracting segmentation
Num nodes in merge tree: 2693
max_level: 120
Finished allocating db
Re-using already compiled waterz version
Preparing segmentation volume...
counting regions and sizes...
creating region graph for 1344 nodes
creating statistics provider
extracting region graph...
Region graph number of edges: 7025
merging until threshold 0
computing initial scores
merging until 0
min edge score 0.00195312
threshold exceeded
merged 0 edges
merging until threshold 1
merging until 1
min edge score 0.00195312
merged 1342 edges
extracting segmentation
Num nodes in merge tree: 2687
max_level: 73
Finished allocating db
Re-using already compiled waterz version
Preparing segmentation volume...
counting regions and sizes...
creating region graph for 1272 nodes
creating statistics provider
extracting region graph...
Region graph number of edges: 6917
merging until threshold 0
computing initial scores
merging until 0
min edge score 0.00195312
threshold exceeded
merged 0 edges
merging until threshold 1
merging until 1
min edge score 0.00195312
merged 1270 edges
extracting segmentation
Num nodes in merge tree: 2543
max_level: 59
Finished allocating db
Re-using already compiled waterz version
Preparing segmentation volume...
counting regions and sizes...
creating region graph for 1358 nodes
creating statistics provider
extracting region graph...
Region graph number of edges: 7267
merging until threshold 0
computing initial scores
merging until 0
min edge score 0.00195312
threshold exceeded
merged 0 edges
merging until threshold 1
merging until 1
min edge score 0.00195312
merged 1356 edges
extracting segmentation
Num nodes in merge tree: 2715
max_level: 78
Finished allocating db
Re-using already compiled waterz version
Preparing segmentation volume...
counting regions and sizes...
creating region graph for 1306 nodes
creating statistics provider
extracting region graph...
Region graph number of edges: 6902
merging until threshold 0
computing initial scores
merging until 0
min edge score 0.00195312
threshold exceeded
merged 0 edges
merging until threshold 1
merging until 1
min edge score 0.00195312
merged 1304 edges
extracting segmentation
Num nodes in merge tree: 2611
max_level: 97
Finished allocating db
Re-using already compiled waterz version
Preparing segmentation volume...
counting regions and sizes...
creating region graph for 1505 nodes
creating statistics provider
extracting region graph...
Region graph number of edges: 8202
merging until threshold 0
computing initial scores
merging until 0
min edge score 0.00195312
threshold exceeded
merged 0 edges
merging until threshold 1
merging until 1
min edge score 0.00195312
merged 1503 edges
extracting segmentation
Num nodes in merge tree: 3009
max_level: 118
Finished allocating db
Re-using already compiled waterz version
Preparing segmentation volume...
counting regions and sizes...
creating region graph for 321 nodes
creating statistics provider
extracting region graph...
Region graph number of edges: 1441
merging until threshold 0
computing initial scores
merging until 0
min edge score 0.00195312
threshold exceeded
merged 0 edges
merging until threshold 1
merging until 1
min edge score 0.00195312
merged 319 edges
extracting segmentation
Num nodes in merge tree: 641
max_level: 61
Finished allocating db
Re-using already compiled waterz version
Preparing segmentation volume...
counting regions and sizes...
creating region graph for 888 nodes
creating statistics provider
extracting region graph...
Region graph number of edges: 4653
merging until threshold 0
computing initial scores
merging until 0
min edge score 0.00195312
threshold exceeded
merged 0 edges
merging until threshold 1
merging until 1
min edge score 0.00195312
merged 886 edges
extracting segmentation
Num nodes in merge tree: 1775
max_level: 73
Finished allocating db
Re-using already compiled waterz version
Preparing segmentation volume...
counting regions and sizes...
creating region graph for 1306 nodes
creating statistics provider
extracting region graph...
Region graph number of edges: 7073
merging until threshold 0
computing initial scores
merging until 0
min edge score 0.00195312
threshold exceeded
merged 0 edges
merging until threshold 1
merging until 1
min edge score 0.00195312
merged 1304 edges
extracting segmentation
Num nodes in merge tree: 2611
max_level: 62
Finished allocating db
Re-using already compiled waterz version
Preparing segmentation volume...
counting regions and sizes...
creating region graph for 1386 nodes
creating statistics provider
extracting region graph...
Region graph number of edges: 7330
merging until threshold 0
computing initial scores
merging until 0
min edge score 0.00195312
threshold exceeded
merged 0 edges
merging until threshold 1
merging until 1
min edge score 0.00195312
merged 1384 edges
extracting segmentation
Num nodes in merge tree: 2771
max_level: 79
Finished allocating db
Re-using already compiled waterz version
Preparing segmentation volume...
counting regions and sizes...
creating region graph for 1274 nodes
creating statistics provider
extracting region graph...
Region graph number of edges: 6741
merging until threshold 0
computing initial scores
merging until 0
min edge score 0.00195312
threshold exceeded
merged 0 edges
merging until threshold 1
merging until 1
min edge score 0.00195312
merged 1272 edges
extracting segmentation
Num nodes in merge tree: 2547
max_level: 65
Finished allocating db
Re-using already compiled waterz version
Preparing segmentation volume...
counting regions and sizes...
creating region graph for 1153 nodes
creating statistics provider
extracting region graph...
Region graph number of edges: 5905
merging until threshold 0
computing initial scores
merging until 0
min edge score 0.00195312
threshold exceeded
merged 0 edges
merging until threshold 1
merging until 1
min edge score 0.00195312
merged 1151 edges
extracting segmentation
Num nodes in merge tree: 2305
max_level: 97
Finished allocating db
Re-using already compiled waterz version
Preparing segmentation volume...
counting regions and sizes...
creating region graph for 1307 nodes
creating statistics provider
extracting region graph...
Region graph number of edges: 6777
merging until threshold 0
computing initial scores
merging until 0
min edge score 0.00195312
threshold exceeded
merged 0 edges
merging until threshold 1
merging until 1
min edge score 0.00195312
merged 1305 edges
extracting segmentation
Num nodes in merge tree: 2613
max_level: 109
Finished allocating db
Re-using already compiled waterz version
Preparing segmentation volume...
counting regions and sizes...
creating region graph for 1386 nodes
creating statistics provider
extracting region graph...
Region graph number of edges: 7456
merging until threshold 0
computing initial scores
merging until 0
min edge score 0.00195312
threshold exceeded
merged 0 edges
merging until threshold 1
merging until 1
min edge score 0.00195312
merged 1384 edges
extracting segmentation
Num nodes in merge tree: 2771
max_level: 92
Finished allocating db
Re-using already compiled waterz version
Preparing segmentation volume...
counting regions and sizes...
creating region graph for 321 nodes
creating statistics provider
extracting region graph...
Region graph number of edges: 1502
merging until threshold 0
computing initial scores
merging until 0
min edge score 0.00195312
threshold exceeded
merged 0 edges
merging until threshold 1
merging until 1
min edge score 0.00195312
merged 319 edges
extracting segmentation
Num nodes in merge tree: 641
max_level: 69
Finished allocating db
Re-using already compiled waterz version
Preparing segmentation volume...
counting regions and sizes...
creating region graph for 632 nodes
creating statistics provider
extracting region graph...
Region graph number of edges: 3244
merging until threshold 0
computing initial scores
merging until 0
min edge score 0.00195312
threshold exceeded
merged 0 edges
merging until threshold 1
merging until 1
min edge score 0.00195312
merged 630 edges
extracting segmentation
Num nodes in merge tree: 1263
max_level: 47
Finished allocating db
Re-using already compiled waterz version
Preparing segmentation volume...
counting regions and sizes...
creating region graph for 824 nodes
creating statistics provider
extracting region graph...
Region graph number of edges: 4117
merging until threshold 0
computing initial scores
merging until 0
min edge score 0.00195312
threshold exceeded
merged 0 edges
merging until threshold 1
merging until 1
min edge score 0.00195312
merged 822 edges
extracting segmentation
Num nodes in merge tree: 1647
max_level: 54
Finished allocating db
Re-using already compiled waterz version
Preparing segmentation volume...
counting regions and sizes...
creating region graph for 1252 nodes
creating statistics provider
extracting region graph...
Region graph number of edges: 6496
merging until threshold 0
computing initial scores
merging until 0
min edge score 0.00195312
threshold exceeded
merged 0 edges
merging until threshold 1
merging until 1
min edge score 0.00195312
merged 1250 edges
extracting segmentation
Num nodes in merge tree: 2503
max_level: 62
Finished allocating db
Re-using already compiled waterz version
Preparing segmentation volume...
counting regions and sizes...
creating region graph for 1405 nodes
creating statistics provider
extracting region graph...
Region graph number of edges: 7401
merging until threshold 0
computing initial scores
merging until 0
min edge score 0.00195312
threshold exceeded
merged 0 edges
merging until threshold 1
merging until 1
min edge score 0.00195312
merged 1403 edges
extracting segmentation
Num nodes in merge tree: 2809
max_level: 61
Finished allocating db
Re-using already compiled waterz version
Preparing segmentation volume...
counting regions and sizes...
creating region graph for 1323 nodes
creating statistics provider
extracting region graph...
Region graph number of edges: 6815
merging until threshold 0
computing initial scores
merging until 0
min edge score 0.00195312
threshold exceeded
merged 0 edges
merging until threshold 1
merging until 1
min edge score 0.00195312
merged 1321 edges
extracting segmentation
Num nodes in merge tree: 2645
max_level: 79
Finished allocating db
Re-using already compiled waterz version
Preparing segmentation volume...
counting regions and sizes...
creating region graph for 1062 nodes
creating statistics provider
extracting region graph...
Region graph number of edges: 5454
merging until threshold 0
computing initial scores
merging until 0
min edge score 0.00195312
threshold exceeded
merged 0 edges
merging until threshold 1
merging until 1
min edge score 0.00195312
merged 1060 edges
extracting segmentation
Num nodes in merge tree: 2123
max_level: 67
Finished allocating db
Re-using already compiled waterz version
Preparing segmentation volume...
counting regions and sizes...
creating region graph for 1042 nodes
creating statistics provider
extracting region graph...
Region graph number of edges: 5447
merging until threshold 0
computing initial scores
merging until 0
min edge score 0.00195312
threshold exceeded
merged 0 edges
merging until threshold 1
merging until 1
min edge score 0.00195312
merged 1040 edges
extracting segmentation
Num nodes in merge tree: 2083
max_level: 53
Finished allocating db
Re-using already compiled waterz version
Preparing segmentation volume...
counting regions and sizes...
creating region graph for 322 nodes
creating statistics provider
extracting region graph...
Region graph number of edges: 1562
merging until threshold 0
computing initial scores
merging until 0
min edge score 0.00195312
threshold exceeded
merged 0 edges
merging until threshold 1
merging until 1
min edge score 0.00195312
merged 320 edges
extracting segmentation
Num nodes in merge tree: 643
max_level: 41
Finished allocating db
Re-using already compiled waterz version
Preparing segmentation volume...
counting regions and sizes...
creating region graph for 768 nodes
creating statistics provider
extracting region graph...
Region graph number of edges: 4108
merging until threshold 0
computing initial scores
merging until 0
min edge score 0.00195312
threshold exceeded
merged 0 edges
merging until threshold 1
merging until 1
min edge score 0.00195312
merged 766 edges
extracting segmentation
Num nodes in merge tree: 1535
max_level: 48
Finished allocating db
Re-using already compiled waterz version
Preparing segmentation volume...
counting regions and sizes...
creating region graph for 1190 nodes
creating statistics provider
extracting region graph...
Region graph number of edges: 6018
merging until threshold 0
computing initial scores
merging until 0
min edge score 0.00195312
threshold exceeded
merged 0 edges
merging until threshold 1
merging until 1
min edge score 0.00195312
merged 1188 edges
extracting segmentation
Num nodes in merge tree: 2379
max_level: 75
Finished allocating db
Re-using already compiled waterz version
Preparing segmentation volume...
counting regions and sizes...
creating region graph for 1184 nodes
creating statistics provider
extracting region graph...
Region graph number of edges: 6342
merging until threshold 0
computing initial scores
merging until 0
min edge score 0.00195312
threshold exceeded
merged 0 edges
merging until threshold 1
merging until 1
min edge score 0.00195312
merged 1182 edges
extracting segmentation
Num nodes in merge tree: 2367
max_level: 62
Finished allocating db
Re-using already compiled waterz version
Preparing segmentation volume...
counting regions and sizes...
creating region graph for 1087 nodes
creating statistics provider
extracting region graph...
Region graph number of edges: 5582
merging until threshold 0
computing initial scores
merging until 0
min edge score 0.00195312
threshold exceeded
merged 0 edges
merging until threshold 1
merging until 1
min edge score 0.00195312
merged 1085 edges
extracting segmentation
Num nodes in merge tree: 2173
max_level: 74
Finished allocating db
Re-using already compiled waterz version
Preparing segmentation volume...
counting regions and sizes...
creating region graph for 1376 nodes
creating statistics provider
extracting region graph...
Region graph number of edges: 7437
merging until threshold 0
computing initial scores
merging until 0
min edge score 0.00195312
threshold exceeded
merged 0 edges
merging until threshold 1
merging until 1
min edge score 0.00195312
merged 1374 edges
extracting segmentation
Num nodes in merge tree: 2751
max_level: 88
Finished allocating db
Re-using already compiled waterz version
Preparing segmentation volume...
counting regions and sizes...
creating region graph for 1188 nodes
creating statistics provider
extracting region graph...
Region graph number of edges: 6460
merging until threshold 0
computing initial scores
merging until 0
min edge score 0.00195312
threshold exceeded
merged 0 edges
merging until threshold 1
merging until 1
min edge score 0.00195312
merged 1186 edges
extracting segmentation
Num nodes in merge tree: 2375
max_level: 51
Finished allocating db
Re-using already compiled waterz version
Preparing segmentation volume...
counting regions and sizes...
creating region graph for 839 nodes
creating statistics provider
extracting region graph...
Region graph number of edges: 4496
merging until threshold 0
computing initial scores
merging until 0
min edge score 0.00195312
threshold exceeded
merged 0 edges
merging until threshold 1
merging until 1
min edge score 0.00195312
merged 837 edges
extracting segmentation
Num nodes in merge tree: 1677
max_level: 45
Finished allocating db
Re-using already compiled waterz version
Preparing segmentation volume...
counting regions and sizes...
creating region graph for 246 nodes
creating statistics provider
extracting region graph...
Region graph number of edges: 1192
merging until threshold 0
computing initial scores
merging until 0
min edge score 0.00195312
threshold exceeded
merged 0 edges
merging until threshold 1
merging until 1
min edge score 0.00195312
merged 244 edges
extracting segmentation
Num nodes in merge tree: 491
max_level: 33
Finished allocating db
Re-using already compiled waterz version
Preparing segmentation volume...
counting regions and sizes...
creating region graph for 930 nodes
creating statistics provider
extracting region graph...
Region graph number of edges: 4987
merging until threshold 0
computing initial scores
merging until 0
min edge score 0.00195312
threshold exceeded
merged 0 edges
merging until threshold 1
merging until 1
min edge score 0.00195312
merged 928 edges
extracting segmentation
Num nodes in merge tree: 1859
max_level: 51
Finished allocating db
Re-using already compiled waterz version
Preparing segmentation volume...
counting regions and sizes...
creating region graph for 1339 nodes
creating statistics provider
extracting region graph...
Region graph number of edges: 7071
merging until threshold 0
computing initial scores
merging until 0
min edge score 0.00195312
threshold exceeded
merged 0 edges
merging until threshold 1
merging until 1
min edge score 0.00195312
merged 1337 edges
extracting segmentation
Num nodes in merge tree: 2677
max_level: 115
Finished allocating db
Re-using already compiled waterz version
Preparing segmentation volume...
counting regions and sizes...
creating region graph for 997 nodes
creating statistics provider
extracting region graph...
Region graph number of edges: 4998
merging until threshold 0
computing initial scores
merging until 0
min edge score 0.00195312
threshold exceeded
merged 0 edges
merging until threshold 1
merging until 1
min edge score 0.00195312
merged 995 edges
extracting segmentation
Num nodes in merge tree: 1993
max_level: 97
Finished allocating db
Re-using already compiled waterz version
Preparing segmentation volume...
counting regions and sizes...
creating region graph for 1320 nodes
creating statistics provider
extracting region graph...
Region graph number of edges: 6745
merging until threshold 0
computing initial scores
merging until 0
min edge score 0.00195312
threshold exceeded
merged 0 edges
merging until threshold 1
merging until 1
min edge score 0.00195312
merged 1318 edges
extracting segmentation
Num nodes in merge tree: 2639
max_level: 110
Finished allocating db
Re-using already compiled waterz version
Preparing segmentation volume...
counting regions and sizes...
creating region graph for 1265 nodes
creating statistics provider
extracting region graph...
Region graph number of edges: 6459
merging until threshold 0
computing initial scores
merging until 0
min edge score 0.00195312
threshold exceeded
merged 0 edges
merging until threshold 1
merging until 1
min edge score 0.00195312
merged 1263 edges
extracting segmentation
Num nodes in merge tree: 2529
max_level: 120
Finished allocating db
Re-using already compiled waterz version
Preparing segmentation volume...
counting regions and sizes...
creating region graph for 1129 nodes
creating statistics provider
extracting region graph...
Region graph number of edges: 5969
merging until threshold 0
computing initial scores
merging until 0
min edge score 0.00195312
threshold exceeded
merged 0 edges
merging until threshold 1
merging until 1
min edge score 0.00195312
merged 1127 edges
extracting segmentation
Num nodes in merge tree: 2257
max_level: 60
Finished allocating db
Re-using already compiled waterz version
Preparing segmentation volume...
counting regions and sizes...
creating region graph for 1080 nodes
creating statistics provider
extracting region graph...
Region graph number of edges: 5718
merging until threshold 0
computing initial scores
merging until 0
min edge score 0.00195312
threshold exceeded
merged 0 edges
merging until threshold 1
merging until 1
min edge score 0.00195312
merged 1078 edges
extracting segmentation
Num nodes in merge tree: 2159
max_level: 103
Finished allocating db
Re-using already compiled waterz version
Preparing segmentation volume...
counting regions and sizes...
creating region graph for 340 nodes
creating statistics provider
extracting region graph...
Region graph number of edges: 1601
merging until threshold 0
computing initial scores
merging until 0
min edge score 0.00195312
threshold exceeded
merged 0 edges
merging until threshold 1
merging until 1
min edge score 0.00195312
merged 338 edges
extracting segmentation
Num nodes in merge tree: 679
max_level: 74
Finished allocating db
Re-using already compiled waterz version
Preparing segmentation volume...
counting regions and sizes...
creating region graph for 948 nodes
creating statistics provider
extracting region graph...
Region graph number of edges: 5013
merging until threshold 0
computing initial scores
merging until 0
min edge score 0.00195312
threshold exceeded
merged 0 edges
merging until threshold 1
merging until 1
min edge score 0.00195312
merged 946 edges
extracting segmentation
Num nodes in merge tree: 1895
max_level: 152
Finished allocating db
Re-using already compiled waterz version
Preparing segmentation volume...
counting regions and sizes...
creating region graph for 1118 nodes
creating statistics provider
extracting region graph...
Region graph number of edges: 5977
merging until threshold 0
computing initial scores
merging until 0
min edge score 0.00195312
threshold exceeded
merged 0 edges
merging until threshold 1
merging until 1
min edge score 0.00195312
merged 1116 edges
extracting segmentation
Num nodes in merge tree: 2235
max_level: 130
Finished allocating db
Re-using already compiled waterz version
Preparing segmentation volume...
counting regions and sizes...
creating region graph for 1069 nodes
creating statistics provider
extracting region graph...
Region graph number of edges: 5392
merging until threshold 0
computing initial scores
merging until 0
min edge score 0.00195312
threshold exceeded
merged 0 edges
merging until threshold 1
merging until 1
min edge score 0.00195312
merged 1067 edges
extracting segmentation
Num nodes in merge tree: 2137
max_level: 83
Finished allocating db
Re-using already compiled waterz version
Preparing segmentation volume...
counting regions and sizes...
creating region graph for 1194 nodes
creating statistics provider
extracting region graph...
Region graph number of edges: 6278
merging until threshold 0
computing initial scores
merging until 0
min edge score 0.00195312
threshold exceeded
merged 0 edges
merging until threshold 1
merging until 1
min edge score 0.00195312
merged 1192 edges
extracting segmentation
Num nodes in merge tree: 2387
max_level: 87
Finished allocating db
Re-using already compiled waterz version
Preparing segmentation volume...
counting regions and sizes...
creating region graph for 1133 nodes
creating statistics provider
extracting region graph...
Region graph number of edges: 5710
merging until threshold 0
computing initial scores
merging until 0
min edge score 0.00195312
threshold exceeded
merged 0 edges
merging until threshold 1
merging until 1
min edge score 0.00195312
merged 1131 edges
extracting segmentation
Num nodes in merge tree: 2265
max_level: 102
Finished allocating db
Re-using already compiled waterz version
Preparing segmentation volume...
counting regions and sizes...
creating region graph for 1440 nodes
creating statistics provider
extracting region graph...
Region graph number of edges: 7547
merging until threshold 0
computing initial scores
merging until 0
min edge score 0.00195312
threshold exceeded
merged 0 edges
merging until threshold 1
merging until 1
min edge score 0.00195312
merged 1438 edges
extracting segmentation
Num nodes in merge tree: 2879
max_level: 111
Finished allocating db
Re-using already compiled waterz version
Preparing segmentation volume...
counting regions and sizes...
creating region graph for 1193 nodes
creating statistics provider
extracting region graph...
Region graph number of edges: 6107
merging until threshold 0
computing initial scores
merging until 0
min edge score 0.00195312
threshold exceeded
merged 0 edges
merging until threshold 1
merging until 1
min edge score 0.00195312
merged 1191 edges
extracting segmentation
Num nodes in merge tree: 2385
max_level: 70
Finished allocating db
Re-using already compiled waterz version
Preparing segmentation volume...
counting regions and sizes...
creating region graph for 367 nodes
creating statistics provider
extracting region graph...
Region graph number of edges: 1869
merging until threshold 0
computing initial scores
merging until 0
min edge score 0.00195312
threshold exceeded
merged 0 edges
merging until threshold 1
merging until 1
min edge score 0.00195312
merged 365 edges
extracting segmentation
Num nodes in merge tree: 733
max_level: 46
Finished allocating db
Re-using already compiled waterz version
Preparing segmentation volume...
counting regions and sizes...
creating region graph for 179 nodes
creating statistics provider
extracting region graph...
Region graph number of edges: 816
merging until threshold 0
computing initial scores
merging until 0
min edge score 0.00195312
threshold exceeded
merged 0 edges
merging until threshold 1
merging until 1
min edge score 0.00195312
merged 177 edges
extracting segmentation
Num nodes in merge tree: 357
max_level: 43
Finished allocating db
Re-using already compiled waterz version
Preparing segmentation volume...
counting regions and sizes...
creating region graph for 279 nodes
creating statistics provider
extracting region graph...
Region graph number of edges: 1275
merging until threshold 0
computing initial scores
merging until 0
min edge score 0.00195312
threshold exceeded
merged 0 edges
merging until threshold 1
merging until 1
min edge score 0.00195312
merged 277 edges
extracting segmentation
Num nodes in merge tree: 557
max_level: 61
Finished allocating db
Re-using already compiled waterz version
Preparing segmentation volume...
counting regions and sizes...
creating region graph for 230 nodes
creating statistics provider
extracting region graph...
Region graph number of edges: 1018
merging until threshold 0
computing initial scores
merging until 0
min edge score 0.00195312
threshold exceeded
merged 0 edges
merging until threshold 1
merging until 1
min edge score 0.00195312
merged 228 edges
extracting segmentation
Num nodes in merge tree: 459
max_level: 39
Finished allocating db
Re-using already compiled waterz version
Preparing segmentation volume...
counting regions and sizes...
creating region graph for 299 nodes
creating statistics provider
extracting region graph...
Region graph number of edges: 1360
merging until threshold 0
computing initial scores
merging until 0
min edge score 0.00195312
threshold exceeded
merged 0 edges
merging until threshold 1
merging until 1
min edge score 0.00195312
merged 297 edges
extracting segmentation
Num nodes in merge tree: 597
max_level: 37
Finished allocating db
Re-using already compiled waterz version
Preparing segmentation volume...
counting regions and sizes...
creating region graph for 361 nodes
creating statistics provider
extracting region graph...
Region graph number of edges: 1588
merging until threshold 0
computing initial scores
merging until 0
min edge score 0.00195312
threshold exceeded
merged 0 edges
merging until threshold 1
merging until 1
min edge score 0.00195312
merged 359 edges
extracting segmentation
Num nodes in merge tree: 721
max_level: 46
Finished allocating db
Re-using already compiled waterz version
Preparing segmentation volume...
counting regions and sizes...
creating region graph for 643 nodes
creating statistics provider
extracting region graph...
Region graph number of edges: 3317
merging until threshold 0
computing initial scores
merging until 0
min edge score 0.00195312
threshold exceeded
merged 0 edges
merging until threshold 1
merging until 1
min edge score 0.00195312
merged 641 edges
extracting segmentation
Num nodes in merge tree: 1285
max_level: 83
Finished allocating db
Re-using already compiled waterz version
Preparing segmentation volume...
counting regions and sizes...
creating region graph for 311 nodes
creating statistics provider
extracting region graph...
Region graph number of edges: 1446
merging until threshold 0
computing initial scores
merging until 0
min edge score 0.00195312
threshold exceeded
merged 0 edges
merging until threshold 1
merging until 1
min edge score 0.00195312
merged 309 edges
extracting segmentation
Num nodes in merge tree: 621
max_level: 46
Finished allocating db
Re-using already compiled waterz version
Preparing segmentation volume...
counting regions and sizes...
creating region graph for 64 nodes
creating statistics provider
extracting region graph...
Region graph number of edges: 237
merging until threshold 0
computing initial scores
merging until 0
min edge score 0.00195312
threshold exceeded
merged 0 edges
merging until threshold 1
merging until 1
min edge score 0.00195312
merged 62 edges
extracting segmentation
Num nodes in merge tree: 127
max_level: 25
Finished allocating db
Re-using already compiled waterz version
Preparing segmentation volume...
counting regions and sizes...
creating region graph for 527 nodes
creating statistics provider
extracting region graph...
Region graph number of edges: 2820
merging until threshold 0
computing initial scores
merging until 0
min edge score 0.00195312
threshold exceeded
merged 0 edges
merging until threshold 1
merging until 1
min edge score 0.00195312
merged 525 edges
extracting segmentation
Num nodes in merge tree: 1053
max_level: 50
Finished allocating db
Re-using already compiled waterz version
Preparing segmentation volume...
counting regions and sizes...
creating region graph for 1095 nodes
creating statistics provider
extracting region graph...
Region graph number of edges: 6028
merging until threshold 0
computing initial scores
merging until 0
min edge score 0.00195312
threshold exceeded
merged 0 edges
merging until threshold 1
merging until 1
min edge score 0.00195312
merged 1093 edges
extracting segmentation
Num nodes in merge tree: 2189
max_level: 88
Finished allocating db
Re-using already compiled waterz version
Preparing segmentation volume...
counting regions and sizes...
creating region graph for 1044 nodes
creating statistics provider
extracting region graph...
Region graph number of edges: 5593
merging until threshold 0
computing initial scores
merging until 0
min edge score 0.00195312
threshold exceeded
merged 0 edges
merging until threshold 1
merging until 1
min edge score 0.00195312
merged 1042 edges
extracting segmentation
Num nodes in merge tree: 2087
max_level: 77
Finished allocating db
Re-using already compiled waterz version
Preparing segmentation volume...
counting regions and sizes...
creating region graph for 1179 nodes
creating statistics provider
extracting region graph...
Region graph number of edges: 6380
merging until threshold 0
computing initial scores
merging until 0
min edge score 0.00195312
threshold exceeded
merged 0 edges
merging until threshold 1
merging until 1
min edge score 0.00195312
merged 1177 edges
extracting segmentation
Num nodes in merge tree: 2357
max_level: 96
Finished allocating db
Re-using already compiled waterz version
Preparing segmentation volume...
counting regions and sizes...
creating region graph for 1074 nodes
creating statistics provider
extracting region graph...
Region graph number of edges: 5810
merging until threshold 0
computing initial scores
merging until 0
min edge score 0.00195312
threshold exceeded
merged 0 edges
merging until threshold 1
merging until 1
min edge score 0.00195312
merged 1072 edges
extracting segmentation
Num nodes in merge tree: 2147
max_level: 62
Finished allocating db
Re-using already compiled waterz version
Preparing segmentation volume...
counting regions and sizes...
creating region graph for 1288 nodes
creating statistics provider
extracting region graph...
Region graph number of edges: 7152
merging until threshold 0
computing initial scores
merging until 0
min edge score 0.00195312
threshold exceeded
merged 0 edges
merging until threshold 1
merging until 1
min edge score 0.00195312
merged 1286 edges
extracting segmentation
Num nodes in merge tree: 2575
max_level: 93
Finished allocating db
Re-using already compiled waterz version
Preparing segmentation volume...
counting regions and sizes...
creating region graph for 893 nodes
creating statistics provider
extracting region graph...
Region graph number of edges: 4690
merging until threshold 0
computing initial scores
merging until 0
min edge score 0.00195312
threshold exceeded
merged 0 edges
merging until threshold 1
merging until 1
min edge score 0.00195312
merged 891 edges
extracting segmentation
Num nodes in merge tree: 1785
max_level: 56
Finished allocating db
Re-using already compiled waterz version
Preparing segmentation volume...
counting regions and sizes...
creating region graph for 239 nodes
creating statistics provider
extracting region graph...
Region graph number of edges: 1166
merging until threshold 0
computing initial scores
merging until 0
min edge score 0.00195312
threshold exceeded
merged 0 edges
merging until threshold 1
merging until 1
min edge score 0.00195312
merged 237 edges
extracting segmentation
Num nodes in merge tree: 477
max_level: 33
Finished allocating db
Re-using already compiled waterz version
Preparing segmentation volume...
counting regions and sizes...
creating region graph for 886 nodes
creating statistics provider
extracting region graph...
Region graph number of edges: 4710
merging until threshold 0
computing initial scores
merging until 0
min edge score 0.00195312
threshold exceeded
merged 0 edges
merging until threshold 1
merging until 1
min edge score 0.00195312
merged 884 edges
extracting segmentation
Num nodes in merge tree: 1771
max_level: 73
Finished allocating db
Re-using already compiled waterz version
Preparing segmentation volume...
counting regions and sizes...
creating region graph for 1375 nodes
creating statistics provider
extracting region graph...
Region graph number of edges: 7255
merging until threshold 0
computing initial scores
merging until 0
min edge score 0.00195312
threshold exceeded
merged 0 edges
merging until threshold 1
merging until 1
min edge score 0.00195312
merged 1373 edges
extracting segmentation
Num nodes in merge tree: 2749
max_level: 96
Finished allocating db
Re-using already compiled waterz version
Preparing segmentation volume...
counting regions and sizes...
creating region graph for 1646 nodes
creating statistics provider
extracting region graph...
Region graph number of edges: 8950
merging until threshold 0
computing initial scores
merging until 0
min edge score 0.00195312
threshold exceeded
merged 0 edges
merging until threshold 1
merging until 1
min edge score 0.00195312
merged 1644 edges
extracting segmentation
Num nodes in merge tree: 3291
max_level: 68
Finished allocating db
Re-using already compiled waterz version
Preparing segmentation volume...
counting regions and sizes...
creating region graph for 1430 nodes
creating statistics provider
extracting region graph...
Region graph number of edges: 7783
merging until threshold 0
computing initial scores
merging until 0
min edge score 0.00195312
threshold exceeded
merged 0 edges
merging until threshold 1
merging until 1
min edge score 0.00195312
merged 1428 edges
extracting segmentation
Num nodes in merge tree: 2859
max_level: 122
Finished allocating db
Re-using already compiled waterz version
Preparing segmentation volume...
counting regions and sizes...
creating region graph for 1190 nodes
creating statistics provider
extracting region graph...
Region graph number of edges: 6271
merging until threshold 0
computing initial scores
merging until 0
min edge score 0.00195312
threshold exceeded
merged 0 edges
merging until threshold 1
merging until 1
min edge score 0.00195312
merged 1188 edges
extracting segmentation
Num nodes in merge tree: 2379
max_level: 61
Finished allocating db
Re-using already compiled waterz version
Preparing segmentation volume...
counting regions and sizes...
creating region graph for 1133 nodes
creating statistics provider
extracting region graph...
Region graph number of edges: 6002
merging until threshold 0
computing initial scores
merging until 0
min edge score 0.00195312
threshold exceeded
merged 0 edges
merging until threshold 1
merging until 1
min edge score 0.00195312
merged 1131 edges
extracting segmentation
Num nodes in merge tree: 2265
max_level: 99
Finished allocating db
Re-using already compiled waterz version
Preparing segmentation volume...
counting regions and sizes...
creating region graph for 1294 nodes
creating statistics provider
extracting region graph...
Region graph number of edges: 6730
merging until threshold 0
computing initial scores
merging until 0
min edge score 0.00195312
threshold exceeded
merged 0 edges
merging until threshold 1
merging until 1
min edge score 0.00195312
merged 1292 edges
extracting segmentation
Num nodes in merge tree: 2587
max_level: 87
Finished allocating db
Re-using already compiled waterz version
Preparing segmentation volume...
counting regions and sizes...
creating region graph for 324 nodes
creating statistics provider
extracting region graph...
Region graph number of edges: 1496
merging until threshold 0
computing initial scores
merging until 0
min edge score 0.00195312
threshold exceeded
merged 0 edges
merging until threshold 1
merging until 1
min edge score 0.00195312
merged 322 edges
extracting segmentation
Num nodes in merge tree: 647
max_level: 40
Finished allocating db
Re-using already compiled waterz version
Preparing segmentation volume...
counting regions and sizes...
creating region graph for 1033 nodes
creating statistics provider
extracting region graph...
Region graph number of edges: 5652
merging until threshold 0
computing initial scores
merging until 0
min edge score 0.00195312
threshold exceeded
merged 0 edges
merging until threshold 1
merging until 1
min edge score 0.00195312
merged 1031 edges
extracting segmentation
Num nodes in merge tree: 2065
max_level: 72
Finished allocating db
Re-using already compiled waterz version
Preparing segmentation volume...
counting regions and sizes...
creating region graph for 1485 nodes
creating statistics provider
extracting region graph...
Region graph number of edges: 8077
merging until threshold 0
computing initial scores
merging until 0
min edge score 0.00195312
threshold exceeded
merged 0 edges
merging until threshold 1
merging until 1
min edge score 0.00195312
merged 1483 edges
extracting segmentation
Num nodes in merge tree: 2969
max_level: 151
Finished allocating db
Re-using already compiled waterz version
Preparing segmentation volume...
counting regions and sizes...
creating region graph for 1410 nodes
creating statistics provider
extracting region graph...
Region graph number of edges: 7418
merging until threshold 0
computing initial scores
merging until 0
min edge score 0.00195312
threshold exceeded
merged 0 edges
merging until threshold 1
merging until 1
min edge score 0.00195312
merged 1408 edges
extracting segmentation
Num nodes in merge tree: 2819
max_level: 86
Finished allocating db
Re-using already compiled waterz version
Preparing segmentation volume...
counting regions and sizes...
creating region graph for 1236 nodes
creating statistics provider
extracting region graph...
Region graph number of edges: 6438
merging until threshold 0
computing initial scores
merging until 0
min edge score 0.00195312
threshold exceeded
merged 0 edges
merging until threshold 1
merging until 1
min edge score 0.00195312
merged 1234 edges
extracting segmentation
Num nodes in merge tree: 2471
max_level: 84
Finished allocating db
Re-using already compiled waterz version
Preparing segmentation volume...
counting regions and sizes...
creating region graph for 1160 nodes
creating statistics provider
extracting region graph...
Region graph number of edges: 6038
merging until threshold 0
computing initial scores
merging until 0
min edge score 0.00195312
threshold exceeded
merged 0 edges
merging until threshold 1
merging until 1
min edge score 0.00195312
merged 1158 edges
extracting segmentation
Num nodes in merge tree: 2319
max_level: 72
Finished allocating db
Re-using already compiled waterz version
Preparing segmentation volume...
counting regions and sizes...
creating region graph for 1312 nodes
creating statistics provider
extracting region graph...
Region graph number of edges: 7062
merging until threshold 0
computing initial scores
merging until 0
min edge score 0.00195312
threshold exceeded
merged 0 edges
merging until threshold 1
merging until 1
min edge score 0.00195312
merged 1310 edges
extracting segmentation
Num nodes in merge tree: 2623
max_level: 97
Finished allocating db
Re-using already compiled waterz version
Preparing segmentation volume...
counting regions and sizes...
creating region graph for 1123 nodes
creating statistics provider
extracting region graph...
Region graph number of edges: 5805
merging until threshold 0
computing initial scores
merging until 0
min edge score 0.00195312
threshold exceeded
merged 0 edges
merging until threshold 1
merging until 1
min edge score 0.00195312
merged 1121 edges
extracting segmentation
Num nodes in merge tree: 2245
max_level: 97
Finished allocating db
Re-using already compiled waterz version
Preparing segmentation volume...
counting regions and sizes...
creating region graph for 287 nodes
creating statistics provider
extracting region graph...
Region graph number of edges: 1250
merging until threshold 0
computing initial scores
merging until 0
min edge score 0.00195312
threshold exceeded
merged 0 edges
merging until threshold 1
merging until 1
min edge score 0.00195312
merged 285 edges
extracting segmentation
Num nodes in merge tree: 573
max_level: 31
Finished allocating db
Re-using already compiled waterz version
Preparing segmentation volume...
counting regions and sizes...
creating region graph for 746 nodes
creating statistics provider
extracting region graph...
Region graph number of edges: 3834
merging until threshold 0
computing initial scores
merging until 0
min edge score 0.00195312
threshold exceeded
merged 0 edges
merging until threshold 1
merging until 1
min edge score 0.00195312
merged 744 edges
extracting segmentation
Num nodes in merge tree: 1491
max_level: 47
Finished allocating db
Re-using already compiled waterz version
Preparing segmentation volume...
counting regions and sizes...
creating region graph for 1209 nodes
creating statistics provider
extracting region graph...
Region graph number of edges: 6398
merging until threshold 0
computing initial scores
merging until 0
min edge score 0.00195312
threshold exceeded
merged 0 edges
merging until threshold 1
merging until 1
min edge score 0.00195312
merged 1207 edges
extracting segmentation
Num nodes in merge tree: 2417
max_level: 67
Finished allocating db
Re-using already compiled waterz version
Preparing segmentation volume...
counting regions and sizes...
creating region graph for 1256 nodes
creating statistics provider
extracting region graph...
Region graph number of edges: 6600
merging until threshold 0
computing initial scores
merging until 0
min edge score 0.00195312
threshold exceeded
merged 0 edges
merging until threshold 1
merging until 1
min edge score 0.00195312
merged 1254 edges
extracting segmentation
Num nodes in merge tree: 2511
max_level: 80
Finished allocating db
Re-using already compiled waterz version
Preparing segmentation volume...
counting regions and sizes...
creating region graph for 1114 nodes
creating statistics provider
extracting region graph...
Region graph number of edges: 5792
merging until threshold 0
computing initial scores
merging until 0
min edge score 0.00195312
threshold exceeded
merged 0 edges
merging until threshold 1
merging until 1
min edge score 0.00195312
merged 1112 edges
extracting segmentation
Num nodes in merge tree: 2227
max_level: 61
Finished allocating db
Re-using already compiled waterz version
Preparing segmentation volume...
counting regions and sizes...
creating region graph for 1128 nodes
creating statistics provider
extracting region graph...
Region graph number of edges: 5906
merging until threshold 0
computing initial scores
merging until 0
min edge score 0.00195312
threshold exceeded
merged 0 edges
merging until threshold 1
merging until 1
min edge score 0.00195312
merged 1126 edges
extracting segmentation
Num nodes in merge tree: 2255
max_level: 62
Finished allocating db
Re-using already compiled waterz version
Preparing segmentation volume...
counting regions and sizes...
creating region graph for 1252 nodes
creating statistics provider
extracting region graph...
Region graph number of edges: 6416
merging until threshold 0
computing initial scores
merging until 0
min edge score 0.00195312
threshold exceeded
merged 0 edges
merging until threshold 1
merging until 1
min edge score 0.00195312
merged 1250 edges
extracting segmentation
Num nodes in merge tree: 2503
max_level: 110
Finished allocating db
Re-using already compiled waterz version
Preparing segmentation volume...
counting regions and sizes...
creating region graph for 1510 nodes
creating statistics provider
extracting region graph...
Region graph number of edges: 8291
merging until threshold 0
computing initial scores
merging until 0
min edge score 0.00195312
threshold exceeded
merged 0 edges
merging until threshold 1
merging until 1
min edge score 0.00195312
merged 1508 edges
extracting segmentation
Num nodes in merge tree: 3019
max_level: 150
Finished allocating db
Re-using already compiled waterz version
Preparing segmentation volume...
counting regions and sizes...
creating region graph for 391 nodes
creating statistics provider
extracting region graph...
Region graph number of edges: 1842
merging until threshold 0
computing initial scores
merging until 0
min edge score 0.00195312
threshold exceeded
merged 0 edges
merging until threshold 1
merging until 1
min edge score 0.00195312
merged 389 edges
extracting segmentation
Num nodes in merge tree: 781
max_level: 41
Finished allocating db
Re-using already compiled waterz version
Preparing segmentation volume...
counting regions and sizes...
creating region graph for 646 nodes
creating statistics provider
extracting region graph...
Region graph number of edges: 3343
merging until threshold 0
computing initial scores
merging until 0
min edge score 0.00195312
threshold exceeded
merged 0 edges
merging until threshold 1
merging until 1
min edge score 0.00195312
merged 644 edges
extracting segmentation
Num nodes in merge tree: 1291
max_level: 45
Finished allocating db
Re-using already compiled waterz version
Preparing segmentation volume...
counting regions and sizes...
creating region graph for 1398 nodes
creating statistics provider
extracting region graph...
Region graph number of edges: 7755
merging until threshold 0
computing initial scores
merging until 0
min edge score 0.00195312
threshold exceeded
merged 0 edges
merging until threshold 1
merging until 1
min edge score 0.00195312
merged 1396 edges
extracting segmentation
Num nodes in merge tree: 2795
max_level: 64
Finished allocating db
Re-using already compiled waterz version
Preparing segmentation volume...
counting regions and sizes...
creating region graph for 1049 nodes
creating statistics provider
extracting region graph...
Region graph number of edges: 5403
merging until threshold 0
computing initial scores
merging until 0
min edge score 0.00195312
threshold exceeded
merged 0 edges
merging until threshold 1
merging until 1
min edge score 0.00195312
merged 1047 edges
extracting segmentation
Num nodes in merge tree: 2097
max_level: 62
Finished allocating db
Re-using already compiled waterz version
Preparing segmentation volume...
counting regions and sizes...
creating region graph for 990 nodes
creating statistics provider
extracting region graph...
Region graph number of edges: 5110
merging until threshold 0
computing initial scores
merging until 0
min edge score 0.00195312
threshold exceeded
merged 0 edges
merging until threshold 1
merging until 1
min edge score 0.00195312
merged 988 edges
extracting segmentation
Num nodes in merge tree: 1979
max_level: 76
Finished allocating db
Re-using already compiled waterz version
Preparing segmentation volume...
counting regions and sizes...
creating region graph for 1190 nodes
creating statistics provider
extracting region graph...
Region graph number of edges: 6544
merging until threshold 0
computing initial scores
merging until 0
min edge score 0.00195312
threshold exceeded
merged 0 edges
merging until threshold 1
merging until 1
min edge score 0.00195312
merged 1188 edges
extracting segmentation
Num nodes in merge tree: 2379
max_level: 57
Finished allocating db
Re-using already compiled waterz version
Preparing segmentation volume...
counting regions and sizes...
creating region graph for 1149 nodes
creating statistics provider
extracting region graph...
Region graph number of edges: 6111
merging until threshold 0
computing initial scores
merging until 0
min edge score 0.00195312
threshold exceeded
merged 0 edges
merging until threshold 1
merging until 1
min edge score 0.00195312
merged 1147 edges
extracting segmentation
Num nodes in merge tree: 2297
max_level: 67
Finished allocating db
Re-using already compiled waterz version
Preparing segmentation volume...
counting regions and sizes...
creating region graph for 1178 nodes
creating statistics provider
extracting region graph...
Region graph number of edges: 6176
merging until threshold 0
computing initial scores
merging until 0
min edge score 0.00195312
threshold exceeded
merged 0 edges
merging until threshold 1
merging until 1
min edge score 0.00195312
merged 1176 edges
extracting segmentation
Num nodes in merge tree: 2355
max_level: 79
Finished allocating db
Re-using already compiled waterz version
Preparing segmentation volume...
counting regions and sizes...
creating region graph for 254 nodes
creating statistics provider
extracting region graph...
Region graph number of edges: 1075
merging until threshold 0
computing initial scores
merging until 0
min edge score 0.00195312
threshold exceeded
merged 0 edges
merging until threshold 1
merging until 1
min edge score 0.00195312
merged 252 edges
extracting segmentation
Num nodes in merge tree: 507
max_level: 42
Finished allocating db
Re-using already compiled waterz version
Preparing segmentation volume...
counting regions and sizes...
creating region graph for 1009 nodes
creating statistics provider
extracting region graph...
Region graph number of edges: 5471
merging until threshold 0
computing initial scores
merging until 0
min edge score 0.00195312
threshold exceeded
merged 0 edges
merging until threshold 1
merging until 1
min edge score 0.00195312
merged 1007 edges
extracting segmentation
Num nodes in merge tree: 2017
max_level: 145
Finished allocating db
Re-using already compiled waterz version
Preparing segmentation volume...
counting regions and sizes...
creating region graph for 988 nodes
creating statistics provider
extracting region graph...
Region graph number of edges: 4961
merging until threshold 0
computing initial scores
merging until 0
min edge score 0.00195312
threshold exceeded
merged 0 edges
merging until threshold 1
merging until 1
min edge score 0.00195312
merged 986 edges
extracting segmentation
Num nodes in merge tree: 1975
max_level: 83
Finished allocating db
Re-using already compiled waterz version
Preparing segmentation volume...
counting regions and sizes...
creating region graph for 1219 nodes
creating statistics provider
extracting region graph...
Region graph number of edges: 6356
merging until threshold 0
computing initial scores
merging until 0
min edge score 0.00195312
threshold exceeded
merged 0 edges
merging until threshold 1
merging until 1
min edge score 0.00195312
merged 1217 edges
extracting segmentation
Num nodes in merge tree: 2437
max_level: 99
Finished allocating db
Re-using already compiled waterz version
Preparing segmentation volume...
counting regions and sizes...
creating region graph for 1150 nodes
creating statistics provider
extracting region graph...
Region graph number of edges: 6152
merging until threshold 0
computing initial scores
merging until 0
min edge score 0.00195312
threshold exceeded
merged 0 edges
merging until threshold 1
merging until 1
min edge score 0.00195312
merged 1148 edges
extracting segmentation
Num nodes in merge tree: 2299
max_level: 76
Finished allocating db
Re-using already compiled waterz version
Preparing segmentation volume...
counting regions and sizes...
creating region graph for 1156 nodes
creating statistics provider
extracting region graph...
Region graph number of edges: 6280
merging until threshold 0
computing initial scores
merging until 0
min edge score 0.00195312
threshold exceeded
merged 0 edges
merging until threshold 1
merging until 1
min edge score 0.00195312
merged 1154 edges
extracting segmentation
Num nodes in merge tree: 2311
max_level: 80
Finished allocating db
Re-using already compiled waterz version
Preparing segmentation volume...
counting regions and sizes...
creating region graph for 1146 nodes
creating statistics provider
extracting region graph...
Region graph number of edges: 6055
merging until threshold 0
computing initial scores
merging until 0
min edge score 0.00195312
threshold exceeded
merged 0 edges
merging until threshold 1
merging until 1
min edge score 0.00195312
merged 1144 edges
extracting segmentation
Num nodes in merge tree: 2291
max_level: 86
Finished allocating db
Re-using already compiled waterz version
Preparing segmentation volume...
counting regions and sizes...
creating region graph for 1288 nodes
creating statistics provider
extracting region graph...
Region graph number of edges: 6821
merging until threshold 0
computing initial scores
merging until 0
min edge score 0.00195312
threshold exceeded
merged 0 edges
merging until threshold 1
merging until 1
min edge score 0.00195312
merged 1286 edges
extracting segmentation
Num nodes in merge tree: 2575
max_level: 108
Finished allocating db
Re-using already compiled waterz version
Preparing segmentation volume...
counting regions and sizes...
creating region graph for 402 nodes
creating statistics provider
extracting region graph...
Region graph number of edges: 1904
merging until threshold 0
computing initial scores
merging until 0
min edge score 0.00195312
threshold exceeded
merged 0 edges
merging until threshold 1
merging until 1
min edge score 0.00195312
merged 400 edges
extracting segmentation
Num nodes in merge tree: 803
max_level: 57
Finished allocating db
Re-using already compiled waterz version
Preparing segmentation volume...
counting regions and sizes...
creating region graph for 947 nodes
creating statistics provider
extracting region graph...
Region graph number of edges: 5125
merging until threshold 0
computing initial scores
merging until 0
min edge score 0.00195312
threshold exceeded
merged 0 edges
merging until threshold 1
merging until 1
min edge score 0.00195312
merged 945 edges
extracting segmentation
Num nodes in merge tree: 1893
max_level: 184
Finished allocating db
Re-using already compiled waterz version
Preparing segmentation volume...
counting regions and sizes...
creating region graph for 1383 nodes
creating statistics provider
extracting region graph...
Region graph number of edges: 7469
merging until threshold 0
computing initial scores
merging until 0
min edge score 0.00195312
threshold exceeded
merged 0 edges
merging until threshold 1
merging until 1
min edge score 0.00195312
merged 1381 edges
extracting segmentation
Num nodes in merge tree: 2765
max_level: 117
Finished allocating db
Re-using already compiled waterz version
Preparing segmentation volume...
counting regions and sizes...
creating region graph for 1194 nodes
creating statistics provider
extracting region graph...
Region graph number of edges: 6246
merging until threshold 0
computing initial scores
merging until 0
min edge score 0.00195312
threshold exceeded
merged 0 edges
merging until threshold 1
merging until 1
min edge score 0.00195312
merged 1192 edges
extracting segmentation
Num nodes in merge tree: 2387
max_level: 122
Finished allocating db
Re-using already compiled waterz version
Preparing segmentation volume...
counting regions and sizes...
creating region graph for 1157 nodes
creating statistics provider
extracting region graph...
Region graph number of edges: 6001
merging until threshold 0
computing initial scores
merging until 0
min edge score 0.00195312
threshold exceeded
merged 0 edges
merging until threshold 1
merging until 1
min edge score 0.00195312
merged 1155 edges
extracting segmentation
Num nodes in merge tree: 2313
max_level: 101
Finished allocating db
Re-using already compiled waterz version
Preparing segmentation volume...
counting regions and sizes...
creating region graph for 1207 nodes
creating statistics provider
extracting region graph...
Region graph number of edges: 6259
merging until threshold 0
computing initial scores
merging until 0
min edge score 0.00195312
threshold exceeded
merged 0 edges
merging until threshold 1
merging until 1
min edge score 0.00195312
merged 1205 edges
extracting segmentation
Num nodes in merge tree: 2413
max_level: 71
Finished allocating db
Re-using already compiled waterz version
Preparing segmentation volume...
counting regions and sizes...
creating region graph for 1415 nodes
creating statistics provider
extracting region graph...
Region graph number of edges: 7482
merging until threshold 0
computing initial scores
merging until 0
min edge score 0.00195312
threshold exceeded
merged 0 edges
merging until threshold 1
merging until 1
min edge score 0.00195312
merged 1413 edges
extracting segmentation
Num nodes in merge tree: 2829
max_level: 72
Finished allocating db
Re-using already compiled waterz version
Preparing segmentation volume...
counting regions and sizes...
creating region graph for 1411 nodes
creating statistics provider
extracting region graph...
Region graph number of edges: 7434
merging until threshold 0
computing initial scores
merging until 0
min edge score 0.00195312
threshold exceeded
merged 0 edges
merging until threshold 1
merging until 1
min edge score 0.00195312
merged 1409 edges
extracting segmentation
Num nodes in merge tree: 2821
max_level: 122
Finished allocating db
Re-using already compiled waterz version
Preparing segmentation volume...
counting regions and sizes...
creating region graph for 294 nodes
creating statistics provider
extracting region graph...
Region graph number of edges: 1302
merging until threshold 0
computing initial scores
merging until 0
min edge score 0.00195312
threshold exceeded
merged 0 edges
merging until threshold 1
merging until 1
min edge score 0.00195312
merged 292 edges
extracting segmentation
Num nodes in merge tree: 587
max_level: 42
Finished allocating db
Re-using already compiled waterz version
Preparing segmentation volume...
counting regions and sizes...
creating region graph for 188 nodes
creating statistics provider
extracting region graph...
Region graph number of edges: 889
merging until threshold 0
computing initial scores
merging until 0
min edge score 0.00195312
threshold exceeded
merged 0 edges
merging until threshold 1
merging until 1
min edge score 0.00195312
merged 186 edges
extracting segmentation
Num nodes in merge tree: 375
max_level: 28
Finished allocating db
Re-using already compiled waterz version
Preparing segmentation volume...
counting regions and sizes...
creating region graph for 441 nodes
creating statistics provider
extracting region graph...
Region graph number of edges: 2244
merging until threshold 0
computing initial scores
merging until 0
min edge score 0.00195312
threshold exceeded
merged 0 edges
merging until threshold 1
merging until 1
min edge score 0.00195312
merged 439 edges
extracting segmentation
Num nodes in merge tree: 881
max_level: 85
Finished allocating db
Re-using already compiled waterz version
Preparing segmentation volume...
counting regions and sizes...
creating region graph for 215 nodes
creating statistics provider
extracting region graph...
Region graph number of edges: 918
merging until threshold 0
computing initial scores
merging until 0
min edge score 0.00195312
threshold exceeded
merged 0 edges
merging until threshold 1
merging until 1
min edge score 0.00195312
merged 213 edges
extracting segmentation
Num nodes in merge tree: 429
max_level: 54
Finished allocating db
Re-using already compiled waterz version
Preparing segmentation volume...
counting regions and sizes...
creating region graph for 291 nodes
creating statistics provider
extracting region graph...
Region graph number of edges: 1345
merging until threshold 0
computing initial scores
merging until 0
min edge score 0.00195312
threshold exceeded
merged 0 edges
merging until threshold 1
merging until 1
min edge score 0.00195312
merged 289 edges
extracting segmentation
Num nodes in merge tree: 581
max_level: 38
Finished allocating db
Re-using already compiled waterz version
Preparing segmentation volume...
counting regions and sizes...
creating region graph for 308 nodes
creating statistics provider
extracting region graph...
Region graph number of edges: 1414
merging until threshold 0
computing initial scores
merging until 0
min edge score 0.00195312
threshold exceeded
merged 0 edges
merging until threshold 1
merging until 1
min edge score 0.00195312
merged 306 edges
extracting segmentation
Num nodes in merge tree: 615
max_level: 39
Finished allocating db
Re-using already compiled waterz version
Preparing segmentation volume...
counting regions and sizes...
creating region graph for 583 nodes
creating statistics provider
extracting region graph...
Region graph number of edges: 2853
merging until threshold 0
computing initial scores
merging until 0
min edge score 0.00195312
threshold exceeded
merged 0 edges
merging until threshold 1
merging until 1
min edge score 0.00195312
merged 581 edges
extracting segmentation
Num nodes in merge tree: 1165
max_level: 56
Finished allocating db
Re-using already compiled waterz version
Preparing segmentation volume...
counting regions and sizes...
creating region graph for 468 nodes
creating statistics provider
extracting region graph...
Region graph number of edges: 2310
merging until threshold 0
computing initial scores
merging until 0
min edge score 0.00195312
threshold exceeded
merged 0 edges
merging until threshold 1
merging until 1
min edge score 0.00195312
merged 466 edges
extracting segmentation
Num nodes in merge tree: 935
max_level: 70
Finished allocating db
Re-using already compiled waterz version
Preparing segmentation volume...
counting regions and sizes...
creating region graph for 78 nodes
creating statistics provider
extracting region graph...
Region graph number of edges: 293
merging until threshold 0
computing initial scores
merging until 0
min edge score 0.00195312
threshold exceeded
merged 0 edges
merging until threshold 1
merging until 1
min edge score 0.00195312
merged 76 edges
extracting segmentation
Num nodes in merge tree: 155
max_level: 23
Finished allocating db
Re-using already compiled waterz version
Preparing segmentation volume...
counting regions and sizes...
creating region graph for 700 nodes
creating statistics provider
extracting region graph...
Region graph number of edges: 3731
merging until threshold 0
computing initial scores
merging until 0
min edge score 0.00195312
threshold exceeded
merged 0 edges
merging until threshold 1
merging until 1
min edge score 0.00195312
merged 698 edges
extracting segmentation
Num nodes in merge tree: 1399
max_level: 51
Finished allocating db
Re-using already compiled waterz version
Preparing segmentation volume...
counting regions and sizes...
creating region graph for 825 nodes
creating statistics provider
extracting region graph...
Region graph number of edges: 4268
merging until threshold 0
computing initial scores
merging until 0
min edge score 0.00195312
threshold exceeded
merged 0 edges
merging until threshold 1
merging until 1
min edge score 0.00195312
merged 823 edges
extracting segmentation
Num nodes in merge tree: 1649
max_level: 57
Finished allocating db
Re-using already compiled waterz version
Preparing segmentation volume...
counting regions and sizes...
creating region graph for 1070 nodes
creating statistics provider
extracting region graph...
Region graph number of edges: 5917
merging until threshold 0
computing initial scores
merging until 0
min edge score 0.00195312
threshold exceeded
merged 0 edges
merging until threshold 1
merging until 1
min edge score 0.00195312
merged 1068 edges
extracting segmentation
Num nodes in merge tree: 2139
max_level: 72
Finished allocating db
Re-using already compiled waterz version
Preparing segmentation volume...
counting regions and sizes...
creating region graph for 1043 nodes
creating statistics provider
extracting region graph...
Region graph number of edges: 5702
merging until threshold 0
computing initial scores
merging until 0
min edge score 0.00195312
threshold exceeded
merged 0 edges
merging until threshold 1
merging until 1
min edge score 0.00195312
merged 1041 edges
extracting segmentation
Num nodes in merge tree: 2085
max_level: 58
Finished allocating db
Re-using already compiled waterz version
Preparing segmentation volume...
counting regions and sizes...
creating region graph for 839 nodes
creating statistics provider
extracting region graph...
Region graph number of edges: 4402
merging until threshold 0
computing initial scores
merging until 0
min edge score 0.00195312
threshold exceeded
merged 0 edges
merging until threshold 1
merging until 1
min edge score 0.00195312
merged 837 edges
extracting segmentation
Num nodes in merge tree: 1677
max_level: 61
Finished allocating db
Re-using already compiled waterz version
Preparing segmentation volume...
counting regions and sizes...
creating region graph for 1011 nodes
creating statistics provider
extracting region graph...
Region graph number of edges: 5460
merging until threshold 0
computing initial scores
merging until 0
min edge score 0.00195312
threshold exceeded
merged 0 edges
merging until threshold 1
merging until 1
min edge score 0.00195312
merged 1009 edges
extracting segmentation
Num nodes in merge tree: 2021
max_level: 75
Finished allocating db
Re-using already compiled waterz version
Preparing segmentation volume...
counting regions and sizes...
creating region graph for 793 nodes
creating statistics provider
extracting region graph...
Region graph number of edges: 4078
merging until threshold 0
computing initial scores
merging until 0
min edge score 0.00195312
threshold exceeded
merged 0 edges
merging until threshold 1
merging until 1
min edge score 0.00195312
merged 791 edges
extracting segmentation
Num nodes in merge tree: 1585
max_level: 59
Finished allocating db
Re-using already compiled waterz version
Preparing segmentation volume...
counting regions and sizes...
creating region graph for 212 nodes
creating statistics provider
extracting region graph...
Region graph number of edges: 943
merging until threshold 0
computing initial scores
merging until 0
min edge score 0.00195312
threshold exceeded
merged 0 edges
merging until threshold 1
merging until 1
min edge score 0.00195312
merged 210 edges
extracting segmentation
Num nodes in merge tree: 423
max_level: 38
Finished allocating db
Re-using already compiled waterz version
Preparing segmentation volume...
counting regions and sizes...
creating region graph for 876 nodes
creating statistics provider
extracting region graph...
Region graph number of edges: 4528
merging until threshold 0
computing initial scores
merging until 0
min edge score 0.00195312
threshold exceeded
merged 0 edges
merging until threshold 1
merging until 1
min edge score 0.00195312
merged 874 edges
extracting segmentation
Num nodes in merge tree: 1751
max_level: 52
Finished allocating db
Re-using already compiled waterz version
Preparing segmentation volume...
counting regions and sizes...
creating region graph for 1149 nodes
creating statistics provider
extracting region graph...
Region graph number of edges: 6066
merging until threshold 0
computing initial scores
merging until 0
min edge score 0.00195312
threshold exceeded
merged 0 edges
merging until threshold 1
merging until 1
min edge score 0.00195312
merged 1147 edges
extracting segmentation
Num nodes in merge tree: 2297
max_level: 97
Finished allocating db
Re-using already compiled waterz version
Preparing segmentation volume...
counting regions and sizes...
creating region graph for 1183 nodes
creating statistics provider
extracting region graph...
Region graph number of edges: 6053
merging until threshold 0
computing initial scores
merging until 0
min edge score 0.00195312
threshold exceeded
merged 0 edges
merging until threshold 1
merging until 1
min edge score 0.00195312
merged 1181 edges
extracting segmentation
Num nodes in merge tree: 2365
max_level: 78
Finished allocating db
Re-using already compiled waterz version
Preparing segmentation volume...
counting regions and sizes...
creating region graph for 1119 nodes
creating statistics provider
extracting region graph...
Region graph number of edges: 5808
merging until threshold 0
computing initial scores
merging until 0
min edge score 0.00195312
threshold exceeded
merged 0 edges
merging until threshold 1
merging until 1
min edge score 0.00195312
merged 1117 edges
extracting segmentation
Num nodes in merge tree: 2237
max_level: 60
Finished allocating db
Re-using already compiled waterz version
Preparing segmentation volume...
counting regions and sizes...
creating region graph for 1177 nodes
creating statistics provider
extracting region graph...
Region graph number of edges: 6172
merging until threshold 0
computing initial scores
merging until 0
min edge score 0.00195312
threshold exceeded
merged 0 edges
merging until threshold 1
merging until 1
min edge score 0.00195312
merged 1175 edges
extracting segmentation
Num nodes in merge tree: 2353
max_level: 60
Finished allocating db
Re-using already compiled waterz version
Preparing segmentation volume...
counting regions and sizes...
creating region graph for 1166 nodes
creating statistics provider
extracting region graph...
Region graph number of edges: 6053
merging until threshold 0
computing initial scores
merging until 0
min edge score 0.00195312
threshold exceeded
merged 0 edges
merging until threshold 1
merging until 1
min edge score 0.00195312
merged 1164 edges
extracting segmentation
Num nodes in merge tree: 2331
max_level: 91
Finished allocating db
Re-using already compiled waterz version
Preparing segmentation volume...
counting regions and sizes...
creating region graph for 1327 nodes
creating statistics provider
extracting region graph...
Region graph number of edges: 7099
merging until threshold 0
computing initial scores
merging until 0
min edge score 0.00195312
threshold exceeded
merged 0 edges
merging until threshold 1
merging until 1
min edge score 0.00195312
merged 1325 edges
extracting segmentation
Num nodes in merge tree: 2653
max_level: 156
Finished allocating db
Re-using already compiled waterz version
Preparing segmentation volume...
counting regions and sizes...
creating region graph for 413 nodes
creating statistics provider
extracting region graph...
Region graph number of edges: 1967
merging until threshold 0
computing initial scores
merging until 0
min edge score 0.00195312
threshold exceeded
merged 0 edges
merging until threshold 1
merging until 1
min edge score 0.00195312
merged 411 edges
extracting segmentation
Num nodes in merge tree: 825
max_level: 50
Finished allocating db
Re-using already compiled waterz version
Preparing segmentation volume...
counting regions and sizes...
creating region graph for 914 nodes
creating statistics provider
extracting region graph...
Region graph number of edges: 5005
merging until threshold 0
computing initial scores
merging until 0
min edge score 0.00195312
threshold exceeded
merged 0 edges
merging until threshold 1
merging until 1
min edge score 0.00195312
merged 912 edges
extracting segmentation
Num nodes in merge tree: 1827
max_level: 95
Finished allocating db
Re-using already compiled waterz version
Preparing segmentation volume...
counting regions and sizes...
creating region graph for 1417 nodes
creating statistics provider
extracting region graph...
Region graph number of edges: 7347
merging until threshold 0
computing initial scores
merging until 0
min edge score 0.00195312
threshold exceeded
merged 0 edges
merging until threshold 1
merging until 1
min edge score 0.00195312
merged 1415 edges
extracting segmentation
Num nodes in merge tree: 2833
max_level: 92
Finished allocating db
Re-using already compiled waterz version
Preparing segmentation volume...
counting regions and sizes...
creating region graph for 1194 nodes
creating statistics provider
extracting region graph...
Region graph number of edges: 5927
merging until threshold 0
computing initial scores
merging until 0
min edge score 0.00195312
threshold exceeded
merged 0 edges
merging until threshold 1
merging until 1
min edge score 0.00195312
merged 1192 edges
extracting segmentation
Num nodes in merge tree: 2387
max_level: 71
Finished allocating db
Re-using already compiled waterz version
Preparing segmentation volume...
counting regions and sizes...
creating region graph for 1327 nodes
creating statistics provider
extracting region graph...
Region graph number of edges: 6783
merging until threshold 0
computing initial scores
merging until 0
min edge score 0.00195312
threshold exceeded
merged 0 edges
merging until threshold 1
merging until 1
min edge score 0.00195312
merged 1325 edges
extracting segmentation
Num nodes in merge tree: 2653
max_level: 75
Finished allocating db
Re-using already compiled waterz version
Preparing segmentation volume...
counting regions and sizes...
creating region graph for 1317 nodes
creating statistics provider
extracting region graph...
Region graph number of edges: 7040
merging until threshold 0
computing initial scores
merging until 0
min edge score 0.00195312
threshold exceeded
merged 0 edges
merging until threshold 1
merging until 1
min edge score 0.00195312
merged 1315 edges
extracting segmentation
Num nodes in merge tree: 2633
max_level: 67
Finished allocating db
Re-using already compiled waterz version
Preparing segmentation volume...
counting regions and sizes...
creating region graph for 1176 nodes
creating statistics provider
extracting region graph...
Region graph number of edges: 6108
merging until threshold 0
computing initial scores
merging until 0
min edge score 0.00195312
threshold exceeded
merged 0 edges
merging until threshold 1
merging until 1
min edge score 0.00195312
merged 1174 edges
extracting segmentation
Num nodes in merge tree: 2351
max_level: 88
Finished allocating db
Re-using already compiled waterz version
Preparing segmentation volume...
counting regions and sizes...
creating region graph for 1250 nodes
creating statistics provider
extracting region graph...
Region graph number of edges: 6573
merging until threshold 0
computing initial scores
merging until 0
min edge score 0.00195312
threshold exceeded
merged 0 edges
merging until threshold 1
merging until 1
min edge score 0.00195312
merged 1248 edges
extracting segmentation
Num nodes in merge tree: 2499
max_level: 77
Finished allocating db
Re-using already compiled waterz version
Preparing segmentation volume...
counting regions and sizes...
creating region graph for 444 nodes
creating statistics provider
extracting region graph...
Region graph number of edges: 2071
merging until threshold 0
computing initial scores
merging until 0
min edge score 0.00195312
threshold exceeded
merged 0 edges
merging until threshold 1
merging until 1
min edge score 0.00195312
merged 442 edges
extracting segmentation
Num nodes in merge tree: 887
max_level: 47
Finished allocating db
Re-using already compiled waterz version
Preparing segmentation volume...
counting regions and sizes...
creating region graph for 1007 nodes
creating statistics provider
extracting region graph...
Region graph number of edges: 5198
merging until threshold 0
computing initial scores
merging until 0
min edge score 0.00195312
threshold exceeded
merged 0 edges
merging until threshold 1
merging until 1
min edge score 0.00195312
merged 1005 edges
extracting segmentation
Num nodes in merge tree: 2013
max_level: 62
Finished allocating db
Re-using already compiled waterz version
Preparing segmentation volume...
counting regions and sizes...
creating region graph for 1537 nodes
creating statistics provider
extracting region graph...
Region graph number of edges: 7931
merging until threshold 0
computing initial scores
merging until 0
min edge score 0.00195312
threshold exceeded
merged 0 edges
merging until threshold 1
merging until 1
min edge score 0.00195312
merged 1535 edges
extracting segmentation
Num nodes in merge tree: 3073
max_level: 119
Finished allocating db
Re-using already compiled waterz version
Preparing segmentation volume...
counting regions and sizes...
creating region graph for 1307 nodes
creating statistics provider
extracting region graph...
Region graph number of edges: 6751
merging until threshold 0
computing initial scores
merging until 0
min edge score 0.00195312
threshold exceeded
merged 0 edges
merging until threshold 1
merging until 1
min edge score 0.00195312
merged 1305 edges
extracting segmentation
Num nodes in merge tree: 2613
max_level: 66
Finished allocating db
Re-using already compiled waterz version
Preparing segmentation volume...
counting regions and sizes...
creating region graph for 1279 nodes
creating statistics provider
extracting region graph...
Region graph number of edges: 6788
merging until threshold 0
computing initial scores
merging until 0
min edge score 0.00195312
threshold exceeded
merged 0 edges
merging until threshold 1
merging until 1
min edge score 0.00195312
merged 1277 edges
extracting segmentation
Num nodes in merge tree: 2557
max_level: 70
Finished allocating db
Re-using already compiled waterz version
Preparing segmentation volume...
counting regions and sizes...
creating region graph for 892 nodes
creating statistics provider
extracting region graph...
Region graph number of edges: 4585
merging until threshold 0
computing initial scores
merging until 0
min edge score 0.00195312
threshold exceeded
merged 0 edges
merging until threshold 1
merging until 1
min edge score 0.00195312
merged 890 edges
extracting segmentation
Num nodes in merge tree: 1783
max_level: 49
Finished allocating db
Re-using already compiled waterz version
Preparing segmentation volume...
counting regions and sizes...
creating region graph for 1070 nodes
creating statistics provider
extracting region graph...
Region graph number of edges: 5553
merging until threshold 0
computing initial scores
merging until 0
min edge score 0.00195312
threshold exceeded
merged 0 edges
merging until threshold 1
merging until 1
min edge score 0.00195312
merged 1068 edges
extracting segmentation
Num nodes in merge tree: 2139
max_level: 90
Finished allocating db
Re-using already compiled waterz version
Preparing segmentation volume...
counting regions and sizes...
creating region graph for 1104 nodes
creating statistics provider
extracting region graph...
Region graph number of edges: 5843
merging until threshold 0
computing initial scores
merging until 0
min edge score 0.00195312
threshold exceeded
merged 0 edges
merging until threshold 1
merging until 1
min edge score 0.00195312
merged 1102 edges
extracting segmentation
Num nodes in merge tree: 2207
max_level: 94
Finished allocating db
Re-using already compiled waterz version
Preparing segmentation volume...
counting regions and sizes...
creating region graph for 308 nodes
creating statistics provider
extracting region graph...
Region graph number of edges: 1423
merging until threshold 0
computing initial scores
merging until 0
min edge score 0.00195312
threshold exceeded
merged 0 edges
merging until threshold 1
merging until 1
min edge score 0.00195312
merged 306 edges
extracting segmentation
Num nodes in merge tree: 615
max_level: 40
Finished allocating db
Re-using already compiled waterz version
Preparing segmentation volume...
counting regions and sizes...
creating region graph for 912 nodes
creating statistics provider
extracting region graph...
Region graph number of edges: 4656
merging until threshold 0
computing initial scores
merging until 0
min edge score 0.00195312
threshold exceeded
merged 0 edges
merging until threshold 1
merging until 1
min edge score 0.00195312
merged 910 edges
extracting segmentation
Num nodes in merge tree: 1823
max_level: 75
Finished allocating db
Re-using already compiled waterz version
Preparing segmentation volume...
counting regions and sizes...
creating region graph for 1793 nodes
creating statistics provider
extracting region graph...
Region graph number of edges: 10036
merging until threshold 0
computing initial scores
merging until 0
min edge score 0.00195312
threshold exceeded
merged 0 edges
merging until threshold 1
merging until 1
min edge score 0.00195312
merged 1791 edges
extracting segmentation
Num nodes in merge tree: 3585
max_level: 63
Finished allocating db
Re-using already compiled waterz version
Preparing segmentation volume...
counting regions and sizes...
creating region graph for 1417 nodes
creating statistics provider
extracting region graph...
Region graph number of edges: 7716
merging until threshold 0
computing initial scores
merging until 0
min edge score 0.00195312
threshold exceeded
merged 0 edges
merging until threshold 1
merging until 1
min edge score 0.00195312
merged 1415 edges
extracting segmentation
Num nodes in merge tree: 2833
max_level: 72
Finished allocating db
Re-using already compiled waterz version
Preparing segmentation volume...
counting regions and sizes...
creating region graph for 1082 nodes
creating statistics provider
extracting region graph...
Region graph number of edges: 5871
merging until threshold 0
computing initial scores
merging until 0
min edge score 0.00195312
threshold exceeded
merged 0 edges
merging until threshold 1
merging until 1
min edge score 0.00195312
merged 1080 edges
extracting segmentation
Num nodes in merge tree: 2163
max_level: 66
Finished allocating db
Re-using already compiled waterz version
Preparing segmentation volume...
counting regions and sizes...
creating region graph for 1013 nodes
creating statistics provider
extracting region graph...
Region graph number of edges: 5233
merging until threshold 0
computing initial scores
merging until 0
min edge score 0.00195312
threshold exceeded
merged 0 edges
merging until threshold 1
merging until 1
min edge score 0.00195312
merged 1011 edges
extracting segmentation
Num nodes in merge tree: 2025
max_level: 60
Finished allocating db
Re-using already compiled waterz version
Preparing segmentation volume...
counting regions and sizes...
creating region graph for 1065 nodes
creating statistics provider
extracting region graph...
Region graph number of edges: 5492
merging until threshold 0
computing initial scores
merging until 0
min edge score 0.00195312
threshold exceeded
merged 0 edges
merging until threshold 1
merging until 1
min edge score 0.00195312
merged 1063 edges
extracting segmentation
Num nodes in merge tree: 2129
max_level: 55
Finished allocating db
Re-using already compiled waterz version
Preparing segmentation volume...
counting regions and sizes...
creating region graph for 969 nodes
creating statistics provider
extracting region graph...
Region graph number of edges: 4796
merging until threshold 0
computing initial scores
merging until 0
min edge score 0.00195312
threshold exceeded
merged 0 edges
merging until threshold 1
merging until 1
min edge score 0.00195312
merged 967 edges
extracting segmentation
Num nodes in merge tree: 1937
max_level: 57
Finished allocating db
Re-using already compiled waterz version
Preparing segmentation volume...
counting regions and sizes...
creating region graph for 253 nodes
creating statistics provider
extracting region graph...
Region graph number of edges: 1169
merging until threshold 0
computing initial scores
merging until 0
min edge score 0.00195312
threshold exceeded
merged 0 edges
merging until threshold 1
merging until 1
min edge score 0.00195312
merged 251 edges
extracting segmentation
Num nodes in merge tree: 505
max_level: 35
Finished allocating db
Re-using already compiled waterz version
Preparing segmentation volume...
counting regions and sizes...
creating region graph for 1085 nodes
creating statistics provider
extracting region graph...
Region graph number of edges: 5955
merging until threshold 0
computing initial scores
merging until 0
min edge score 0.00195312
threshold exceeded
merged 0 edges
merging until threshold 1
merging until 1
min edge score 0.00195312
merged 1083 edges
extracting segmentation
Num nodes in merge tree: 2169
max_level: 129
Finished allocating db
Re-using already compiled waterz version
Preparing segmentation volume...
counting regions and sizes...
creating region graph for 1536 nodes
creating statistics provider
extracting region graph...
Region graph number of edges: 8390
merging until threshold 0
computing initial scores
merging until 0
min edge score 0.00195312
threshold exceeded
merged 0 edges
merging until threshold 1
merging until 1
min edge score 0.00195312
merged 1534 edges
extracting segmentation
Num nodes in merge tree: 3071
max_level: 193
Finished allocating db
Re-using already compiled waterz version
Preparing segmentation volume...
counting regions and sizes...
creating region graph for 1391 nodes
creating statistics provider
extracting region graph...
Region graph number of edges: 7442
merging until threshold 0
computing initial scores
merging until 0
min edge score 0.00195312
threshold exceeded
merged 0 edges
merging until threshold 1
merging until 1
min edge score 0.00195312
merged 1389 edges
extracting segmentation
Num nodes in merge tree: 2781
max_level: 73
Finished allocating db
Re-using already compiled waterz version
Preparing segmentation volume...
counting regions and sizes...
creating region graph for 1571 nodes
creating statistics provider
extracting region graph...
Region graph number of edges: 8696
merging until threshold 0
computing initial scores
merging until 0
min edge score 0.00195312
threshold exceeded
merged 0 edges
merging until threshold 1
merging until 1
min edge score 0.00195312
merged 1569 edges
extracting segmentation
Num nodes in merge tree: 3141
max_level: 117
Finished allocating db
Re-using already compiled waterz version
Preparing segmentation volume...
counting regions and sizes...
creating region graph for 1153 nodes
creating statistics provider
extracting region graph...
Region graph number of edges: 6212
merging until threshold 0
computing initial scores
merging until 0
min edge score 0.00195312
threshold exceeded
merged 0 edges
merging until threshold 1
merging until 1
min edge score 0.00195312
merged 1151 edges
extracting segmentation
Num nodes in merge tree: 2305
max_level: 59
Finished allocating db
Re-using already compiled waterz version
Preparing segmentation volume...
counting regions and sizes...
creating region graph for 1078 nodes
creating statistics provider
extracting region graph...
Region graph number of edges: 5594
merging until threshold 0
computing initial scores
merging until 0
min edge score 0.00195312
threshold exceeded
merged 0 edges
merging until threshold 1
merging until 1
min edge score 0.00195312
merged 1076 edges
extracting segmentation
Num nodes in merge tree: 2155
max_level: 71
Finished allocating db
Re-using already compiled waterz version
Preparing segmentation volume...
counting regions and sizes...
creating region graph for 1275 nodes
creating statistics provider
extracting region graph...
Region graph number of edges: 6708
merging until threshold 0
computing initial scores
merging until 0
min edge score 0.00195312
threshold exceeded
merged 0 edges
merging until threshold 1
merging until 1
min edge score 0.00195312
merged 1273 edges
extracting segmentation
Num nodes in merge tree: 2549
max_level: 81
Finished allocating db
Re-using already compiled waterz version
Preparing segmentation volume...
counting regions and sizes...
creating region graph for 369 nodes
creating statistics provider
extracting region graph...
Region graph number of edges: 1679
merging until threshold 0
computing initial scores
merging until 0
min edge score 0.00195312
threshold exceeded
merged 0 edges
merging until threshold 1
merging until 1
min edge score 0.00195312
merged 367 edges
extracting segmentation
Num nodes in merge tree: 737
max_level: 43
Finished allocating db
Re-using already compiled waterz version
Preparing segmentation volume...
counting regions and sizes...
creating region graph for 550 nodes
creating statistics provider
extracting region graph...
Region graph number of edges: 2717
merging until threshold 0
computing initial scores
merging until 0
min edge score 0.00195312
threshold exceeded
merged 0 edges
merging until threshold 1
merging until 1
min edge score 0.00195312
merged 548 edges
extracting segmentation
Num nodes in merge tree: 1099
max_level: 134
Finished allocating db
Re-using already compiled waterz version
Preparing segmentation volume...
counting regions and sizes...
creating region graph for 1376 nodes
creating statistics provider
extracting region graph...
Region graph number of edges: 7252
merging until threshold 0
computing initial scores
merging until 0
min edge score 0.00195312
threshold exceeded
merged 0 edges
merging until threshold 1
merging until 1
min edge score 0.00195312
merged 1374 edges
extracting segmentation
Num nodes in merge tree: 2751
max_level: 238
Finished allocating db
Re-using already compiled waterz version
Preparing segmentation volume...
counting regions and sizes...
creating region graph for 1245 nodes
creating statistics provider
extracting region graph...
Region graph number of edges: 6643
merging until threshold 0
computing initial scores
merging until 0
min edge score 0.00195312
threshold exceeded
merged 0 edges
merging until threshold 1
merging until 1
min edge score 0.00195312
merged 1243 edges
extracting segmentation
Num nodes in merge tree: 2489
max_level: 110
Finished allocating db
Re-using already compiled waterz version
Preparing segmentation volume...
counting regions and sizes...
creating region graph for 1460 nodes
creating statistics provider
extracting region graph...
Region graph number of edges: 7916
merging until threshold 0
computing initial scores
merging until 0
min edge score 0.00195312
threshold exceeded
merged 0 edges
merging until threshold 1
merging until 1
min edge score 0.00195312
merged 1458 edges
extracting segmentation
Num nodes in merge tree: 2919
max_level: 107
Finished allocating db
Re-using already compiled waterz version
Preparing segmentation volume...
counting regions and sizes...
creating region graph for 1262 nodes
creating statistics provider
extracting region graph...
Region graph number of edges: 6705
merging until threshold 0
computing initial scores
merging until 0
min edge score 0.00195312
threshold exceeded
merged 0 edges
merging until threshold 1
merging until 1
min edge score 0.00195312
merged 1260 edges
extracting segmentation
Num nodes in merge tree: 2523
max_level: 76
Finished allocating db
Re-using already compiled waterz version
Preparing segmentation volume...
counting regions and sizes...
creating region graph for 1204 nodes
creating statistics provider
extracting region graph...
Region graph number of edges: 6408
merging until threshold 0
computing initial scores
merging until 0
min edge score 0.00195312
threshold exceeded
merged 0 edges
merging until threshold 1
merging until 1
min edge score 0.00195312
merged 1202 edges
extracting segmentation
Num nodes in merge tree: 2407
max_level: 104
Finished allocating db
Re-using already compiled waterz version
Preparing segmentation volume...
counting regions and sizes...
creating region graph for 1425 nodes
creating statistics provider
extracting region graph...
Region graph number of edges: 7412
merging until threshold 0
computing initial scores
merging until 0
min edge score 0.00195312
threshold exceeded
merged 0 edges
merging until threshold 1
merging until 1
min edge score 0.00195312
merged 1423 edges
extracting segmentation
Num nodes in merge tree: 2849
max_level: 178
Finished allocating db
Re-using already compiled waterz version
Preparing segmentation volume...
counting regions and sizes...
creating region graph for 415 nodes
creating statistics provider
extracting region graph...
Region graph number of edges: 2017
merging until threshold 0
computing initial scores
merging until 0
min edge score 0.00195312
threshold exceeded
merged 0 edges
merging until threshold 1
merging until 1
min edge score 0.00195312
merged 413 edges
extracting segmentation
Num nodes in merge tree: 829
max_level: 88
Finished allocating db
Re-using already compiled waterz version
Preparing segmentation volume...
counting regions and sizes...
creating region graph for 141 nodes
creating statistics provider
extracting region graph...
Region graph number of edges: 589
merging until threshold 0
computing initial scores
merging until 0
min edge score 0.00195312
threshold exceeded
merged 0 edges
merging until threshold 1
merging until 1
min edge score 0.00195312
merged 139 edges
extracting segmentation
Num nodes in merge tree: 281
max_level: 25
Finished allocating db
Re-using already compiled waterz version
Preparing segmentation volume...
counting regions and sizes...
creating region graph for 360 nodes
creating statistics provider
extracting region graph...
Region graph number of edges: 1700
merging until threshold 0
computing initial scores
merging until 0
min edge score 0.00195312
threshold exceeded
merged 0 edges
merging until threshold 1
merging until 1
min edge score 0.00195312
merged 358 edges
extracting segmentation
Num nodes in merge tree: 719
max_level: 121
Finished allocating db
Re-using already compiled waterz version
Preparing segmentation volume...
counting regions and sizes...
creating region graph for 366 nodes
creating statistics provider
extracting region graph...
Region graph number of edges: 1703
merging until threshold 0
computing initial scores
merging until 0
min edge score 0.00195312
threshold exceeded
merged 0 edges
merging until threshold 1
merging until 1
min edge score 0.00195312
merged 364 edges
extracting segmentation
Num nodes in merge tree: 731
max_level: 60
Finished allocating db
Re-using already compiled waterz version
Preparing segmentation volume...
counting regions and sizes...
creating region graph for 335 nodes
creating statistics provider
extracting region graph...
Region graph number of edges: 1548
merging until threshold 0
computing initial scores
merging until 0
min edge score 0.00195312
threshold exceeded
merged 0 edges
merging until threshold 1
merging until 1
min edge score 0.00195312
merged 333 edges
extracting segmentation
Num nodes in merge tree: 669
max_level: 41
Finished allocating db
Re-using already compiled waterz version
Preparing segmentation volume...
counting regions and sizes...
creating region graph for 287 nodes
creating statistics provider
extracting region graph...
Region graph number of edges: 1329
merging until threshold 0
computing initial scores
merging until 0
min edge score 0.00195312
threshold exceeded
merged 0 edges
merging until threshold 1
merging until 1
min edge score 0.00195312
merged 285 edges
extracting segmentation
Num nodes in merge tree: 573
max_level: 30
Finished allocating db
Re-using already compiled waterz version
Preparing segmentation volume...
counting regions and sizes...
creating region graph for 233 nodes
creating statistics provider
extracting region graph...
Region graph number of edges: 965
merging until threshold 0
computing initial scores
merging until 0
min edge score 0.00195312
threshold exceeded
merged 0 edges
merging until threshold 1
merging until 1
min edge score 0.00195312
merged 231 edges
extracting segmentation
Num nodes in merge tree: 465
max_level: 36
Finished allocating db
Re-using already compiled waterz version
Preparing segmentation volume...
counting regions and sizes...
creating region graph for 370 nodes
creating statistics provider
extracting region graph...
Region graph number of edges: 1740
merging until threshold 0
computing initial scores
merging until 0
min edge score 0.00195312
threshold exceeded
merged 0 edges
merging until threshold 1
merging until 1
min edge score 0.00195312
merged 368 edges
extracting segmentation
Num nodes in merge tree: 739
max_level: 46
Finished allocating db
Re-using already compiled waterz version
Preparing segmentation volume...
counting regions and sizes...
creating region graph for 98 nodes
creating statistics provider
extracting region graph...
Region graph number of edges: 405
merging until threshold 0
computing initial scores
merging until 0
min edge score 0.00195312
threshold exceeded
merged 0 edges
merging until threshold 1
merging until 1
min edge score 0.00195312
merged 96 edges
extracting segmentation
Num nodes in merge tree: 195
max_level: 36
Finished allocating db
Re-using already compiled waterz version
Preparing segmentation volume...
counting regions and sizes...
creating region graph for 606 nodes
creating statistics provider
extracting region graph...
Region graph number of edges: 3189
merging until threshold 0
computing initial scores
merging until 0
min edge score 0.00195312
threshold exceeded
merged 0 edges
merging until threshold 1
merging until 1
min edge score 0.00195312
merged 604 edges
extracting segmentation
Num nodes in merge tree: 1211
max_level: 55
Finished allocating db
Re-using already compiled waterz version
Preparing segmentation volume...
counting regions and sizes...
creating region graph for 1036 nodes
creating statistics provider
extracting region graph...
Region graph number of edges: 5563
merging until threshold 0
computing initial scores
merging until 0
min edge score 0.00195312
threshold exceeded
merged 0 edges
merging until threshold 1
merging until 1
min edge score 0.00195312
merged 1034 edges
extracting segmentation
Num nodes in merge tree: 2071
max_level: 61
Finished allocating db
Re-using already compiled waterz version
Preparing segmentation volume...
counting regions and sizes...
creating region graph for 1319 nodes
creating statistics provider
extracting region graph...
Region graph number of edges: 7183
merging until threshold 0
computing initial scores
merging until 0
min edge score 0.00195312
threshold exceeded
merged 0 edges
merging until threshold 1
merging until 1
min edge score 0.00195312
merged 1317 edges
extracting segmentation
Num nodes in merge tree: 2637
max_level: 54
Finished allocating db
Re-using already compiled waterz version
Preparing segmentation volume...
counting regions and sizes...
creating region graph for 1073 nodes
creating statistics provider
extracting region graph...
Region graph number of edges: 5765
merging until threshold 0
computing initial scores
merging until 0
min edge score 0.00195312
threshold exceeded
merged 0 edges
merging until threshold 1
merging until 1
min edge score 0.00195312
merged 1071 edges
extracting segmentation
Num nodes in merge tree: 2145
max_level: 58
Finished allocating db
Re-using already compiled waterz version
Preparing segmentation volume...
counting regions and sizes...
creating region graph for 974 nodes
creating statistics provider
extracting region graph...
Region graph number of edges: 5098
merging until threshold 0
computing initial scores
merging until 0
min edge score 0.00195312
threshold exceeded
merged 0 edges
merging until threshold 1
merging until 1
min edge score 0.00195312
merged 972 edges
extracting segmentation
Num nodes in merge tree: 1947
max_level: 61
Finished allocating db
Re-using already compiled waterz version
Preparing segmentation volume...
counting regions and sizes...
creating region graph for 1290 nodes
creating statistics provider
extracting region graph...
Region graph number of edges: 7252
merging until threshold 0
computing initial scores
merging until 0
min edge score 0.00195312
threshold exceeded
merged 0 edges
merging until threshold 1
merging until 1
min edge score 0.00195312
merged 1288 edges
extracting segmentation
Num nodes in merge tree: 2579
max_level: 113
Finished allocating db
Re-using already compiled waterz version
Preparing segmentation volume...
counting regions and sizes...
creating region graph for 891 nodes
creating statistics provider
extracting region graph...
Region graph number of edges: 4733
merging until threshold 0
computing initial scores
merging until 0
min edge score 0.00195312
threshold exceeded
merged 0 edges
merging until threshold 1
merging until 1
min edge score 0.00195312
merged 889 edges
extracting segmentation
Num nodes in merge tree: 1781
max_level: 73
Finished allocating db
Re-using already compiled waterz version
Preparing segmentation volume...
counting regions and sizes...
creating region graph for 264 nodes
creating statistics provider
extracting region graph...
Region graph number of edges: 1271
merging until threshold 0
computing initial scores
merging until 0
min edge score 0.00195312
threshold exceeded
merged 0 edges
merging until threshold 1
merging until 1
min edge score 0.00195312
merged 262 edges
extracting segmentation
Num nodes in merge tree: 527
max_level: 42
Finished allocating db
Re-using already compiled waterz version
Preparing segmentation volume...
counting regions and sizes...
creating region graph for 668 nodes
creating statistics provider
extracting region graph...
Region graph number of edges: 3443
merging until threshold 0
computing initial scores
merging until 0
min edge score 0.00195312
threshold exceeded
merged 0 edges
merging until threshold 1
merging until 1
min edge score 0.00195312
merged 666 edges
extracting segmentation
Num nodes in merge tree: 1335
max_level: 58
Finished allocating db
Re-using already compiled waterz version
Preparing segmentation volume...
counting regions and sizes...
creating region graph for 1499 nodes
creating statistics provider
extracting region graph...
Region graph number of edges: 8247
merging until threshold 0
computing initial scores
merging until 0
min edge score 0.00195312
threshold exceeded
merged 0 edges
merging until threshold 1
merging until 1
min edge score 0.00195312
merged 1497 edges
extracting segmentation
Num nodes in merge tree: 2997
max_level: 108
Finished allocating db
Re-using already compiled waterz version
Preparing segmentation volume...
counting regions and sizes...
creating region graph for 1600 nodes
creating statistics provider
extracting region graph...
Region graph number of edges: 8859
merging until threshold 0
computing initial scores
merging until 0
min edge score 0.00195312
threshold exceeded
merged 0 edges
merging until threshold 1
merging until 1
min edge score 0.00195312
merged 1598 edges
extracting segmentation
Num nodes in merge tree: 3199
max_level: 72
Finished allocating db
Re-using already compiled waterz version
Preparing segmentation volume...
counting regions and sizes...
creating region graph for 1327 nodes
creating statistics provider
extracting region graph...
Region graph number of edges: 7166
merging until threshold 0
computing initial scores
merging until 0
min edge score 0.00195312
threshold exceeded
merged 0 edges
merging until threshold 1
merging until 1
min edge score 0.00195312
merged 1325 edges
extracting segmentation
Num nodes in merge tree: 2653
max_level: 76
Finished allocating db
Re-using already compiled waterz version
Preparing segmentation volume...
counting regions and sizes...
creating region graph for 1382 nodes
creating statistics provider
extracting region graph...
Region graph number of edges: 7141
merging until threshold 0
computing initial scores
merging until 0
min edge score 0.00195312
threshold exceeded
merged 0 edges
merging until threshold 1
merging until 1
min edge score 0.00195312
merged 1380 edges
extracting segmentation
Num nodes in merge tree: 2763
max_level: 82
Finished allocating db
Re-using already compiled waterz version
Preparing segmentation volume...
counting regions and sizes...
creating region graph for 1705 nodes
creating statistics provider
extracting region graph...
Region graph number of edges: 9002
merging until threshold 0
computing initial scores
merging until 0
min edge score 0.00195312
threshold exceeded
merged 0 edges
merging until threshold 1
merging until 1
min edge score 0.00195312
merged 1703 edges
extracting segmentation
Num nodes in merge tree: 3409
max_level: 129
Finished allocating db
Re-using already compiled waterz version
Preparing segmentation volume...
counting regions and sizes...
creating region graph for 1328 nodes
creating statistics provider
extracting region graph...
Region graph number of edges: 7011
merging until threshold 0
computing initial scores
merging until 0
min edge score 0.00195312
threshold exceeded
merged 0 edges
merging until threshold 1
merging until 1
min edge score 0.00195312
merged 1326 edges
extracting segmentation
Num nodes in merge tree: 2655
max_level: 68
Finished allocating db
Re-using already compiled waterz version
Preparing segmentation volume...
counting regions and sizes...
creating region graph for 456 nodes
creating statistics provider
extracting region graph...
Region graph number of edges: 2183
merging until threshold 0
computing initial scores
merging until 0
min edge score 0.00195312
threshold exceeded
merged 0 edges
merging until threshold 1
merging until 1
min edge score 0.00195312
merged 454 edges
extracting segmentation
Num nodes in merge tree: 911
max_level: 68
Finished allocating db
Re-using already compiled waterz version
Preparing segmentation volume...
counting regions and sizes...
creating region graph for 664 nodes
creating statistics provider
extracting region graph...
Region graph number of edges: 3346
merging until threshold 0
computing initial scores
merging until 0
min edge score 0.00195312
threshold exceeded
merged 0 edges
merging until threshold 1
merging until 1
min edge score 0.00195312
merged 662 edges
extracting segmentation
Num nodes in merge tree: 1327
max_level: 58
Finished allocating db
Re-using already compiled waterz version
Preparing segmentation volume...
counting regions and sizes...
creating region graph for 1421 nodes
creating statistics provider
extracting region graph...
Region graph number of edges: 7555
merging until threshold 0
computing initial scores
merging until 0
min edge score 0.00195312
threshold exceeded
merged 0 edges
merging until threshold 1
merging until 1
min edge score 0.00195312
merged 1419 edges
extracting segmentation
Num nodes in merge tree: 2841
max_level: 119
Finished allocating db
Re-using already compiled waterz version
Preparing segmentation volume...
counting regions and sizes...
creating region graph for 1412 nodes
creating statistics provider
extracting region graph...
Region graph number of edges: 7377
merging until threshold 0
computing initial scores
merging until 0
min edge score 0.00195312
threshold exceeded
merged 0 edges
merging until threshold 1
merging until 1
min edge score 0.00195312
merged 1410 edges
extracting segmentation
Num nodes in merge tree: 2823
max_level: 78
Finished allocating db
Re-using already compiled waterz version
Preparing segmentation volume...
counting regions and sizes...
creating region graph for 1628 nodes
creating statistics provider
extracting region graph...
Region graph number of edges: 8857
merging until threshold 0
computing initial scores
merging until 0
min edge score 0.00195312
threshold exceeded
merged 0 edges
merging until threshold 1
merging until 1
min edge score 0.00195312
merged 1626 edges
extracting segmentation
Num nodes in merge tree: 3255
max_level: 87
Finished allocating db
Re-using already compiled waterz version
Preparing segmentation volume...
counting regions and sizes...
creating region graph for 1676 nodes
creating statistics provider
extracting region graph...
Region graph number of edges: 8827
merging until threshold 0
computing initial scores
merging until 0
min edge score 0.00195312
threshold exceeded
merged 0 edges
merging until threshold 1
merging until 1
min edge score 0.00195312
merged 1674 edges
extracting segmentation
Num nodes in merge tree: 3351
max_level: 137
Finished allocating db
Re-using already compiled waterz version
Preparing segmentation volume...
counting regions and sizes...
creating region graph for 1528 nodes
creating statistics provider
extracting region graph...
Region graph number of edges: 7959
merging until threshold 0
computing initial scores
merging until 0
min edge score 0.00195312
threshold exceeded
merged 0 edges
merging until threshold 1
merging until 1
min edge score 0.00195312
merged 1526 edges
extracting segmentation
Num nodes in merge tree: 3055
max_level: 68
Finished allocating db
Re-using already compiled waterz version
Preparing segmentation volume...
counting regions and sizes...
creating region graph for 1282 nodes
creating statistics provider
extracting region graph...
Region graph number of edges: 6549
merging until threshold 0
computing initial scores
merging until 0
min edge score 0.00195312
threshold exceeded
merged 0 edges
merging until threshold 1
merging until 1
min edge score 0.00195312
merged 1280 edges
extracting segmentation
Num nodes in merge tree: 2563
max_level: 77
Finished allocating db
Re-using already compiled waterz version
Preparing segmentation volume...
counting regions and sizes...
creating region graph for 365 nodes
creating statistics provider
extracting region graph...
Region graph number of edges: 1671
merging until threshold 0
computing initial scores
merging until 0
min edge score 0.00195312
threshold exceeded
merged 0 edges
merging until threshold 1
merging until 1
min edge score 0.00195312
merged 363 edges
extracting segmentation
Num nodes in merge tree: 729
max_level: 44
Finished allocating db
Re-using already compiled waterz version
Preparing segmentation volume...
counting regions and sizes...
creating region graph for 1093 nodes
creating statistics provider
extracting region graph...
Region graph number of edges: 5947
merging until threshold 0
computing initial scores
merging until 0
min edge score 0.00195312
threshold exceeded
merged 0 edges
merging until threshold 1
merging until 1
min edge score 0.00195312
merged 1091 edges
extracting segmentation
Num nodes in merge tree: 2185
max_level: 84
Finished allocating db
Re-using already compiled waterz version
Preparing segmentation volume...
counting regions and sizes...
creating region graph for 1685 nodes
creating statistics provider
extracting region graph...
Region graph number of edges: 9067
merging until threshold 0
computing initial scores
merging until 0
min edge score 0.00195312
threshold exceeded
merged 0 edges
merging until threshold 1
merging until 1
min edge score 0.00195312
merged 1683 edges
extracting segmentation
Num nodes in merge tree: 3369
max_level: 138
Finished allocating db
Re-using already compiled waterz version
Preparing segmentation volume...
counting regions and sizes...
creating region graph for 1585 nodes
creating statistics provider
extracting region graph...
Region graph number of edges: 8469
merging until threshold 0
computing initial scores
merging until 0
min edge score 0.00195312
threshold exceeded
merged 0 edges
merging until threshold 1
merging until 1
min edge score 0.00195312
merged 1583 edges
extracting segmentation
Num nodes in merge tree: 3169
max_level: 81
Finished allocating db
Re-using already compiled waterz version
Preparing segmentation volume...
counting regions and sizes...
creating region graph for 1741 nodes
creating statistics provider
extracting region graph...
Region graph number of edges: 9516
merging until threshold 0
computing initial scores
merging until 0
min edge score 0.00195312
threshold exceeded
merged 0 edges
merging until threshold 1
merging until 1
min edge score 0.00195312
merged 1739 edges
extracting segmentation
Num nodes in merge tree: 3481
max_level: 96
Finished allocating db
Re-using already compiled waterz version
Preparing segmentation volume...
counting regions and sizes...
creating region graph for 1523 nodes
creating statistics provider
extracting region graph...
Region graph number of edges: 7996
merging until threshold 0
computing initial scores
merging until 0
min edge score 0.00195312
threshold exceeded
merged 0 edges
merging until threshold 1
merging until 1
min edge score 0.00195312
merged 1521 edges
extracting segmentation
Num nodes in merge tree: 3045
max_level: 86
Finished allocating db
Re-using already compiled waterz version
Preparing segmentation volume...
counting regions and sizes...
creating region graph for 1941 nodes
creating statistics provider
extracting region graph...
Region graph number of edges: 10757
merging until threshold 0
computing initial scores
merging until 0
min edge score 0.00195312
threshold exceeded
merged 0 edges
merging until threshold 1
merging until 1
min edge score 0.00195312
merged 1939 edges
extracting segmentation
Num nodes in merge tree: 3881
max_level: 117
Finished allocating db
Re-using already compiled waterz version
Preparing segmentation volume...
counting regions and sizes...
creating region graph for 1745 nodes
creating statistics provider
extracting region graph...
Region graph number of edges: 9536
merging until threshold 0
computing initial scores
merging until 0
min edge score 0.00195312
threshold exceeded
merged 0 edges
merging until threshold 1
merging until 1
min edge score 0.00195312
merged 1743 edges
extracting segmentation
Num nodes in merge tree: 3489
max_level: 67
Finished allocating db
Re-using already compiled waterz version
Preparing segmentation volume...
counting regions and sizes...
creating region graph for 483 nodes
creating statistics provider
extracting region graph...
Region graph number of edges: 2363
merging until threshold 0
computing initial scores
merging until 0
min edge score 0.00195312
threshold exceeded
merged 0 edges
merging until threshold 1
merging until 1
min edge score 0.00195312
merged 481 edges
extracting segmentation
Num nodes in merge tree: 965
max_level: 43
Finished allocating db
Re-using already compiled waterz version
Preparing segmentation volume...
counting regions and sizes...
creating region graph for 790 nodes
creating statistics provider
extracting region graph...
Region graph number of edges: 4006
merging until threshold 0
computing initial scores
merging until 0
min edge score 0.00195312
threshold exceeded
merged 0 edges
merging until threshold 1
merging until 1
min edge score 0.00195312
merged 788 edges
extracting segmentation
Num nodes in merge tree: 1579
max_level: 110
Finished allocating db
Re-using already compiled waterz version
Preparing segmentation volume...
counting regions and sizes...
creating region graph for 2168 nodes
creating statistics provider
extracting region graph...
Region graph number of edges: 11816
merging until threshold 0
computing initial scores
merging until 0
min edge score 0.00195312
threshold exceeded
merged 0 edges
merging until threshold 1
merging until 1
min edge score 0.00195312
merged 2166 edges
extracting segmentation
Num nodes in merge tree: 4335
max_level: 176
Finished allocating db
Re-using already compiled waterz version
Preparing segmentation volume...
counting regions and sizes...
creating region graph for 1282 nodes
creating statistics provider
extracting region graph...
Region graph number of edges: 6728
merging until threshold 0
computing initial scores
merging until 0
min edge score 0.00195312
threshold exceeded
merged 0 edges
merging until threshold 1
merging until 1
min edge score 0.00195312
merged 1280 edges
extracting segmentation
Num nodes in merge tree: 2563
max_level: 77
Finished allocating db
Re-using already compiled waterz version
Preparing segmentation volume...
counting regions and sizes...
creating region graph for 976 nodes
creating statistics provider
extracting region graph...
Region graph number of edges: 4950
merging until threshold 0
computing initial scores
merging until 0
min edge score 0.00195312
threshold exceeded
merged 0 edges
merging until threshold 1
merging until 1
min edge score 0.00195312
merged 974 edges
extracting segmentation
Num nodes in merge tree: 1951
max_level: 62
Finished allocating db
Re-using already compiled waterz version
Preparing segmentation volume...
counting regions and sizes...
creating region graph for 1381 nodes
creating statistics provider
extracting region graph...
Region graph number of edges: 7333
merging until threshold 0
computing initial scores
merging until 0
min edge score 0.00195312
threshold exceeded
merged 0 edges
merging until threshold 1
merging until 1
min edge score 0.00195312
merged 1379 edges
extracting segmentation
Num nodes in merge tree: 2761
max_level: 66
Finished allocating db
Re-using already compiled waterz version
Preparing segmentation volume...
counting regions and sizes...
creating region graph for 1672 nodes
creating statistics provider
extracting region graph...
Region graph number of edges: 9055
merging until threshold 0
computing initial scores
merging until 0
min edge score 0.00195312
threshold exceeded
merged 0 edges
merging until threshold 1
merging until 1
min edge score 0.00195312
merged 1670 edges
extracting segmentation
Num nodes in merge tree: 3343
max_level: 97
Finished allocating db
Re-using already compiled waterz version
Preparing segmentation volume...
counting regions and sizes...
creating region graph for 1692 nodes
creating statistics provider
extracting region graph...
Region graph number of edges: 9325
merging until threshold 0
computing initial scores
merging until 0
min edge score 0.00195312
threshold exceeded
merged 0 edges
merging until threshold 1
merging until 1
min edge score 0.00195312
merged 1690 edges
extracting segmentation
Num nodes in merge tree: 3383
max_level: 86
Finished allocating db
Re-using already compiled waterz version
Preparing segmentation volume...
counting regions and sizes...
creating region graph for 503 nodes
creating statistics provider
extracting region graph...
Region graph number of edges: 2506
merging until threshold 0
computing initial scores
merging until 0
min edge score 0.00195312
threshold exceeded
merged 0 edges
merging until threshold 1
merging until 1
min edge score 0.00195312
merged 501 edges
extracting segmentation
Num nodes in merge tree: 1005
max_level: 45
Finished allocating db
Re-using already compiled waterz version
Preparing segmentation volume...
counting regions and sizes...
creating region graph for 493 nodes
creating statistics provider
extracting region graph...
Region graph number of edges: 2366
merging until threshold 0
computing initial scores
merging until 0
min edge score 0.00195312
threshold exceeded
merged 0 edges
merging until threshold 1
merging until 1
min edge score 0.00195312
merged 491 edges
extracting segmentation
Num nodes in merge tree: 985
max_level: 64
Finished allocating db
Re-using already compiled waterz version
Preparing segmentation volume...
counting regions and sizes...
creating region graph for 1728 nodes
creating statistics provider
extracting region graph...
Region graph number of edges: 9432
merging until threshold 0
computing initial scores
merging until 0
min edge score 0.00195312
threshold exceeded
merged 0 edges
merging until threshold 1
merging until 1
min edge score 0.00195312
merged 1726 edges
extracting segmentation
Num nodes in merge tree: 3455
max_level: 181
Finished allocating db
Re-using already compiled waterz version
Preparing segmentation volume...
counting regions and sizes...
creating region graph for 1461 nodes
creating statistics provider
extracting region graph...
Region graph number of edges: 7940
merging until threshold 0
computing initial scores
merging until 0
min edge score 0.00195312
threshold exceeded
merged 0 edges
merging until threshold 1
merging until 1
min edge score 0.00195312
merged 1459 edges
extracting segmentation
Num nodes in merge tree: 2921
max_level: 136
Finished allocating db
Re-using already compiled waterz version
Preparing segmentation volume...
counting regions and sizes...
creating region graph for 868 nodes
creating statistics provider
extracting region graph...
Region graph number of edges: 4263
merging until threshold 0
computing initial scores
merging until 0
min edge score 0.00195312
threshold exceeded
merged 0 edges
merging until threshold 1
merging until 1
min edge score 0.00195312
merged 866 edges
extracting segmentation
Num nodes in merge tree: 1735
max_level: 63
Finished allocating db
Re-using already compiled waterz version
Preparing segmentation volume...
counting regions and sizes...
creating region graph for 1139 nodes
creating statistics provider
extracting region graph...
Region graph number of edges: 5877
merging until threshold 0
computing initial scores
merging until 0
min edge score 0.00195312
threshold exceeded
merged 0 edges
merging until threshold 1
merging until 1
min edge score 0.00195312
merged 1137 edges
extracting segmentation
Num nodes in merge tree: 2277
max_level: 66
Finished allocating db
Re-using already compiled waterz version
Preparing segmentation volume...
counting regions and sizes...
creating region graph for 1169 nodes
creating statistics provider
extracting region graph...
Region graph number of edges: 6260
merging until threshold 0
computing initial scores
merging until 0
min edge score 0.00195312
threshold exceeded
merged 0 edges
merging until threshold 1
merging until 1
min edge score 0.00195312
merged 1167 edges
extracting segmentation
Num nodes in merge tree: 2337
max_level: 66
Finished allocating db
Re-using already compiled waterz version
Preparing segmentation volume...
counting regions and sizes...
creating region graph for 1418 nodes
creating statistics provider
extracting region graph...
Region graph number of edges: 7772
merging until threshold 0
computing initial scores
merging until 0
min edge score 0.00195312
threshold exceeded
merged 0 edges
merging until threshold 1
merging until 1
min edge score 0.00195312
merged 1416 edges
extracting segmentation
Num nodes in merge tree: 2835
max_level: 129
Finished allocating db
Re-using already compiled waterz version
Preparing segmentation volume...
counting regions and sizes...
creating region graph for 392 nodes
creating statistics provider
extracting region graph...
Region graph number of edges: 1866
merging until threshold 0
computing initial scores
merging until 0
min edge score 0.00195312
threshold exceeded
merged 0 edges
merging until threshold 1
merging until 1
min edge score 0.00195312
merged 390 edges
extracting segmentation
Num nodes in merge tree: 783
max_level: 46
Finished allocating db
Re-using already compiled waterz version
Preparing segmentation volume...
counting regions and sizes...
creating region graph for 624 nodes
creating statistics provider
extracting region graph...
Region graph number of edges: 3281
merging until threshold 0
computing initial scores
merging until 0
min edge score 0.00195312
threshold exceeded
merged 0 edges
merging until threshold 1
merging until 1
min edge score 0.00195312
merged 622 edges
extracting segmentation
Num nodes in merge tree: 1247
max_level: 98
Finished allocating db
Re-using already compiled waterz version
Preparing segmentation volume...
counting regions and sizes...
creating region graph for 1078 nodes
creating statistics provider
extracting region graph...
Region graph number of edges: 5554
merging until threshold 0
computing initial scores
merging until 0
min edge score 0.00195312
threshold exceeded
merged 0 edges
merging until threshold 1
merging until 1
min edge score 0.00195312
merged 1076 edges
extracting segmentation
Num nodes in merge tree: 2155
max_level: 196
Finished allocating db
Re-using already compiled waterz version
Preparing segmentation volume...
counting regions and sizes...
creating region graph for 1624 nodes
creating statistics provider
extracting region graph...
Region graph number of edges: 9002
merging until threshold 0
computing initial scores
merging until 0
min edge score 0.00195312
threshold exceeded
merged 0 edges
merging until threshold 1
merging until 1
min edge score 0.00195312
merged 1622 edges
extracting segmentation
Num nodes in merge tree: 3247
max_level: 166
Finished allocating db
Re-using already compiled waterz version
Preparing segmentation volume...
counting regions and sizes...
creating region graph for 1662 nodes
creating statistics provider
extracting region graph...
Region graph number of edges: 9088
merging until threshold 0
computing initial scores
merging until 0
min edge score 0.00195312
threshold exceeded
merged 0 edges
merging until threshold 1
merging until 1
min edge score 0.00195312
merged 1660 edges
extracting segmentation
Num nodes in merge tree: 3323
max_level: 106
Finished allocating db
Re-using already compiled waterz version
Preparing segmentation volume...
counting regions and sizes...
creating region graph for 1397 nodes
creating statistics provider
extracting region graph...
Region graph number of edges: 7411
merging until threshold 0
computing initial scores
merging until 0
min edge score 0.00195312
threshold exceeded
merged 0 edges
merging until threshold 1
merging until 1
min edge score 0.00195312
merged 1395 edges
extracting segmentation
Num nodes in merge tree: 2793
max_level: 122
Finished allocating db
Re-using already compiled waterz version
Preparing segmentation volume...
counting regions and sizes...
creating region graph for 1279 nodes
creating statistics provider
extracting region graph...
Region graph number of edges: 7012
merging until threshold 0
computing initial scores
merging until 0
min edge score 0.00195312
threshold exceeded
merged 0 edges
merging until threshold 1
merging until 1
min edge score 0.00195312
merged 1277 edges
extracting segmentation
Num nodes in merge tree: 2557
max_level: 195
Finished allocating db
Re-using already compiled waterz version
Preparing segmentation volume...
counting regions and sizes...
creating region graph for 1581 nodes
creating statistics provider
extracting region graph...
Region graph number of edges: 8839
merging until threshold 0
computing initial scores
merging until 0
min edge score 0.00195312
threshold exceeded
merged 0 edges
merging until threshold 1
merging until 1
min edge score 0.00195312
merged 1579 edges
extracting segmentation
Num nodes in merge tree: 3161
max_level: 188
Finished allocating db
Re-using already compiled waterz version
Preparing segmentation volume...
counting regions and sizes...
creating region graph for 422 nodes
creating statistics provider
extracting region graph...
Region graph number of edges: 2068
merging until threshold 0
computing initial scores
merging until 0
min edge score 0.00195312
threshold exceeded
merged 0 edges
merging until threshold 1
merging until 1
min edge score 0.00195312
merged 420 edges
extracting segmentation
Num nodes in merge tree: 843
max_level: 89
Finished allocating db
Re-using already compiled waterz version
Preparing segmentation volume...
counting regions and sizes...
creating region graph for 153 nodes
creating statistics provider
extracting region graph...
Region graph number of edges: 673
merging until threshold 0
computing initial scores
merging until 0
min edge score 0.00195312
threshold exceeded
merged 0 edges
merging until threshold 1
merging until 1
min edge score 0.00195312
merged 151 edges
extracting segmentation
Num nodes in merge tree: 305
max_level: 27
Finished allocating db
Re-using already compiled waterz version
Preparing segmentation volume...
counting regions and sizes...
creating region graph for 341 nodes
creating statistics provider
extracting region graph...
Region graph number of edges: 1598
merging until threshold 0
computing initial scores
merging until 0
min edge score 0.00195312
threshold exceeded
merged 0 edges
merging until threshold 1
merging until 1
min edge score 0.00195312
merged 339 edges
extracting segmentation
Num nodes in merge tree: 681
max_level: 49
Finished allocating db
Re-using already compiled waterz version
Preparing segmentation volume...
counting regions and sizes...
creating region graph for 416 nodes
creating statistics provider
extracting region graph...
Region graph number of edges: 2011
merging until threshold 0
computing initial scores
merging until 0
min edge score 0.00195312
threshold exceeded
merged 0 edges
merging until threshold 1
merging until 1
min edge score 0.00195312
merged 414 edges
extracting segmentation
Num nodes in merge tree: 831
max_level: 87
Finished allocating db
Re-using already compiled waterz version
Preparing segmentation volume...
counting regions and sizes...
creating region graph for 349 nodes
creating statistics provider
extracting region graph...
Region graph number of edges: 1576
merging until threshold 0
computing initial scores
merging until 0
min edge score 0.00195312
threshold exceeded
merged 0 edges
merging until threshold 1
merging until 1
min edge score 0.00195312
merged 347 edges
extracting segmentation
Num nodes in merge tree: 697
max_level: 62
Finished allocating db
Re-using already compiled waterz version
Preparing segmentation volume...
counting regions and sizes...
creating region graph for 405 nodes
creating statistics provider
extracting region graph...
Region graph number of edges: 1923
merging until threshold 0
computing initial scores
merging until 0
min edge score 0.00195312
threshold exceeded
merged 0 edges
merging until threshold 1
merging until 1
min edge score 0.00195312
merged 403 edges
extracting segmentation
Num nodes in merge tree: 809
max_level: 40
Finished allocating db
Re-using already compiled waterz version
Preparing segmentation volume...
counting regions and sizes...
creating region graph for 567 nodes
creating statistics provider
extracting region graph...
Region graph number of edges: 2878
merging until threshold 0
computing initial scores
merging until 0
min edge score 0.00195312
threshold exceeded
merged 0 edges
merging until threshold 1
merging until 1
min edge score 0.00195312
merged 565 edges
extracting segmentation
Num nodes in merge tree: 1133
max_level: 137
Finished allocating db
Re-using already compiled waterz version
Preparing segmentation volume...
counting regions and sizes...
creating region graph for 367 nodes
creating statistics provider
extracting region graph...
Region graph number of edges: 1693
merging until threshold 0
computing initial scores
merging until 0
min edge score 0.00195312
threshold exceeded
merged 0 edges
merging until threshold 1
merging until 1
min edge score 0.00195312
merged 365 edges
extracting segmentation
Num nodes in merge tree: 733
max_level: 64
Finished allocating db
Re-using already compiled waterz version
Preparing segmentation volume...
counting regions and sizes...
creating region graph for 75 nodes
creating statistics provider
extracting region graph...
Region graph number of edges: 258
merging until threshold 0
computing initial scores
merging until 0
min edge score 0.00195312
threshold exceeded
merged 0 edges
merging until threshold 1
merging until 1
min edge score 0.00195312
merged 73 edges
extracting segmentation
Num nodes in merge tree: 149
max_level: 21
Finished allocating db
Re-using already compiled waterz version
Preparing segmentation volume...
counting regions and sizes...
creating region graph for 138 nodes
creating statistics provider
extracting region graph...
Region graph number of edges: 609
merging until threshold 0
computing initial scores
merging until 0
min edge score 0.00195312
threshold exceeded
merged 0 edges
merging until threshold 1
merging until 1
min edge score 0.00195312
merged 136 edges
extracting segmentation
Num nodes in merge tree: 275
max_level: 22
Finished allocating db
Re-using already compiled waterz version
Preparing segmentation volume...
counting regions and sizes...
creating region graph for 263 nodes
creating statistics provider
extracting region graph...
Region graph number of edges: 1244
merging until threshold 0
computing initial scores
merging until 0
min edge score 0.00195312
threshold exceeded
merged 0 edges
merging until threshold 1
merging until 1
min edge score 0.00195312
merged 261 edges
extracting segmentation
Num nodes in merge tree: 525
max_level: 40
Finished allocating db
Re-using already compiled waterz version
Preparing segmentation volume...
counting regions and sizes...
creating region graph for 267 nodes
creating statistics provider
extracting region graph...
Region graph number of edges: 1294
merging until threshold 0
computing initial scores
merging until 0
min edge score 0.00195312
threshold exceeded
merged 0 edges
merging until threshold 1
merging until 1
min edge score 0.00195312
merged 265 edges
extracting segmentation
Num nodes in merge tree: 533
max_level: 39
Finished allocating db
Re-using already compiled waterz version
Preparing segmentation volume...
counting regions and sizes...
creating region graph for 205 nodes
creating statistics provider
extracting region graph...
Region graph number of edges: 950
merging until threshold 0
computing initial scores
merging until 0
min edge score 0.00195312
threshold exceeded
merged 0 edges
merging until threshold 1
merging until 1
min edge score 0.00195312
merged 203 edges
extracting segmentation
Num nodes in merge tree: 409
max_level: 39
Finished allocating db
Re-using already compiled waterz version
Preparing segmentation volume...
counting regions and sizes...
creating region graph for 169 nodes
creating statistics provider
extracting region graph...
Region graph number of edges: 720
merging until threshold 0
computing initial scores
merging until 0
min edge score 0.00195312
threshold exceeded
merged 0 edges
merging until threshold 1
merging until 1
min edge score 0.00195312
merged 167 edges
extracting segmentation
Num nodes in merge tree: 337
max_level: 28
Finished allocating db
Re-using already compiled waterz version
Preparing segmentation volume...
counting regions and sizes...
creating region graph for 292 nodes
creating statistics provider
extracting region graph...
Region graph number of edges: 1362
merging until threshold 0
computing initial scores
merging until 0
min edge score 0.00195312
threshold exceeded
merged 0 edges
merging until threshold 1
merging until 1
min edge score 0.00195312
merged 290 edges
extracting segmentation
Num nodes in merge tree: 583
max_level: 55
Finished allocating db
Re-using already compiled waterz version
Preparing segmentation volume...
counting regions and sizes...
creating region graph for 236 nodes
creating statistics provider
extracting region graph...
Region graph number of edges: 1100
merging until threshold 0
computing initial scores
merging until 0
min edge score 0.00195312
threshold exceeded
merged 0 edges
merging until threshold 1
merging until 1
min edge score 0.00195312
merged 234 edges
extracting segmentation
Num nodes in merge tree: 471
max_level: 60
Finished allocating db
Re-using already compiled waterz version
Preparing segmentation volume...
counting regions and sizes...
creating region graph for 50 nodes
creating statistics provider
extracting region graph...
Region graph number of edges: 185
merging until threshold 0
computing initial scores
merging until 0
min edge score 0.00195312
threshold exceeded
merged 0 edges
merging until threshold 1
merging until 1
min edge score 0.00195312
merged 48 edges
extracting segmentation
Num nodes in merge tree: 99
max_level: 18
Finished allocating db
Re-using already compiled waterz version
Preparing segmentation volume...
counting regions and sizes...
creating region graph for 175 nodes
creating statistics provider
extracting region graph...
Region graph number of edges: 801
merging until threshold 0
computing initial scores
merging until 0
min edge score 0.00195312
threshold exceeded
merged 0 edges
merging until threshold 1
merging until 1
min edge score 0.00195312
merged 173 edges
extracting segmentation
Num nodes in merge tree: 349
max_level: 29
Finished allocating db
Re-using already compiled waterz version
Preparing segmentation volume...
counting regions and sizes...
creating region graph for 312 nodes
creating statistics provider
extracting region graph...
Region graph number of edges: 1434
merging until threshold 0
computing initial scores
merging until 0
min edge score 0.00195312
threshold exceeded
merged 0 edges
merging until threshold 1
merging until 1
min edge score 0.00195312
merged 310 edges
extracting segmentation
Num nodes in merge tree: 623
max_level: 37
Finished allocating db
Re-using already compiled waterz version
Preparing segmentation volume...
counting regions and sizes...
creating region graph for 261 nodes
creating statistics provider
extracting region graph...
Region graph number of edges: 1185
merging until threshold 0
computing initial scores
merging until 0
min edge score 0.00195312
threshold exceeded
merged 0 edges
merging until threshold 1
merging until 1
min edge score 0.00195312
merged 259 edges
extracting segmentation
Num nodes in merge tree: 521
max_level: 32
Finished allocating db
Re-using already compiled waterz version
Preparing segmentation volume...
counting regions and sizes...
creating region graph for 276 nodes
creating statistics provider
extracting region graph...
Region graph number of edges: 1286
merging until threshold 0
computing initial scores
merging until 0
min edge score 0.00195312
threshold exceeded
merged 0 edges
merging until threshold 1
merging until 1
min edge score 0.00195312
merged 274 edges
extracting segmentation
Num nodes in merge tree: 551
max_level: 38
Finished allocating db
Re-using already compiled waterz version
Preparing segmentation volume...
counting regions and sizes...
creating region graph for 300 nodes
creating statistics provider
extracting region graph...
Region graph number of edges: 1265
merging until threshold 0
computing initial scores
merging until 0
min edge score 0.00195312
threshold exceeded
merged 0 edges
merging until threshold 1
merging until 1
min edge score 0.00195312
merged 298 edges
extracting segmentation
Num nodes in merge tree: 599
max_level: 37
Finished allocating db
Re-using already compiled waterz version
Preparing segmentation volume...
counting regions and sizes...
creating region graph for 484 nodes
creating statistics provider
extracting region graph...
Region graph number of edges: 2257
merging until threshold 0
computing initial scores
merging until 0
min edge score 0.00195312
threshold exceeded
merged 0 edges
merging until threshold 1
merging until 1
min edge score 0.00195312
merged 482 edges
extracting segmentation
Num nodes in merge tree: 967
max_level: 96
Finished allocating db
Re-using already compiled waterz version
Preparing segmentation volume...
counting regions and sizes...
creating region graph for 459 nodes
creating statistics provider
extracting region graph...
Region graph number of edges: 2173
merging until threshold 0
computing initial scores
merging until 0
min edge score 0.00195312
threshold exceeded
merged 0 edges
merging until threshold 1
merging until 1
min edge score 0.00195312
merged 457 edges
extracting segmentation
Num nodes in merge tree: 917
max_level: 60
Finished allocating db
Re-using already compiled waterz version
Preparing segmentation volume...
counting regions and sizes...
creating region graph for 83 nodes
creating statistics provider
extracting region graph...
Region graph number of edges: 295
merging until threshold 0
computing initial scores
merging until 0
min edge score 0.00195312
threshold exceeded
merged 0 edges
merging until threshold 1
merging until 1
min edge score 0.00195312
merged 81 edges
extracting segmentation
Num nodes in merge tree: 165
max_level: 18
Finished allocating db
Re-using already compiled waterz version
Preparing segmentation volume...
counting regions and sizes...
creating region graph for 216 nodes
creating statistics provider
extracting region graph...
Region graph number of edges: 987
merging until threshold 0
computing initial scores
merging until 0
min edge score 0.00195312
threshold exceeded
merged 0 edges
merging until threshold 1
merging until 1
min edge score 0.00195312
merged 214 edges
extracting segmentation
Num nodes in merge tree: 431
max_level: 45
Finished allocating db
Re-using already compiled waterz version
Preparing segmentation volume...
counting regions and sizes...
creating region graph for 360 nodes
creating statistics provider
extracting region graph...
Region graph number of edges: 1675
merging until threshold 0
computing initial scores
merging until 0
min edge score 0.00195312
threshold exceeded
merged 0 edges
merging until threshold 1
merging until 1
min edge score 0.00195312
merged 358 edges
extracting segmentation
Num nodes in merge tree: 719
max_level: 52
Finished allocating db
Re-using already compiled waterz version
Preparing segmentation volume...
counting regions and sizes...
creating region graph for 473 nodes
creating statistics provider
extracting region graph...
Region graph number of edges: 2370
merging until threshold 0
computing initial scores
merging until 0
min edge score 0.00195312
threshold exceeded
merged 0 edges
merging until threshold 1
merging until 1
min edge score 0.00195312
merged 471 edges
extracting segmentation
Num nodes in merge tree: 945
max_level: 61
Finished allocating db
Re-using already compiled waterz version
Preparing segmentation volume...
counting regions and sizes...
creating region graph for 485 nodes
creating statistics provider
extracting region graph...
Region graph number of edges: 2381
merging until threshold 0
computing initial scores
merging until 0
min edge score 0.00195312
threshold exceeded
merged 0 edges
merging until threshold 1
merging until 1
min edge score 0.00195312
merged 483 edges
extracting segmentation
Num nodes in merge tree: 969
max_level: 62
Finished allocating db
Re-using already compiled waterz version
Preparing segmentation volume...
counting regions and sizes...
creating region graph for 594 nodes
creating statistics provider
extracting region graph...
Region graph number of edges: 2961
merging until threshold 0
computing initial scores
merging until 0
min edge score 0.00195312
threshold exceeded
merged 0 edges
merging until threshold 1
merging until 1
min edge score 0.00195312
merged 592 edges
extracting segmentation
Num nodes in merge tree: 1187
max_level: 67
Finished allocating db
Re-using already compiled waterz version
Preparing segmentation volume...
counting regions and sizes...
creating region graph for 422 nodes
creating statistics provider
extracting region graph...
Region graph number of edges: 1978
merging until threshold 0
computing initial scores
merging until 0
min edge score 0.00195312
threshold exceeded
merged 0 edges
merging until threshold 1
merging until 1
min edge score 0.00195312
merged 420 edges
extracting segmentation
Num nodes in merge tree: 843
max_level: 41
Finished allocating db
Re-using already compiled waterz version
Preparing segmentation volume...
counting regions and sizes...
creating region graph for 343 nodes
creating statistics provider
extracting region graph...
Region graph number of edges: 1565
merging until threshold 0
computing initial scores
merging until 0
min edge score 0.00195312
threshold exceeded
merged 0 edges
merging until threshold 1
merging until 1
min edge score 0.00195312
merged 341 edges
extracting segmentation
Num nodes in merge tree: 685
max_level: 43
Finished allocating db
Re-using already compiled waterz version
Preparing segmentation volume...
counting regions and sizes...
creating region graph for 62 nodes
creating statistics provider
extracting region graph...
Region graph number of edges: 205
merging until threshold 0
computing initial scores
merging until 0
min edge score 0.00195312
threshold exceeded
merged 0 edges
merging until threshold 1
merging until 1
min edge score 0.00195312
merged 60 edges
extracting segmentation
Num nodes in merge tree: 123
max_level: 15
Finished allocating db
Re-using already compiled waterz version
Preparing segmentation volume...
counting regions and sizes...
creating region graph for 128 nodes
creating statistics provider
extracting region graph...
Region graph number of edges: 573
merging until threshold 0
computing initial scores
merging until 0
min edge score 0.00195312
threshold exceeded
merged 0 edges
merging until threshold 1
merging until 1
min edge score 0.00195312
merged 126 edges
extracting segmentation
Num nodes in merge tree: 255
max_level: 26
Finished allocating db
Re-using already compiled waterz version
Preparing segmentation volume...
counting regions and sizes...
creating region graph for 409 nodes
creating statistics provider
extracting region graph...
Region graph number of edges: 1903
merging until threshold 0
computing initial scores
merging until 0
min edge score 0.00195312
threshold exceeded
merged 0 edges
merging until threshold 1
merging until 1
min edge score 0.00195312
merged 407 edges
extracting segmentation
Num nodes in merge tree: 817
max_level: 84
Finished allocating db
Re-using already compiled waterz version
Preparing segmentation volume...
counting regions and sizes...
creating region graph for 540 nodes
creating statistics provider
extracting region graph...
Region graph number of edges: 2555
merging until threshold 0
computing initial scores
merging until 0
min edge score 0.00195312
threshold exceeded
merged 0 edges
merging until threshold 1
merging until 1
min edge score 0.00195312
merged 538 edges
extracting segmentation
Num nodes in merge tree: 1079
max_level: 60
Finished allocating db
Re-using already compiled waterz version
Preparing segmentation volume...
counting regions and sizes...
creating region graph for 439 nodes
creating statistics provider
extracting region graph...
Region graph number of edges: 2060
merging until threshold 0
computing initial scores
merging until 0
min edge score 0.00195312
threshold exceeded
merged 0 edges
merging until threshold 1
merging until 1
min edge score 0.00195312
merged 437 edges
extracting segmentation
Num nodes in merge tree: 877
max_level: 52
Finished allocating db
Re-using already compiled waterz version
Preparing segmentation volume...
counting regions and sizes...
creating region graph for 472 nodes
creating statistics provider
extracting region graph...
Region graph number of edges: 2267
merging until threshold 0
computing initial scores
merging until 0
min edge score 0.00195312
threshold exceeded
merged 0 edges
merging until threshold 1
merging until 1
min edge score 0.00195312
merged 470 edges
extracting segmentation
Num nodes in merge tree: 943
max_level: 69
Finished allocating db
Re-using already compiled waterz version
Preparing segmentation volume...
counting regions and sizes...
creating region graph for 589 nodes
creating statistics provider
extracting region graph...
Region graph number of edges: 2905
merging until threshold 0
computing initial scores
merging until 0
min edge score 0.00195312
threshold exceeded
merged 0 edges
merging until threshold 1
merging until 1
min edge score 0.00195312
merged 587 edges
extracting segmentation
Num nodes in merge tree: 1177
max_level: 58
Finished allocating db
Re-using already compiled waterz version
Preparing segmentation volume...
counting regions and sizes...
creating region graph for 569 nodes
creating statistics provider
extracting region graph...
Region graph number of edges: 2783
merging until threshold 0
computing initial scores
merging until 0
min edge score 0.00195312
threshold exceeded
merged 0 edges
merging until threshold 1
merging until 1
min edge score 0.00195312
merged 567 edges
extracting segmentation
Num nodes in merge tree: 1137
max_level: 56
Finished allocating db
Re-using already compiled waterz version
Preparing segmentation volume...
counting regions and sizes...
creating region graph for 133 nodes
creating statistics provider
extracting region graph...
Region graph number of edges: 529
merging until threshold 0
computing initial scores
merging until 0
min edge score 0.00195312
threshold exceeded
merged 0 edges
merging until threshold 1
merging until 1
min edge score 0.00195312
merged 131 edges
extracting segmentation
Num nodes in merge tree: 265
max_level: 32
Finished allocating db
Re-using already compiled waterz version
Preparing segmentation volume...
counting regions and sizes...
creating region graph for 62 nodes
creating statistics provider
extracting region graph...
Region graph number of edges: 226
merging until threshold 0
computing initial scores
merging until 0
min edge score 0.00195312
threshold exceeded
merged 0 edges
merging until threshold 1
merging until 1
min edge score 0.00195312
merged 60 edges
extracting segmentation
Num nodes in merge tree: 123
max_level: 14
Finished allocating db
Re-using already compiled waterz version
Preparing segmentation volume...
counting regions and sizes...
creating region graph for 381 nodes
creating statistics provider
extracting region graph...
Region graph number of edges: 1756
merging until threshold 0
computing initial scores
merging until 0
min edge score 0.00195312
threshold exceeded
merged 0 edges
merging until threshold 1
merging until 1
min edge score 0.00195312
merged 379 edges
extracting segmentation
Num nodes in merge tree: 761
max_level: 67
Finished allocating db
Re-using already compiled waterz version
Preparing segmentation volume...
counting regions and sizes...
creating region graph for 476 nodes
creating statistics provider
extracting region graph...
Region graph number of edges: 2277
merging until threshold 0
computing initial scores
merging until 0
min edge score 0.00195312
threshold exceeded
merged 0 edges
merging until threshold 1
merging until 1
min edge score 0.00195312
merged 474 edges
extracting segmentation
Num nodes in merge tree: 951
max_level: 75
Finished allocating db
Re-using already compiled waterz version
Preparing segmentation volume...
counting regions and sizes...
creating region graph for 306 nodes
creating statistics provider
extracting region graph...
Region graph number of edges: 1418
merging until threshold 0
computing initial scores
merging until 0
min edge score 0.00195312
threshold exceeded
merged 0 edges
merging until threshold 1
merging until 1
min edge score 0.00195312
merged 304 edges
extracting segmentation
Num nodes in merge tree: 611
max_level: 51
Finished allocating db
Re-using already compiled waterz version
Preparing segmentation volume...
counting regions and sizes...
creating region graph for 202 nodes
creating statistics provider
extracting region graph...
Region graph number of edges: 845
merging until threshold 0
computing initial scores
merging until 0
min edge score 0.00195312
threshold exceeded
merged 0 edges
merging until threshold 1
merging until 1
min edge score 0.00195312
merged 200 edges
extracting segmentation
Num nodes in merge tree: 403
max_level: 38
Finished allocating db
Re-using already compiled waterz version
Preparing segmentation volume...
counting regions and sizes...
creating region graph for 338 nodes
creating statistics provider
extracting region graph...
Region graph number of edges: 1606
merging until threshold 0
computing initial scores
merging until 0
min edge score 0.00195312
threshold exceeded
merged 0 edges
merging until threshold 1
merging until 1
min edge score 0.00195312
merged 336 edges
extracting segmentation
Num nodes in merge tree: 675
max_level: 40
Finished allocating db
Re-using already compiled waterz version
Preparing segmentation volume...
counting regions and sizes...
creating region graph for 405 nodes
creating statistics provider
extracting region graph...
Region graph number of edges: 1970
merging until threshold 0
computing initial scores
merging until 0
min edge score 0.00195312
threshold exceeded
merged 0 edges
merging until threshold 1
merging until 1
min edge score 0.00195312
merged 403 edges
extracting segmentation
Num nodes in merge tree: 809
max_level: 54
Finished allocating db
Re-using already compiled waterz version
Preparing segmentation volume...
counting regions and sizes...
creating region graph for 98 nodes
creating statistics provider
extracting region graph...
Region graph number of edges: 395
merging until threshold 0
computing initial scores
merging until 0
min edge score 0.00195312
threshold exceeded
merged 0 edges
merging until threshold 1
merging until 1
min edge score 0.00195312
merged 96 edges
extracting segmentation
Num nodes in merge tree: 195
max_level: 26
Finished allocating db
Re-using already compiled waterz version
Preparing segmentation volume...
counting regions and sizes...
creating region graph for 117 nodes
creating statistics provider
extracting region graph...
Region graph number of edges: 501
merging until threshold 0
computing initial scores
merging until 0
min edge score 0.00195312
threshold exceeded
merged 0 edges
merging until threshold 1
merging until 1
min edge score 0.00195312
merged 115 edges
extracting segmentation
Num nodes in merge tree: 233
max_level: 20
Finished allocating db
Re-using already compiled waterz version
Preparing segmentation volume...
counting regions and sizes...
creating region graph for 259 nodes
creating statistics provider
extracting region graph...
Region graph number of edges: 1137
merging until threshold 0
computing initial scores
merging until 0
min edge score 0.00195312
threshold exceeded
merged 0 edges
merging until threshold 1
merging until 1
min edge score 0.00195312
merged 257 edges
extracting segmentation
Num nodes in merge tree: 517
max_level: 42
Finished allocating db
Re-using already compiled waterz version
Preparing segmentation volume...
counting regions and sizes...
creating region graph for 458 nodes
creating statistics provider
extracting region graph...
Region graph number of edges: 2221
merging until threshold 0
computing initial scores
merging until 0
min edge score 0.00195312
threshold exceeded
merged 0 edges
merging until threshold 1
merging until 1
min edge score 0.00195312
merged 456 edges
extracting segmentation
Num nodes in merge tree: 915
max_level: 92
Finished allocating db
Re-using already compiled waterz version
Preparing segmentation volume...
counting regions and sizes...
creating region graph for 305 nodes
creating statistics provider
extracting region graph...
Region graph number of edges: 1368
merging until threshold 0
computing initial scores
merging until 0
min edge score 0.00195312
threshold exceeded
merged 0 edges
merging until threshold 1
merging until 1
min edge score 0.00195312
merged 303 edges
extracting segmentation
Num nodes in merge tree: 609
max_level: 40
Finished allocating db
Re-using already compiled waterz version
Preparing segmentation volume...
counting regions and sizes...
creating region graph for 220 nodes
creating statistics provider
extracting region graph...
Region graph number of edges: 986
merging until threshold 0
computing initial scores
merging until 0
min edge score 0.00195312
threshold exceeded
merged 0 edges
merging until threshold 1
merging until 1
min edge score 0.00195312
merged 218 edges
extracting segmentation
Num nodes in merge tree: 439
max_level: 32
Finished allocating db
Re-using already compiled waterz version
Preparing segmentation volume...
counting regions and sizes...
creating region graph for 265 nodes
creating statistics provider
extracting region graph...
Region graph number of edges: 1201
merging until threshold 0
computing initial scores
merging until 0
min edge score 0.00195312
threshold exceeded
merged 0 edges
merging until threshold 1
merging until 1
min edge score 0.00195312
merged 263 edges
extracting segmentation
Num nodes in merge tree: 529
max_level: 34
Finished allocating db
Re-using already compiled waterz version
Preparing segmentation volume...
counting regions and sizes...
creating region graph for 343 nodes
creating statistics provider
extracting region graph...
Region graph number of edges: 1641
merging until threshold 0
computing initial scores
merging until 0
min edge score 0.00195312
threshold exceeded
merged 0 edges
merging until threshold 1
merging until 1
min edge score 0.00195312
merged 341 edges
extracting segmentation
Num nodes in merge tree: 685
max_level: 43
Finished allocating db
Re-using already compiled waterz version
Preparing segmentation volume...
counting regions and sizes...
creating region graph for 74 nodes
creating statistics provider
extracting region graph...
Region graph number of edges: 277
merging until threshold 0
computing initial scores
merging until 0
min edge score 0.00195312
threshold exceeded
merged 0 edges
merging until threshold 1
merging until 1
min edge score 0.00195312
merged 72 edges
extracting segmentation
Num nodes in merge tree: 147
max_level: 22
Finished allocating db
Re-using already compiled waterz version
Preparing segmentation volume...
counting regions and sizes...
creating region graph for 117 nodes
creating statistics provider
extracting region graph...
Region graph number of edges: 487
merging until threshold 0
computing initial scores
merging until 0
min edge score 0.00195312
threshold exceeded
merged 0 edges
merging until threshold 1
merging until 1
min edge score 0.00195312
merged 115 edges
extracting segmentation
Num nodes in merge tree: 233
max_level: 24
Finished allocating db
Re-using already compiled waterz version
Preparing segmentation volume...
counting regions and sizes...
creating region graph for 229 nodes
creating statistics provider
extracting region graph...
Region graph number of edges: 1039
merging until threshold 0
computing initial scores
merging until 0
min edge score 0.00195312
threshold exceeded
merged 0 edges
merging until threshold 1
merging until 1
min edge score 0.00195312
merged 227 edges
extracting segmentation
Num nodes in merge tree: 457
max_level: 39
Finished allocating db
Re-using already compiled waterz version
Preparing segmentation volume...
counting regions and sizes...
creating region graph for 223 nodes
creating statistics provider
extracting region graph...
Region graph number of edges: 996
merging until threshold 0
computing initial scores
merging until 0
min edge score 0.00195312
threshold exceeded
merged 0 edges
merging until threshold 1
merging until 1
min edge score 0.00195312
merged 221 edges
extracting segmentation
Num nodes in merge tree: 445
max_level: 44
Finished allocating db
Re-using already compiled waterz version
Preparing segmentation volume...
counting regions and sizes...
creating region graph for 462 nodes
creating statistics provider
extracting region graph...
Region graph number of edges: 2338
merging until threshold 0
computing initial scores
merging until 0
min edge score 0.00195312
threshold exceeded
merged 0 edges
merging until threshold 1
merging until 1
min edge score 0.00195312
merged 460 edges
extracting segmentation
Num nodes in merge tree: 923
max_level: 61
Finished allocating db
Re-using already compiled waterz version
Preparing segmentation volume...
counting regions and sizes...
creating region graph for 390 nodes
creating statistics provider
extracting region graph...
Region graph number of edges: 1868
merging until threshold 0
computing initial scores
merging until 0
min edge score 0.00195312
threshold exceeded
merged 0 edges
merging until threshold 1
merging until 1
min edge score 0.00195312
merged 388 edges
extracting segmentation
Num nodes in merge tree: 779
max_level: 44
Finished allocating db
Re-using already compiled waterz version
Preparing segmentation volume...
counting regions and sizes...
creating region graph for 354 nodes
creating statistics provider
extracting region graph...
Region graph number of edges: 1648
merging until threshold 0
computing initial scores
merging until 0
min edge score 0.00195312
threshold exceeded
merged 0 edges
merging until threshold 1
merging until 1
min edge score 0.00195312
merged 352 edges
extracting segmentation
Num nodes in merge tree: 707
max_level: 72
Finished allocating db
Re-using already compiled waterz version
Preparing segmentation volume...
counting regions and sizes...
creating region graph for 369 nodes
creating statistics provider
extracting region graph...
Region graph number of edges: 1809
merging until threshold 0
computing initial scores
merging until 0
min edge score 0.00195312
threshold exceeded
merged 0 edges
merging until threshold 1
merging until 1
min edge score 0.00195312
merged 367 edges
extracting segmentation
Num nodes in merge tree: 737
max_level: 44
Finished allocating db
Re-using already compiled waterz version
Preparing segmentation volume...
counting regions and sizes...
creating region graph for 61 nodes
creating statistics provider
extracting region graph...
Region graph number of edges: 205
merging until threshold 0
computing initial scores
merging until 0
min edge score 0.00195312
threshold exceeded
merged 0 edges
merging until threshold 1
merging until 1
min edge score 0.00195312
merged 59 edges
extracting segmentation
Num nodes in merge tree: 121
max_level: 19
Finished allocating db
Re-using already compiled waterz version
Preparing segmentation volume...
counting regions and sizes...
creating region graph for 40 nodes
creating statistics provider
extracting region graph...
Region graph number of edges: 122
merging until threshold 0
computing initial scores
merging until 0
min edge score 0.00195312
threshold exceeded
merged 0 edges
merging until threshold 1
merging until 1
min edge score 0.00195312
merged 38 edges
extracting segmentation
Num nodes in merge tree: 79
max_level: 10
Finished allocating db
Re-using already compiled waterz version
Preparing segmentation volume...
counting regions and sizes...
creating region graph for 115 nodes
creating statistics provider
extracting region graph...
Region graph number of edges: 483
merging until threshold 0
computing initial scores
merging until 0
min edge score 0.00195312
threshold exceeded
merged 0 edges
merging until threshold 1
merging until 1
min edge score 0.00195312
merged 113 edges
extracting segmentation
Num nodes in merge tree: 229
max_level: 32
Finished allocating db
Re-using already compiled waterz version
Preparing segmentation volume...
counting regions and sizes...
creating region graph for 69 nodes
creating statistics provider
extracting region graph...
Region graph number of edges: 272
merging until threshold 0
computing initial scores
merging until 0
min edge score 0.00195312
threshold exceeded
merged 0 edges
merging until threshold 1
merging until 1
min edge score 0.00195312
merged 67 edges
extracting segmentation
Num nodes in merge tree: 137
max_level: 31
Finished allocating db
Re-using already compiled waterz version
Preparing segmentation volume...
counting regions and sizes...
creating region graph for 78 nodes
creating statistics provider
extracting region graph...
Region graph number of edges: 270
merging until threshold 0
computing initial scores
merging until 0
min edge score 0.00195312
threshold exceeded
merged 0 edges
merging until threshold 1
merging until 1
min edge score 0.00195312
merged 76 edges
extracting segmentation
Num nodes in merge tree: 155
max_level: 35
Finished allocating db
Re-using already compiled waterz version
Preparing segmentation volume...
counting regions and sizes...
creating region graph for 161 nodes
creating statistics provider
extracting region graph...
Region graph number of edges: 704
merging until threshold 0
computing initial scores
merging until 0
min edge score 0.00195312
threshold exceeded
merged 0 edges
merging until threshold 1
merging until 1
min edge score 0.00195312
merged 159 edges
extracting segmentation
Num nodes in merge tree: 321
max_level: 30
Finished allocating db
Re-using already compiled waterz version
Preparing segmentation volume...
counting regions and sizes...
creating region graph for 197 nodes
creating statistics provider
extracting region graph...
Region graph number of edges: 848
merging until threshold 0
computing initial scores
merging until 0
min edge score 0.00195312
threshold exceeded
merged 0 edges
merging until threshold 1
merging until 1
min edge score 0.00195312
merged 195 edges
extracting segmentation
Num nodes in merge tree: 393
max_level: 61
Finished allocating db
Re-using already compiled waterz version
Preparing segmentation volume...
counting regions and sizes...
creating region graph for 78 nodes
creating statistics provider
extracting region graph...
Region graph number of edges: 275
merging until threshold 0
computing initial scores
merging until 0
min edge score 0.00195312
threshold exceeded
merged 0 edges
merging until threshold 1
merging until 1
min edge score 0.00195312
merged 76 edges
extracting segmentation
Num nodes in merge tree: 155
max_level: 29
Finished allocating db
Re-using already compiled waterz version
Preparing segmentation volume...
counting regions and sizes...
creating region graph for 19 nodes
creating statistics provider
extracting region graph...
Region graph number of edges: 39
merging until threshold 0
computing initial scores
merging until 0
min edge score 0.00195312
threshold exceeded
merged 0 edges
merging until threshold 1
merging until 1
min edge score 0.00195312
merged 17 edges
extracting segmentation
Num nodes in merge tree: 37
max_level: 8
Finished allocating db
